group,k,kmer,count,frequency
real_9000,3,AAA,60041,0.04222292545710267
real_9000,3,AAC,24798,0.017438818565400842
real_9000,3,AAG,28124,0.019777777777777776
real_9000,3,AAT,39115,0.0275070323488045
real_9000,3,ACA,21302,0.014980309423347398
real_9000,3,ACC,15571,0.010950070323488045
real_9000,3,ACG,12480,0.008776371308016877
real_9000,3,ACT,19036,0.013386779184247539
real_9000,3,AGA,31064,0.021845288326300984
real_9000,3,AGC,14531,0.010218706047819971
real_9000,3,AGG,11848,0.008331926863572434
real_9000,3,AGT,17721,0.012462025316455697
real_9000,3,ATA,24592,0.01729395218002813
real_9000,3,ATC,29773,0.020937412095639943
real_9000,3,ATG,19643,0.013813642756680731
real_9000,3,ATT,40944,0.02879324894514768
real_9000,3,CAA,31058,0.021841068917018282
real_9000,3,CAC,15955,0.011220112517580871
real_9000,3,CAG,12889,0.009063994374120957
real_9000,3,CAT,21171,0.01488818565400844
real_9000,3,CCA,18972,0.013341772151898735
real_9000,3,CCC,10017,0.007044303797468354
real_9000,3,CCG,12722,0.008946554149085795
real_9000,3,CCT,17004,0.011957805907172997
real_9000,3,CGA,17699,0.012446554149085794
real_9000,3,CGC,8614,0.006057665260196906
real_9000,3,CGG,10852,0.007631504922644163
real_9000,3,CGT,14658,0.010308016877637131
real_9000,3,CTA,16807,0.011819268635724332
real_9000,3,CTC,31818,0.02237552742616034
real_9000,3,CTG,14820,0.010421940928270042
real_9000,3,CTT,37409,0.02630731364275668
real_9000,3,GAA,31226,0.021959212376933896
real_9000,3,GAC,12568,0.008838255977496485
real_9000,3,GAG,19302,0.013573839662447258
real_9000,3,GAT,27979,0.019675808720112518
real_9000,3,GCA,10206,0.007177215189873418
real_9000,3,GCC,9966,0.007008438818565401
real_9000,3,GCG,7498,0.005272855133614627
real_9000,3,GCT,16480,0.01158931082981716
real_9000,3,GGA,16829,0.011834739803094234
real_9000,3,GGC,9721,0.006836146272855134
real_9000,3,GGG,8413,0.005916315049226442
real_9000,3,GGT,14648,0.01030098452883263
real_9000,3,GTA,13378,0.009407876230661041
real_9000,3,GTC,15101,0.010619549929676512
real_9000,3,GTG,14288,0.010047819971870604
real_9000,3,GTT,28786,0.020243319268635724
real_9000,3,TAA,29592,0.02081012658227848
real_9000,3,TAC,14998,0.010547116736990155
real_9000,3,TAG,14868,0.010455696202531646
real_9000,3,TAT,26701,0.01877707454289733
real_9000,3,TCA,30521,0.021463431786216597
real_9000,3,TCC,23168,0.01629254571026723
real_9000,3,TCG,19175,0.013484528832630098
real_9000,3,TCT,48287,0.033957102672292544
real_9000,3,TGA,25518,0.017945147679324893
real_9000,3,TGC,11276,0.007929676511954992
real_9000,3,TGG,18586,0.013070323488045007
real_9000,3,TGT,24621,0.017314345991561182
real_9000,3,TTA,31336,0.022036568213783404
real_9000,3,TTC,44405,0.03122714486638537
real_9000,3,TTG,31329,0.022031645569620253
real_9000,3,TTT,68182,0.047947960618846694
Ara_directory_epoch2000,3,AAA,64453,0.04532559774964838
Ara_directory_epoch2000,3,AAC,28376,0.019954992967651197
Ara_directory_epoch2000,3,AAG,30467,0.021425457102672293
Ara_directory_epoch2000,3,AAT,37609,0.026447960618846696
Ara_directory_epoch2000,3,ACA,24403,0.017161040787623066
Ara_directory_epoch2000,3,ACC,19420,0.013656821378340366
Ara_directory_epoch2000,3,ACG,14757,0.010377637130801688
Ara_directory_epoch2000,3,ACT,20483,0.01440436005625879
Ara_directory_epoch2000,3,AGA,31863,0.02240717299578059
Ara_directory_epoch2000,3,AGC,16578,0.011658227848101266
Ara_directory_epoch2000,3,AGG,13564,0.009538677918424754
Ara_directory_epoch2000,3,AGT,16398,0.011531645569620254
Ara_directory_epoch2000,3,ATA,25598,0.0180014064697609
Ara_directory_epoch2000,3,ATC,31689,0.022284810126582278
Ara_directory_epoch2000,3,ATG,20063,0.01410900140646976
Ara_directory_epoch2000,3,ATT,33367,0.023464838255977498
Ara_directory_epoch2000,3,CAA,34070,0.023959212376933894
Ara_directory_epoch2000,3,CAC,19245,0.013533755274261603
Ara_directory_epoch2000,3,CAG,14493,0.01019198312236287
Ara_directory_epoch2000,3,CAT,23181,0.01630168776371308
Ara_directory_epoch2000,3,CCA,23231,0.016336849507735583
Ara_directory_epoch2000,3,CCC,13563,0.009537974683544304
Ara_directory_epoch2000,3,CCG,15714,0.011050632911392405
Ara_directory_epoch2000,3,CCT,20295,0.014272151898734178
Ara_directory_epoch2000,3,CGA,19725,0.013871308016877637
Ara_directory_epoch2000,3,CGC,11389,0.00800914205344585
Ara_directory_epoch2000,3,CGG,12605,0.008864275668073136
Ara_directory_epoch2000,3,CGT,15005,0.010552039381153306
Ara_directory_epoch2000,3,CTA,18586,0.013070323488045007
Ara_directory_epoch2000,3,CTC,33882,0.02382700421940928
Ara_directory_epoch2000,3,CTG,15113,0.010627988748241913
Ara_directory_epoch2000,3,CTT,33315,0.023428270042194093
Ara_directory_epoch2000,3,GAA,32517,0.022867088607594937
Ara_directory_epoch2000,3,GAC,15052,0.01058509142053446
Ara_directory_epoch2000,3,GAG,19587,0.013774261603375528
Ara_directory_epoch2000,3,GAT,25376,0.017845288326300984
Ara_directory_epoch2000,3,GCA,12511,0.00879817158931083
Ara_directory_epoch2000,3,GCC,12544,0.008821378340365681
Ara_directory_epoch2000,3,GCG,8995,0.006325597749648383
Ara_directory_epoch2000,3,GCT,17218,0.01210829817158931
Ara_directory_epoch2000,3,GGA,18328,0.012888888888888889
Ara_directory_epoch2000,3,GGC,11307,0.007951476793248945
Ara_directory_epoch2000,3,GGG,7812,0.00549367088607595
Ara_directory_epoch2000,3,GGT,13570,0.009542897327707455
Ara_directory_epoch2000,3,GTA,12843,0.009031645569620253
Ara_directory_epoch2000,3,GTC,16207,0.01139732770745429
Ara_directory_epoch2000,3,GTG,12663,0.00890506329113924
Ara_directory_epoch2000,3,GTT,22026,0.015489451476793249
Ara_directory_epoch2000,3,TAA,29673,0.020867088607594935
Ara_directory_epoch2000,3,TAC,16306,0.011466947960618847
Ara_directory_epoch2000,3,TAG,13835,0.009729254571026722
Ara_directory_epoch2000,3,TAT,24497,0.017227144866385373
Ara_directory_epoch2000,3,TCA,30873,0.02171097046413502
Ara_directory_epoch2000,3,TCC,27335,0.019222925457102674
Ara_directory_epoch2000,3,TCG,19334,0.01359634317862166
Ara_directory_epoch2000,3,TCT,42995,0.030235583684950773
Ara_directory_epoch2000,3,TGA,22629,0.01591350210970464
Ara_directory_epoch2000,3,TGC,12024,0.008455696202531646
Ara_directory_epoch2000,3,TGG,17067,0.01200210970464135
Ara_directory_epoch2000,3,TGT,18873,0.013272151898734177
Ara_directory_epoch2000,3,TTA,27229,0.019148382559774964
Ara_directory_epoch2000,3,TTC,38677,0.02719901547116737
Ara_directory_epoch2000,3,TTG,22831,0.016055555555555556
Ara_directory_epoch2000,3,TTT,46766,0.03288748241912799
Maize_directory_epoch2000,3,AAA,37617,0.026453586497890296
Maize_directory_epoch2000,3,AAC,18556,0.013049226441631505
Maize_directory_epoch2000,3,AAG,20435,0.014370604781997188
Maize_directory_epoch2000,3,AAT,35030,0.024634317862165963
Maize_directory_epoch2000,3,ACA,14965,0.010523909985935302
Maize_directory_epoch2000,3,ACC,13581,0.009550632911392406
Maize_directory_epoch2000,3,ACG,10651,0.007490154711673699
Maize_directory_epoch2000,3,ACT,18118,0.012741209563994374
Maize_directory_epoch2000,3,AGA,23540,0.016554149085794657
Maize_directory_epoch2000,3,AGC,11475,0.008069620253164557
Maize_directory_epoch2000,3,AGG,9737,0.006847398030942335
Maize_directory_epoch2000,3,AGT,17057,0.01199507735583685
Maize_directory_epoch2000,3,ATA,20399,0.014345288326300984
Maize_directory_epoch2000,3,ATC,30244,0.021268635724331925
Maize_directory_epoch2000,3,ATG,19541,0.013741912798874824
Maize_directory_epoch2000,3,ATT,48085,0.03381504922644163
Maize_directory_epoch2000,3,CAA,23906,0.01681153305203938
Maize_directory_epoch2000,3,CAC,13349,0.009387482419127988
Maize_directory_epoch2000,3,CAG,10723,0.007540787623066104
Maize_directory_epoch2000,3,CAT,20029,0.014085091420534459
Maize_directory_epoch2000,3,CCA,16389,0.011525316455696202
Maize_directory_epoch2000,3,CCC,11190,0.007869198312236286
Maize_directory_epoch2000,3,CCG,13575,0.009546413502109705
Maize_directory_epoch2000,3,CCT,18810,0.013227848101265823
Maize_directory_epoch2000,3,CGA,18642,0.01310970464135021
Maize_directory_epoch2000,3,CGC,9841,0.006920534458509142
Maize_directory_epoch2000,3,CGG,10298,0.0072419127988748245
Maize_directory_epoch2000,3,CGT,15197,0.01068706047819972
Maize_directory_epoch2000,3,CTA,16767,0.01179113924050633
Maize_directory_epoch2000,3,CTC,33485,0.023547819971870606
Maize_directory_epoch2000,3,CTG,16943,0.011914908579465542
Maize_directory_epoch2000,3,CTT,41030,0.028853727144866385
Maize_directory_epoch2000,3,GAA,25117,0.017663150492264416
Maize_directory_epoch2000,3,GAC,11732,0.008250351617440225
Maize_directory_epoch2000,3,GAG,15866,0.011157524613220816
Maize_directory_epoch2000,3,GAT,32322,0.022729957805907173
Maize_directory_epoch2000,3,GCA,9070,0.006378340365682138
Maize_directory_epoch2000,3,GCC,9445,0.0066420534458509145
Maize_directory_epoch2000,3,GCG,7754,0.005452883263009845
Maize_directory_epoch2000,3,GCT,16358,0.01150351617440225
Maize_directory_epoch2000,3,GGA,15109,0.010625175808720112
Maize_directory_epoch2000,3,GGC,7926,0.005573839662447257
Maize_directory_epoch2000,3,GGG,6890,0.004845288326300984
Maize_directory_epoch2000,3,GGT,15595,0.010966947960618846
Maize_directory_epoch2000,3,GTA,12604,0.008863572433192687
Maize_directory_epoch2000,3,GTC,15757,0.011080872011251758
Maize_directory_epoch2000,3,GTG,14382,0.010113924050632911
Maize_directory_epoch2000,3,GTT,36698,0.02580731364275668
Maize_directory_epoch2000,3,TAA,24919,0.017523909985935303
Maize_directory_epoch2000,3,TAC,13593,0.009559071729957807
Maize_directory_epoch2000,3,TAG,14717,0.010349507735583685
Maize_directory_epoch2000,3,TAT,30869,0.02170815752461322
Maize_directory_epoch2000,3,TCA,27532,0.019361462728551337
Maize_directory_epoch2000,3,TCC,25727,0.01809212376933896
Maize_directory_epoch2000,3,TCG,21987,0.015462025316455696
Maize_directory_epoch2000,3,TCT,54789,0.038529535864978905
Maize_directory_epoch2000,3,TGA,27769,0.019528129395218002
Maize_directory_epoch2000,3,TGC,13413,0.009432489451476794
Maize_directory_epoch2000,3,TGG,18657,0.013120253164556962
Maize_directory_epoch2000,3,TGT,31601,0.022222925457102673
Maize_directory_epoch2000,3,TTA,34371,0.024170886075949367
Maize_directory_epoch2000,3,TTC,50576,0.035566807313642756
Maize_directory_epoch2000,3,TTG,40748,0.028655414908579466
Maize_directory_epoch2000,3,TTT,98902,0.06955133614627286
real_9000,4,AAAA,24652,0.017446567586694977
real_9000,4,AAAC,10535,0.007455767869780609
real_9000,4,AAAG,9981,0.007063694267515923
real_9000,4,AAAT,14558,0.010302901627742393
real_9000,4,AACA,8291,0.005867657466383581
real_9000,4,AACC,6135,0.004341825902335457
real_9000,4,AACG,4011,0.0028386411889596602
real_9000,4,AACT,6225,0.00440552016985138
real_9000,4,AAGA,11954,0.00846001415428167
real_9000,4,AAGC,5541,0.003921443736730361
real_9000,4,AAGG,4245,0.0030042462845010615
real_9000,4,AAGT,6221,0.004402689313517339
real_9000,4,AATA,8835,0.0062526539278131635
real_9000,4,AATC,10261,0.007261854210898797
real_9000,4,AATG,6013,0.004255484784147204
real_9000,4,AATT,13772,0.009746638358103327
real_9000,4,ACAA,8687,0.0061479122434536446
real_9000,4,ACAC,4270,0.003021939136588818
real_9000,4,ACAG,3276,0.002318471337579618
real_9000,4,ACAT,4948,0.0035017692852087755
real_9000,4,ACCA,5514,0.0039023354564755837
real_9000,4,ACCC,2999,0.0021224345364472754
real_9000,4,ACCG,3385,0.0023956121726822362
real_9000,4,ACCT,3578,0.002532200990799717
real_9000,4,ACGA,4643,0.0032859164897381457
real_9000,4,ACGC,2075,0.0014685067232837934
real_9000,4,ACGG,2563,0.001813871196036801
real_9000,4,ACGT,3119,0.002207360226468507
real_9000,4,ACTA,4075,0.002883934890304317
real_9000,4,ACTC,5271,0.00373036093418259
real_9000,4,ACTG,2829,0.002002123142250531
real_9000,4,ACTT,6730,0.004762915782024062
real_9000,4,AGAA,11655,0.008248407643312103
real_9000,4,AGAC,3527,0.0024961075725406937
real_9000,4,AGAG,7234,0.005119603680113234
real_9000,4,AGAT,8439,0.0059723991507431
real_9000,4,AGCA,3653,0.0025852795470629867
real_9000,4,AGCC,2939,0.0020799716914366596
real_9000,4,AGCG,1786,0.0012639773531493276
real_9000,4,AGCT,6065,0.004292285916489738
real_9000,4,AGGA,4703,0.0033283793347487615
real_9000,4,AGGC,2026,0.0014338287331917905
real_9000,4,AGGG,2179,0.0015421089879688605
real_9000,4,AGGT,2857,0.0020219391365888183
real_9000,4,AGTA,3871,0.0027395612172682235
real_9000,4,AGTC,3771,0.0026687898089171975
real_9000,4,AGTG,3208,0.0022703467799009202
real_9000,4,AGTT,6745,0.0047735314932767165
real_9000,4,ATAA,9121,0.006455060155697099
real_9000,4,ATAC,3565,0.0025230007077140836
real_9000,4,ATAG,3520,0.0024911535739561216
real_9000,4,ATAT,8244,0.005834394904458599
real_9000,4,ATCA,8464,0.005990092002830856
real_9000,4,ATCC,5414,0.0038315640481245577
real_9000,4,ATCG,5073,0.0035902335456475584
real_9000,4,ATCT,10629,0.0075222929936305735
real_9000,4,ATGA,6216,0.0043991507430997875
real_9000,4,ATGC,2565,0.0018152866242038216
real_9000,4,ATGG,5489,0.0038846426043878273
real_9000,4,ATGT,5258,0.003721160651096957
real_9000,4,ATTA,8702,0.006158527954706299
real_9000,4,ATTC,8928,0.006318471337579618
real_9000,4,ATTG,6966,0.004929936305732484
real_9000,4,ATTT,16084,0.011382873319179051
real_9000,4,CAAA,12370,0.00875442321302194
real_9000,4,CAAC,5509,0.0038987968860580324
real_9000,4,CAAG,5153,0.0036468506723283793
real_9000,4,CAAT,7834,0.005544232130219391
real_9000,4,CACA,4773,0.00337791932059448
real_9000,4,CACC,4033,0.002854210898796886
real_9000,4,CACG,2659,0.0018818117480537862
real_9000,4,CACT,4389,0.0031061571125265393
real_9000,4,CAGA,5467,0.0038690728945506014
real_9000,4,CAGC,2926,0.002070771408351026
real_9000,4,CAGG,1445,0.0010226468506723285
real_9000,4,CAGT,2953,0.0020898796886058032
real_9000,4,CATA,4152,0.002938428874734607
real_9000,4,CATC,6510,0.004607218683651805
real_9000,4,CATG,3755,0.002657466383581033
real_9000,4,CATT,6622,0.004686482661004954
real_9000,4,CCAA,7221,0.005110403397027601
real_9000,4,CCAC,4186,0.0029624911535739563
real_9000,4,CCAG,2475,0.0017515923566878981
real_9000,4,CCAT,4971,0.0035180467091295116
real_9000,4,CCCA,3792,0.002683651804670913
real_9000,4,CCCC,1544,0.0010927105449398443
real_9000,4,CCCG,1510,0.0010686482661004953
real_9000,4,CCCT,3102,0.0021953290870488323
real_9000,4,CCGA,3816,0.002700636942675159
real_9000,4,CCGC,2233,0.0015803255484784146
real_9000,4,CCGG,3136,0.002219391365888181
real_9000,4,CCGT,3454,0.0024444444444444444
real_9000,4,CCTA,3014,0.002133050247699929
real_9000,4,CCTC,5997,0.0042441613588110405
real_9000,4,CCTG,1861,0.0013170559094125972
real_9000,4,CCTT,6018,0.004259023354564756
real_9000,4,CGAA,5281,0.003737438075017693
real_9000,4,CGAC,3361,0.00237862703467799
real_9000,4,CGAG,3068,0.0021712668082094835
real_9000,4,CGAT,5899,0.004174805378627034
real_9000,4,CGCA,1770,0.0012526539278131634
real_9000,4,CGCC,2899,0.0020516631280962493
real_9000,4,CGCG,1289,0.0009122434536447276
real_9000,4,CGCT,2595,0.0018365180467091295
real_9000,4,CGGA,3736,0.002644019815994338
real_9000,4,CGGC,2691,0.0019044585987261146
real_9000,4,CGGG,1147,0.0008117480537862703
real_9000,4,CGGT,3197,0.002262561924982307
real_9000,4,CGTA,2580,0.0018259023354564757
real_9000,4,CGTC,4150,0.0029370134465675868
real_9000,4,CGTG,2841,0.002010615711252654
real_9000,4,CGTT,4997,0.0035364472753007786
real_9000,4,CTAA,5914,0.004185421089879689
real_9000,4,CTAC,3473,0.0024578910120311393
real_9000,4,CTAG,2782,0.0019688605803255487
real_9000,4,CTAT,4537,0.0032108987968860582
real_9000,4,CTCA,6683,0.00472965322009908
real_9000,4,CTCC,7036,0.004979476291578203
real_9000,4,CTCG,4039,0.0028584571832979476
real_9000,4,CTCT,13881,0.009823779193205946
real_9000,4,CTGA,4699,0.0033255484784147204
real_9000,4,CTGC,2712,0.0019193205944798301
real_9000,4,CTGG,2775,0.0019639065817409766
real_9000,4,CTGT,4525,0.003202406227883935
real_9000,4,CTTA,5757,0.004074309978768577
real_9000,4,CTTC,13881,0.009823779193205946
real_9000,4,CTTG,5335,0.003775654635527247
real_9000,4,CTTT,12196,0.008631280962491154
real_9000,4,GAAA,11329,0.008017692852087756
real_9000,4,GAAC,3989,0.0028230714791224343
real_9000,4,GAAG,8427,0.005963906581740976
real_9000,4,GAAT,7292,0.005160651096956829
real_9000,4,GACA,3532,0.002499646142958245
real_9000,4,GACC,2352,0.0016645435244161358
real_9000,4,GACG,3150,0.0022292993630573248
real_9000,4,GACT,3459,0.0024479830148619957
real_9000,4,GAGA,8394,0.005940552016985138
real_9000,4,GAGC,3242,0.002294409058740269
real_9000,4,GAGG,3445,0.002438075017692852
real_9000,4,GAGT,4083,0.0028895966029723994
real_9000,4,GATA,4698,0.00332484076433121
real_9000,4,GATC,6848,0.0048464260438782734
real_9000,4,GATG,5272,0.0037310686482661007
real_9000,4,GATT,10971,0.007764331210191083
real_9000,4,GCAA,4156,0.002941259731068648
real_9000,4,GCAC,1386,0.0009808917197452229
real_9000,4,GCAG,2277,0.0016114649681528662
real_9000,4,GCAT,2331,0.0016496815286624203
real_9000,4,GCCA,2932,0.002075017692852088
real_9000,4,GCCC,1667,0.0011797593772116064
real_9000,4,GCCG,2997,0.0021210191082802546
real_9000,4,GCCT,2294,0.0016234961075725406
real_9000,4,GCGA,2661,0.0018832271762208067
real_9000,4,GCGC,1018,0.0007204529370134465
real_9000,4,GCGG,1808,0.0012795470629865535
real_9000,4,GCGT,1966,0.0013913658881811748
real_9000,4,GCTA,2949,0.002087048832271762
real_9000,4,GCTC,4117,0.002913658881811748
real_9000,4,GCTG,2877,0.0020360934182590234
real_9000,4,GCTT,6419,0.004542816702052371
real_9000,4,GGAA,5804,0.00410757254069356
real_9000,4,GGAC,1942,0.0013743807501769285
real_9000,4,GGAG,4390,0.0031068648266100495
real_9000,4,GGAT,4586,0.003245576786978061
real_9000,4,GGCA,1887,0.001335456475583864
real_9000,4,GGCC,2069,0.0014642604387827317
real_9000,4,GGCG,2652,0.0018768577494692143
real_9000,4,GGCT,3055,0.00216206652512385
real_9000,4,GGGA,2555,0.001808209483368719
real_9000,4,GGGC,1566,0.00110828025477707
real_9000,4,GGGG,1200,0.0008492569002123143
real_9000,4,GGGT,3037,0.0021493276716206653
real_9000,4,GGTA,2370,0.0016772823779193206
real_9000,4,GGTC,2545,0.0018011323425336165
real_9000,4,GGTG,3341,0.002364472753007785
real_9000,4,GGTT,6288,0.004450106157112527
real_9000,4,GTAA,4695,0.0033227176220806793
real_9000,4,GTAC,2165,0.0015322009907997168
real_9000,4,GTAG,2615,0.0018506723283793348
real_9000,4,GTAT,3806,0.0026935598018400565
real_9000,4,GTCA,4471,0.0031641896673743806
real_9000,4,GTCC,2429,0.001719037508846426
real_9000,4,GTCG,3366,0.0023821656050955413
real_9000,4,GTCT,4738,0.0033531493276716205
real_9000,4,GTGA,4587,0.003246284501061571
real_9000,4,GTGC,1469,0.0010396319886765747
real_9000,4,GTGG,3589,0.00253998584571833
real_9000,4,GTGT,4524,0.0032016985138004247
real_9000,4,GTTA,4910,0.0034748761500353856
real_9000,4,GTTC,5537,0.00391861288039632
real_9000,4,GTTG,5451,0.0038577494692144374
real_9000,4,GTTT,12689,0.008980184005661713
real_9000,4,TAAA,11296,0.007994338287331917
real_9000,4,TAAC,4591,0.003249115357395612
real_9000,4,TAAG,4362,0.003087048832271762
real_9000,4,TAAT,9189,0.006503184713375796
real_9000,4,TACA,4553,0.0032222222222222222
real_9000,4,TACC,2937,0.0020785562632696392
real_9000,4,TACG,2592,0.0018343949044585988
real_9000,4,TACT,4838,0.003423920736022647
real_9000,4,TAGA,5032,0.0035612172682236375
real_9000,4,TAGC,2724,0.0019278131634819532
real_9000,4,TAGG,2650,0.001875442321302194
real_9000,4,TAGT,4351,0.0030792639773531494
real_9000,4,TATA,6774,0.004794055201698514
real_9000,4,TATC,5952,0.004212314225053079
real_9000,4,TATG,4493,0.0031797593772116065
real_9000,4,TATT,9340,0.006610049539985846
real_9000,4,TCAA,10782,0.007630573248407643
real_9000,4,TCAC,6003,0.0042484076433121016
real_9000,4,TCAG,4782,0.0033842887473460722
real_9000,4,TCAT,8776,0.006210898796886058
real_9000,4,TCCA,6617,0.004682944090587403
real_9000,4,TCCC,3743,0.00264897381457891
real_9000,4,TCCG,4766,0.003372965322009908
real_9000,4,TCCT,7903,0.005593064401981599
real_9000,4,TCGA,6475,0.004582448690728946
real_9000,4,TCGC,3242,0.002294409058740269
real_9000,4,TCGG,3275,0.0023177636234961076
real_9000,4,TCGT,6053,0.004283793347487615
real_9000,4,TCTA,6655,0.004709837225760793
real_9000,4,TCTC,16186,0.011455060155697099
real_9000,4,TCTG,7157,0.005065109695682944
real_9000,4,TCTT,17981,0.012725406935598019
real_9000,4,TGAA,8299,0.005873319179051663
real_9000,4,TGAC,3667,0.0025951875442321304
real_9000,4,TGAG,4484,0.003173389950460014
real_9000,4,TGAT,8902,0.006300070771408351
real_9000,4,TGCA,2822,0.001997169143665959
real_9000,4,TGCC,2015,0.0014260438782731776
real_9000,4,TGCG,1708,0.0012087756546355273
real_9000,4,TGCT,4657,0.0032958244869072894
real_9000,4,TGGA,5732,0.0040566171266808206
real_9000,4,TGGC,3397,0.0024041047416843596
real_9000,4,TGGG,3838,0.002716206652512385
real_9000,4,TGGT,5498,0.0038910120311394197
real_9000,4,TGTA,4479,0.0031698513800424628
real_9000,4,TGTC,4549,0.003219391365888181
real_9000,4,TGTG,4825,0.0034147204529370134
real_9000,4,TGTT,10595,0.007498230714791224
real_9000,4,TTAA,9689,0.006857041755130927
real_9000,4,TTAC,5688,0.00402547770700637
real_9000,4,TTAG,5853,0.004142250530785562
real_9000,4,TTAT,9920,0.007020523708421798
real_9000,4,TTCA,10689,0.007564755838641189
real_9000,4,TTCC,8154,0.005770700636942675
real_9000,4,TTCG,6597,0.0046687898089171976
real_9000,4,TTCT,18662,0.013207360226468507
real_9000,4,TTGA,9852,0.0069723991507431
real_9000,4,TTGC,4472,0.003164897381457891
real_9000,4,TTGG,6621,0.004685774946921443
real_9000,4,TTGT,10166,0.007194621372965322
real_9000,4,TTTA,11782,0.008338287331917904
real_9000,4,TTTC,15776,0.011164897381457891
real_9000,4,TTTG,13406,0.00948761500353857
real_9000,4,TTTT,26776,0.01894975230007077
Ara_directory_epoch2000,4,AAAA,27466,0.019438075017692853
Ara_directory_epoch2000,4,AAAC,11358,0.008038216560509555
Ara_directory_epoch2000,4,AAAG,10792,0.007637650389242746
Ara_directory_epoch2000,4,AAAT,14459,0.010232837933474875
Ara_directory_epoch2000,4,AACA,9236,0.006536447275300779
Ara_directory_epoch2000,4,AACC,7410,0.0052441613588110406
Ara_directory_epoch2000,4,AACG,4614,0.003265392781316348
Ara_directory_epoch2000,4,AACT,6958,0.004924274593064402
Ara_directory_epoch2000,4,AAGA,12921,0.009144373673036093
Ara_directory_epoch2000,4,AAGC,6517,0.004612172682236376
Ara_directory_epoch2000,4,AAGG,5134,0.0036334041047416843
Ara_directory_epoch2000,4,AAGT,5742,0.004063694267515924
Ara_directory_epoch2000,4,AATA,9355,0.0066206652512385
Ara_directory_epoch2000,4,AATC,10988,0.007776362349610757
Ara_directory_epoch2000,4,AATG,5988,0.004237791932059448
Ara_directory_epoch2000,4,AATT,11025,0.007802547770700637
Ara_directory_epoch2000,4,ACAA,10087,0.0071387119603680115
Ara_directory_epoch2000,4,ACAC,4796,0.003394196744515216
Ara_directory_epoch2000,4,ACAG,3576,0.0025307855626326963
Ara_directory_epoch2000,4,ACAT,5797,0.004102618542108988
Ara_directory_epoch2000,4,ACCA,6799,0.00481174805378627
Ara_directory_epoch2000,4,ACCC,3962,0.0028039631988676576
Ara_directory_epoch2000,4,ACCG,3859,0.0027310686482661006
Ara_directory_epoch2000,4,ACCT,4675,0.003308563340410474
Ara_directory_epoch2000,4,ACGA,5657,0.004003538570417551
Ara_directory_epoch2000,4,ACGC,2436,0.0017239915074309978
Ara_directory_epoch2000,4,ACGG,3260,0.002307147912243454
Ara_directory_epoch2000,4,ACGT,3317,0.0023474876150035386
Ara_directory_epoch2000,4,ACTA,4592,0.0032498230714791223
Ara_directory_epoch2000,4,ACTC,6226,0.00440622788393489
Ara_directory_epoch2000,4,ACTG,3040,0.002151450813871196
Ara_directory_epoch2000,4,ACTT,6491,0.00459377211606511
Ara_directory_epoch2000,4,AGAA,12522,0.008861995753715499
Ara_directory_epoch2000,4,AGAC,4586,0.003245576786978061
Ara_directory_epoch2000,4,AGAG,6576,0.004653927813163482
Ara_directory_epoch2000,4,AGAT,8014,0.005671620665251238
Ara_directory_epoch2000,4,AGCA,4603,0.0032576079263977355
Ara_directory_epoch2000,4,AGCC,3618,0.0025605095541401273
Ara_directory_epoch2000,4,AGCG,2331,0.0016496815286624203
Ara_directory_epoch2000,4,AGCT,5916,0.004186836518046709
Ara_directory_epoch2000,4,AGGA,5683,0.004021939136588818
Ara_directory_epoch2000,4,AGGC,2531,0.0017912243453644728
Ara_directory_epoch2000,4,AGGG,2129,0.0015067232837933475
Ara_directory_epoch2000,4,AGGT,3148,0.0022278839348903044
Ara_directory_epoch2000,4,AGTA,3798,0.0026878980891719747
Ara_directory_epoch2000,4,AGTC,3913,0.0027692852087756546
Ara_directory_epoch2000,4,AGTG,2983,0.002111111111111111
Ara_directory_epoch2000,4,AGTT,5572,0.003943382873319179
Ara_directory_epoch2000,4,ATAA,9686,0.006854918612880396
Ara_directory_epoch2000,4,ATAC,4452,0.0031507430997876856
Ara_directory_epoch2000,4,ATAG,3973,0.0028117480537862703
Ara_directory_epoch2000,4,ATAT,7345,0.0051981599433828735
Ara_directory_epoch2000,4,ATCA,9095,0.006436659589525832
Ara_directory_epoch2000,4,ATCC,6670,0.004720452937013447
Ara_directory_epoch2000,4,ATCG,5287,0.0037416843595187545
Ara_directory_epoch2000,4,ATCT,10441,0.007389242745930644
Ara_directory_epoch2000,4,ATGA,6844,0.004843595187544232
Ara_directory_epoch2000,4,ATGC,2930,0.002073602264685067
Ara_directory_epoch2000,4,ATGG,5327,0.0037699929228591647
Ara_directory_epoch2000,4,ATGT,4837,0.0034232130219391367
Ara_directory_epoch2000,4,ATTA,7636,0.00540410474168436
Ara_directory_epoch2000,4,ATTC,8498,0.006014154281670205
Ara_directory_epoch2000,4,ATTG,5541,0.003921443736730361
Ara_directory_epoch2000,4,ATTT,11487,0.008129511677282378
Ara_directory_epoch2000,4,CAAA,13286,0.00940268931351734
Ara_directory_epoch2000,4,CAAC,6745,0.0047735314932767165
Ara_directory_epoch2000,4,CAAG,5784,0.0040934182590233546
Ara_directory_epoch2000,4,CAAT,8075,0.005714791224345365
Ara_directory_epoch2000,4,CACA,5648,0.0039971691436659585
Ara_directory_epoch2000,4,CACC,5248,0.003714083510261854
Ara_directory_epoch2000,4,CACG,3280,0.002321302193913659
Ara_directory_epoch2000,4,CACT,4968,0.003515923566878981
Ara_directory_epoch2000,4,CAGA,5609,0.0039695682944090585
Ara_directory_epoch2000,4,CAGC,3462,0.0024501061571125266
Ara_directory_epoch2000,4,CAGG,2114,0.0014961075725406937
Ara_directory_epoch2000,4,CAGT,3201,0.002265392781316348
Ara_directory_epoch2000,4,CATA,4877,0.003451521585279547
Ara_directory_epoch2000,4,CATC,7481,0.005294409058740269
Ara_directory_epoch2000,4,CATG,4156,0.002941259731068648
Ara_directory_epoch2000,4,CATT,6513,0.0046093418259023355
Ara_directory_epoch2000,4,CCAA,8392,0.005939136588818118
Ara_directory_epoch2000,4,CCAC,5463,0.0038662420382165603
Ara_directory_epoch2000,4,CCAG,3249,0.0022993630573248406
Ara_directory_epoch2000,4,CCAT,5958,0.0042165605095541405
Ara_directory_epoch2000,4,CCCA,4717,0.003338287331917905
Ara_directory_epoch2000,4,CCCC,2637,0.0018662420382165605
Ara_directory_epoch2000,4,CCCG,2193,0.0015520169851380042
Ara_directory_epoch2000,4,CCCT,3912,0.0027685774946921444
Ara_directory_epoch2000,4,CCGA,4659,0.00329723991507431
Ara_directory_epoch2000,4,CCGC,3484,0.0024656758669497525
Ara_directory_epoch2000,4,CCGG,3371,0.0023857041755130926
Ara_directory_epoch2000,4,CCGT,4111,0.0029094125973106867
Ara_directory_epoch2000,4,CCTA,3587,0.0025385704175513095
Ara_directory_epoch2000,4,CCTC,7626,0.005397027600849257
Ara_directory_epoch2000,4,CCTG,2568,0.0018174097664543525
Ara_directory_epoch2000,4,CCTT,6361,0.004501769285208776
Ara_directory_epoch2000,4,CGAA,6233,0.004411181882519462
Ara_directory_epoch2000,4,CGAC,4217,0.002984430290162774
Ara_directory_epoch2000,4,CGAG,3523,0.0024932767162066526
Ara_directory_epoch2000,4,CGAT,5635,0.0039879688605803255
Ara_directory_epoch2000,4,CGCA,2449,0.0017331917905166314
Ara_directory_epoch2000,4,CGCC,3859,0.0027310686482661006
Ara_directory_epoch2000,4,CGCG,1642,0.00116206652512385
Ara_directory_epoch2000,4,CGCT,3382,0.0023934890304317057
Ara_directory_epoch2000,4,CGGA,4263,0.0030169851380042463
Ara_directory_epoch2000,4,CGGC,3549,0.002511677282377919
Ara_directory_epoch2000,4,CGGG,1383,0.0009787685774946921
Ara_directory_epoch2000,4,CGGT,3326,0.002353857041755131
Ara_directory_epoch2000,4,CGTA,2635,0.00186482661004954
Ara_directory_epoch2000,4,CGTC,4948,0.0035017692852087755
Ara_directory_epoch2000,4,CGTG,2647,0.001873319179051663
Ara_directory_epoch2000,4,CGTT,4673,0.003307147912243454
Ara_directory_epoch2000,4,CTAA,6239,0.004415428167020524
Ara_directory_epoch2000,4,CTAC,4273,0.003024062278839349
Ara_directory_epoch2000,4,CTAG,2748,0.0019447983014861995
Ara_directory_epoch2000,4,CTAT,5191,0.003673743807501769
Ara_directory_epoch2000,4,CTCA,7559,0.00534961075725407
Ara_directory_epoch2000,4,CTCC,9195,0.006507430997876857
Ara_directory_epoch2000,4,CTCG,4429,0.0031344656758669496
Ara_directory_epoch2000,4,CTCT,12494,0.00884217975937721
Ara_directory_epoch2000,4,CTGA,4643,0.0032859164897381457
Ara_directory_epoch2000,4,CTGC,3297,0.0023333333333333335
Ara_directory_epoch2000,4,CTGG,3027,0.0021422505307855627
Ara_directory_epoch2000,4,CTGT,4019,0.0028443029016277425
Ara_directory_epoch2000,4,CTTA,5719,0.0040474168435951875
Ara_directory_epoch2000,4,CTTC,12416,0.00878697806086341
Ara_directory_epoch2000,4,CTTG,4816,0.003408351026185421
Ara_directory_epoch2000,4,CTTT,10141,0.007176928520877566
Ara_directory_epoch2000,4,GAAA,11835,0.008375796178343949
Ara_directory_epoch2000,4,GAAC,4835,0.003421797593772116
Ara_directory_epoch2000,4,GAAG,9052,0.00640622788393489
Ara_directory_epoch2000,4,GAAT,6583,0.0046588818117480535
Ara_directory_epoch2000,4,GACA,4293,0.003038216560509554
Ara_directory_epoch2000,4,GACC,3045,0.0021549893842887475
Ara_directory_epoch2000,4,GACG,4096,0.0028987968860580324
Ara_directory_epoch2000,4,GACT,3539,0.0025046001415428166
Ara_directory_epoch2000,4,GAGA,8120,0.005746638358103327
Ara_directory_epoch2000,4,GAGC,3628,0.00256758669497523
Ara_directory_epoch2000,4,GAGG,3989,0.0028230714791224343
Ara_directory_epoch2000,4,GAGT,3743,0.00264897381457891
Ara_directory_epoch2000,4,GATA,4916,0.0034791224345364475
Ara_directory_epoch2000,4,GATC,6969,0.004932059447983015
Ara_directory_epoch2000,4,GATG,5770,0.004083510261854211
Ara_directory_epoch2000,4,GATT,7553,0.005345364472753008
Ara_directory_epoch2000,4,GCAA,4789,0.003389242745930644
Ara_directory_epoch2000,4,GCAC,2166,0.0015329087048832272
Ara_directory_epoch2000,4,GCAG,2686,0.0019009200283085633
Ara_directory_epoch2000,4,GCAT,2795,0.0019780608634111818
Ara_directory_epoch2000,4,GCCA,3755,0.002657466383581033
Ara_directory_epoch2000,4,GCCC,1941,0.0013736730360934184
Ara_directory_epoch2000,4,GCCG,3793,0.0026843595187544234
Ara_directory_epoch2000,4,GCCT,2972,0.002103326256192498
Ara_directory_epoch2000,4,GCGA,3130,0.0022151450813871197
Ara_directory_epoch2000,4,GCGC,1392,0.0009851380042462845
Ara_directory_epoch2000,4,GCGG,2384,0.0016871903750884643
Ara_directory_epoch2000,4,GCGT,2034,0.0014394904458598725
Ara_directory_epoch2000,4,GCTA,3288,0.002326963906581741
Ara_directory_epoch2000,4,GCTC,4814,0.0034069355980184007
Ara_directory_epoch2000,4,GCTG,3285,0.00232484076433121
Ara_directory_epoch2000,4,GCTT,5710,0.004041047416843595
Ara_directory_epoch2000,4,GGAA,6202,0.004389242745930644
Ara_directory_epoch2000,4,GGAC,2196,0.0015541401273885351
Ara_directory_epoch2000,4,GGAG,5285,0.0037402689313517337
Ara_directory_epoch2000,4,GGAT,4555,0.0032236376503892426
Ara_directory_epoch2000,4,GGCA,2552,0.0018060863411181883
Ara_directory_epoch2000,4,GGCC,2308,0.0016334041047416843
Ara_directory_epoch2000,4,GGCG,3061,0.0021663128096249115
Ara_directory_epoch2000,4,GGCT,3322,0.00235102618542109
Ara_directory_epoch2000,4,GGGA,2906,0.002056617126680821
Ara_directory_epoch2000,4,GGGC,1366,0.0009667374380750177
Ara_directory_epoch2000,4,GGGG,1300,0.0009200283085633404
Ara_directory_epoch2000,4,GGGT,2183,0.0015449398443029016
Ara_directory_epoch2000,4,GGTA,2552,0.0018060863411181883
Ara_directory_epoch2000,4,GGTC,2794,0.0019773531493276716
Ara_directory_epoch2000,4,GGTG,3317,0.0023474876150035386
Ara_directory_epoch2000,4,GGTT,4814,0.0034069355980184007
Ara_directory_epoch2000,4,GTAA,4544,0.00321585279547063
Ara_directory_epoch2000,4,GTAC,2187,0.0015477707006369427
Ara_directory_epoch2000,4,GTAG,2658,0.001881104033970276
Ara_directory_epoch2000,4,GTAT,3367,0.002382873319179052
Ara_directory_epoch2000,4,GTCA,4510,0.003191790516631281
Ara_directory_epoch2000,4,GTCC,2888,0.002043878273177636
Ara_directory_epoch2000,4,GTCG,3666,0.0025944798301486198
Ara_directory_epoch2000,4,GTCT,5037,0.003564755838641189
Ara_directory_epoch2000,4,GTGA,4172,0.0029525831564048127
Ara_directory_epoch2000,4,GTGC,1795,0.00127034677990092
Ara_directory_epoch2000,4,GTGG,3480,0.0024628450106157114
Ara_directory_epoch2000,4,GTGT,3150,0.0022292993630573248
Ara_directory_epoch2000,4,GTTA,4408,0.0031196036801132343
Ara_directory_epoch2000,4,GTTC,5383,0.0038096249115357394
Ara_directory_epoch2000,4,GTTG,4238,0.00299929228591649
Ara_directory_epoch2000,4,GTTT,7851,0.005556263269639066
Ara_directory_epoch2000,4,TAAA,11443,0.008098372257607926
Ara_directory_epoch2000,4,TAAC,5239,0.003707714083510262
Ara_directory_epoch2000,4,TAAG,4630,0.003276716206652512
Ara_directory_epoch2000,4,TAAT,8188,0.005794762915782024
Ara_directory_epoch2000,4,TACA,5071,0.003588818117480538
Ara_directory_epoch2000,4,TACC,3594,0.002543524416135881
Ara_directory_epoch2000,4,TACG,2694,0.0019065817409766454
Ara_directory_epoch2000,4,TACT,4857,0.003437367303609342
Ara_directory_epoch2000,4,TAGA,5013,0.0035477707006369426
Ara_directory_epoch2000,4,TAGC,2880,0.002038216560509554
Ara_directory_epoch2000,4,TAGG,2254,0.0015951875442321301
Ara_directory_epoch2000,4,TAGT,3599,0.0025470629865534324
Ara_directory_epoch2000,4,TATA,6255,0.004426751592356688
Ara_directory_epoch2000,4,TATC,6027,0.004265392781316348
Ara_directory_epoch2000,4,TATG,4026,0.002849256900212314
Ara_directory_epoch2000,4,TATT,8032,0.005684359518754423
Ara_directory_epoch2000,4,TCAA,10568,0.007479122434536447
Ara_directory_epoch2000,4,TCAC,6713,0.004750884642604388
Ara_directory_epoch2000,4,TCAG,4892,0.003462137296532201
Ara_directory_epoch2000,4,TCAT,8504,0.006018400566171267
Ara_directory_epoch2000,4,TCCA,7839,0.005547770700636943
Ara_directory_epoch2000,4,TCCC,4943,0.003498230714791224
Ara_directory_epoch2000,4,TCCG,5803,0.0041068648266100495
Ara_directory_epoch2000,4,TCCT,8587,0.006077140835102619
Ara_directory_epoch2000,4,TCGA,6169,0.004365888181174805
Ara_directory_epoch2000,4,TCGC,4025,0.002848549186128804
Ara_directory_epoch2000,4,TCGG,3532,0.002499646142958245
Ara_directory_epoch2000,4,TCGT,5483,0.003880396319886766
Ara_directory_epoch2000,4,TCTA,6998,0.004952583156404813
Ara_directory_epoch2000,4,TCTC,15018,0.010628450106157112
Ara_directory_epoch2000,4,TCTG,6126,0.0043354564755838645
Ara_directory_epoch2000,4,TCTT,14526,0.010280254777070064
Ara_directory_epoch2000,4,TGAA,7368,0.005214437367303609
Ara_directory_epoch2000,4,TGAC,3966,0.0028067940552016987
Ara_directory_epoch2000,4,TGAG,4116,0.002912951167728238
Ara_directory_epoch2000,4,TGAT,7028,0.00497381457891012
Ara_directory_epoch2000,4,TGCA,2837,0.0020077848549186128
Ara_directory_epoch2000,4,TGCC,2691,0.0019044585987261146
Ara_directory_epoch2000,4,TGCG,1929,0.001365180467091295
Ara_directory_epoch2000,4,TGCT,4493,0.0031797593772116065
Ara_directory_epoch2000,4,TGGA,5375,0.0038039631988676576
Ara_directory_epoch2000,4,TGGC,3820,0.0027034677990092
Ara_directory_epoch2000,4,TGGG,2932,0.002075017692852088
Ara_directory_epoch2000,4,TGGT,4838,0.003423920736022647
Ara_directory_epoch2000,4,TGTA,3789,0.0026815286624203823
Ara_directory_epoch2000,4,TGTC,4455,0.0031528662420382166
Ara_directory_epoch2000,4,TGTG,3655,0.002586694975230007
Ara_directory_epoch2000,4,TGTT,6832,0.004835102618542109
Ara_directory_epoch2000,4,TTAA,8988,0.006360934182590233
Ara_directory_epoch2000,4,TTAC,5289,0.003743099787685775
Ara_directory_epoch2000,4,TTAG,4365,0.003089171974522293
Ara_directory_epoch2000,4,TTAT,8405,0.005948336871903751
Ara_directory_epoch2000,4,TTCA,9498,0.006721868365180467
Ara_directory_epoch2000,4,TTCC,8389,0.005937013446567586
Ara_directory_epoch2000,4,TTCG,5836,0.0041302193913658886
Ara_directory_epoch2000,4,TTCT,14696,0.010400566171266808
Ara_directory_epoch2000,4,TTGA,6824,0.004829440905874027
Ara_directory_epoch2000,4,TTGC,3931,0.0027820240622788393
Ara_directory_epoch2000,4,TTGG,5166,0.0036560509554140128
Ara_directory_epoch2000,4,TTGT,6749,0.004776362349610757
Ara_directory_epoch2000,4,TTTA,9298,0.006580325548478414
Ara_directory_epoch2000,4,TTTC,12105,0.00856687898089172
Ara_directory_epoch2000,4,TTTG,8102,0.005733899504600142
Ara_directory_epoch2000,4,TTTT,16950,0.01199575371549894
Maize_directory_epoch2000,4,AAAA,13079,0.009256192498230715
Maize_directory_epoch2000,4,AAAC,6595,0.004667374380750177
Maize_directory_epoch2000,4,AAAG,6277,0.004442321302193914
Maize_directory_epoch2000,4,AAAT,11422,0.00808351026185421
Maize_directory_epoch2000,4,AACA,5123,0.0036256192498230716
Maize_directory_epoch2000,4,AACC,4600,0.0032554847841472045
Maize_directory_epoch2000,4,AACG,3113,0.002203113941967445
Maize_directory_epoch2000,4,AACT,5593,0.003958244869072895
Maize_directory_epoch2000,4,AAGA,8102,0.005733899504600142
Maize_directory_epoch2000,4,AAGC,4047,0.00286411889596603
Maize_directory_epoch2000,4,AAGG,3025,0.002140835102618542
Maize_directory_epoch2000,4,AAGT,5146,0.0036418966737438076
Maize_directory_epoch2000,4,AATA,6317,0.004470629865534324
Maize_directory_epoch2000,4,AATC,9184,0.006499646142958245
Maize_directory_epoch2000,4,AATG,5239,0.003707714083510262
Maize_directory_epoch2000,4,AATT,14075,0.009961075725406936
Maize_directory_epoch2000,4,ACAA,5702,0.004035385704175513
Maize_directory_epoch2000,4,ACAC,2810,0.0019886765746638356
Maize_directory_epoch2000,4,ACAG,2241,0.0015859872611464969
Maize_directory_epoch2000,4,ACAT,4114,0.002911535739561217
Maize_directory_epoch2000,4,ACCA,4200,0.0029723991507431
Maize_directory_epoch2000,4,ACCC,2690,0.0019037508846426045
Maize_directory_epoch2000,4,ACCG,2937,0.0020785562632696392
Maize_directory_epoch2000,4,ACCT,3677,0.002602264685067233
Maize_directory_epoch2000,4,ACGA,3963,0.0028046709129511678
Maize_directory_epoch2000,4,ACGC,1731,0.0012250530785562633
Maize_directory_epoch2000,4,ACGG,2155,0.0015251238499646143
Maize_directory_epoch2000,4,ACGT,2751,0.0019469214437367304
Maize_directory_epoch2000,4,ACTA,3229,0.0022852087756546355
Maize_directory_epoch2000,4,ACTC,5344,0.0037820240622788394
Maize_directory_epoch2000,4,ACTG,2857,0.0020219391365888183
Maize_directory_epoch2000,4,ACTT,6552,0.004636942675159236
Maize_directory_epoch2000,4,AGAA,7749,0.005484076433121019
Maize_directory_epoch2000,4,AGAC,3058,0.0021641896673743805
Maize_directory_epoch2000,4,AGAG,4388,0.003105449398443029
Maize_directory_epoch2000,4,AGAT,8195,0.005799716914366596
Maize_directory_epoch2000,4,AGCA,2795,0.0019780608634111818
Maize_directory_epoch2000,4,AGCC,2319,0.0016411889596602972
Maize_directory_epoch2000,4,AGCG,1791,0.0012675159235668789
Maize_directory_epoch2000,4,AGCT,4498,0.0031832979476291577
Maize_directory_epoch2000,4,AGGA,3617,0.002559801840056617
Maize_directory_epoch2000,4,AGGC,1531,0.0010835102618542108
Maize_directory_epoch2000,4,AGGG,1441,0.0010198159943382874
Maize_directory_epoch2000,4,AGGT,3081,0.0021804670912951166
Maize_directory_epoch2000,4,AGTA,2979,0.0021082802547770702
Maize_directory_epoch2000,4,AGTC,3452,0.002443029016277424
Maize_directory_epoch2000,4,AGTG,2906,0.002056617126680821
Maize_directory_epoch2000,4,AGTT,7610,0.005385704175513093
Maize_directory_epoch2000,4,ATAA,6354,0.004496815286624204
Maize_directory_epoch2000,4,ATAC,3142,0.0022236376503892426
Maize_directory_epoch2000,4,ATAG,3423,0.002422505307855626
Maize_directory_epoch2000,4,ATAT,7339,0.005193913658881812
Maize_directory_epoch2000,4,ATCA,7136,0.005050247699929228
Maize_directory_epoch2000,4,ATCC,5799,0.004104033970276009
Maize_directory_epoch2000,4,ATCG,5253,0.0037176220806794057
Maize_directory_epoch2000,4,ATCT,11844,0.008382165605095542
Maize_directory_epoch2000,4,ATGA,6195,0.004384288747346072
Maize_directory_epoch2000,4,ATGC,2686,0.0019009200283085633
Maize_directory_epoch2000,4,ATGG,4357,0.003083510261854211
Maize_directory_epoch2000,4,ATGT,6188,0.0043793347487615
Maize_directory_epoch2000,4,ATTA,7785,0.005509554140127389
Maize_directory_epoch2000,4,ATTC,10441,0.007389242745930644
Maize_directory_epoch2000,4,ATTG,8071,0.005711960368011323
Maize_directory_epoch2000,4,ATTT,21482,0.015203113941967446
Maize_directory_epoch2000,4,CAAA,8077,0.005716206652512385
Maize_directory_epoch2000,4,CAAC,4463,0.0031585279547062988
Maize_directory_epoch2000,4,CAAG,3905,0.0027636234961075723
Maize_directory_epoch2000,4,CAAT,7315,0.005176928520877566
Maize_directory_epoch2000,4,CACA,3384,0.002394904458598726
Maize_directory_epoch2000,4,CACC,3723,0.002634819532908705
Maize_directory_epoch2000,4,CACG,2121,0.0015010615711252653
Maize_directory_epoch2000,4,CACT,4056,0.002870488322717622
Maize_directory_epoch2000,4,CAGA,4135,0.002926397735314933
Maize_directory_epoch2000,4,CAGC,2287,0.0016185421089879688
Maize_directory_epoch2000,4,CAGG,1461,0.0010339702760084925
Maize_directory_epoch2000,4,CAGT,2768,0.001958952583156405
Maize_directory_epoch2000,4,CATA,3510,0.002484076433121019
Maize_directory_epoch2000,4,CATC,6073,0.00429794762915782
Maize_directory_epoch2000,4,CATG,3284,0.0023241330502477
Maize_directory_epoch2000,4,CATT,7041,0.0049830148619957534
Maize_directory_epoch2000,4,CCAA,5718,0.004046709129511677
Maize_directory_epoch2000,4,CCAC,3563,0.002521585279547063
Maize_directory_epoch2000,4,CCAG,2330,0.0016489738145789102
Maize_directory_epoch2000,4,CCAT,4680,0.0033121019108280254
Maize_directory_epoch2000,4,CCCA,3215,0.002275300778485492
Maize_directory_epoch2000,4,CCCC,2399,0.0016978060863411181
Maize_directory_epoch2000,4,CCCG,2013,0.001424628450106157
Maize_directory_epoch2000,4,CCCT,3487,0.002467799009200283
Maize_directory_epoch2000,4,CCGA,4254,0.003010615711252654
Maize_directory_epoch2000,4,CCGC,3005,0.002126680820948337
Maize_directory_epoch2000,4,CCGG,2588,0.0018315640481245577
Maize_directory_epoch2000,4,CCGT,3652,0.002584571832979476
Maize_directory_epoch2000,4,CCTA,3067,0.002170559094125973
Maize_directory_epoch2000,4,CCTC,6569,0.00464897381457891
Maize_directory_epoch2000,4,CCTG,2519,0.0017827317763623497
Maize_directory_epoch2000,4,CCTT,6550,0.004635527246992215
Maize_directory_epoch2000,4,CGAA,5244,0.0037112526539278133
Maize_directory_epoch2000,4,CGAC,3421,0.0024210898796886058
Maize_directory_epoch2000,4,CGAG,2943,0.0020828025477707007
Maize_directory_epoch2000,4,CGAT,6927,0.004902335456475584
Maize_directory_epoch2000,4,CGCA,1890,0.001337579617834395
Maize_directory_epoch2000,4,CGCC,3227,0.002283793347487615
Maize_directory_epoch2000,4,CGCG,1353,0.0009575371549893843
Maize_directory_epoch2000,4,CGCT,3318,0.002348195329087049
Maize_directory_epoch2000,4,CGGA,3351,0.0023715498938428874
Maize_directory_epoch2000,4,CGGC,2625,0.0018577494692144374
Maize_directory_epoch2000,4,CGGG,1173,0.0008301486199575372
Maize_directory_epoch2000,4,CGGT,3104,0.0021967445152158527
Maize_directory_epoch2000,4,CGTA,2282,0.0016150035385704175
Maize_directory_epoch2000,4,CGTC,4335,0.003067940552016985
Maize_directory_epoch2000,4,CGTG,2426,0.0017169143665958953
Maize_directory_epoch2000,4,CGTT,6068,0.004294409058740269
Maize_directory_epoch2000,4,CTAA,4926,0.00348619957537155
Maize_directory_epoch2000,4,CTAC,3305,0.0023389950460014153
Maize_directory_epoch2000,4,CTAG,2688,0.001902335456475584
Maize_directory_epoch2000,4,CTAT,5738,0.0040608634111818824
Maize_directory_epoch2000,4,CTCA,6524,0.004617126680820948
Maize_directory_epoch2000,4,CTCC,7916,0.005602264685067233
Maize_directory_epoch2000,4,CTCG,4637,0.0032816702052370843
Maize_directory_epoch2000,4,CTCT,14215,0.010060155697098372
Maize_directory_epoch2000,4,CTGA,5353,0.0037883934890304317
Maize_directory_epoch2000,4,CTGC,3135,0.002218683651804671
Maize_directory_epoch2000,4,CTGG,2926,0.002070771408351026
Maize_directory_epoch2000,4,CTGT,5395,0.0038181174805378628
Maize_directory_epoch2000,4,CTTA,5946,0.004208067940552017
Maize_directory_epoch2000,4,CTTC,13021,0.00921514508138712
Maize_directory_epoch2000,4,CTTG,6309,0.004464968152866242
Maize_directory_epoch2000,4,CTTT,15540,0.010997876857749469
Maize_directory_epoch2000,4,GAAA,7966,0.005637650389242746
Maize_directory_epoch2000,4,GAAC,3513,0.00248619957537155
Maize_directory_epoch2000,4,GAAG,5992,0.004240622788393489
Maize_directory_epoch2000,4,GAAT,7480,0.0052937013446567585
Maize_directory_epoch2000,4,GACA,2878,0.0020368011323425336
Maize_directory_epoch2000,4,GACC,2248,0.0015909412597310687
Maize_directory_epoch2000,4,GACG,3099,0.0021932059447983014
Maize_directory_epoch2000,4,GACT,3426,0.002424628450106157
Maize_directory_epoch2000,4,GAGA,5986,0.004236376503892428
Maize_directory_epoch2000,4,GAGC,2636,0.0018655343241330503
Maize_directory_epoch2000,4,GAGG,2865,0.0020276008492569
Maize_directory_epoch2000,4,GAGT,4277,0.00302689313517339
Maize_directory_epoch2000,4,GATA,4801,0.003397735314932767
Maize_directory_epoch2000,4,GATC,7660,0.005421089879688605
Maize_directory_epoch2000,4,GATG,5661,0.0040063694267515925
Maize_directory_epoch2000,4,GATT,14013,0.0099171974522293
Maize_directory_epoch2000,4,GCAA,3237,0.0022908704883227177
Maize_directory_epoch2000,4,GCAC,1511,0.0010693559801840057
Maize_directory_epoch2000,4,GCAG,1842,0.0013036093418259023
Maize_directory_epoch2000,4,GCAT,2418,0.001711252653927813
Maize_directory_epoch2000,4,GCCA,2459,0.001740268931351734
Maize_directory_epoch2000,4,GCCC,1337,0.0009462137296532201
Maize_directory_epoch2000,4,GCCG,3086,0.002184005661712668
Maize_directory_epoch2000,4,GCCT,2494,0.001765038924274593
Maize_directory_epoch2000,4,GCGA,2795,0.0019780608634111818
Maize_directory_epoch2000,4,GCGC,1138,0.000805378627034678
Maize_directory_epoch2000,4,GCGG,1838,0.0013007784854918614
Maize_directory_epoch2000,4,GCGT,1941,0.0013736730360934184
Maize_directory_epoch2000,4,GCTA,2582,0.0018273177636234962
Maize_directory_epoch2000,4,GCTC,4247,0.0030056617126680823
Maize_directory_epoch2000,4,GCTG,2949,0.002087048832271762
Maize_directory_epoch2000,4,GCTT,6486,0.004590233545647558
Maize_directory_epoch2000,4,GGAA,4359,0.003084925690021231
Maize_directory_epoch2000,4,GGAC,1577,0.001116065109695683
Maize_directory_epoch2000,4,GGAG,3736,0.002644019815994338
Maize_directory_epoch2000,4,GGAT,5351,0.003786978060863411
Maize_directory_epoch2000,4,GGCA,1613,0.0011415428167020523
Maize_directory_epoch2000,4,GGCC,1340,0.0009483368719037508
Maize_directory_epoch2000,4,GGCG,2351,0.0016638358103326257
Maize_directory_epoch2000,4,GGCT,2551,0.001805378627034678
Maize_directory_epoch2000,4,GGGA,2332,0.0016503892427459307
Maize_directory_epoch2000,4,GGGC,839,0.0005937721160651097
Maize_directory_epoch2000,4,GGGG,1055,0.0007466383581033263
Maize_directory_epoch2000,4,GGGT,2616,0.001851380042462845
Maize_directory_epoch2000,4,GGTA,2310,0.0016348195329087048
Maize_directory_epoch2000,4,GGTC,2364,0.001673036093418259
Maize_directory_epoch2000,4,GGTG,3242,0.002294409058740269
Maize_directory_epoch2000,4,GGTT,7584,0.005367303609341826
Maize_directory_epoch2000,4,GTAA,3936,0.0027855626326963906
Maize_directory_epoch2000,4,GTAC,1756,0.0012427459306440197
Maize_directory_epoch2000,4,GTAG,2402,0.001699929228591649
Maize_directory_epoch2000,4,GTAT,4417,0.0031259731068648267
Maize_directory_epoch2000,4,GTCA,3545,0.0025088464260438785
Maize_directory_epoch2000,4,GTCC,2539,0.0017968860580325548
Maize_directory_epoch2000,4,GTCG,3672,0.0025987261146496817
Maize_directory_epoch2000,4,GTCT,5882,0.00416277423920736
Maize_directory_epoch2000,4,GTGA,4508,0.0031903750884642603
Maize_directory_epoch2000,4,GTGC,1785,0.0012632696390658174
Maize_directory_epoch2000,4,GTGG,3142,0.0022236376503892426
Maize_directory_epoch2000,4,GTGT,4821,0.0034118895966029723
Maize_directory_epoch2000,4,GTTA,5375,0.0038039631988676576
Maize_directory_epoch2000,4,GTTC,6837,0.004838641188959661
Maize_directory_epoch2000,4,GTTG,6639,0.004698513800424628
Maize_directory_epoch2000,4,GTTT,17628,0.012475583864118896
Maize_directory_epoch2000,4,TAAA,8217,0.005815286624203822
Maize_directory_epoch2000,4,TAAC,3839,0.002716914366595895
Maize_directory_epoch2000,4,TAAG,4120,0.0029157820240622787
Maize_directory_epoch2000,4,TAAT,8579,0.006071479122434537
Maize_directory_epoch2000,4,TACA,3460,0.002448690728945506
Maize_directory_epoch2000,4,TACC,2891,0.002046001415428167
Maize_directory_epoch2000,4,TACG,2251,0.0015930644019815994
Maize_directory_epoch2000,4,TACT,4893,0.0034628450106157114
Maize_directory_epoch2000,4,TAGA,5145,0.003641188959660297
Maize_directory_epoch2000,4,TAGC,2417,0.001710544939844303
Maize_directory_epoch2000,4,TAGG,2323,0.0016440198159943383
Maize_directory_epoch2000,4,TAGT,4738,0.0033531493276716205
Maize_directory_epoch2000,4,TATA,5635,0.0039879688605803255
Maize_directory_epoch2000,4,TATC,7091,0.005018400566171267
Maize_directory_epoch2000,4,TATG,5248,0.003714083510261854
Maize_directory_epoch2000,4,TATT,12704,0.008990799716914367
Maize_directory_epoch2000,4,TCAA,9106,0.0064444444444444445
Maize_directory_epoch2000,4,TCAC,5360,0.0037933474876150034
Maize_directory_epoch2000,4,TCAG,4228,0.0029922151450813873
Maize_directory_epoch2000,4,TCAT,8690,0.006150035385704176
Maize_directory_epoch2000,4,TCCA,6393,0.004524416135881104
Maize_directory_epoch2000,4,TCCC,4678,0.003310686482661005
Maize_directory_epoch2000,4,TCCG,5450,0.0038570417551309273
Maize_directory_epoch2000,4,TCCT,9010,0.00637650389242746
Maize_directory_epoch2000,4,TCGA,7517,0.005319886765746638
Maize_directory_epoch2000,4,TCGC,3894,0.0027558386411889596
Maize_directory_epoch2000,4,TCGG,3662,0.002591648973814579
Maize_directory_epoch2000,4,TCGT,6777,0.0047961783439490445
Maize_directory_epoch2000,4,TCTA,7766,0.005496107572540694
Maize_directory_epoch2000,4,TCTC,17046,0.012063694267515924
Maize_directory_epoch2000,4,TCTG,8519,0.0060290162774239205
Maize_directory_epoch2000,4,TCTT,21119,0.01494621372965322
Maize_directory_epoch2000,4,TGAA,7609,0.0053849964614295824
Maize_directory_epoch2000,4,TGAC,3617,0.002559801840056617
Maize_directory_epoch2000,4,TGAG,4715,0.003336871903750885
Maize_directory_epoch2000,4,TGAT,11680,0.008266100495399858
Maize_directory_epoch2000,4,TGCA,2713,0.0019200283085633405
Maize_directory_epoch2000,4,TGCC,2506,0.0017735314932767162
Maize_directory_epoch2000,4,TGCG,2210,0.0015640481245576788
Maize_directory_epoch2000,4,TGCT,5870,0.004154281670205237
Maize_directory_epoch2000,4,TGGA,5724,0.004050955414012739
Maize_directory_epoch2000,4,TGGC,2892,0.0020467091295116773
Maize_directory_epoch2000,4,TGGG,3183,0.0022526539278131634
Maize_directory_epoch2000,4,TGGT,6719,0.0047551309271054495
Maize_directory_epoch2000,4,TGTA,4946,0.003500353857041755
Maize_directory_epoch2000,4,TGTC,5482,0.0038796886058032553
Maize_directory_epoch2000,4,TGTG,5740,0.004062278839348903
Maize_directory_epoch2000,4,TGTT,15219,0.010770700636942675
Maize_directory_epoch2000,4,TTAA,9547,0.00675654635527247
Maize_directory_epoch2000,4,TTAC,5281,0.003737438075017693
Maize_directory_epoch2000,4,TTAG,6131,0.004338995046001415
Maize_directory_epoch2000,4,TTAT,13178,0.00932625619249823
Maize_directory_epoch2000,4,TTCA,10181,0.007205237084217976
Maize_directory_epoch2000,4,TTCC,9300,0.0065817409766454355
Maize_directory_epoch2000,4,TTCG,8305,0.005877565463552724
Maize_directory_epoch2000,4,TTCT,22475,0.015905874026893134
Maize_directory_epoch2000,4,TTGA,11555,0.008177636234961075
Maize_directory_epoch2000,4,TTGC,5725,0.004051663128096249
Maize_directory_epoch2000,4,TTGG,8136,0.00575796178343949
Maize_directory_epoch2000,4,TTGT,15042,0.01064543524416136
Maize_directory_epoch2000,4,TTTA,15064,0.010661004953998585
Maize_directory_epoch2000,4,TTTC,19981,0.014140835102618541
Maize_directory_epoch2000,4,TTTG,19532,0.013823071479122434
Maize_directory_epoch2000,4,TTTT,43743,0.030957537154989383
real_9000,5,AAAAA,10924,0.007780626780626781
real_9000,5,AAAAC,4032,0.002871794871794872
real_9000,5,AAAAG,3787,0.0026972934472934474
real_9000,5,AAAAT,5791,0.004124643874643875
real_9000,5,AAACA,3424,0.002438746438746439
real_9000,5,AAACC,2868,0.002042735042735043
real_9000,5,AAACG,1528,0.0010883190883190883
real_9000,5,AAACT,2668,0.0019002849002849004
real_9000,5,AAAGA,3978,0.0028333333333333335
real_9000,5,AAAGC,1897,0.001351139601139601
real_9000,5,AAAGG,1605,0.0011431623931623931
real_9000,5,AAAGT,2445,0.0017414529914529914
real_9000,5,AAATA,3777,0.00269017094017094
real_9000,5,AAATC,3621,0.002579059829059829
real_9000,5,AAATG,2366,0.0016851851851851852
real_9000,5,AAATT,4703,0.0033497150997150995
real_9000,5,AACAA,3702,0.0026367521367521365
real_9000,5,AACAC,1460,0.0010398860398860398
real_9000,5,AACAG,1303,0.0009280626780626781
real_9000,5,AACAT,1787,0.0012727920227920228
real_9000,5,AACCA,2072,0.0014757834757834758
real_9000,5,AACCC,1474,0.0010498575498575499
real_9000,5,AACCG,1181,0.0008411680911680912
real_9000,5,AACCT,1370,0.0009757834757834758
real_9000,5,AACGA,1569,0.0011175213675213675
real_9000,5,AACGC,689,0.0004907407407407407
real_9000,5,AACGG,842,0.0005997150997150997
real_9000,5,AACGT,885,0.0006303418803418803
real_9000,5,AACTA,1363,0.0009707977207977208
real_9000,5,AACTC,1778,0.0012663817663817664
real_9000,5,AACTG,876,0.0006239316239316239
real_9000,5,AACTT,2172,0.001547008547008547
real_9000,5,AAGAA,5278,0.003759259259259259
real_9000,5,AAGAC,1533,0.001091880341880342
real_9000,5,AAGAG,2238,0.0015940170940170941
real_9000,5,AAGAT,2839,0.002022079772079772
real_9000,5,AAGCA,1444,0.0010284900284900284
real_9000,5,AAGCC,1213,0.000863960113960114
real_9000,5,AAGCG,635,0.00045227920227920227
real_9000,5,AAGCT,2216,0.0015783475783475783
real_9000,5,AAGGA,1730,0.0012321937321937322
real_9000,5,AAGGC,756,0.0005384615384615384
real_9000,5,AAGGG,703,0.0005007122507122507
real_9000,5,AAGGT,1033,0.0007357549857549858
real_9000,5,AAGTA,1416,0.0010085470085470086
real_9000,5,AAGTC,1381,0.0009836182336182336
real_9000,5,AAGTG,1027,0.0007314814814814815
real_9000,5,AAGTT,2359,0.0016801994301994302
real_9000,5,AATAA,3718,0.002648148148148148
real_9000,5,AATAC,1187,0.0008454415954415954
real_9000,5,AATAG,1118,0.0007962962962962962
real_9000,5,AATAT,2757,0.0019636752136752136
real_9000,5,AATCA,2928,0.0020854700854700853
real_9000,5,AATCC,1950,0.001388888888888889
real_9000,5,AATCG,1693,0.0012058404558404558
real_9000,5,AATCT,3626,0.0025826210826210825
real_9000,5,AATGA,1793,0.001277065527065527
real_9000,5,AATGC,712,0.0005071225071225071
real_9000,5,AATGG,1940,0.0013817663817663817
real_9000,5,AATGT,1531,0.0010904558404558405
real_9000,5,AATTA,3190,0.0022720797720797723
real_9000,5,AATTC,2848,0.0020284900284900285
real_9000,5,AATTG,2416,0.0017207977207977208
real_9000,5,AATTT,5236,0.0037293447293447295
real_9000,5,ACAAA,3643,0.002594729344729345
real_9000,5,ACAAC,1558,0.0011096866096866097
real_9000,5,ACAAG,1494,0.001064102564102564
real_9000,5,ACAAT,1937,0.0013796296296296295
real_9000,5,ACACA,1601,0.0011403133903133903
real_9000,5,ACACC,746,0.0005313390313390313
real_9000,5,ACACG,767,0.0005462962962962962
real_9000,5,ACACT,1125,0.0008012820512820513
real_9000,5,ACAGA,1467,0.0010448717948717949
real_9000,5,ACAGC,576,0.00041025641025641023
real_9000,5,ACAGG,334,0.0002378917378917379
real_9000,5,ACAGT,874,0.0006225071225071225
real_9000,5,ACATA,1234,0.0008789173789173789
real_9000,5,ACATC,1170,0.0008333333333333334
real_9000,5,ACATG,968,0.0006894586894586895
real_9000,5,ACATT,1538,0.0010954415954415955
real_9000,5,ACCAA,2223,0.0015833333333333333
real_9000,5,ACCAC,1212,0.0008632478632478632
real_9000,5,ACCAG,758,0.0005398860398860398
real_9000,5,ACCAT,1296,0.0009230769230769231
real_9000,5,ACCCA,1050,0.0007478632478632479
real_9000,5,ACCCC,420,0.00029914529914529915
real_9000,5,ACCCG,464,0.00033048433048433047
real_9000,5,ACCCT,1046,0.000745014245014245
real_9000,5,ACCGA,913,0.0006502849002849003
real_9000,5,ACCGC,506,0.0003603988603988604
real_9000,5,ACCGG,965,0.0006873219373219374
real_9000,5,ACCGT,981,0.0006987179487179487
real_9000,5,ACCTA,733,0.0005220797720797721
real_9000,5,ACCTC,1088,0.0007749287749287749
real_9000,5,ACCTG,468,0.0003333333333333333
real_9000,5,ACCTT,1252,0.0008917378917378917
real_9000,5,ACGAA,1545,0.0011004273504273505
real_9000,5,ACGAC,1025,0.0007300569800569801
real_9000,5,ACGAG,840,0.0005982905982905983
real_9000,5,ACGAT,1204,0.0008575498575498575
real_9000,5,ACGCA,533,0.0003796296296296296
real_9000,5,ACGCC,522,0.0003717948717948718
real_9000,5,ACGCG,401,0.00028561253561253564
real_9000,5,ACGCT,596,0.0004245014245014245
real_9000,5,ACGGA,842,0.0005997150997150997
real_9000,5,ACGGC,696,0.0004957264957264957
real_9000,5,ACGGG,242,0.00017236467236467237
real_9000,5,ACGGT,766,0.0005455840455840455
real_9000,5,ACGTA,622,0.000443019943019943
real_9000,5,ACGTC,685,0.0004878917378917379
real_9000,5,ACGTG,870,0.0006196581196581197
real_9000,5,ACGTT,926,0.0006595441595441595
real_9000,5,ACTAA,1468,0.0010455840455840457
real_9000,5,ACTAC,844,0.0006011396011396011
real_9000,5,ACTAG,612,0.0004358974358974359
real_9000,5,ACTAT,1121,0.0007984330484330485
real_9000,5,ACTCA,1348,0.0009601139601139601
real_9000,5,ACTCC,985,0.0007015669515669516
real_9000,5,ACTCG,822,0.0005854700854700855
real_9000,5,ACTCT,2083,0.0014836182336182336
real_9000,5,ACTGA,930,0.0006623931623931624
real_9000,5,ACTGC,411,0.00029273504273504274
real_9000,5,ACTGG,532,0.0003789173789173789
real_9000,5,ACTGT,940,0.0006695156695156696
real_9000,5,ACTTA,1142,0.0008133903133903134
real_9000,5,ACTTC,1694,0.0012065527065527066
real_9000,5,ACTTG,1339,0.0009537037037037037
real_9000,5,ACTTT,2510,0.0017877492877492877
real_9000,5,AGAAA,4510,0.0032122507122507122
real_9000,5,AGAAC,1407,0.0010021367521367522
real_9000,5,AGAAG,3553,0.0025306267806267805
real_9000,5,AGAAT,2130,0.001517094017094017
real_9000,5,AGACA,1232,0.0008774928774928775
real_9000,5,AGACC,535,0.00038105413105413106
real_9000,5,AGACG,671,0.00047792022792022794
real_9000,5,AGACT,1067,0.0007599715099715099
real_9000,5,AGAGA,3675,0.0026175213675213673
real_9000,5,AGAGC,1056,0.0007521367521367521
real_9000,5,AGAGG,1112,0.000792022792022792
real_9000,5,AGAGT,1338,0.000952991452991453
real_9000,5,AGATA,1617,0.0011517094017094017
real_9000,5,AGATC,2203,0.001569088319088319
real_9000,5,AGATG,1577,0.0011232193732193731
real_9000,5,AGATT,2993,0.0021317663817663817
real_9000,5,AGCAA,1539,0.001096153846153846
real_9000,5,AGCAC,448,0.0003190883190883191
real_9000,5,AGCAG,927,0.0006602564102564102
real_9000,5,AGCAT,713,0.0005078347578347578
real_9000,5,AGCCA,992,0.0007065527065527066
real_9000,5,AGCCC,650,0.000462962962962963
real_9000,5,AGCCG,610,0.00043447293447293445
real_9000,5,AGCCT,660,0.0004700854700854701
real_9000,5,AGCGA,719,0.0005121082621082621
real_9000,5,AGCGC,222,0.00015811965811965813
real_9000,5,AGCGG,371,0.00026424501424501427
real_9000,5,AGCGT,468,0.0003333333333333333
real_9000,5,AGCTA,1143,0.0008141025641025641
real_9000,5,AGCTC,1567,0.0011160968660968661
real_9000,5,AGCTG,997,0.0007101139601139601
real_9000,5,AGCTT,2310,0.0016452991452991454
real_9000,5,AGGAA,1854,0.0013205128205128205
real_9000,5,AGGAC,534,0.00038034188034188036
real_9000,5,AGGAG,1231,0.0008767806267806268
real_9000,5,AGGAT,1054,0.0007507122507122507
real_9000,5,AGGCA,452,0.0003219373219373219
real_9000,5,AGGCC,583,0.00041524216524216524
real_9000,5,AGGCG,366,0.00026068376068376066
real_9000,5,AGGCT,610,0.00043447293447293445
real_9000,5,AGGGA,623,0.0004437321937321937
real_9000,5,AGGGC,281,0.00020014245014245014
real_9000,5,AGGGG,279,0.0001987179487179487
real_9000,5,AGGGT,980,0.000698005698005698
real_9000,5,AGGTA,484,0.00034472934472934473
real_9000,5,AGGTC,570,0.000405982905982906
real_9000,5,AGGTG,588,0.0004188034188034188
real_9000,5,AGGTT,1195,0.0008511396011396011
real_9000,5,AGTAA,1438,0.0010242165242165242
real_9000,5,AGTAC,611,0.0004351851851851852
real_9000,5,AGTAG,827,0.000589031339031339
real_9000,5,AGTAT,970,0.0006908831908831909
real_9000,5,AGTCA,1208,0.0008603988603988604
real_9000,5,AGTCC,611,0.0004351851851851852
real_9000,5,AGTCG,636,0.00045299145299145297
real_9000,5,AGTCT,1293,0.000920940170940171
real_9000,5,AGTGA,1141,0.0008126780626780627
real_9000,5,AGTGC,321,0.00022863247863247864
real_9000,5,AGTGG,784,0.0005584045584045584
real_9000,5,AGTGT,931,0.0006631054131054131
real_9000,5,AGTTA,1212,0.0008632478632478632
real_9000,5,AGTTC,1249,0.0008896011396011396
real_9000,5,AGTTG,1167,0.0008311965811965812
real_9000,5,AGTTT,3076,0.002190883190883191
real_9000,5,ATAAA,3726,0.0026538461538461538
real_9000,5,ATAAC,1261,0.0008981481481481481
real_9000,5,ATAAG,1300,0.000925925925925926
real_9000,5,ATAAT,2790,0.0019871794871794872
real_9000,5,ATACA,1312,0.0009344729344729345
real_9000,5,ATACC,616,0.00043874643874643876
real_9000,5,ATACG,604,0.0004301994301994302
real_9000,5,ATACT,1024,0.0007293447293447293
real_9000,5,ATAGA,1339,0.0009537037037037037
real_9000,5,ATAGC,598,0.00042592592592592595
real_9000,5,ATAGG,475,0.00033831908831908833
real_9000,5,ATAGT,1089,0.0007756410256410256
real_9000,5,ATATA,2603,0.001853988603988604
real_9000,5,ATATC,1529,0.001089031339031339
real_9000,5,ATATG,1303,0.0009280626780626781
real_9000,5,ATATT,2762,0.001967236467236467
real_9000,5,ATCAA,2969,0.0021146723646723645
real_9000,5,ATCAC,1460,0.0010398860398860398
real_9000,5,ATCAG,1352,0.000962962962962963
real_9000,5,ATCAT,2636,0.0018774928774928775
real_9000,5,ATCCA,1859,0.001324074074074074
real_9000,5,ATCCC,890,0.0006339031339031339
real_9000,5,ATCCG,1027,0.0007314814814814815
real_9000,5,ATCCT,1603,0.0011417378917378917
real_9000,5,ATCGA,1788,0.0012735042735042734
real_9000,5,ATCGC,796,0.000566951566951567
real_9000,5,ATCGG,1066,0.0007592592592592592
real_9000,5,ATCGT,1390,0.00099002849002849
real_9000,5,ATCTA,1696,0.001207977207977208
real_9000,5,ATCTC,3581,0.0025505698005698005
real_9000,5,ATCTG,1753,0.0012485754985754986
real_9000,5,ATCTT,3516,0.0025042735042735045
real_9000,5,ATGAA,2073,0.0014764957264957264
real_9000,5,ATGAC,913,0.0006502849002849003
real_9000,5,ATGAG,1035,0.0007371794871794872
real_9000,5,ATGAT,2151,0.001532051282051282
real_9000,5,ATGCA,748,0.0005327635327635327
real_9000,5,ATGCC,485,0.00034544159544159543
real_9000,5,ATGCG,375,0.0002670940170940171
real_9000,5,ATGCT,937,0.0006673789173789173
real_9000,5,ATGGA,1765,0.001257122507122507
real_9000,5,ATGGC,1372,0.0009772079772079772
real_9000,5,ATGGG,1130,0.0008048433048433049
real_9000,5,ATGGT,1192,0.000849002849002849
real_9000,5,ATGTA,1090,0.0007763532763532763
real_9000,5,ATGTC,1080,0.0007692307692307692
real_9000,5,ATGTG,1036,0.0007378917378917379
real_9000,5,ATGTT,2017,0.0014366096866096866
real_9000,5,ATTAA,2891,0.0020591168091168093
real_9000,5,ATTAC,1506,0.0010726495726495727
real_9000,5,ATTAG,1650,0.0011752136752136752
real_9000,5,ATTAT,2615,0.0018625356125356125
real_9000,5,ATTCA,2493,0.0017756410256410257
real_9000,5,ATTCC,1692,0.0012051282051282052
real_9000,5,ATTCG,1582,0.0011267806267806267
real_9000,5,ATTCT,3099,0.0022072649572649574
real_9000,5,ATTGA,2400,0.0017094017094017094
real_9000,5,ATTGC,979,0.0006972934472934473
real_9000,5,ATTGG,1530,0.0010897435897435897
real_9000,5,ATTGT,2014,0.0014344729344729344
real_9000,5,ATTTA,2845,0.0020263532763532765
real_9000,5,ATTTC,3767,0.002683048433048433
real_9000,5,ATTTG,3213,0.0022884615384615383
real_9000,5,ATTTT,6163,0.00438960113960114
real_9000,5,CAAAA,4918,0.003502849002849003
real_9000,5,CAAAC,2185,0.0015562678062678063
real_9000,5,CAAAG,2173,0.0015477207977207977
real_9000,5,CAAAT,3038,0.0021638176638176638
real_9000,5,CAACA,2018,0.0014373219373219374
real_9000,5,CAACC,1092,0.0007777777777777777
real_9000,5,CAACG,1077,0.0007670940170940171
real_9000,5,CAACT,1282,0.0009131054131054132
real_9000,5,CAAGA,1856,0.0013219373219373219
real_9000,5,CAAGC,1072,0.0007635327635327635
real_9000,5,CAAGG,837,0.0005961538461538462
real_9000,5,CAAGT,1355,0.0009650997150997151
real_9000,5,CAATA,1527,0.0010876068376068377
real_9000,5,CAATC,2152,0.0015327635327635329
real_9000,5,CAATG,1304,0.0009287749287749288
real_9000,5,CAATT,2807,0.0019992877492877492
real_9000,5,CACAA,1750,0.0012464387464387464
real_9000,5,CACAC,1148,0.0008176638176638177
real_9000,5,CACAG,706,0.0005028490028490028
real_9000,5,CACAT,1135,0.0008084045584045584
real_9000,5,CACCA,1566,0.0011153846153846153
real_9000,5,CACCC,410,0.00029202279202279204
real_9000,5,CACCG,1213,0.000863960113960114
real_9000,5,CACCT,820,0.0005840455840455841
real_9000,5,CACGA,808,0.0005754985754985755
real_9000,5,CACGC,459,0.0003269230769230769
real_9000,5,CACGG,445,0.00031695156695156696
real_9000,5,CACGT,932,0.0006638176638176638
real_9000,5,CACTA,900,0.000641025641025641
real_9000,5,CACTC,1200,0.0008547008547008547
real_9000,5,CACTG,717,0.0005106837606837607
real_9000,5,CACTT,1539,0.001096153846153846
real_9000,5,CAGAA,1734,0.001235042735042735
real_9000,5,CAGAC,680,0.00048433048433048435
real_9000,5,CAGAG,1427,0.0010163817663817664
real_9000,5,CAGAT,1591,0.0011331908831908831
real_9000,5,CAGCA,762,0.0005427350427350427
real_9000,5,CAGCC,561,0.0003995726495726496
real_9000,5,CAGCG,424,0.000301994301994302
real_9000,5,CAGCT,1160,0.0008262108262108262
real_9000,5,CAGGA,530,0.0003774928774928775
real_9000,5,CAGGC,307,0.00021866096866096865
real_9000,5,CAGGG,221,0.0001574074074074074
real_9000,5,CAGGT,373,0.00026566951566951567
real_9000,5,CAGTA,617,0.00043945868945868946
real_9000,5,CAGTC,646,0.00046011396011396013
real_9000,5,CAGTG,641,0.0004565527065527066
real_9000,5,CAGTT,1023,0.0007286324786324786
real_9000,5,CATAA,1528,0.0010883190883190883
real_9000,5,CATAC,606,0.0004316239316239316
real_9000,5,CATAG,662,0.0004715099715099715
real_9000,5,CATAT,1330,0.0009472934472934473
real_9000,5,CATCA,2180,0.0015527065527065527
real_9000,5,CATCC,928,0.0006609686609686609
real_9000,5,CATCG,1234,0.0008789173789173789
real_9000,5,CATCT,2121,0.0015106837606837606
real_9000,5,CATGA,990,0.0007051282051282052
real_9000,5,CATGC,449,0.0003198005698005698
real_9000,5,CATGG,1125,0.0008012820512820513
real_9000,5,CATGT,1163,0.0008283475783475784
real_9000,5,CATTA,1433,0.0010206552706552706
real_9000,5,CATTC,1306,0.0009301994301994302
real_9000,5,CATTG,1159,0.0008254985754985755
real_9000,5,CATTT,2686,0.0019131054131054132
real_9000,5,CCAAA,3051,0.002173076923076923
real_9000,5,CCAAC,1202,0.0008561253561253561
real_9000,5,CCAAG,1041,0.0007414529914529914
real_9000,5,CCAAT,1875,0.0013354700854700855
real_9000,5,CCACA,1047,0.0007457264957264957
real_9000,5,CCACC,1402,0.0009985754985754986
real_9000,5,CCACG,707,0.0005035612535612535
real_9000,5,CCACT,1004,0.0007150997150997151
real_9000,5,CCAGA,1099,0.0007827635327635327
real_9000,5,CCAGC,508,0.00036182336182336185
real_9000,5,CCAGG,299,0.00021296296296296298
real_9000,5,CCAGT,551,0.0003924501424501425
real_9000,5,CCATA,869,0.0006189458689458689
real_9000,5,CCATC,1362,0.0009700854700854701
real_9000,5,CCATG,964,0.0006866096866096866
real_9000,5,CCATT,1744,0.0012421652421652422
real_9000,5,CCCAA,1590,0.0011324786324786325
real_9000,5,CCCAC,730,0.0005199430199430199
real_9000,5,CCCAG,422,0.00030056980056980054
real_9000,5,CCCAT,1027,0.0007314814814814815
real_9000,5,CCCCA,615,0.00043803418803418806
real_9000,5,CCCCC,246,0.00017521367521367522
real_9000,5,CCCCG,220,0.0001566951566951567
real_9000,5,CCCCT,449,0.0003198005698005698
real_9000,5,CCCGA,534,0.00038034188034188036
real_9000,5,CCCGC,264,0.00018803418803418803
real_9000,5,CCCGG,362,0.0002578347578347578
real_9000,5,CCCGT,342,0.0002435897435897436
real_9000,5,CCCTA,853,0.0006075498575498576
real_9000,5,CCCTC,895,0.0006374643874643874
real_9000,5,CCCTG,317,0.00022578347578347579
real_9000,5,CCCTT,1019,0.0007257834757834758
real_9000,5,CCGAA,981,0.0006987179487179487
real_9000,5,CCGAC,848,0.000603988603988604
real_9000,5,CCGAG,582,0.00041452991452991454
real_9000,5,CCGAT,1382,0.0009843304843304844
real_9000,5,CCGCA,415,0.0002955840455840456
real_9000,5,CCGCC,990,0.0007051282051282052
real_9000,5,CCGCG,268,0.00019088319088319088
real_9000,5,CCGCT,548,0.0003903133903133903
real_9000,5,CCGGA,1062,0.0007564102564102564
real_9000,5,CCGGC,736,0.0005242165242165242
real_9000,5,CCGGG,297,0.00021153846153846155
real_9000,5,CCGGT,1014,0.0007222222222222222
real_9000,5,CCGTA,595,0.0004237891737891738
real_9000,5,CCGTC,1128,0.0008034188034188035
real_9000,5,CCGTG,536,0.00038176638176638176
real_9000,5,CCGTT,1173,0.0008354700854700855
real_9000,5,CCTAA,1317,0.0009380341880341881
real_9000,5,CCTAC,553,0.00039387464387464387
real_9000,5,CCTAG,502,0.00035754985754985754
real_9000,5,CCTAT,625,0.00044515669515669517
real_9000,5,CCTCA,1256,0.0008945868945868946
real_9000,5,CCTCC,1714,0.0012207977207977208
real_9000,5,CCTCG,760,0.0005413105413105413
real_9000,5,CCTCT,2229,0.0015876068376068377
real_9000,5,CCTGA,668,0.0004757834757834758
real_9000,5,CCTGC,326,0.0002321937321937322
real_9000,5,CCTGG,355,0.00025284900284900286
real_9000,5,CCTGT,500,0.00035612535612535614
real_9000,5,CCTTA,1057,0.0007528490028490028
real_9000,5,CCTTC,2007,0.0014294871794871796
real_9000,5,CCTTG,841,0.000599002849002849
real_9000,5,CCTTT,2083,0.0014836182336182336
real_9000,5,CGAAA,1776,0.001264957264957265
real_9000,5,CGAAC,720,0.0005128205128205128
real_9000,5,CGAAG,1286,0.000915954415954416
real_9000,5,CGAAT,1471,0.0010477207977207977
real_9000,5,CGACA,827,0.000589031339031339
real_9000,5,CGACC,583,0.00041524216524216524
real_9000,5,CGACG,1217,0.0008668091168091168
real_9000,5,CGACT,711,0.0005064102564102564
real_9000,5,CGAGA,1126,0.000801994301994302
real_9000,5,CGAGC,605,0.0004309116809116809
real_9000,5,CGAGG,534,0.00038034188034188036
real_9000,5,CGAGT,779,0.0005548433048433049
real_9000,5,CGATA,787,0.0005605413105413106
real_9000,5,CGATC,1531,0.0010904558404558405
real_9000,5,CGATG,1140,0.000811965811965812
real_9000,5,CGATT,2404,0.0017122507122507122
real_9000,5,CGCAA,629,0.000448005698005698
real_9000,5,CGCAC,284,0.0002022792022792023
real_9000,5,CGCAG,435,0.00030982905982905986
real_9000,5,CGCAT,414,0.0002948717948717949
real_9000,5,CGCCA,717,0.0005106837606837607
real_9000,5,CGCCC,141,0.00010042735042735043
real_9000,5,CGCCG,1489,0.0010605413105413105
real_9000,5,CGCCT,534,0.00038034188034188036
real_9000,5,CGCGA,353,0.0002514245014245014
real_9000,5,CGCGC,257,0.00018304843304843305
real_9000,5,CGCGG,250,0.00017806267806267807
real_9000,5,CGCGT,422,0.00030056980056980054
real_9000,5,CGCTA,426,0.0003034188034188034
real_9000,5,CGCTC,623,0.0004437321937321937
real_9000,5,CGCTG,513,0.0003653846153846154
real_9000,5,CGCTT,1016,0.0007236467236467237
real_9000,5,CGGAA,1138,0.0008105413105413106
real_9000,5,CGGAC,377,0.0002685185185185185
real_9000,5,CGGAG,1258,0.000896011396011396
real_9000,5,CGGAT,943,0.0006716524216524217
real_9000,5,CGGCA,449,0.0003198005698005698
real_9000,5,CGGCC,369,0.0002628205128205128
real_9000,5,CGGCG,1235,0.0008796296296296296
real_9000,5,CGGCT,620,0.0004415954415954416
real_9000,5,CGGGA,476,0.00033903133903133903
real_9000,5,CGGGC,142,0.00010113960113960115
real_9000,5,CGGGG,129,9.188034188034187e-05
real_9000,5,CGGGT,391,0.0002784900284900285
real_9000,5,CGGTA,497,0.000353988603988604
real_9000,5,CGGTC,457,0.0003254985754985755
real_9000,5,CGGTG,1036,0.0007378917378917379
real_9000,5,CGGTT,1190,0.0008475783475783476
real_9000,5,CGTAA,846,0.0006025641025641026
real_9000,5,CGTAC,447,0.00031837606837606836
real_9000,5,CGTAG,502,0.00035754985754985754
real_9000,5,CGTAT,768,0.000547008547008547
real_9000,5,CGTCA,1167,0.0008311965811965812
real_9000,5,CGTCC,595,0.0004237891737891738
real_9000,5,CGTCG,1425,0.001014957264957265
real_9000,5,CGTCT,937,0.0006673789173789173
real_9000,5,CGTGA,826,0.0005883190883190883
real_9000,5,CGTGC,346,0.00024643874643874645
real_9000,5,CGTGG,666,0.00047435897435897434
real_9000,5,CGTGT,981,0.0006987179487179487
real_9000,5,CGTTA,949,0.000675925925925926
real_9000,5,CGTTC,871,0.0006203703703703704
real_9000,5,CGTTG,1099,0.0007827635327635327
real_9000,5,CGTTT,2033,0.001448005698005698
real_9000,5,CTAAA,2259,0.001608974358974359
real_9000,5,CTAAC,900,0.000641025641025641
real_9000,5,CTAAG,832,0.0005925925925925926
real_9000,5,CTAAT,1891,0.001346866096866097
real_9000,5,CTACA,936,0.0006666666666666666
real_9000,5,CTACC,667,0.0004750712250712251
real_9000,5,CTACG,631,0.0004494301994301994
real_9000,5,CTACT,1221,0.0008696581196581196
real_9000,5,CTAGA,908,0.0006467236467236467
real_9000,5,CTAGC,505,0.0003596866096866097
real_9000,5,CTAGG,555,0.0003952991452991453
real_9000,5,CTAGT,786,0.0005598290598290599
real_9000,5,CTATA,1025,0.0007300569800569801
real_9000,5,CTATC,1173,0.0008354700854700855
real_9000,5,CTATG,833,0.0005933048433048433
real_9000,5,CTATT,1479,0.0010534188034188035
real_9000,5,CTCAA,2378,0.0016937321937321938
real_9000,5,CTCAC,1358,0.0009672364672364672
real_9000,5,CTCAG,1224,0.0008717948717948718
real_9000,5,CTCAT,1670,0.0011894586894586894
real_9000,5,CTCCA,1853,0.0013198005698005699
real_9000,5,CTCCC,902,0.0006424501424501424
real_9000,5,CTCCG,1825,0.0012998575498575499
real_9000,5,CTCCT,2415,0.00172008547008547
real_9000,5,CTCGA,1336,0.0009515669515669516
real_9000,5,CTCGC,832,0.0005925925925925926
real_9000,5,CTCGG,578,0.0004116809116809117
real_9000,5,CTCGT,1261,0.0008981481481481481
real_9000,5,CTCTA,1733,0.0012343304843304844
real_9000,5,CTCTC,5652,0.004025641025641026
real_9000,5,CTCTG,2157,0.0015363247863247863
real_9000,5,CTCTT,4248,0.0030256410256410257
real_9000,5,CTGAA,1545,0.0011004273504273505
real_9000,5,CTGAC,595,0.0004237891737891738
real_9000,5,CTGAG,915,0.0006517094017094017
real_9000,5,CTGAT,1617,0.0011517094017094017
real_9000,5,CTGCA,652,0.0004643874643874644
real_9000,5,CTGCC,418,0.00029772079772079775
real_9000,5,CTGCG,486,0.00034615384615384613
real_9000,5,CTGCT,1139,0.0008112535612535613
real_9000,5,CTGGA,879,0.0006260683760683761
real_9000,5,CTGGC,380,0.0002706552706552707
real_9000,5,CTGGG,617,0.00043945868945868946
real_9000,5,CTGGT,884,0.0006296296296296296
real_9000,5,CTGTA,829,0.0005904558404558405
real_9000,5,CTGTC,811,0.0005776353276353277
real_9000,5,CTGTG,841,0.000599002849002849
real_9000,5,CTGTT,2010,0.0014316239316239316
real_9000,5,CTTAA,1735,0.0012357549857549858
real_9000,5,CTTAC,1191,0.0008482905982905983
real_9000,5,CTTAG,942,0.000670940170940171
real_9000,5,CTTAT,1851,0.0013183760683760683
real_9000,5,CTTCA,3051,0.002173076923076923
real_9000,5,CTTCC,2436,0.001735042735042735
real_9000,5,CTTCG,1731,0.0012329059829059828
real_9000,5,CTTCT,6568,0.004678062678062678
real_9000,5,CTTGA,1571,0.001118945868945869
real_9000,5,CTTGC,843,0.0006004273504273504
real_9000,5,CTTGG,1037,0.0007386039886039886
real_9000,5,CTTGT,1844,0.0013133903133903135
real_9000,5,CTTTA,2120,0.00150997150997151
real_9000,5,CTTTC,3131,0.0022300569800569802
real_9000,5,CTTTG,2323,0.0016545584045584046
real_9000,5,CTTTT,4543,0.003235754985754986
real_9000,5,GAAAA,4274,0.003044159544159544
real_9000,5,GAAAC,2223,0.0015833333333333333
real_9000,5,GAAAG,2055,0.0014636752136752136
real_9000,5,GAAAT,2704,0.001925925925925926
real_9000,5,GAACA,1319,0.0009394586894586895
real_9000,5,GAACC,1037,0.0007386039886039886
real_9000,5,GAACG,613,0.0004366096866096866
real_9000,5,GAACT,995,0.0007086894586894587
real_9000,5,GAAGA,4377,0.0031175213675213673
real_9000,5,GAAGC,1613,0.001148860398860399
real_9000,5,GAAGG,1082,0.0007706552706552706
real_9000,5,GAAGT,1303,0.0009280626780626781
real_9000,5,GAATA,1262,0.0008988603988603988
real_9000,5,GAATC,2434,0.0017336182336182336
real_9000,5,GAATG,912,0.0006495726495726495
real_9000,5,GAATT,2636,0.0018774928774928775
real_9000,5,GACAA,1433,0.0010206552706552706
real_9000,5,GACAC,704,0.0005014245014245014
real_9000,5,GACAG,545,0.00038817663817663817
real_9000,5,GACAT,829,0.0005904558404558405
real_9000,5,GACCA,848,0.000603988603988604
real_9000,5,GACCC,548,0.0003903133903133903
real_9000,5,GACCG,385,0.0002742165242165242
real_9000,5,GACCT,560,0.0003988603988603989
real_9000,5,GACGA,1378,0.0009814814814814814
real_9000,5,GACGC,448,0.0003190883190883191
real_9000,5,GACGG,678,0.0004829059829059829
real_9000,5,GACGT,634,0.00045156695156695157
real_9000,5,GACTA,697,0.0004964387464387464
real_9000,5,GACTC,998,0.0007108262108262108
real_9000,5,GACTG,473,0.0003368945868945869
real_9000,5,GACTT,1263,0.0008995726495726495
real_9000,5,GAGAA,3048,0.002170940170940171
real_9000,5,GAGAC,652,0.0004643874643874644
real_9000,5,GAGAG,2423,0.0017257834757834758
real_9000,5,GAGAT,2192,0.0015612535612535613
real_9000,5,GAGCA,789,0.000561965811965812
real_9000,5,GAGCC,606,0.0004316239316239316
real_9000,5,GAGCG,381,0.00027136752136752137
real_9000,5,GAGCT,1453,0.0010349002849002848
real_9000,5,GAGGA,1716,0.0012222222222222222
real_9000,5,GAGGC,544,0.00038746438746438747
real_9000,5,GAGGG,413,0.00029415954415954414
real_9000,5,GAGGT,743,0.0005292022792022792
real_9000,5,GAGTA,785,0.0005591168091168092
real_9000,5,GAGTC,932,0.0006638176638176638
real_9000,5,GAGTG,718,0.0005113960113960114
real_9000,5,GAGTT,1618,0.0011524216524216523
real_9000,5,GATAA,1718,0.0012236467236467236
real_9000,5,GATAC,744,0.0005299145299145299
real_9000,5,GATAG,743,0.0005292022792022792
real_9000,5,GATAT,1465,0.0010434472934472935
real_9000,5,GATCA,1651,0.001175925925925926
real_9000,5,GATCC,1392,0.0009914529914529914
real_9000,5,GATCG,1232,0.0008774928774928775
real_9000,5,GATCT,2528,0.0018005698005698005
real_9000,5,GATGA,2070,0.0014743589743589744
real_9000,5,GATGC,775,0.000551994301994302
real_9000,5,GATGG,1244,0.000886039886039886
real_9000,5,GATGT,1153,0.0008212250712250713
real_9000,5,GATTA,1867,0.0013297720797720797
real_9000,5,GATTC,3037,0.002163105413105413
real_9000,5,GATTG,1707,0.0012158119658119658
real_9000,5,GATTT,4281,0.0030491452991452993
real_9000,5,GCAAA,1649,0.0011745014245014246
real_9000,5,GCAAC,804,0.0005726495726495727
real_9000,5,GCAAG,723,0.0005149572649572649
real_9000,5,GCAAT,948,0.0006752136752136753
real_9000,5,GCACA,436,0.00031054131054131056
real_9000,5,GCACC,344,0.000245014245014245
real_9000,5,GCACG,271,0.000193019943019943
real_9000,5,GCACT,329,0.00023433048433048434
real_9000,5,GCAGA,900,0.000641025641025641
real_9000,5,GCAGC,730,0.0005199430199430199
real_9000,5,GCAGG,220,0.0001566951566951567
real_9000,5,GCAGT,409,0.0002913105413105413
real_9000,5,GCATA,457,0.0003254985754985755
real_9000,5,GCATC,699,0.0004978632478632479
real_9000,5,GCATG,440,0.0003133903133903134
real_9000,5,GCATT,719,0.0005121082621082621
real_9000,5,GCCAA,955,0.0006801994301994302
real_9000,5,GCCAC,797,0.0005676638176638177
real_9000,5,GCCAG,348,0.00024786324786324785
real_9000,5,GCCAT,812,0.0005783475783475784
real_9000,5,GCCCA,961,0.0006844729344729345
real_9000,5,GCCCC,194,0.0001381766381766382
real_9000,5,GCCCG,160,0.00011396011396011396
real_9000,5,GCCCT,338,0.00024074074074074075
real_9000,5,GCCGA,698,0.0004971509971509971
real_9000,5,GCCGC,688,0.00049002849002849
real_9000,5,GCCGG,712,0.0005071225071225071
real_9000,5,GCCGT,881,0.0006274928774928775
real_9000,5,GCCTA,440,0.0003133903133903134
real_9000,5,GCCTC,749,0.0005334757834757834
real_9000,5,GCCTG,263,0.00018732193732193733
real_9000,5,GCCTT,828,0.0005897435897435898
real_9000,5,GCGAA,751,0.0005349002849002849
real_9000,5,GCGAC,536,0.00038176638176638176
real_9000,5,GCGAG,517,0.00036823361823361825
real_9000,5,GCGAT,847,0.0006032763532763533
real_9000,5,GCGCA,223,0.00015883190883190883
real_9000,5,GCGCC,335,0.0002386039886039886
real_9000,5,GCGCG,181,0.0001289173789173789
real_9000,5,GCGCT,275,0.00019586894586894586
real_9000,5,GCGGA,526,0.00037464387464387466
real_9000,5,GCGGC,620,0.0004415954415954416
real_9000,5,GCGGG,171,0.0001217948717948718
real_9000,5,GCGGT,480,0.0003418803418803419
real_9000,5,GCGTA,329,0.00023433048433048434
real_9000,5,GCGTC,522,0.0003717948717948718
real_9000,5,GCGTG,378,0.0002692307692307692
real_9000,5,GCGTT,726,0.0005170940170940171
real_9000,5,GCTAA,1060,0.000754985754985755
real_9000,5,GCTAC,636,0.00045299145299145297
real_9000,5,GCTAG,511,0.00036396011396011395
real_9000,5,GCTAT,725,0.0005163817663817664
real_9000,5,GCTCA,999,0.0007115384615384616
real_9000,5,GCTCC,909,0.0006474358974358974
real_9000,5,GCTCG,655,0.00046652421652421653
real_9000,5,GCTCT,1530,0.0010897435897435897
real_9000,5,GCTGA,934,0.0006652421652421652
real_9000,5,GCTGC,697,0.0004964387464387464
real_9000,5,GCTGG,526,0.00037464387464387466
real_9000,5,GCTGT,699,0.0004978632478632479
real_9000,5,GCTTA,1077,0.0007670940170940171
real_9000,5,GCTTC,2184,0.0015555555555555555
real_9000,5,GCTTG,957,0.0006816239316239317
real_9000,5,GCTTT,2145,0.0015277777777777779
real_9000,5,GGAAA,2099,0.001495014245014245
real_9000,5,GGAAC,826,0.0005883190883190883
real_9000,5,GGAAG,1470,0.001047008547008547
real_9000,5,GGAAT,1365,0.0009722222222222222
real_9000,5,GGACA,543,0.00038675213675213677
real_9000,5,GGACC,474,0.00033760683760683763
real_9000,5,GGACG,392,0.0002792022792022792
real_9000,5,GGACT,523,0.0003725071225071225
real_9000,5,GGAGA,1785,0.0012713675213675214
real_9000,5,GGAGC,796,0.000566951566951567
real_9000,5,GGAGG,1037,0.0007386039886039886
real_9000,5,GGAGT,739,0.0005263532763532763
real_9000,5,GGATA,797,0.0005676638176638177
real_9000,5,GGATC,1220,0.0008689458689458689
real_9000,5,GGATG,729,0.0005192307692307692
real_9000,5,GGATT,1802,0.0012834757834757834
real_9000,5,GGCAA,833,0.0005933048433048433
real_9000,5,GGCAC,278,0.000198005698005698
real_9000,5,GGCAG,339,0.00024145299145299145
real_9000,5,GGCAT,423,0.0003012820512820513
real_9000,5,GGCCA,575,0.00040954415954415953
real_9000,5,GGCCC,553,0.00039387464387464387
real_9000,5,GGCCG,415,0.0002955840455840456
real_9000,5,GGCCT,515,0.0003668091168091168
real_9000,5,GGCGA,955,0.0006801994301994302
real_9000,5,GGCGC,315,0.00022435897435897436
real_9000,5,GGCGG,848,0.000603988603988604
real_9000,5,GGCGT,517,0.00036823361823361825
real_9000,5,GGCTA,617,0.00043945868945868946
real_9000,5,GGCTC,738,0.0005256410256410256
real_9000,5,GGCTG,531,0.0003782051282051282
real_9000,5,GGCTT,1146,0.0008162393162393163
real_9000,5,GGGAA,999,0.0007115384615384616
real_9000,5,GGGAC,314,0.00022364672364672366
real_9000,5,GGGAG,490,0.000349002849002849
real_9000,5,GGGAT,741,0.0005277777777777777
real_9000,5,GGGCA,300,0.00021367521367521368
real_9000,5,GGGCC,509,0.00036253561253561255
real_9000,5,GGGCG,137,9.757834757834758e-05
real_9000,5,GGGCT,612,0.0004358974358974359
real_9000,5,GGGGA,458,0.0003262108262108262
real_9000,5,GGGGC,183,0.00013034188034188033
real_9000,5,GGGGG,194,0.0001381766381766382
real_9000,5,GGGGT,356,0.00025356125356125356
real_9000,5,GGGTA,467,0.0003326210826210826
real_9000,5,GGGTC,534,0.00038034188034188036
real_9000,5,GGGTG,328,0.00023361823361823362
real_9000,5,GGGTT,1679,0.0011958689458689458
real_9000,5,GGTAA,867,0.0006175213675213675
real_9000,5,GGTAC,420,0.00029914529914529915
real_9000,5,GGTAG,442,0.0003148148148148148
real_9000,5,GGTAT,618,0.00044017094017094016
real_9000,5,GGTCA,867,0.0006175213675213675
real_9000,5,GGTCC,511,0.00036396011396011395
real_9000,5,GGTCG,514,0.0003660968660968661
real_9000,5,GGTCT,633,0.00045085470085470087
real_9000,5,GGTGA,1111,0.0007913105413105414
real_9000,5,GGTGC,340,0.00024216524216524217
real_9000,5,GGTGG,1091,0.000777065527065527
real_9000,5,GGTGT,776,0.0005527065527065528
real_9000,5,GGTTA,1045,0.0007443019943019943
real_9000,5,GGTTC,1291,0.0009195156695156696
real_9000,5,GGTTG,869,0.0006189458689458689
real_9000,5,GGTTT,3036,0.0021623931623931626
real_9000,5,GTAAA,1693,0.0012058404558404558
real_9000,5,GTAAC,901,0.0006417378917378917
real_9000,5,GTAAG,671,0.00047792022792022794
real_9000,5,GTAAT,1411,0.001004985754985755
real_9000,5,GTACA,618,0.00044017094017094016
real_9000,5,GTACC,427,0.00030413105413105415
real_9000,5,GTACG,424,0.000301994301994302
real_9000,5,GTACT,675,0.0004807692307692308
real_9000,5,GTAGA,942,0.000670940170940171
real_9000,5,GTAGC,543,0.00038675213675213677
real_9000,5,GTAGG,323,0.00023005698005698006
real_9000,5,GTAGT,785,0.0005591168091168092
real_9000,5,GTATA,967,0.0006887464387464388
real_9000,5,GTATC,923,0.0006574074074074074
real_9000,5,GTATG,660,0.0004700854700854701
real_9000,5,GTATT,1239,0.0008824786324786325
real_9000,5,GTCAA,1660,0.0011823361823361824
real_9000,5,GTCAC,1018,0.0007250712250712251
real_9000,5,GTCAG,654,0.00046581196581196583
real_9000,5,GTCAT,1111,0.0007913105413105414
real_9000,5,GTCCA,794,0.0005655270655270656
real_9000,5,GTCCC,460,0.0003276353276353276
real_9000,5,GTCCG,434,0.0003091168091168091
real_9000,5,GTCCT,720,0.0005128205128205128
real_9000,5,GTCGA,958,0.0006823361823361824
real_9000,5,GTCGC,592,0.00042165242165242164
real_9000,5,GTCGG,671,0.00047792022792022794
real_9000,5,GTCGT,1118,0.0007962962962962962
real_9000,5,GTCTA,861,0.0006132478632478632
real_9000,5,GTCTC,1054,0.0007507122507122507
real_9000,5,GTCTG,794,0.0005655270655270656
real_9000,5,GTCTT,2003,0.0014266381766381766
real_9000,5,GTGAA,1578,0.001123931623931624
real_9000,5,GTGAC,748,0.0005327635327635327
real_9000,5,GTGAG,808,0.0005754985754985755
real_9000,5,GTGAT,1427,0.0010163817663817664
real_9000,5,GTGCA,368,0.0002621082621082621
real_9000,5,GTGCC,275,0.00019586894586894586
real_9000,5,GTGCG,250,0.00017806267806267807
real_9000,5,GTGCT,566,0.00040313390313390313
real_9000,5,GTGGA,1147,0.000816951566951567
real_9000,5,GTGGC,726,0.0005170940170940171
real_9000,5,GTGGG,580,0.0004131054131054131
real_9000,5,GTGGT,1106,0.0007877492877492877
real_9000,5,GTGTA,846,0.0006025641025641026
real_9000,5,GTGTC,862,0.000613960113960114
real_9000,5,GTGTG,953,0.0006787749287749288
real_9000,5,GTGTT,1837,0.0013084045584045585
real_9000,5,GTTAA,1477,0.001051994301994302
real_9000,5,GTTAC,1041,0.0007414529914529914
real_9000,5,GTTAG,927,0.0006602564102564102
real_9000,5,GTTAT,1427,0.0010163817663817664
real_9000,5,GTTCA,1395,0.0009935897435897436
real_9000,5,GTTCC,1116,0.0007948717948717948
real_9000,5,GTTCG,883,0.0006289173789173789
real_9000,5,GTTCT,2105,0.0014992877492877492
real_9000,5,GTTGA,1813,0.0012913105413105413
real_9000,5,GTTGC,834,0.000594017094017094
real_9000,5,GTTGG,1060,0.000754985754985755
real_9000,5,GTTGT,1714,0.0012207977207977208
real_9000,5,GTTTA,2200,0.0015669515669515669
real_9000,5,GTTTC,3248,0.0023133903133903135
real_9000,5,GTTTG,2231,0.001589031339031339
real_9000,5,GTTTT,4922,0.0035056980056980057
real_9000,5,TAAAA,4348,0.003096866096866097
real_9000,5,TAAAC,2020,0.0014387464387464388
real_9000,5,TAAAG,1916,0.0013646723646723647
real_9000,5,TAAAT,2944,0.002096866096866097
real_9000,5,TAACA,1464,0.0010427350427350426
real_9000,5,TAACC,1094,0.0007792022792022792
real_9000,5,TAACG,768,0.000547008547008547
real_9000,5,TAACT,1241,0.0008839031339031339
real_9000,5,TAAGA,1660,0.0011823361823361824
real_9000,5,TAAGC,909,0.0006474358974358974
real_9000,5,TAAGG,694,0.0004943019943019943
real_9000,5,TAAGT,1077,0.0007670940170940171
real_9000,5,TAATA,2217,0.001579059829059829
real_9000,5,TAATC,1991,0.0014180911680911682
real_9000,5,TAATG,1387,0.0009878917378917378
real_9000,5,TAATT,3543,0.0025235042735042737
real_9000,5,TACAA,1747,0.0012443019943019942
real_9000,5,TACAC,920,0.0006552706552706552
real_9000,5,TACAG,699,0.0004978632478632479
real_9000,5,TACAT,1160,0.0008262108262108262
real_9000,5,TACCA,982,0.0006994301994301995
real_9000,5,TACCC,552,0.00039316239316239317
real_9000,5,TACCG,586,0.0004173789173789174
real_9000,5,TACCT,795,0.0005662393162393163
real_9000,5,TACGA,862,0.000613960113960114
real_9000,5,TACGC,463,0.00032977207977207977
real_9000,5,TACGG,583,0.00041524216524216524
real_9000,5,TACGT,657,0.00046794871794871793
real_9000,5,TACTA,1087,0.0007742165242165242
real_9000,5,TACTC,1258,0.000896011396011396
real_9000,5,TACTG,745,0.0005306267806267806
real_9000,5,TACTT,1714,0.0012207977207977208
real_9000,5,TAGAA,1515,0.001079059829059829
real_9000,5,TAGAC,632,0.0004501424501424501
real_9000,5,TAGAG,1090,0.0007763532763532763
real_9000,5,TAGAT,1766,0.0012578347578347578
real_9000,5,TAGCA,627,0.00044658119658119656
real_9000,5,TAGCC,538,0.0003831908831908832
real_9000,5,TAGCG,340,0.00024216524216524217
real_9000,5,TAGCT,1196,0.0008518518518518519
real_9000,5,TAGGA,700,0.0004985754985754986
real_9000,5,TAGGC,406,0.0002891737891737892
real_9000,5,TAGGG,837,0.0005961538461538462
real_9000,5,TAGGT,690,0.0004914529914529915
real_9000,5,TAGTA,1030,0.0007336182336182336
real_9000,5,TAGTC,788,0.0005612535612535613
real_9000,5,TAGTG,798,0.0005683760683760684
real_9000,5,TAGTT,1703,0.001212962962962963
real_9000,5,TATAA,2106,0.0015
real_9000,5,TATAC,1013,0.0007215099715099715
real_9000,5,TATAG,980,0.000698005698005698
real_9000,5,TATAT,2642,0.0018817663817663817
real_9000,5,TATCA,1650,0.0011752136752136752
real_9000,5,TATCC,1095,0.0007799145299145299
real_9000,5,TATCG,885,0.0006303418803418803
real_9000,5,TATCT,2285,0.0016274928774928775
real_9000,5,TATGA,1324,0.000943019943019943
real_9000,5,TATGC,622,0.000443019943019943
real_9000,5,TATGG,1159,0.0008254985754985755
real_9000,5,TATGT,1368,0.0009743589743589744
real_9000,5,TATTA,2162,0.0015398860398860399
real_9000,5,TATTC,1675,0.001193019943019943
real_9000,5,TATTG,1658,0.001180911680911681
real_9000,5,TATTT,3780,0.002692307692307692
real_9000,5,TCAAA,3943,0.0028084045584045583
real_9000,5,TCAAC,1898,0.001351851851851852
real_9000,5,TCAAG,1858,0.0013233618233618233
real_9000,5,TCAAT,3030,0.002158119658119658
real_9000,5,TCACA,1653,0.0011773504273504274
real_9000,5,TCACC,1508,0.001074074074074074
real_9000,5,TCACG,904,0.0006438746438746438
real_9000,5,TCACT,1900,0.0013532763532763533
real_9000,5,TCAGA,1963,0.0013981481481481481
real_9000,5,TCAGC,1096,0.0007806267806267806
real_9000,5,TCAGG,582,0.00041452991452991454
real_9000,5,TCAGT,1104,0.0007863247863247863
real_9000,5,TCATA,1553,0.001106125356125356
real_9000,5,TCATC,3231,0.002301282051282051
real_9000,5,TCATG,1360,0.0009686609686609687
real_9000,5,TCATT,2586,0.001841880341880342
real_9000,5,TCCAA,2408,0.001715099715099715
real_9000,5,TCCAC,1422,0.0010128205128205128
real_9000,5,TCCAG,933,0.0006645299145299145
real_9000,5,TCCAT,1803,0.0012841880341880343
real_9000,5,TCCCA,1144,0.0008148148148148148
real_9000,5,TCCCC,673,0.00047934472934472934
real_9000,5,TCCCG,652,0.0004643874643874644
real_9000,5,TCCCT,1252,0.0008917378917378917
real_9000,5,TCCGA,1653,0.0011773504273504274
real_9000,5,TCCGC,765,0.0005448717948717948
real_9000,5,TCCGG,1078,0.0007678062678062678
real_9000,5,TCCGT,1233,0.0008782051282051282
real_9000,5,TCCTA,972,0.0006923076923076923
real_9000,5,TCCTC,3221,0.0022941595441595443
real_9000,5,TCCTG,805,0.0005733618233618234
real_9000,5,TCCTT,2860,0.002037037037037037
real_9000,5,TCGAA,1967,0.001400997150997151
real_9000,5,TCGAC,926,0.0006595441595441595
real_9000,5,TCGAG,1115,0.0007941595441595441
real_9000,5,TCGAT,2439,0.0017371794871794872
real_9000,5,TCGCA,587,0.0004180911680911681
real_9000,5,TCGCC,1042,0.0007421652421652422
real_9000,5,TCGCG,431,0.000306980056980057
real_9000,5,TCGCT,1160,0.0008262108262108262
real_9000,5,TCGGA,1280,0.0009116809116809116
real_9000,5,TCGGC,620,0.0004415954415954416
real_9000,5,TCGGG,428,0.00030484330484330485
real_9000,5,TCGGT,921,0.0006559829059829059
real_9000,5,TCGTA,1023,0.0007286324786324786
real_9000,5,TCGTC,1791,0.0012756410256410256
real_9000,5,TCGTG,1045,0.0007443019943019943
real_9000,5,TCGTT,2153,0.0015334757834757835
real_9000,5,TCTAA,2031,0.0014465811965811966
real_9000,5,TCTAC,1419,0.0010106837606837606
real_9000,5,TCTAG,1136,0.0008091168091168092
real_9000,5,TCTAT,2032,0.0014472934472934474
real_9000,5,TCTCA,3031,0.002158831908831909
real_9000,5,TCTCC,3371,0.002400997150997151
real_9000,5,TCTCG,1785,0.0012713675213675214
real_9000,5,TCTCT,7915,0.005637464387464388
real_9000,5,TCTGA,2138,0.0015227920227920229
real_9000,5,TCTGC,1259,0.0008967236467236467
real_9000,5,TCTGG,1345,0.000957977207977208
real_9000,5,TCTGT,2355,0.0016773504273504274
real_9000,5,TCTTA,2442,0.0017393162393162392
real_9000,5,TCTTC,7894,0.005622507122507122
real_9000,5,TCTTG,2159,0.0015377492877492877
real_9000,5,TCTTT,5377,0.00382977207977208
real_9000,5,TGAAA,2886,0.0020555555555555557
real_9000,5,TGAAC,1017,0.0007243589743589744
real_9000,5,TGAAG,2053,0.0014622507122507122
real_9000,5,TGAAT,2281,0.0016246438746438747
real_9000,5,TGACA,914,0.000650997150997151
real_9000,5,TGACC,744,0.0005299145299145299
real_9000,5,TGACG,844,0.0006011396011396011
real_9000,5,TGACT,1145,0.0008155270655270656
real_9000,5,TGAGA,1751,0.0012471509971509972
real_9000,5,TGAGC,763,0.0005434472934472934
real_9000,5,TGAGG,740,0.000527065527065527
real_9000,5,TGAGT,1202,0.0008561253561253561
real_9000,5,TGATA,1469,0.0010462962962962963
real_9000,5,TGATC,1853,0.0013198005698005699
real_9000,5,TGATG,1799,0.0012813390313390312
real_9000,5,TGATT,3715,0.002646011396011396
real_9000,5,TGCAA,1123,0.0007998575498575499
real_9000,5,TGCAC,372,0.00026495726495726497
real_9000,5,TGCAG,556,0.000396011396011396
real_9000,5,TGCAT,763,0.0005434472934472934
real_9000,5,TGCCA,632,0.0004501424501424501
real_9000,5,TGCCC,317,0.00022578347578347579
real_9000,5,TGCCG,470,0.0003347578347578348
real_9000,5,TGCCT,576,0.00041025641025641023
real_9000,5,TGCGA,610,0.00043447293447293445
real_9000,5,TGCGC,216,0.00015384615384615385
real_9000,5,TGCGG,318,0.00022649572649572648
real_9000,5,TGCGT,549,0.000391025641025641
real_9000,5,TGCTA,741,0.0005277777777777777
real_9000,5,TGCTC,1170,0.0008333333333333334
real_9000,5,TGCTG,814,0.0005797720797720798
real_9000,5,TGCTT,1902,0.0013547008547008547
real_9000,5,TGGAA,1781,0.0012685185185185184
real_9000,5,TGGAC,700,0.0004985754985754986
real_9000,5,TGGAG,1380,0.000982905982905983
real_9000,5,TGGAT,1825,0.0012998575498575499
real_9000,5,TGGCA,680,0.00048433048433048435
real_9000,5,TGGCC,606,0.0004316239316239316
real_9000,5,TGGCG,900,0.000641025641025641
real_9000,5,TGGCT,1194,0.0008504273504273504
real_9000,5,TGGGA,983,0.0007001424501424502
real_9000,5,TGGGC,953,0.0006787749287749288
real_9000,5,TGGGG,591,0.00042094017094017095
real_9000,5,TGGGT,1290,0.0009188034188034189
real_9000,5,TGGTA,916,0.0006524216524216524
real_9000,5,TGGTC,977,0.0006958689458689459
real_9000,5,TGGTG,1376,0.00098005698005698
real_9000,5,TGGTT,2191,0.0015605413105413105
real_9000,5,TGTAA,1516,0.0010797720797720797
real_9000,5,TGTAC,670,0.0004772079772079772
real_9000,5,TGTAG,828,0.0005897435897435898
real_9000,5,TGTAT,1433,0.0010206552706552706
real_9000,5,TGTCA,1189,0.0008468660968660969
real_9000,5,TGTCC,698,0.0004971509971509971
real_9000,5,TGTCG,778,0.0005541310541310542
real_9000,5,TGTCT,1856,0.0013219373219373219
real_9000,5,TGTGA,1489,0.0010605413105413105
real_9000,5,TGTGC,450,0.0003205128205128205
real_9000,5,TGTGG,1023,0.0007286324786324786
real_9000,5,TGTGT,1820,0.0012962962962962963
real_9000,5,TGTTA,1681,0.0011972934472934474
real_9000,5,TGTTC,2092,0.00149002849002849
real_9000,5,TGTTG,2283,0.0016260683760683761
real_9000,5,TGTTT,4473,0.003185897435897436
real_9000,5,TTAAA,3554,0.0025313390313390313
real_9000,5,TTAAC,1509,0.0010747863247863249
real_9000,5,TTAAG,1532,0.001091168091168091
real_9000,5,TTAAT,3035,0.0021616809116809118
real_9000,5,TTACA,1656,0.0011794871794871796
real_9000,5,TTACC,1205,0.0008582621082621083
real_9000,5,TTACG,915,0.0006517094017094017
real_9000,5,TTACT,1882,0.0013404558404558405
real_9000,5,TTAGA,1811,0.0012898860398860399
real_9000,5,TTAGC,1059,0.0007542735042735043
real_9000,5,TTAGG,1276,0.0009088319088319088
real_9000,5,TTAGT,1665,0.001185897435897436
real_9000,5,TTATA,2133,0.0015192307692307692
real_9000,5,TTATC,2286,0.0016282051282051281
real_9000,5,TTATG,1672,0.001190883190883191
real_9000,5,TTATT,3778,0.002690883190883191
real_9000,5,TTCAA,3691,0.002628917378917379
real_9000,5,TTCAC,2131,0.0015178062678062678
real_9000,5,TTCAG,1516,0.0010797720797720797
real_9000,5,TTCAT,3301,0.002351139601139601
real_9000,5,TTCCA,2072,0.0014757834757834758
real_9000,5,TTCCC,1465,0.0010434472934472935
real_9000,5,TTCCG,1462,0.0010413105413105412
real_9000,5,TTCCT,3113,0.0022172364672364674
real_9000,5,TTCGA,2361,0.0016816239316239316
real_9000,5,TTCGC,1009,0.0007186609686609687
real_9000,5,TTCGG,945,0.000673076923076923
real_9000,5,TTCGT,2244,0.0015982905982905983
real_9000,5,TTCTA,2315,0.001648860398860399
real_9000,5,TTCTC,5758,0.004101139601139601
real_9000,5,TTCTG,2407,0.0017143874643874644
real_9000,5,TTCTT,8074,0.005750712250712251
real_9000,5,TTGAA,3050,0.002172364672364672
real_9000,5,TTGAC,1384,0.0009857549857549858
real_9000,5,TTGAG,1692,0.0012051282051282052
real_9000,5,TTGAT,3657,0.0026047008547008545
real_9000,5,TTGCA,1042,0.0007421652421652422
real_9000,5,TTGCC,826,0.0005883190883190883
real_9000,5,TTGCG,591,0.00042094017094017095
real_9000,5,TTGCT,1986,0.0014145299145299146
real_9000,5,TTGGA,1910,0.0013603988603988603
real_9000,5,TTGGC,895,0.0006374643874643874
real_9000,5,TTGGG,1484,0.001056980056980057
real_9000,5,TTGGT,2286,0.0016282051282051281
real_9000,5,TTGTA,1680,0.0011965811965811966
real_9000,5,TTGTC,1769,0.00125997150997151
real_9000,5,TTGTG,1968,0.0014017094017094018
real_9000,5,TTGTT,4671,0.0033269230769230767
real_9000,5,TTTAA,3532,0.0025156695156695157
real_9000,5,TTTAC,1920,0.0013675213675213675
real_9000,5,TTTAG,2289,0.0016303418803418803
real_9000,5,TTTAT,3971,0.0028283475783475783
real_9000,5,TTTCA,3690,0.002628205128205128
real_9000,5,TTTCC,2870,0.002044159544159544
real_9000,5,TTTCG,2351,0.0016745014245014246
real_9000,5,TTTCT,6757,0.004812678062678062
real_9000,5,TTTGA,4019,0.0028625356125356123
real_9000,5,TTTGC,1789,0.0012742165242165242
real_9000,5,TTTGG,2962,0.0021096866096866097
real_9000,5,TTTGT,4531,0.003227207977207977
real_9000,5,TTTTA,4544,0.0032364672364672367
real_9000,5,TTTTC,5530,0.003938746438746438
real_9000,5,TTTTG,5553,0.003955128205128205
real_9000,5,TTTTT,10970,0.007813390313390314
Ara_directory_epoch2000,5,AAAAA,12696,0.009042735042735043
Ara_directory_epoch2000,5,AAAAC,4556,0.003245014245014245
Ara_directory_epoch2000,5,AAAAG,4211,0.0029992877492877493
Ara_directory_epoch2000,5,AAAAT,5849,0.004165954415954416
Ara_directory_epoch2000,5,AAACA,3866,0.0027535612535612534
Ara_directory_epoch2000,5,AAACC,3010,0.0021438746438746437
Ara_directory_epoch2000,5,AAACG,1631,0.0011616809116809118
Ara_directory_epoch2000,5,AAACT,2792,0.0019886039886039884
Ara_directory_epoch2000,5,AAAGA,4522,0.0032207977207977206
Ara_directory_epoch2000,5,AAAGC,2228,0.001586894586894587
Ara_directory_epoch2000,5,AAAGG,1750,0.0012464387464387464
Ara_directory_epoch2000,5,AAAGT,2233,0.0015904558404558405
Ara_directory_epoch2000,5,AAATA,4040,0.0028774928774928776
Ara_directory_epoch2000,5,AAATC,3910,0.002784900284900285
Ara_directory_epoch2000,5,AAATG,2200,0.0015669515669515669
Ara_directory_epoch2000,5,AAATT,4226,0.00300997150997151
Ara_directory_epoch2000,5,AACAA,4050,0.0028846153846153848
Ara_directory_epoch2000,5,AACAC,1734,0.001235042735042735
Ara_directory_epoch2000,5,AACAG,1314,0.0009358974358974359
Ara_directory_epoch2000,5,AACAT,2084,0.0014843304843304844
Ara_directory_epoch2000,5,AACCA,2574,0.0018333333333333333
Ara_directory_epoch2000,5,AACCC,1764,0.0012564102564102564
Ara_directory_epoch2000,5,AACCG,1221,0.0008696581196581196
Ara_directory_epoch2000,5,AACCT,1800,0.001282051282051282
Ara_directory_epoch2000,5,AACGA,1758,0.0012521367521367522
Ara_directory_epoch2000,5,AACGC,753,0.0005363247863247863
Ara_directory_epoch2000,5,AACGG,994,0.000707977207977208
Ara_directory_epoch2000,5,AACGT,1073,0.0007642450142450142
Ara_directory_epoch2000,5,AACTA,1630,0.001160968660968661
Ara_directory_epoch2000,5,AACTC,2105,0.0014992877492877492
Ara_directory_epoch2000,5,AACTG,990,0.0007051282051282052
Ara_directory_epoch2000,5,AACTT,2187,0.0015576923076923077
Ara_directory_epoch2000,5,AAGAA,5485,0.003906695156695157
Ara_directory_epoch2000,5,AAGAC,1868,0.0013304843304843305
Ara_directory_epoch2000,5,AAGAG,2415,0.00172008547008547
Ara_directory_epoch2000,5,AAGAT,3085,0.0021972934472934474
Ara_directory_epoch2000,5,AAGCA,1853,0.0013198005698005699
Ara_directory_epoch2000,5,AAGCC,1484,0.001056980056980057
Ara_directory_epoch2000,5,AAGCG,802,0.0005712250712250713
Ara_directory_epoch2000,5,AAGCT,2335,0.0016631054131054132
Ara_directory_epoch2000,5,AAGGA,2163,0.0015405982905982907
Ara_directory_epoch2000,5,AAGGC,1005,0.0007158119658119658
Ara_directory_epoch2000,5,AAGGG,743,0.0005292022792022792
Ara_directory_epoch2000,5,AAGGT,1205,0.0008582621082621083
Ara_directory_epoch2000,5,AAGTA,1376,0.00098005698005698
Ara_directory_epoch2000,5,AAGTC,1402,0.0009985754985754986
Ara_directory_epoch2000,5,AAGTG,960,0.0006837606837606838
Ara_directory_epoch2000,5,AAGTT,1961,0.0013967236467236467
Ara_directory_epoch2000,5,AATAA,3779,0.0026915954415954414
Ara_directory_epoch2000,5,AATAC,1477,0.001051994301994302
Ara_directory_epoch2000,5,AATAG,1384,0.0009857549857549858
Ara_directory_epoch2000,5,AATAT,2663,0.0018967236467236468
Ara_directory_epoch2000,5,AATCA,3170,0.002257834757834758
Ara_directory_epoch2000,5,AATCC,2445,0.0017414529914529914
Ara_directory_epoch2000,5,AATCG,1704,0.0012136752136752136
Ara_directory_epoch2000,5,AATCT,3613,0.0025733618233618233
Ara_directory_epoch2000,5,AATGA,1982,0.0014116809116809118
Ara_directory_epoch2000,5,AATGC,853,0.0006075498575498576
Ara_directory_epoch2000,5,AATGG,1609,0.001146011396011396
Ara_directory_epoch2000,5,AATGT,1504,0.0010712250712250713
Ara_directory_epoch2000,5,AATTA,2659,0.001893874643874644
Ara_directory_epoch2000,5,AATTC,2780,0.00198005698005698
Ara_directory_epoch2000,5,AATTG,1768,0.0012592592592592592
Ara_directory_epoch2000,5,AATTT,3764,0.002680911680911681
Ara_directory_epoch2000,5,ACAAA,4195,0.002987891737891738
Ara_directory_epoch2000,5,ACAAC,1878,0.0013376068376068377
Ara_directory_epoch2000,5,ACAAG,1661,0.001183048433048433
Ara_directory_epoch2000,5,ACAAT,2299,0.0016374643874643875
Ara_directory_epoch2000,5,ACACA,1610,0.0011467236467236467
Ara_directory_epoch2000,5,ACACC,1112,0.000792022792022792
Ara_directory_epoch2000,5,ACACG,780,0.0005555555555555556
Ara_directory_epoch2000,5,ACACT,1266,0.0009017094017094017
Ara_directory_epoch2000,5,ACAGA,1416,0.0010085470085470086
Ara_directory_epoch2000,5,ACAGC,758,0.0005398860398860398
Ara_directory_epoch2000,5,ACAGG,546,0.00038888888888888887
Ara_directory_epoch2000,5,ACAGT,834,0.000594017094017094
Ara_directory_epoch2000,5,ACATA,1402,0.0009985754985754986
Ara_directory_epoch2000,5,ACATC,1562,0.0011125356125356125
Ara_directory_epoch2000,5,ACATG,1107,0.0007884615384615384
Ara_directory_epoch2000,5,ACATT,1690,0.0012037037037037038
Ara_directory_epoch2000,5,ACCAA,2504,0.0017834757834757835
Ara_directory_epoch2000,5,ACCAC,1562,0.0011125356125356125
Ara_directory_epoch2000,5,ACCAG,999,0.0007115384615384616
Ara_directory_epoch2000,5,ACCAT,1679,0.0011958689458689458
Ara_directory_epoch2000,5,ACCCA,1409,0.0010035612535612536
Ara_directory_epoch2000,5,ACCCC,737,0.0005249287749287749
Ara_directory_epoch2000,5,ACCCG,679,0.0004836182336182336
Ara_directory_epoch2000,5,ACCCT,1110,0.0007905982905982907
Ara_directory_epoch2000,5,ACCGA,1144,0.0008148148148148148
Ara_directory_epoch2000,5,ACCGC,789,0.000561965811965812
Ara_directory_epoch2000,5,ACCGG,888,0.0006324786324786325
Ara_directory_epoch2000,5,ACCGT,1017,0.0007243589743589744
Ara_directory_epoch2000,5,ACCTA,912,0.0006495726495726495
Ara_directory_epoch2000,5,ACCTC,1522,0.001084045584045584
Ara_directory_epoch2000,5,ACCTG,690,0.0004914529914529915
Ara_directory_epoch2000,5,ACCTT,1526,0.0010868945868945869
Ara_directory_epoch2000,5,ACGAA,1891,0.001346866096866097
Ara_directory_epoch2000,5,ACGAC,1173,0.0008354700854700855
Ara_directory_epoch2000,5,ACGAG,1041,0.0007414529914529914
Ara_directory_epoch2000,5,ACGAT,1523,0.0010847578347578347
Ara_directory_epoch2000,5,ACGCA,614,0.0004373219373219373
Ara_directory_epoch2000,5,ACGCC,715,0.0005092592592592592
Ara_directory_epoch2000,5,ACGCG,369,0.0002628205128205128
Ara_directory_epoch2000,5,ACGCT,728,0.0005185185185185185
Ara_directory_epoch2000,5,ACGGA,1114,0.0007934472934472935
Ara_directory_epoch2000,5,ACGGC,911,0.0006488603988603988
Ara_directory_epoch2000,5,ACGGG,358,0.000254985754985755
Ara_directory_epoch2000,5,ACGGT,854,0.0006082621082621083
Ara_directory_epoch2000,5,ACGTA,640,0.0004558404558404558
Ara_directory_epoch2000,5,ACGTC,994,0.000707977207977208
Ara_directory_epoch2000,5,ACGTG,649,0.0004622507122507122
Ara_directory_epoch2000,5,ACGTT,1016,0.0007236467236467237
Ara_directory_epoch2000,5,ACTAA,1653,0.0011773504273504274
Ara_directory_epoch2000,5,ACTAC,935,0.0006659544159544159
Ara_directory_epoch2000,5,ACTAG,642,0.0004572649572649573
Ara_directory_epoch2000,5,ACTAT,1335,0.0009508547008547009
Ara_directory_epoch2000,5,ACTCA,1606,0.001143874643874644
Ara_directory_epoch2000,5,ACTCC,1476,0.0010512820512820513
Ara_directory_epoch2000,5,ACTCG,935,0.0006659544159544159
Ara_directory_epoch2000,5,ACTCT,2171,0.0015462962962962963
Ara_directory_epoch2000,5,ACTGA,971,0.0006915954415954416
Ara_directory_epoch2000,5,ACTGC,558,0.0003974358974358974
Ara_directory_epoch2000,5,ACTGG,697,0.0004964387464387464
Ara_directory_epoch2000,5,ACTGT,793,0.0005648148148148149
Ara_directory_epoch2000,5,ACTTA,1292,0.0009202279202279203
Ara_directory_epoch2000,5,ACTTC,1925,0.0013710826210826211
Ara_directory_epoch2000,5,ACTTG,1070,0.0007621082621082621
Ara_directory_epoch2000,5,ACTTT,2168,0.001544159544159544
Ara_directory_epoch2000,5,AGAAA,4939,0.0035178062678062677
Ara_directory_epoch2000,5,AGAAC,1668,0.001188034188034188
Ara_directory_epoch2000,5,AGAAG,3613,0.0025733618233618233
Ara_directory_epoch2000,5,AGAAT,2236,0.0015925925925925925
Ara_directory_epoch2000,5,AGACA,1479,0.0010534188034188035
Ara_directory_epoch2000,5,AGACC,909,0.0006474358974358974
Ara_directory_epoch2000,5,AGACG,1130,0.0008048433048433049
Ara_directory_epoch2000,5,AGACT,1041,0.0007414529914529914
Ara_directory_epoch2000,5,AGAGA,2951,0.0021018518518518517
Ara_directory_epoch2000,5,AGAGC,1128,0.0008034188034188035
Ara_directory_epoch2000,5,AGAGG,1251,0.000891025641025641
Ara_directory_epoch2000,5,AGAGT,1215,0.0008653846153846154
Ara_directory_epoch2000,5,AGATA,1766,0.0012578347578347578
Ara_directory_epoch2000,5,AGATC,2142,0.0015256410256410257
Ara_directory_epoch2000,5,AGATG,1720,0.001225071225071225
Ara_directory_epoch2000,5,AGATT,2338,0.0016652421652421652
Ara_directory_epoch2000,5,AGCAA,1817,0.001294159544159544
Ara_directory_epoch2000,5,AGCAC,772,0.0005498575498575498
Ara_directory_epoch2000,5,AGCAG,987,0.000702991452991453
Ara_directory_epoch2000,5,AGCAT,1007,0.0007172364672364672
Ara_directory_epoch2000,5,AGCCA,1235,0.0008796296296296296
Ara_directory_epoch2000,5,AGCCC,649,0.0004622507122507122
Ara_directory_epoch2000,5,AGCCG,860,0.0006125356125356125
Ara_directory_epoch2000,5,AGCCT,853,0.0006075498575498576
Ara_directory_epoch2000,5,AGCGA,876,0.0006239316239316239
Ara_directory_epoch2000,5,AGCGC,351,0.00025
Ara_directory_epoch2000,5,AGCGG,556,0.000396011396011396
Ara_directory_epoch2000,5,AGCGT,534,0.00038034188034188036
Ara_directory_epoch2000,5,AGCTA,1187,0.0008454415954415954
Ara_directory_epoch2000,5,AGCTC,1725,0.0012286324786324786
Ara_directory_epoch2000,5,AGCTG,1022,0.0007279202279202279
Ara_directory_epoch2000,5,AGCTT,1945,0.0013853276353276353
Ara_directory_epoch2000,5,AGGAA,2131,0.0015178062678062678
Ara_directory_epoch2000,5,AGGAC,626,0.00044586894586894586
Ara_directory_epoch2000,5,AGGAG,1609,0.001146011396011396
Ara_directory_epoch2000,5,AGGAT,1287,0.0009166666666666666
Ara_directory_epoch2000,5,AGGCA,653,0.0004650997150997151
Ara_directory_epoch2000,5,AGGCC,554,0.00039458689458689457
Ara_directory_epoch2000,5,AGGCG,488,0.0003475783475783476
Ara_directory_epoch2000,5,AGGCT,816,0.0005811965811965812
Ara_directory_epoch2000,5,AGGGA,860,0.0006125356125356125
Ara_directory_epoch2000,5,AGGGC,361,0.0002571225071225071
Ara_directory_epoch2000,5,AGGGG,321,0.00022863247863247864
Ara_directory_epoch2000,5,AGGGT,568,0.0004045584045584046
Ara_directory_epoch2000,5,AGGTA,695,0.000495014245014245
Ara_directory_epoch2000,5,AGGTC,668,0.0004757834757834758
Ara_directory_epoch2000,5,AGGTG,658,0.0004686609686609687
Ara_directory_epoch2000,5,AGGTT,1104,0.0007863247863247863
Ara_directory_epoch2000,5,AGTAA,1437,0.0010235042735042734
Ara_directory_epoch2000,5,AGTAC,595,0.0004237891737891738
Ara_directory_epoch2000,5,AGTAG,784,0.0005584045584045584
Ara_directory_epoch2000,5,AGTAT,957,0.0006816239316239317
Ara_directory_epoch2000,5,AGTCA,1185,0.000844017094017094
Ara_directory_epoch2000,5,AGTCC,666,0.00047435897435897434
Ara_directory_epoch2000,5,AGTCG,771,0.0005491452991452992
Ara_directory_epoch2000,5,AGTCT,1270,0.0009045584045584045
Ara_directory_epoch2000,5,AGTGA,1025,0.0007300569800569801
Ara_directory_epoch2000,5,AGTGC,373,0.00026566951566951567
Ara_directory_epoch2000,5,AGTGG,820,0.0005840455840455841
Ara_directory_epoch2000,5,AGTGT,749,0.0005334757834757834
Ara_directory_epoch2000,5,AGTTA,1196,0.0008518518518518519
Ara_directory_epoch2000,5,AGTTC,1303,0.0009280626780626781
Ara_directory_epoch2000,5,AGTTG,1008,0.000717948717948718
Ara_directory_epoch2000,5,AGTTT,2028,0.0014444444444444444
Ara_directory_epoch2000,5,ATAAA,4005,0.0028525641025641028
Ara_directory_epoch2000,5,ATAAC,1601,0.0011403133903133903
Ara_directory_epoch2000,5,ATAAG,1468,0.0010455840455840457
Ara_directory_epoch2000,5,ATAAT,2566,0.0018276353276353277
Ara_directory_epoch2000,5,ATACA,1510,0.0010754985754985755
Ara_directory_epoch2000,5,ATACC,943,0.0006716524216524217
Ara_directory_epoch2000,5,ATACG,702,0.0005
Ara_directory_epoch2000,5,ATACT,1267,0.0009024216524216524
Ara_directory_epoch2000,5,ATAGA,1492,0.0010626780626780627
Ara_directory_epoch2000,5,ATAGC,792,0.0005641025641025641
Ara_directory_epoch2000,5,ATAGG,638,0.0004544159544159544
Ara_directory_epoch2000,5,ATAGT,1026,0.0007307692307692308
Ara_directory_epoch2000,5,ATATA,2157,0.0015363247863247863
Ara_directory_epoch2000,5,ATATC,1611,0.0011474358974358973
Ara_directory_epoch2000,5,ATATG,1128,0.0008034188034188035
Ara_directory_epoch2000,5,ATATT,2406,0.0017136752136752136
Ara_directory_epoch2000,5,ATCAA,3213,0.0022884615384615383
Ara_directory_epoch2000,5,ATCAC,1973,0.0014052706552706554
Ara_directory_epoch2000,5,ATCAG,1405,0.0010007122507122506
Ara_directory_epoch2000,5,ATCAT,2449,0.0017443019943019942
Ara_directory_epoch2000,5,ATCCA,2162,0.0015398860398860399
Ara_directory_epoch2000,5,ATCCC,1269,0.0009038461538461538
Ara_directory_epoch2000,5,ATCCG,1265,0.000900997150997151
Ara_directory_epoch2000,5,ATCCT,1928,0.0013732193732193731
Ara_directory_epoch2000,5,ATCGA,1768,0.0012592592592592592
Ara_directory_epoch2000,5,ATCGC,1068,0.0007606837606837607
Ara_directory_epoch2000,5,ATCGG,1048,0.0007464387464387464
Ara_directory_epoch2000,5,ATCGT,1377,0.0009807692307692308
Ara_directory_epoch2000,5,ATCTA,1924,0.0013703703703703703
Ara_directory_epoch2000,5,ATCTC,3465,0.002467948717948718
Ara_directory_epoch2000,5,ATCTG,1606,0.001143874643874644
Ara_directory_epoch2000,5,ATCTT,3369,0.0023995726495726496
Ara_directory_epoch2000,5,ATGAA,2393,0.0017044159544159544
Ara_directory_epoch2000,5,ATGAC,1278,0.0009102564102564102
Ara_directory_epoch2000,5,ATGAG,1201,0.0008554131054131054
Ara_directory_epoch2000,5,ATGAT,1933,0.0013767806267806267
Ara_directory_epoch2000,5,ATGCA,795,0.0005662393162393163
Ara_directory_epoch2000,5,ATGCC,615,0.00043803418803418806
Ara_directory_epoch2000,5,ATGCG,461,0.00032834757834757837
Ara_directory_epoch2000,5,ATGCT,1047,0.0007457264957264957
Ara_directory_epoch2000,5,ATGGA,1690,0.0012037037037037038
Ara_directory_epoch2000,5,ATGGC,1314,0.0009358974358974359
Ara_directory_epoch2000,5,ATGGG,889,0.0006331908831908832
Ara_directory_epoch2000,5,ATGGT,1405,0.0010007122507122506
Ara_directory_epoch2000,5,ATGTA,1055,0.0007514245014245014
Ara_directory_epoch2000,5,ATGTC,1116,0.0007948717948717948
Ara_directory_epoch2000,5,ATGTG,957,0.0006816239316239317
Ara_directory_epoch2000,5,ATGTT,1658,0.001180911680911681
Ara_directory_epoch2000,5,ATTAA,2728,0.001943019943019943
Ara_directory_epoch2000,5,ATTAC,1387,0.0009878917378917378
Ara_directory_epoch2000,5,ATTAG,1157,0.0008240740740740741
Ara_directory_epoch2000,5,ATTAT,2308,0.001643874643874644
Ara_directory_epoch2000,5,ATTCA,2370,0.001688034188034188
Ara_directory_epoch2000,5,ATTCC,1863,0.0013269230769230769
Ara_directory_epoch2000,5,ATTCG,1298,0.0009245014245014245
Ara_directory_epoch2000,5,ATTCT,2913,0.002074786324786325
Ara_directory_epoch2000,5,ATTGA,1638,0.0011666666666666668
Ara_directory_epoch2000,5,ATTGC,962,0.0006851851851851852
Ara_directory_epoch2000,5,ATTGG,1325,0.0009437321937321938
Ara_directory_epoch2000,5,ATTGT,1581,0.0011260683760683761
Ara_directory_epoch2000,5,ATTTA,2486,0.0017706552706552707
Ara_directory_epoch2000,5,ATTTC,2747,0.0019565527065527064
Ara_directory_epoch2000,5,ATTTG,2072,0.0014757834757834758
Ara_directory_epoch2000,5,ATTTT,4102,0.0029216524216524216
Ara_directory_epoch2000,5,CAAAA,5084,0.003621082621082621
Ara_directory_epoch2000,5,CAAAC,2517,0.0017927350427350427
Ara_directory_epoch2000,5,CAAAG,2446,0.0017421652421652422
Ara_directory_epoch2000,5,CAAAT,3152,0.002245014245014245
Ara_directory_epoch2000,5,CAACA,2125,0.0015135327635327634
Ara_directory_epoch2000,5,CAACC,1679,0.0011958689458689458
Ara_directory_epoch2000,5,CAACG,1307,0.0009309116809116809
Ara_directory_epoch2000,5,CAACT,1595,0.0011360398860398861
Ara_directory_epoch2000,5,CAAGA,2183,0.0015548433048433049
Ara_directory_epoch2000,5,CAAGC,1312,0.0009344729344729345
Ara_directory_epoch2000,5,CAAGG,1075,0.0007656695156695156
Ara_directory_epoch2000,5,CAAGT,1173,0.0008354700854700855
Ara_directory_epoch2000,5,CAATA,1765,0.001257122507122507
Ara_directory_epoch2000,5,CAATC,2399,0.0017086894586894586
Ara_directory_epoch2000,5,CAATG,1460,0.0010398860398860398
Ara_directory_epoch2000,5,CAATT,2387,0.0017001424501424502
Ara_directory_epoch2000,5,CACAA,2231,0.001589031339031339
Ara_directory_epoch2000,5,CACAC,1182,0.0008418803418803419
Ara_directory_epoch2000,5,CACAG,895,0.0006374643874643874
Ara_directory_epoch2000,5,CACAT,1298,0.0009245014245014245
Ara_directory_epoch2000,5,CACCA,1884,0.001341880341880342
Ara_directory_epoch2000,5,CACCC,805,0.0005733618233618234
Ara_directory_epoch2000,5,CACCG,1401,0.0009978632478632478
Ara_directory_epoch2000,5,CACCT,1126,0.000801994301994302
Ara_directory_epoch2000,5,CACGA,1164,0.0008290598290598291
Ara_directory_epoch2000,5,CACGC,558,0.0003974358974358974
Ara_directory_epoch2000,5,CACGG,719,0.0005121082621082621
Ara_directory_epoch2000,5,CACGT,824,0.0005868945868945869
Ara_directory_epoch2000,5,CACTA,1083,0.0007713675213675213
Ara_directory_epoch2000,5,CACTC,1476,0.0010512820512820513
Ara_directory_epoch2000,5,CACTG,809,0.0005762108262108262
Ara_directory_epoch2000,5,CACTT,1569,0.0011175213675213675
Ara_directory_epoch2000,5,CAGAA,1970,0.0014031339031339032
Ara_directory_epoch2000,5,CAGAC,794,0.0005655270655270656
Ara_directory_epoch2000,5,CAGAG,1251,0.000891025641025641
Ara_directory_epoch2000,5,CAGAT,1561,0.001111823361823362
Ara_directory_epoch2000,5,CAGCA,896,0.0006381766381766382
Ara_directory_epoch2000,5,CAGCC,715,0.0005092592592592592
Ara_directory_epoch2000,5,CAGCG,644,0.0004586894586894587
Ara_directory_epoch2000,5,CAGCT,1192,0.000849002849002849
Ara_directory_epoch2000,5,CAGGA,828,0.0005897435897435898
Ara_directory_epoch2000,5,CAGGC,382,0.00027207977207977207
Ara_directory_epoch2000,5,CAGGG,334,0.0002378917378917379
Ara_directory_epoch2000,5,CAGGT,558,0.0003974358974358974
Ara_directory_epoch2000,5,CAGTA,643,0.000457977207977208
Ara_directory_epoch2000,5,CAGTC,758,0.0005398860398860398
Ara_directory_epoch2000,5,CAGTG,690,0.0004914529914529915
Ara_directory_epoch2000,5,CAGTT,1086,0.0007735042735042735
Ara_directory_epoch2000,5,CATAA,1771,0.0012613960113960114
Ara_directory_epoch2000,5,CATAC,925,0.0006588319088319088
Ara_directory_epoch2000,5,CATAG,744,0.0005299145299145299
Ara_directory_epoch2000,5,CATAT,1408,0.0010028490028490028
Ara_directory_epoch2000,5,CATCA,2283,0.0016260683760683761
Ara_directory_epoch2000,5,CATCC,1407,0.0010021367521367522
Ara_directory_epoch2000,5,CATCG,1453,0.0010349002849002848
Ara_directory_epoch2000,5,CATCT,2284,0.0016267806267806267
Ara_directory_epoch2000,5,CATGA,1257,0.0008952991452991453
Ara_directory_epoch2000,5,CATGC,600,0.00042735042735042735
Ara_directory_epoch2000,5,CATGG,1233,0.0008782051282051282
Ara_directory_epoch2000,5,CATGT,1044,0.0007435897435897436
Ara_directory_epoch2000,5,CATTA,1509,0.0010747863247863249
Ara_directory_epoch2000,5,CATTC,1560,0.0011111111111111111
Ara_directory_epoch2000,5,CATTG,1161,0.0008269230769230769
Ara_directory_epoch2000,5,CATTT,2240,0.0015954415954415955
Ara_directory_epoch2000,5,CCAAA,3236,0.0023048433048433047
Ara_directory_epoch2000,5,CCAAC,1626,0.0011581196581196582
Ara_directory_epoch2000,5,CCAAG,1426,0.0010156695156695156
Ara_directory_epoch2000,5,CCAAT,2063,0.0014693732193732194
Ara_directory_epoch2000,5,CCACA,1505,0.0010719373219373219
Ara_directory_epoch2000,5,CCACC,1621,0.0011545584045584045
Ara_directory_epoch2000,5,CCACG,990,0.0007051282051282052
Ara_directory_epoch2000,5,CCACT,1317,0.0009380341880341881
Ara_directory_epoch2000,5,CCAGA,1265,0.000900997150997151
Ara_directory_epoch2000,5,CCAGC,804,0.0005726495726495727
Ara_directory_epoch2000,5,CCAGG,425,0.0003027065527065527
Ara_directory_epoch2000,5,CCAGT,735,0.0005235042735042735
Ara_directory_epoch2000,5,CCATA,1193,0.0008497150997150997
Ara_directory_epoch2000,5,CCATC,1871,0.0013326210826210827
Ara_directory_epoch2000,5,CCATG,1150,0.0008190883190883191
Ara_directory_epoch2000,5,CCATT,1710,0.001217948717948718
Ara_directory_epoch2000,5,CCCAA,1897,0.001351139601139601
Ara_directory_epoch2000,5,CCCAC,983,0.0007001424501424502
Ara_directory_epoch2000,5,CCCAG,603,0.0004294871794871795
Ara_directory_epoch2000,5,CCCAT,1208,0.0008603988603988604
Ara_directory_epoch2000,5,CCCCA,1019,0.0007257834757834758
Ara_directory_epoch2000,5,CCCCC,497,0.000353988603988604
Ara_directory_epoch2000,5,CCCCG,426,0.0003034188034188034
Ara_directory_epoch2000,5,CCCCT,676,0.0004814814814814815
Ara_directory_epoch2000,5,CCCGA,820,0.0005840455840455841
Ara_directory_epoch2000,5,CCCGC,412,0.00029344729344729344
Ara_directory_epoch2000,5,CCCGG,375,0.0002670940170940171
Ara_directory_epoch2000,5,CCCGT,570,0.000405982905982906
Ara_directory_epoch2000,5,CCCTA,807,0.0005747863247863248
Ara_directory_epoch2000,5,CCCTC,1346,0.0009586894586894587
Ara_directory_epoch2000,5,CCCTG,492,0.00035042735042735044
Ara_directory_epoch2000,5,CCCTT,1237,0.000881054131054131
Ara_directory_epoch2000,5,CCGAA,1380,0.000982905982905983
Ara_directory_epoch2000,5,CCGAC,1084,0.000772079772079772
Ara_directory_epoch2000,5,CCGAG,794,0.0005655270655270656
Ara_directory_epoch2000,5,CCGAT,1374,0.0009786324786324786
Ara_directory_epoch2000,5,CCGCA,652,0.0004643874643874644
Ara_directory_epoch2000,5,CCGCC,1402,0.0009985754985754986
Ara_directory_epoch2000,5,CCGCG,450,0.0003205128205128205
Ara_directory_epoch2000,5,CCGCT,960,0.0006837606837606838
Ara_directory_epoch2000,5,CCGGA,1130,0.0008048433048433049
Ara_directory_epoch2000,5,CCGGC,985,0.0007015669515669516
Ara_directory_epoch2000,5,CCGGG,339,0.00024145299145299145
Ara_directory_epoch2000,5,CCGGT,900,0.000641025641025641
Ara_directory_epoch2000,5,CCGTA,668,0.0004757834757834758
Ara_directory_epoch2000,5,CCGTC,1413,0.0010064102564102564
Ara_directory_epoch2000,5,CCGTG,716,0.00050997150997151
Ara_directory_epoch2000,5,CCGTT,1282,0.0009131054131054132
Ara_directory_epoch2000,5,CCTAA,1259,0.0008967236467236467
Ara_directory_epoch2000,5,CCTAC,778,0.0005541310541310542
Ara_directory_epoch2000,5,CCTAG,500,0.00035612535612535614
Ara_directory_epoch2000,5,CCTAT,1018,0.0007250712250712251
Ara_directory_epoch2000,5,CCTCA,1702,0.0012122507122507122
Ara_directory_epoch2000,5,CCTCC,2354,0.0016766381766381766
Ara_directory_epoch2000,5,CCTCG,988,0.0007037037037037037
Ara_directory_epoch2000,5,CCTCT,2543,0.0018112535612535613
Ara_directory_epoch2000,5,CCTGA,787,0.0005605413105413106
Ara_directory_epoch2000,5,CCTGC,551,0.0003924501424501425
Ara_directory_epoch2000,5,CCTGG,477,0.0003397435897435897
Ara_directory_epoch2000,5,CCTGT,728,0.0005185185185185185
Ara_directory_epoch2000,5,CCTTA,1139,0.0008112535612535613
Ara_directory_epoch2000,5,CCTTC,2257,0.0016075498575498575
Ara_directory_epoch2000,5,CCTTG,907,0.000646011396011396
Ara_directory_epoch2000,5,CCTTT,2004,0.0014273504273504274
Ara_directory_epoch2000,5,CGAAA,2037,0.0014508547008547008
Ara_directory_epoch2000,5,CGAAC,1007,0.0007172364672364672
Ara_directory_epoch2000,5,CGAAG,1782,0.0012692307692307692
Ara_directory_epoch2000,5,CGAAT,1352,0.000962962962962963
Ara_directory_epoch2000,5,CGACA,1010,0.0007193732193732194
Ara_directory_epoch2000,5,CGACC,809,0.0005762108262108262
Ara_directory_epoch2000,5,CGACG,1429,0.0010178062678062678
Ara_directory_epoch2000,5,CGACT,939,0.0006688034188034189
Ara_directory_epoch2000,5,CGAGA,1329,0.0009465811965811966
Ara_directory_epoch2000,5,CGAGC,730,0.0005199430199430199
Ara_directory_epoch2000,5,CGAGG,737,0.0005249287749287749
Ara_directory_epoch2000,5,CGAGT,705,0.0005021367521367521
Ara_directory_epoch2000,5,CGATA,940,0.0006695156695156696
Ara_directory_epoch2000,5,CGATC,1566,0.0011153846153846153
Ara_directory_epoch2000,5,CGATG,1467,0.0010448717948717949
Ara_directory_epoch2000,5,CGATT,1625,0.0011574074074074073
Ara_directory_epoch2000,5,CGCAA,881,0.0006274928774928775
Ara_directory_epoch2000,5,CGCAC,452,0.0003219373219373219
Ara_directory_epoch2000,5,CGCAG,549,0.000391025641025641
Ara_directory_epoch2000,5,CGCAT,553,0.00039387464387464387
Ara_directory_epoch2000,5,CGCCA,1036,0.0007378917378917379
Ara_directory_epoch2000,5,CGCCC,378,0.0002692307692307692
Ara_directory_epoch2000,5,CGCCG,1633,0.0011631054131054132
Ara_directory_epoch2000,5,CGCCT,782,0.000556980056980057
Ara_directory_epoch2000,5,CGCGA,516,0.0003675213675213675
Ara_directory_epoch2000,5,CGCGC,279,0.0001987179487179487
Ara_directory_epoch2000,5,CGCGG,428,0.00030484330484330485
Ara_directory_epoch2000,5,CGCGT,407,0.0002898860398860399
Ara_directory_epoch2000,5,CGCTA,585,0.0004166666666666667
Ara_directory_epoch2000,5,CGCTC,875,0.0006232193732193732
Ara_directory_epoch2000,5,CGCTG,810,0.000576923076923077
Ara_directory_epoch2000,5,CGCTT,1091,0.000777065527065527
Ara_directory_epoch2000,5,CGGAA,1206,0.000858974358974359
Ara_directory_epoch2000,5,CGGAC,511,0.00036396011396011395
Ara_directory_epoch2000,5,CGGAG,1446,0.0010299145299145298
Ara_directory_epoch2000,5,CGGAT,1081,0.0007699430199430199
Ara_directory_epoch2000,5,CGGCA,783,0.0005576923076923077
Ara_directory_epoch2000,5,CGGCC,557,0.0003967236467236467
Ara_directory_epoch2000,5,CGGCG,1332,0.0009487179487179487
Ara_directory_epoch2000,5,CGGCT,856,0.0006096866096866097
Ara_directory_epoch2000,5,CGGGA,500,0.00035612535612535614
Ara_directory_epoch2000,5,CGGGC,256,0.00018233618233618232
Ara_directory_epoch2000,5,CGGGG,233,0.00016595441595441596
Ara_directory_epoch2000,5,CGGGT,387,0.0002756410256410256
Ara_directory_epoch2000,5,CGGTA,512,0.00036467236467236465
Ara_directory_epoch2000,5,CGGTC,664,0.00047293447293447294
Ara_directory_epoch2000,5,CGGTG,1079,0.0007685185185185185
Ara_directory_epoch2000,5,CGGTT,1054,0.0007507122507122507
Ara_directory_epoch2000,5,CGTAA,852,0.0006068376068376068
Ara_directory_epoch2000,5,CGTAC,476,0.00033903133903133903
Ara_directory_epoch2000,5,CGTAG,571,0.0004066951566951567
Ara_directory_epoch2000,5,CGTAT,717,0.0005106837606837607
Ara_directory_epoch2000,5,CGTCA,1274,0.0009074074074074074
Ara_directory_epoch2000,5,CGTCC,832,0.0005925925925925926
Ara_directory_epoch2000,5,CGTCG,1441,0.0010263532763532764
Ara_directory_epoch2000,5,CGTCT,1363,0.0009707977207977208
Ara_directory_epoch2000,5,CGTGA,776,0.0005527065527065528
Ara_directory_epoch2000,5,CGTGC,377,0.0002685185185185185
Ara_directory_epoch2000,5,CGTGG,761,0.000542022792022792
Ara_directory_epoch2000,5,CGTGT,719,0.0005121082621082621
Ara_directory_epoch2000,5,CGTTA,861,0.0006132478632478632
Ara_directory_epoch2000,5,CGTTC,1151,0.0008198005698005698
Ara_directory_epoch2000,5,CGTTG,1058,0.0007535612535612535
Ara_directory_epoch2000,5,CGTTT,1576,0.0011225071225071225
Ara_directory_epoch2000,5,CTAAA,2261,0.0016103988603988603
Ara_directory_epoch2000,5,CTAAC,1152,0.0008205128205128205
Ara_directory_epoch2000,5,CTAAG,1042,0.0007421652421652422
Ara_directory_epoch2000,5,CTAAT,1745,0.0012428774928774928
Ara_directory_epoch2000,5,CTACA,1226,0.0008732193732193732
Ara_directory_epoch2000,5,CTACC,933,0.0006645299145299145
Ara_directory_epoch2000,5,CTACG,779,0.0005548433048433049
Ara_directory_epoch2000,5,CTACT,1310,0.0009330484330484331
Ara_directory_epoch2000,5,CTAGA,898,0.0006396011396011396
Ara_directory_epoch2000,5,CTAGC,608,0.00043304843304843306
Ara_directory_epoch2000,5,CTAGG,475,0.00033831908831908833
Ara_directory_epoch2000,5,CTAGT,750,0.0005341880341880342
Ara_directory_epoch2000,5,CTATA,1222,0.0008703703703703704
Ara_directory_epoch2000,5,CTATC,1365,0.0009722222222222222
Ara_directory_epoch2000,5,CTATG,954,0.0006794871794871795
Ara_directory_epoch2000,5,CTATT,1608,0.0011452991452991453
Ara_directory_epoch2000,5,CTCAA,2537,0.0018069800569800569
Ara_directory_epoch2000,5,CTCAC,1705,0.0012143874643874644
Ara_directory_epoch2000,5,CTCAG,1274,0.0009074074074074074
Ara_directory_epoch2000,5,CTCAT,1998,0.0014230769230769232
Ara_directory_epoch2000,5,CTCCA,2327,0.0016574074074074074
Ara_directory_epoch2000,5,CTCCC,1535,0.0010933048433048433
Ara_directory_epoch2000,5,CTCCG,2435,0.0017343304843304844
Ara_directory_epoch2000,5,CTCCT,2841,0.0020235042735042737
Ara_directory_epoch2000,5,CTCGA,1378,0.0009814814814814814
Ara_directory_epoch2000,5,CTCGC,967,0.0006887464387464388
Ara_directory_epoch2000,5,CTCGG,765,0.0005448717948717948
Ara_directory_epoch2000,5,CTCGT,1284,0.0009145299145299146
Ara_directory_epoch2000,5,CTCTA,1909,0.0013596866096866097
Ara_directory_epoch2000,5,CTCTC,4792,0.003413105413105413
Ara_directory_epoch2000,5,CTCTG,1817,0.001294159544159544
Ara_directory_epoch2000,5,CTCTT,3881,0.0027642450142450143
Ara_directory_epoch2000,5,CTGAA,1416,0.0010085470085470086
Ara_directory_epoch2000,5,CTGAC,778,0.0005541310541310542
Ara_directory_epoch2000,5,CTGAG,849,0.0006047008547008547
Ara_directory_epoch2000,5,CTGAT,1570,0.0011182336182336183
Ara_directory_epoch2000,5,CTGCA,734,0.0005227920227920228
Ara_directory_epoch2000,5,CTGCC,721,0.0005135327635327635
Ara_directory_epoch2000,5,CTGCG,576,0.00041025641025641023
Ara_directory_epoch2000,5,CTGCT,1236,0.0008803418803418803
Ara_directory_epoch2000,5,CTGGA,966,0.0006880341880341881
Ara_directory_epoch2000,5,CTGGC,662,0.0004715099715099715
Ara_directory_epoch2000,5,CTGGG,457,0.0003254985754985755
Ara_directory_epoch2000,5,CTGGT,926,0.0006595441595441595
Ara_directory_epoch2000,5,CTGTA,770,0.0005484330484330485
Ara_directory_epoch2000,5,CTGTC,985,0.0007015669515669516
Ara_directory_epoch2000,5,CTGTG,799,0.0005690883190883191
Ara_directory_epoch2000,5,CTGTT,1445,0.0010292022792022792
Ara_directory_epoch2000,5,CTTAA,1821,0.001297008547008547
Ara_directory_epoch2000,5,CTTAC,1151,0.0008198005698005698
Ara_directory_epoch2000,5,CTTAG,988,0.0007037037037037037
Ara_directory_epoch2000,5,CTTAT,1709,0.0012172364672364672
Ara_directory_epoch2000,5,CTTCA,2726,0.0019415954415954416
Ara_directory_epoch2000,5,CTTCC,2612,0.0018603988603988603
Ara_directory_epoch2000,5,CTTCG,1899,0.0013525641025641025
Ara_directory_epoch2000,5,CTTCT,5084,0.003621082621082621
Ara_directory_epoch2000,5,CTTGA,1359,0.000967948717948718
Ara_directory_epoch2000,5,CTTGC,875,0.0006232193732193732
Ara_directory_epoch2000,5,CTTGG,1054,0.0007507122507122507
Ara_directory_epoch2000,5,CTTGT,1489,0.0010605413105413105
Ara_directory_epoch2000,5,CTTTA,1908,0.001358974358974359
Ara_directory_epoch2000,5,CTTTC,2841,0.0020235042735042737
Ara_directory_epoch2000,5,CTTTG,1776,0.001264957264957265
Ara_directory_epoch2000,5,CTTTT,3556,0.002532763532763533
Ara_directory_epoch2000,5,GAAAA,4890,0.003482905982905983
Ara_directory_epoch2000,5,GAAAC,2201,0.0015676638176638177
Ara_directory_epoch2000,5,GAAAG,2213,0.0015762108262108263
Ara_directory_epoch2000,5,GAAAT,2458,0.0017507122507122506
Ara_directory_epoch2000,5,GAACA,1499,0.0010676638176638177
Ara_directory_epoch2000,5,GAACC,1342,0.0009558404558404559
Ara_directory_epoch2000,5,GAACG,800,0.0005698005698005698
Ara_directory_epoch2000,5,GAACT,1163,0.0008283475783475784
Ara_directory_epoch2000,5,GAAGA,4305,0.003066239316239316
Ara_directory_epoch2000,5,GAAGC,2020,0.0014387464387464388
Ara_directory_epoch2000,5,GAAGG,1415,0.0010078347578347578
Ara_directory_epoch2000,5,GAAGT,1276,0.0009088319088319088
Ara_directory_epoch2000,5,GAATA,1389,0.0009893162393162394
Ara_directory_epoch2000,5,GAATC,2368,0.0016866096866096866
Ara_directory_epoch2000,5,GAATG,998,0.0007108262108262108
Ara_directory_epoch2000,5,GAATT,1768,0.0012592592592592592
Ara_directory_epoch2000,5,GACAA,1758,0.0012521367521367522
Ara_directory_epoch2000,5,GACAC,884,0.0006296296296296296
Ara_directory_epoch2000,5,GACAG,652,0.0004643874643874644
Ara_directory_epoch2000,5,GACAT,981,0.0006987179487179487
Ara_directory_epoch2000,5,GACCA,1133,0.000806980056980057
Ara_directory_epoch2000,5,GACCC,610,0.00043447293447293445
Ara_directory_epoch2000,5,GACCG,571,0.0004066951566951567
Ara_directory_epoch2000,5,GACCT,711,0.0005064102564102564
Ara_directory_epoch2000,5,GACGA,1741,0.00124002849002849
Ara_directory_epoch2000,5,GACGC,645,0.00045940170940170943
Ara_directory_epoch2000,5,GACGG,952,0.0006780626780626781
Ara_directory_epoch2000,5,GACGT,741,0.0005277777777777777
Ara_directory_epoch2000,5,GACTA,789,0.000561965811965812
Ara_directory_epoch2000,5,GACTC,1102,0.000784900284900285
Ara_directory_epoch2000,5,GACTG,522,0.0003717948717948718
Ara_directory_epoch2000,5,GACTT,1097,0.0007813390313390313
Ara_directory_epoch2000,5,GAGAA,3217,0.0022913105413105415
Ara_directory_epoch2000,5,GAGAC,1137,0.0008098290598290599
Ara_directory_epoch2000,5,GAGAG,1776,0.001264957264957265
Ara_directory_epoch2000,5,GAGAT,1954,0.0013917378917378917
Ara_directory_epoch2000,5,GAGCA,1065,0.0007585470085470085
Ara_directory_epoch2000,5,GAGCC,794,0.0005655270655270656
Ara_directory_epoch2000,5,GAGCG,439,0.00031267806267806265
Ara_directory_epoch2000,5,GAGCT,1301,0.0009266381766381767
Ara_directory_epoch2000,5,GAGGA,1886,0.0013433048433048433
Ara_directory_epoch2000,5,GAGGC,714,0.0005085470085470085
Ara_directory_epoch2000,5,GAGGG,574,0.00040883190883190884
Ara_directory_epoch2000,5,GAGGT,795,0.0005662393162393163
Ara_directory_epoch2000,5,GAGTA,936,0.0006666666666666666
Ara_directory_epoch2000,5,GAGTC,909,0.0006474358974358974
Ara_directory_epoch2000,5,GAGTG,617,0.00043945868945868946
Ara_directory_epoch2000,5,GAGTT,1242,0.0008846153846153846
Ara_directory_epoch2000,5,GATAA,1787,0.0012727920227920228
Ara_directory_epoch2000,5,GATAC,1002,0.0007136752136752137
Ara_directory_epoch2000,5,GATAG,867,0.0006175213675213675
Ara_directory_epoch2000,5,GATAT,1232,0.0008774928774928775
Ara_directory_epoch2000,5,GATCA,1902,0.0013547008547008547
Ara_directory_epoch2000,5,GATCC,1565,0.0011146723646723647
Ara_directory_epoch2000,5,GATCG,1158,0.0008247863247863248
Ara_directory_epoch2000,5,GATCT,2298,0.0016367521367521367
Ara_directory_epoch2000,5,GATGA,2264,0.0016125356125356125
Ara_directory_epoch2000,5,GATGC,849,0.0006047008547008547
Ara_directory_epoch2000,5,GATGG,1450,0.0010327635327635329
Ara_directory_epoch2000,5,GATGT,1171,0.0008340455840455841
Ara_directory_epoch2000,5,GATTA,1485,0.0010576923076923077
Ara_directory_epoch2000,5,GATTC,2376,0.0016923076923076924
Ara_directory_epoch2000,5,GATTG,1201,0.0008554131054131054
Ara_directory_epoch2000,5,GATTT,2430,0.0017307692307692308
Ara_directory_epoch2000,5,GCAAA,1850,0.0013176638176638177
Ara_directory_epoch2000,5,GCAAC,1011,0.0007200854700854701
Ara_directory_epoch2000,5,GCAAG,876,0.0006239316239316239
Ara_directory_epoch2000,5,GCAAT,1020,0.0007264957264957265
Ara_directory_epoch2000,5,GCACA,683,0.00048646723646723645
Ara_directory_epoch2000,5,GCACC,605,0.0004309116809116809
Ara_directory_epoch2000,5,GCACG,364,0.00025925925925925926
Ara_directory_epoch2000,5,GCACT,502,0.00035754985754985754
Ara_directory_epoch2000,5,GCAGA,1070,0.0007621082621082621
Ara_directory_epoch2000,5,GCAGC,690,0.0004914529914529915
Ara_directory_epoch2000,5,GCAGG,401,0.00028561253561253564
Ara_directory_epoch2000,5,GCAGT,504,0.000358974358974359
Ara_directory_epoch2000,5,GCATA,599,0.00042663817663817665
Ara_directory_epoch2000,5,GCATC,945,0.000673076923076923
Ara_directory_epoch2000,5,GCATG,487,0.0003468660968660969
Ara_directory_epoch2000,5,GCATT,747,0.000532051282051282
Ara_directory_epoch2000,5,GCCAA,1289,0.000918091168091168
Ara_directory_epoch2000,5,GCCAC,917,0.0006531339031339031
Ara_directory_epoch2000,5,GCCAG,535,0.00038105413105413106
Ara_directory_epoch2000,5,GCCAT,987,0.000702991452991453
Ara_directory_epoch2000,5,GCCCA,779,0.0005548433048433049
Ara_directory_epoch2000,5,GCCCC,369,0.0002628205128205128
Ara_directory_epoch2000,5,GCCCG,300,0.00021367521367521368
Ara_directory_epoch2000,5,GCCCT,482,0.0003433048433048433
Ara_directory_epoch2000,5,GCCGA,1026,0.0007307692307692308
Ara_directory_epoch2000,5,GCCGC,910,0.0006481481481481481
Ara_directory_epoch2000,5,GCCGG,910,0.0006481481481481481
Ara_directory_epoch2000,5,GCCGT,932,0.0006638176638176638
Ara_directory_epoch2000,5,GCCTA,575,0.00040954415954415953
Ara_directory_epoch2000,5,GCCTC,1034,0.0007364672364672365
Ara_directory_epoch2000,5,GCCTG,366,0.00026068376068376066
Ara_directory_epoch2000,5,GCCTT,973,0.0006930199430199431
Ara_directory_epoch2000,5,GCGAA,1004,0.0007150997150997151
Ara_directory_epoch2000,5,GCGAC,693,0.0004935897435897436
Ara_directory_epoch2000,5,GCGAG,580,0.0004131054131054131
Ara_directory_epoch2000,5,GCGAT,838,0.0005968660968660969
Ara_directory_epoch2000,5,GCGCA,319,0.0002272079772079772
Ara_directory_epoch2000,5,GCGCC,469,0.000334045584045584
Ara_directory_epoch2000,5,GCGCG,199,0.00014173789173789174
Ara_directory_epoch2000,5,GCGCT,398,0.0002834757834757835
Ara_directory_epoch2000,5,GCGGA,806,0.0005740740740740741
Ara_directory_epoch2000,5,GCGGC,739,0.0005263532763532763
Ara_directory_epoch2000,5,GCGGG,234,0.00016666666666666666
Ara_directory_epoch2000,5,GCGGT,584,0.00041595441595441594
Ara_directory_epoch2000,5,GCGTA,377,0.0002685185185185185
Ara_directory_epoch2000,5,GCGTC,676,0.0004814814814814815
Ara_directory_epoch2000,5,GCGTG,320,0.0002279202279202279
Ara_directory_epoch2000,5,GCGTT,647,0.00046082621082621083
Ara_directory_epoch2000,5,GCTAA,1098,0.000782051282051282
Ara_directory_epoch2000,5,GCTAC,784,0.0005584045584045584
Ara_directory_epoch2000,5,GCTAG,536,0.00038176638176638176
Ara_directory_epoch2000,5,GCTAT,839,0.0005975783475783476
Ara_directory_epoch2000,5,GCTCA,1189,0.0008468660968660969
Ara_directory_epoch2000,5,GCTCC,1334,0.0009501424501424502
Ara_directory_epoch2000,5,GCTCG,674,0.00048005698005698004
Ara_directory_epoch2000,5,GCTCT,1584,0.0011282051282051281
Ara_directory_epoch2000,5,GCTGA,1050,0.0007478632478632479
Ara_directory_epoch2000,5,GCTGC,788,0.0005612535612535613
Ara_directory_epoch2000,5,GCTGG,661,0.0004707977207977208
Ara_directory_epoch2000,5,GCTGT,754,0.000537037037037037
Ara_directory_epoch2000,5,GCTTA,1049,0.0007471509971509971
Ara_directory_epoch2000,5,GCTTC,2148,0.0015299145299145298
Ara_directory_epoch2000,5,GCTTG,841,0.000599002849002849
Ara_directory_epoch2000,5,GCTTT,1622,0.0011552706552706554
Ara_directory_epoch2000,5,GGAAA,2221,0.001581908831908832
Ara_directory_epoch2000,5,GGAAC,1003,0.0007143874643874644
Ara_directory_epoch2000,5,GGAAG,1759,0.0012528490028490028
Ara_directory_epoch2000,5,GGAAT,1172,0.0008347578347578348
Ara_directory_epoch2000,5,GGACA,695,0.000495014245014245
Ara_directory_epoch2000,5,GGACC,500,0.00035612535612535614
Ara_directory_epoch2000,5,GGACG,503,0.00035826210826210824
Ara_directory_epoch2000,5,GGACT,491,0.00034971509971509974
Ara_directory_epoch2000,5,GGAGA,2270,0.0016168091168091167
Ara_directory_epoch2000,5,GGAGC,950,0.0006766381766381767
Ara_directory_epoch2000,5,GGAGG,1176,0.0008376068376068376
Ara_directory_epoch2000,5,GGAGT,869,0.0006189458689458689
Ara_directory_epoch2000,5,GGATA,846,0.0006025641025641026
Ara_directory_epoch2000,5,GGATC,1440,0.0010256410256410256
Ara_directory_epoch2000,5,GGATG,874,0.0006225071225071225
Ara_directory_epoch2000,5,GGATT,1357,0.0009665242165242165
Ara_directory_epoch2000,5,GGCAA,1018,0.0007250712250712251
Ara_directory_epoch2000,5,GGCAC,448,0.0003190883190883191
Ara_directory_epoch2000,5,GGCAG,562,0.0004002849002849003
Ara_directory_epoch2000,5,GGCAT,503,0.00035826210826210824
Ara_directory_epoch2000,5,GGCCA,710,0.0005056980056980057
Ara_directory_epoch2000,5,GGCCC,448,0.0003190883190883191
Ara_directory_epoch2000,5,GGCCG,553,0.00039387464387464387
Ara_directory_epoch2000,5,GGCCT,581,0.00041381766381766384
Ara_directory_epoch2000,5,GGCGA,1045,0.0007443019943019943
Ara_directory_epoch2000,5,GGCGC,429,0.00030555555555555555
Ara_directory_epoch2000,5,GGCGG,994,0.000707977207977208
Ara_directory_epoch2000,5,GGCGT,581,0.00041381766381766384
Ara_directory_epoch2000,5,GGCTA,686,0.0004886039886039886
Ara_directory_epoch2000,5,GGCTC,943,0.0006716524216524217
Ara_directory_epoch2000,5,GGCTG,609,0.00043376068376068375
Ara_directory_epoch2000,5,GGCTT,1053,0.00075
Ara_directory_epoch2000,5,GGGAA,1114,0.0007934472934472935
Ara_directory_epoch2000,5,GGGAC,343,0.0002443019943019943
Ara_directory_epoch2000,5,GGGAG,727,0.0005178062678062678
Ara_directory_epoch2000,5,GGGAT,712,0.0005071225071225071
Ara_directory_epoch2000,5,GGGCA,314,0.00022364672364672366
Ara_directory_epoch2000,5,GGGCC,383,0.00027279202279202277
Ara_directory_epoch2000,5,GGGCG,236,0.0001680911680911681
Ara_directory_epoch2000,5,GGGCT,427,0.00030413105413105415
Ara_directory_epoch2000,5,GGGGA,506,0.0003603988603988604
Ara_directory_epoch2000,5,GGGGC,209,0.00014886039886039887
Ara_directory_epoch2000,5,GGGGG,200,0.00014245014245014244
Ara_directory_epoch2000,5,GGGGT,373,0.00026566951566951567
Ara_directory_epoch2000,5,GGGTA,440,0.0003133903133903134
Ara_directory_epoch2000,5,GGGTC,481,0.0003425925925925926
Ara_directory_epoch2000,5,GGGTG,365,0.00025997150997150996
Ara_directory_epoch2000,5,GGGTT,883,0.0006289173789173789
Ara_directory_epoch2000,5,GGTAA,920,0.0006552706552706552
Ara_directory_epoch2000,5,GGTAC,470,0.0003347578347578348
Ara_directory_epoch2000,5,GGTAG,536,0.00038176638176638176
Ara_directory_epoch2000,5,GGTAT,613,0.0004366096866096866
Ara_directory_epoch2000,5,GGTCA,836,0.0005954415954415955
Ara_directory_epoch2000,5,GGTCC,536,0.00038176638176638176
Ara_directory_epoch2000,5,GGTCG,545,0.00038817663817663817
Ara_directory_epoch2000,5,GGTCT,854,0.0006082621082621083
Ara_directory_epoch2000,5,GGTGA,1203,0.0008568376068376068
Ara_directory_epoch2000,5,GGTGC,488,0.0003475783475783476
Ara_directory_epoch2000,5,GGTGG,956,0.000680911680911681
Ara_directory_epoch2000,5,GGTGT,649,0.0004622507122507122
Ara_directory_epoch2000,5,GGTTA,1021,0.0007272079772079772
Ara_directory_epoch2000,5,GGTTC,1243,0.0008853276353276353
Ara_directory_epoch2000,5,GGTTG,835,0.0005947293447293447
Ara_directory_epoch2000,5,GGTTT,1686,0.0012008547008547008
Ara_directory_epoch2000,5,GTAAA,1767,0.0012585470085470086
Ara_directory_epoch2000,5,GTAAC,861,0.0006132478632478632
Ara_directory_epoch2000,5,GTAAG,726,0.0005170940170940171
Ara_directory_epoch2000,5,GTAAT,1151,0.0008198005698005698
Ara_directory_epoch2000,5,GTACA,735,0.0005235042735042735
Ara_directory_epoch2000,5,GTACC,494,0.00035185185185185184
Ara_directory_epoch2000,5,GTACG,344,0.000245014245014245
Ara_directory_epoch2000,5,GTACT,603,0.0004294871794871795
Ara_directory_epoch2000,5,GTAGA,1035,0.0007371794871794872
Ara_directory_epoch2000,5,GTAGC,587,0.0004180911680911681
Ara_directory_epoch2000,5,GTAGG,399,0.0002841880341880342
Ara_directory_epoch2000,5,GTAGT,619,0.00044088319088319086
Ara_directory_epoch2000,5,GTATA,810,0.000576923076923077
Ara_directory_epoch2000,5,GTATC,933,0.0006645299145299145
Ara_directory_epoch2000,5,GTATG,582,0.00041452991452991454
Ara_directory_epoch2000,5,GTATT,1020,0.0007264957264957265
Ara_directory_epoch2000,5,GTCAA,1639,0.0011673789173789174
Ara_directory_epoch2000,5,GTCAC,930,0.0006623931623931624
Ara_directory_epoch2000,5,GTCAG,717,0.0005106837606837607
Ara_directory_epoch2000,5,GTCAT,1197,0.0008525641025641026
Ara_directory_epoch2000,5,GTCCA,948,0.0006752136752136753
Ara_directory_epoch2000,5,GTCCC,522,0.0003717948717948718
Ara_directory_epoch2000,5,GTCCG,558,0.0003974358974358974
Ara_directory_epoch2000,5,GTCCT,847,0.0006032763532763533
Ara_directory_epoch2000,5,GTCGA,1154,0.000821937321937322
Ara_directory_epoch2000,5,GTCGC,773,0.0005505698005698005
Ara_directory_epoch2000,5,GTCGG,671,0.00047792022792022794
Ara_directory_epoch2000,5,GTCGT,1044,0.0007435897435897436
Ara_directory_epoch2000,5,GTCTA,953,0.0006787749287749288
Ara_directory_epoch2000,5,GTCTC,1561,0.001111823361823362
Ara_directory_epoch2000,5,GTCTG,770,0.0005484330484330485
Ara_directory_epoch2000,5,GTCTT,1711,0.0012186609686609686
Ara_directory_epoch2000,5,GTGAA,1339,0.0009537037037037037
Ara_directory_epoch2000,5,GTGAC,781,0.0005562678062678063
Ara_directory_epoch2000,5,GTGAG,748,0.0005327635327635327
Ara_directory_epoch2000,5,GTGAT,1265,0.000900997150997151
Ara_directory_epoch2000,5,GTGCA,425,0.0003027065527065527
Ara_directory_epoch2000,5,GTGCC,451,0.0003212250712250712
Ara_directory_epoch2000,5,GTGCG,248,0.00017663817663817665
Ara_directory_epoch2000,5,GTGCT,661,0.0004707977207977208
Ara_directory_epoch2000,5,GTGGA,1138,0.0008105413105413106
Ara_directory_epoch2000,5,GTGGC,862,0.000613960113960114
Ara_directory_epoch2000,5,GTGGG,509,0.00036253561253561255
Ara_directory_epoch2000,5,GTGGT,954,0.0006794871794871795
Ara_directory_epoch2000,5,GTGTA,654,0.00046581196581196583
Ara_directory_epoch2000,5,GTGTC,791,0.0005633903133903134
Ara_directory_epoch2000,5,GTGTG,549,0.000391025641025641
Ara_directory_epoch2000,5,GTGTT,1131,0.0008055555555555556
Ara_directory_epoch2000,5,GTTAA,1417,0.0010092592592592592
Ara_directory_epoch2000,5,GTTAC,927,0.0006602564102564102
Ara_directory_epoch2000,5,GTTAG,769,0.0005477207977207978
Ara_directory_epoch2000,5,GTTAT,1269,0.0009038461538461538
Ara_directory_epoch2000,5,GTTCA,1443,0.0010277777777777778
Ara_directory_epoch2000,5,GTTCC,1254,0.0008931623931623931
Ara_directory_epoch2000,5,GTTCG,854,0.0006082621082621083
Ara_directory_epoch2000,5,GTTCT,1805,0.0012856125356125357
Ara_directory_epoch2000,5,GTTGA,1377,0.0009807692307692308
Ara_directory_epoch2000,5,GTTGC,785,0.0005591168091168092
Ara_directory_epoch2000,5,GTTGG,916,0.0006524216524216524
Ara_directory_epoch2000,5,GTTGT,1130,0.0008048433048433049
Ara_directory_epoch2000,5,GTTTA,1509,0.0010747863247863249
Ara_directory_epoch2000,5,GTTTC,2315,0.001648860398860399
Ara_directory_epoch2000,5,GTTTG,1309,0.0009323361823361824
Ara_directory_epoch2000,5,GTTTT,2651,0.0018881766381766381
Ara_directory_epoch2000,5,TAAAA,4607,0.0032813390313390315
Ara_directory_epoch2000,5,TAAAC,2015,0.0014351851851851852
Ara_directory_epoch2000,5,TAAAG,1852,0.001319088319088319
Ara_directory_epoch2000,5,TAAAT,2905,0.002069088319088319
Ara_directory_epoch2000,5,TAACA,1666,0.0011866096866096866
Ara_directory_epoch2000,5,TAACC,1348,0.0009601139601139601
Ara_directory_epoch2000,5,TAACG,845,0.0006018518518518519
Ara_directory_epoch2000,5,TAACT,1351,0.0009622507122507123
Ara_directory_epoch2000,5,TAAGA,1824,0.001299145299145299
Ara_directory_epoch2000,5,TAAGC,908,0.0006467236467236467
Ara_directory_epoch2000,5,TAAGG,853,0.0006075498575498576
Ara_directory_epoch2000,5,TAAGT,1028,0.0007321937321937322
Ara_directory_epoch2000,5,TAATA,2083,0.0014836182336182336
Ara_directory_epoch2000,5,TAATC,2222,0.0015826210826210827
Ara_directory_epoch2000,5,TAATG,1291,0.0009195156695156696
Ara_directory_epoch2000,5,TAATT,2546,0.0018133903133903135
Ara_directory_epoch2000,5,TACAA,1992,0.0014188034188034188
Ara_directory_epoch2000,5,TACAC,964,0.0006866096866096866
Ara_directory_epoch2000,5,TACAG,689,0.0004907407407407407
Ara_directory_epoch2000,5,TACAT,1393,0.0009921652421652422
Ara_directory_epoch2000,5,TACCA,1169,0.0008326210826210826
Ara_directory_epoch2000,5,TACCC,759,0.0005405982905982906
Ara_directory_epoch2000,5,TACCG,644,0.0004586894586894587
Ara_directory_epoch2000,5,TACCT,1000,0.0007122507122507123
Ara_directory_epoch2000,5,TACGA,971,0.0006915954415954416
Ara_directory_epoch2000,5,TACGC,465,0.0003311965811965812
Ara_directory_epoch2000,5,TACGG,580,0.0004131054131054131
Ara_directory_epoch2000,5,TACGT,659,0.0004693732193732194
Ara_directory_epoch2000,5,TACTA,1050,0.0007478632478632479
Ara_directory_epoch2000,5,TACTC,1493,0.0010633903133903135
Ara_directory_epoch2000,5,TACTG,694,0.0004943019943019943
Ara_directory_epoch2000,5,TACTT,1592,0.001133903133903134
Ara_directory_epoch2000,5,TAGAA,1775,0.0012642450142450142
Ara_directory_epoch2000,5,TAGAC,755,0.0005377492877492877
Ara_directory_epoch2000,5,TAGAG,1088,0.0007749287749287749
Ara_directory_epoch2000,5,TAGAT,1367,0.0009736467236467236
Ara_directory_epoch2000,5,TAGCA,766,0.0005455840455840455
Ara_directory_epoch2000,5,TAGCC,600,0.00042735042735042735
Ara_directory_epoch2000,5,TAGCG,437,0.00031125356125356126
Ara_directory_epoch2000,5,TAGCT,1054,0.0007507122507122507
Ara_directory_epoch2000,5,TAGGA,779,0.0005548433048433049
Ara_directory_epoch2000,5,TAGGC,420,0.00029914529914529915
Ara_directory_epoch2000,5,TAGGG,462,0.00032905982905982907
Ara_directory_epoch2000,5,TAGGT,570,0.000405982905982906
Ara_directory_epoch2000,5,TAGTA,813,0.0005790598290598291
Ara_directory_epoch2000,5,TAGTC,815,0.0005804843304843305
Ara_directory_epoch2000,5,TAGTG,698,0.0004971509971509971
Ara_directory_epoch2000,5,TAGTT,1247,0.0008881766381766381
Ara_directory_epoch2000,5,TATAA,2279,0.0016232193732193731
Ara_directory_epoch2000,5,TATAC,1010,0.0007193732193732194
Ara_directory_epoch2000,5,TATAG,947,0.0006745014245014244
Ara_directory_epoch2000,5,TATAT,1986,0.0014145299145299146
Ara_directory_epoch2000,5,TATCA,1668,0.001188034188034188
Ara_directory_epoch2000,5,TATCC,1210,0.0008618233618233618
Ara_directory_epoch2000,5,TATCG,938,0.000668091168091168
Ara_directory_epoch2000,5,TATCT,2171,0.0015462962962962963
Ara_directory_epoch2000,5,TATGA,1304,0.0009287749287749288
Ara_directory_epoch2000,5,TATGC,603,0.0004294871794871795
Ara_directory_epoch2000,5,TATGG,1003,0.0007143874643874644
Ara_directory_epoch2000,5,TATGT,1089,0.0007756410256410256
Ara_directory_epoch2000,5,TATTA,1927,0.0013725071225071225
Ara_directory_epoch2000,5,TATTC,1720,0.001225071225071225
Ara_directory_epoch2000,5,TATTG,1369,0.0009750712250712251
Ara_directory_epoch2000,5,TATTT,2969,0.0021146723646723645
Ara_directory_epoch2000,5,TCAAA,3899,0.002777065527065527
Ara_directory_epoch2000,5,TCAAC,2189,0.001559116809116809
Ara_directory_epoch2000,5,TCAAG,1784,0.0012706552706552706
Ara_directory_epoch2000,5,TCAAT,2643,0.0018824786324786325
Ara_directory_epoch2000,5,TCACA,1807,0.001287037037037037
Ara_directory_epoch2000,5,TCACC,1886,0.0013433048433048433
Ara_directory_epoch2000,5,TCACG,1132,0.0008062678062678063
Ara_directory_epoch2000,5,TCACT,1857,0.0013226495726495727
Ara_directory_epoch2000,5,TCAGA,1821,0.001297008547008547
Ara_directory_epoch2000,5,TCAGC,1194,0.0008504273504273504
Ara_directory_epoch2000,5,TCAGG,732,0.0005213675213675213
Ara_directory_epoch2000,5,TCAGT,1101,0.0007841880341880341
Ara_directory_epoch2000,5,TCATA,1649,0.0011745014245014246
Ara_directory_epoch2000,5,TCATC,3058,0.002178062678062678
Ara_directory_epoch2000,5,TCATG,1403,0.0009992877492877492
Ara_directory_epoch2000,5,TCATT,2327,0.0016574074074074074
Ara_directory_epoch2000,5,TCCAA,2651,0.0018881766381766381
Ara_directory_epoch2000,5,TCCAC,1976,0.0014074074074074073
Ara_directory_epoch2000,5,TCCAG,1086,0.0007735042735042735
Ara_directory_epoch2000,5,TCCAT,2065,0.0014707977207977208
Ara_directory_epoch2000,5,TCCCA,1479,0.0010534188034188035
Ara_directory_epoch2000,5,TCCCC,1016,0.0007236467236467237
Ara_directory_epoch2000,5,TCCCG,778,0.0005541310541310542
Ara_directory_epoch2000,5,TCCCT,1623,0.001155982905982906
Ara_directory_epoch2000,5,TCCGA,1654,0.001178062678062678
Ara_directory_epoch2000,5,TCCGC,1359,0.000967948717948718
Ara_directory_epoch2000,5,TCCGG,1178,0.000839031339031339
Ara_directory_epoch2000,5,TCCGT,1575,0.0011217948717948717
Ara_directory_epoch2000,5,TCCTA,1276,0.0009088319088319088
Ara_directory_epoch2000,5,TCCTC,3668,0.0026125356125356125
Ara_directory_epoch2000,5,TCCTG,1004,0.0007150997150997151
Ara_directory_epoch2000,5,TCCTT,2565,0.001826923076923077
Ara_directory_epoch2000,5,TCGAA,1921,0.0013682336182336183
Ara_directory_epoch2000,5,TCGAC,1240,0.0008831908831908832
Ara_directory_epoch2000,5,TCGAG,1093,0.0007784900284900285
Ara_directory_epoch2000,5,TCGAT,1869,0.0013311965811965813
Ara_directory_epoch2000,5,TCGCA,845,0.0006018518518518519
Ara_directory_epoch2000,5,TCGCC,1261,0.0008981481481481481
Ara_directory_epoch2000,5,TCGCG,619,0.00044088319088319086
Ara_directory_epoch2000,5,TCGCT,1280,0.0009116809116809116
Ara_directory_epoch2000,5,TCGGA,1191,0.0008482905982905983
Ara_directory_epoch2000,5,TCGGC,900,0.000641025641025641
Ara_directory_epoch2000,5,TCGGG,445,0.00031695156695156696
Ara_directory_epoch2000,5,TCGGT,973,0.0006930199430199431
Ara_directory_epoch2000,5,TCGTA,939,0.0006688034188034189
Ara_directory_epoch2000,5,TCGTC,1850,0.0013176638176638177
Ara_directory_epoch2000,5,TCGTG,955,0.0006801994301994302
Ara_directory_epoch2000,5,TCGTT,1701,0.0012115384615384616
Ara_directory_epoch2000,5,TCTAA,2185,0.0015562678062678063
Ara_directory_epoch2000,5,TCTAC,1748,0.001245014245014245
Ara_directory_epoch2000,5,TCTAG,1058,0.0007535612535612535
Ara_directory_epoch2000,5,TCTAT,1962,0.0013974358974358973
Ara_directory_epoch2000,5,TCTCA,3022,0.0021524216524216526
Ara_directory_epoch2000,5,TCTCC,3971,0.0028283475783475783
Ara_directory_epoch2000,5,TCTCG,1810,0.0012891737891737893
Ara_directory_epoch2000,5,TCTCT,6120,0.004358974358974359
Ara_directory_epoch2000,5,TCTGA,1804,0.0012849002849002848
Ara_directory_epoch2000,5,TCTGC,1378,0.0009814814814814814
Ara_directory_epoch2000,5,TCTGG,1175,0.0008368945868945869
Ara_directory_epoch2000,5,TCTGT,1720,0.001225071225071225
Ara_directory_epoch2000,5,TCTTA,2199,0.0015662393162393163
Ara_directory_epoch2000,5,TCTTC,5995,0.00426994301994302
Ara_directory_epoch2000,5,TCTTG,1974,0.001405982905982906
Ara_directory_epoch2000,5,TCTTT,4275,0.003044871794871795
Ara_directory_epoch2000,5,TGAAA,2563,0.0018254985754985755
Ara_directory_epoch2000,5,TGAAC,1126,0.000801994301994302
Ara_directory_epoch2000,5,TGAAG,1857,0.0013226495726495727
Ara_directory_epoch2000,5,TGAAT,1778,0.0012663817663817664
Ara_directory_epoch2000,5,TGACA,1080,0.0007692307692307692
Ara_directory_epoch2000,5,TGACC,809,0.0005762108262108262
Ara_directory_epoch2000,5,TGACG,1017,0.0007243589743589744
Ara_directory_epoch2000,5,TGACT,1045,0.0007443019943019943
Ara_directory_epoch2000,5,TGAGA,1535,0.0010933048433048433
Ara_directory_epoch2000,5,TGAGC,806,0.0005740740740740741
Ara_directory_epoch2000,5,TGAGG,812,0.0005783475783475784
Ara_directory_epoch2000,5,TGAGT,929,0.0006616809116809116
Ara_directory_epoch2000,5,TGATA,1335,0.0009508547008547009
Ara_directory_epoch2000,5,TGATC,1783,0.00126994301994302
Ara_directory_epoch2000,5,TGATG,1688,0.0012022792022792022
Ara_directory_epoch2000,5,TGATT,2177,0.0015505698005698005
Ara_directory_epoch2000,5,TGCAA,1055,0.0007514245014245014
Ara_directory_epoch2000,5,TGCAC,475,0.00033831908831908833
Ara_directory_epoch2000,5,TGCAG,576,0.00041025641025641023
Ara_directory_epoch2000,5,TGCAT,711,0.0005064102564102564
Ara_directory_epoch2000,5,TGCCA,748,0.0005327635327635327
Ara_directory_epoch2000,5,TGCCC,456,0.00032478632478632476
Ara_directory_epoch2000,5,TGCCG,738,0.0005256410256410256
Ara_directory_epoch2000,5,TGCCT,733,0.0005220797720797721
Ara_directory_epoch2000,5,TGCGA,681,0.00048504273504273505
Ara_directory_epoch2000,5,TGCGC,326,0.0002321937321937322
Ara_directory_epoch2000,5,TGCGG,398,0.0002834757834757835
Ara_directory_epoch2000,5,TGCGT,507,0.0003611111111111111
Ara_directory_epoch2000,5,TGCTA,806,0.0005740740740740741
Ara_directory_epoch2000,5,TGCTC,1237,0.000881054131054131
Ara_directory_epoch2000,5,TGCTG,830,0.0005911680911680912
Ara_directory_epoch2000,5,TGCTT,1588,0.0011310541310541311
Ara_directory_epoch2000,5,TGGAA,1716,0.0012222222222222222
Ara_directory_epoch2000,5,TGGAC,704,0.0005014245014245014
Ara_directory_epoch2000,5,TGGAG,1478,0.0010527065527065527
Ara_directory_epoch2000,5,TGGAT,1446,0.0010299145299145298
Ara_directory_epoch2000,5,TGGCA,788,0.0005612535612535613
Ara_directory_epoch2000,5,TGGCC,806,0.0005740740740740741
Ara_directory_epoch2000,5,TGGCG,997,0.0007101139601139601
Ara_directory_epoch2000,5,TGGCT,1212,0.0008632478632478632
Ara_directory_epoch2000,5,TGGGA,1013,0.0007215099715099715
Ara_directory_epoch2000,5,TGGGC,530,0.0003774928774928775
Ara_directory_epoch2000,5,TGGGG,533,0.0003796296296296296
Ara_directory_epoch2000,5,TGGGT,837,0.0005961538461538462
Ara_directory_epoch2000,5,TGGTA,890,0.0006339031339031339
Ara_directory_epoch2000,5,TGGTC,965,0.0006873219373219374
Ara_directory_epoch2000,5,TGGTG,1207,0.0008596866096866097
Ara_directory_epoch2000,5,TGGTT,1737,0.0012371794871794872
Ara_directory_epoch2000,5,TGTAA,1312,0.0009344729344729345
Ara_directory_epoch2000,5,TGTAC,633,0.00045085470085470087
Ara_directory_epoch2000,5,TGTAG,750,0.0005341880341880342
Ara_directory_epoch2000,5,TGTAT,1064,0.0007578347578347578
Ara_directory_epoch2000,5,TGTCA,1186,0.0008447293447293447
Ara_directory_epoch2000,5,TGTCC,834,0.000594017094017094
Ara_directory_epoch2000,5,TGTCG,887,0.0006317663817663817
Ara_directory_epoch2000,5,TGTCT,1524,0.0010854700854700855
Ara_directory_epoch2000,5,TGTGA,1151,0.0008198005698005698
Ara_directory_epoch2000,5,TGTGC,553,0.00039387464387464387
Ara_directory_epoch2000,5,TGTGG,922,0.0006566951566951567
Ara_directory_epoch2000,5,TGTGT,1014,0.0007222222222222222
Ara_directory_epoch2000,5,TGTTA,1307,0.0009309116809116809
Ara_directory_epoch2000,5,TGTTC,1648,0.0011737891737891738
Ara_directory_epoch2000,5,TGTTG,1313,0.0009351851851851852
Ara_directory_epoch2000,5,TGTTT,2511,0.0017884615384615385
Ara_directory_epoch2000,5,TTAAA,3309,0.0023568376068376067
Ara_directory_epoch2000,5,TTAAC,1598,0.0011381766381766381
Ara_directory_epoch2000,5,TTAAG,1358,0.0009672364672364672
Ara_directory_epoch2000,5,TTAAT,2674,0.0019045584045584046
Ara_directory_epoch2000,5,TTACA,1567,0.0011160968660968661
Ara_directory_epoch2000,5,TTACC,1195,0.0008511396011396011
Ara_directory_epoch2000,5,TTACG,856,0.0006096866096866097
Ara_directory_epoch2000,5,TTACT,1647,0.0011730769230769232
Ara_directory_epoch2000,5,TTAGA,1549,0.0011032763532763533
Ara_directory_epoch2000,5,TTAGC,875,0.0006232193732193732
Ara_directory_epoch2000,5,TTAGG,730,0.0005199430199430199
Ara_directory_epoch2000,5,TTAGT,1182,0.0008418803418803419
Ara_directory_epoch2000,5,TTATA,2017,0.0014366096866096866
Ara_directory_epoch2000,5,TTATC,2069,0.0014736467236467236
Ara_directory_epoch2000,5,TTATG,1336,0.0009515669515669516
Ara_directory_epoch2000,5,TTATT,2933,0.002089031339031339
Ara_directory_epoch2000,5,TTCAA,3102,0.0022094017094017094
Ara_directory_epoch2000,5,TTCAC,2064,0.00147008547008547
Ara_directory_epoch2000,5,TTCAG,1468,0.0010455840455840457
Ara_directory_epoch2000,5,TTCAT,2795,0.001990740740740741
Ara_directory_epoch2000,5,TTCCA,2331,0.0016602564102564102
Ara_directory_epoch2000,5,TTCCC,1579,0.0011246438746438747
Ara_directory_epoch2000,5,TTCCG,1518,0.0010811965811965813
Ara_directory_epoch2000,5,TTCCT,2914,0.0020754985754985753
Ara_directory_epoch2000,5,TTCGA,1829,0.0013027065527065527
Ara_directory_epoch2000,5,TTCGC,1195,0.0008511396011396011
Ara_directory_epoch2000,5,TTCGG,1027,0.0007314814814814815
Ara_directory_epoch2000,5,TTCGT,1745,0.0012428774928774928
Ara_directory_epoch2000,5,TTCTA,2149,0.0015306267806267807
Ara_directory_epoch2000,5,TTCTC,5086,0.0036225071225071226
Ara_directory_epoch2000,5,TTCTG,1894,0.001349002849002849
Ara_directory_epoch2000,5,TTCTT,5454,0.003884615384615385
Ara_directory_epoch2000,5,TTGAA,2164,0.0015413105413105413
Ara_directory_epoch2000,5,TTGAC,1114,0.0007934472934472935
Ara_directory_epoch2000,5,TTGAG,1283,0.0009138176638176639
Ara_directory_epoch2000,5,TTGAT,2220,0.0015811965811965813
Ara_directory_epoch2000,5,TTGCA,872,0.0006210826210826211
Ara_directory_epoch2000,5,TTGCC,888,0.0006324786324786325
Ara_directory_epoch2000,5,TTGCG,630,0.0004487179487179487
Ara_directory_epoch2000,5,TTGCT,1519,0.0010819088319088319
Ara_directory_epoch2000,5,TTGGA,1552,0.0011054131054131055
Ara_directory_epoch2000,5,TTGGC,971,0.0006915954415954416
Ara_directory_epoch2000,5,TTGGG,1067,0.0007599715099715099
Ara_directory_epoch2000,5,TTGGT,1536,0.001094017094017094
Ara_directory_epoch2000,5,TTGTA,1281,0.0009123931623931623
Ara_directory_epoch2000,5,TTGTC,1528,0.0010883190883190883
Ara_directory_epoch2000,5,TTGTG,1335,0.0009508547008547009
Ara_directory_epoch2000,5,TTGTT,2559,0.0018226495726495727
Ara_directory_epoch2000,5,TTTAA,2965,0.0021118233618233617
Ara_directory_epoch2000,5,TTTAC,1798,0.0012806267806267807
Ara_directory_epoch2000,5,TTTAG,1433,0.0010206552706552706
Ara_directory_epoch2000,5,TTTAT,3052,0.0021737891737891738
Ara_directory_epoch2000,5,TTTCA,2896,0.0020626780626780625
Ara_directory_epoch2000,5,TTTCC,2594,0.0018475783475783475
Ara_directory_epoch2000,5,TTTCG,1751,0.0012471509971509972
Ara_directory_epoch2000,5,TTTCT,4782,0.003405982905982906
Ara_directory_epoch2000,5,TTTGA,2411,0.0017172364672364672
Ara_directory_epoch2000,5,TTTGC,1281,0.0009123931623931623
Ara_directory_epoch2000,5,TTTGG,1848,0.0013162393162393163
Ara_directory_epoch2000,5,TTTGT,2505,0.0017841880341880343
Ara_directory_epoch2000,5,TTTTA,3332,0.002373219373219373
Ara_directory_epoch2000,5,TTTTC,4110,0.002927350427350427
Ara_directory_epoch2000,5,TTTTG,2888,0.002056980056980057
Ara_directory_epoch2000,5,TTTTT,6516,0.004641025641025641
Maize_directory_epoch2000,5,AAAAA,4917,0.003502136752136752
Maize_directory_epoch2000,5,AAAAC,2268,0.0016153846153846153
Maize_directory_epoch2000,5,AAAAG,2141,0.0015249287749287748
Maize_directory_epoch2000,5,AAAAT,3679,0.0026203703703703706
Maize_directory_epoch2000,5,AAACA,1864,0.0013276353276353277
Maize_directory_epoch2000,5,AAACC,1698,0.0012094017094017094
Maize_directory_epoch2000,5,AAACG,996,0.0007094017094017094
Maize_directory_epoch2000,5,AAACT,1998,0.0014230769230769232
Maize_directory_epoch2000,5,AAAGA,2494,0.0017763532763532762
Maize_directory_epoch2000,5,AAAGC,1264,0.0009002849002849002
Maize_directory_epoch2000,5,AAAGG,870,0.0006196581196581197
Maize_directory_epoch2000,5,AAAGT,1615,0.0011502849002849003
Maize_directory_epoch2000,5,AAATA,2305,0.0016417378917378917
Maize_directory_epoch2000,5,AAATC,2905,0.002069088319088319
Maize_directory_epoch2000,5,AAATG,1744,0.0012421652421652422
Maize_directory_epoch2000,5,AAATT,4388,0.0031253561253561254
Maize_directory_epoch2000,5,AACAA,2090,0.0014886039886039886
Maize_directory_epoch2000,5,AACAC,950,0.0006766381766381767
Maize_directory_epoch2000,5,AACAG,714,0.0005085470085470085
Maize_directory_epoch2000,5,AACAT,1335,0.0009508547008547009
Maize_directory_epoch2000,5,AACCA,1396,0.0009943019943019942
Maize_directory_epoch2000,5,AACCC,1047,0.0007457264957264957
Maize_directory_epoch2000,5,AACCG,885,0.0006303418803418803
Maize_directory_epoch2000,5,AACCT,1245,0.0008867521367521367
Maize_directory_epoch2000,5,AACGA,1183,0.0008425925925925926
Maize_directory_epoch2000,5,AACGC,522,0.0003717948717948718
Maize_directory_epoch2000,5,AACGG,608,0.00043304843304843306
Maize_directory_epoch2000,5,AACGT,789,0.000561965811965812
Maize_directory_epoch2000,5,AACTA,1014,0.0007222222222222222
Maize_directory_epoch2000,5,AACTC,1676,0.0011937321937321938
Maize_directory_epoch2000,5,AACTG,853,0.0006075498575498576
Maize_directory_epoch2000,5,AACTT,2006,0.0014287749287749288
Maize_directory_epoch2000,5,AAGAA,3015,0.0021474358974358974
Maize_directory_epoch2000,5,AAGAC,1102,0.000784900284900285
Maize_directory_epoch2000,5,AAGAG,1431,0.0010192307692307692
Maize_directory_epoch2000,5,AAGAT,2510,0.0017877492877492877
Maize_directory_epoch2000,5,AAGCA,1024,0.0007293447293447293
Maize_directory_epoch2000,5,AAGCC,887,0.0006317663817663817
Maize_directory_epoch2000,5,AAGCG,536,0.00038176638176638176
Maize_directory_epoch2000,5,AAGCT,1575,0.0011217948717948717
Maize_directory_epoch2000,5,AAGGA,1168,0.0008319088319088319
Maize_directory_epoch2000,5,AAGGC,520,0.00037037037037037035
Maize_directory_epoch2000,5,AAGGG,423,0.0003012820512820513
Maize_directory_epoch2000,5,AAGGT,892,0.0006353276353276353
Maize_directory_epoch2000,5,AAGTA,977,0.0006958689458689459
Maize_directory_epoch2000,5,AAGTC,1114,0.0007934472934472935
Maize_directory_epoch2000,5,AAGTG,838,0.0005968660968660969
Maize_directory_epoch2000,5,AAGTT,2181,0.0015534188034188035
Maize_directory_epoch2000,5,AATAA,2186,0.001556980056980057
Maize_directory_epoch2000,5,AATAC,949,0.000675925925925926
Maize_directory_epoch2000,5,AATAG,984,0.0007008547008547009
Maize_directory_epoch2000,5,AATAT,2156,0.0015356125356125357
Maize_directory_epoch2000,5,AATCA,2208,0.0015726495726495727
Maize_directory_epoch2000,5,AATCC,1829,0.0013027065527065527
Maize_directory_epoch2000,5,AATCG,1512,0.0010769230769230769
Maize_directory_epoch2000,5,AATCT,3577,0.0025477207977207977
Maize_directory_epoch2000,5,AATGA,1716,0.0012222222222222222
Maize_directory_epoch2000,5,AATGC,690,0.0004914529914529915
Maize_directory_epoch2000,5,AATGG,1147,0.000816951566951567
Maize_directory_epoch2000,5,AATGT,1647,0.0011730769230769232
Maize_directory_epoch2000,5,AATTA,2396,0.0017065527065527066
Maize_directory_epoch2000,5,AATTC,3053,0.0021745014245014246
Maize_directory_epoch2000,5,AATTG,2298,0.0016367521367521367
Maize_directory_epoch2000,5,AATTT,6249,0.004450854700854701
Maize_directory_epoch2000,5,ACAAA,2007,0.0014294871794871796
Maize_directory_epoch2000,5,ACAAC,1080,0.0007692307692307692
Maize_directory_epoch2000,5,ACAAG,959,0.0006830484330484331
Maize_directory_epoch2000,5,ACAAT,1617,0.0011517094017094017
Maize_directory_epoch2000,5,ACACA,817,0.0005819088319088319
Maize_directory_epoch2000,5,ACACC,694,0.0004943019943019943
Maize_directory_epoch2000,5,ACACG,448,0.0003190883190883191
Maize_directory_epoch2000,5,ACACT,832,0.0005925925925925926
Maize_directory_epoch2000,5,ACAGA,889,0.0006331908831908832
Maize_directory_epoch2000,5,ACAGC,429,0.00030555555555555555
Maize_directory_epoch2000,5,ACAGG,324,0.00023076923076923076
Maize_directory_epoch2000,5,ACAGT,580,0.0004131054131054131
Maize_directory_epoch2000,5,ACATA,855,0.000608974358974359
Maize_directory_epoch2000,5,ACATC,1148,0.0008176638176638177
Maize_directory_epoch2000,5,ACATG,719,0.0005121082621082621
Maize_directory_epoch2000,5,ACATT,1372,0.0009772079772079772
Maize_directory_epoch2000,5,ACCAA,1497,0.0010662393162393163
Maize_directory_epoch2000,5,ACCAC,951,0.0006773504273504274
Maize_directory_epoch2000,5,ACCAG,626,0.00044586894586894586
Maize_directory_epoch2000,5,ACCAT,1099,0.0007827635327635327
Maize_directory_epoch2000,5,ACCCA,881,0.0006274928774928775
Maize_directory_epoch2000,5,ACCCC,554,0.00039458689458689457
Maize_directory_epoch2000,5,ACCCG,440,0.0003133903133903134
Maize_directory_epoch2000,5,ACCCT,797,0.0005676638176638177
Maize_directory_epoch2000,5,ACCGA,924,0.0006581196581196581
Maize_directory_epoch2000,5,ACCGC,640,0.0004558404558404558
Maize_directory_epoch2000,5,ACCGG,581,0.00041381766381766384
Maize_directory_epoch2000,5,ACCGT,773,0.0005505698005698005
Maize_directory_epoch2000,5,ACCTA,678,0.0004829059829059829
Maize_directory_epoch2000,5,ACCTC,1180,0.0008404558404558405
Maize_directory_epoch2000,5,ACCTG,567,0.00040384615384615383
Maize_directory_epoch2000,5,ACCTT,1237,0.000881054131054131
Maize_directory_epoch2000,5,ACGAA,1209,0.0008611111111111111
Maize_directory_epoch2000,5,ACGAC,779,0.0005548433048433049
Maize_directory_epoch2000,5,ACGAG,637,0.0004537037037037037
Maize_directory_epoch2000,5,ACGAT,1317,0.0009380341880341881
Maize_directory_epoch2000,5,ACGCA,386,0.0002749287749287749
Maize_directory_epoch2000,5,ACGCC,536,0.00038176638176638176
Maize_directory_epoch2000,5,ACGCG,248,0.00017663817663817665
Maize_directory_epoch2000,5,ACGCT,551,0.0003924501424501425
Maize_directory_epoch2000,5,ACGGA,734,0.0005227920227920228
Maize_directory_epoch2000,5,ACGGC,558,0.0003974358974358974
Maize_directory_epoch2000,5,ACGGG,253,0.0001801994301994302
Maize_directory_epoch2000,5,ACGGT,601,0.00042806267806267805
Maize_directory_epoch2000,5,ACGTA,457,0.0003254985754985755
Maize_directory_epoch2000,5,ACGTC,746,0.0005313390313390313
Maize_directory_epoch2000,5,ACGTG,462,0.00032905982905982907
Maize_directory_epoch2000,5,ACGTT,1069,0.0007613960113960114
Maize_directory_epoch2000,5,ACTAA,1026,0.0007307692307692308
Maize_directory_epoch2000,5,ACTAC,621,0.0004423076923076923
Maize_directory_epoch2000,5,ACTAG,504,0.000358974358974359
Maize_directory_epoch2000,5,ACTAT,1063,0.0007571225071225071
Maize_directory_epoch2000,5,ACTCA,1203,0.0008568376068376068
Maize_directory_epoch2000,5,ACTCC,1197,0.0008525641025641026
Maize_directory_epoch2000,5,ACTCG,784,0.0005584045584045584
Maize_directory_epoch2000,5,ACTCT,2135,0.0015206552706552706
Maize_directory_epoch2000,5,ACTGA,958,0.0006823361823361824
Maize_directory_epoch2000,5,ACTGC,509,0.00036253561253561255
Maize_directory_epoch2000,5,ACTGG,521,0.0003710826210826211
Maize_directory_epoch2000,5,ACTGT,845,0.0006018518518518519
Maize_directory_epoch2000,5,ACTTA,1073,0.0007642450142450142
Maize_directory_epoch2000,5,ACTTC,1805,0.0012856125356125357
Maize_directory_epoch2000,5,ACTTG,1115,0.0007941595441595441
Maize_directory_epoch2000,5,ACTTT,2527,0.0017998575498575499
Maize_directory_epoch2000,5,AGAAA,2690,0.001915954415954416
Maize_directory_epoch2000,5,AGAAC,1074,0.0007649572649572649
Maize_directory_epoch2000,5,AGAAG,1992,0.0014188034188034188
Maize_directory_epoch2000,5,AGAAT,1948,0.0013874643874643875
Maize_directory_epoch2000,5,AGACA,805,0.0005733618233618234
Maize_directory_epoch2000,5,AGACC,650,0.000462962962962963
Maize_directory_epoch2000,5,AGACG,687,0.0004893162393162393
Maize_directory_epoch2000,5,AGACT,886,0.000631054131054131
Maize_directory_epoch2000,5,AGAGA,1792,0.0012763532763532765
Maize_directory_epoch2000,5,AGAGC,728,0.0005185185185185185
Maize_directory_epoch2000,5,AGAGG,751,0.0005349002849002849
Maize_directory_epoch2000,5,AGAGT,1092,0.0007777777777777777
Maize_directory_epoch2000,5,AGATA,1303,0.0009280626780626781
Maize_directory_epoch2000,5,AGATC,2093,0.0014907407407407408
Maize_directory_epoch2000,5,AGATG,1413,0.0010064102564102564
Maize_directory_epoch2000,5,AGATT,3326,0.002368945868945869
Maize_directory_epoch2000,5,AGCAA,1075,0.0007656695156695156
Maize_directory_epoch2000,5,AGCAC,456,0.00032478632478632476
Maize_directory_epoch2000,5,AGCAG,580,0.0004131054131054131
Maize_directory_epoch2000,5,AGCAT,659,0.0004693732193732194
Maize_directory_epoch2000,5,AGCCA,677,0.0004821937321937322
Maize_directory_epoch2000,5,AGCCC,385,0.0002742165242165242
Maize_directory_epoch2000,5,AGCCG,568,0.0004045584045584046
Maize_directory_epoch2000,5,AGCCT,676,0.0004814814814814815
Maize_directory_epoch2000,5,AGCGA,693,0.0004935897435897436
Maize_directory_epoch2000,5,AGCGC,253,0.0001801994301994302
Maize_directory_epoch2000,5,AGCGG,386,0.0002749287749287749
Maize_directory_epoch2000,5,AGCGT,447,0.00031837606837606836
Maize_directory_epoch2000,5,AGCTA,755,0.0005377492877492877
Maize_directory_epoch2000,5,AGCTC,1267,0.0009024216524216524
Maize_directory_epoch2000,5,AGCTG,724,0.0005156695156695156
Maize_directory_epoch2000,5,AGCTT,1724,0.001227920227920228
Maize_directory_epoch2000,5,AGGAA,1142,0.0008133903133903134
Maize_directory_epoch2000,5,AGGAC,375,0.0002670940170940171
Maize_directory_epoch2000,5,AGGAG,929,0.0006616809116809116
Maize_directory_epoch2000,5,AGGAT,1148,0.0008176638176638177
Maize_directory_epoch2000,5,AGGCA,367,0.0002613960113960114
Maize_directory_epoch2000,5,AGGCC,282,0.00020085470085470087
Maize_directory_epoch2000,5,AGGCG,336,0.00023931623931623932
Maize_directory_epoch2000,5,AGGCT,534,0.00038034188034188036
Maize_directory_epoch2000,5,AGGGA,540,0.0003846153846153846
Maize_directory_epoch2000,5,AGGGC,187,0.00013319088319088318
Maize_directory_epoch2000,5,AGGGG,199,0.00014173789173789174
Maize_directory_epoch2000,5,AGGGT,502,0.00035754985754985754
Maize_directory_epoch2000,5,AGGTA,488,0.0003475783475783476
Maize_directory_epoch2000,5,AGGTC,496,0.0003532763532763533
Maize_directory_epoch2000,5,AGGTG,596,0.0004245014245014245
Maize_directory_epoch2000,5,AGGTT,1481,0.0010548433048433049
Maize_directory_epoch2000,5,AGTAA,1068,0.0007606837606837607
Maize_directory_epoch2000,5,AGTAC,406,0.0002891737891737892
Maize_directory_epoch2000,5,AGTAG,560,0.0003988603988603989
Maize_directory_epoch2000,5,AGTAT,926,0.0006595441595441595
Maize_directory_epoch2000,5,AGTCA,836,0.0005954415954415955
Maize_directory_epoch2000,5,AGTCC,599,0.00042663817663817665
Maize_directory_epoch2000,5,AGTCG,697,0.0004964387464387464
Maize_directory_epoch2000,5,AGTCT,1301,0.0009266381766381767
Maize_directory_epoch2000,5,AGTGA,954,0.0006794871794871795
Maize_directory_epoch2000,5,AGTGC,354,0.00025213675213675216
Maize_directory_epoch2000,5,AGTGG,607,0.00043233618233618236
Maize_directory_epoch2000,5,AGTGT,969,0.0006901709401709402
Maize_directory_epoch2000,5,AGTTA,1224,0.0008717948717948718
Maize_directory_epoch2000,5,AGTTC,1452,0.0010341880341880343
Maize_directory_epoch2000,5,AGTTG,1348,0.0009601139601139601
Maize_directory_epoch2000,5,AGTTT,3538,0.00251994301994302
Maize_directory_epoch2000,5,ATAAA,2285,0.0016274928774928775
Maize_directory_epoch2000,5,ATAAC,983,0.0007001424501424502
Maize_directory_epoch2000,5,ATAAG,1061,0.0007556980056980057
Maize_directory_epoch2000,5,ATAAT,1992,0.0014188034188034188
Maize_directory_epoch2000,5,ATACA,864,0.0006153846153846154
Maize_directory_epoch2000,5,ATACC,664,0.00047293447293447294
Maize_directory_epoch2000,5,ATACG,512,0.00036467236467236465
Maize_directory_epoch2000,5,ATACT,1079,0.0007685185185185185
Maize_directory_epoch2000,5,ATAGA,1276,0.0009088319088319088
Maize_directory_epoch2000,5,ATAGC,548,0.0003903133903133903
Maize_directory_epoch2000,5,ATAGG,517,0.00036823361823361825
Maize_directory_epoch2000,5,ATAGT,1061,0.0007556980056980057
Maize_directory_epoch2000,5,ATATA,1512,0.0010769230769230769
Maize_directory_epoch2000,5,ATATC,1668,0.001188034188034188
Maize_directory_epoch2000,5,ATATG,1265,0.000900997150997151
Maize_directory_epoch2000,5,ATATT,2842,0.002024216524216524
Maize_directory_epoch2000,5,ATCAA,2474,0.001762108262108262
Maize_directory_epoch2000,5,ATCAC,1433,0.0010206552706552706
Maize_directory_epoch2000,5,ATCAG,1055,0.0007514245014245014
Maize_directory_epoch2000,5,ATCAT,2137,0.001522079772079772
Maize_directory_epoch2000,5,ATCCA,1602,0.001141025641025641
Maize_directory_epoch2000,5,ATCCC,1120,0.0007977207977207978
Maize_directory_epoch2000,5,ATCCG,1146,0.0008162393162393163
Maize_directory_epoch2000,5,ATCCT,1893,0.0013482905982905983
Maize_directory_epoch2000,5,ATCGA,1836,0.0013076923076923077
Maize_directory_epoch2000,5,ATCGC,972,0.0006923076923076923
Maize_directory_epoch2000,5,ATCGG,914,0.000650997150997151
Maize_directory_epoch2000,5,ATCGT,1500,0.0010683760683760685
Maize_directory_epoch2000,5,ATCTA,1842,0.0013119658119658119
Maize_directory_epoch2000,5,ATCTC,3654,0.0026025641025641025
Maize_directory_epoch2000,5,ATCTG,1970,0.0014031339031339032
Maize_directory_epoch2000,5,ATCTT,4300,0.0030626780626780625
Maize_directory_epoch2000,5,ATGAA,1793,0.001277065527065527
Maize_directory_epoch2000,5,ATGAC,964,0.0006866096866096866
Maize_directory_epoch2000,5,ATGAG,1093,0.0007784900284900285
Maize_directory_epoch2000,5,ATGAT,2308,0.001643874643874644
Maize_directory_epoch2000,5,ATGCA,587,0.0004180911680911681
Maize_directory_epoch2000,5,ATGCC,540,0.0003846153846153846
Maize_directory_epoch2000,5,ATGCG,427,0.00030413105413105415
Maize_directory_epoch2000,5,ATGCT,1116,0.0007948717948717948
Maize_directory_epoch2000,5,ATGGA,1377,0.0009807692307692308
Maize_directory_epoch2000,5,ATGGC,826,0.0005883190883190883
Maize_directory_epoch2000,5,ATGGG,708,0.0005042735042735043
Maize_directory_epoch2000,5,ATGGT,1415,0.0010078347578347578
Maize_directory_epoch2000,5,ATGTA,1086,0.0007735042735042735
Maize_directory_epoch2000,5,ATGTC,1233,0.0008782051282051282
Maize_directory_epoch2000,5,ATGTG,1123,0.0007998575498575499
Maize_directory_epoch2000,5,ATGTT,2696,0.0019202279202279202
Maize_directory_epoch2000,5,ATTAA,2279,0.0016232193732193731
Maize_directory_epoch2000,5,ATTAC,1175,0.0008368945868945869
Maize_directory_epoch2000,5,ATTAG,1398,0.0009957264957264958
Maize_directory_epoch2000,5,ATTAT,2885,0.002054843304843305
Maize_directory_epoch2000,5,ATTCA,2269,0.0016160968660968661
Maize_directory_epoch2000,5,ATTCC,2008,0.0014301994301994302
Maize_directory_epoch2000,5,ATTCG,1777,0.0012656695156695156
Maize_directory_epoch2000,5,ATTCT,4306,0.003066951566951567
Maize_directory_epoch2000,5,ATTGA,2492,0.0017749287749287748
Maize_directory_epoch2000,5,ATTGC,1173,0.0008354700854700855
Maize_directory_epoch2000,5,ATTGG,1653,0.0011773504273504274
Maize_directory_epoch2000,5,ATTGT,2696,0.0019202279202279202
Maize_directory_epoch2000,5,ATTTA,3503,0.002495014245014245
Maize_directory_epoch2000,5,ATTTC,4352,0.0030997150997150997
Maize_directory_epoch2000,5,ATTTG,4426,0.0031524216524216526
Maize_directory_epoch2000,5,ATTTT,9084,0.00647008547008547
Maize_directory_epoch2000,5,CAAAA,2680,0.0019088319088319088
Maize_directory_epoch2000,5,CAAAC,1334,0.0009501424501424502
Maize_directory_epoch2000,5,CAAAG,1408,0.0010028490028490028
Maize_directory_epoch2000,5,CAAAT,2609,0.0018582621082621083
Maize_directory_epoch2000,5,CAACA,1228,0.0008746438746438746
Maize_directory_epoch2000,5,CAACC,1024,0.0007293447293447293
Maize_directory_epoch2000,5,CAACG,918,0.0006538461538461538
Maize_directory_epoch2000,5,CAACT,1275,0.0009081196581196581
Maize_directory_epoch2000,5,CAAGA,1443,0.0010277777777777778
Maize_directory_epoch2000,5,CAAGC,777,0.0005534188034188035
Maize_directory_epoch2000,5,CAAGG,645,0.00045940170940170943
Maize_directory_epoch2000,5,CAAGT,1024,0.0007293447293447293
Maize_directory_epoch2000,5,CAATA,1182,0.0008418803418803419
Maize_directory_epoch2000,5,CAATC,1981,0.001410968660968661
Maize_directory_epoch2000,5,CAATG,1154,0.000821937321937322
Maize_directory_epoch2000,5,CAATT,2965,0.0021118233618233617
Maize_directory_epoch2000,5,CACAA,1250,0.0008903133903133903
Maize_directory_epoch2000,5,CACAC,645,0.00045940170940170943
Maize_directory_epoch2000,5,CACAG,547,0.0003896011396011396
Maize_directory_epoch2000,5,CACAT,930,0.0006623931623931624
Maize_directory_epoch2000,5,CACCA,1195,0.0008511396011396011
Maize_directory_epoch2000,5,CACCC,556,0.000396011396011396
Maize_directory_epoch2000,5,CACCG,1065,0.0007585470085470085
Maize_directory_epoch2000,5,CACCT,889,0.0006331908831908832
Maize_directory_epoch2000,5,CACGA,722,0.0005142450142450142
Maize_directory_epoch2000,5,CACGC,331,0.00023575498575498574
Maize_directory_epoch2000,5,CACGG,475,0.00033831908831908833
Maize_directory_epoch2000,5,CACGT,585,0.0004166666666666667
Maize_directory_epoch2000,5,CACTA,749,0.0005334757834757834
Maize_directory_epoch2000,5,CACTC,1172,0.0008347578347578348
Maize_directory_epoch2000,5,CACTG,686,0.0004886039886039886
Maize_directory_epoch2000,5,CACTT,1404,0.001
Maize_directory_epoch2000,5,CAGAA,1256,0.0008945868945868946
Maize_directory_epoch2000,5,CAGAC,521,0.0003710826210826211
Maize_directory_epoch2000,5,CAGAG,843,0.0006004273504273504
Maize_directory_epoch2000,5,CAGAT,1489,0.0010605413105413105
Maize_directory_epoch2000,5,CAGCA,554,0.00039458689458689457
Maize_directory_epoch2000,5,CAGCC,423,0.0003012820512820513
Maize_directory_epoch2000,5,CAGCG,472,0.0003361823361823362
Maize_directory_epoch2000,5,CAGCT,816,0.0005811965811965812
Maize_directory_epoch2000,5,CAGGA,494,0.00035185185185185184
Maize_directory_epoch2000,5,CAGGC,222,0.00015811965811965813
Maize_directory_epoch2000,5,CAGGG,225,0.00016025641025641026
Maize_directory_epoch2000,5,CAGGT,508,0.00036182336182336185
Maize_directory_epoch2000,5,CAGTA,454,0.00032336182336182337
Maize_directory_epoch2000,5,CAGTC,569,0.0004052706552706553
Maize_directory_epoch2000,5,CAGTG,535,0.00038105413105413106
Maize_directory_epoch2000,5,CAGTT,1189,0.0008468660968660969
Maize_directory_epoch2000,5,CATAA,1049,0.0007471509971509971
Maize_directory_epoch2000,5,CATAC,521,0.0003710826210826211
Maize_directory_epoch2000,5,CATAG,657,0.00046794871794871793
Maize_directory_epoch2000,5,CATAT,1258,0.000896011396011396
Maize_directory_epoch2000,5,CATCA,1498,0.0010669515669515669
Maize_directory_epoch2000,5,CATCC,1074,0.0007649572649572649
Maize_directory_epoch2000,5,CATCG,1292,0.0009202279202279203
Maize_directory_epoch2000,5,CATCT,2157,0.0015363247863247863
Maize_directory_epoch2000,5,CATGA,953,0.0006787749287749288
Maize_directory_epoch2000,5,CATGC,439,0.00031267806267806265
Maize_directory_epoch2000,5,CATGG,829,0.0005904558404558405
Maize_directory_epoch2000,5,CATGT,1051,0.0007485754985754986
Maize_directory_epoch2000,5,CATTA,1154,0.000821937321937322
Maize_directory_epoch2000,5,CATTC,1449,0.001032051282051282
Maize_directory_epoch2000,5,CATTG,1325,0.0009437321937321938
Maize_directory_epoch2000,5,CATTT,3068,0.002185185185185185
Maize_directory_epoch2000,5,CCAAA,1993,0.0014195156695156696
Maize_directory_epoch2000,5,CCAAC,1065,0.0007585470085470085
Maize_directory_epoch2000,5,CCAAG,909,0.0006474358974358974
Maize_directory_epoch2000,5,CCAAT,1723,0.0012272079772079772
Maize_directory_epoch2000,5,CCACA,894,0.0006367521367521367
Maize_directory_epoch2000,5,CCACC,1082,0.0007706552706552706
Maize_directory_epoch2000,5,CCACG,587,0.0004180911680911681
Maize_directory_epoch2000,5,CCACT,989,0.0007044159544159544
Maize_directory_epoch2000,5,CCAGA,885,0.0006303418803418803
Maize_directory_epoch2000,5,CCAGC,512,0.00036467236467236465
Maize_directory_epoch2000,5,CCAGG,297,0.00021153846153846155
Maize_directory_epoch2000,5,CCAGT,623,0.0004437321937321937
Maize_directory_epoch2000,5,CCATA,839,0.0005975783475783476
Maize_directory_epoch2000,5,CCATC,1349,0.0009608262108262108
Maize_directory_epoch2000,5,CCATG,788,0.0005612535612535613
Maize_directory_epoch2000,5,CCATT,1671,0.0011901709401709402
Maize_directory_epoch2000,5,CCCAA,1160,0.0008262108262108262
Maize_directory_epoch2000,5,CCCAC,665,0.00047364672364672364
Maize_directory_epoch2000,5,CCCAG,464,0.00033048433048433047
Maize_directory_epoch2000,5,CCCAT,910,0.0006481481481481481
Maize_directory_epoch2000,5,CCCCA,703,0.0005007122507122507
Maize_directory_epoch2000,5,CCCCC,495,0.0003525641025641026
Maize_directory_epoch2000,5,CCCCG,515,0.0003668091168091168
Maize_directory_epoch2000,5,CCCCT,668,0.0004757834757834758
Maize_directory_epoch2000,5,CCCGA,638,0.0004544159544159544
Maize_directory_epoch2000,5,CCCGC,428,0.00030484330484330485
Maize_directory_epoch2000,5,CCCGG,384,0.0002735042735042735
Maize_directory_epoch2000,5,CCCGT,545,0.00038817663817663817
Maize_directory_epoch2000,5,CCCTA,641,0.0004565527065527066
Maize_directory_epoch2000,5,CCCTC,1168,0.0008319088319088319
Maize_directory_epoch2000,5,CCCTG,490,0.000349002849002849
Maize_directory_epoch2000,5,CCCTT,1165,0.0008297720797720798
Maize_directory_epoch2000,5,CCGAA,1139,0.0008112535612535613
Maize_directory_epoch2000,5,CCGAC,849,0.0006047008547008547
Maize_directory_epoch2000,5,CCGAG,689,0.0004907407407407407
Maize_directory_epoch2000,5,CCGAT,1551,0.0011047008547008547
Maize_directory_epoch2000,5,CCGCA,514,0.0003660968660968661
Maize_directory_epoch2000,5,CCGCC,1158,0.0008247863247863248
Maize_directory_epoch2000,5,CCGCG,436,0.00031054131054131056
Maize_directory_epoch2000,5,CCGCT,876,0.0006239316239316239
Maize_directory_epoch2000,5,CCGGA,810,0.000576923076923077
Maize_directory_epoch2000,5,CCGGC,767,0.0005462962962962962
Maize_directory_epoch2000,5,CCGGG,261,0.0001858974358974359
Maize_directory_epoch2000,5,CCGGT,740,0.000527065527065527
Maize_directory_epoch2000,5,CCGTA,561,0.0003995726495726496
Maize_directory_epoch2000,5,CCGTC,1146,0.0008162393162393163
Maize_directory_epoch2000,5,CCGTG,587,0.0004180911680911681
Maize_directory_epoch2000,5,CCGTT,1332,0.0009487179487179487
Maize_directory_epoch2000,5,CCTAA,945,0.000673076923076923
Maize_directory_epoch2000,5,CCTAC,585,0.0004166666666666667
Maize_directory_epoch2000,5,CCTAG,505,0.0003596866096866097
Maize_directory_epoch2000,5,CCTAT,1015,0.0007229344729344729
Maize_directory_epoch2000,5,CCTCA,1357,0.0009665242165242165
Maize_directory_epoch2000,5,CCTCC,1638,0.0011666666666666668
Maize_directory_epoch2000,5,CCTCG,986,0.0007022792022792023
Maize_directory_epoch2000,5,CCTCT,2551,0.0018169515669515669
Maize_directory_epoch2000,5,CCTGA,825,0.0005876068376068376
Maize_directory_epoch2000,5,CCTGC,485,0.00034544159544159543
Maize_directory_epoch2000,5,CCTGG,430,0.00030626780626780625
Maize_directory_epoch2000,5,CCTGT,754,0.000537037037037037
Maize_directory_epoch2000,5,CCTTA,1064,0.0007578347578347578
Maize_directory_epoch2000,5,CCTTC,2031,0.0014465811965811966
Maize_directory_epoch2000,5,CCTTG,1018,0.0007250712250712251
Maize_directory_epoch2000,5,CCTTT,2402,0.0017108262108262108
Maize_directory_epoch2000,5,CGAAA,1536,0.001094017094017094
Maize_directory_epoch2000,5,CGAAC,705,0.0005021367521367521
Maize_directory_epoch2000,5,CGAAG,1363,0.0009707977207977208
Maize_directory_epoch2000,5,CGAAT,1611,0.0011474358974358973
Maize_directory_epoch2000,5,CGACA,769,0.0005477207977207978
Maize_directory_epoch2000,5,CGACC,579,0.0004123931623931624
Maize_directory_epoch2000,5,CGACG,1186,0.0008447293447293447
Maize_directory_epoch2000,5,CGACT,870,0.0006196581196581197
Maize_directory_epoch2000,5,CGAGA,1025,0.0007300569800569801
Maize_directory_epoch2000,5,CGAGC,516,0.0003675213675213675
Maize_directory_epoch2000,5,CGAGG,520,0.00037037037037037035
Maize_directory_epoch2000,5,CGAGT,865,0.0006160968660968661
Maize_directory_epoch2000,5,CGATA,992,0.0007065527065527066
Maize_directory_epoch2000,5,CGATC,1653,0.0011773504273504274
Maize_directory_epoch2000,5,CGATG,1447,0.0010306267806267806
Maize_directory_epoch2000,5,CGATT,2795,0.001990740740740741
Maize_directory_epoch2000,5,CGCAA,640,0.0004558404558404558
Maize_directory_epoch2000,5,CGCAC,322,0.00022934472934472934
Maize_directory_epoch2000,5,CGCAG,422,0.00030056980056980054
Maize_directory_epoch2000,5,CGCAT,492,0.00035042735042735044
Maize_directory_epoch2000,5,CGCCA,719,0.0005121082621082621
Maize_directory_epoch2000,5,CGCCC,321,0.00022863247863247864
Maize_directory_epoch2000,5,CGCCG,1533,0.001091880341880342
Maize_directory_epoch2000,5,CGCCT,629,0.000448005698005698
Maize_directory_epoch2000,5,CGCGA,449,0.0003198005698005698
Maize_directory_epoch2000,5,CGCGC,208,0.00014814814814814815
Maize_directory_epoch2000,5,CGCGG,336,0.00023931623931623932
Maize_directory_epoch2000,5,CGCGT,351,0.00025
Maize_directory_epoch2000,5,CGCTA,543,0.00038675213675213677
Maize_directory_epoch2000,5,CGCTC,811,0.0005776353276353277
Maize_directory_epoch2000,5,CGCTG,751,0.0005349002849002849
Maize_directory_epoch2000,5,CGCTT,1192,0.000849002849002849
Maize_directory_epoch2000,5,CGGAA,895,0.0006374643874643874
Maize_directory_epoch2000,5,CGGAC,330,0.00023504273504273504
Maize_directory_epoch2000,5,CGGAG,1052,0.0007492877492877493
Maize_directory_epoch2000,5,CGGAT,1058,0.0007535612535612535
Maize_directory_epoch2000,5,CGGCA,506,0.0003603988603988604
Maize_directory_epoch2000,5,CGGCC,361,0.0002571225071225071
Maize_directory_epoch2000,5,CGGCG,1100,0.0007834757834757834
Maize_directory_epoch2000,5,CGGCT,637,0.0004537037037037037
Maize_directory_epoch2000,5,CGGGA,396,0.00028205128205128203
Maize_directory_epoch2000,5,CGGGC,150,0.00010683760683760684
Maize_directory_epoch2000,5,CGGGG,204,0.0001452991452991453
Maize_directory_epoch2000,5,CGGGT,416,0.0002962962962962963
Maize_directory_epoch2000,5,CGGTA,467,0.0003326210826210826
Maize_directory_epoch2000,5,CGGTC,465,0.0003311965811965812
Maize_directory_epoch2000,5,CGGTG,872,0.0006210826210826211
Maize_directory_epoch2000,5,CGGTT,1280,0.0009116809116809116
Maize_directory_epoch2000,5,CGTAA,682,0.00048575498575498575
Maize_directory_epoch2000,5,CGTAC,325,0.0002314814814814815
Maize_directory_epoch2000,5,CGTAG,501,0.00035683760683760684
Maize_directory_epoch2000,5,CGTAT,752,0.0005356125356125356
Maize_directory_epoch2000,5,CGTCA,943,0.0006716524216524217
Maize_directory_epoch2000,5,CGTCC,594,0.0004230769230769231
Maize_directory_epoch2000,5,CGTCG,1418,0.00100997150997151
Maize_directory_epoch2000,5,CGTCT,1347,0.0009594017094017094
Maize_directory_epoch2000,5,CGTGA,728,0.0005185185185185185
Maize_directory_epoch2000,5,CGTGC,307,0.00021866096866096865
Maize_directory_epoch2000,5,CGTGG,622,0.000443019943019943
Maize_directory_epoch2000,5,CGTGT,747,0.000532051282051282
Maize_directory_epoch2000,5,CGTTA,897,0.0006388888888888889
Maize_directory_epoch2000,5,CGTTC,1194,0.0008504273504273504
Maize_directory_epoch2000,5,CGTTG,1313,0.0009351851851851852
Maize_directory_epoch2000,5,CGTTT,2634,0.0018760683760683761
Maize_directory_epoch2000,5,CTAAA,1530,0.0010897435897435897
Maize_directory_epoch2000,5,CTAAC,816,0.0005811965811965812
Maize_directory_epoch2000,5,CTAAG,815,0.0005804843304843305
Maize_directory_epoch2000,5,CTAAT,1732,0.0012336182336182336
Maize_directory_epoch2000,5,CTACA,853,0.0006075498575498576
Maize_directory_epoch2000,5,CTACC,713,0.0005078347578347578
Maize_directory_epoch2000,5,CTACG,598,0.00042592592592592595
Maize_directory_epoch2000,5,CTACT,1119,0.0007970085470085471
Maize_directory_epoch2000,5,CTAGA,885,0.0006303418803418803
Maize_directory_epoch2000,5,CTAGC,474,0.00033760683760683763
Maize_directory_epoch2000,5,CTAGG,452,0.0003219373219373219
Maize_directory_epoch2000,5,CTAGT,860,0.0006125356125356125
Maize_directory_epoch2000,5,CTATA,975,0.0006944444444444445
Maize_directory_epoch2000,5,CTATC,1440,0.0010256410256410256
Maize_directory_epoch2000,5,CTATG,992,0.0007065527065527066
Maize_directory_epoch2000,5,CTATT,2300,0.0016381766381766381
Maize_directory_epoch2000,5,CTCAA,2143,0.0015263532763532765
Maize_directory_epoch2000,5,CTCAC,1319,0.0009394586894586895
Maize_directory_epoch2000,5,CTCAG,1085,0.0007727920227920228
Maize_directory_epoch2000,5,CTCAT,1937,0.0013796296296296295
Maize_directory_epoch2000,5,CTCCA,1877,0.001336894586894587
Maize_directory_epoch2000,5,CTCCC,1325,0.0009437321937321938
Maize_directory_epoch2000,5,CTCCG,2057,0.001465099715099715
Maize_directory_epoch2000,5,CTCCT,2602,0.0018532763532763533
Maize_directory_epoch2000,5,CTCGA,1604,0.0011424501424501425
Maize_directory_epoch2000,5,CTCGC,839,0.0005975783475783476
Maize_directory_epoch2000,5,CTCGG,760,0.0005413105413105413
Maize_directory_epoch2000,5,CTCGT,1399,0.0009964387464387464
Maize_directory_epoch2000,5,CTCTA,2002,0.001425925925925926
Maize_directory_epoch2000,5,CTCTC,4863,0.0034636752136752136
Maize_directory_epoch2000,5,CTCTG,2283,0.0016260683760683761
Maize_directory_epoch2000,5,CTCTT,4977,0.003544871794871795
Maize_directory_epoch2000,5,CTGAA,1423,0.0010135327635327636
Maize_directory_epoch2000,5,CTGAC,661,0.0004707977207977208
Maize_directory_epoch2000,5,CTGAG,954,0.0006794871794871795
Maize_directory_epoch2000,5,CTGAT,2280,0.001623931623931624
Maize_directory_epoch2000,5,CTGCA,599,0.00042663817663817665
Maize_directory_epoch2000,5,CTGCC,580,0.0004131054131054131
Maize_directory_epoch2000,5,CTGCG,606,0.0004316239316239316
Maize_directory_epoch2000,5,CTGCT,1320,0.0009401709401709402
Maize_directory_epoch2000,5,CTGGA,875,0.0006232193732193732
Maize_directory_epoch2000,5,CTGGC,471,0.0003354700854700855
Maize_directory_epoch2000,5,CTGGG,485,0.00034544159544159543
Maize_directory_epoch2000,5,CTGGT,1075,0.0007656695156695156
Maize_directory_epoch2000,5,CTGTA,820,0.0005840455840455841
Maize_directory_epoch2000,5,CTGTC,1003,0.0007143874643874644
Maize_directory_epoch2000,5,CTGTG,1071,0.0007628205128205128
Maize_directory_epoch2000,5,CTGTT,2459,0.0017514245014245014
Maize_directory_epoch2000,5,CTTAA,1636,0.0011652421652421651
Maize_directory_epoch2000,5,CTTAC,1019,0.0007257834757834758
Maize_directory_epoch2000,5,CTTAG,1077,0.0007670940170940171
Maize_directory_epoch2000,5,CTTAT,2176,0.0015498575498575499
Maize_directory_epoch2000,5,CTTCA,2591,0.0018454415954415955
Maize_directory_epoch2000,5,CTTCC,2395,0.0017058404558404558
Maize_directory_epoch2000,5,CTTCG,2148,0.0015299145299145298
Maize_directory_epoch2000,5,CTTCT,5819,0.004144586894586895
Maize_directory_epoch2000,5,CTTGA,1710,0.001217948717948718
Maize_directory_epoch2000,5,CTTGC,973,0.0006930199430199431
Maize_directory_epoch2000,5,CTTGG,1256,0.0008945868945868946
Maize_directory_epoch2000,5,CTTGT,2320,0.0016524216524216523
Maize_directory_epoch2000,5,CTTTA,2381,0.0016958689458689458
Maize_directory_epoch2000,5,CTTTC,3548,0.002527065527065527
Maize_directory_epoch2000,5,CTTTG,3082,0.002195156695156695
Maize_directory_epoch2000,5,CTTTT,6424,0.004575498575498576
Maize_directory_epoch2000,5,GAAAA,2689,0.0019152421652421652
Maize_directory_epoch2000,5,GAAAC,1582,0.0011267806267806267
Maize_directory_epoch2000,5,GAAAG,1303,0.0009280626780626781
Maize_directory_epoch2000,5,GAAAT,2329,0.0016588319088319088
Maize_directory_epoch2000,5,GAACA,971,0.0006915954415954416
Maize_directory_epoch2000,5,GAACC,952,0.0006780626780626781
Maize_directory_epoch2000,5,GAACG,517,0.00036823361823361825
Maize_directory_epoch2000,5,GAACT,1037,0.0007386039886039886
Maize_directory_epoch2000,5,GAAGA,2651,0.0018881766381766381
Maize_directory_epoch2000,5,GAAGC,1236,0.0008803418803418803
Maize_directory_epoch2000,5,GAAGG,835,0.0005947293447293447
Maize_directory_epoch2000,5,GAAGT,1235,0.0008796296296296296
Maize_directory_epoch2000,5,GAATA,1221,0.0008696581196581196
Maize_directory_epoch2000,5,GAATC,2244,0.0015982905982905983
Maize_directory_epoch2000,5,GAATG,963,0.0006858974358974359
Maize_directory_epoch2000,5,GAATT,3000,0.002136752136752137
Maize_directory_epoch2000,5,GACAA,1105,0.000787037037037037
Maize_directory_epoch2000,5,GACAC,538,0.0003831908831908832
Maize_directory_epoch2000,5,GACAG,479,0.0003411680911680912
Maize_directory_epoch2000,5,GACAT,740,0.000527065527065527
Maize_directory_epoch2000,5,GACCA,738,0.0005256410256410256
Maize_directory_epoch2000,5,GACCC,497,0.000353988603988604
Maize_directory_epoch2000,5,GACCG,408,0.0002905982905982906
Maize_directory_epoch2000,5,GACCT,595,0.0004237891737891738
Maize_directory_epoch2000,5,GACGA,1212,0.0008632478632478632
Maize_directory_epoch2000,5,GACGC,519,0.00036965811965811965
Maize_directory_epoch2000,5,GACGG,664,0.00047293447293447294
Maize_directory_epoch2000,5,GACGT,686,0.0004886039886039886
Maize_directory_epoch2000,5,GACTA,581,0.00041381766381766384
Maize_directory_epoch2000,5,GACTC,1057,0.0007528490028490028
Maize_directory_epoch2000,5,GACTG,520,0.00037037037037037035
Maize_directory_epoch2000,5,GACTT,1240,0.0008831908831908832
Maize_directory_epoch2000,5,GAGAA,1985,0.0014138176638176638
Maize_directory_epoch2000,5,GAGAC,784,0.0005584045584045584
Maize_directory_epoch2000,5,GAGAG,1115,0.0007941595441595441
Maize_directory_epoch2000,5,GAGAT,2059,0.0014665242165242166
Maize_directory_epoch2000,5,GAGCA,662,0.0004715099715099715
Maize_directory_epoch2000,5,GAGCC,544,0.00038746438746438747
Maize_directory_epoch2000,5,GAGCG,366,0.00026068376068376066
Maize_directory_epoch2000,5,GAGCT,1050,0.0007478632478632479
Maize_directory_epoch2000,5,GAGGA,1210,0.0008618233618233618
Maize_directory_epoch2000,5,GAGGC,466,0.0003319088319088319
Maize_directory_epoch2000,5,GAGGG,356,0.00025356125356125356
Maize_directory_epoch2000,5,GAGGT,813,0.0005790598290598291
Maize_directory_epoch2000,5,GAGTA,740,0.000527065527065527
Maize_directory_epoch2000,5,GAGTC,895,0.0006374643874643874
Maize_directory_epoch2000,5,GAGTG,645,0.00045940170940170943
Maize_directory_epoch2000,5,GAGTT,1965,0.0013995726495726495
Maize_directory_epoch2000,5,GATAA,1428,0.001017094017094017
Maize_directory_epoch2000,5,GATAC,865,0.0006160968660968661
Maize_directory_epoch2000,5,GATAG,811,0.0005776353276353277
Maize_directory_epoch2000,5,GATAT,1661,0.001183048433048433
Maize_directory_epoch2000,5,GATCA,1775,0.0012642450142450142
Maize_directory_epoch2000,5,GATCC,1572,0.0011196581196581197
Maize_directory_epoch2000,5,GATCG,1190,0.0008475783475783476
Maize_directory_epoch2000,5,GATCT,3065,0.002183048433048433
Maize_directory_epoch2000,5,GATGA,1948,0.0013874643874643875
Maize_directory_epoch2000,5,GATGC,840,0.0005982905982905983
Maize_directory_epoch2000,5,GATGG,1200,0.0008547008547008547
Maize_directory_epoch2000,5,GATGT,1635,0.0011645299145299146
Maize_directory_epoch2000,5,GATTA,2029,0.0014451566951566952
Maize_directory_epoch2000,5,GATTC,3477,0.0024764957264957264
Maize_directory_epoch2000,5,GATTG,2132,0.0015185185185185184
Maize_directory_epoch2000,5,GATTT,6274,0.0044686609686609684
Maize_directory_epoch2000,5,GCAAA,1101,0.0007841880341880341
Maize_directory_epoch2000,5,GCAAC,679,0.0004836182336182336
Maize_directory_epoch2000,5,GCAAG,535,0.00038105413105413106
Maize_directory_epoch2000,5,GCAAT,899,0.0006403133903133903
Maize_directory_epoch2000,5,GCACA,371,0.00026424501424501427
Maize_directory_epoch2000,5,GCACC,450,0.0003205128205128205
Maize_directory_epoch2000,5,GCACG,231,0.00016452991452991454
Maize_directory_epoch2000,5,GCACT,449,0.0003198005698005698
Maize_directory_epoch2000,5,GCAGA,736,0.0005242165242165242
Maize_directory_epoch2000,5,GCAGC,475,0.00033831908831908833
Maize_directory_epoch2000,5,GCAGG,222,0.00015811965811965813
Maize_directory_epoch2000,5,GCAGT,403,0.00028703703703703703
Maize_directory_epoch2000,5,GCATA,425,0.0003027065527065527
Maize_directory_epoch2000,5,GCATC,773,0.0005505698005698005
Maize_directory_epoch2000,5,GCATG,373,0.00026566951566951567
Maize_directory_epoch2000,5,GCATT,829,0.0005904558404558405
Maize_directory_epoch2000,5,GCCAA,842,0.0005997150997150997
Maize_directory_epoch2000,5,GCCAC,600,0.00042735042735042735
Maize_directory_epoch2000,5,GCCAG,331,0.00023575498575498574
Maize_directory_epoch2000,5,GCCAT,671,0.00047792022792022794
Maize_directory_epoch2000,5,GCCCA,421,0.00029985754985754984
Maize_directory_epoch2000,5,GCCCC,306,0.00021794871794871795
Maize_directory_epoch2000,5,GCCCG,231,0.00016452991452991454
Maize_directory_epoch2000,5,GCCCT,373,0.00026566951566951567
Maize_directory_epoch2000,5,GCCGA,874,0.0006225071225071225
Maize_directory_epoch2000,5,GCCGC,750,0.0005341880341880342
Maize_directory_epoch2000,5,GCCGG,696,0.0004957264957264957
Maize_directory_epoch2000,5,GCCGT,752,0.0005356125356125356
Maize_directory_epoch2000,5,GCCTA,411,0.00029273504273504274
Maize_directory_epoch2000,5,GCCTC,865,0.0006160968660968661
Maize_directory_epoch2000,5,GCCTG,310,0.0002207977207977208
Maize_directory_epoch2000,5,GCCTT,898,0.0006396011396011396
Maize_directory_epoch2000,5,GCGAA,807,0.0005747863247863248
Maize_directory_epoch2000,5,GCGAC,551,0.0003924501424501425
Maize_directory_epoch2000,5,GCGAG,445,0.00031695156695156696
Maize_directory_epoch2000,5,GCGAT,981,0.0006987179487179487
Maize_directory_epoch2000,5,GCGCA,214,0.00015242165242165243
Maize_directory_epoch2000,5,GCGCC,390,0.0002777777777777778
Maize_directory_epoch2000,5,GCGCG,161,0.00011467236467236467
Maize_directory_epoch2000,5,GCGCT,366,0.00026068376068376066
Maize_directory_epoch2000,5,GCGGA,579,0.0004123931623931624
Maize_directory_epoch2000,5,GCGGC,550,0.0003917378917378917
Maize_directory_epoch2000,5,GCGGG,163,0.0001160968660968661
Maize_directory_epoch2000,5,GCGGT,540,0.0003846153846153846
Maize_directory_epoch2000,5,GCGTA,284,0.0002022792022792023
Maize_directory_epoch2000,5,GCGTC,601,0.00042806267806267805
Maize_directory_epoch2000,5,GCGTG,277,0.00019729344729344729
Maize_directory_epoch2000,5,GCGTT,766,0.0005455840455840455
Maize_directory_epoch2000,5,GCTAA,746,0.0005313390313390313
Maize_directory_epoch2000,5,GCTAC,582,0.00041452991452991454
Maize_directory_epoch2000,5,GCTAG,400,0.0002849002849002849
Maize_directory_epoch2000,5,GCTAT,829,0.0005904558404558405
Maize_directory_epoch2000,5,GCTCA,878,0.0006253561253561253
Maize_directory_epoch2000,5,GCTCC,1074,0.0007649572649572649
Maize_directory_epoch2000,5,GCTCG,612,0.0004358974358974359
Maize_directory_epoch2000,5,GCTCT,1658,0.001180911680911681
Maize_directory_epoch2000,5,GCTGA,958,0.0006823361823361824
Maize_directory_epoch2000,5,GCTGC,611,0.0004351851851851852
Maize_directory_epoch2000,5,GCTGG,487,0.0003468660968660969
Maize_directory_epoch2000,5,GCTGT,874,0.0006225071225071225
Maize_directory_epoch2000,5,GCTTA,923,0.0006574074074074074
Maize_directory_epoch2000,5,GCTTC,2115,0.0015064102564102564
Maize_directory_epoch2000,5,GCTTG,922,0.0006566951566951567
Maize_directory_epoch2000,5,GCTTT,2497,0.0017784900284900285
Maize_directory_epoch2000,5,GGAAA,1416,0.0010085470085470086
Maize_directory_epoch2000,5,GGAAC,677,0.0004821937321937322
Maize_directory_epoch2000,5,GGAAG,956,0.000680911680911681
Maize_directory_epoch2000,5,GGAAT,1276,0.0009088319088319088
Maize_directory_epoch2000,5,GGACA,416,0.0002962962962962963
Maize_directory_epoch2000,5,GGACC,331,0.00023575498575498574
Maize_directory_epoch2000,5,GGACG,379,0.0002699430199430199
Maize_directory_epoch2000,5,GGACT,444,0.00031623931623931626
Maize_directory_epoch2000,5,GGAGA,1480,0.001054131054131054
Maize_directory_epoch2000,5,GGAGC,674,0.00048005698005698004
Maize_directory_epoch2000,5,GGAGG,765,0.0005448717948717948
Maize_directory_epoch2000,5,GGAGT,795,0.0005662393162393163
Maize_directory_epoch2000,5,GGATA,823,0.0005861823361823362
Maize_directory_epoch2000,5,GGATC,1333,0.0009494301994301995
Maize_directory_epoch2000,5,GGATG,800,0.0005698005698005698
Maize_directory_epoch2000,5,GGATT,2368,0.0016866096866096866
Maize_directory_epoch2000,5,GGCAA,585,0.0004166666666666667
Maize_directory_epoch2000,5,GGCAC,303,0.0002158119658119658
Maize_directory_epoch2000,5,GGCAG,296,0.00021082621082621082
Maize_directory_epoch2000,5,GGCAT,419,0.00029843304843304845
Maize_directory_epoch2000,5,GGCCA,397,0.0002827635327635328
Maize_directory_epoch2000,5,GGCCC,236,0.0001680911680911681
Maize_directory_epoch2000,5,GGCCG,342,0.0002435897435897436
Maize_directory_epoch2000,5,GGCCT,354,0.00025213675213675216
Maize_directory_epoch2000,5,GGCGA,846,0.0006025641025641026
Maize_directory_epoch2000,5,GGCGC,347,0.00024715099715099715
Maize_directory_epoch2000,5,GGCGG,679,0.0004836182336182336
Maize_directory_epoch2000,5,GGCGT,471,0.0003354700854700855
Maize_directory_epoch2000,5,GGCTA,451,0.0003212250712250712
Maize_directory_epoch2000,5,GGCTC,680,0.00048433048433048435
Maize_directory_epoch2000,5,GGCTG,435,0.00030982905982905986
Maize_directory_epoch2000,5,GGCTT,967,0.0006887464387464388
Maize_directory_epoch2000,5,GGGAA,752,0.0005356125356125356
Maize_directory_epoch2000,5,GGGAC,257,0.00018304843304843305
Maize_directory_epoch2000,5,GGGAG,450,0.0003205128205128205
Maize_directory_epoch2000,5,GGGAT,855,0.000608974358974359
Maize_directory_epoch2000,5,GGGCA,162,0.00011538461538461538
Maize_directory_epoch2000,5,GGGCC,189,0.0001346153846153846
Maize_directory_epoch2000,5,GGGCG,170,0.00012108262108262109
Maize_directory_epoch2000,5,GGGCT,311,0.0002215099715099715
Maize_directory_epoch2000,5,GGGGA,378,0.0002692307692307692
Maize_directory_epoch2000,5,GGGGC,132,9.401709401709401e-05
Maize_directory_epoch2000,5,GGGGG,161,0.00011467236467236467
Maize_directory_epoch2000,5,GGGGT,374,0.00026638176638176637
Maize_directory_epoch2000,5,GGGTA,377,0.0002685185185185185
Maize_directory_epoch2000,5,GGGTC,428,0.00030484330484330485
Maize_directory_epoch2000,5,GGGTG,362,0.0002578347578347578
Maize_directory_epoch2000,5,GGGTT,1431,0.0010192307692307692
Maize_directory_epoch2000,5,GGTAA,717,0.0005106837606837607
Maize_directory_epoch2000,5,GGTAC,376,0.0002678062678062678
Maize_directory_epoch2000,5,GGTAG,435,0.00030982905982905986
Maize_directory_epoch2000,5,GGTAT,770,0.0005484330484330485
Maize_directory_epoch2000,5,GGTCA,575,0.00040954415954415953
Maize_directory_epoch2000,5,GGTCC,439,0.00031267806267806265
Maize_directory_epoch2000,5,GGTCG,465,0.0003311965811965812
Maize_directory_epoch2000,5,GGTCT,869,0.0006189458689458689
Maize_directory_epoch2000,5,GGTGA,1136,0.0008091168091168092
Maize_directory_epoch2000,5,GGTGC,404,0.00028774928774928773
Maize_directory_epoch2000,5,GGTGG,758,0.0005398860398860398
Maize_directory_epoch2000,5,GGTGT,922,0.0006566951566951567
Maize_directory_epoch2000,5,GGTTA,1119,0.0007970085470085471
Maize_directory_epoch2000,5,GGTTC,1519,0.0010819088319088319
Maize_directory_epoch2000,5,GGTTG,1134,0.0008076923076923077
Maize_directory_epoch2000,5,GGTTT,3760,0.002678062678062678
Maize_directory_epoch2000,5,GTAAA,1342,0.0009558404558404559
Maize_directory_epoch2000,5,GTAAC,660,0.0004700854700854701
Maize_directory_epoch2000,5,GTAAG,600,0.00042735042735042735
Maize_directory_epoch2000,5,GTAAT,1305,0.0009294871794871795
Maize_directory_epoch2000,5,GTACA,496,0.0003532763532763533
Maize_directory_epoch2000,5,GTACC,395,0.00028133903133903133
Maize_directory_epoch2000,5,GTACG,242,0.00017236467236467237
Maize_directory_epoch2000,5,GTACT,607,0.00043233618233618236
Maize_directory_epoch2000,5,GTAGA,863,0.0006146723646723647
Maize_directory_epoch2000,5,GTAGC,460,0.0003276353276353276
Maize_directory_epoch2000,5,GTAGG,338,0.00024074074074074075
Maize_directory_epoch2000,5,GTAGT,722,0.0005142450142450142
Maize_directory_epoch2000,5,GTATA,786,0.0005598290598290599
Maize_directory_epoch2000,5,GTATC,1111,0.0007913105413105414
Maize_directory_epoch2000,5,GTATG,704,0.0005014245014245014
Maize_directory_epoch2000,5,GTATT,1784,0.0012706552706552706
Maize_directory_epoch2000,5,GTCAA,1166,0.0008304843304843305
Maize_directory_epoch2000,5,GTCAC,731,0.0005206552706552706
Maize_directory_epoch2000,5,GTCAG,551,0.0003924501424501425
Maize_directory_epoch2000,5,GTCAT,1078,0.0007678062678062678
Maize_directory_epoch2000,5,GTCCA,695,0.000495014245014245
Maize_directory_epoch2000,5,GTCCC,466,0.0003319088319088319
Maize_directory_epoch2000,5,GTCCG,507,0.0003611111111111111
Maize_directory_epoch2000,5,GTCCT,848,0.000603988603988604
Maize_directory_epoch2000,5,GTCGA,1205,0.0008582621082621083
Maize_directory_epoch2000,5,GTCGC,742,0.0005284900284900285
Maize_directory_epoch2000,5,GTCGG,643,0.000457977207977208
Maize_directory_epoch2000,5,GTCGT,1064,0.0007578347578347578
Maize_directory_epoch2000,5,GTCTA,918,0.0006538461538461538
Maize_directory_epoch2000,5,GTCTC,1749,0.0012457264957264958
Maize_directory_epoch2000,5,GTCTG,884,0.0006296296296296296
Maize_directory_epoch2000,5,GTCTT,2288,0.0016296296296296295
Maize_directory_epoch2000,5,GTGAA,1306,0.0009301994301994302
Maize_directory_epoch2000,5,GTGAC,667,0.0004750712250712251
Maize_directory_epoch2000,5,GTGAG,717,0.0005106837606837607
Maize_directory_epoch2000,5,GTGAT,1799,0.0012813390313390312
Maize_directory_epoch2000,5,GTGCA,376,0.0002678062678062678
Maize_directory_epoch2000,5,GTGCC,363,0.00025854700854700856
Maize_directory_epoch2000,5,GTGCG,255,0.00018162393162393162
Maize_directory_epoch2000,5,GTGCT,775,0.000551994301994302
Maize_directory_epoch2000,5,GTGGA,1021,0.0007272079772079772
Maize_directory_epoch2000,5,GTGGC,585,0.0004166666666666667
Maize_directory_epoch2000,5,GTGGG,466,0.0003319088319088319
Maize_directory_epoch2000,5,GTGGT,1046,0.000745014245014245
Maize_directory_epoch2000,5,GTGTA,791,0.0005633903133903134
Maize_directory_epoch2000,5,GTGTC,897,0.0006388888888888889
Maize_directory_epoch2000,5,GTGTG,776,0.0005527065527065528
Maize_directory_epoch2000,5,GTGTT,2324,0.0016552706552706554
Maize_directory_epoch2000,5,GTTAA,1609,0.001146011396011396
Maize_directory_epoch2000,5,GTTAC,910,0.0006481481481481481
Maize_directory_epoch2000,5,GTTAG,911,0.0006488603988603988
Maize_directory_epoch2000,5,GTTAT,1914,0.0013632478632478633
Maize_directory_epoch2000,5,GTTCA,1404,0.001
Maize_directory_epoch2000,5,GTTCC,1349,0.0009608262108262108
Maize_directory_epoch2000,5,GTTCG,1105,0.000787037037037037
Maize_directory_epoch2000,5,GTTCT,2928,0.0020854700854700853
Maize_directory_epoch2000,5,GTTGA,2031,0.0014465811965811966
Maize_directory_epoch2000,5,GTTGC,1105,0.000787037037037037
Maize_directory_epoch2000,5,GTTGG,1155,0.0008226495726495727
Maize_directory_epoch2000,5,GTTGT,2303,0.0016403133903133903
Maize_directory_epoch2000,5,GTTTA,2675,0.0019052706552706554
Maize_directory_epoch2000,5,GTTTC,3815,0.0027172364672364674
Maize_directory_epoch2000,5,GTTTG,3114,0.002217948717948718
Maize_directory_epoch2000,5,GTTTT,7900,0.005626780626780627
Maize_directory_epoch2000,5,TAAAA,2697,0.001920940170940171
Maize_directory_epoch2000,5,TAAAC,1353,0.0009636752136752137
Maize_directory_epoch2000,5,TAAAG,1376,0.00098005698005698
Maize_directory_epoch2000,5,TAAAT,2730,0.0019444444444444444
Maize_directory_epoch2000,5,TAACA,1015,0.0007229344729344729
Maize_directory_epoch2000,5,TAACC,885,0.0006303418803418803
Maize_directory_epoch2000,5,TAACG,662,0.0004715099715099715
Maize_directory_epoch2000,5,TAACT,1243,0.0008853276353276353
Maize_directory_epoch2000,5,TAAGA,1461,0.0010405982905982907
Maize_directory_epoch2000,5,TAAGC,738,0.0005256410256410256
Maize_directory_epoch2000,5,TAAGG,650,0.000462962962962963
Maize_directory_epoch2000,5,TAAGT,1241,0.0008839031339031339
Maize_directory_epoch2000,5,TAATA,1561,0.001111823361823362
Maize_directory_epoch2000,5,TAATC,1991,0.0014180911680911682
Maize_directory_epoch2000,5,TAATG,1344,0.0009572649572649573
Maize_directory_epoch2000,5,TAATT,3633,0.0025876068376068377
Maize_directory_epoch2000,5,TACAA,1212,0.0008632478632478632
Maize_directory_epoch2000,5,TACAC,658,0.0004686609686609687
Maize_directory_epoch2000,5,TACAG,483,0.00034401709401709403
Maize_directory_epoch2000,5,TACAT,1071,0.0007628205128205128
Maize_directory_epoch2000,5,TACCA,836,0.0005954415954415955
Maize_directory_epoch2000,5,TACCC,566,0.00040313390313390313
Maize_directory_epoch2000,5,TACCG,557,0.0003967236467236467
Maize_directory_epoch2000,5,TACCT,910,0.0006481481481481481
Maize_directory_epoch2000,5,TACGA,812,0.0005783475783475784
Maize_directory_epoch2000,5,TACGC,348,0.00024786324786324785
Maize_directory_epoch2000,5,TACGG,402,0.00028632478632478634
Maize_directory_epoch2000,5,TACGT,675,0.0004807692307692308
Maize_directory_epoch2000,5,TACTA,864,0.0006153846153846154
Maize_directory_epoch2000,5,TACTC,1395,0.0009935897435897436
Maize_directory_epoch2000,5,TACTG,771,0.0005491452991452992
Maize_directory_epoch2000,5,TACTT,1844,0.0013133903133903135
Maize_directory_epoch2000,5,TAGAA,1434,0.0010213675213675214
Maize_directory_epoch2000,5,TAGAC,633,0.00045085470085470087
Maize_directory_epoch2000,5,TAGAG,961,0.0006844729344729345
Maize_directory_epoch2000,5,TAGAT,2080,0.0014814814814814814
Maize_directory_epoch2000,5,TAGCA,533,0.0003796296296296296
Maize_directory_epoch2000,5,TAGCC,443,0.0003155270655270655
Maize_directory_epoch2000,5,TAGCG,409,0.0002913105413105413
Maize_directory_epoch2000,5,TAGCT,1021,0.0007272079772079772
Maize_directory_epoch2000,5,TAGGA,721,0.0005135327635327635
Maize_directory_epoch2000,5,TAGGC,311,0.0002215099715099715
Maize_directory_epoch2000,5,TAGGG,429,0.00030555555555555555
Maize_directory_epoch2000,5,TAGGT,849,0.0006047008547008547
Maize_directory_epoch2000,5,TAGTA,782,0.000556980056980057
Maize_directory_epoch2000,5,TAGTC,847,0.0006032763532763533
Maize_directory_epoch2000,5,TAGTG,867,0.0006175213675213675
Maize_directory_epoch2000,5,TAGTT,2221,0.001581908831908832
Maize_directory_epoch2000,5,TATAA,1649,0.0011745014245014246
Maize_directory_epoch2000,5,TATAC,786,0.0005598290598290599
Maize_directory_epoch2000,5,TATAG,949,0.000675925925925926
Maize_directory_epoch2000,5,TATAT,2213,0.0015762108262108263
Maize_directory_epoch2000,5,TATCA,1592,0.001133903133903134
Maize_directory_epoch2000,5,TATCC,1275,0.0009081196581196581
Maize_directory_epoch2000,5,TATCG,1223,0.0008710826210826211
Maize_directory_epoch2000,5,TATCT,2957,0.002106125356125356
Maize_directory_epoch2000,5,TATGA,1541,0.0010975783475783475
Maize_directory_epoch2000,5,TATGC,702,0.0005
Maize_directory_epoch2000,5,TATGG,1154,0.000821937321937322
Maize_directory_epoch2000,5,TATGT,1825,0.0012998575498575499
Maize_directory_epoch2000,5,TATTA,2156,0.0015356125356125357
Maize_directory_epoch2000,5,TATTC,2403,0.0017115384615384616
Maize_directory_epoch2000,5,TATTG,2285,0.0016274928774928775
Maize_directory_epoch2000,5,TATTT,5779,0.004116096866096866
Maize_directory_epoch2000,5,TCAAA,2915,0.002076210826210826
Maize_directory_epoch2000,5,TCAAC,1612,0.0011481481481481481
Maize_directory_epoch2000,5,TCAAG,1480,0.001054131054131054
Maize_directory_epoch2000,5,TCAAT,3043,0.0021673789173789174
Maize_directory_epoch2000,5,TCACA,1275,0.0009081196581196581
Maize_directory_epoch2000,5,TCACC,1469,0.0010462962962962963
Maize_directory_epoch2000,5,TCACG,838,0.0005968660968660969
Maize_directory_epoch2000,5,TCACT,1753,0.0012485754985754986
Maize_directory_epoch2000,5,TCAGA,1590,0.0011324786324786325
Maize_directory_epoch2000,5,TCAGC,857,0.0006103988603988604
Maize_directory_epoch2000,5,TCAGG,604,0.0004301994301994302
Maize_directory_epoch2000,5,TCAGT,1143,0.0008141025641025641
Maize_directory_epoch2000,5,TCATA,1373,0.000977920227920228
Maize_directory_epoch2000,5,TCATC,2762,0.001967236467236467
Maize_directory_epoch2000,5,TCATG,1390,0.00099002849002849
Maize_directory_epoch2000,5,TCATT,3115,0.0022186609686609686
Maize_directory_epoch2000,5,TCCAA,2178,0.0015512820512820513
Maize_directory_epoch2000,5,TCCAC,1324,0.000943019943019943
Maize_directory_epoch2000,5,TCCAG,892,0.0006353276353276353
Maize_directory_epoch2000,5,TCCAT,1959,0.0013952991452991453
Maize_directory_epoch2000,5,TCCCA,1185,0.000844017094017094
Maize_directory_epoch2000,5,TCCCC,1028,0.0007321937321937322
Maize_directory_epoch2000,5,TCCCG,812,0.0005783475783475784
Maize_directory_epoch2000,5,TCCCT,1619,0.0011531339031339031
Maize_directory_epoch2000,5,TCCGA,1777,0.0012656695156695156
Maize_directory_epoch2000,5,TCCGC,1172,0.0008347578347578348
Maize_directory_epoch2000,5,TCCGG,914,0.000650997150997151
Maize_directory_epoch2000,5,TCCGT,1562,0.0011125356125356125
Maize_directory_epoch2000,5,TCCTA,1311,0.0009337606837606838
Maize_directory_epoch2000,5,TCCTC,3308,0.002356125356125356
Maize_directory_epoch2000,5,TCCTG,1131,0.0008055555555555556
Maize_directory_epoch2000,5,TCCTT,3203,0.0022813390313390315
Maize_directory_epoch2000,5,TCGAA,2044,0.0014558404558404558
Maize_directory_epoch2000,5,TCGAC,1219,0.0008682336182336182
Maize_directory_epoch2000,5,TCGAG,1159,0.0008254985754985755
Maize_directory_epoch2000,5,TCGAT,3046,0.0021695156695156694
Maize_directory_epoch2000,5,TCGCA,758,0.0005398860398860398
Maize_directory_epoch2000,5,TCGCC,1114,0.0007934472934472935
Maize_directory_epoch2000,5,TCGCG,501,0.00035683760683760684
Maize_directory_epoch2000,5,TCGCT,1506,0.0010726495726495727
Maize_directory_epoch2000,5,TCGGA,1211,0.0008625356125356125
Maize_directory_epoch2000,5,TCGGC,737,0.0005249287749287749
Maize_directory_epoch2000,5,TCGGG,486,0.00034615384615384613
Maize_directory_epoch2000,5,TCGGT,1208,0.0008603988603988604
Maize_directory_epoch2000,5,TCGTA,967,0.0006887464387464388
Maize_directory_epoch2000,5,TCGTC,1822,0.0012977207977207977
Maize_directory_epoch2000,5,TCGTG,1081,0.0007699430199430199
Maize_directory_epoch2000,5,TCGTT,2877,0.0020491452991452993
Maize_directory_epoch2000,5,TCTAA,2169,0.0015448717948717949
Maize_directory_epoch2000,5,TCTAC,1491,0.0010619658119658119
Maize_directory_epoch2000,5,TCTAG,1266,0.0009017094017094017
Maize_directory_epoch2000,5,TCTAT,2787,0.0019850427350427352
Maize_directory_epoch2000,5,TCTCA,3034,0.002160968660968661
Maize_directory_epoch2000,5,TCTCC,3944,0.002809116809116809
Maize_directory_epoch2000,5,TCTCG,2225,0.0015847578347578347
Maize_directory_epoch2000,5,TCTCT,7737,0.0055106837606837605
Maize_directory_epoch2000,5,TCTGA,2583,0.0018397435897435897
Maize_directory_epoch2000,5,TCTGC,1502,0.0010698005698005699
Maize_directory_epoch2000,5,TCTGG,1468,0.0010455840455840457
Maize_directory_epoch2000,5,TCTGT,2900,0.0020655270655270657
Maize_directory_epoch2000,5,TCTTA,2838,0.0020213675213675212
Maize_directory_epoch2000,5,TCTTC,6963,0.00495940170940171
Maize_directory_epoch2000,5,TCTTG,3213,0.0022884615384615383
Maize_directory_epoch2000,5,TCTTT,7987,0.005688746438746439
Maize_directory_epoch2000,5,TGAAA,2275,0.0016203703703703703
Maize_directory_epoch2000,5,TGAAC,1031,0.0007343304843304843
Maize_directory_epoch2000,5,TGAAG,1643,0.0011702279202279202
Maize_directory_epoch2000,5,TGAAT,2602,0.0018532763532763533
Maize_directory_epoch2000,5,TGACA,877,0.0006246438746438746
Maize_directory_epoch2000,5,TGACC,674,0.00048005698005698004
Maize_directory_epoch2000,5,TGACG,832,0.0005925925925925926
Maize_directory_epoch2000,5,TGACT,1207,0.0008596866096866097
Maize_directory_epoch2000,5,TGAGA,1661,0.001183048433048433
Maize_directory_epoch2000,5,TGAGC,694,0.0004943019943019943
Maize_directory_epoch2000,5,TGAGG,814,0.0005797720797720798
Maize_directory_epoch2000,5,TGAGT,1508,0.001074074074074074
Maize_directory_epoch2000,5,TGATA,1655,0.0011787749287749288
Maize_directory_epoch2000,5,TGATC,2533,0.001804131054131054
Maize_directory_epoch2000,5,TGATG,1975,0.0014066951566951568
Maize_directory_epoch2000,5,TGATT,5457,0.003886752136752137
Maize_directory_epoch2000,5,TGCAA,913,0.0006502849002849003
Maize_directory_epoch2000,5,TGCAC,421,0.00029985754985754984
Maize_directory_epoch2000,5,TGCAG,534,0.00038034188034188036
Maize_directory_epoch2000,5,TGCAT,832,0.0005925925925925926
Maize_directory_epoch2000,5,TGCCA,651,0.0004636752136752137
Maize_directory_epoch2000,5,TGCCC,388,0.0002763532763532764
Maize_directory_epoch2000,5,TGCCG,633,0.00045085470085470087
Maize_directory_epoch2000,5,TGCCT,814,0.0005797720797720798
Maize_directory_epoch2000,5,TGCGA,788,0.0005612535612535613
Maize_directory_epoch2000,5,TGCGC,324,0.00023076923076923076
Maize_directory_epoch2000,5,TGCGG,426,0.0003034188034188034
Maize_directory_epoch2000,5,TGCGT,659,0.0004693732193732194
Maize_directory_epoch2000,5,TGCTA,815,0.0005804843304843305
Maize_directory_epoch2000,5,TGCTC,1460,0.0010398860398860398
Maize_directory_epoch2000,5,TGCTG,1017,0.0007243589743589744
Maize_directory_epoch2000,5,TGCTT,2551,0.0018169515669515669
Maize_directory_epoch2000,5,TGGAA,1547,0.001101851851851852
Maize_directory_epoch2000,5,TGGAC,610,0.00043447293447293445
Maize_directory_epoch2000,5,TGGAG,1286,0.000915954415954416
Maize_directory_epoch2000,5,TGGAT,2252,0.001603988603988604
Maize_directory_epoch2000,5,TGGCA,566,0.00040313390313390313
Maize_directory_epoch2000,5,TGGCC,504,0.000358974358974359
Maize_directory_epoch2000,5,TGGCG,739,0.0005263532763532763
Maize_directory_epoch2000,5,TGGCT,1052,0.0007492877492877493
Maize_directory_epoch2000,5,TGGGA,1007,0.0007172364672364672
Maize_directory_epoch2000,5,TGGGC,366,0.00026068376068376066
Maize_directory_epoch2000,5,TGGGG,484,0.00034472934472934473
Maize_directory_epoch2000,5,TGGGT,1308,0.0009316239316239317
Maize_directory_epoch2000,5,TGGTA,961,0.0006844729344729345
Maize_directory_epoch2000,5,TGGTC,961,0.0006844729344729345
Maize_directory_epoch2000,5,TGGTG,1403,0.0009992877492877492
Maize_directory_epoch2000,5,TGGTT,3357,0.002391025641025641
Maize_directory_epoch2000,5,TGTAA,1437,0.0010235042735042734
Maize_directory_epoch2000,5,TGTAC,631,0.0004494301994301994
Maize_directory_epoch2000,5,TGTAG,892,0.0006353276353276353
Maize_directory_epoch2000,5,TGTAT,1946,0.0013860398860398861
Maize_directory_epoch2000,5,TGTCA,1165,0.0008297720797720798
Maize_directory_epoch2000,5,TGTCC,883,0.0006289173789173789
Maize_directory_epoch2000,5,TGTCG,1069,0.0007613960113960114
Maize_directory_epoch2000,5,TGTCT,2314,0.0016481481481481482
Maize_directory_epoch2000,5,TGTGA,1667,0.0011873219373219374
Maize_directory_epoch2000,5,TGTGC,708,0.0005042735042735043
Maize_directory_epoch2000,5,TGTGG,1144,0.0008148148148148148
Maize_directory_epoch2000,5,TGTGT,2161,0.0015391737891737893
Maize_directory_epoch2000,5,TGTTA,2106,0.0015
Maize_directory_epoch2000,5,TGTTC,2628,0.0018717948717948717
Maize_directory_epoch2000,5,TGTTG,2800,0.0019943019943019944
Maize_directory_epoch2000,5,TGTTT,7596,0.00541025641025641
Maize_directory_epoch2000,5,TTAAA,3004,0.0021396011396011398
Maize_directory_epoch2000,5,TTAAC,1353,0.0009636752136752137
Maize_directory_epoch2000,5,TTAAG,1621,0.0011545584045584045
Maize_directory_epoch2000,5,TTAAT,3500,0.002492877492877493
Maize_directory_epoch2000,5,TTACA,1225,0.0008725071225071225
Maize_directory_epoch2000,5,TTACC,1088,0.0007749287749287749
Maize_directory_epoch2000,5,TTACG,882,0.0006282051282051282
Maize_directory_epoch2000,5,TTACT,2049,0.0014594017094017094
Maize_directory_epoch2000,5,TTAGA,2090,0.0014886039886039886
Maize_directory_epoch2000,5,TTAGC,923,0.0006574074074074074
Maize_directory_epoch2000,5,TTAGG,1006,0.0007165242165242165
Maize_directory_epoch2000,5,TTAGT,2075,0.001477920227920228
Maize_directory_epoch2000,5,TTATA,2321,0.0016531339031339032
Maize_directory_epoch2000,5,TTATC,2818,0.0020071225071225073
Maize_directory_epoch2000,5,TTATG,2260,0.0016096866096866097
Maize_directory_epoch2000,5,TTATT,5703,0.004061965811965812
Maize_directory_epoch2000,5,TTCAA,3276,0.0023333333333333335
Maize_directory_epoch2000,5,TTCAC,1852,0.001319088319088319
Maize_directory_epoch2000,5,TTCAG,1509,0.0010747863247863249
Maize_directory_epoch2000,5,TTCAT,3492,0.0024871794871794872
Maize_directory_epoch2000,5,TTCCA,2176,0.0015498575498575499
Maize_directory_epoch2000,5,TTCCC,1739,0.0012386039886039886
Maize_directory_epoch2000,5,TTCCG,1712,0.0012193732193732194
Maize_directory_epoch2000,5,TTCCT,3593,0.0025591168091168093
Maize_directory_epoch2000,5,TTCGA,2825,0.002012108262108262
Maize_directory_epoch2000,5,TTCGC,1321,0.0009408831908831909
Maize_directory_epoch2000,5,TTCGG,1329,0.0009465811965811966
Maize_directory_epoch2000,5,TTCGT,2777,0.001977920227920228
Maize_directory_epoch2000,5,TTCTA,2954,0.002103988603988604
Maize_directory_epoch2000,5,TTCTC,6671,0.0047514245014245015
Maize_directory_epoch2000,5,TTCTG,3327,0.0023696581196581195
Maize_directory_epoch2000,5,TTCTT,9395,0.0066915954415954415
Maize_directory_epoch2000,5,TTGAA,3048,0.002170940170940171
Maize_directory_epoch2000,5,TTGAC,1293,0.000920940170940171
Maize_directory_epoch2000,5,TTGAG,1924,0.0013703703703703703
Maize_directory_epoch2000,5,TTGAT,5233,0.003727207977207977
Maize_directory_epoch2000,5,TTGCA,1138,0.0008105413105413106
Maize_directory_epoch2000,5,TTGCC,1005,0.0007158119658119658
Maize_directory_epoch2000,5,TTGCG,904,0.0006438746438746438
Maize_directory_epoch2000,5,TTGCT,2626,0.0018703703703703703
Maize_directory_epoch2000,5,TTGGA,2419,0.001722934472934473
Maize_directory_epoch2000,5,TTGGC,991,0.0007058404558404559
Maize_directory_epoch2000,5,TTGGG,1509,0.0010747863247863249
Maize_directory_epoch2000,5,TTGGT,3153,0.002245726495726496
Maize_directory_epoch2000,5,TTGTA,2212,0.0015754985754985755
Maize_directory_epoch2000,5,TTGTC,2317,0.0016502849002849004
Maize_directory_epoch2000,5,TTGTG,2747,0.0019565527065527064
Maize_directory_epoch2000,5,TTGTT,7677,0.005467948717948718
Maize_directory_epoch2000,5,TTTAA,3964,0.0028233618233618235
Maize_directory_epoch2000,5,TTTAC,2151,0.001532051282051282
Maize_directory_epoch2000,5,TTTAG,2712,0.0019316239316239316
Maize_directory_epoch2000,5,TTTAT,6120,0.004358974358974359
Maize_directory_epoch2000,5,TTTCA,3859,0.0027485754985754987
Maize_directory_epoch2000,5,TTTCC,3499,0.002492165242165242
Maize_directory_epoch2000,5,TTTCG,3220,0.0022934472934472935
Maize_directory_epoch2000,5,TTTCT,9288,0.006615384615384615
Maize_directory_epoch2000,5,TTTGA,5274,0.0037564102564102563
Maize_directory_epoch2000,5,TTTGC,2440,0.0017378917378917378
Maize_directory_epoch2000,5,TTTGG,4034,0.002873219373219373
Maize_directory_epoch2000,5,TTTGT,7646,0.005445868945868946
Maize_directory_epoch2000,5,TTTTA,6430,0.00457977207977208
Maize_directory_epoch2000,5,TTTTC,8161,0.005812678062678062
Maize_directory_epoch2000,5,TTTTG,8828,0.0062877492877492875
Maize_directory_epoch2000,5,TTTTT,20088,0.014307692307692308
real_9000,6,AAAAAA,5527,0.003962007168458782
real_9000,6,AAAAAC,1501,0.0010759856630824373
real_9000,6,AAAAAG,1642,0.0011770609318996416
real_9000,6,AAAAAT,2205,0.0015806451612903226
real_9000,6,AAAACA,1421,0.0010186379928315411
real_9000,6,AAAACC,1008,0.0007225806451612903
real_9000,6,AAAACG,622,0.00044587813620071686
real_9000,6,AAAACT,965,0.0006917562724014337
real_9000,6,AAAAGA,1604,0.001149820788530466
real_9000,6,AAAAGC,630,0.00045161290322580643
real_9000,6,AAAAGG,646,0.0004630824372759857
real_9000,6,AAAAGT,882,0.000632258064516129
real_9000,6,AAAATA,1710,0.0012258064516129032
real_9000,6,AAAATC,1357,0.0009727598566308243
real_9000,6,AAAATG,1061,0.0007605734767025089
real_9000,6,AAAATT,1626,0.0011655913978494625
real_9000,6,AAACAA,1503,0.0010774193548387097
real_9000,6,AAACAC,628,0.00045017921146953404
real_9000,6,AAACAG,550,0.0003942652329749104
real_9000,6,AAACAT,731,0.0005240143369175627
real_9000,6,AAACCA,877,0.000628673835125448
real_9000,6,AAACCC,837,0.0006
real_9000,6,AAACCG,531,0.00038064516129032255
real_9000,6,AAACCT,602,0.0004315412186379928
real_9000,6,AAACGA,596,0.00042724014336917564
real_9000,6,AAACGC,317,0.00022724014336917563
real_9000,6,AAACGG,274,0.000196415770609319
real_9000,6,AAACGT,330,0.00023655913978494624
real_9000,6,AAACTA,594,0.00042580645161290325
real_9000,6,AAACTC,807,0.000578494623655914
real_9000,6,AAACTG,369,0.0002645161290322581
real_9000,6,AAACTT,881,0.0006315412186379928
real_9000,6,AAAGAA,1618,0.0011598566308243727
real_9000,6,AAAGAC,553,0.000396415770609319
real_9000,6,AAAGAG,806,0.0005777777777777778
real_9000,6,AAAGAT,988,0.0007082437275985664
real_9000,6,AAAGCA,485,0.00034767025089605736
real_9000,6,AAAGCC,463,0.00033189964157706093
real_9000,6,AAAGCG,205,0.00014695340501792115
real_9000,6,AAAGCT,736,0.0005275985663082437
real_9000,6,AAAGGA,636,0.00045591397849462366
real_9000,6,AAAGGC,303,0.0002172043010752688
real_9000,6,AAAGGG,300,0.00021505376344086021
real_9000,6,AAAGGT,355,0.00025448028673835123
real_9000,6,AAAGTA,573,0.000410752688172043
real_9000,6,AAAGTC,524,0.0003756272401433692
real_9000,6,AAAGTG,382,0.0002738351254480287
real_9000,6,AAAGTT,949,0.0006802867383512545
real_9000,6,AAATAA,1619,0.0011605734767025089
real_9000,6,AAATAC,480,0.0003440860215053763
real_9000,6,AAATAG,465,0.0003333333333333333
real_9000,6,AAATAT,1184,0.0008487455197132616
real_9000,6,AAATCA,1036,0.0007426523297491039
real_9000,6,AAATCC,746,0.0005347670250896058
real_9000,6,AAATCG,576,0.0004129032258064516
real_9000,6,AAATCT,1236,0.000886021505376344
real_9000,6,AAATGA,690,0.0004946236559139785
real_9000,6,AAATGC,291,0.00020860215053763442
real_9000,6,AAATGG,732,0.0005247311827956989
real_9000,6,AAATGT,636,0.00045591397849462366
real_9000,6,AAATTA,1213,0.0008695340501792115
real_9000,6,AAATTC,1004,0.0007197132616487455
real_9000,6,AAATTG,881,0.0006315412186379928
real_9000,6,AAATTT,1578,0.0011311827956989248
real_9000,6,AACAAA,1592,0.0011412186379928316
real_9000,6,AACAAC,710,0.0005089605734767025
real_9000,6,AACAAG,572,0.0004100358422939068
real_9000,6,AACAAT,804,0.0005763440860215054
real_9000,6,AACACA,535,0.0003835125448028674
real_9000,6,AACACC,287,0.0002057347670250896
real_9000,6,AACACG,219,0.00015698924731182796
real_9000,6,AACACT,407,0.0002917562724014337
real_9000,6,AACAGA,624,0.00044731182795698925
real_9000,6,AACAGC,208,0.00014910394265232974
real_9000,6,AACAGG,110,7.885304659498208e-05
real_9000,6,AACAGT,352,0.00025232974910394264
real_9000,6,AACATA,427,0.0003060931899641577
real_9000,6,AACATC,420,0.0003010752688172043
real_9000,6,AACATG,344,0.00024659498207885307
real_9000,6,AACATT,576,0.0004129032258064516
real_9000,6,AACCAA,899,0.0006444444444444444
real_9000,6,AACCAC,390,0.00027956989247311827
real_9000,6,AACCAG,299,0.00021433691756272402
real_9000,6,AACCAT,472,0.00033835125448028675
real_9000,6,AACCCA,468,0.0003354838709677419
real_9000,6,AACCCC,201,0.00014408602150537634
real_9000,6,AACCCG,168,0.00012043010752688172
real_9000,6,AACCCT,630,0.00045161290322580643
real_9000,6,AACCGA,359,0.00025734767025089607
real_9000,6,AACCGC,162,0.00011612903225806452
real_9000,6,AACCGG,366,0.00026236559139784945
real_9000,6,AACCGT,289,0.000207168458781362
real_9000,6,AACCTA,302,0.0002164874551971326
real_9000,6,AACCTC,420,0.0003010752688172043
real_9000,6,AACCTG,159,0.00011397849462365592
real_9000,6,AACCTT,477,0.00034193548387096773
real_9000,6,AACGAA,565,0.0004050179211469534
real_9000,6,AACGAC,355,0.00025448028673835123
real_9000,6,AACGAG,284,0.000203584229390681
real_9000,6,AACGAT,358,0.0002566308243727599
real_9000,6,AACGCA,194,0.00013906810035842294
real_9000,6,AACGCC,197,0.00014121863799283155
real_9000,6,AACGCG,131,9.39068100358423e-05
real_9000,6,AACGCT,156,0.00011182795698924731
real_9000,6,AACGGA,273,0.0001956989247311828
real_9000,6,AACGGC,234,0.00016774193548387096
real_9000,6,AACGGG,89,6.379928315412186e-05
real_9000,6,AACGGT,242,0.00017347670250896058
real_9000,6,AACGTA,202,0.00014480286738351254
real_9000,6,AACGTC,197,0.00014121863799283155
real_9000,6,AACGTG,176,0.00012616487455197132
real_9000,6,AACGTT,307,0.00022007168458781362
real_9000,6,AACTAA,526,0.00037706093189964157
real_9000,6,AACTAC,245,0.00017562724014336917
real_9000,6,AACTAG,200,0.00014336917562724014
real_9000,6,AACTAT,385,0.0002759856630824373
real_9000,6,AACTCA,474,0.00033978494623655914
real_9000,6,AACTCC,368,0.00026379928315412184
real_9000,6,AACTCG,265,0.00018996415770609318
real_9000,6,AACTCT,659,0.0004724014336917563
real_9000,6,AACTGA,309,0.000221505376344086
real_9000,6,AACTGC,114,8.172043010752688e-05
real_9000,6,AACTGG,168,0.00012043010752688172
real_9000,6,AACTGT,278,0.00019928315412186379
real_9000,6,AACTTA,377,0.00027025089605734766
real_9000,6,AACTTC,540,0.0003870967741935484
real_9000,6,AACTTG,416,0.0002982078853046595
real_9000,6,AACTTT,830,0.0005949820788530466
real_9000,6,AAGAAA,2030,0.0014551971326164875
real_9000,6,AAGAAC,613,0.00043942652329749104
real_9000,6,AAGAAG,1874,0.00134336917562724
real_9000,6,AAGAAT,737,0.0005283154121863799
real_9000,6,AAGACA,452,0.0003240143369175627
real_9000,6,AAGACC,248,0.00017777777777777779
real_9000,6,AAGACG,435,0.0003118279569892473
real_9000,6,AAGACT,392,0.00028100358422939066
real_9000,6,AAGAGA,1050,0.0007526881720430108
real_9000,6,AAGAGC,347,0.00024874551971326166
real_9000,6,AAGAGG,376,0.00026953405017921146
real_9000,6,AAGAGT,450,0.0003225806451612903
real_9000,6,AAGATA,575,0.0004121863799283154
real_9000,6,AAGATC,703,0.0005039426523297491
real_9000,6,AAGATG,685,0.0004910394265232974
real_9000,6,AAGATT,859,0.0006157706093189964
real_9000,6,AAGCAA,630,0.00045161290322580643
real_9000,6,AAGCAC,176,0.00012616487455197132
real_9000,6,AAGCAG,350,0.00025089605734767025
real_9000,6,AAGCAT,280,0.0002007168458781362
real_9000,6,AAGCCA,376,0.00026953405017921146
real_9000,6,AAGCCC,361,0.00025878136200716847
real_9000,6,AAGCCG,183,0.00013118279569892472
real_9000,6,AAGCCT,281,0.0002014336917562724
real_9000,6,AAGCGA,251,0.00017992831541218638
real_9000,6,AAGCGC,88,6.308243727598566e-05
real_9000,6,AAGCGG,130,9.31899641577061e-05
real_9000,6,AAGCGT,164,0.00011756272401433691
real_9000,6,AAGCTA,409,0.0002931899641577061
real_9000,6,AAGCTC,572,0.0004100358422939068
real_9000,6,AAGCTG,361,0.00025878136200716847
real_9000,6,AAGCTT,859,0.0006157706093189964
real_9000,6,AAGGAA,703,0.0005039426523297491
real_9000,6,AAGGAC,220,0.00015770609318996415
real_9000,6,AAGGAG,434,0.0003111111111111111
real_9000,6,AAGGAT,361,0.00025878136200716847
real_9000,6,AAGGCA,171,0.0001225806451612903
real_9000,6,AAGGCC,223,0.00015985663082437277
real_9000,6,AAGGCG,137,9.82078853046595e-05
real_9000,6,AAGGCT,221,0.00015842293906810035
real_9000,6,AAGGGA,229,0.00016415770609318997
real_9000,6,AAGGGC,108,7.741935483870968e-05
real_9000,6,AAGGGG,96,6.881720430107527e-05
real_9000,6,AAGGGT,266,0.0001906810035842294
real_9000,6,AAGGTA,186,0.00013333333333333334
real_9000,6,AAGGTC,219,0.00015698924731182796
real_9000,6,AAGGTG,229,0.00016415770609318997
real_9000,6,AAGGTT,389,0.00027885304659498207
real_9000,6,AAGTAA,532,0.0003813620071684588
real_9000,6,AAGTAC,213,0.00015268817204301075
real_9000,6,AAGTAG,294,0.000210752688172043
real_9000,6,AAGTAT,366,0.00026236559139784945
real_9000,6,AAGTCA,468,0.0003354838709677419
real_9000,6,AAGTCC,217,0.00015555555555555556
real_9000,6,AAGTCG,228,0.00016344086021505375
real_9000,6,AAGTCT,458,0.00032831541218637995
real_9000,6,AAGTGA,349,0.00025017921146953405
real_9000,6,AAGTGC,97,6.953405017921147e-05
real_9000,6,AAGTGG,249,0.00017849462365591398
real_9000,6,AAGTGT,321,0.00023010752688172042
real_9000,6,AAGTTA,451,0.0003232974910394265
real_9000,6,AAGTTC,432,0.00030967741935483873
real_9000,6,AAGTTG,440,0.0003154121863799283
real_9000,6,AAGTTT,1019,0.0007304659498207886
real_9000,6,AATAAA,1612,0.0011555555555555555
real_9000,6,AATAAC,434,0.0003111111111111111
real_9000,6,AATAAG,484,0.00034695340501792116
real_9000,6,AATAAT,1173,0.0008408602150537634
real_9000,6,AATACA,448,0.00032114695340501793
real_9000,6,AATACC,203,0.00014551971326164873
real_9000,6,AATACG,203,0.00014551971326164873
real_9000,6,AATACT,332,0.00023799283154121863
real_9000,6,AATAGA,397,0.0002845878136200717
real_9000,6,AATAGC,192,0.00013763440860215055
real_9000,6,AATAGG,150,0.00010752688172043011
real_9000,6,AATAGT,375,0.00026881720430107527
real_9000,6,AATATA,807,0.000578494623655914
real_9000,6,AATATC,520,0.0003727598566308244
real_9000,6,AATATG,410,0.0002939068100358423
real_9000,6,AATATT,1006,0.0007211469534050179
real_9000,6,AATCAA,1104,0.0007913978494623656
real_9000,6,AATCAC,475,0.00034050179211469534
real_9000,6,AATCAG,495,0.0003548387096774194
real_9000,6,AATCAT,838,0.0006007168458781363
real_9000,6,AATCCA,669,0.0004795698924731183
real_9000,6,AATCCC,335,0.00024014336917562725
real_9000,6,AATCCG,365,0.00026164874551971325
real_9000,6,AATCCT,573,0.000410752688172043
real_9000,6,AATCGA,656,0.00047025089605734764
real_9000,6,AATCGC,271,0.00019426523297491038
real_9000,6,AATCGG,322,0.00023082437275985664
real_9000,6,AATCGT,431,0.0003089605734767025
real_9000,6,AATCTA,584,0.00041863799283154123
real_9000,6,AATCTC,1303,0.0009340501792114695
real_9000,6,AATCTG,613,0.00043942652329749104
real_9000,6,AATCTT,1096,0.000785663082437276
real_9000,6,AATGAA,609,0.00043655913978494625
real_9000,6,AATGAC,265,0.00018996415770609318
real_9000,6,AATGAG,332,0.00023799283154121863
real_9000,6,AATGAT,577,0.0004136200716845878
real_9000,6,AATGCA,227,0.00016272401433691755
real_9000,6,AATGCC,149,0.00010681003584229391
real_9000,6,AATGCG,109,7.813620071684588e-05
real_9000,6,AATGCT,223,0.00015985663082437277
real_9000,6,AATGGA,563,0.000403584229390681
real_9000,6,AATGGC,558,0.0004
real_9000,6,AATGGG,440,0.0003154121863799283
real_9000,6,AATGGT,372,0.0002666666666666667
real_9000,6,AATGTA,328,0.00023512544802867382
real_9000,6,AATGTC,328,0.00023512544802867382
real_9000,6,AATGTG,271,0.00019426523297491038
real_9000,6,AATGTT,599,0.00042939068100358423
real_9000,6,AATTAA,1170,0.0008387096774193549
real_9000,6,AATTAC,489,0.00035053763440860214
real_9000,6,AATTAG,647,0.0004637992831541219
real_9000,6,AATTAT,869,0.0006229390681003584
real_9000,6,AATTCA,833,0.0005971326164874552
real_9000,6,AATTCC,568,0.000407168458781362
real_9000,6,AATTCG,538,0.000385663082437276
real_9000,6,AATTCT,887,0.00063584229390681
real_9000,6,AATTGA,812,0.0005820788530465949
real_9000,6,AATTGC,331,0.00023727598566308244
real_9000,6,AATTGG,563,0.000403584229390681
real_9000,6,AATTGT,695,0.0004982078853046595
real_9000,6,AATTTA,1000,0.0007168458781362007
real_9000,6,AATTTC,1314,0.0009419354838709678
real_9000,6,AATTTG,1078,0.0007727598566308244
real_9000,6,AATTTT,1814,0.001300358422939068
real_9000,6,ACAAAA,1649,0.001182078853046595
real_9000,6,ACAAAC,580,0.0004157706093189964
real_9000,6,ACAAAG,572,0.0004100358422939068
real_9000,6,ACAAAT,827,0.000592831541218638
real_9000,6,ACAACA,699,0.0005010752688172043
real_9000,6,ACAACC,261,0.0001870967741935484
real_9000,6,ACAACG,255,0.0001827956989247312
real_9000,6,ACAACT,332,0.00023799283154121863
real_9000,6,ACAAGA,563,0.000403584229390681
real_9000,6,ACAAGC,286,0.0002050179211469534
real_9000,6,ACAAGG,254,0.000182078853046595
real_9000,6,ACAAGT,381,0.00027311827956989245
real_9000,6,ACAATA,435,0.0003118279569892473
real_9000,6,ACAATC,462,0.00033118279569892473
real_9000,6,ACAATG,399,0.0002860215053763441
real_9000,6,ACAATT,635,0.00045519713261648747
real_9000,6,ACACAA,535,0.0003835125448028674
real_9000,6,ACACAC,446,0.00031971326164874554
real_9000,6,ACACAG,238,0.00017060931899641577
real_9000,6,ACACAT,370,0.0002652329749103943
real_9000,6,ACACCA,285,0.00020430107526881721
real_9000,6,ACACCC,103,7.383512544802867e-05
real_9000,6,ACACCG,187,0.00013405017921146954
real_9000,6,ACACCT,169,0.00012114695340501792
real_9000,6,ACACGA,204,0.00014623655913978496
real_9000,6,ACACGC,120,8.602150537634408e-05
real_9000,6,ACACGG,109,7.813620071684588e-05
real_9000,6,ACACGT,331,0.00023727598566308244
real_9000,6,ACACTA,261,0.0001870967741935484
real_9000,6,ACACTC,300,0.00021505376344086021
real_9000,6,ACACTG,166,0.00011899641577060932
real_9000,6,ACACTT,396,0.0002838709677419355
real_9000,6,ACAGAA,452,0.0003240143369175627
real_9000,6,ACAGAC,167,0.00011971326164874551
real_9000,6,ACAGAG,512,0.00036702508960573477
real_9000,6,ACAGAT,327,0.00023440860215053763
real_9000,6,ACAGCA,166,0.00011899641577060932
real_9000,6,ACAGCC,106,7.598566308243728e-05
real_9000,6,ACAGCG,98,7.025089605734767e-05
real_9000,6,ACAGCT,201,0.00014408602150537634
real_9000,6,ACAGGA,118,8.458781362007169e-05
real_9000,6,ACAGGC,72,5.161290322580645e-05
real_9000,6,ACAGGG,49,3.512544802867383e-05
real_9000,6,ACAGGT,92,6.594982078853046e-05
real_9000,6,ACAGTA,222,0.00015913978494623657
real_9000,6,ACAGTC,180,0.00012903225806451613
real_9000,6,ACAGTG,217,0.00015555555555555556
real_9000,6,ACAGTT,254,0.000182078853046595
real_9000,6,ACATAA,465,0.0003333333333333333
real_9000,6,ACATAC,213,0.00015268817204301075
real_9000,6,ACATAG,168,0.00012043010752688172
real_9000,6,ACATAT,380,0.00027240143369175625
real_9000,6,ACATCA,385,0.0002759856630824373
real_9000,6,ACATCC,190,0.00013620071684587813
real_9000,6,ACATCG,225,0.00016129032258064516
real_9000,6,ACATCT,363,0.00026021505376344086
real_9000,6,ACATGA,281,0.0002014336917562724
real_9000,6,ACATGC,126,9.032258064516129e-05
real_9000,6,ACATGG,240,0.00017204301075268816
real_9000,6,ACATGT,316,0.00022652329749103944
real_9000,6,ACATTA,379,0.00027168458781362005
real_9000,6,ACATTC,293,0.0002100358422939068
real_9000,6,ACATTG,237,0.00016989247311827957
real_9000,6,ACATTT,621,0.00044516129032258066
real_9000,6,ACCAAA,1040,0.0007455197132616488
real_9000,6,ACCAAC,380,0.00027240143369175625
real_9000,6,ACCAAG,253,0.00018136200716845877
real_9000,6,ACCAAT,536,0.0003842293906810036
real_9000,6,ACCACA,328,0.00023512544802867382
real_9000,6,ACCACC,479,0.0003433691756272401
real_9000,6,ACCACG,139,9.964157706093189e-05
real_9000,6,ACCACT,258,0.00018494623655913978
real_9000,6,ACCAGA,353,0.00025304659498207884
real_9000,6,ACCAGC,147,0.0001053763440860215
real_9000,6,ACCAGG,80,5.7347670250896056e-05
real_9000,6,ACCAGT,171,0.0001225806451612903
real_9000,6,ACCATA,247,0.0001770609318996416
real_9000,6,ACCATC,380,0.00027240143369175625
real_9000,6,ACCATG,257,0.00018422939068100358
real_9000,6,ACCATT,399,0.0002860215053763441
real_9000,6,ACCCAA,439,0.0003146953405017921
real_9000,6,ACCCAC,213,0.00015268817204301075
real_9000,6,ACCCAG,121,8.673835125448029e-05
real_9000,6,ACCCAT,269,0.000192831541218638
real_9000,6,ACCCCA,170,0.00012186379928315412
real_9000,6,ACCCCC,76,5.448028673835126e-05
real_9000,6,ACCCCG,50,3.5842293906810036e-05
real_9000,6,ACCCCT,117,8.387096774193548e-05
real_9000,6,ACCCGA,197,0.00014121863799283155
real_9000,6,ACCCGC,61,4.3727598566308243e-05
real_9000,6,ACCCGG,109,7.813620071684588e-05
real_9000,6,ACCCGT,93,6.666666666666667e-05
real_9000,6,ACCCTA,434,0.0003111111111111111
real_9000,6,ACCCTC,228,0.00016344086021505375
real_9000,6,ACCCTG,68,4.874551971326165e-05
real_9000,6,ACCCTT,310,0.00022222222222222223
real_9000,6,ACCGAA,310,0.00022222222222222223
real_9000,6,ACCGAC,193,0.00013835125448028674
real_9000,6,ACCGAG,137,9.82078853046595e-05
real_9000,6,ACCGAT,265,0.00018996415770609318
real_9000,6,ACCGCA,122,8.745519713261649e-05
real_9000,6,ACCGCC,194,0.00013906810035842294
real_9000,6,ACCGCG,62,4.4444444444444447e-05
real_9000,6,ACCGCT,127,9.10394265232975e-05
real_9000,6,ACCGGA,395,0.0002831541218637993
real_9000,6,ACCGGC,182,0.00013046594982078853
real_9000,6,ACCGGG,94,6.738351254480287e-05
real_9000,6,ACCGGT,283,0.0002028673835125448
real_9000,6,ACCGTA,188,0.00013476702508960573
real_9000,6,ACCGTC,330,0.00023655913978494624
real_9000,6,ACCGTG,137,9.82078853046595e-05
real_9000,6,ACCGTT,324,0.00023225806451612904
real_9000,6,ACCTAA,318,0.00022795698924731183
real_9000,6,ACCTAC,135,9.67741935483871e-05
real_9000,6,ACCTAG,118,8.458781362007169e-05
real_9000,6,ACCTAT,156,0.00011182795698924731
real_9000,6,ACCTCA,292,0.00020931899641577062
real_9000,6,ACCTCC,289,0.000207168458781362
real_9000,6,ACCTCG,135,9.67741935483871e-05
real_9000,6,ACCTCT,365,0.00026164874551971325
real_9000,6,ACCTGA,167,0.00011971326164874551
real_9000,6,ACCTGC,75,5.3763440860215054e-05
real_9000,6,ACCTGG,89,6.379928315412186e-05
real_9000,6,ACCTGT,133,9.53405017921147e-05
real_9000,6,ACCTTA,244,0.00017491039426523297
real_9000,6,ACCTTC,413,0.0002960573476702509
real_9000,6,ACCTTG,173,0.00012401433691756273
real_9000,6,ACCTTT,419,0.0003003584229390681
real_9000,6,ACGAAA,506,0.00036272401433691754
real_9000,6,ACGAAC,226,0.00016200716845878136
real_9000,6,ACGAAG,435,0.0003118279569892473
real_9000,6,ACGAAT,371,0.0002659498207885305
real_9000,6,ACGACA,261,0.0001870967741935484
real_9000,6,ACGACC,162,0.00011612903225806452
real_9000,6,ACGACG,410,0.0002939068100358423
real_9000,6,ACGACT,190,0.00013620071684587813
real_9000,6,ACGAGA,306,0.00021935483870967742
real_9000,6,ACGAGC,146,0.00010465949820788531
real_9000,6,ACGAGG,177,0.00012688172043010752
real_9000,6,ACGAGT,202,0.00014480286738351254
real_9000,6,ACGATA,185,0.00013261648745519714
real_9000,6,ACGATC,292,0.00020931899641577062
real_9000,6,ACGATG,296,0.0002121863799283154
real_9000,6,ACGATT,425,0.0003046594982078853
real_9000,6,ACGCAA,185,0.00013261648745519714
real_9000,6,ACGCAC,93,6.666666666666667e-05
real_9000,6,ACGCAG,129,9.247311827956989e-05
real_9000,6,ACGCAT,124,8.888888888888889e-05
real_9000,6,ACGCCA,146,0.00010465949820788531
real_9000,6,ACGCCC,40,2.8673835125448028e-05
real_9000,6,ACGCCG,232,0.00016630824372759856
real_9000,6,ACGCCT,100,7.168458781362007e-05
real_9000,6,ACGCGA,84,6.021505376344086e-05
real_9000,6,ACGCGC,129,9.247311827956989e-05
real_9000,6,ACGCGG,73,5.2329749103942654e-05
real_9000,6,ACGCGT,112,8.028673835125448e-05
real_9000,6,ACGCTA,112,8.028673835125448e-05
real_9000,6,ACGCTC,135,9.67741935483871e-05
real_9000,6,ACGCTG,106,7.598566308243728e-05
real_9000,6,ACGCTT,238,0.00017060931899641577
real_9000,6,ACGGAA,244,0.00017491039426523297
real_9000,6,ACGGAC,110,7.885304659498208e-05
real_9000,6,ACGGAG,263,0.00018853046594982079
real_9000,6,ACGGAT,221,0.00015842293906810035
real_9000,6,ACGGCA,139,9.964157706093189e-05
real_9000,6,ACGGCC,100,7.168458781362007e-05
real_9000,6,ACGGCG,281,0.0002014336917562724
real_9000,6,ACGGCT,173,0.00012401433691756273
real_9000,6,ACGGGA,93,6.666666666666667e-05
real_9000,6,ACGGGC,46,3.297491039426523e-05
real_9000,6,ACGGGG,28,2.007168458781362e-05
real_9000,6,ACGGGT,71,5.089605734767025e-05
real_9000,6,ACGGTA,121,8.673835125448029e-05
real_9000,6,ACGGTC,124,8.888888888888889e-05
real_9000,6,ACGGTG,278,0.00019928315412186379
real_9000,6,ACGGTT,238,0.00017060931899641577
real_9000,6,ACGTAA,228,0.00016344086021505375
real_9000,6,ACGTAC,90,6.451612903225807e-05
real_9000,6,ACGTAG,114,8.172043010752688e-05
real_9000,6,ACGTAT,186,0.00013333333333333334
real_9000,6,ACGTCA,281,0.0002014336917562724
real_9000,6,ACGTCC,69,4.946236559139785e-05
real_9000,6,ACGTCG,210,0.00015053763440860216
real_9000,6,ACGTCT,120,8.602150537634408e-05
real_9000,6,ACGTGA,195,0.00013978494623655913
real_9000,6,ACGTGC,76,5.448028673835126e-05
real_9000,6,ACGTGG,250,0.00017921146953405018
real_9000,6,ACGTGT,345,0.00024731182795698927
real_9000,6,ACGTTA,198,0.00014193548387096775
real_9000,6,ACGTTC,168,0.00012043010752688172
real_9000,6,ACGTTG,207,0.00014838709677419355
real_9000,6,ACGTTT,347,0.00024874551971326166
real_9000,6,ACTAAA,623,0.00044659498207885305
real_9000,6,ACTAAC,213,0.00015268817204301075
real_9000,6,ACTAAG,169,0.00012114695340501792
real_9000,6,ACTAAT,456,0.0003268817204301075
real_9000,6,ACTACA,250,0.00017921146953405018
real_9000,6,ACTACC,136,9.74910394265233e-05
real_9000,6,ACTACG,147,0.0001053763440860215
real_9000,6,ACTACT,307,0.00022007168458781362
real_9000,6,ACTAGA,194,0.00013906810035842294
real_9000,6,ACTAGC,111,7.956989247311829e-05
real_9000,6,ACTAGG,99,7.096774193548388e-05
real_9000,6,ACTAGT,202,0.00014480286738351254
real_9000,6,ACTATA,286,0.0002050179211469534
real_9000,6,ACTATC,249,0.00017849462365591398
real_9000,6,ACTATG,202,0.00014480286738351254
real_9000,6,ACTATT,380,0.00027240143369175625
real_9000,6,ACTCAA,481,0.0003448028673835125
real_9000,6,ACTCAC,266,0.0001906810035842294
real_9000,6,ACTCAG,224,0.00016057347670250896
real_9000,6,ACTCAT,364,0.00026093189964157705
real_9000,6,ACTCCA,326,0.00023369175627240143
real_9000,6,ACTCCC,130,9.31899641577061e-05
real_9000,6,ACTCCG,222,0.00015913978494623657
real_9000,6,ACTCCT,300,0.00021505376344086021
real_9000,6,ACTCGA,262,0.0001878136200716846
real_9000,6,ACTCGC,161,0.00011541218637992832
real_9000,6,ACTCGG,120,8.602150537634408e-05
real_9000,6,ACTCGT,269,0.000192831541218638
real_9000,6,ACTCTA,289,0.000207168458781362
real_9000,6,ACTCTC,750,0.0005376344086021505
real_9000,6,ACTCTG,352,0.00025232974910394264
real_9000,6,ACTCTT,681,0.00048817204301075266
real_9000,6,ACTGAA,340,0.00024372759856630823
real_9000,6,ACTGAC,123,8.817204301075268e-05
real_9000,6,ACTGAG,156,0.00011182795698924731
real_9000,6,ACTGAT,300,0.00021505376344086021
real_9000,6,ACTGCA,93,6.666666666666667e-05
real_9000,6,ACTGCC,84,6.021505376344086e-05
real_9000,6,ACTGCG,78,5.5913978494623656e-05
real_9000,6,ACTGCT,151,0.0001082437275985663
real_9000,6,ACTGGA,147,0.0001053763440860215
real_9000,6,ACTGGC,87,6.236559139784946e-05
real_9000,6,ACTGGG,93,6.666666666666667e-05
real_9000,6,ACTGGT,200,0.00014336917562724014
real_9000,6,ACTGTA,241,0.00017275985663082438
real_9000,6,ACTGTC,157,0.00011254480286738351
real_9000,6,ACTGTG,169,0.00012114695340501792
real_9000,6,ACTGTT,368,0.00026379928315412184
real_9000,6,ACTTAA,363,0.00026021505376344086
real_9000,6,ACTTAC,254,0.000182078853046595
real_9000,6,ACTTAG,168,0.00012043010752688172
real_9000,6,ACTTAT,352,0.00025232974910394264
real_9000,6,ACTTCA,477,0.00034193548387096773
real_9000,6,ACTTCC,328,0.00023512544802867382
real_9000,6,ACTTCG,249,0.00017849462365591398
real_9000,6,ACTTCT,626,0.00044874551971326164
real_9000,6,ACTTGA,382,0.0002738351254480287
real_9000,6,ACTTGC,176,0.00012616487455197132
real_9000,6,ACTTGG,282,0.0002021505376344086
real_9000,6,ACTTGT,488,0.00034982078853046595
real_9000,6,ACTTTA,517,0.00037060931899641575
real_9000,6,ACTTTC,597,0.00042795698924731184
real_9000,6,ACTTTG,474,0.00033978494623655914
real_9000,6,ACTTTT,905,0.0006487455197132616
real_9000,6,AGAAAA,1818,0.0013032258064516128
real_9000,6,AGAAAC,857,0.000614336917562724
real_9000,6,AGAAAG,875,0.0006272401433691756
real_9000,6,AGAAAT,927,0.0006645161290322581
real_9000,6,AGAACA,519,0.0003720430107526882
real_9000,6,AGAACC,359,0.00025734767025089607
real_9000,6,AGAACG,220,0.00015770609318996415
real_9000,6,AGAACT,300,0.00021505376344086021
real_9000,6,AGAAGA,2062,0.0014781362007168458
real_9000,6,AGAAGC,629,0.00045089605734767023
real_9000,6,AGAAGG,407,0.0002917562724014337
real_9000,6,AGAAGT,432,0.00030967741935483873
real_9000,6,AGAATA,416,0.0002982078853046595
real_9000,6,AGAATC,724,0.0005189964157706093
real_9000,6,AGAATG,317,0.00022724014336917563
real_9000,6,AGAATT,663,0.00047526881720430107
real_9000,6,AGACAA,523,0.000374910394265233
real_9000,6,AGACAC,233,0.00016702508960573476
real_9000,6,AGACAG,197,0.00014121863799283155
real_9000,6,AGACAT,272,0.0001949820788530466
real_9000,6,AGACCA,215,0.00015412186379928314
real_9000,6,AGACCC,110,7.885304659498208e-05
real_9000,6,AGACCG,78,5.5913978494623656e-05
real_9000,6,AGACCT,129,9.247311827956989e-05
real_9000,6,AGACGA,334,0.00023942652329749103
real_9000,6,AGACGC,92,6.594982078853046e-05
real_9000,6,AGACGG,121,8.673835125448029e-05
real_9000,6,AGACGT,117,8.387096774193548e-05
real_9000,6,AGACTA,238,0.00017060931899641577
real_9000,6,AGACTC,287,0.0002057347670250896
real_9000,6,AGACTG,142,0.0001017921146953405
real_9000,6,AGACTT,391,0.00028028673835125446
real_9000,6,AGAGAA,1190,0.0008530465949820789
real_9000,6,AGAGAC,269,0.000192831541218638
real_9000,6,AGAGAG,1360,0.0009749103942652329
real_9000,6,AGAGAT,827,0.000592831541218638
real_9000,6,AGAGCA,279,0.0002
real_9000,6,AGAGCC,188,0.00013476702508960573
real_9000,6,AGAGCG,140,0.0001003584229390681
real_9000,6,AGAGCT,445,0.00031899641577060934
real_9000,6,AGAGGA,521,0.0003734767025089606
real_9000,6,AGAGGC,184,0.00013189964157706092
real_9000,6,AGAGGG,163,0.00011684587813620071
real_9000,6,AGAGGT,235,0.00016845878136200718
real_9000,6,AGAGTA,276,0.0001978494623655914
real_9000,6,AGAGTC,298,0.00021362007168458782
real_9000,6,AGAGTG,257,0.00018422939068100358
real_9000,6,AGAGTT,494,0.0003541218637992832
real_9000,6,AGATAA,548,0.000392831541218638
real_9000,6,AGATAC,244,0.00017491039426523297
real_9000,6,AGATAG,281,0.0002014336917562724
real_9000,6,AGATAT,538,0.000385663082437276
real_9000,6,AGATCA,525,0.0003763440860215054
real_9000,6,AGATCC,459,0.00032903225806451614
real_9000,6,AGATCG,395,0.0002831541218637993
real_9000,6,AGATCT,815,0.0005842293906810036
real_9000,6,AGATGA,567,0.0004064516129032258
real_9000,6,AGATGC,206,0.00014767025089605735
real_9000,6,AGATGG,463,0.00033189964157706093
real_9000,6,AGATGT,332,0.00023799283154121863
real_9000,6,AGATTA,525,0.0003763440860215054
real_9000,6,AGATTC,910,0.0006523297491039426
real_9000,6,AGATTG,453,0.0003247311827956989
real_9000,6,AGATTT,1085,0.0007777777777777777
real_9000,6,AGCAAA,615,0.00044086021505376343
real_9000,6,AGCAAC,292,0.00020931899641577062
real_9000,6,AGCAAG,267,0.0001913978494623656
real_9000,6,AGCAAT,350,0.00025089605734767025
real_9000,6,AGCACA,155,0.00011111111111111112
real_9000,6,AGCACC,121,8.673835125448029e-05
real_9000,6,AGCACG,66,4.7311827956989246e-05
real_9000,6,AGCACT,104,7.455197132616487e-05
real_9000,6,AGCAGA,364,0.00026093189964157705
real_9000,6,AGCAGC,346,0.00024802867383512547
real_9000,6,AGCAGG,67,4.802867383512545e-05
real_9000,6,AGCAGT,143,0.0001025089605734767
real_9000,6,AGCATA,130,9.31899641577061e-05
real_9000,6,AGCATC,221,0.00015842293906810035
real_9000,6,AGCATG,142,0.0001017921146953405
real_9000,6,AGCATT,216,0.00015483870967741937
real_9000,6,AGCCAA,339,0.00024301075268817204
real_9000,6,AGCCAC,243,0.00017419354838709678
real_9000,6,AGCCAG,125,8.960573476702509e-05
real_9000,6,AGCCAT,280,0.0002007168458781362
real_9000,6,AGCCCA,378,0.00027096774193548386
real_9000,6,AGCCCC,74,5.304659498207885e-05
real_9000,6,AGCCCG,57,4.086021505376344e-05
real_9000,6,AGCCCT,136,9.74910394265233e-05
real_9000,6,AGCCGA,169,0.00012114695340501792
real_9000,6,AGCCGC,143,0.0001025089605734767
real_9000,6,AGCCGG,121,8.673835125448029e-05
real_9000,6,AGCCGT,174,0.00012473118279569893
real_9000,6,AGCCTA,149,0.00010681003584229391
real_9000,6,AGCCTC,208,0.00014910394265232974
real_9000,6,AGCCTG,86,6.164874551971327e-05
real_9000,6,AGCCTT,210,0.00015053763440860216
real_9000,6,AGCGAA,213,0.00015268817204301075
real_9000,6,AGCGAC,141,0.0001010752688172043
real_9000,6,AGCGAG,144,0.0001032258064516129
real_9000,6,AGCGAT,217,0.00015555555555555556
real_9000,6,AGCGCA,51,3.655913978494624e-05
real_9000,6,AGCGCC,73,5.2329749103942654e-05
real_9000,6,AGCGCG,58,4.157706093189964e-05
real_9000,6,AGCGCT,38,2.724014336917563e-05
real_9000,6,AGCGGA,105,7.526881720430108e-05
real_9000,6,AGCGGC,108,7.741935483870968e-05
real_9000,6,AGCGGG,44,3.154121863799283e-05
real_9000,6,AGCGGT,112,8.028673835125448e-05
real_9000,6,AGCGTA,91,6.523297491039426e-05
real_9000,6,AGCGTC,116,8.315412186379928e-05
real_9000,6,AGCGTG,100,7.168458781362007e-05
real_9000,6,AGCGTT,159,0.00011397849462365592
real_9000,6,AGCTAA,417,0.0002989247311827957
real_9000,6,AGCTAC,248,0.00017777777777777779
real_9000,6,AGCTAG,216,0.00015483870967741937
real_9000,6,AGCTAT,255,0.0001827956989247312
real_9000,6,AGCTCA,423,0.0003032258064516129
real_9000,6,AGCTCC,357,0.0002559139784946237
real_9000,6,AGCTCG,238,0.00017060931899641577
real_9000,6,AGCTCT,536,0.0003842293906810036
real_9000,6,AGCTGA,344,0.00024659498207885307
real_9000,6,AGCTGC,203,0.00014551971326164873
real_9000,6,AGCTGG,200,0.00014336917562724014
real_9000,6,AGCTGT,242,0.00017347670250896058
real_9000,6,AGCTTA,395,0.0002831541218637993
real_9000,6,AGCTTC,772,0.000553405017921147
real_9000,6,AGCTTG,376,0.00026953405017921146
real_9000,6,AGCTTT,749,0.0005369175627240143
real_9000,6,AGGAAA,657,0.0004709677419354839
real_9000,6,AGGAAC,242,0.00017347670250896058
real_9000,6,AGGAAG,587,0.0004207885304659498
real_9000,6,AGGAAT,354,0.00025376344086021504
real_9000,6,AGGACA,167,0.00011971326164874551
real_9000,6,AGGACC,107,7.670250896057347e-05
real_9000,6,AGGACG,108,7.741935483870968e-05
real_9000,6,AGGACT,147,0.0001053763440860215
real_9000,6,AGGAGA,486,0.00034838709677419355
real_9000,6,AGGAGC,228,0.00016344086021505375
real_9000,6,AGGAGG,350,0.00025089605734767025
real_9000,6,AGGAGT,158,0.00011326164874551972
real_9000,6,AGGATA,209,0.00014982078853046594
real_9000,6,AGGATC,261,0.0001870967741935484
real_9000,6,AGGATG,198,0.00014193548387096775
real_9000,6,AGGATT,374,0.00026810035842293907
real_9000,6,AGGCAA,212,0.00015197132616487455
real_9000,6,AGGCAC,69,4.946236559139785e-05
real_9000,6,AGGCAG,82,5.8781362007168455e-05
real_9000,6,AGGCAT,82,5.8781362007168455e-05
real_9000,6,AGGCCA,134,9.60573476702509e-05
real_9000,6,AGGCCC,250,0.00017921146953405018
real_9000,6,AGGCCG,83,5.949820788530466e-05
real_9000,6,AGGCCT,113,8.100358422939068e-05
real_9000,6,AGGCGA,122,8.745519713261649e-05
real_9000,6,AGGCGC,55,3.942652329749104e-05
real_9000,6,AGGCGG,115,8.243727598566309e-05
real_9000,6,AGGCGT,71,5.089605734767025e-05
real_9000,6,AGGCTA,133,9.53405017921147e-05
real_9000,6,AGGCTC,134,9.60573476702509e-05
real_9000,6,AGGCTG,106,7.598566308243728e-05
real_9000,6,AGGCTT,232,0.00016630824372759856
real_9000,6,AGGGAA,225,0.00016129032258064516
real_9000,6,AGGGAC,87,6.236559139784946e-05
real_9000,6,AGGGAG,131,9.39068100358423e-05
real_9000,6,AGGGAT,178,0.00012759856630824371
real_9000,6,AGGGCA,82,5.8781362007168455e-05
real_9000,6,AGGGCC,49,3.512544802867383e-05
real_9000,6,AGGGCG,28,2.007168458781362e-05
real_9000,6,AGGGCT,120,8.602150537634408e-05
real_9000,6,AGGGGA,102,7.311827956989248e-05
real_9000,6,AGGGGC,49,3.512544802867383e-05
real_9000,6,AGGGGG,37,2.6523297491039425e-05
real_9000,6,AGGGGT,90,6.451612903225807e-05
real_9000,6,AGGGTA,156,0.00011182795698924731
real_9000,6,AGGGTC,85,6.093189964157706e-05
real_9000,6,AGGGTG,72,5.161290322580645e-05
real_9000,6,AGGGTT,657,0.0004709677419354839
real_9000,6,AGGTAA,174,0.00012473118279569893
real_9000,6,AGGTAC,90,6.451612903225807e-05
real_9000,6,AGGTAG,98,7.025089605734767e-05
real_9000,6,AGGTAT,117,8.387096774193548e-05
real_9000,6,AGGTCA,210,0.00015053763440860216
real_9000,6,AGGTCC,104,7.455197132616487e-05
real_9000,6,AGGTCG,116,8.315412186379928e-05
real_9000,6,AGGTCT,137,9.82078853046595e-05
real_9000,6,AGGTGA,197,0.00014121863799283155
real_9000,6,AGGTGC,60,4.301075268817204e-05
real_9000,6,AGGTGG,171,0.0001225806451612903
real_9000,6,AGGTGT,158,0.00011326164874551972
real_9000,6,AGGTTA,238,0.00017060931899641577
real_9000,6,AGGTTC,244,0.00017491039426523297
real_9000,6,AGGTTG,174,0.00012473118279569893
real_9000,6,AGGTTT,528,0.00037849462365591397
real_9000,6,AGTAAA,562,0.0004028673835125448
real_9000,6,AGTAAC,262,0.0001878136200716846
real_9000,6,AGTAAG,208,0.00014910394265232974
real_9000,6,AGTAAT,401,0.0002874551971326165
real_9000,6,AGTACA,191,0.00013691756272401435
real_9000,6,AGTACC,106,7.598566308243728e-05
real_9000,6,AGTACG,100,7.168458781362007e-05
real_9000,6,AGTACT,208,0.00014910394265232974
real_9000,6,AGTAGA,288,0.0002064516129032258
real_9000,6,AGTAGC,134,9.60573476702509e-05
real_9000,6,AGTAGG,95,6.810035842293906e-05
real_9000,6,AGTAGT,303,0.0002172043010752688
real_9000,6,AGTATA,263,0.00018853046594982079
real_9000,6,AGTATC,222,0.00015913978494623657
real_9000,6,AGTATG,162,0.00011612903225806452
real_9000,6,AGTATT,318,0.00022795698924731183
real_9000,6,AGTCAA,497,0.00035627240143369177
real_9000,6,AGTCAC,243,0.00017419354838709678
real_9000,6,AGTCAG,166,0.00011899641577060932
real_9000,6,AGTCAT,298,0.00021362007168458782
real_9000,6,AGTCCA,215,0.00015412186379928314
real_9000,6,AGTCCC,101,7.240143369175627e-05
real_9000,6,AGTCCG,109,7.813620071684588e-05
real_9000,6,AGTCCT,178,0.00012759856630824371
real_9000,6,AGTCGA,191,0.00013691756272401435
real_9000,6,AGTCGC,116,8.315412186379928e-05
real_9000,6,AGTCGG,131,9.39068100358423e-05
real_9000,6,AGTCGT,193,0.00013835125448028674
real_9000,6,AGTCTA,236,0.00016917562724014338
real_9000,6,AGTCTC,446,0.00031971326164874554
real_9000,6,AGTCTG,188,0.00013476702508960573
real_9000,6,AGTCTT,418,0.0002996415770609319
real_9000,6,AGTGAA,386,0.0002767025089605735
real_9000,6,AGTGAC,190,0.00013620071684587813
real_9000,6,AGTGAG,224,0.00016057347670250896
real_9000,6,AGTGAT,338,0.00024229390681003584
real_9000,6,AGTGCA,95,6.810035842293906e-05
real_9000,6,AGTGCC,72,5.161290322580645e-05
real_9000,6,AGTGCG,56,4.014336917562724e-05
real_9000,6,AGTGCT,98,7.025089605734767e-05
real_9000,6,AGTGGA,250,0.00017921146953405018
real_9000,6,AGTGGC,156,0.00011182795698924731
real_9000,6,AGTGGG,145,0.0001039426523297491
real_9000,6,AGTGGT,224,0.00016057347670250896
real_9000,6,AGTGTA,183,0.00013118279569892472
real_9000,6,AGTGTC,155,0.00011111111111111112
real_9000,6,AGTGTG,195,0.00013978494623655913
real_9000,6,AGTGTT,388,0.0002781362007168459
real_9000,6,AGTTAA,323,0.00023154121863799284
real_9000,6,AGTTAC,250,0.00017921146953405018
real_9000,6,AGTTAG,265,0.00018996415770609318
real_9000,6,AGTTAT,369,0.0002645161290322581
real_9000,6,AGTTCA,317,0.00022724014336917563
real_9000,6,AGTTCC,297,0.00021290322580645163
real_9000,6,AGTTCG,197,0.00014121863799283155
real_9000,6,AGTTCT,429,0.0003075268817204301
real_9000,6,AGTTGA,381,0.00027311827956989245
real_9000,6,AGTTGC,184,0.00013189964157706092
real_9000,6,AGTTGG,239,0.00017132616487455196
real_9000,6,AGTTGT,358,0.0002566308243727599
real_9000,6,AGTTTA,498,0.00035698924731182797
real_9000,6,AGTTTC,858,0.0006150537634408602
real_9000,6,AGTTTG,529,0.00037921146953405016
real_9000,6,AGTTTT,1172,0.0008401433691756273
real_9000,6,ATAAAA,1524,0.0010924731182795698
real_9000,6,ATAAAC,581,0.0004164874551971326
real_9000,6,ATAAAG,575,0.0004121863799283154
real_9000,6,ATAAAT,1025,0.0007347670250896057
real_9000,6,ATAACA,447,0.00032043010752688173
real_9000,6,ATAACC,288,0.0002064516129032258
real_9000,6,ATAACG,191,0.00013691756272401435
real_9000,6,ATAACT,331,0.00023727598566308244
real_9000,6,ATAAGA,524,0.0003756272401433692
real_9000,6,ATAAGC,250,0.00017921146953405018
real_9000,6,ATAAGG,191,0.00013691756272401435
real_9000,6,ATAAGT,328,0.00023512544802867382
real_9000,6,ATAATA,858,0.0006150537634408602
real_9000,6,ATAATC,516,0.00036989247311827955
real_9000,6,ATAATG,412,0.0002953405017921147
real_9000,6,ATAATT,994,0.0007125448028673835
real_9000,6,ATACAA,507,0.0003634408602150538
real_9000,6,ATACAC,249,0.00017849462365591398
real_9000,6,ATACAG,190,0.00013620071684587813
real_9000,6,ATACAT,361,0.00025878136200716847
real_9000,6,ATACCA,204,0.00014623655913978496
real_9000,6,ATACCC,128,9.175627240143369e-05
real_9000,6,ATACCG,118,8.458781362007169e-05
real_9000,6,ATACCT,162,0.00011612903225806452
real_9000,6,ATACGA,205,0.00014695340501792115
real_9000,6,ATACGC,96,6.881720430107527e-05
real_9000,6,ATACGG,128,9.175627240143369e-05
real_9000,6,ATACGT,167,0.00011971326164874551
real_9000,6,ATACTA,266,0.0001906810035842294
real_9000,6,ATACTC,237,0.00016989247311827957
real_9000,6,ATACTG,165,0.00011827956989247312
real_9000,6,ATACTT,350,0.00025089605734767025
real_9000,6,ATAGAA,405,0.00029032258064516127
real_9000,6,ATAGAC,174,0.00012473118279569893
real_9000,6,ATAGAG,312,0.00022365591397849463
real_9000,6,ATAGAT,443,0.0003175627240143369
real_9000,6,ATAGCA,162,0.00011612903225806452
real_9000,6,ATAGCC,125,8.960573476702509e-05
real_9000,6,ATAGCG,86,6.164874551971327e-05
real_9000,6,ATAGCT,219,0.00015698924731182796
real_9000,6,ATAGGA,168,0.00012043010752688172
real_9000,6,ATAGGC,108,7.741935483870968e-05
real_9000,6,ATAGGG,84,6.021505376344086e-05
real_9000,6,ATAGGT,115,8.243727598566309e-05
real_9000,6,ATAGTA,279,0.0002
real_9000,6,ATAGTC,215,0.00015412186379928314
real_9000,6,ATAGTG,184,0.00013189964157706092
real_9000,6,ATAGTT,402,0.0002881720430107527
real_9000,6,ATATAA,752,0.0005390681003584229
real_9000,6,ATATAC,365,0.00026164874551971325
real_9000,6,ATATAG,329,0.00023584229390681005
real_9000,6,ATATAT,1146,0.000821505376344086
real_9000,6,ATATCA,502,0.00035985663082437275
real_9000,6,ATATCC,264,0.00018924731182795698
real_9000,6,ATATCG,216,0.00015483870967741937
real_9000,6,ATATCT,541,0.00038781362007168457
real_9000,6,ATATGA,389,0.00027885304659498207
real_9000,6,ATATGC,171,0.0001225806451612903
real_9000,6,ATATGG,338,0.00024229390681003584
real_9000,6,ATATGT,401,0.0002874551971326165
real_9000,6,ATATTA,688,0.0004931899641577061
real_9000,6,ATATTC,522,0.0003741935483870968
real_9000,6,ATATTG,410,0.0002939068100358423
real_9000,6,ATATTT,1127,0.0008078853046594982
real_9000,6,ATCAAA,1202,0.0008616487455197133
real_9000,6,ATCAAC,503,0.00036057347670250895
real_9000,6,ATCAAG,428,0.0003068100358422939
real_9000,6,ATCAAT,821,0.0005885304659498208
real_9000,6,ATCACA,433,0.00031039426523297493
real_9000,6,ATCACC,378,0.00027096774193548386
real_9000,6,ATCACG,188,0.00013476702508960573
real_9000,6,ATCACT,451,0.0003232974910394265
real_9000,6,ATCAGA,590,0.0004229390681003584
real_9000,6,ATCAGC,287,0.0002057347670250896
real_9000,6,ATCAGG,150,0.00010752688172043011
real_9000,6,ATCAGT,312,0.00022365591397849463
real_9000,6,ATCATA,427,0.0003060931899641577
real_9000,6,ATCATC,1099,0.0007878136200716846
real_9000,6,ATCATG,382,0.0002738351254480287
real_9000,6,ATCATT,714,0.0005118279569892474
real_9000,6,ATCCAA,756,0.0005419354838709677
real_9000,6,ATCCAC,323,0.00023154121863799284
real_9000,6,ATCCAG,260,0.0001863799283154122
real_9000,6,ATCCAT,502,0.00035985663082437275
real_9000,6,ATCCCA,301,0.0002157706093189964
real_9000,6,ATCCCC,165,0.00011827956989247312
real_9000,6,ATCCCG,130,9.31899641577061e-05
real_9000,6,ATCCCT,283,0.0002028673835125448
real_9000,6,ATCCGA,412,0.0002953405017921147
real_9000,6,ATCCGC,162,0.00011612903225806452
real_9000,6,ATCCGG,187,0.00013405017921146954
real_9000,6,ATCCGT,261,0.0001870967741935484
real_9000,6,ATCCTA,259,0.00018566308243727597
real_9000,6,ATCCTC,585,0.00041935483870967743
real_9000,6,ATCCTG,173,0.00012401433691756273
real_9000,6,ATCCTT,575,0.0004121863799283154
real_9000,6,ATCGAA,619,0.00044372759856630827
real_9000,6,ATCGAC,239,0.00017132616487455196
real_9000,6,ATCGAG,287,0.0002057347670250896
real_9000,6,ATCGAT,636,0.00045591397849462366
real_9000,6,ATCGCA,159,0.00011397849462365592
real_9000,6,ATCGCC,255,0.0001827956989247312
real_9000,6,ATCGCG,105,7.526881720430108e-05
real_9000,6,ATCGCT,269,0.000192831541218638
real_9000,6,ATCGGA,499,0.00035770609318996416
real_9000,6,ATCGGC,178,0.00012759856630824371
real_9000,6,ATCGGG,128,9.175627240143369e-05
real_9000,6,ATCGGT,252,0.00018064516129032257
real_9000,6,ATCGTA,252,0.00018064516129032257
real_9000,6,ATCGTC,396,0.0002838709677419355
real_9000,6,ATCGTG,214,0.00015340501792114695
real_9000,6,ATCGTT,518,0.00037132616487455195
real_9000,6,ATCTAA,582,0.00041720430107526884
real_9000,6,ATCTAC,323,0.00023154121863799284
real_9000,6,ATCTAG,304,0.00021792114695340503
real_9000,6,ATCTAT,477,0.00034193548387096773
real_9000,6,ATCTCA,819,0.0005870967741935484
real_9000,6,ATCTCC,826,0.0005921146953405018
real_9000,6,ATCTCG,400,0.0002867383512544803
real_9000,6,ATCTCT,1515,0.001086021505376344
real_9000,6,ATCTGA,621,0.00044516129032258066
real_9000,6,ATCTGC,278,0.00019928315412186379
real_9000,6,ATCTGG,339,0.00024301075268817204
real_9000,6,ATCTGT,502,0.00035985663082437275
real_9000,6,ATCTTA,532,0.0003813620071684588
real_9000,6,ATCTTC,1398,0.0010021505376344086
real_9000,6,ATCTTG,476,0.00034121863799283154
real_9000,6,ATCTTT,1091,0.000782078853046595
real_9000,6,ATGAAA,736,0.0005275985663082437
real_9000,6,ATGAAC,297,0.00021290322580645163
real_9000,6,ATGAAG,517,0.00037060931899641575
real_9000,6,ATGAAT,509,0.0003648745519713262
real_9000,6,ATGACA,243,0.00017419354838709678
real_9000,6,ATGACC,164,0.00011756272401433691
real_9000,6,ATGACG,250,0.00017921146953405018
real_9000,6,ATGACT,249,0.00017849462365591398
real_9000,6,ATGAGA,377,0.00027025089605734766
real_9000,6,ATGAGC,184,0.00013189964157706092
real_9000,6,ATGAGG,173,0.00012401433691756273
real_9000,6,ATGAGT,295,0.0002114695340501792
real_9000,6,ATGATA,395,0.0002831541218637993
real_9000,6,ATGATC,403,0.0002888888888888889
real_9000,6,ATGATG,587,0.0004207885304659498
real_9000,6,ATGATT,755,0.0005412186379928315
real_9000,6,ATGCAA,299,0.00021433691756272402
real_9000,6,ATGCAC,94,6.738351254480287e-05
real_9000,6,ATGCAG,151,0.0001082437275985663
real_9000,6,ATGCAT,202,0.00014480286738351254
real_9000,6,ATGCCA,169,0.00012114695340501792
real_9000,6,ATGCCC,73,5.2329749103942654e-05
real_9000,6,ATGCCG,96,6.881720430107527e-05
real_9000,6,ATGCCT,144,0.0001032258064516129
real_9000,6,ATGCGA,121,8.673835125448029e-05
real_9000,6,ATGCGC,42,3.010752688172043e-05
real_9000,6,ATGCGG,77,5.519713261648745e-05
real_9000,6,ATGCGT,134,9.60573476702509e-05
real_9000,6,ATGCTA,173,0.00012401433691756273
real_9000,6,ATGCTC,242,0.00017347670250896058
real_9000,6,ATGCTG,155,0.00011111111111111112
real_9000,6,ATGCTT,360,0.00025806451612903227
real_9000,6,ATGGAA,527,0.00037777777777777777
real_9000,6,ATGGAC,240,0.00017204301075268816
real_9000,6,ATGGAG,469,0.00033620071684587816
real_9000,6,ATGGAT,519,0.0003720430107526882
real_9000,6,ATGGCA,243,0.00017419354838709678
real_9000,6,ATGGCC,213,0.00015268817204301075
real_9000,6,ATGGCG,473,0.00033906810035842295
real_9000,6,ATGGCT,438,0.0003139784946236559
real_9000,6,ATGGGA,254,0.000182078853046595
real_9000,6,ATGGGC,363,0.00026021505376344086
real_9000,6,ATGGGG,149,0.00010681003584229391
real_9000,6,ATGGGT,360,0.00025806451612903227
real_9000,6,ATGGTA,196,0.00014050179211469533
real_9000,6,ATGGTC,199,0.00014265232974910395
real_9000,6,ATGGTG,324,0.00023225806451612904
real_9000,6,ATGGTT,460,0.00032974910394265234
real_9000,6,ATGTAA,374,0.00026810035842293907
real_9000,6,ATGTAC,163,0.00011684587813620071
real_9000,6,ATGTAG,188,0.00013476702508960573
real_9000,6,ATGTAT,355,0.00025448028673835123
real_9000,6,ATGTCA,316,0.00022652329749103944
real_9000,6,ATGTCC,170,0.00012186379928315412
real_9000,6,ATGTCG,189,0.00013548387096774193
real_9000,6,ATGTCT,401,0.0002874551971326165
real_9000,6,ATGTGA,338,0.00024229390681003584
real_9000,6,ATGTGC,101,7.240143369175627e-05
real_9000,6,ATGTGG,253,0.00018136200716845877
real_9000,6,ATGTGT,337,0.00024157706093189964
real_9000,6,ATGTTA,370,0.0002652329749103943
real_9000,6,ATGTTC,411,0.0002946236559139785
real_9000,6,ATGTTG,447,0.00032043010752688173
real_9000,6,ATGTTT,777,0.000556989247311828
real_9000,6,ATTAAA,1146,0.000821505376344086
real_9000,6,ATTAAC,425,0.0003046594982078853
real_9000,6,ATTAAG,417,0.0002989247311827957
real_9000,6,ATTAAT,887,0.00063584229390681
real_9000,6,ATTACA,506,0.00036272401433691754
real_9000,6,ATTACC,293,0.0002100358422939068
real_9000,6,ATTACG,231,0.00016559139784946237
real_9000,6,ATTACT,469,0.00033620071684587816
real_9000,6,ATTAGA,510,0.0003655913978494624
real_9000,6,ATTAGC,266,0.0001906810035842294
real_9000,6,ATTAGG,393,0.00028172043010752686
real_9000,6,ATTAGT,475,0.00034050179211469534
real_9000,6,ATTATA,573,0.000410752688172043
real_9000,6,ATTATC,536,0.0003842293906810036
real_9000,6,ATTATG,427,0.0003060931899641577
real_9000,6,ATTATT,1066,0.00076415770609319
real_9000,6,ATTCAA,904,0.0006480286738351254
real_9000,6,ATTCAC,466,0.0003340501792114695
real_9000,6,ATTCAG,362,0.00025949820788530466
real_9000,6,ATTCAT,751,0.0005383512544802867
real_9000,6,ATTCCA,517,0.00037060931899641575
real_9000,6,ATTCCC,279,0.0002
real_9000,6,ATTCCG,339,0.00024301075268817204
real_9000,6,ATTCCT,552,0.0003956989247311828
real_9000,6,ATTCGA,613,0.00043942652329749104
real_9000,6,ATTCGC,246,0.00017634408602150537
real_9000,6,ATTCGG,233,0.00016702508960573476
real_9000,6,ATTCGT,481,0.0003448028673835125
real_9000,6,ATTCTA,483,0.00034623655913978497
real_9000,6,ATTCTC,1038,0.0007440860215053764
real_9000,6,ATTCTG,499,0.00035770609318996416
real_9000,6,ATTCTT,1059,0.0007591397849462365
real_9000,6,ATTGAA,822,0.000589247311827957
real_9000,6,ATTGAC,303,0.0002172043010752688
real_9000,6,ATTGAG,419,0.0003003584229390681
real_9000,6,ATTGAT,839,0.0006014336917562724
real_9000,6,ATTGCA,249,0.00017849462365591398
real_9000,6,ATTGCC,162,0.00011612903225806452
real_9000,6,ATTGCG,142,0.0001017921146953405
real_9000,6,ATTGCT,420,0.0003010752688172043
real_9000,6,ATTGGA,476,0.00034121863799283154
real_9000,6,ATTGGC,180,0.00012903225806451613
real_9000,6,ATTGGG,400,0.0002867383512544803
real_9000,6,ATTGGT,466,0.0003340501792114695
real_9000,6,ATTGTA,400,0.0002867383512544803
real_9000,6,ATTGTC,351,0.00025161290322580645
real_9000,6,ATTGTG,377,0.00027025089605734766
real_9000,6,ATTGTT,871,0.0006243727598566308
real_9000,6,ATTTAA,793,0.0005684587813620072
real_9000,6,ATTTAC,495,0.0003548387096774194
real_9000,6,ATTTAG,540,0.0003870967741935484
real_9000,6,ATTTAT,1001,0.0007175627240143369
real_9000,6,ATTTCA,1023,0.0007333333333333333
real_9000,6,ATTTCC,635,0.00045519713261648747
real_9000,6,ATTTCG,690,0.0004946236559139785
real_9000,6,ATTTCT,1386,0.0009935483870967743
real_9000,6,ATTTGA,1048,0.0007512544802867384
real_9000,6,ATTTGC,424,0.0003039426523297491
real_9000,6,ATTTGG,760,0.0005448028673835125
real_9000,6,ATTTGT,958,0.0006867383512544803
real_9000,6,ATTTTA,1221,0.0008752688172043011
real_9000,6,ATTTTC,1433,0.0010272401433691757
real_9000,6,ATTTTG,1360,0.0009749103942652329
real_9000,6,ATTTTT,2099,0.0015046594982078853
real_9000,6,CAAAAA,1811,0.0012982078853046594
real_9000,6,CAAAAC,1102,0.0007899641577060932
real_9000,6,CAAAAG,707,0.0005068100358422939
real_9000,6,CAAAAT,1277,0.0009154121863799283
real_9000,6,CAAACA,688,0.0004931899641577061
real_9000,6,CAAACC,635,0.00045519713261648747
real_9000,6,CAAACG,298,0.00021362007168458782
real_9000,6,CAAACT,554,0.0003971326164874552
real_9000,6,CAAAGA,786,0.0005634408602150537
real_9000,6,CAAAGC,507,0.0003634408602150538
real_9000,6,CAAAGG,325,0.00023297491039426523
real_9000,6,CAAAGT,548,0.000392831541218638
real_9000,6,CAAATA,642,0.00046021505376344084
real_9000,6,CAAATC,910,0.0006523297491039426
real_9000,6,CAAATG,399,0.0002860215053763441
real_9000,6,CAAATT,1070,0.0007670250896057348
real_9000,6,CAACAA,939,0.0006731182795698925
real_9000,6,CAACAC,373,0.0002673835125448029
real_9000,6,CAACAG,290,0.0002078853046594982
real_9000,6,CAACAT,406,0.00029103942652329746
real_9000,6,CAACCA,447,0.00032043010752688173
real_9000,6,CAACCC,197,0.00014121863799283155
real_9000,6,CAACCG,165,0.00011827956989247312
real_9000,6,CAACCT,278,0.00019928315412186379
real_9000,6,CAACGA,395,0.0002831541218637993
real_9000,6,CAACGC,175,0.00012544802867383513
real_9000,6,CAACGG,287,0.0002057347670250896
real_9000,6,CAACGT,210,0.00015053763440860216
real_9000,6,CAACTA,254,0.000182078853046595
real_9000,6,CAACTC,361,0.00025878136200716847
real_9000,6,CAACTG,159,0.00011397849462365592
real_9000,6,CAACTT,503,0.00036057347670250895
real_9000,6,CAAGAA,771,0.0005526881720430108
real_9000,6,CAAGAC,258,0.00018494623655913978
real_9000,6,CAAGAG,334,0.00023942652329749103
real_9000,6,CAAGAT,473,0.00033906810035842295
real_9000,6,CAAGCA,263,0.00018853046594982079
real_9000,6,CAAGCC,232,0.00016630824372759856
real_9000,6,CAAGCG,135,9.67741935483871e-05
real_9000,6,CAAGCT,436,0.0003125448028673835
real_9000,6,CAAGGA,329,0.00023584229390681005
real_9000,6,CAAGGC,175,0.00012544802867383513
real_9000,6,CAAGGG,134,9.60573476702509e-05
real_9000,6,CAAGGT,196,0.00014050179211469533
real_9000,6,CAAGTA,275,0.0001971326164874552
real_9000,6,CAAGTC,350,0.00025089605734767025
real_9000,6,CAAGTG,221,0.00015842293906810035
real_9000,6,CAAGTT,503,0.00036057347670250895
real_9000,6,CAATAA,622,0.00044587813620071686
real_9000,6,CAATAC,241,0.00017275985663082438
real_9000,6,CAATAG,225,0.00016129032258064516
real_9000,6,CAATAT,427,0.0003060931899641577
real_9000,6,CAATCA,643,0.00046093189964157704
real_9000,6,CAATCC,378,0.00027096774193548386
real_9000,6,CAATCG,349,0.00025017921146953405
real_9000,6,CAATCT,770,0.0005519713261648746
real_9000,6,CAATGA,361,0.00025878136200716847
real_9000,6,CAATGC,147,0.0001053763440860215
real_9000,6,CAATGG,481,0.0003448028673835125
real_9000,6,CAATGT,306,0.00021935483870967742
real_9000,6,CAATTA,528,0.00037849462365591397
real_9000,6,CAATTC,713,0.0005111111111111112
real_9000,6,CAATTG,396,0.0002838709677419355
real_9000,6,CAATTT,1161,0.000832258064516129
real_9000,6,CACAAA,684,0.0004903225806451613
real_9000,6,CACAAC,312,0.00022365591397849463
real_9000,6,CACAAG,336,0.00024086021505376345
real_9000,6,CACAAT,409,0.0002931899641577061
real_9000,6,CACACA,504,0.00036129032258064514
real_9000,6,CACACC,201,0.00014408602150537634
real_9000,6,CACACG,173,0.00012401433691756273
real_9000,6,CACACT,264,0.00018924731182795698
real_9000,6,CACAGA,295,0.0002114695340501792
real_9000,6,CACAGC,145,0.0001039426523297491
real_9000,6,CACAGG,73,5.2329749103942654e-05
real_9000,6,CACAGT,183,0.00013118279569892472
real_9000,6,CACATA,280,0.0002007168458781362
real_9000,6,CACATC,290,0.0002078853046594982
real_9000,6,CACATG,232,0.00016630824372759856
real_9000,6,CACATT,327,0.00023440860215053763
real_9000,6,CACCAA,511,0.00036630824372759857
real_9000,6,CACCAC,476,0.00034121863799283154
real_9000,6,CACCAG,180,0.00012903225806451613
real_9000,6,CACCAT,394,0.0002824372759856631
real_9000,6,CACCCA,167,0.00011971326164874551
real_9000,6,CACCCC,71,5.089605734767025e-05
real_9000,6,CACCCG,58,4.157706093189964e-05
real_9000,6,CACCCT,112,8.028673835125448e-05
real_9000,6,CACCGA,288,0.0002064516129032258
real_9000,6,CACCGC,224,0.00016057347670250896
real_9000,6,CACCGG,305,0.00021863799283154122
real_9000,6,CACCGT,386,0.0002767025089605735
real_9000,6,CACCTA,130,9.31899641577061e-05
real_9000,6,CACCTC,268,0.0001921146953405018
real_9000,6,CACCTG,124,8.888888888888889e-05
real_9000,6,CACCTT,286,0.0002050179211469534
real_9000,6,CACGAA,271,0.00019426523297491038
real_9000,6,CACGAC,172,0.00012329749103942654
real_9000,6,CACGAG,169,0.00012114695340501792
real_9000,6,CACGAT,190,0.00013620071684587813
real_9000,6,CACGCA,112,8.028673835125448e-05
real_9000,6,CACGCC,100,7.168458781362007e-05
real_9000,6,CACGCG,120,8.602150537634408e-05
real_9000,6,CACGCT,122,8.745519713261649e-05
real_9000,6,CACGGA,133,9.53405017921147e-05
real_9000,6,CACGGC,131,9.39068100358423e-05
real_9000,6,CACGGG,48,3.4408602150537636e-05
real_9000,6,CACGGT,127,9.10394265232975e-05
real_9000,6,CACGTA,172,0.00012329749103942654
real_9000,6,CACGTC,189,0.00013548387096774193
real_9000,6,CACGTG,375,0.00026881720430107527
real_9000,6,CACGTT,188,0.00013476702508960573
real_9000,6,CACTAA,326,0.00023369175627240143
real_9000,6,CACTAC,184,0.00013189964157706092
real_9000,6,CACTAG,127,9.10394265232975e-05
real_9000,6,CACTAT,258,0.00018494623655913978
real_9000,6,CACTCA,304,0.00021792114695340503
real_9000,6,CACTCC,220,0.00015770609318996415
real_9000,6,CACTCG,177,0.00012688172043010752
real_9000,6,CACTCT,492,0.00035268817204301073
real_9000,6,CACTGA,240,0.00017204301075268816
real_9000,6,CACTGC,109,7.813620071684588e-05
real_9000,6,CACTGG,140,0.0001003584229390681
real_9000,6,CACTGT,225,0.00016129032258064516
real_9000,6,CACTTA,239,0.00017132616487455196
real_9000,6,CACTTC,463,0.00033189964157706093
real_9000,6,CACTTG,277,0.0001985663082437276
real_9000,6,CACTTT,549,0.0003935483870967742
real_9000,6,CAGAAA,671,0.0004810035842293907
real_9000,6,CAGAAC,270,0.0001935483870967742
real_9000,6,CAGAAG,404,0.00028960573476702507
real_9000,6,CAGAAT,383,0.0002745519713261649
real_9000,6,CAGACA,233,0.00016702508960573476
real_9000,6,CAGACC,152,0.00010896057347670251
real_9000,6,CAGACG,132,9.462365591397849e-05
real_9000,6,CAGACT,160,0.00011469534050179211
real_9000,6,CAGAGA,649,0.00046523297491039427
real_9000,6,CAGAGC,257,0.00018422939068100358
real_9000,6,CAGAGG,230,0.00016487455197132617
real_9000,6,CAGAGT,278,0.00019928315412186379
real_9000,6,CAGATA,254,0.000182078853046595
real_9000,6,CAGATC,490,0.00035125448028673834
real_9000,6,CAGATG,220,0.00015770609318996415
real_9000,6,CAGATT,620,0.00044444444444444447
real_9000,6,CAGCAA,283,0.0002028673835125448
real_9000,6,CAGCAC,92,6.594982078853046e-05
real_9000,6,CAGCAG,260,0.0001863799283154122
real_9000,6,CAGCAT,119,8.530465949820788e-05
real_9000,6,CAGCCA,201,0.00014408602150537634
real_9000,6,CAGCCC,77,5.519713261648745e-05
real_9000,6,CAGCCG,147,0.0001053763440860215
real_9000,6,CAGCCT,133,9.53405017921147e-05
real_9000,6,CAGCGA,173,0.00012401433691756273
real_9000,6,CAGCGC,47,3.369175627240143e-05
real_9000,6,CAGCGG,90,6.451612903225807e-05
real_9000,6,CAGCGT,113,8.100358422939068e-05
real_9000,6,CAGCTA,217,0.00015555555555555556
real_9000,6,CAGCTC,338,0.00024229390681003584
real_9000,6,CAGCTG,191,0.00013691756272401435
real_9000,6,CAGCTT,400,0.0002867383512544803
real_9000,6,CAGGAA,197,0.00014121863799283155
real_9000,6,CAGGAC,70,5.017921146953405e-05
real_9000,6,CAGGAG,140,0.0001003584229390681
real_9000,6,CAGGAT,121,8.673835125448029e-05
real_9000,6,CAGGCA,65,4.659498207885305e-05
real_9000,6,CAGGCC,88,6.308243727598566e-05
real_9000,6,CAGGCG,56,4.014336917562724e-05
real_9000,6,CAGGCT,93,6.666666666666667e-05
real_9000,6,CAGGGA,81,5.806451612903226e-05
real_9000,6,CAGGGC,41,2.9390681003584228e-05
real_9000,6,CAGGGG,39,2.7956989247311828e-05
real_9000,6,CAGGGT,59,4.2293906810035844e-05
real_9000,6,CAGGTA,56,4.014336917562724e-05
real_9000,6,CAGGTC,81,5.806451612903226e-05
real_9000,6,CAGGTG,91,6.523297491039426e-05
real_9000,6,CAGGTT,143,0.0001025089605734767
real_9000,6,CAGTAA,234,0.00016774193548387096
real_9000,6,CAGTAC,119,8.530465949820788e-05
real_9000,6,CAGTAG,122,8.745519713261649e-05
real_9000,6,CAGTAT,140,0.0001003584229390681
real_9000,6,CAGTCA,185,0.00013261648745519714
real_9000,6,CAGTCC,116,8.315412186379928e-05
real_9000,6,CAGTCG,106,7.598566308243728e-05
real_9000,6,CAGTCT,239,0.00017132616487455196
real_9000,6,CAGTGA,254,0.000182078853046595
real_9000,6,CAGTGC,66,4.7311827956989246e-05
real_9000,6,CAGTGG,170,0.00012186379928315412
real_9000,6,CAGTGT,143,0.0001025089605734767
real_9000,6,CAGTTA,168,0.00012043010752688172
real_9000,6,CAGTTC,229,0.00016415770609318997
real_9000,6,CAGTTG,146,0.00010465949820788531
real_9000,6,CAGTTT,476,0.00034121863799283154
real_9000,6,CATAAA,600,0.00043010752688172043
real_9000,6,CATAAC,257,0.00018422939068100358
real_9000,6,CATAAG,224,0.00016057347670250896
real_9000,6,CATAAT,439,0.0003146953405017921
real_9000,6,CATACA,235,0.00016845878136200718
real_9000,6,CATACC,116,8.315412186379928e-05
real_9000,6,CATACG,88,6.308243727598566e-05
real_9000,6,CATACT,165,0.00011827956989247312
real_9000,6,CATAGA,266,0.0001906810035842294
real_9000,6,CATAGC,137,9.82078853046595e-05
real_9000,6,CATAGG,67,4.802867383512545e-05
real_9000,6,CATAGT,189,0.00013548387096774193
real_9000,6,CATATA,414,0.0002967741935483871
real_9000,6,CATATC,292,0.00020931899641577062
real_9000,6,CATATG,207,0.00014838709677419355
real_9000,6,CATATT,408,0.0002924731182795699
real_9000,6,CATCAA,627,0.00044946236559139784
real_9000,6,CATCAC,482,0.00034551971326164877
real_9000,6,CATCAG,275,0.0001971326164874552
real_9000,6,CATCAT,784,0.0005620071684587813
real_9000,6,CATCCA,321,0.00023010752688172042
real_9000,6,CATCCC,170,0.00012186379928315412
real_9000,6,CATCCG,147,0.0001053763440860215
real_9000,6,CATCCT,283,0.0002028673835125448
real_9000,6,CATCGA,404,0.00028960573476702507
real_9000,6,CATCGC,216,0.00015483870967741937
real_9000,6,CATCGG,227,0.00016272401433691755
real_9000,6,CATCGT,378,0.00027096774193548386
real_9000,6,CATCTA,261,0.0001870967741935484
real_9000,6,CATCTC,735,0.0005268817204301075
real_9000,6,CATCTG,248,0.00017777777777777779
real_9000,6,CATCTT,863,0.0006186379928315413
real_9000,6,CATGAA,352,0.00025232974910394264
real_9000,6,CATGAC,183,0.00013118279569892472
real_9000,6,CATGAG,153,0.00010967741935483871
real_9000,6,CATGAT,295,0.0002114695340501792
real_9000,6,CATGCA,122,8.745519713261649e-05
real_9000,6,CATGCC,104,7.455197132616487e-05
real_9000,6,CATGCG,55,3.942652329749104e-05
real_9000,6,CATGCT,164,0.00011756272401433691
real_9000,6,CATGGA,386,0.0002767025089605735
real_9000,6,CATGGC,331,0.00023727598566308244
real_9000,6,CATGGG,198,0.00014193548387096775
real_9000,6,CATGGT,203,0.00014551971326164873
real_9000,6,CATGTA,237,0.00016989247311827957
real_9000,6,CATGTC,264,0.00018924731182795698
real_9000,6,CATGTG,240,0.00017204301075268816
real_9000,6,CATGTT,415,0.0002974910394265233
real_9000,6,CATTAA,509,0.0003648745519713262
real_9000,6,CATTAC,287,0.0002057347670250896
real_9000,6,CATTAG,225,0.00016129032258064516
real_9000,6,CATTAT,403,0.0002888888888888889
real_9000,6,CATTCA,398,0.0002853046594982079
real_9000,6,CATTCC,224,0.00016057347670250896
real_9000,6,CATTCG,182,0.00013046594982078853
real_9000,6,CATTCT,495,0.0003548387096774194
real_9000,6,CATTGA,422,0.0003025089605734767
real_9000,6,CATTGC,187,0.00013405017921146954
real_9000,6,CATTGG,203,0.00014551971326164873
real_9000,6,CATTGT,337,0.00024157706093189964
real_9000,6,CATTTA,442,0.0003168458781362007
real_9000,6,CATTTC,693,0.0004967741935483871
real_9000,6,CATTTG,436,0.0003125448028673835
real_9000,6,CATTTT,1102,0.0007899641577060932
real_9000,6,CCAAAA,1210,0.0008673835125448028
real_9000,6,CCAAAC,617,0.0004422939068100358
real_9000,6,CCAAAG,462,0.00033118279569892473
real_9000,6,CCAAAT,748,0.0005362007168458781
real_9000,6,CCAACA,371,0.0002659498207885305
real_9000,6,CCAACC,248,0.00017777777777777779
real_9000,6,CCAACG,270,0.0001935483870967742
real_9000,6,CCAACT,304,0.00021792114695340503
real_9000,6,CCAAGA,341,0.00024444444444444443
real_9000,6,CCAAGC,248,0.00017777777777777779
real_9000,6,CCAAGG,155,0.00011111111111111112
real_9000,6,CCAAGT,287,0.0002057347670250896
real_9000,6,CCAATA,398,0.0002853046594982079
real_9000,6,CCAATC,544,0.0003899641577060932
real_9000,6,CCAATG,247,0.0001770609318996416
real_9000,6,CCAATT,673,0.0004824372759856631
real_9000,6,CCACAA,401,0.0002874551971326165
real_9000,6,CCACAC,244,0.00017491039426523297
real_9000,6,CCACAG,140,0.0001003584229390681
real_9000,6,CCACAT,251,0.00017992831541218638
real_9000,6,CCACCA,576,0.0004129032258064516
real_9000,6,CCACCC,112,8.028673835125448e-05
real_9000,6,CCACCG,453,0.0003247311827956989
real_9000,6,CCACCT,250,0.00017921146953405018
real_9000,6,CCACGA,198,0.00014193548387096775
real_9000,6,CCACGC,99,7.096774193548388e-05
real_9000,6,CCACGG,120,8.602150537634408e-05
real_9000,6,CCACGT,289,0.000207168458781362
real_9000,6,CCACTA,211,0.00015125448028673836
real_9000,6,CCACTC,260,0.0001863799283154122
real_9000,6,CCACTG,157,0.00011254480286738351
real_9000,6,CCACTT,361,0.00025878136200716847
real_9000,6,CCAGAA,382,0.0002738351254480287
real_9000,6,CCAGAC,125,8.960573476702509e-05
real_9000,6,CCAGAG,242,0.00017347670250896058
real_9000,6,CCAGAT,343,0.0002458781362007168
real_9000,6,CCAGCA,122,8.745519713261649e-05
real_9000,6,CCAGCC,87,6.236559139784946e-05
real_9000,6,CCAGCG,80,5.7347670250896056e-05
real_9000,6,CCAGCT,217,0.00015555555555555556
real_9000,6,CCAGGA,117,8.387096774193548e-05
real_9000,6,CCAGGC,62,4.4444444444444447e-05
real_9000,6,CCAGGG,32,2.2939068100358423e-05
real_9000,6,CCAGGT,83,5.949820788530466e-05
real_9000,6,CCAGTA,103,7.383512544802867e-05
real_9000,6,CCAGTC,132,9.462365591397849e-05
real_9000,6,CCAGTG,111,7.956989247311829e-05
real_9000,6,CCAGTT,198,0.00014193548387096775
real_9000,6,CCATAA,330,0.00023655913978494624
real_9000,6,CCATAC,133,9.53405017921147e-05
real_9000,6,CCATAG,137,9.82078853046595e-05
real_9000,6,CCATAT,263,0.00018853046594982079
real_9000,6,CCATCA,423,0.0003032258064516129
real_9000,6,CCATCC,178,0.00012759856630824371
real_9000,6,CCATCG,253,0.00018136200716845877
real_9000,6,CCATCT,502,0.00035985663082437275
real_9000,6,CCATGA,222,0.00015913978494623657
real_9000,6,CCATGC,87,6.236559139784946e-05
real_9000,6,CCATGG,397,0.0002845878136200717
real_9000,6,CCATGT,250,0.00017921146953405018
real_9000,6,CCATTA,392,0.00028100358422939066
real_9000,6,CCATTC,298,0.00021362007168458782
real_9000,6,CCATTG,337,0.00024157706093189964
real_9000,6,CCATTT,706,0.0005060931899641577
real_9000,6,CCCAAA,690,0.0004946236559139785
real_9000,6,CCCAAC,235,0.00016845878136200718
real_9000,6,CCCAAG,186,0.00013333333333333334
real_9000,6,CCCAAT,466,0.0003340501792114695
real_9000,6,CCCACA,188,0.00013476702508960573
real_9000,6,CCCACC,225,0.00016129032258064516
real_9000,6,CCCACG,107,7.670250896057347e-05
real_9000,6,CCCACT,204,0.00014623655913978496
real_9000,6,CCCAGA,208,0.00014910394265232974
real_9000,6,CCCAGC,80,5.7347670250896056e-05
real_9000,6,CCCAGG,40,2.8673835125448028e-05
real_9000,6,CCCAGT,89,6.379928315412186e-05
real_9000,6,CCCATA,220,0.00015770609318996415
real_9000,6,CCCATC,241,0.00017275985663082438
real_9000,6,CCCATG,126,9.032258064516129e-05
real_9000,6,CCCATT,433,0.00031039426523297493
real_9000,6,CCCCAA,271,0.00019426523297491038
real_9000,6,CCCCAC,156,0.00011182795698924731
real_9000,6,CCCCAG,57,4.086021505376344e-05
real_9000,6,CCCCAT,129,9.247311827956989e-05
real_9000,6,CCCCCA,101,7.240143369175627e-05
real_9000,6,CCCCCC,24,1.7204301075268818e-05
real_9000,6,CCCCCG,42,3.010752688172043e-05
real_9000,6,CCCCCT,75,5.3763440860215054e-05
real_9000,6,CCCCGA,81,5.806451612903226e-05
real_9000,6,CCCCGC,42,3.010752688172043e-05
real_9000,6,CCCCGG,48,3.4408602150537636e-05
real_9000,6,CCCCGT,47,3.369175627240143e-05
real_9000,6,CCCCTA,90,6.451612903225807e-05
real_9000,6,CCCCTC,130,9.31899641577061e-05
real_9000,6,CCCCTG,67,4.802867383512545e-05
real_9000,6,CCCCTT,160,0.00011469534050179211
real_9000,6,CCCGAA,149,0.00010681003584229391
real_9000,6,CCCGAC,139,9.964157706093189e-05
real_9000,6,CCCGAG,81,5.806451612903226e-05
real_9000,6,CCCGAT,162,0.00011612903225806452
real_9000,6,CCCGCA,43,3.0824372759856634e-05
real_9000,6,CCCGCC,105,7.526881720430108e-05
real_9000,6,CCCGCG,45,3.2258064516129034e-05
real_9000,6,CCCGCT,69,4.946236559139785e-05
real_9000,6,CCCGGA,126,9.032258064516129e-05
real_9000,6,CCCGGC,77,5.519713261648745e-05
real_9000,6,CCCGGG,38,2.724014336917563e-05
real_9000,6,CCCGGT,119,8.530465949820788e-05
real_9000,6,CCCGTA,67,4.802867383512545e-05
real_9000,6,CCCGTC,85,6.093189964157706e-05
real_9000,6,CCCGTG,50,3.5842293906810036e-05
real_9000,6,CCCGTT,136,9.74910394265233e-05
real_9000,6,CCCTAA,444,0.00031827956989247314
real_9000,6,CCCTAC,95,6.810035842293906e-05
real_9000,6,CCCTAG,180,0.00012903225806451613
real_9000,6,CCCTAT,127,9.10394265232975e-05
real_9000,6,CCCTCA,178,0.00012759856630824371
real_9000,6,CCCTCC,220,0.00015770609318996415
real_9000,6,CCCTCG,125,8.960573476702509e-05
real_9000,6,CCCTCT,360,0.00025806451612903227
real_9000,6,CCCTGA,124,8.888888888888889e-05
real_9000,6,CCCTGC,58,4.157706093189964e-05
real_9000,6,CCCTGG,51,3.655913978494624e-05
real_9000,6,CCCTGT,81,5.806451612903226e-05
real_9000,6,CCCTTA,166,0.00011899641577060932
real_9000,6,CCCTTC,319,0.00022867383512544803
real_9000,6,CCCTTG,114,8.172043010752688e-05
real_9000,6,CCCTTT,414,0.0002967741935483871
real_9000,6,CCGAAA,335,0.00024014336917562725
real_9000,6,CCGAAC,157,0.00011254480286738351
real_9000,6,CCGAAG,201,0.00014408602150537634
real_9000,6,CCGAAT,277,0.0001985663082437276
real_9000,6,CCGACA,212,0.00015197132616487455
real_9000,6,CCGACC,181,0.00012974910394265233
real_9000,6,CCGACG,276,0.0001978494623655914
real_9000,6,CCGACT,170,0.00012186379928315412
real_9000,6,CCGAGA,206,0.00014767025089605735
real_9000,6,CCGAGC,110,7.885304659498208e-05
real_9000,6,CCGAGG,86,6.164874551971327e-05
real_9000,6,CCGAGT,178,0.00012759856630824371
real_9000,6,CCGATA,166,0.00011899641577060932
real_9000,6,CCGATC,428,0.0003068100358422939
real_9000,6,CCGATG,262,0.0001878136200716846
real_9000,6,CCGATT,519,0.0003720430107526882
real_9000,6,CCGCAA,166,0.00011899641577060932
real_9000,6,CCGCAC,63,4.516129032258064e-05
real_9000,6,CCGCAG,100,7.168458781362007e-05
real_9000,6,CCGCAT,86,6.164874551971327e-05
real_9000,6,CCGCCA,241,0.00017275985663082438
real_9000,6,CCGCCC,36,2.5806451612903226e-05
real_9000,6,CCGCCG,534,0.0003827956989247312
real_9000,6,CCGCCT,171,0.0001225806451612903
real_9000,6,CCGCGA,77,5.519713261648745e-05
real_9000,6,CCGCGC,37,2.6523297491039425e-05
real_9000,6,CCGCGG,62,4.4444444444444447e-05
real_9000,6,CCGCGT,89,6.379928315412186e-05
real_9000,6,CCGCTA,93,6.666666666666667e-05
real_9000,6,CCGCTC,130,9.31899641577061e-05
real_9000,6,CCGCTG,110,7.885304659498208e-05
real_9000,6,CCGCTT,209,0.00014982078853046594
real_9000,6,CCGGAA,349,0.00025017921146953405
real_9000,6,CCGGAC,94,6.738351254480287e-05
real_9000,6,CCGGAG,388,0.0002781362007168459
real_9000,6,CCGGAT,222,0.00015913978494623657
real_9000,6,CCGGCA,117,8.387096774193548e-05
real_9000,6,CCGGCC,99,7.096774193548388e-05
real_9000,6,CCGGCG,377,0.00027025089605734766
real_9000,6,CCGGCT,141,0.0001010752688172043
real_9000,6,CCGGGA,144,0.0001032258064516129
real_9000,6,CCGGGC,28,2.007168458781362e-05
real_9000,6,CCGGGG,38,2.724014336917563e-05
real_9000,6,CCGGGT,86,6.164874551971327e-05
real_9000,6,CCGGTA,147,0.0001053763440860215
real_9000,6,CCGGTC,149,0.00010681003584229391
real_9000,6,CCGGTG,296,0.0002121863799283154
real_9000,6,CCGGTT,418,0.0002996415770609319
real_9000,6,CCGTAA,185,0.00013261648745519714
real_9000,6,CCGTAC,140,0.0001003584229390681
real_9000,6,CCGTAG,103,7.383512544802867e-05
real_9000,6,CCGTAT,163,0.00011684587813620071
real_9000,6,CCGTCA,301,0.0002157706093189964
real_9000,6,CCGTCC,176,0.00012616487455197132
real_9000,6,CCGTCG,457,0.00032759856630824375
real_9000,6,CCGTCT,186,0.00013333333333333334
real_9000,6,CCGTGA,207,0.00014838709677419355
real_9000,6,CCGTGC,58,4.157706093189964e-05
real_9000,6,CCGTGG,114,8.172043010752688e-05
real_9000,6,CCGTGT,152,0.00010896057347670251
real_9000,6,CCGTTA,246,0.00017634408602150537
real_9000,6,CCGTTC,238,0.00017060931899641577
real_9000,6,CCGTTG,246,0.00017634408602150537
real_9000,6,CCGTTT,433,0.00031039426523297493
real_9000,6,CCTAAA,474,0.00033978494623655914
real_9000,6,CCTAAC,233,0.00016702508960573476
real_9000,6,CCTAAG,170,0.00012186379928315412
real_9000,6,CCTAAT,433,0.00031039426523297493
real_9000,6,CCTACA,140,0.0001003584229390681
real_9000,6,CCTACC,128,9.175627240143369e-05
real_9000,6,CCTACG,95,6.810035842293906e-05
real_9000,6,CCTACT,186,0.00013333333333333334
real_9000,6,CCTAGA,175,0.00012544802867383513
real_9000,6,CCTAGC,121,8.673835125448029e-05
real_9000,6,CCTAGG,79,5.663082437275986e-05
real_9000,6,CCTAGT,123,8.817204301075268e-05
real_9000,6,CCTATA,156,0.00011182795698924731
real_9000,6,CCTATC,153,0.00010967741935483871
real_9000,6,CCTATG,118,8.458781362007169e-05
real_9000,6,CCTATT,195,0.00013978494623655913
real_9000,6,CCTCAA,446,0.00031971326164874554
real_9000,6,CCTCAC,281,0.0002014336917562724
real_9000,6,CCTCAG,228,0.00016344086021505375
real_9000,6,CCTCAT,294,0.000210752688172043
real_9000,6,CCTCCA,397,0.0002845878136200717
real_9000,6,CCTCCC,181,0.00012974910394265233
real_9000,6,CCTCCG,443,0.0003175627240143369
real_9000,6,CCTCCT,681,0.00048817204301075266
real_9000,6,CCTCGA,244,0.00017491039426523297
real_9000,6,CCTCGC,149,0.00010681003584229391
real_9000,6,CCTCGG,109,7.813620071684588e-05
real_9000,6,CCTCGT,254,0.000182078853046595
real_9000,6,CCTCTA,263,0.00018853046594982079
real_9000,6,CCTCTC,796,0.0005706093189964158
real_9000,6,CCTCTG,390,0.00027956989247311827
real_9000,6,CCTCTT,764,0.0005476702508960574
real_9000,6,CCTGAA,226,0.00016200716845878136
real_9000,6,CCTGAC,95,6.810035842293906e-05
real_9000,6,CCTGAG,152,0.00010896057347670251
real_9000,6,CCTGAT,193,0.00013835125448028674
real_9000,6,CCTGCA,85,6.093189964157706e-05
real_9000,6,CCTGCC,55,3.942652329749104e-05
real_9000,6,CCTGCG,76,5.448028673835126e-05
real_9000,6,CCTGCT,109,7.813620071684588e-05
real_9000,6,CCTGGA,123,8.817204301075268e-05
real_9000,6,CCTGGC,53,3.799283154121864e-05
real_9000,6,CCTGGG,66,4.7311827956989246e-05
real_9000,6,CCTGGT,112,8.028673835125448e-05
real_9000,6,CCTGTA,90,6.451612903225807e-05
real_9000,6,CCTGTC,101,7.240143369175627e-05
real_9000,6,CCTGTG,99,7.096774193548388e-05
real_9000,6,CCTGTT,207,0.00014838709677419355
real_9000,6,CCTTAA,329,0.00023584229390681005
real_9000,6,CCTTAC,216,0.00015483870967741937
real_9000,6,CCTTAG,161,0.00011541218637992832
real_9000,6,CCTTAT,344,0.00024659498207885307
real_9000,6,CCTTCA,464,0.0003326164874551971
real_9000,6,CCTTCC,402,0.0002881720430107527
real_9000,6,CCTTCG,259,0.00018566308243727597
real_9000,6,CCTTCT,866,0.0006207885304659499
real_9000,6,CCTTGA,217,0.00015555555555555556
real_9000,6,CCTTGC,129,9.247311827956989e-05
real_9000,6,CCTTGG,184,0.00013189964157706092
real_9000,6,CCTTGT,306,0.00021935483870967742
real_9000,6,CCTTTA,345,0.00024731182795698927
real_9000,6,CCTTTC,497,0.00035627240143369177
real_9000,6,CCTTTG,363,0.00026021505376344086
real_9000,6,CCTTTT,868,0.0006222222222222223
real_9000,6,CGAAAA,597,0.00042795698924731184
real_9000,6,CGAAAC,413,0.0002960573476702509
real_9000,6,CGAAAG,289,0.000207168458781362
real_9000,6,CGAAAT,468,0.0003354838709677419
real_9000,6,CGAACA,198,0.00014193548387096775
real_9000,6,CGAACC,240,0.00017204301075268816
real_9000,6,CGAACG,121,8.673835125448029e-05
real_9000,6,CGAACT,158,0.00011326164874551972
real_9000,6,CGAAGA,651,0.00046666666666666666
real_9000,6,CGAAGC,272,0.0001949820788530466
real_9000,6,CGAAGG,185,0.00013261648745519714
real_9000,6,CGAAGT,173,0.00012401433691756273
real_9000,6,CGAATA,226,0.00016200716845878136
real_9000,6,CGAATC,548,0.000392831541218638
real_9000,6,CGAATG,126,9.032258064516129e-05
real_9000,6,CGAATT,558,0.0004
real_9000,6,CGACAA,336,0.00024086021505376345
real_9000,6,CGACAC,174,0.00012473118279569893
real_9000,6,CGACAG,126,9.032258064516129e-05
real_9000,6,CGACAT,186,0.00013333333333333334
real_9000,6,CGACCA,197,0.00014121863799283155
real_9000,6,CGACCC,164,0.00011756272401433691
real_9000,6,CGACCG,106,7.598566308243728e-05
real_9000,6,CGACCT,114,8.172043010752688e-05
real_9000,6,CGACGA,547,0.0003921146953405018
real_9000,6,CGACGC,170,0.00012186379928315412
real_9000,6,CGACGG,277,0.0001985663082437276
real_9000,6,CGACGT,218,0.00015627240143369176
real_9000,6,CGACTA,136,9.74910394265233e-05
real_9000,6,CGACTC,242,0.00017347670250896058
real_9000,6,CGACTG,99,7.096774193548388e-05
real_9000,6,CGACTT,229,0.00016415770609318997
real_9000,6,CGAGAA,458,0.00032831541218637995
real_9000,6,CGAGAC,89,6.379928315412186e-05
real_9000,6,CGAGAG,267,0.0001913978494623656
real_9000,6,CGAGAT,301,0.0002157706093189964
real_9000,6,CGAGCA,137,9.82078853046595e-05
real_9000,6,CGAGCC,131,9.39068100358423e-05
real_9000,6,CGAGCG,76,5.448028673835126e-05
real_9000,6,CGAGCT,259,0.00018566308243727597
real_9000,6,CGAGGA,252,0.00018064516129032257
real_9000,6,CGAGGC,97,6.953405017921147e-05
real_9000,6,CGAGGG,66,4.7311827956989246e-05
real_9000,6,CGAGGT,116,8.315412186379928e-05
real_9000,6,CGAGTA,146,0.00010465949820788531
real_9000,6,CGAGTC,211,0.00015125448028673836
real_9000,6,CGAGTG,114,8.172043010752688e-05
real_9000,6,CGAGTT,305,0.00021863799283154122
real_9000,6,CGATAA,300,0.00021505376344086021
real_9000,6,CGATAC,147,0.0001053763440860215
real_9000,6,CGATAG,120,8.602150537634408e-05
real_9000,6,CGATAT,218,0.00015627240143369176
real_9000,6,CGATCA,349,0.00025017921146953405
real_9000,6,CGATCC,330,0.00023655913978494624
real_9000,6,CGATCG,270,0.0001935483870967742
real_9000,6,CGATCT,568,0.000407168458781362
real_9000,6,CGATGA,429,0.0003075268817204301
real_9000,6,CGATGC,198,0.00014193548387096775
real_9000,6,CGATGG,280,0.0002007168458781362
real_9000,6,CGATGT,226,0.00016200716845878136
real_9000,6,CGATTA,360,0.00025806451612903227
real_9000,6,CGATTC,745,0.0005340501792114696
real_9000,6,CGATTG,286,0.0002050179211469534
real_9000,6,CGATTT,997,0.0007146953405017921
real_9000,6,CGCAAA,235,0.00016845878136200718
real_9000,6,CGCAAC,142,0.0001017921146953405
real_9000,6,CGCAAG,114,8.172043010752688e-05
real_9000,6,CGCAAT,133,9.53405017921147e-05
real_9000,6,CGCACA,75,5.3763440860215054e-05
real_9000,6,CGCACC,69,4.946236559139785e-05
real_9000,6,CGCACG,63,4.516129032258064e-05
real_9000,6,CGCACT,77,5.519713261648745e-05
real_9000,6,CGCAGA,160,0.00011469534050179211
real_9000,6,CGCAGC,137,9.82078853046595e-05
real_9000,6,CGCAGG,51,3.655913978494624e-05
real_9000,6,CGCAGT,84,6.021505376344086e-05
real_9000,6,CGCATA,73,5.2329749103942654e-05
real_9000,6,CGCATC,151,0.0001082437275985663
real_9000,6,CGCATG,67,4.802867383512545e-05
real_9000,6,CGCATT,120,8.602150537634408e-05
real_9000,6,CGCCAA,191,0.00013691756272401435
real_9000,6,CGCCAC,245,0.00017562724014336917
real_9000,6,CGCCAG,62,4.4444444444444447e-05
real_9000,6,CGCCAT,213,0.00015268817204301075
real_9000,6,CGCCCA,51,3.655913978494624e-05
real_9000,6,CGCCCC,28,2.007168458781362e-05
real_9000,6,CGCCCG,18,1.2903225806451613e-05
real_9000,6,CGCCCT,44,3.154121863799283e-05
real_9000,6,CGCCGA,275,0.0001971326164874552
real_9000,6,CGCCGC,392,0.00028100358422939066
real_9000,6,CGCCGG,386,0.0002767025089605735
real_9000,6,CGCCGT,425,0.0003046594982078853
real_9000,6,CGCCTA,56,4.014336917562724e-05
real_9000,6,CGCCTC,224,0.00016057347670250896
real_9000,6,CGCCTG,60,4.301075268817204e-05
real_9000,6,CGCCTT,191,0.00013691756272401435
real_9000,6,CGCGAA,100,7.168458781362007e-05
real_9000,6,CGCGAC,65,4.659498207885305e-05
real_9000,6,CGCGAG,77,5.519713261648745e-05
real_9000,6,CGCGAT,111,7.956989247311829e-05
real_9000,6,CGCGCA,34,2.4372759856630826e-05
real_9000,6,CGCGCC,90,6.451612903225807e-05
real_9000,6,CGCGCG,43,3.0824372759856634e-05
real_9000,6,CGCGCT,88,6.308243727598566e-05
real_9000,6,CGCGGA,69,4.946236559139785e-05
real_9000,6,CGCGGC,85,6.093189964157706e-05
real_9000,6,CGCGGG,22,1.5770609318996415e-05
real_9000,6,CGCGGT,72,5.161290322580645e-05
real_9000,6,CGCGTA,69,4.946236559139785e-05
real_9000,6,CGCGTC,103,7.383512544802867e-05
real_9000,6,CGCGTG,106,7.598566308243728e-05
real_9000,6,CGCGTT,141,0.0001010752688172043
real_9000,6,CGCTAA,157,0.00011254480286738351
real_9000,6,CGCTAC,93,6.666666666666667e-05
real_9000,6,CGCTAG,74,5.304659498207885e-05
real_9000,6,CGCTAT,99,7.096774193548388e-05
real_9000,6,CGCTCA,107,7.670250896057347e-05
real_9000,6,CGCTCC,145,0.0001039426523297491
real_9000,6,CGCTCG,102,7.311827956989248e-05
real_9000,6,CGCTCT,268,0.0001921146953405018
real_9000,6,CGCTGA,153,0.00010967741935483871
real_9000,6,CGCTGC,129,9.247311827956989e-05
real_9000,6,CGCTGG,99,7.096774193548388e-05
real_9000,6,CGCTGT,127,9.10394265232975e-05
real_9000,6,CGCTTA,139,9.964157706093189e-05
real_9000,6,CGCTTC,400,0.0002867383512544803
real_9000,6,CGCTTG,128,9.175627240143369e-05
real_9000,6,CGCTTT,333,0.00023870967741935483
real_9000,6,CGGAAA,443,0.0003175627240143369
real_9000,6,CGGAAC,155,0.00011111111111111112
real_9000,6,CGGAAG,241,0.00017275985663082438
real_9000,6,CGGAAT,292,0.00020931899641577062
real_9000,6,CGGACA,102,7.311827956989248e-05
real_9000,6,CGGACC,97,6.953405017921147e-05
real_9000,6,CGGACG,84,6.021505376344086e-05
real_9000,6,CGGACT,92,6.594982078853046e-05
real_9000,6,CGGAGA,508,0.00036415770609319
real_9000,6,CGGAGC,249,0.00017849462365591398
real_9000,6,CGGAGG,305,0.00021863799283154122
real_9000,6,CGGAGT,187,0.00013405017921146954
real_9000,6,CGGATA,153,0.00010967741935483871
real_9000,6,CGGATC,329,0.00023584229390681005
real_9000,6,CGGATG,117,8.387096774193548e-05
real_9000,6,CGGATT,336,0.00024086021505376345
real_9000,6,CGGCAA,186,0.00013333333333333334
real_9000,6,CGGCAC,70,5.017921146953405e-05
real_9000,6,CGGCAG,89,6.379928315412186e-05
real_9000,6,CGGCAT,99,7.096774193548388e-05
real_9000,6,CGGCCA,136,9.74910394265233e-05
real_9000,6,CGGCCC,90,6.451612903225807e-05
real_9000,6,CGGCCG,89,6.379928315412186e-05
real_9000,6,CGGCCT,50,3.5842293906810036e-05
real_9000,6,CGGCGA,482,0.00034551971326164877
real_9000,6,CGGCGC,140,0.0001003584229390681
real_9000,6,CGGCGG,403,0.0002888888888888889
real_9000,6,CGGCGT,201,0.00014408602150537634
real_9000,6,CGGCTA,105,7.526881720430108e-05
real_9000,6,CGGCTC,184,0.00013189964157706092
real_9000,6,CGGCTG,133,9.53405017921147e-05
real_9000,6,CGGCTT,192,0.00013763440860215055
real_9000,6,CGGGAA,214,0.00015340501792114695
real_9000,6,CGGGAC,63,4.516129032258064e-05
real_9000,6,CGGGAG,84,6.021505376344086e-05
real_9000,6,CGGGAT,112,8.028673835125448e-05
real_9000,6,CGGGCA,25,1.7921146953405018e-05
real_9000,6,CGGGCC,45,3.2258064516129034e-05
real_9000,6,CGGGCG,28,2.007168458781362e-05
real_9000,6,CGGGCT,44,3.154121863799283e-05
real_9000,6,CGGGGA,59,4.2293906810035844e-05
real_9000,6,CGGGGC,20,1.4336917562724014e-05
real_9000,6,CGGGGG,18,1.2903225806451613e-05
real_9000,6,CGGGGT,30,2.150537634408602e-05
real_9000,6,CGGGTA,59,4.2293906810035844e-05
real_9000,6,CGGGTC,141,0.0001010752688172043
real_9000,6,CGGGTG,41,2.9390681003584228e-05
real_9000,6,CGGGTT,148,0.0001060931899641577
real_9000,6,CGGTAA,185,0.00013261648745519714
real_9000,6,CGGTAC,104,7.455197132616487e-05
real_9000,6,CGGTAG,94,6.738351254480287e-05
real_9000,6,CGGTAT,108,7.741935483870968e-05
real_9000,6,CGGTCA,176,0.00012616487455197132
real_9000,6,CGGTCC,109,7.813620071684588e-05
real_9000,6,CGGTCG,78,5.5913978494623656e-05
real_9000,6,CGGTCT,88,6.308243727598566e-05
real_9000,6,CGGTGA,357,0.0002559139784946237
real_9000,6,CGGTGC,106,7.598566308243728e-05
real_9000,6,CGGTGG,380,0.00027240143369175625
real_9000,6,CGGTGT,188,0.00013476702508960573
real_9000,6,CGGTTA,222,0.00015913978494623657
real_9000,6,CGGTTC,302,0.0002164874551971326
real_9000,6,CGGTTG,160,0.00011469534050179211
real_9000,6,CGGTTT,493,0.00035340501792114693
real_9000,6,CGTAAA,270,0.0001935483870967742
real_9000,6,CGTAAC,172,0.00012329749103942654
real_9000,6,CGTAAG,134,9.60573476702509e-05
real_9000,6,CGTAAT,266,0.0001906810035842294
real_9000,6,CGTACA,103,7.383512544802867e-05
real_9000,6,CGTACC,109,7.813620071684588e-05
real_9000,6,CGTACG,103,7.383512544802867e-05
real_9000,6,CGTACT,126,9.032258064516129e-05
real_9000,6,CGTAGA,176,0.00012616487455197132
real_9000,6,CGTAGC,131,9.39068100358423e-05
real_9000,6,CGTAGG,70,5.017921146953405e-05
real_9000,6,CGTAGT,121,8.673835125448029e-05
real_9000,6,CGTATA,179,0.00012831541218637994
real_9000,6,CGTATC,224,0.00016057347670250896
real_9000,6,CGTATG,125,8.960573476702509e-05
real_9000,6,CGTATT,239,0.00017132616487455196
real_9000,6,CGTCAA,385,0.0002759856630824373
real_9000,6,CGTCAC,302,0.0002164874551971326
real_9000,6,CGTCAG,171,0.0001225806451612903
real_9000,6,CGTCAT,301,0.0002157706093189964
real_9000,6,CGTCCA,161,0.00011541218637992832
real_9000,6,CGTCCC,128,9.175627240143369e-05
real_9000,6,CGTCCG,118,8.458781362007169e-05
real_9000,6,CGTCCT,186,0.00013333333333333334
real_9000,6,CGTCGA,373,0.0002673835125448029
real_9000,6,CGTCGC,292,0.00020931899641577062
real_9000,6,CGTCGG,248,0.00017777777777777779
real_9000,6,CGTCGT,503,0.00036057347670250895
real_9000,6,CGTCTA,171,0.0001225806451612903
real_9000,6,CGTCTC,0,0.0
real_9000,6,CGTCTG,173,0.00012401433691756273
real_9000,6,CGTCTT,583,0.00041792114695340504
real_9000,6,CGTGAA,270,0.0001935483870967742
real_9000,6,CGTGAC,158,0.00011326164874551972
real_9000,6,CGTGAG,166,0.00011899641577060932
real_9000,6,CGTGAT,229,0.00016415770609318997
real_9000,6,CGTGCA,79,5.663082437275986e-05
real_9000,6,CGTGCC,77,5.519713261648745e-05
real_9000,6,CGTGCG,58,4.157706093189964e-05
real_9000,6,CGTGCT,129,9.247311827956989e-05
real_9000,6,CGTGGA,214,0.00015340501792114695
real_9000,6,CGTGGC,202,0.00014480286738351254
real_9000,6,CGTGGG,93,6.666666666666667e-05
real_9000,6,CGTGGT,153,0.00010967741935483871
real_9000,6,CGTGTA,193,0.00013835125448028674
real_9000,6,CGTGTC,284,0.000203584229390681
real_9000,6,CGTGTG,169,0.00012114695340501792
real_9000,6,CGTGTT,333,0.00023870967741935483
real_9000,6,CGTTAA,306,0.00021935483870967742
real_9000,6,CGTTAC,239,0.00017132616487455196
real_9000,6,CGTTAG,167,0.00011971326164874551
real_9000,6,CGTTAT,230,0.00016487455197132617
real_9000,6,CGTTCA,206,0.00014767025089605735
real_9000,6,CGTTCC,192,0.00013763440860215055
real_9000,6,CGTTCG,134,9.60573476702509e-05
real_9000,6,CGTTCT,332,0.00023799283154121863
real_9000,6,CGTTGA,428,0.0003068100358422939
real_9000,6,CGTTGC,179,0.00012831541218637994
real_9000,6,CGTTGG,202,0.00014480286738351254
real_9000,6,CGTTGT,284,0.000203584229390681
real_9000,6,CGTTTA,342,0.0002451612903225806
real_9000,6,CGTTTC,572,0.0004100358422939068
real_9000,6,CGTTTG,350,0.00025089605734767025
real_9000,6,CGTTTT,758,0.0005433691756272401
real_9000,6,CTAAAA,790,0.0005663082437275986
real_9000,6,CTAAAC,503,0.00036057347670250895
real_9000,6,CTAAAG,406,0.00029103942652329746
real_9000,6,CTAAAT,547,0.0003921146953405018
real_9000,6,CTAACA,252,0.00018064516129032257
real_9000,6,CTAACC,228,0.00016344086021505375
real_9000,6,CTAACG,148,0.0001060931899641577
real_9000,6,CTAACT,268,0.0001921146953405018
real_9000,6,CTAAGA,290,0.0002078853046594982
real_9000,6,CTAAGC,206,0.00014767025089605735
real_9000,6,CTAAGG,127,9.10394265232975e-05
real_9000,6,CTAAGT,205,0.00014695340501792115
real_9000,6,CTAATA,348,0.00024946236559139786
real_9000,6,CTAATC,493,0.00035340501792114693
real_9000,6,CTAATG,288,0.0002064516129032258
real_9000,6,CTAATT,748,0.0005362007168458781
real_9000,6,CTACAA,370,0.0002652329749103943
real_9000,6,CTACAC,206,0.00014767025089605735
real_9000,6,CTACAG,154,0.0001103942652329749
real_9000,6,CTACAT,200,0.00014336917562724014
real_9000,6,CTACCA,218,0.00015627240143369176
real_9000,6,CTACCC,117,8.387096774193548e-05
real_9000,6,CTACCG,140,0.0001003584229390681
real_9000,6,CTACCT,187,0.00013405017921146954
real_9000,6,CTACGA,213,0.00015268817204301075
real_9000,6,CTACGC,132,9.462365591397849e-05
real_9000,6,CTACGG,140,0.0001003584229390681
real_9000,6,CTACGT,141,0.0001010752688172043
real_9000,6,CTACTA,272,0.0001949820788530466
real_9000,6,CTACTC,348,0.00024946236559139786
real_9000,6,CTACTG,183,0.00013118279569892472
real_9000,6,CTACTT,410,0.0002939068100358423
real_9000,6,CTAGAA,285,0.00020430107526881721
real_9000,6,CTAGAC,116,8.315412186379928e-05
real_9000,6,CTAGAG,188,0.00013476702508960573
real_9000,6,CTAGAT,317,0.00022724014336917563
real_9000,6,CTAGCA,87,6.236559139784946e-05
real_9000,6,CTAGCC,114,8.172043010752688e-05
real_9000,6,CTAGCG,72,5.161290322580645e-05
real_9000,6,CTAGCT,228,0.00016344086021505375
real_9000,6,CTAGGA,113,8.100358422939068e-05
real_9000,6,CTAGGC,72,5.161290322580645e-05
real_9000,6,CTAGGG,234,0.00016774193548387096
real_9000,6,CTAGGT,133,9.53405017921147e-05
real_9000,6,CTAGTA,168,0.00012043010752688172
real_9000,6,CTAGTC,154,0.0001103942652329749
real_9000,6,CTAGTG,138,9.89247311827957e-05
real_9000,6,CTAGTT,321,0.00023010752688172042
real_9000,6,CTATAA,332,0.00023799283154121863
real_9000,6,CTATAC,156,0.00011182795698924731
real_9000,6,CTATAG,166,0.00011899641577060932
real_9000,6,CTATAT,364,0.00026093189964157705
real_9000,6,CTATCA,292,0.00020931899641577062
real_9000,6,CTATCC,185,0.00013261648745519714
real_9000,6,CTATCG,165,0.00011827956989247312
real_9000,6,CTATCT,525,0.0003763440860215054
real_9000,6,CTATGA,242,0.00017347670250896058
real_9000,6,CTATGC,121,8.673835125448029e-05
real_9000,6,CTATGG,250,0.00017921146953405018
real_9000,6,CTATGT,219,0.00015698924731182796
real_9000,6,CTATTA,296,0.0002121863799283154
real_9000,6,CTATTC,276,0.0001978494623655914
real_9000,6,CTATTG,301,0.0002157706093189964
real_9000,6,CTATTT,592,0.0004243727598566308
real_9000,6,CTCAAA,885,0.0006344086021505376
real_9000,6,CTCAAC,398,0.0002853046594982079
real_9000,6,CTCAAG,436,0.0003125448028673835
real_9000,6,CTCAAT,641,0.00045949820788530464
real_9000,6,CTCACA,346,0.00024802867383512547
real_9000,6,CTCACC,341,0.00024444444444444443
real_9000,6,CTCACG,193,0.00013835125448028674
real_9000,6,CTCACT,467,0.0003347670250896057
real_9000,6,CTCAGA,488,0.00034982078853046595
real_9000,6,CTCAGC,311,0.00022293906810035843
real_9000,6,CTCAGG,157,0.00011254480286738351
real_9000,6,CTCAGT,259,0.00018566308243727597
real_9000,6,CTCATA,312,0.00022365591397849463
real_9000,6,CTCATC,641,0.00045949820788530464
real_9000,6,CTCATG,262,0.0001878136200716846
real_9000,6,CTCATT,449,0.0003218637992831541
real_9000,6,CTCCAA,596,0.00042724014336917564
real_9000,6,CTCCAC,471,0.00033763440860215055
real_9000,6,CTCCAG,259,0.00018566308243727597
real_9000,6,CTCCAT,517,0.00037060931899641575
real_9000,6,CTCCCA,299,0.00021433691756272402
real_9000,6,CTCCCC,128,9.175627240143369e-05
real_9000,6,CTCCCG,151,0.0001082437275985663
real_9000,6,CTCCCT,321,0.00023010752688172042
real_9000,6,CTCCGA,540,0.0003870967741935484
real_9000,6,CTCCGC,357,0.0002559139784946237
real_9000,6,CTCCGG,443,0.0003175627240143369
real_9000,6,CTCCGT,469,0.00033620071684587816
real_9000,6,CTCCTA,273,0.0001956989247311828
real_9000,6,CTCCTC,1043,0.0007476702508960574
real_9000,6,CTCCTG,238,0.00017060931899641577
real_9000,6,CTCCTT,852,0.000610752688172043
real_9000,6,CTCGAA,366,0.00026236559139784945
real_9000,6,CTCGAC,215,0.00015412186379928314
real_9000,6,CTCGAG,255,0.0001827956989247312
real_9000,6,CTCGAT,490,0.00035125448028673834
real_9000,6,CTCGCA,128,9.175627240143369e-05
real_9000,6,CTCGCC,289,0.000207168458781362
real_9000,6,CTCGCG,113,8.100358422939068e-05
real_9000,6,CTCGCT,295,0.0002114695340501792
real_9000,6,CTCGGA,198,0.00014193548387096775
real_9000,6,CTCGGC,155,0.00011111111111111112
real_9000,6,CTCGGG,70,5.017921146953405e-05
real_9000,6,CTCGGT,150,0.00010752688172043011
real_9000,6,CTCGTA,195,0.00013978494623655913
real_9000,6,CTCGTC,398,0.0002853046594982079
real_9000,6,CTCGTG,245,0.00017562724014336917
real_9000,6,CTCGTT,415,0.0002974910394265233
real_9000,6,CTCTAA,512,0.00036702508960573477
real_9000,6,CTCTAC,372,0.0002666666666666667
real_9000,6,CTCTAG,278,0.00019928315412186379
real_9000,6,CTCTAT,563,0.000403584229390681
real_9000,6,CTCTCA,880,0.0006308243727598566
real_9000,6,CTCTCC,940,0.0006738351254480287
real_9000,6,CTCTCG,543,0.00038924731182795697
real_9000,6,CTCTCT,3263,0.002339068100358423
real_9000,6,CTCTGA,521,0.0003734767025089606
real_9000,6,CTCTGC,468,0.0003354838709677419
real_9000,6,CTCTGG,274,0.000196415770609319
real_9000,6,CTCTGT,877,0.000628673835125448
real_9000,6,CTCTTA,592,0.0004243727598566308
real_9000,6,CTCTTC,1658,0.0011885304659498208
real_9000,6,CTCTTG,498,0.00035698924731182797
real_9000,6,CTCTTT,1472,0.0010551971326164874
real_9000,6,CTGAAA,534,0.0003827956989247312
real_9000,6,CTGAAC,166,0.00011899641577060932
real_9000,6,CTGAAG,357,0.0002559139784946237
real_9000,6,CTGAAT,475,0.00034050179211469534
real_9000,6,CTGACA,148,0.0001060931899641577
real_9000,6,CTGACC,122,8.745519713261649e-05
real_9000,6,CTGACG,150,0.00010752688172043011
real_9000,6,CTGACT,173,0.00012401433691756273
real_9000,6,CTGAGA,367,0.00026308243727598564
real_9000,6,CTGAGC,147,0.0001053763440860215
real_9000,6,CTGAGG,146,0.00010465949820788531
real_9000,6,CTGAGT,248,0.00017777777777777779
real_9000,6,CTGATA,274,0.000196415770609319
real_9000,6,CTGATC,386,0.0002767025089605735
real_9000,6,CTGATG,262,0.0001878136200716846
real_9000,6,CTGATT,683,0.0004896057347670251
real_9000,6,CTGCAA,304,0.00021792114695340503
real_9000,6,CTGCAC,90,6.451612903225807e-05
real_9000,6,CTGCAG,117,8.387096774193548e-05
real_9000,6,CTGCAT,140,0.0001003584229390681
real_9000,6,CTGCCA,132,9.462365591397849e-05
real_9000,6,CTGCCC,61,4.3727598566308243e-05
real_9000,6,CTGCCG,103,7.383512544802867e-05
real_9000,6,CTGCCT,115,8.243727598566309e-05
real_9000,6,CTGCGA,187,0.00013405017921146954
real_9000,6,CTGCGC,67,4.802867383512545e-05
real_9000,6,CTGCGG,85,6.093189964157706e-05
real_9000,6,CTGCGT,141,0.0001010752688172043
real_9000,6,CTGCTA,165,0.00011827956989247312
real_9000,6,CTGCTC,294,0.000210752688172043
real_9000,6,CTGCTG,219,0.00015698924731182796
real_9000,6,CTGCTT,457,0.00032759856630824375
real_9000,6,CTGGAA,308,0.0002207885304659498
real_9000,6,CTGGAC,101,7.240143369175627e-05
real_9000,6,CTGGAG,205,0.00014695340501792115
real_9000,6,CTGGAT,255,0.0001827956989247312
real_9000,6,CTGGCA,72,5.161290322580645e-05
real_9000,6,CTGGCC,84,6.021505376344086e-05
real_9000,6,CTGGCG,91,6.523297491039426e-05
real_9000,6,CTGGCT,132,9.462365591397849e-05
real_9000,6,CTGGGA,163,0.00011684587813620071
real_9000,6,CTGGGC,102,7.311827956989248e-05
real_9000,6,CTGGGG,84,6.021505376344086e-05
real_9000,6,CTGGGT,262,0.0001878136200716846
real_9000,6,CTGGTA,120,8.602150537634408e-05
real_9000,6,CTGGTC,171,0.0001225806451612903
real_9000,6,CTGGTG,232,0.00016630824372759856
real_9000,6,CTGGTT,353,0.00025304659498207884
real_9000,6,CTGTAA,279,0.0002
real_9000,6,CTGTAC,121,8.673835125448029e-05
real_9000,6,CTGTAG,157,0.00011254480286738351
real_9000,6,CTGTAT,268,0.0001921146953405018
real_9000,6,CTGTCA,185,0.00013261648745519714
real_9000,6,CTGTCC,123,8.817204301075268e-05
real_9000,6,CTGTCG,128,9.175627240143369e-05
real_9000,6,CTGTCT,371,0.0002659498207885305
real_9000,6,CTGTGA,302,0.0002164874551971326
real_9000,6,CTGTGC,67,4.802867383512545e-05
real_9000,6,CTGTGG,163,0.00011684587813620071
real_9000,6,CTGTGT,303,0.0002172043010752688
real_9000,6,CTGTTA,286,0.0002050179211469534
real_9000,6,CTGTTC,413,0.0002960573476702509
real_9000,6,CTGTTG,375,0.00026881720430107527
real_9000,6,CTGTTT,925,0.0006630824372759857
real_9000,6,CTTAAA,652,0.00046738351254480286
real_9000,6,CTTAAC,305,0.00021863799283154122
real_9000,6,CTTAAG,273,0.0001956989247311828
real_9000,6,CTTAAT,494,0.0003541218637992832
real_9000,6,CTTACA,296,0.0002121863799283154
real_9000,6,CTTACC,265,0.00018996415770609318
real_9000,6,CTTACG,228,0.00016344086021505375
real_9000,6,CTTACT,398,0.0002853046594982079
real_9000,6,CTTAGA,306,0.00021935483870967742
real_9000,6,CTTAGC,207,0.00014838709677419355
real_9000,6,CTTAGG,178,0.00012759856630824371
real_9000,6,CTTAGT,245,0.00017562724014336917
real_9000,6,CTTATA,378,0.00027096774193548386
real_9000,6,CTTATC,540,0.0003870967741935484
real_9000,6,CTTATG,323,0.00023154121863799284
real_9000,6,CTTATT,602,0.0004315412186379928
real_9000,6,CTTCAA,1046,0.000749820788530466
real_9000,6,CTTCAC,698,0.0005003584229390681
real_9000,6,CTTCAG,407,0.0002917562724014337
real_9000,6,CTTCAT,884,0.0006336917562724014
real_9000,6,CTTCCA,522,0.0003741935483870968
real_9000,6,CTTCCC,419,0.0003003584229390681
real_9000,6,CTTCCG,363,0.00026021505376344086
real_9000,6,CTTCCT,1119,0.0008021505376344086
real_9000,6,CTTCGA,602,0.0004315412186379928
real_9000,6,CTTCGC,293,0.0002100358422939068
real_9000,6,CTTCGG,191,0.00013691756272401435
real_9000,6,CTTCGT,638,0.00045734767025089605
real_9000,6,CTTCTA,654,0.00046881720430107525
real_9000,6,CTTCTC,1939,0.0013899641577060932
real_9000,6,CTTCTG,613,0.00043942652329749104
real_9000,6,CTTCTT,3324,0.002382795698924731
real_9000,6,CTTGAA,548,0.000392831541218638
real_9000,6,CTTGAC,227,0.00016272401433691755
real_9000,6,CTTGAG,289,0.000207168458781362
real_9000,6,CTTGAT,497,0.00035627240143369177
real_9000,6,CTTGCA,179,0.00012831541218637994
real_9000,6,CTTGCC,175,0.00012544802867383513
real_9000,6,CTTGCG,116,8.315412186379928e-05
real_9000,6,CTTGCT,368,0.00026379928315412184
real_9000,6,CTTGGA,296,0.0002121863799283154
real_9000,6,CTTGGC,194,0.00013906810035842294
real_9000,6,CTTGGG,191,0.00013691756272401435
real_9000,6,CTTGGT,348,0.00024946236559139786
real_9000,6,CTTGTA,300,0.00021505376344086021
real_9000,6,CTTGTC,371,0.0002659498207885305
real_9000,6,CTTGTG,367,0.00026308243727598564
real_9000,6,CTTGTT,789,0.0005655913978494624
real_9000,6,CTTTAA,625,0.00044802867383512545
real_9000,6,CTTTAC,400,0.0002867383512544803
real_9000,6,CTTTAG,402,0.0002881720430107527
real_9000,6,CTTTAT,668,0.00047885304659498205
real_9000,6,CTTTCA,660,0.0004731182795698925
real_9000,6,CTTTCC,555,0.0003978494623655914
real_9000,6,CTTTCG,397,0.0002845878136200717
real_9000,6,CTTTCT,1500,0.001075268817204301
real_9000,6,CTTTGA,731,0.0005240143369175627
real_9000,6,CTTTGC,369,0.0002645161290322581
real_9000,6,CTTTGG,468,0.0003354838709677419
real_9000,6,CTTTGT,742,0.000531899641577061
real_9000,6,CTTTTA,755,0.0005412186379928315
real_9000,6,CTTTTC,1005,0.0007204301075268817
real_9000,6,CTTTTG,958,0.0006867383512544803
real_9000,6,CTTTTT,1804,0.001293189964157706
real_9000,6,GAAAAA,1703,0.0012207885304659498
real_9000,6,GAAAAC,710,0.0005089605734767025
real_9000,6,GAAAAG,738,0.0005290322580645162
real_9000,6,GAAAAT,1095,0.0007849462365591398
real_9000,6,GAAACA,692,0.0004960573476702509
real_9000,6,GAAACC,546,0.0003913978494623656
real_9000,6,GAAACG,321,0.00023010752688172042
real_9000,6,GAAACT,650,0.00046594982078853047
real_9000,6,GAAAGA,866,0.0006207885304659499
real_9000,6,GAAAGC,397,0.0002845878136200717
real_9000,6,GAAAGG,329,0.00023584229390681005
real_9000,6,GAAAGT,453,0.0003247311827956989
real_9000,6,GAAATA,512,0.00036702508960573477
real_9000,6,GAAATC,724,0.0005189964157706093
real_9000,6,GAAATG,459,0.00032903225806451614
real_9000,6,GAAATT,992,0.0007111111111111111
real_9000,6,GAACAA,620,0.00044444444444444447
real_9000,6,GAACAC,198,0.00014193548387096775
real_9000,6,GAACAG,234,0.00016774193548387096
real_9000,6,GAACAT,264,0.00018924731182795698
real_9000,6,GAACCA,362,0.00025949820788530466
real_9000,6,GAACCC,199,0.00014265232974910395
real_9000,6,GAACCG,254,0.000182078853046595
real_9000,6,GAACCT,216,0.00015483870967741937
real_9000,6,GAACGA,272,0.0001949820788530466
real_9000,6,GAACGC,76,5.448028673835126e-05
real_9000,6,GAACGG,123,8.817204301075268e-05
real_9000,6,GAACGT,141,0.0001010752688172043
real_9000,6,GAACTA,191,0.00013691756272401435
real_9000,6,GAACTC,283,0.0002028673835125448
real_9000,6,GAACTG,169,0.00012114695340501792
real_9000,6,GAACTT,349,0.00025017921146953405
real_9000,6,GAAGAA,2133,0.0015290322580645162
real_9000,6,GAAGAC,514,0.00036845878136200716
real_9000,6,GAAGAG,760,0.0005448028673835125
real_9000,6,GAAGAT,944,0.0006767025089605735
real_9000,6,GAAGCA,446,0.00031971326164874554
real_9000,6,GAAGCC,287,0.0002057347670250896
real_9000,6,GAAGCG,188,0.00013476702508960573
real_9000,6,GAAGCT,681,0.00048817204301075266
real_9000,6,GAAGGA,501,0.00035913978494623655
real_9000,6,GAAGGC,167,0.00011971326164874551
real_9000,6,GAAGGG,137,9.82078853046595e-05
real_9000,6,GAAGGT,272,0.0001949820788530466
real_9000,6,GAAGTA,270,0.0001935483870967742
real_9000,6,GAAGTC,285,0.00020430107526881721
real_9000,6,GAAGTG,255,0.0001827956989247312
real_9000,6,GAAGTT,485,0.00034767025089605736
real_9000,6,GAATAA,458,0.00032831541218637995
real_9000,6,GAATAC,188,0.00013476702508960573
real_9000,6,GAATAG,163,0.00011684587813620071
real_9000,6,GAATAT,449,0.0003218637992831541
real_9000,6,GAATCA,642,0.00046021505376344084
real_9000,6,GAATCC,446,0.00031971326164874554
real_9000,6,GAATCG,428,0.0003068100358422939
real_9000,6,GAATCT,905,0.0006487455197132616
real_9000,6,GAATGA,342,0.0002451612903225806
real_9000,6,GAATGC,113,8.100358422939068e-05
real_9000,6,GAATGG,235,0.00016845878136200718
real_9000,6,GAATGT,217,0.00015555555555555556
real_9000,6,GAATTA,479,0.0003433691756272401
real_9000,6,GAATTC,555,0.0003978494623655914
real_9000,6,GAATTG,542,0.00038853046594982077
real_9000,6,GAATTT,1038,0.0007440860215053764
real_9000,6,GACAAA,605,0.0004336917562724014
real_9000,6,GACAAC,266,0.0001906810035842294
real_9000,6,GACAAG,269,0.000192831541218638
real_9000,6,GACAAT,284,0.000203584229390681
real_9000,6,GACACA,200,0.00014336917562724014
real_9000,6,GACACC,112,8.028673835125448e-05
real_9000,6,GACACG,196,0.00014050179211469533
real_9000,6,GACACT,191,0.00013691756272401435
real_9000,6,GACAGA,239,0.00017132616487455196
real_9000,6,GACAGC,107,7.670250896057347e-05
real_9000,6,GACAGG,59,4.2293906810035844e-05
real_9000,6,GACAGT,139,9.964157706093189e-05
real_9000,6,GACATA,169,0.00012114695340501792
real_9000,6,GACATC,200,0.00014336917562724014
real_9000,6,GACATG,186,0.00013333333333333334
real_9000,6,GACATT,269,0.000192831541218638
real_9000,6,GACCAA,359,0.00025734767025089607
real_9000,6,GACCAC,160,0.00011469534050179211
real_9000,6,GACCAG,145,0.0001039426523297491
real_9000,6,GACCAT,179,0.00012831541218637994
real_9000,6,GACCCA,203,0.00014551971326164873
real_9000,6,GACCCC,73,5.2329749103942654e-05
real_9000,6,GACCCG,158,0.00011326164874551972
real_9000,6,GACCCT,107,7.670250896057347e-05
real_9000,6,GACCGA,104,7.455197132616487e-05
real_9000,6,GACCGC,51,3.655913978494624e-05
real_9000,6,GACCGG,108,7.741935483870968e-05
real_9000,6,GACCGT,120,8.602150537634408e-05
real_9000,6,GACCTA,135,9.67741935483871e-05
real_9000,6,GACCTC,147,0.0001053763440860215
real_9000,6,GACCTG,71,5.089605734767025e-05
real_9000,6,GACCTT,202,0.00014480286738351254
real_9000,6,GACGAA,449,0.0003218637992831541
real_9000,6,GACGAC,338,0.00024229390681003584
real_9000,6,GACGAG,215,0.00015412186379928314
real_9000,6,GACGAT,365,0.00026164874551971325
real_9000,6,GACGCA,104,7.455197132616487e-05
real_9000,6,GACGCC,108,7.741935483870968e-05
real_9000,6,GACGCG,79,5.663082437275986e-05
real_9000,6,GACGCT,155,0.00011111111111111112
real_9000,6,GACGGA,235,0.00016845878136200718
real_9000,6,GACGGC,185,0.00013261648745519714
real_9000,6,GACGGG,47,3.369175627240143e-05
real_9000,6,GACGGT,205,0.00014695340501792115
real_9000,6,GACGTA,99,7.096774193548388e-05
real_9000,6,GACGTC,171,0.0001225806451612903
real_9000,6,GACGTG,154,0.0001103942652329749
real_9000,6,GACGTT,208,0.00014910394265232974
real_9000,6,GACTAA,232,0.00016630824372759856
real_9000,6,GACTAC,157,0.00011254480286738351
real_9000,6,GACTAG,124,8.888888888888889e-05
real_9000,6,GACTAT,176,0.00012616487455197132
real_9000,6,GACTCA,257,0.00018422939068100358
real_9000,6,GACTCC,185,0.00013261648745519714
real_9000,6,GACTCG,180,0.00012903225806451613
real_9000,6,GACTCT,370,0.0002652329749103943
real_9000,6,GACTGA,173,0.00012401433691756273
real_9000,6,GACTGC,69,4.946236559139785e-05
real_9000,6,GACTGG,78,5.5913978494623656e-05
real_9000,6,GACTGT,151,0.0001082437275985663
real_9000,6,GACTTA,191,0.00013691756272401435
real_9000,6,GACTTC,265,0.00018996415770609318
real_9000,6,GACTTG,285,0.00020430107526881721
real_9000,6,GACTTT,508,0.00036415770609319
real_9000,6,GAGAAA,1159,0.0008308243727598566
real_9000,6,GAGAAC,316,0.00022652329749103944
real_9000,6,GAGAAG,909,0.0006516129032258064
real_9000,6,GAGAAT,650,0.00046594982078853047
real_9000,6,GAGACA,329,0.00023584229390681005
real_9000,6,GAGACC,0,0.0
real_9000,6,GAGACG,0,0.0
real_9000,6,GAGACT,315,0.00022580645161290321
real_9000,6,GAGAGA,1410,0.001010752688172043
real_9000,6,GAGAGC,293,0.0002100358422939068
real_9000,6,GAGAGG,326,0.00023369175627240143
real_9000,6,GAGAGT,373,0.0002673835125448029
real_9000,6,GAGATA,405,0.00029032258064516127
real_9000,6,GAGATC,532,0.0003813620071684588
real_9000,6,GAGATG,425,0.0003046594982078853
real_9000,6,GAGATT,814,0.0005835125448028674
real_9000,6,GAGCAA,339,0.00024301075268817204
real_9000,6,GAGCAC,91,6.523297491039426e-05
real_9000,6,GAGCAG,194,0.00013906810035842294
real_9000,6,GAGCAT,159,0.00011397849462365592
real_9000,6,GAGCCA,214,0.00015340501792114695
real_9000,6,GAGCCC,106,7.598566308243728e-05
real_9000,6,GAGCCG,158,0.00011326164874551972
real_9000,6,GAGCCT,122,8.745519713261649e-05
real_9000,6,GAGCGA,152,0.00010896057347670251
real_9000,6,GAGCGC,46,3.297491039426523e-05
real_9000,6,GAGCGG,75,5.3763440860215054e-05
real_9000,6,GAGCGT,107,7.670250896057347e-05
real_9000,6,GAGCTA,274,0.000196415770609319
real_9000,6,GAGCTC,373,0.0002673835125448029
real_9000,6,GAGCTG,249,0.00017849462365591398
real_9000,6,GAGCTT,548,0.000392831541218638
real_9000,6,GAGGAA,657,0.0004709677419354839
real_9000,6,GAGGAC,168,0.00012043010752688172
real_9000,6,GAGGAG,533,0.000382078853046595
real_9000,6,GAGGAT,349,0.00025017921146953405
real_9000,6,GAGGCA,128,9.175627240143369e-05
real_9000,6,GAGGCC,112,8.028673835125448e-05
real_9000,6,GAGGCG,119,8.530465949820788e-05
real_9000,6,GAGGCT,180,0.00012903225806451613
real_9000,6,GAGGGA,176,0.00012616487455197132
real_9000,6,GAGGGC,43,3.0824372759856634e-05
real_9000,6,GAGGGG,83,5.949820788530466e-05
real_9000,6,GAGGGT,111,7.956989247311829e-05
real_9000,6,GAGGTA,135,9.67741935483871e-05
real_9000,6,GAGGTC,126,9.032258064516129e-05
real_9000,6,GAGGTG,152,0.00010896057347670251
real_9000,6,GAGGTT,325,0.00023297491039426523
real_9000,6,GAGTAA,247,0.0001770609318996416
real_9000,6,GAGTAC,144,0.0001032258064516129
real_9000,6,GAGTAG,161,0.00011541218637992832
real_9000,6,GAGTAT,229,0.00016415770609318997
real_9000,6,GAGTCA,295,0.0002114695340501792
real_9000,6,GAGTCC,157,0.00011254480286738351
real_9000,6,GAGTCG,173,0.00012401433691756273
real_9000,6,GAGTCT,299,0.00021433691756272402
real_9000,6,GAGTGA,257,0.00018422939068100358
real_9000,6,GAGTGC,75,5.3763440860215054e-05
real_9000,6,GAGTGG,169,0.00012114695340501792
real_9000,6,GAGTGT,209,0.00014982078853046594
real_9000,6,GAGTTA,289,0.000207168458781362
real_9000,6,GAGTTC,316,0.00022652329749103944
real_9000,6,GAGTTG,262,0.0001878136200716846
real_9000,6,GAGTTT,741,0.0005311827956989248
real_9000,6,GATAAA,621,0.00044516129032258066
real_9000,6,GATAAC,272,0.0001949820788530466
real_9000,6,GATAAG,331,0.00023727598566308244
real_9000,6,GATAAT,488,0.00034982078853046595
real_9000,6,GATACA,242,0.00017347670250896058
real_9000,6,GATACC,131,9.39068100358423e-05
real_9000,6,GATACG,148,0.0001060931899641577
real_9000,6,GATACT,219,0.00015698924731182796
real_9000,6,GATAGA,302,0.0002164874551971326
real_9000,6,GATAGC,110,7.885304659498208e-05
real_9000,6,GATAGG,130,9.31899641577061e-05
real_9000,6,GATAGT,195,0.00013978494623655913
real_9000,6,GATATA,323,0.00023154121863799284
real_9000,6,GATATC,315,0.00022580645161290321
real_9000,6,GATATG,278,0.00019928315412186379
real_9000,6,GATATT,539,0.0003863799283154122
real_9000,6,GATCAA,628,0.00045017921146953404
real_9000,6,GATCAC,233,0.00016702508960573476
real_9000,6,GATCAG,319,0.00022867383512544803
real_9000,6,GATCAT,460,0.00032974910394265234
real_9000,6,GATCCA,453,0.0003247311827956989
real_9000,6,GATCCC,211,0.00015125448028673836
real_9000,6,GATCCG,320,0.00022939068100358422
real_9000,6,GATCCT,396,0.0002838709677419355
real_9000,6,GATCGA,418,0.0002996415770609319
real_9000,6,GATCGC,161,0.00011541218637992832
real_9000,6,GATCGG,337,0.00024157706093189964
real_9000,6,GATCGT,306,0.00021935483870967742
real_9000,6,GATCTA,434,0.0003111111111111111
real_9000,6,GATCTC,774,0.0005548387096774194
real_9000,6,GATCTG,528,0.00037849462365591397
real_9000,6,GATCTT,762,0.0005462365591397849
real_9000,6,GATGAA,644,0.0004616487455197133
real_9000,6,GATGAC,289,0.000207168458781362
real_9000,6,GATGAG,346,0.00024802867383512547
real_9000,6,GATGAT,777,0.000556989247311828
real_9000,6,GATGCA,205,0.00014695340501792115
real_9000,6,GATGCC,128,9.175627240143369e-05
real_9000,6,GATGCG,119,8.530465949820788e-05
real_9000,6,GATGCT,320,0.00022939068100358422
real_9000,6,GATGGA,400,0.0002867383512544803
real_9000,6,GATGGC,263,0.00018853046594982079
real_9000,6,GATGGG,255,0.0001827956989247312
real_9000,6,GATGGT,318,0.00022795698924731183
real_9000,6,GATGTA,175,0.00012544802867383513
real_9000,6,GATGTC,238,0.00017060931899641577
real_9000,6,GATGTG,263,0.00018853046594982079
real_9000,6,GATGTT,461,0.00033046594982078854
real_9000,6,GATTAA,518,0.00037132616487455195
real_9000,6,GATTAC,370,0.0002652329749103943
real_9000,6,GATTAG,447,0.00032043010752688173
real_9000,6,GATTAT,523,0.000374910394265233
real_9000,6,GATTCA,751,0.0005383512544802867
real_9000,6,GATTCC,562,0.0004028673835125448
real_9000,6,GATTCG,589,0.0004222222222222222
real_9000,6,GATTCT,1111,0.000796415770609319
real_9000,6,GATTGA,605,0.0004336917562724014
real_9000,6,GATTGC,234,0.00016774193548387096
real_9000,6,GATTGG,381,0.00027311827956989245
real_9000,6,GATTGT,478,0.00034265232974910393
real_9000,6,GATTTA,634,0.00045448028673835127
real_9000,6,GATTTC,1037,0.0007433691756272401
real_9000,6,GATTTG,1016,0.00072831541218638
real_9000,6,GATTTT,1564,0.0011211469534050179
real_9000,6,GCAAAA,670,0.0004802867383512545
real_9000,6,GCAAAC,257,0.00018422939068100358
real_9000,6,GCAAAG,343,0.0002458781362007168
real_9000,6,GCAAAT,375,0.00026881720430107527
real_9000,6,GCAACA,327,0.00023440860215053763
real_9000,6,GCAACC,146,0.00010465949820788531
real_9000,6,GCAACG,129,9.247311827956989e-05
real_9000,6,GCAACT,194,0.00013906810035842294
real_9000,6,GCAAGA,287,0.0002057347670250896
real_9000,6,GCAAGC,136,9.74910394265233e-05
real_9000,6,GCAAGG,108,7.741935483870968e-05
real_9000,6,GCAAGT,188,0.00013476702508960573
real_9000,6,GCAATA,194,0.00013906810035842294
real_9000,6,GCAATC,236,0.00016917562724014338
real_9000,6,GCAATG,179,0.00012831541218637994
real_9000,6,GCAATT,333,0.00023870967741935483
real_9000,6,GCACAA,174,0.00012473118279569893
real_9000,6,GCACAC,91,6.523297491039426e-05
real_9000,6,GCACAG,68,4.874551971326165e-05
real_9000,6,GCACAT,100,7.168458781362007e-05
real_9000,6,GCACCA,134,9.60573476702509e-05
real_9000,6,GCACCC,28,2.007168458781362e-05
real_9000,6,GCACCG,113,8.100358422939068e-05
real_9000,6,GCACCT,66,4.7311827956989246e-05
real_9000,6,GCACGA,94,6.738351254480287e-05
real_9000,6,GCACGC,61,4.3727598566308243e-05
real_9000,6,GCACGG,42,3.010752688172043e-05
real_9000,6,GCACGT,73,5.2329749103942654e-05
real_9000,6,GCACTA,84,6.021505376344086e-05
real_9000,6,GCACTC,75,5.3763440860215054e-05
real_9000,6,GCACTG,64,4.5878136200716846e-05
real_9000,6,GCACTT,103,7.383512544802867e-05
real_9000,6,GCAGAA,269,0.000192831541218638
real_9000,6,GCAGAC,119,8.530465949820788e-05
real_9000,6,GCAGAG,272,0.0001949820788530466
real_9000,6,GCAGAT,233,0.00016702508960573476
real_9000,6,GCAGCA,237,0.00016989247311827957
real_9000,6,GCAGCC,129,9.247311827956989e-05
real_9000,6,GCAGCG,114,8.172043010752688e-05
real_9000,6,GCAGCT,246,0.00017634408602150537
real_9000,6,GCAGGA,87,6.236559139784946e-05
real_9000,6,GCAGGC,46,3.297491039426523e-05
real_9000,6,GCAGGG,35,2.5089605734767026e-05
real_9000,6,GCAGGT,50,3.5842293906810036e-05
real_9000,6,GCAGTA,87,6.236559139784946e-05
real_9000,6,GCAGTC,88,6.308243727598566e-05
real_9000,6,GCAGTG,92,6.594982078853046e-05
real_9000,6,GCAGTT,139,9.964157706093189e-05
real_9000,6,GCATAA,170,0.00012186379928315412
real_9000,6,GCATAC,52,3.7275985663082435e-05
real_9000,6,GCATAG,72,5.161290322580645e-05
real_9000,6,GCATAT,157,0.00011254480286738351
real_9000,6,GCATCA,240,0.00017204301075268816
real_9000,6,GCATCC,96,6.881720430107527e-05
real_9000,6,GCATCG,124,8.888888888888889e-05
real_9000,6,GCATCT,229,0.00016415770609318997
real_9000,6,GCATGA,136,9.74910394265233e-05
real_9000,6,GCATGC,67,4.802867383512545e-05
real_9000,6,GCATGG,86,6.164874551971327e-05
real_9000,6,GCATGT,145,0.0001039426523297491
real_9000,6,GCATTA,155,0.00011111111111111112
real_9000,6,GCATTC,140,0.0001003584229390681
real_9000,6,GCATTG,136,9.74910394265233e-05
real_9000,6,GCATTT,284,0.000203584229390681
real_9000,6,GCCAAA,376,0.00026953405017921146
real_9000,6,GCCAAC,152,0.00010896057347670251
real_9000,6,GCCAAG,201,0.00014408602150537634
real_9000,6,GCCAAT,219,0.00015698924731182796
real_9000,6,GCCACA,166,0.00011899641577060932
real_9000,6,GCCACC,260,0.0001863799283154122
real_9000,6,GCCACG,195,0.00013978494623655913
real_9000,6,GCCACT,171,0.0001225806451612903
real_9000,6,GCCAGA,154,0.0001103942652329749
real_9000,6,GCCAGC,71,5.089605734767025e-05
real_9000,6,GCCAGG,46,3.297491039426523e-05
real_9000,6,GCCAGT,75,5.3763440860215054e-05
real_9000,6,GCCATA,105,7.526881720430108e-05
real_9000,6,GCCATC,203,0.00014551971326164873
real_9000,6,GCCATG,227,0.00016272401433691755
real_9000,6,GCCATT,274,0.000196415770609319
real_9000,6,GCCCAA,388,0.0002781362007168459
real_9000,6,GCCCAC,115,8.243727598566309e-05
real_9000,6,GCCCAG,104,7.455197132616487e-05
real_9000,6,GCCCAT,350,0.00025089605734767025
real_9000,6,GCCCCA,83,5.949820788530466e-05
real_9000,6,GCCCCC,22,1.5770609318996415e-05
real_9000,6,GCCCCG,24,1.7204301075268818e-05
real_9000,6,GCCCCT,65,4.659498207885305e-05
real_9000,6,GCCCGA,47,3.369175627240143e-05
real_9000,6,GCCCGC,23,1.6487455197132615e-05
real_9000,6,GCCCGG,33,2.3655913978494623e-05
real_9000,6,GCCCGT,57,4.086021505376344e-05
real_9000,6,GCCCTA,93,6.666666666666667e-05
real_9000,6,GCCCTC,84,6.021505376344086e-05
real_9000,6,GCCCTG,46,3.297491039426523e-05
real_9000,6,GCCCTT,113,8.100358422939068e-05
real_9000,6,GCCGAA,183,0.00013118279569892472
real_9000,6,GCCGAC,167,0.00011971326164874551
real_9000,6,GCCGAG,146,0.00010465949820788531
real_9000,6,GCCGAT,199,0.00014265232974910395
real_9000,6,GCCGCA,123,8.817204301075268e-05
real_9000,6,GCCGCC,312,0.00022365591397849463
real_9000,6,GCCGCG,89,6.379928315412186e-05
real_9000,6,GCCGCT,161,0.00011541218637992832
real_9000,6,GCCGGA,324,0.00023225806451612904
real_9000,6,GCCGGC,140,0.0001003584229390681
real_9000,6,GCCGGG,57,4.086021505376344e-05
real_9000,6,GCCGGT,185,0.00013261648745519714
real_9000,6,GCCGTA,134,9.60573476702509e-05
real_9000,6,GCCGTC,297,0.00021290322580645163
real_9000,6,GCCGTG,164,0.00011756272401433691
real_9000,6,GCCGTT,280,0.0002007168458781362
real_9000,6,GCCTAA,183,0.00013118279569892472
real_9000,6,GCCTAC,87,6.236559139784946e-05
real_9000,6,GCCTAG,61,4.3727598566308243e-05
real_9000,6,GCCTAT,107,7.670250896057347e-05
real_9000,6,GCCTCA,174,0.00012473118279569893
real_9000,6,GCCTCC,204,0.00014623655913978496
real_9000,6,GCCTCG,97,6.953405017921147e-05
real_9000,6,GCCTCT,271,0.00019426523297491038
real_9000,6,GCCTGA,92,6.594982078853046e-05
real_9000,6,GCCTGC,45,3.2258064516129034e-05
real_9000,6,GCCTGG,61,4.3727598566308243e-05
real_9000,6,GCCTGT,63,4.516129032258064e-05
real_9000,6,GCCTTA,152,0.00010896057347670251
real_9000,6,GCCTTC,204,0.00014623655913978496
real_9000,6,GCCTTG,159,0.00011397849462365592
real_9000,6,GCCTTT,307,0.00022007168458781362
real_9000,6,GCGAAA,275,0.0001971326164874552
real_9000,6,GCGAAC,74,5.304659498207885e-05
real_9000,6,GCGAAG,206,0.00014767025089605735
real_9000,6,GCGAAT,194,0.00013906810035842294
real_9000,6,GCGACA,120,8.602150537634408e-05
real_9000,6,GCGACC,68,4.874551971326165e-05
real_9000,6,GCGACG,220,0.00015770609318996415
real_9000,6,GCGACT,123,8.817204301075268e-05
real_9000,6,GCGAGA,185,0.00013261648745519714
real_9000,6,GCGAGC,100,7.168458781362007e-05
real_9000,6,GCGAGG,89,6.379928315412186e-05
real_9000,6,GCGAGT,140,0.0001003584229390681
real_9000,6,GCGATA,139,9.964157706093189e-05
real_9000,6,GCGATC,188,0.00013476702508960573
real_9000,6,GCGATG,197,0.00014121863799283155
real_9000,6,GCGATT,321,0.00023010752688172042
real_9000,6,GCGCAA,81,5.806451612903226e-05
real_9000,6,GCGCAC,36,2.5806451612903226e-05
real_9000,6,GCGCAG,49,3.512544802867383e-05
real_9000,6,GCGCAT,55,3.942652329749104e-05
real_9000,6,GCGCCA,86,6.164874551971327e-05
real_9000,6,GCGCCC,13,9.318996415770609e-06
real_9000,6,GCGCCG,159,0.00011397849462365592
real_9000,6,GCGCCT,76,5.448028673835126e-05
real_9000,6,GCGCGA,43,3.0824372759856634e-05
real_9000,6,GCGCGC,18,1.2903225806451613e-05
real_9000,6,GCGCGG,28,2.007168458781362e-05
real_9000,6,GCGCGT,92,6.594982078853046e-05
real_9000,6,GCGCTA,38,2.724014336917563e-05
real_9000,6,GCGCTC,64,4.5878136200716846e-05
real_9000,6,GCGCTG,50,3.5842293906810036e-05
real_9000,6,GCGCTT,122,8.745519713261649e-05
real_9000,6,GCGGAA,137,9.82078853046595e-05
real_9000,6,GCGGAC,35,2.5089605734767026e-05
real_9000,6,GCGGAG,208,0.00014910394265232974
real_9000,6,GCGGAT,144,0.0001032258064516129
real_9000,6,GCGGCA,89,6.379928315412186e-05
real_9000,6,GCGGCC,54,3.870967741935484e-05
real_9000,6,GCGGCG,338,0.00024229390681003584
real_9000,6,GCGGCT,134,9.60573476702509e-05
real_9000,6,GCGGGA,78,5.5913978494623656e-05
real_9000,6,GCGGGC,25,1.7921146953405018e-05
real_9000,6,GCGGGG,23,1.6487455197132615e-05
real_9000,6,GCGGGT,44,3.154121863799283e-05
real_9000,6,GCGGTA,66,4.7311827956989246e-05
real_9000,6,GCGGTC,57,4.086021505376344e-05
real_9000,6,GCGGTG,203,0.00014551971326164873
real_9000,6,GCGGTT,148,0.0001060931899641577
real_9000,6,GCGTAA,97,6.953405017921147e-05
real_9000,6,GCGTAC,55,3.942652329749104e-05
real_9000,6,GCGTAG,66,4.7311827956989246e-05
real_9000,6,GCGTAT,109,7.813620071684588e-05
real_9000,6,GCGTCA,159,0.00011397849462365592
real_9000,6,GCGTCC,49,3.512544802867383e-05
real_9000,6,GCGTCG,176,0.00012616487455197132
real_9000,6,GCGTCT,134,9.60573476702509e-05
real_9000,6,GCGTGA,130,9.31899641577061e-05
real_9000,6,GCGTGC,49,3.512544802867383e-05
real_9000,6,GCGTGG,74,5.304659498207885e-05
real_9000,6,GCGTGT,121,8.673835125448029e-05
real_9000,6,GCGTTA,124,8.888888888888889e-05
real_9000,6,GCGTTC,103,7.383512544802867e-05
real_9000,6,GCGTTG,166,0.00011899641577060932
real_9000,6,GCGTTT,326,0.00023369175627240143
real_9000,6,GCTAAA,396,0.0002838709677419355
real_9000,6,GCTAAC,153,0.00010967741935483871
real_9000,6,GCTAAG,199,0.00014265232974910395
real_9000,6,GCTAAT,307,0.00022007168458781362
real_9000,6,GCTACA,166,0.00011899641577060932
real_9000,6,GCTACC,117,8.387096774193548e-05
real_9000,6,GCTACG,127,9.10394265232975e-05
real_9000,6,GCTACT,223,0.00015985663082437277
real_9000,6,GCTAGA,165,0.00011827956989247312
real_9000,6,GCTAGC,86,6.164874551971327e-05
real_9000,6,GCTAGG,124,8.888888888888889e-05
real_9000,6,GCTAGT,128,9.175627240143369e-05
real_9000,6,GCTATA,139,9.964157706093189e-05
real_9000,6,GCTATC,172,0.00012329749103942654
real_9000,6,GCTATG,177,0.00012688172043010752
real_9000,6,GCTATT,230,0.00016487455197132617
real_9000,6,GCTCAA,406,0.00029103942652329746
real_9000,6,GCTCAC,174,0.00012473118279569893
real_9000,6,GCTCAG,205,0.00014695340501792115
real_9000,6,GCTCAT,205,0.00014695340501792115
real_9000,6,GCTCCA,249,0.00017849462365591398
real_9000,6,GCTCCC,83,5.949820788530466e-05
real_9000,6,GCTCCG,268,0.0001921146953405018
real_9000,6,GCTCCT,305,0.00021863799283154122
real_9000,6,GCTCGA,225,0.00016129032258064516
real_9000,6,GCTCGC,116,8.315412186379928e-05
real_9000,6,GCTCGG,86,6.164874551971327e-05
real_9000,6,GCTCGT,222,0.00015913978494623657
real_9000,6,GCTCTA,195,0.00013978494623655913
real_9000,6,GCTCTC,501,0.00035913978494623655
real_9000,6,GCTCTG,306,0.00021935483870967742
real_9000,6,GCTCTT,514,0.00036845878136200716
real_9000,6,GCTGAA,277,0.0001985663082437276
real_9000,6,GCTGAC,135,9.67741935483871e-05
real_9000,6,GCTGAG,223,0.00015985663082437277
real_9000,6,GCTGAT,295,0.0002114695340501792
real_9000,6,GCTGCA,139,9.964157706093189e-05
real_9000,6,GCTGCC,89,6.379928315412186e-05
real_9000,6,GCTGCG,137,9.82078853046595e-05
real_9000,6,GCTGCT,326,0.00023369175627240143
real_9000,6,GCTGGA,204,0.00014623655913978496
real_9000,6,GCTGGC,78,5.5913978494623656e-05
real_9000,6,GCTGGG,84,6.021505376344086e-05
real_9000,6,GCTGGT,157,0.00011254480286738351
real_9000,6,GCTGTA,100,7.168458781362007e-05
real_9000,6,GCTGTC,130,9.31899641577061e-05
real_9000,6,GCTGTG,160,0.00011469534050179211
real_9000,6,GCTGTT,303,0.0002172043010752688
real_9000,6,GCTTAA,322,0.00023082437275985664
real_9000,6,GCTTAC,196,0.00014050179211469533
real_9000,6,GCTTAG,193,0.00013835125448028674
real_9000,6,GCTTAT,361,0.00025878136200716847
real_9000,6,GCTTCA,517,0.00037060931899641575
real_9000,6,GCTTCC,371,0.0002659498207885305
real_9000,6,GCTTCG,327,0.00023440860215053763
real_9000,6,GCTTCT,961,0.0006888888888888888
real_9000,6,GCTTGA,314,0.00022508960573476702
real_9000,6,GCTTGC,174,0.00012473118279569893
real_9000,6,GCTTGG,199,0.00014265232974910395
real_9000,6,GCTTGT,263,0.00018853046594982079
real_9000,6,GCTTTA,378,0.00027096774193548386
real_9000,6,GCTTTC,471,0.00033763440860215055
real_9000,6,GCTTTG,476,0.00034121863799283154
real_9000,6,GCTTTT,808,0.0005792114695340501
real_9000,6,GGAAAA,789,0.0005655913978494624
real_9000,6,GGAAAC,430,0.0003082437275985663
real_9000,6,GGAAAG,383,0.0002745519713261649
real_9000,6,GGAAAT,482,0.00034551971326164877
real_9000,6,GGAACA,265,0.00018996415770609318
real_9000,6,GGAACC,183,0.00013118279569892472
real_9000,6,GGAACG,129,9.247311827956989e-05
real_9000,6,GGAACT,244,0.00017491039426523297
real_9000,6,GGAAGA,723,0.0005182795698924731
real_9000,6,GGAAGC,286,0.0002050179211469534
real_9000,6,GGAAGG,198,0.00014193548387096775
real_9000,6,GGAAGT,251,0.00017992831541218638
real_9000,6,GGAATA,229,0.00016415770609318997
real_9000,6,GGAATC,479,0.0003433691756272401
real_9000,6,GGAATG,172,0.00012329749103942654
real_9000,6,GGAATT,477,0.00034193548387096773
real_9000,6,GGACAA,224,0.00016057347670250896
real_9000,6,GGACAC,107,7.670250896057347e-05
real_9000,6,GGACAG,89,6.379928315412186e-05
real_9000,6,GGACAT,119,8.530465949820788e-05
real_9000,6,GGACCA,162,0.00011612903225806452
real_9000,6,GGACCC,108,7.741935483870968e-05
real_9000,6,GGACCG,77,5.519713261648745e-05
real_9000,6,GGACCT,122,8.745519713261649e-05
real_9000,6,GGACGA,160,0.00011469534050179211
real_9000,6,GGACGC,68,4.874551971326165e-05
real_9000,6,GGACGG,95,6.810035842293906e-05
real_9000,6,GGACGT,69,4.946236559139785e-05
real_9000,6,GGACTA,100,7.168458781362007e-05
real_9000,6,GGACTC,152,0.00010896057347670251
real_9000,6,GGACTG,68,4.874551971326165e-05
real_9000,6,GGACTT,197,0.00014121863799283155
real_9000,6,GGAGAA,712,0.0005103942652329749
real_9000,6,GGAGAC,150,0.00010752688172043011
real_9000,6,GGAGAG,395,0.0002831541218637993
real_9000,6,GGAGAT,510,0.0003655913978494624
real_9000,6,GGAGCA,191,0.00013691756272401435
real_9000,6,GGAGCC,150,0.00010752688172043011
real_9000,6,GGAGCG,83,5.949820788530466e-05
real_9000,6,GGAGCT,370,0.0002652329749103943
real_9000,6,GGAGGA,585,0.00041935483870967743
real_9000,6,GGAGGC,146,0.00010465949820788531
real_9000,6,GGAGGG,86,6.164874551971327e-05
real_9000,6,GGAGGT,214,0.00015340501792114695
real_9000,6,GGAGTA,151,0.0001082437275985663
real_9000,6,GGAGTC,160,0.00011469534050179211
real_9000,6,GGAGTG,111,7.956989247311829e-05
real_9000,6,GGAGTT,310,0.00022222222222222223
real_9000,6,GGATAA,293,0.0002100358422939068
real_9000,6,GGATAC,140,0.0001003584229390681
real_9000,6,GGATAG,98,7.025089605734767e-05
real_9000,6,GGATAT,260,0.0001863799283154122
real_9000,6,GGATCA,281,0.0002014336917562724
real_9000,6,GGATCC,283,0.0002028673835125448
real_9000,6,GGATCG,201,0.00014408602150537634
real_9000,6,GGATCT,446,0.00031971326164874554
real_9000,6,GGATGA,277,0.0001985663082437276
real_9000,6,GGATGC,116,8.315412186379928e-05
real_9000,6,GGATGG,162,0.00011612903225806452
real_9000,6,GGATGT,172,0.00012329749103942654
real_9000,6,GGATTA,296,0.0002121863799283154
real_9000,6,GGATTC,468,0.0003354838709677419
real_9000,6,GGATTG,306,0.00021935483870967742
real_9000,6,GGATTT,716,0.0005132616487455198
real_9000,6,GGCAAA,347,0.00024874551971326166
real_9000,6,GGCAAC,162,0.00011612903225806452
real_9000,6,GGCAAG,153,0.00010967741935483871
real_9000,6,GGCAAT,163,0.00011684587813620071
real_9000,6,GGCACA,78,5.5913978494623656e-05
real_9000,6,GGCACC,63,4.516129032258064e-05
real_9000,6,GGCACG,73,5.2329749103942654e-05
real_9000,6,GGCACT,63,4.516129032258064e-05
real_9000,6,GGCAGA,149,0.00010681003584229391
real_9000,6,GGCAGC,75,5.3763440860215054e-05
real_9000,6,GGCAGG,47,3.369175627240143e-05
real_9000,6,GGCAGT,65,4.659498207885305e-05
real_9000,6,GGCATA,87,6.236559139784946e-05
real_9000,6,GGCATC,114,8.172043010752688e-05
real_9000,6,GGCATG,102,7.311827956989248e-05
real_9000,6,GGCATT,119,8.530465949820788e-05
real_9000,6,GGCCAA,219,0.00015698924731182796
real_9000,6,GGCCAC,127,9.10394265232975e-05
real_9000,6,GGCCAG,80,5.7347670250896056e-05
real_9000,6,GGCCAT,144,0.0001032258064516129
real_9000,6,GGCCCA,412,0.0002953405017921147
real_9000,6,GGCCCC,37,2.6523297491039425e-05
real_9000,6,GGCCCG,49,3.512544802867383e-05
real_9000,6,GGCCCT,50,3.5842293906810036e-05
real_9000,6,GGCCGA,107,7.670250896057347e-05
real_9000,6,GGCCGC,74,5.304659498207885e-05
real_9000,6,GGCCGG,101,7.240143369175627e-05
real_9000,6,GGCCGT,131,9.39068100358423e-05
real_9000,6,GGCCTA,132,9.462365591397849e-05
real_9000,6,GGCCTC,109,7.813620071684588e-05
real_9000,6,GGCCTG,65,4.659498207885305e-05
real_9000,6,GGCCTT,207,0.00014838709677419355
real_9000,6,GGCGAA,270,0.0001935483870967742
real_9000,6,GGCGAC,216,0.00015483870967741937
real_9000,6,GGCGAG,189,0.00013548387096774193
real_9000,6,GGCGAT,279,0.0002
real_9000,6,GGCGCA,71,5.089605734767025e-05
real_9000,6,GGCGCC,107,7.670250896057347e-05
real_9000,6,GGCGCG,47,3.369175627240143e-05
real_9000,6,GGCGCT,90,6.451612903225807e-05
real_9000,6,GGCGGA,272,0.0001949820788530466
real_9000,6,GGCGGC,298,0.00021362007168458782
real_9000,6,GGCGGG,68,4.874551971326165e-05
real_9000,6,GGCGGT,203,0.00014551971326164873
real_9000,6,GGCGTA,75,5.3763440860215054e-05
real_9000,6,GGCGTC,165,0.00011827956989247312
real_9000,6,GGCGTG,72,5.161290322580645e-05
real_9000,6,GGCGTT,201,0.00014408602150537634
real_9000,6,GGCTAA,219,0.00015698924731182796
real_9000,6,GGCTAC,119,8.530465949820788e-05
real_9000,6,GGCTAG,94,6.738351254480287e-05
real_9000,6,GGCTAT,183,0.00013118279569892472
real_9000,6,GGCTCA,191,0.00013691756272401435
real_9000,6,GGCTCC,144,0.0001032258064516129
real_9000,6,GGCTCG,136,9.74910394265233e-05
real_9000,6,GGCTCT,262,0.0001878136200716846
real_9000,6,GGCTGA,171,0.0001225806451612903
real_9000,6,GGCTGC,143,0.0001025089605734767
real_9000,6,GGCTGG,99,7.096774193548388e-05
real_9000,6,GGCTGT,115,8.243727598566309e-05
real_9000,6,GGCTTA,203,0.00014551971326164873
real_9000,6,GGCTTC,338,0.00024229390681003584
real_9000,6,GGCTTG,161,0.00011541218637992832
real_9000,6,GGCTTT,432,0.00030967741935483873
real_9000,6,GGGAAA,400,0.0002867383512544803
real_9000,6,GGGAAC,124,8.888888888888889e-05
real_9000,6,GGGAAG,239,0.00017132616487455196
real_9000,6,GGGAAT,227,0.00016272401433691755
real_9000,6,GGGACA,85,6.093189964157706e-05
real_9000,6,GGGACC,78,5.5913978494623656e-05
real_9000,6,GGGACG,59,4.2293906810035844e-05
real_9000,6,GGGACT,89,6.379928315412186e-05
real_9000,6,GGGAGA,203,0.00014551971326164873
real_9000,6,GGGAGC,72,5.161290322580645e-05
real_9000,6,GGGAGG,115,8.243727598566309e-05
real_9000,6,GGGAGT,97,6.953405017921147e-05
real_9000,6,GGGATA,118,8.458781362007169e-05
real_9000,6,GGGATC,146,0.00010465949820788531
real_9000,6,GGGATG,147,0.0001053763440860215
real_9000,6,GGGATT,326,0.00023369175627240143
real_9000,6,GGGCAA,142,0.0001017921146953405
real_9000,6,GGGCAC,42,3.010752688172043e-05
real_9000,6,GGGCAG,38,2.724014336917563e-05
real_9000,6,GGGCAT,77,5.519713261648745e-05
real_9000,6,GGGCCA,132,9.462365591397849e-05
real_9000,6,GGGCCC,71,5.089605734767025e-05
real_9000,6,GGGCCG,82,5.8781362007168455e-05
real_9000,6,GGGCCT,224,0.00016057347670250896
real_9000,6,GGGCGA,46,3.297491039426523e-05
real_9000,6,GGGCGC,19,1.3620071684587814e-05
real_9000,6,GGGCGG,29,2.078853046594982e-05
real_9000,6,GGGCGT,42,3.010752688172043e-05
real_9000,6,GGGCTA,123,8.817204301075268e-05
real_9000,6,GGGCTC,101,7.240143369175627e-05
real_9000,6,GGGCTG,84,6.021505376344086e-05
real_9000,6,GGGCTT,301,0.0002157706093189964
real_9000,6,GGGGAA,183,0.00013118279569892472
real_9000,6,GGGGAC,51,3.655913978494624e-05
real_9000,6,GGGGAG,78,5.5913978494623656e-05
real_9000,6,GGGGAT,145,0.0001039426523297491
real_9000,6,GGGGCA,69,4.946236559139785e-05
real_9000,6,GGGGCC,29,2.078853046594982e-05
real_9000,6,GGGGCG,25,1.7921146953405018e-05
real_9000,6,GGGGCT,60,4.301075268817204e-05
real_9000,6,GGGGGA,81,5.806451612903226e-05
real_9000,6,GGGGGC,33,2.3655913978494623e-05
real_9000,6,GGGGGG,37,2.6523297491039425e-05
real_9000,6,GGGGGT,43,3.0824372759856634e-05
real_9000,6,GGGGTA,56,4.014336917562724e-05
real_9000,6,GGGGTC,56,4.014336917562724e-05
real_9000,6,GGGGTG,56,4.014336917562724e-05
real_9000,6,GGGGTT,184,0.00013189964157706092
real_9000,6,GGGTAA,168,0.00012043010752688172
real_9000,6,GGGTAC,65,4.659498207885305e-05
real_9000,6,GGGTAG,73,5.2329749103942654e-05
real_9000,6,GGGTAT,155,0.00011111111111111112
real_9000,6,GGGTCA,177,0.00012688172043010752
real_9000,6,GGGTCC,82,5.8781362007168455e-05
real_9000,6,GGGTCG,127,9.10394265232975e-05
real_9000,6,GGGTCT,145,0.0001039426523297491
real_9000,6,GGGTGA,119,8.530465949820788e-05
real_9000,6,GGGTGC,39,2.7956989247311828e-05
real_9000,6,GGGTGG,80,5.7347670250896056e-05
real_9000,6,GGGTGT,90,6.451612903225807e-05
real_9000,6,GGGTTA,196,0.00014050179211469533
real_9000,6,GGGTTC,257,0.00018422939068100358
real_9000,6,GGGTTG,166,0.00011899641577060932
real_9000,6,GGGTTT,1053,0.0007548387096774193
real_9000,6,GGTAAA,340,0.00024372759856630823
real_9000,6,GGTAAC,176,0.00012616487455197132
real_9000,6,GGTAAG,126,9.032258064516129e-05
real_9000,6,GGTAAT,222,0.00015913978494623657
real_9000,6,GGTACA,120,8.602150537634408e-05
real_9000,6,GGTACC,74,5.304659498207885e-05
real_9000,6,GGTACG,94,6.738351254480287e-05
real_9000,6,GGTACT,126,9.032258064516129e-05
real_9000,6,GGTAGA,173,0.00012401433691756273
real_9000,6,GGTAGC,91,6.523297491039426e-05
real_9000,6,GGTAGG,66,4.7311827956989246e-05
real_9000,6,GGTAGT,109,7.813620071684588e-05
real_9000,6,GGTATA,142,0.0001017921146953405
real_9000,6,GGTATC,134,9.60573476702509e-05
real_9000,6,GGTATG,115,8.243727598566309e-05
real_9000,6,GGTATT,220,0.00015770609318996415
real_9000,6,GGTCAA,346,0.00024802867383512547
real_9000,6,GGTCAC,195,0.00013978494623655913
real_9000,6,GGTCAG,145,0.0001039426523297491
real_9000,6,GGTCAT,174,0.00012473118279569893
real_9000,6,GGTCCA,181,0.00012974910394265233
real_9000,6,GGTCCC,102,7.311827956989248e-05
real_9000,6,GGTCCG,89,6.379928315412186e-05
real_9000,6,GGTCCT,134,9.60573476702509e-05
real_9000,6,GGTCGA,158,0.00011326164874551972
real_9000,6,GGTCGC,73,5.2329749103942654e-05
real_9000,6,GGTCGG,111,7.956989247311829e-05
real_9000,6,GGTCGT,166,0.00011899641577060932
real_9000,6,GGTCTA,163,0.00011684587813620071
real_9000,6,GGTCTC,0,0.0
real_9000,6,GGTCTG,147,0.0001053763440860215
real_9000,6,GGTCTT,321,0.00023010752688172042
real_9000,6,GGTGAA,406,0.00029103942652329746
real_9000,6,GGTGAC,170,0.00012186379928315412
real_9000,6,GGTGAG,180,0.00012903225806451613
real_9000,6,GGTGAT,346,0.00024802867383512547
real_9000,6,GGTGCA,66,4.7311827956989246e-05
real_9000,6,GGTGCC,54,3.870967741935484e-05
real_9000,6,GGTGCG,67,4.802867383512545e-05
real_9000,6,GGTGCT,151,0.0001082437275985663
real_9000,6,GGTGGA,341,0.00024444444444444443
real_9000,6,GGTGGC,194,0.00013906810035842294
real_9000,6,GGTGGG,143,0.0001025089605734767
real_9000,6,GGTGGT,404,0.00028960573476702507
real_9000,6,GGTGTA,122,8.745519713261649e-05
real_9000,6,GGTGTC,142,0.0001017921146953405
real_9000,6,GGTGTG,125,8.960573476702509e-05
real_9000,6,GGTGTT,383,0.0002745519713261649
real_9000,6,GGTTAA,348,0.00024946236559139786
real_9000,6,GGTTAC,207,0.00014838709677419355
real_9000,6,GGTTAG,176,0.00012616487455197132
real_9000,6,GGTTAT,305,0.00021863799283154122
real_9000,6,GGTTCA,322,0.00023082437275985664
real_9000,6,GGTTCC,230,0.00016487455197132617
real_9000,6,GGTTCG,236,0.00016917562724014338
real_9000,6,GGTTCT,497,0.00035627240143369177
real_9000,6,GGTTGA,288,0.0002064516129032258
real_9000,6,GGTTGC,125,8.960573476702509e-05
real_9000,6,GGTTGG,210,0.00015053763440860216
real_9000,6,GGTTGT,246,0.00017634408602150537
real_9000,6,GGTTTA,634,0.00045448028673835127
real_9000,6,GGTTTC,706,0.0005060931899641577
real_9000,6,GGTTTG,520,0.0003727598566308244
real_9000,6,GGTTTT,1149,0.0008236559139784946
real_9000,6,GTAAAA,633,0.00045376344086021507
real_9000,6,GTAAAC,301,0.0002157706093189964
real_9000,6,GTAAAG,295,0.0002114695340501792
real_9000,6,GTAAAT,451,0.0003232974910394265
real_9000,6,GTAACA,314,0.00022508960573476702
real_9000,6,GTAACC,190,0.00013620071684587813
real_9000,6,GTAACG,156,0.00011182795698924731
real_9000,6,GTAACT,237,0.00016989247311827957
real_9000,6,GTAAGA,291,0.00020860215053763442
real_9000,6,GTAAGC,132,9.462365591397849e-05
real_9000,6,GTAAGG,106,7.598566308243728e-05
real_9000,6,GTAAGT,140,0.0001003584229390681
real_9000,6,GTAATA,314,0.00022508960573476702
real_9000,6,GTAATC,318,0.00022795698924731183
real_9000,6,GTAATG,210,0.00015053763440860216
real_9000,6,GTAATT,564,0.0004043010752688172
real_9000,6,GTACAA,247,0.0001770609318996416
real_9000,6,GTACAC,130,9.31899641577061e-05
real_9000,6,GTACAG,91,6.523297491039426e-05
real_9000,6,GTACAT,147,0.0001053763440860215
real_9000,6,GTACCA,147,0.0001053763440860215
real_9000,6,GTACCC,69,4.946236559139785e-05
real_9000,6,GTACCG,109,7.813620071684588e-05
real_9000,6,GTACCT,99,7.096774193548388e-05
real_9000,6,GTACGA,148,0.0001060931899641577
real_9000,6,GTACGC,52,3.7275985663082435e-05
real_9000,6,GTACGG,123,8.817204301075268e-05
real_9000,6,GTACGT,97,6.953405017921147e-05
real_9000,6,GTACTA,169,0.00012114695340501792
real_9000,6,GTACTC,167,0.00011971326164874551
real_9000,6,GTACTG,119,8.530465949820788e-05
real_9000,6,GTACTT,215,0.00015412186379928314
real_9000,6,GTAGAA,316,0.00022652329749103944
real_9000,6,GTAGAC,125,8.960573476702509e-05
real_9000,6,GTAGAG,208,0.00014910394265232974
real_9000,6,GTAGAT,284,0.000203584229390681
real_9000,6,GTAGCA,141,0.0001010752688172043
real_9000,6,GTAGCC,86,6.164874551971327e-05
real_9000,6,GTAGCG,71,5.089605734767025e-05
real_9000,6,GTAGCT,240,0.00017204301075268816
real_9000,6,GTAGGA,113,8.100358422939068e-05
real_9000,6,GTAGGC,60,4.301075268817204e-05
real_9000,6,GTAGGG,54,3.870967741935484e-05
real_9000,6,GTAGGT,94,6.738351254480287e-05
real_9000,6,GTAGTA,231,0.00016559139784946237
real_9000,6,GTAGTC,124,8.888888888888889e-05
real_9000,6,GTAGTG,141,0.0001010752688172043
real_9000,6,GTAGTT,282,0.0002021505376344086
real_9000,6,GTATAA,303,0.0002172043010752688
real_9000,6,GTATAC,150,0.00010752688172043011
real_9000,6,GTATAG,151,0.0001082437275985663
real_9000,6,GTATAT,355,0.00025448028673835123
real_9000,6,GTATCA,236,0.00016917562724014338
real_9000,6,GTATCC,172,0.00012329749103942654
real_9000,6,GTATCG,179,0.00012831541218637994
real_9000,6,GTATCT,329,0.00023584229390681005
real_9000,6,GTATGA,221,0.00015842293906810035
real_9000,6,GTATGC,88,6.308243727598566e-05
real_9000,6,GTATGG,151,0.0001082437275985663
real_9000,6,GTATGT,195,0.00013978494623655913
real_9000,6,GTATTA,269,0.000192831541218638
real_9000,6,GTATTC,213,0.00015268817204301075
real_9000,6,GTATTG,253,0.00018136200716845877
real_9000,6,GTATTT,493,0.00035340501792114693
real_9000,6,GTCAAA,625,0.00044802867383512545
real_9000,6,GTCAAC,358,0.0002566308243727599
real_9000,6,GTCAAG,291,0.00020860215053763442
real_9000,6,GTCAAT,381,0.00027311827956989245
real_9000,6,GTCACA,278,0.00019928315412186379
real_9000,6,GTCACC,260,0.0001863799283154122
real_9000,6,GTCACG,191,0.00013691756272401435
real_9000,6,GTCACT,284,0.000203584229390681
real_9000,6,GTCAGA,288,0.0002064516129032258
real_9000,6,GTCAGC,138,9.89247311827957e-05
real_9000,6,GTCAGG,95,6.810035842293906e-05
real_9000,6,GTCAGT,129,9.247311827956989e-05
real_9000,6,GTCATA,185,0.00013261648745519714
real_9000,6,GTCATC,381,0.00027311827956989245
real_9000,6,GTCATG,209,0.00014982078853046594
real_9000,6,GTCATT,330,0.00023655913978494624
real_9000,6,GTCCAA,301,0.0002157706093189964
real_9000,6,GTCCAC,192,0.00013763440860215055
real_9000,6,GTCCAG,108,7.741935483870968e-05
real_9000,6,GTCCAT,189,0.00013548387096774193
real_9000,6,GTCCCA,143,0.0001025089605734767
real_9000,6,GTCCCC,88,6.308243727598566e-05
real_9000,6,GTCCCG,81,5.806451612903226e-05
real_9000,6,GTCCCT,146,0.00010465949820788531
real_9000,6,GTCCGA,168,0.00012043010752688172
real_9000,6,GTCCGC,55,3.942652329749104e-05
real_9000,6,GTCCGG,99,7.096774193548388e-05
real_9000,6,GTCCGT,109,7.813620071684588e-05
real_9000,6,GTCCTA,120,8.602150537634408e-05
real_9000,6,GTCCTC,267,0.0001913978494623656
real_9000,6,GTCCTG,98,7.025089605734767e-05
real_9000,6,GTCCTT,233,0.00016702508960573476
real_9000,6,GTCGAA,305,0.00021863799283154122
real_9000,6,GTCGAC,161,0.00011541218637992832
real_9000,6,GTCGAG,180,0.00012903225806451613
real_9000,6,GTCGAT,306,0.00021935483870967742
real_9000,6,GTCGCA,105,7.526881720430108e-05
real_9000,6,GTCGCC,196,0.00014050179211469533
real_9000,6,GTCGCG,75,5.3763440860215054e-05
real_9000,6,GTCGCT,213,0.00015268817204301075
real_9000,6,GTCGGA,260,0.0001863799283154122
real_9000,6,GTCGGC,129,9.247311827956989e-05
real_9000,6,GTCGGG,87,6.236559139784946e-05
real_9000,6,GTCGGT,191,0.00013691756272401435
real_9000,6,GTCGTA,178,0.00012759856630824371
real_9000,6,GTCGTC,394,0.0002824372759856631
real_9000,6,GTCGTG,174,0.00012473118279569893
real_9000,6,GTCGTT,363,0.00026021505376344086
real_9000,6,GTCTAA,284,0.000203584229390681
real_9000,6,GTCTAC,194,0.00013906810035842294
real_9000,6,GTCTAG,129,9.247311827956989e-05
real_9000,6,GTCTAT,247,0.0001770609318996416
real_9000,6,GTCTCA,227,0.00016272401433691755
real_9000,6,GTCTCC,220,0.00015770609318996415
real_9000,6,GTCTCG,127,9.10394265232975e-05
real_9000,6,GTCTCT,474,0.00033978494623655914
real_9000,6,GTCTGA,287,0.0002057347670250896
real_9000,6,GTCTGC,138,9.89247311827957e-05
real_9000,6,GTCTGG,155,0.00011111111111111112
real_9000,6,GTCTGT,206,0.00014767025089605735
real_9000,6,GTCTTA,267,0.0001913978494623656
real_9000,6,GTCTTC,794,0.0005691756272401434
real_9000,6,GTCTTG,268,0.0001921146953405018
real_9000,6,GTCTTT,665,0.00047670250896057347
real_9000,6,GTGAAA,559,0.0004007168458781362
real_9000,6,GTGAAC,174,0.00012473118279569893
real_9000,6,GTGAAG,445,0.00031899641577060934
real_9000,6,GTGAAT,389,0.00027885304659498207
real_9000,6,GTGACA,203,0.00014551971326164873
real_9000,6,GTGACC,140,0.0001003584229390681
real_9000,6,GTGACG,209,0.00014982078853046594
real_9000,6,GTGACT,194,0.00013906810035842294
real_9000,6,GTGAGA,334,0.00023942652329749103
real_9000,6,GTGAGC,146,0.00010465949820788531
real_9000,6,GTGAGG,142,0.0001017921146953405
real_9000,6,GTGAGT,182,0.00013046594982078853
real_9000,6,GTGATA,247,0.0001770609318996416
real_9000,6,GTGATC,299,0.00021433691756272402
real_9000,6,GTGATG,306,0.00021935483870967742
real_9000,6,GTGATT,564,0.0004043010752688172
real_9000,6,GTGCAA,136,9.74910394265233e-05
real_9000,6,GTGCAC,66,4.7311827956989246e-05
real_9000,6,GTGCAG,76,5.448028673835126e-05
real_9000,6,GTGCAT,90,6.451612903225807e-05
real_9000,6,GTGCCA,77,5.519713261648745e-05
real_9000,6,GTGCCC,44,3.154121863799283e-05
real_9000,6,GTGCCG,85,6.093189964157706e-05
real_9000,6,GTGCCT,66,4.7311827956989246e-05
real_9000,6,GTGCGA,81,5.806451612903226e-05
real_9000,6,GTGCGC,25,1.7921146953405018e-05
real_9000,6,GTGCGG,55,3.942652329749104e-05
real_9000,6,GTGCGT,84,6.021505376344086e-05
real_9000,6,GTGCTA,104,7.455197132616487e-05
real_9000,6,GTGCTC,145,0.0001039426523297491
real_9000,6,GTGCTG,100,7.168458781362007e-05
real_9000,6,GTGCTT,214,0.00015340501792114695
real_9000,6,GTGGAA,358,0.0002566308243727599
real_9000,6,GTGGAC,138,9.89247311827957e-05
real_9000,6,GTGGAG,319,0.00022867383512544803
real_9000,6,GTGGAT,323,0.00023154121863799284
real_9000,6,GTGGCA,175,0.00012544802867383513
real_9000,6,GTGGCC,109,7.813620071684588e-05
real_9000,6,GTGGCG,173,0.00012401433691756273
real_9000,6,GTGGCT,266,0.0001906810035842294
real_9000,6,GTGGGA,191,0.00013691756272401435
real_9000,6,GTGGGC,116,8.315412186379928e-05
real_9000,6,GTGGGG,92,6.594982078853046e-05
real_9000,6,GTGGGT,177,0.00012688172043010752
real_9000,6,GTGGTA,183,0.00013118279569892472
real_9000,6,GTGGTC,203,0.00014551971326164873
real_9000,6,GTGGTG,354,0.00025376344086021504
real_9000,6,GTGGTT,358,0.0002566308243727599
real_9000,6,GTGTAA,279,0.0002
real_9000,6,GTGTAC,144,0.0001032258064516129
real_9000,6,GTGTAG,155,0.00011111111111111112
real_9000,6,GTGTAT,259,0.00018566308243727597
real_9000,6,GTGTCA,259,0.00018566308243727597
real_9000,6,GTGTCC,119,8.530465949820788e-05
real_9000,6,GTGTCG,165,0.00011827956989247312
real_9000,6,GTGTCT,311,0.00022293906810035843
real_9000,6,GTGTGA,285,0.00020430107526881721
real_9000,6,GTGTGC,74,5.304659498207885e-05
real_9000,6,GTGTGG,179,0.00012831541218637994
real_9000,6,GTGTGT,401,0.0002874551971326165
real_9000,6,GTGTTA,291,0.00020860215053763442
real_9000,6,GTGTTC,366,0.00026236559139784945
real_9000,6,GTGTTG,434,0.0003111111111111111
real_9000,6,GTGTTT,734,0.0005261648745519713
real_9000,6,GTTAAA,523,0.000374910394265233
real_9000,6,GTTAAC,247,0.0001770609318996416
real_9000,6,GTTAAG,266,0.0001906810035842294
real_9000,6,GTTAAT,432,0.00030967741935483873
real_9000,6,GTTACA,309,0.000221505376344086
real_9000,6,GTTACC,206,0.00014767025089605735
real_9000,6,GTTACG,175,0.00012544802867383513
real_9000,6,GTTACT,347,0.00024874551971326166
real_9000,6,GTTAGA,319,0.00022867383512544803
real_9000,6,GTTAGC,154,0.0001103942652329749
real_9000,6,GTTAGG,191,0.00013691756272401435
real_9000,6,GTTAGT,256,0.00018351254480286738
real_9000,6,GTTATA,303,0.0002172043010752688
real_9000,6,GTTATC,347,0.00024874551971326166
real_9000,6,GTTATG,274,0.000196415770609319
real_9000,6,GTTATT,500,0.00035842293906810036
real_9000,6,GTTCAA,484,0.00034695340501792116
real_9000,6,GTTCAC,257,0.00018422939068100358
real_9000,6,GTTCAG,211,0.00015125448028673836
real_9000,6,GTTCAT,436,0.0003125448028673835
real_9000,6,GTTCCA,308,0.0002207885304659498
real_9000,6,GTTCCC,155,0.00011111111111111112
real_9000,6,GTTCCG,222,0.00015913978494623657
real_9000,6,GTTCCT,423,0.0003032258064516129
real_9000,6,GTTCGA,310,0.00022222222222222223
real_9000,6,GTTCGC,109,7.813620071684588e-05
real_9000,6,GTTCGG,175,0.00012544802867383513
real_9000,6,GTTCGT,284,0.000203584229390681
real_9000,6,GTTCTA,273,0.0001956989247311828
real_9000,6,GTTCTC,539,0.0003863799283154122
real_9000,6,GTTCTG,358,0.0002566308243727599
real_9000,6,GTTCTT,920,0.0006594982078853047
real_9000,6,GTTGAA,562,0.0004028673835125448
real_9000,6,GTTGAC,295,0.0002114695340501792
real_9000,6,GTTGAG,295,0.0002114695340501792
real_9000,6,GTTGAT,649,0.00046523297491039427
real_9000,6,GTTGCA,210,0.00015053763440860216
real_9000,6,GTTGCC,149,0.00010681003584229391
real_9000,6,GTTGCG,112,8.028673835125448e-05
real_9000,6,GTTGCT,355,0.00025448028673835123
real_9000,6,GTTGGA,333,0.00023870967741935483
real_9000,6,GTTGGC,145,0.0001039426523297491
real_9000,6,GTTGGG,216,0.00015483870967741937
real_9000,6,GTTGGT,354,0.00025376344086021504
real_9000,6,GTTGTA,262,0.0001878136200716846
real_9000,6,GTTGTC,265,0.00018996415770609318
real_9000,6,GTTGTG,343,0.0002458781362007168
real_9000,6,GTTGTT,835,0.0005985663082437276
real_9000,6,GTTTAA,655,0.00046953405017921145
real_9000,6,GTTTAC,335,0.00024014336917562725
real_9000,6,GTTTAG,517,0.00037060931899641575
real_9000,6,GTTTAT,684,0.0004903225806451613
real_9000,6,GTTTCA,763,0.0005469534050179212
real_9000,6,GTTTCC,561,0.0004021505376344086
real_9000,6,GTTTCG,509,0.0003648745519713262
real_9000,6,GTTTCT,1393,0.0009985663082437276
real_9000,6,GTTTGA,653,0.00046810035842293905
real_9000,6,GTTTGC,269,0.000192831541218638
real_9000,6,GTTTGG,567,0.0004064516129032258
real_9000,6,GTTTGT,730,0.0005232974910394265
real_9000,6,GTTTTA,844,0.0006050179211469534
real_9000,6,GTTTTC,1045,0.0007491039426523298
real_9000,6,GTTTTG,1275,0.0009139784946236559
real_9000,6,GTTTTT,1732,0.0012415770609318997
real_9000,6,TAAAAA,1800,0.0012903225806451613
real_9000,6,TAAAAC,682,0.0004888888888888889
real_9000,6,TAAAAG,670,0.0004802867383512545
real_9000,6,TAAAAT,1176,0.000843010752688172
real_9000,6,TAAACA,597,0.00042795698924731184
real_9000,6,TAAACC,659,0.0004724014336917563
real_9000,6,TAAACG,276,0.0001978494623655914
real_9000,6,TAAACT,481,0.0003448028673835125
real_9000,6,TAAAGA,696,0.0004989247311827957
real_9000,6,TAAAGC,357,0.0002559139784946237
real_9000,6,TAAAGG,296,0.0002121863799283154
real_9000,6,TAAAGT,553,0.000396415770609319
real_9000,6,TAAATA,894,0.0006408602150537635
real_9000,6,TAAATC,605,0.0004336917562724014
real_9000,6,TAAATG,437,0.0003132616487455197
real_9000,6,TAAATT,988,0.0007082437275985664
real_9000,6,TAACAA,612,0.00043870967741935484
real_9000,6,TAACAC,243,0.00017419354838709678
real_9000,6,TAACAG,221,0.00015842293906810035
real_9000,6,TAACAT,374,0.00026810035842293907
real_9000,6,TAACCA,371,0.0002659498207885305
real_9000,6,TAACCC,237,0.00016989247311827957
real_9000,6,TAACCG,221,0.00015842293906810035
real_9000,6,TAACCT,259,0.00018566308243727597
real_9000,6,TAACGA,299,0.00021433691756272402
real_9000,6,TAACGC,116,8.315412186379928e-05
real_9000,6,TAACGG,155,0.00011111111111111112
real_9000,6,TAACGT,194,0.00013906810035842294
real_9000,6,TAACTA,315,0.00022580645161290321
real_9000,6,TAACTC,317,0.00022724014336917563
real_9000,6,TAACTG,172,0.00012329749103942654
real_9000,6,TAACTT,426,0.0003053763440860215
real_9000,6,TAAGAA,716,0.0005132616487455198
real_9000,6,TAAGAC,199,0.00014265232974910395
real_9000,6,TAAGAG,324,0.00023225806451612904
real_9000,6,TAAGAT,414,0.0002967741935483871
real_9000,6,TAAGCA,239,0.00017132616487455196
real_9000,6,TAAGCC,220,0.00015770609318996415
real_9000,6,TAAGCG,104,7.455197132616487e-05
real_9000,6,TAAGCT,338,0.00024229390681003584
real_9000,6,TAAGGA,251,0.00017992831541218638
real_9000,6,TAAGGC,107,7.670250896057347e-05
real_9000,6,TAAGGG,129,9.247311827956989e-05
real_9000,6,TAAGGT,203,0.00014551971326164873
real_9000,6,TAAGTA,286,0.0002050179211469534
real_9000,6,TAAGTC,211,0.00015125448028673836
real_9000,6,TAAGTG,167,0.00011971326164874551
real_9000,6,TAAGTT,406,0.00029103942652329746
real_9000,6,TAATAA,1000,0.0007168458781362007
real_9000,6,TAATAC,271,0.00019426523297491038
real_9000,6,TAATAG,257,0.00018422939068100358
real_9000,6,TAATAT,679,0.00048673835125448027
real_9000,6,TAATCA,581,0.0004164874551971326
real_9000,6,TAATCC,367,0.00026308243727598564
real_9000,6,TAATCG,327,0.00023440860215053763
real_9000,6,TAATCT,704,0.0005046594982078853
real_9000,6,TAATGA,385,0.0002759856630824373
real_9000,6,TAATGC,157,0.00011254480286738351
real_9000,6,TAATGG,482,0.00034551971326164877
real_9000,6,TAATGT,357,0.0002559139784946237
real_9000,6,TAATTA,944,0.0006767025089605735
real_9000,6,TAATTC,563,0.000403584229390681
real_9000,6,TAATTG,582,0.00041720430107526884
real_9000,6,TAATTT,1430,0.0010250896057347671
real_9000,6,TACAAA,733,0.0005254480286738351
real_9000,6,TACAAC,263,0.00018853046594982079
real_9000,6,TACAAG,312,0.00022365591397849463
real_9000,6,TACAAT,426,0.0003053763440860215
real_9000,6,TACACA,345,0.00024731182795698927
real_9000,6,TACACC,142,0.0001017921146953405
real_9000,6,TACACG,173,0.00012401433691756273
real_9000,6,TACACT,252,0.00018064516129032257
real_9000,6,TACAGA,302,0.0002164874551971326
real_9000,6,TACAGC,109,7.813620071684588e-05
real_9000,6,TACAGG,89,6.379928315412186e-05
real_9000,6,TACAGT,194,0.00013906810035842294
real_9000,6,TACATA,352,0.00025232974910394264
real_9000,6,TACATC,248,0.00017777777777777779
real_9000,6,TACATG,202,0.00014480286738351254
real_9000,6,TACATT,351,0.00025161290322580645
real_9000,6,TACCAA,431,0.0003089605734767025
real_9000,6,TACCAC,178,0.00012759856630824371
real_9000,6,TACCAG,125,8.960573476702509e-05
real_9000,6,TACCAT,245,0.00017562724014336917
real_9000,6,TACCCA,208,0.00014910394265232974
real_9000,6,TACCCC,74,5.304659498207885e-05
real_9000,6,TACCCG,77,5.519713261648745e-05
real_9000,6,TACCCT,190,0.00013620071684587813
real_9000,6,TACCGA,157,0.00011254480286738351
real_9000,6,TACCGC,65,4.659498207885305e-05
real_9000,6,TACCGG,181,0.00012974910394265233
real_9000,6,TACCGT,180,0.00012903225806451613
real_9000,6,TACCTA,157,0.00011254480286738351
real_9000,6,TACCTC,243,0.00017419354838709678
real_9000,6,TACCTG,109,7.813620071684588e-05
real_9000,6,TACCTT,278,0.00019928315412186379
real_9000,6,TACGAA,254,0.000182078853046595
real_9000,6,TACGAC,154,0.0001103942652329749
real_9000,6,TACGAG,164,0.00011756272401433691
real_9000,6,TACGAT,285,0.00020430107526881721
real_9000,6,TACGCA,115,8.243727598566309e-05
real_9000,6,TACGCC,115,8.243727598566309e-05
real_9000,6,TACGCG,70,5.017921146953405e-05
real_9000,6,TACGCT,158,0.00011326164874551972
real_9000,6,TACGGA,197,0.00014121863799283155
real_9000,6,TACGGC,144,0.0001032258064516129
real_9000,6,TACGGG,56,4.014336917562724e-05
real_9000,6,TACGGT,185,0.00013261648745519714
real_9000,6,TACGTA,149,0.00010681003584229391
real_9000,6,TACGTC,124,8.888888888888889e-05
real_9000,6,TACGTG,160,0.00011469534050179211
real_9000,6,TACGTT,221,0.00015842293906810035
real_9000,6,TACTAA,373,0.0002673835125448029
real_9000,6,TACTAC,253,0.00018136200716845877
real_9000,6,TACTAG,157,0.00011254480286738351
real_9000,6,TACTAT,294,0.000210752688172043
real_9000,6,TACTCA,304,0.00021792114695340503
real_9000,6,TACTCC,203,0.00014551971326164873
real_9000,6,TACTCG,195,0.00013978494623655913
real_9000,6,TACTCT,548,0.000392831541218638
real_9000,6,TACTGA,202,0.00014480286738351254
real_9000,6,TACTGC,118,8.458781362007169e-05
real_9000,6,TACTGG,143,0.0001025089605734767
real_9000,6,TACTGT,278,0.00019928315412186379
real_9000,6,TACTTA,327,0.00023440860215053763
real_9000,6,TACTTC,416,0.0002982078853046595
real_9000,6,TACTTG,354,0.00025376344086021504
real_9000,6,TACTTT,606,0.0004344086021505376
real_9000,6,TAGAAA,625,0.00044802867383512545
real_9000,6,TAGAAC,195,0.00013978494623655913
real_9000,6,TAGAAG,333,0.00023870967741935483
real_9000,6,TAGAAT,351,0.00025161290322580645
real_9000,6,TAGACA,209,0.00014982078853046594
real_9000,6,TAGACC,127,9.10394265232975e-05
real_9000,6,TAGACG,99,7.096774193548388e-05
real_9000,6,TAGACT,192,0.00013763440860215055
real_9000,6,TAGAGA,533,0.000382078853046595
real_9000,6,TAGAGC,148,0.0001060931899641577
real_9000,6,TAGAGG,174,0.00012473118279569893
real_9000,6,TAGAGT,231,0.00016559139784946237
real_9000,6,TAGATA,375,0.00026881720430107527
real_9000,6,TAGATC,468,0.0003354838709677419
real_9000,6,TAGATG,234,0.00016774193548387096
real_9000,6,TAGATT,680,0.00048745519713261647
real_9000,6,TAGCAA,277,0.0001985663082437276
real_9000,6,TAGCAC,87,6.236559139784946e-05
real_9000,6,TAGCAG,108,7.741935483870968e-05
real_9000,6,TAGCAT,151,0.0001082437275985663
real_9000,6,TAGCCA,191,0.00013691756272401435
real_9000,6,TAGCCC,105,7.526881720430108e-05
real_9000,6,TAGCCG,118,8.458781362007169e-05
real_9000,6,TAGCCT,118,8.458781362007169e-05
real_9000,6,TAGCGA,140,0.0001003584229390681
real_9000,6,TAGCGC,39,2.7956989247311828e-05
real_9000,6,TAGCGG,76,5.448028673835126e-05
real_9000,6,TAGCGT,83,5.949820788530466e-05
real_9000,6,TAGCTA,235,0.00016845878136200718
real_9000,6,TAGCTC,272,0.0001949820788530466
real_9000,6,TAGCTG,191,0.00013691756272401435
real_9000,6,TAGCTT,488,0.00034982078853046595
real_9000,6,TAGGAA,283,0.0002028673835125448
real_9000,6,TAGGAC,76,5.448028673835126e-05
real_9000,6,TAGGAG,115,8.243727598566309e-05
real_9000,6,TAGGAT,219,0.00015698924731182796
real_9000,6,TAGGCA,86,6.164874551971327e-05
real_9000,6,TAGGCC,156,0.00011182795698924731
real_9000,6,TAGGCG,51,3.655913978494624e-05
real_9000,6,TAGGCT,112,8.028673835125448e-05
real_9000,6,TAGGGA,137,9.82078853046595e-05
real_9000,6,TAGGGC,88,6.308243727598566e-05
real_9000,6,TAGGGG,60,4.301075268817204e-05
real_9000,6,TAGGGT,541,0.00038781362007168457
real_9000,6,TAGGTA,105,7.526881720430108e-05
real_9000,6,TAGGTC,138,9.89247311827957e-05
real_9000,6,TAGGTG,112,8.028673835125448e-05
real_9000,6,TAGGTT,332,0.00023799283154121863
real_9000,6,TAGTAA,416,0.0002982078853046595
real_9000,6,TAGTAC,133,9.53405017921147e-05
real_9000,6,TAGTAG,242,0.00017347670250896058
real_9000,6,TAGTAT,231,0.00016559139784946237
real_9000,6,TAGTCA,247,0.0001770609318996416
real_9000,6,TAGTCC,118,8.458781362007169e-05
real_9000,6,TAGTCG,129,9.247311827956989e-05
real_9000,6,TAGTCT,289,0.000207168458781362
real_9000,6,TAGTGA,273,0.0001956989247311828
real_9000,6,TAGTGC,81,5.806451612903226e-05
real_9000,6,TAGTGG,193,0.00013835125448028674
real_9000,6,TAGTGT,247,0.0001770609318996416
real_9000,6,TAGTTA,296,0.0002121863799283154
real_9000,6,TAGTTC,265,0.00018996415770609318
real_9000,6,TAGTTG,314,0.00022508960573476702
real_9000,6,TAGTTT,818,0.0005863799283154122
real_9000,6,TATAAA,869,0.0006229390681003584
real_9000,6,TATAAC,291,0.00020860215053763442
real_9000,6,TATAAG,258,0.00018494623655913978
real_9000,6,TATAAT,673,0.0004824372759856631
real_9000,6,TATACA,381,0.00027311827956989245
real_9000,6,TATACC,165,0.00011827956989247312
real_9000,6,TATACG,164,0.00011756272401433691
real_9000,6,TATACT,301,0.0002157706093189964
real_9000,6,TATAGA,367,0.00026308243727598564
real_9000,6,TATAGC,158,0.00011326164874551972
real_9000,6,TATAGG,126,9.032258064516129e-05
real_9000,6,TATAGT,323,0.00023154121863799284
real_9000,6,TATATA,1043,0.0007476702508960574
real_9000,6,TATATC,389,0.00027885304659498207
real_9000,6,TATATG,399,0.0002860215053763441
real_9000,6,TATATT,797,0.000571326164874552
real_9000,6,TATCAA,586,0.0004200716845878136
real_9000,6,TATCAC,258,0.00018494623655913978
real_9000,6,TATCAG,258,0.00018494623655913978
real_9000,6,TATCAT,540,0.0003870967741935484
real_9000,6,TATCCA,403,0.0002888888888888889
real_9000,6,TATCCC,165,0.00011827956989247312
real_9000,6,TATCCG,182,0.00013046594982078853
real_9000,6,TATCCT,337,0.00024157706093189964
real_9000,6,TATCGA,300,0.00021505376344086021
real_9000,6,TATCGC,142,0.0001017921146953405
real_9000,6,TATCGG,173,0.00012401433691756273
real_9000,6,TATCGT,269,0.000192831541218638
real_9000,6,TATCTA,409,0.0002931899641577061
real_9000,6,TATCTC,743,0.0005326164874551972
real_9000,6,TATCTG,347,0.00024874551971326166
real_9000,6,TATCTT,777,0.000556989247311828
real_9000,6,TATGAA,455,0.0003261648745519713
real_9000,6,TATGAC,168,0.00012043010752688172
real_9000,6,TATGAG,201,0.00014408602150537634
real_9000,6,TATGAT,487,0.00034910394265232975
real_9000,6,TATGCA,193,0.00013835125448028674
real_9000,6,TATGCC,101,7.240143369175627e-05
real_9000,6,TATGCG,92,6.594982078853046e-05
real_9000,6,TATGCT,227,0.00016272401433691755
real_9000,6,TATGGA,412,0.0002953405017921147
real_9000,6,TATGGC,214,0.00015340501792114695
real_9000,6,TATGGG,232,0.00016630824372759856
real_9000,6,TATGGT,293,0.0002100358422939068
real_9000,6,TATGTA,342,0.0002451612903225806
real_9000,6,TATGTC,239,0.00017132616487455196
real_9000,6,TATGTG,253,0.00018136200716845877
real_9000,6,TATGTT,527,0.00037777777777777777
real_9000,6,TATTAA,678,0.00048602150537634407
real_9000,6,TATTAC,350,0.00025089605734767025
real_9000,6,TATTAG,324,0.00023225806451612904
real_9000,6,TATTAT,803,0.0005756272401433692
real_9000,6,TATTCA,494,0.0003541218637992832
real_9000,6,TATTCC,330,0.00023655913978494624
real_9000,6,TATTCG,259,0.00018566308243727597
real_9000,6,TATTCT,583,0.00041792114695340504
real_9000,6,TATTGA,548,0.000392831541218638
real_9000,6,TATTGC,225,0.00016129032258064516
real_9000,6,TATTGG,379,0.00027168458781362005
real_9000,6,TATTGT,497,0.00035627240143369177
real_9000,6,TATTTA,752,0.0005390681003584229
real_9000,6,TATTTC,701,0.0005025089605734767
real_9000,6,TATTTG,661,0.0004738351254480287
real_9000,6,TATTTT,1643,0.0011777777777777778
real_9000,6,TCAAAA,1353,0.0009698924731182796
real_9000,6,TCAAAC,718,0.0005146953405017921
real_9000,6,TCAAAG,780,0.0005591397849462365
real_9000,6,TCAAAT,1069,0.0007663082437275986
real_9000,6,TCAACA,600,0.00043010752688172043
real_9000,6,TCAACC,427,0.0003060931899641577
real_9000,6,TCAACG,414,0.0002967741935483871
real_9000,6,TCAACT,445,0.00031899641577060934
real_9000,6,TCAAGA,648,0.00046451612903225807
real_9000,6,TCAAGC,397,0.0002845878136200717
real_9000,6,TCAAGG,319,0.00022867383512544803
real_9000,6,TCAAGT,485,0.00034767025089605736
real_9000,6,TCAATA,494,0.0003541218637992832
real_9000,6,TCAATC,902,0.000646594982078853
real_9000,6,TCAATG,469,0.00033620071684587816
real_9000,6,TCAATT,1146,0.000821505376344086
real_9000,6,TCACAA,626,0.00044874551971326164
real_9000,6,TCACAC,360,0.00025806451612903227
real_9000,6,TCACAG,251,0.00017992831541218638
real_9000,6,TCACAT,408,0.0002924731182795699
real_9000,6,TCACCA,554,0.0003971326164874552
real_9000,6,TCACCC,165,0.00011827956989247312
real_9000,6,TCACCG,449,0.0003218637992831541
real_9000,6,TCACCT,332,0.00023799283154121863
real_9000,6,TCACGA,305,0.00021863799283154122
real_9000,6,TCACGC,179,0.00012831541218637994
real_9000,6,TCACGG,173,0.00012401433691756273
real_9000,6,TCACGT,237,0.00016989247311827957
real_9000,6,TCACTA,339,0.00024301075268817204
real_9000,6,TCACTC,556,0.00039856630824372757
real_9000,6,TCACTG,327,0.00023440860215053763
real_9000,6,TCACTT,665,0.00047670250896057347
real_9000,6,TCAGAA,615,0.00044086021505376343
real_9000,6,TCAGAC,264,0.00018924731182795698
real_9000,6,TCAGAG,390,0.00027956989247311827
real_9000,6,TCAGAT,682,0.0004888888888888889
real_9000,6,TCAGCA,233,0.00016702508960573476
real_9000,6,TCAGCC,236,0.00016917562724014338
real_9000,6,TCAGCG,132,9.462365591397849e-05
real_9000,6,TCAGCT,487,0.00034910394265232975
real_9000,6,TCAGGA,208,0.00014910394265232974
real_9000,6,TCAGGC,125,8.960573476702509e-05
real_9000,6,TCAGGG,100,7.168458781362007e-05
real_9000,6,TCAGGT,145,0.0001039426523297491
real_9000,6,TCAGTA,198,0.00014193548387096775
real_9000,6,TCAGTC,242,0.00017347670250896058
real_9000,6,TCAGTG,221,0.00015842293906810035
real_9000,6,TCAGTT,428,0.0003068100358422939
real_9000,6,TCATAA,545,0.0003906810035842294
real_9000,6,TCATAC,205,0.00014695340501792115
real_9000,6,TCATAG,277,0.0001985663082437276
real_9000,6,TCATAT,520,0.0003727598566308244
real_9000,6,TCATCA,1116,0.0008
real_9000,6,TCATCC,462,0.00033118279569892473
real_9000,6,TCATCG,617,0.0004422939068100358
real_9000,6,TCATCT,1012,0.0007254480286738351
real_9000,6,TCATGA,345,0.00024731182795698927
real_9000,6,TCATGC,164,0.00011756272401433691
real_9000,6,TCATGG,398,0.0002853046594982079
real_9000,6,TCATGT,444,0.00031827956989247314
real_9000,6,TCATTA,498,0.00035698924731182797
real_9000,6,TCATTC,569,0.00040788530465949823
real_9000,6,TCATTG,437,0.0003132616487455197
real_9000,6,TCATTT,1067,0.0007648745519713262
real_9000,6,TCCAAA,916,0.0006566308243727599
real_9000,6,TCCAAC,430,0.0003082437275985663
real_9000,6,TCCAAG,398,0.0002853046594982079
real_9000,6,TCCAAT,646,0.0004630824372759857
real_9000,6,TCCACA,357,0.0002559139784946237
real_9000,6,TCCACC,431,0.0003089605734767025
real_9000,6,TCCACG,262,0.0001878136200716846
real_9000,6,TCCACT,365,0.00026164874551971325
real_9000,6,TCCAGA,379,0.00027168458781362005
real_9000,6,TCCAGC,204,0.00014623655913978496
real_9000,6,TCCAGG,132,9.462365591397849e-05
real_9000,6,TCCAGT,214,0.00015340501792114695
real_9000,6,TCCATA,293,0.0002100358422939068
real_9000,6,TCCATC,530,0.00037992831541218636
real_9000,6,TCCATG,347,0.00024874551971326166
real_9000,6,TCCATT,624,0.00044731182795698925
real_9000,6,TCCCAA,482,0.00034551971326164877
real_9000,6,TCCCAC,241,0.00017275985663082438
real_9000,6,TCCCAG,137,9.82078853046595e-05
real_9000,6,TCCCAT,275,0.0001971326164874552
real_9000,6,TCCCCA,257,0.00018422939068100358
real_9000,6,TCCCCC,119,8.530465949820788e-05
real_9000,6,TCCCCG,104,7.455197132616487e-05
real_9000,6,TCCCCT,190,0.00013620071684587813
real_9000,6,TCCCGA,202,0.00014480286738351254
real_9000,6,TCCCGC,137,9.82078853046595e-05
real_9000,6,TCCCGG,169,0.00012114695340501792
real_9000,6,TCCCGT,142,0.0001017921146953405
real_9000,6,TCCCTA,231,0.00016559139784946237
real_9000,6,TCCCTC,448,0.00032114695340501793
real_9000,6,TCCCTG,136,9.74910394265233e-05
real_9000,6,TCCCTT,429,0.0003075268817204301
real_9000,6,TCCGAA,334,0.00023942652329749103
real_9000,6,TCCGAC,347,0.00024874551971326166
real_9000,6,TCCGAG,215,0.00015412186379928314
real_9000,6,TCCGAT,748,0.0005362007168458781
real_9000,6,TCCGCA,123,8.817204301075268e-05
real_9000,6,TCCGCC,375,0.00026881720430107527
real_9000,6,TCCGCG,71,5.089605734767025e-05
real_9000,6,TCCGCT,190,0.00013620071684587813
real_9000,6,TCCGGA,212,0.00015197132616487455
real_9000,6,TCCGGC,331,0.00023727598566308244
real_9000,6,TCCGGG,107,7.670250896057347e-05
real_9000,6,TCCGGT,420,0.0003010752688172043
real_9000,6,TCCGTA,202,0.00014480286738351254
real_9000,6,TCCGTC,409,0.0002931899641577061
real_9000,6,TCCGTG,184,0.00013189964157706092
real_9000,6,TCCGTT,428,0.0003068100358422939
real_9000,6,TCCTAA,365,0.00026164874551971325
real_9000,6,TCCTAC,232,0.00016630824372759856
real_9000,6,TCCTAG,141,0.0001010752688172043
real_9000,6,TCCTAT,232,0.00016630824372759856
real_9000,6,TCCTCA,600,0.00043010752688172043
real_9000,6,TCCTCC,989,0.0007089605734767026
real_9000,6,TCCTCG,396,0.0002838709677419355
real_9000,6,TCCTCT,1220,0.0008745519713261649
real_9000,6,TCCTGA,281,0.0002014336917562724
real_9000,6,TCCTGC,147,0.0001053763440860215
real_9000,6,TCCTGG,153,0.00010967741935483871
real_9000,6,TCCTGT,221,0.00015842293906810035
real_9000,6,TCCTTA,486,0.00034838709677419355
real_9000,6,TCCTTC,1056,0.0007569892473118279
real_9000,6,TCCTTG,384,0.0002752688172043011
real_9000,6,TCCTTT,919,0.0006587813620071685
real_9000,6,TCGAAA,646,0.0004630824372759857
real_9000,6,TCGAAC,257,0.00018422939068100358
real_9000,6,TCGAAG,437,0.0003132616487455197
real_9000,6,TCGAAT,619,0.00044372759856630827
real_9000,6,TCGACA,228,0.00016344086021505375
real_9000,6,TCGACC,170,0.00012186379928315412
real_9000,6,TCGACG,300,0.00021505376344086021
real_9000,6,TCGACT,221,0.00015842293906810035
real_9000,6,TCGAGA,422,0.0003025089605734767
real_9000,6,TCGAGC,245,0.00017562724014336917
real_9000,6,TCGAGG,180,0.00012903225806451613
real_9000,6,TCGAGT,258,0.00018494623655913978
real_9000,6,TCGATA,291,0.00020860215053763442
real_9000,6,TCGATC,618,0.000443010752688172
real_9000,6,TCGATG,377,0.00027025089605734766
real_9000,6,TCGATT,1131,0.000810752688172043
real_9000,6,TCGCAA,193,0.00013835125448028674
real_9000,6,TCGCAC,91,6.523297491039426e-05
real_9000,6,TCGCAG,152,0.00010896057347670251
real_9000,6,TCGCAT,147,0.0001053763440860215
real_9000,6,TCGCCA,241,0.00017275985663082438
real_9000,6,TCGCCC,52,3.7275985663082435e-05
real_9000,6,TCGCCG,558,0.0004
real_9000,6,TCGCCT,186,0.00013333333333333334
real_9000,6,TCGCGA,147,0.0001053763440860215
real_9000,6,TCGCGC,72,5.161290322580645e-05
real_9000,6,TCGCGG,84,6.021505376344086e-05
real_9000,6,TCGCGT,127,9.10394265232975e-05
real_9000,6,TCGCTA,182,0.00013046594982078853
real_9000,6,TCGCTC,288,0.0002064516129032258
real_9000,6,TCGCTG,245,0.00017562724014336917
real_9000,6,TCGCTT,440,0.0003154121863799283
real_9000,6,TCGGAA,399,0.0002860215053763441
real_9000,6,TCGGAC,135,9.67741935483871e-05
real_9000,6,TCGGAG,391,0.00028028673835125446
real_9000,6,TCGGAT,350,0.00025089605734767025
real_9000,6,TCGGCA,103,7.383512544802867e-05
real_9000,6,TCGGCC,114,8.172043010752688e-05
real_9000,6,TCGGCG,229,0.00016415770609318997
real_9000,6,TCGGCT,166,0.00011899641577060932
real_9000,6,TCGGGA,156,0.00011182795698924731
real_9000,6,TCGGGC,40,2.8673835125448028e-05
real_9000,6,TCGGGG,40,2.8673835125448028e-05
real_9000,6,TCGGGT,189,0.00013548387096774193
real_9000,6,TCGGTA,158,0.00011326164874551972
real_9000,6,TCGGTC,125,8.960573476702509e-05
real_9000,6,TCGGTG,251,0.00017992831541218638
real_9000,6,TCGGTT,385,0.0002759856630824373
real_9000,6,TCGTAA,333,0.00023870967741935483
real_9000,6,TCGTAC,160,0.00011469534050179211
real_9000,6,TCGTAG,218,0.00015627240143369176
real_9000,6,TCGTAT,305,0.00021863799283154122
real_9000,6,TCGTCA,418,0.0002996415770609319
real_9000,6,TCGTCC,295,0.0002114695340501792
real_9000,6,TCGTCG,577,0.0004136200716845878
real_9000,6,TCGTCT,492,0.00035268817204301073
real_9000,6,TCGTGA,292,0.00020931899641577062
real_9000,6,TCGTGC,160,0.00011469534050179211
real_9000,6,TCGTGG,225,0.00016129032258064516
real_9000,6,TCGTGT,359,0.00025734767025089607
real_9000,6,TCGTTA,377,0.00027025089605734766
real_9000,6,TCGTTC,358,0.0002566308243727599
real_9000,6,TCGTTG,476,0.00034121863799283154
real_9000,6,TCGTTT,920,0.0006594982078853047
real_9000,6,TCTAAA,750,0.0005376344086021505
real_9000,6,TCTAAC,296,0.0002121863799283154
real_9000,6,TCTAAG,288,0.0002064516129032258
real_9000,6,TCTAAT,684,0.0004903225806451613
real_9000,6,TCTACA,374,0.00026810035842293907
real_9000,6,TCTACC,279,0.0002
real_9000,6,TCTACG,259,0.00018566308243727597
real_9000,6,TCTACT,500,0.00035842293906810036
real_9000,6,TCTAGA,363,0.00026021505376344086
real_9000,6,TCTAGC,186,0.00013333333333333334
real_9000,6,TCTAGG,250,0.00017921146953405018
real_9000,6,TCTAGT,327,0.00023440860215053763
real_9000,6,TCTATA,434,0.0003111111111111111
real_9000,6,TCTATC,593,0.000425089605734767
real_9000,6,TCTATG,329,0.00023584229390681005
real_9000,6,TCTATT,663,0.00047526881720430107
real_9000,6,TCTCAA,1029,0.0007376344086021505
real_9000,6,TCTCAC,625,0.00044802867383512545
real_9000,6,TCTCAG,558,0.0004
real_9000,6,TCTCAT,795,0.0005698924731182796
real_9000,6,TCTCCA,866,0.0006207885304659499
real_9000,6,TCTCCC,501,0.00035913978494623655
real_9000,6,TCTCCG,878,0.0006293906810035842
real_9000,6,TCTCCT,1108,0.0007942652329749104
real_9000,6,TCTCGA,598,0.00042867383512544804
real_9000,6,TCTCGC,406,0.00029103942652329746
real_9000,6,TCTCGG,259,0.00018566308243727597
real_9000,6,TCTCGT,510,0.0003655913978494624
real_9000,6,TCTCTA,973,0.0006974910394265233
real_9000,6,TCTCTC,3547,0.0025426523297491037
real_9000,6,TCTCTG,1090,0.0007813620071684588
real_9000,6,TCTCTT,2255,0.0016164874551971326
real_9000,6,TCTGAA,692,0.0004960573476702509
real_9000,6,TCTGAC,240,0.00017204301075268816
real_9000,6,TCTGAG,378,0.00027096774193548386
real_9000,6,TCTGAT,818,0.0005863799283154122
real_9000,6,TCTGCA,330,0.00023655913978494624
real_9000,6,TCTGCC,187,0.00013405017921146954
real_9000,6,TCTGCG,194,0.00013906810035842294
real_9000,6,TCTGCT,543,0.00038924731182795697
real_9000,6,TCTGGA,402,0.0002881720430107527
real_9000,6,TCTGGC,160,0.00011469534050179211
real_9000,6,TCTGGG,370,0.0002652329749103943
real_9000,6,TCTGGT,407,0.0002917562724014337
real_9000,6,TCTGTA,392,0.00028100358422939066
real_9000,6,TCTGTC,416,0.0002982078853046595
real_9000,6,TCTGTG,407,0.0002917562724014337
real_9000,6,TCTGTT,1120,0.0008028673835125448
real_9000,6,TCTTAA,711,0.0005096774193548387
real_9000,6,TCTTAC,517,0.00037060931899641575
real_9000,6,TCTTAG,411,0.0002946236559139785
real_9000,6,TCTTAT,782,0.0005605734767025089
real_9000,6,TCTTCA,1578,0.0011311827956989248
real_9000,6,TCTTCC,1315,0.000942652329749104
real_9000,6,TCTTCG,888,0.0006365591397849463
real_9000,6,TCTTCT,4056,0.0029075268817204303
real_9000,6,TCTTGA,648,0.00046451612903225807
real_9000,6,TCTTGC,354,0.00025376344086021504
real_9000,6,TCTTGG,364,0.00026093189964157705
real_9000,6,TCTTGT,776,0.0005562724014336918
real_9000,6,TCTTTA,863,0.0006186379928315413
real_9000,6,TCTTTC,1545,0.0011075268817204301
real_9000,6,TCTTTG,995,0.0007132616487455197
real_9000,6,TCTTTT,1934,0.0013863799283154123
real_9000,6,TGAAAA,1047,0.0007505376344086022
real_9000,6,TGAAAC,507,0.0003634408602150538
real_9000,6,TGAAAG,502,0.00035985663082437275
real_9000,6,TGAAAT,814,0.0005835125448028674
real_9000,6,TGAACA,330,0.00023655913978494624
real_9000,6,TGAACC,249,0.00017849462365591398
real_9000,6,TGAACG,141,0.0001010752688172043
real_9000,6,TGAACT,289,0.000207168458781362
real_9000,6,TGAAGA,905,0.0006487455197132616
real_9000,6,TGAAGC,416,0.0002982078853046595
real_9000,6,TGAAGG,282,0.0002021505376344086
real_9000,6,TGAAGT,438,0.0003139784946236559
real_9000,6,TGAATA,383,0.0002745519713261649
real_9000,6,TGAATC,672,0.0004817204301075269
real_9000,6,TGAATG,291,0.00020860215053763442
real_9000,6,TGAATT,918,0.0006580645161290323
real_9000,6,TGACAA,341,0.00024444444444444443
real_9000,6,TGACAC,189,0.00013548387096774193
real_9000,6,TGACAG,130,9.31899641577061e-05
real_9000,6,TGACAT,249,0.00017849462365591398
real_9000,6,TGACCA,269,0.000192831541218638
real_9000,6,TGACCC,165,0.00011827956989247312
real_9000,6,TGACCG,123,8.817204301075268e-05
real_9000,6,TGACCT,186,0.00013333333333333334
real_9000,6,TGACGA,325,0.00023297491039426523
real_9000,6,TGACGC,116,8.315412186379928e-05
real_9000,6,TGACGG,177,0.00012688172043010752
real_9000,6,TGACGT,226,0.00016200716845878136
real_9000,6,TGACTA,221,0.00015842293906810035
real_9000,6,TGACTC,315,0.00022580645161290321
real_9000,6,TGACTG,162,0.00011612903225806452
real_9000,6,TGACTT,439,0.0003146953405017921
real_9000,6,TGAGAA,670,0.0004802867383512545
real_9000,6,TGAGAC,141,0.0001010752688172043
real_9000,6,TGAGAG,377,0.00027025089605734766
real_9000,6,TGAGAT,542,0.00038853046594982077
real_9000,6,TGAGCA,178,0.00012759856630824371
real_9000,6,TGAGCC,133,9.53405017921147e-05
real_9000,6,TGAGCG,80,5.7347670250896056e-05
real_9000,6,TGAGCT,367,0.00026308243727598564
real_9000,6,TGAGGA,344,0.00024659498207885307
real_9000,6,TGAGGC,116,8.315412186379928e-05
real_9000,6,TGAGGG,96,6.881720430107527e-05
real_9000,6,TGAGGT,173,0.00012401433691756273
real_9000,6,TGAGTA,208,0.00014910394265232974
real_9000,6,TGAGTC,255,0.0001827956989247312
real_9000,6,TGAGTG,232,0.00016630824372759856
real_9000,6,TGAGTT,500,0.00035842293906810036
real_9000,6,TGATAA,567,0.0004064516129032258
real_9000,6,TGATAC,206,0.00014767025089605735
real_9000,6,TGATAG,236,0.00016917562724014338
real_9000,6,TGATAT,446,0.00031971326164874554
real_9000,6,TGATCA,485,0.00034767025089605736
real_9000,6,TGATCC,310,0.00022222222222222223
real_9000,6,TGATCG,358,0.0002566308243727599
real_9000,6,TGATCT,687,0.0004924731182795698
real_9000,6,TGATGA,788,0.0005648745519713262
real_9000,6,TGATGC,246,0.00017634408602150537
real_9000,6,TGATGG,337,0.00024157706093189964
real_9000,6,TGATGT,416,0.0002982078853046595
real_9000,6,TGATTA,676,0.0004845878136200717
real_9000,6,TGATTC,895,0.0006415770609318997
real_9000,6,TGATTG,657,0.0004709677419354839
real_9000,6,TGATTT,1460,0.001046594982078853
real_9000,6,TGCAAA,440,0.0003154121863799283
real_9000,6,TGCAAC,200,0.00014336917562724014
real_9000,6,TGCAAG,184,0.00013189964157706092
real_9000,6,TGCAAT,295,0.0002114695340501792
real_9000,6,TGCACA,126,9.032258064516129e-05
real_9000,6,TGCACC,90,6.451612903225807e-05
real_9000,6,TGCACG,69,4.946236559139785e-05
real_9000,6,TGCACT,84,6.021505376344086e-05
real_9000,6,TGCAGA,219,0.00015698924731182796
real_9000,6,TGCAGC,165,0.00011827956989247312
real_9000,6,TGCAGG,54,3.870967741935484e-05
real_9000,6,TGCAGT,113,8.100358422939068e-05
real_9000,6,TGCATA,163,0.00011684587813620071
real_9000,6,TGCATC,210,0.00015053763440860216
real_9000,6,TGCATG,127,9.10394265232975e-05
real_9000,6,TGCATT,255,0.0001827956989247312
real_9000,6,TGCCAA,204,0.00014623655913978496
real_9000,6,TGCCAC,178,0.00012759856630824371
real_9000,6,TGCCAG,76,5.448028673835126e-05
real_9000,6,TGCCAT,170,0.00012186379928315412
real_9000,6,TGCCCA,119,8.530465949820788e-05
real_9000,6,TGCCCC,54,3.870967741935484e-05
real_9000,6,TGCCCG,34,2.4372759856630826e-05
real_9000,6,TGCCCT,106,7.598566308243728e-05
real_9000,6,TGCCGA,145,0.0001039426523297491
real_9000,6,TGCCGC,77,5.519713261648745e-05
real_9000,6,TGCCGG,103,7.383512544802867e-05
real_9000,6,TGCCGT,143,0.0001025089605734767
real_9000,6,TGCCTA,100,7.168458781362007e-05
real_9000,6,TGCCTC,204,0.00014623655913978496
real_9000,6,TGCCTG,52,3.7275985663082435e-05
real_9000,6,TGCCTT,218,0.00015627240143369176
real_9000,6,TGCGAA,160,0.00011469534050179211
real_9000,6,TGCGAC,107,7.670250896057347e-05
real_9000,6,TGCGAG,105,7.526881720430108e-05
real_9000,6,TGCGAT,233,0.00016702508960573476
real_9000,6,TGCGCA,65,4.659498207885305e-05
real_9000,6,TGCGCC,64,4.5878136200716846e-05
real_9000,6,TGCGCG,29,2.078853046594982e-05
real_9000,6,TGCGCT,58,4.157706093189964e-05
real_9000,6,TGCGGA,75,5.3763440860215054e-05
real_9000,6,TGCGGC,119,8.530465949820788e-05
real_9000,6,TGCGGG,37,2.6523297491039425e-05
real_9000,6,TGCGGT,87,6.236559139784946e-05
real_9000,6,TGCGTA,92,6.594982078853046e-05
real_9000,6,TGCGTC,137,9.82078853046595e-05
real_9000,6,TGCGTG,99,7.096774193548388e-05
real_9000,6,TGCGTT,219,0.00015698924731182796
real_9000,6,TGCTAA,258,0.00018494623655913978
real_9000,6,TGCTAC,173,0.00012401433691756273
real_9000,6,TGCTAG,122,8.745519713261649e-05
real_9000,6,TGCTAT,183,0.00013118279569892472
real_9000,6,TGCTCA,275,0.0001971326164874552
real_9000,6,TGCTCC,259,0.00018566308243727597
real_9000,6,TGCTCG,176,0.00012616487455197132
real_9000,6,TGCTCT,455,0.0003261648745519713
real_9000,6,TGCTGA,263,0.00018853046594982079
real_9000,6,TGCTGC,214,0.00015340501792114695
real_9000,6,TGCTGG,123,8.817204301075268e-05
real_9000,6,TGCTGT,209,0.00014982078853046594
real_9000,6,TGCTTA,334,0.00023942652329749103
real_9000,6,TGCTTC,655,0.00046953405017921145
real_9000,6,TGCTTG,281,0.0002014336917562724
real_9000,6,TGCTTT,622,0.00044587813620071686
real_9000,6,TGGAAA,584,0.00041863799283154123
real_9000,6,TGGAAC,304,0.00021792114695340503
real_9000,6,TGGAAG,395,0.0002831541218637993
real_9000,6,TGGAAT,484,0.00034695340501792116
real_9000,6,TGGACA,185,0.00013261648745519714
real_9000,6,TGGACC,187,0.00013405017921146954
real_9000,6,TGGACG,137,9.82078853046595e-05
real_9000,6,TGGACT,191,0.00013691756272401435
real_9000,6,TGGAGA,573,0.000410752688172043
real_9000,6,TGGAGC,243,0.00017419354838709678
real_9000,6,TGGAGG,261,0.0001870967741935484
real_9000,6,TGGAGT,291,0.00020860215053763442
real_9000,6,TGGATA,313,0.00022437275985663082
real_9000,6,TGGATC,477,0.00034193548387096773
real_9000,6,TGGATG,264,0.00018924731182795698
real_9000,6,TGGATT,757,0.0005426523297491039
real_9000,6,TGGCAA,290,0.0002078853046594982
real_9000,6,TGGCAC,97,6.953405017921147e-05
real_9000,6,TGGCAG,129,9.247311827956989e-05
real_9000,6,TGGCAT,163,0.00011684587813620071
real_9000,6,TGGCCA,172,0.00012329749103942654
real_9000,6,TGGCCC,142,0.0001017921146953405
real_9000,6,TGGCCG,160,0.00011469534050179211
real_9000,6,TGGCCT,128,9.175627240143369e-05
real_9000,6,TGGCGA,300,0.00021505376344086021
real_9000,6,TGGCGC,97,6.953405017921147e-05
real_9000,6,TGGCGG,299,0.00021433691756272402
real_9000,6,TGGCGT,200,0.00014336917562724014
real_9000,6,TGGCTA,251,0.00017992831541218638
real_9000,6,TGGCTC,315,0.00022580645161290321
real_9000,6,TGGCTG,207,0.00014838709677419355
real_9000,6,TGGCTT,412,0.0002953405017921147
real_9000,6,TGGGAA,371,0.0002659498207885305
real_9000,6,TGGGAC,111,7.956989247311829e-05
real_9000,6,TGGGAG,195,0.00013978494623655913
real_9000,6,TGGGAT,301,0.0002157706093189964
real_9000,6,TGGGCA,123,8.817204301075268e-05
real_9000,6,TGGGCC,383,0.0002745519713261649
real_9000,6,TGGGCG,55,3.942652329749104e-05
real_9000,6,TGGGCT,386,0.0002767025089605735
real_9000,6,TGGGGA,212,0.00015197132616487455
real_9000,6,TGGGGC,80,5.7347670250896056e-05
real_9000,6,TGGGGG,101,7.240143369175627e-05
real_9000,6,TGGGGT,192,0.00013763440860215055
real_9000,6,TGGGTA,192,0.00013763440860215055
real_9000,6,TGGGTC,247,0.0001770609318996416
real_9000,6,TGGGTG,157,0.00011254480286738351
real_9000,6,TGGGTT,681,0.00048817204301075266
real_9000,6,TGGTAA,338,0.00024229390681003584
real_9000,6,TGGTAC,159,0.00011397849462365592
real_9000,6,TGGTAG,176,0.00012616487455197132
real_9000,6,TGGTAT,237,0.00016989247311827957
real_9000,6,TGGTCA,302,0.0002164874551971326
real_9000,6,TGGTCC,215,0.00015412186379928314
real_9000,6,TGGTCG,190,0.00013620071684587813
real_9000,6,TGGTCT,262,0.0001878136200716846
real_9000,6,TGGTGA,436,0.0003125448028673835
real_9000,6,TGGTGC,134,9.60573476702509e-05
real_9000,6,TGGTGG,454,0.0003254480286738351
real_9000,6,TGGTGT,336,0.00024086021505376345
real_9000,6,TGGTTA,382,0.0002738351254480287
real_9000,6,TGGTTC,477,0.00034193548387096773
real_9000,6,TGGTTG,363,0.00026021505376344086
real_9000,6,TGGTTT,953,0.0006831541218637993
real_9000,6,TGTAAA,512,0.00036702508960573477
real_9000,6,TGTAAC,285,0.00020430107526881721
real_9000,6,TGTAAG,197,0.00014121863799283155
real_9000,6,TGTAAT,515,0.00036917562724014336
real_9000,6,TGTACA,196,0.00014050179211469533
real_9000,6,TGTACC,137,9.82078853046595e-05
real_9000,6,TGTACG,122,8.745519713261649e-05
real_9000,6,TGTACT,212,0.00015197132616487455
real_9000,6,TGTAGA,297,0.00021290322580645163
real_9000,6,TGTAGC,184,0.00013189964157706092
real_9000,6,TGTAGG,91,6.523297491039426e-05
real_9000,6,TGTAGT,248,0.00017777777777777779
real_9000,6,TGTATA,377,0.00027025089605734766
real_9000,6,TGTATC,338,0.00024229390681003584
real_9000,6,TGTATG,257,0.00018422939068100358
real_9000,6,TGTATT,457,0.00032759856630824375
real_9000,6,TGTCAA,416,0.0002982078853046595
real_9000,6,TGTCAC,269,0.000192831541218638
real_9000,6,TGTCAG,164,0.00011756272401433691
real_9000,6,TGTCAT,331,0.00023727598566308244
real_9000,6,TGTCCA,230,0.00016487455197132617
real_9000,6,TGTCCC,126,9.032258064516129e-05
real_9000,6,TGTCCG,117,8.387096774193548e-05
real_9000,6,TGTCCT,219,0.00015698924731182796
real_9000,6,TGTCGA,231,0.00016559139784946237
real_9000,6,TGTCGC,110,7.885304659498208e-05
real_9000,6,TGTCGG,178,0.00012759856630824371
real_9000,6,TGTCGT,252,0.00018064516129032257
real_9000,6,TGTCTA,287,0.0002057347670250896
real_9000,6,TGTCTC,608,0.00043584229390681005
real_9000,6,TGTCTG,278,0.00019928315412186379
real_9000,6,TGTCTT,674,0.0004831541218637993
real_9000,6,TGTGAA,505,0.00036200716845878134
real_9000,6,TGTGAC,229,0.00016415770609318997
real_9000,6,TGTGAG,234,0.00016774193548387096
real_9000,6,TGTGAT,510,0.0003655913978494624
real_9000,6,TGTGCA,126,9.032258064516129e-05
real_9000,6,TGTGCC,68,4.874551971326165e-05
real_9000,6,TGTGCG,67,4.802867383512545e-05
real_9000,6,TGTGCT,184,0.00013189964157706092
real_9000,6,TGTGGA,335,0.00024014336917562725
real_9000,6,TGTGGC,165,0.00011827956989247312
real_9000,6,TGTGGG,194,0.00013906810035842294
real_9000,6,TGTGGT,321,0.00023010752688172042
real_9000,6,TGTGTA,346,0.00024802867383512547
real_9000,6,TGTGTC,279,0.0002
real_9000,6,TGTGTG,460,0.00032974910394265234
real_9000,6,TGTGTT,725,0.0005197132616487455
real_9000,6,TGTTAA,492,0.00035268817204301073
real_9000,6,TGTTAC,341,0.00024444444444444443
real_9000,6,TGTTAG,312,0.00022365591397849463
real_9000,6,TGTTAT,519,0.0003720430107526882
real_9000,6,TGTTCA,542,0.00038853046594982077
real_9000,6,TGTTCC,388,0.0002781362007168459
real_9000,6,TGTTCG,312,0.00022365591397849463
real_9000,6,TGTTCT,834,0.0005978494623655914
real_9000,6,TGTTGA,704,0.0005046594982078853
real_9000,6,TGTTGC,342,0.0002451612903225806
real_9000,6,TGTTGG,401,0.0002874551971326165
real_9000,6,TGTTGT,817,0.000585663082437276
real_9000,6,TGTTTA,716,0.0005132616487455198
real_9000,6,TGTTTC,1097,0.0007863799283154122
real_9000,6,TGTTTG,817,0.000585663082437276
real_9000,6,TGTTTT,1812,0.0012989247311827956
real_9000,6,TTAAAA,1377,0.0009870967741935485
real_9000,6,TTAAAC,624,0.00044731182795698925
real_9000,6,TTAAAG,627,0.00044946236559139784
real_9000,6,TTAAAT,905,0.0006487455197132616
real_9000,6,TTAACA,445,0.00031899641577060934
real_9000,6,TTAACC,382,0.0002738351254480287
real_9000,6,TTAACG,269,0.000192831541218638
real_9000,6,TTAACT,401,0.0002874551971326165
real_9000,6,TTAAGA,545,0.0003906810035842294
real_9000,6,TTAAGC,314,0.00022508960573476702
real_9000,6,TTAAGG,265,0.00018996415770609318
real_9000,6,TTAAGT,399,0.0002860215053763441
real_9000,6,TTAATA,680,0.00048745519713261647
real_9000,6,TTAATC,651,0.00046666666666666666
real_9000,6,TTAATG,465,0.0003333333333333333
real_9000,6,TTAATT,1217,0.0008724014336917563
real_9000,6,TTACAA,608,0.00043584229390681005
real_9000,6,TTACAC,327,0.00023440860215053763
real_9000,6,TTACAG,261,0.0001870967741935484
real_9000,6,TTACAT,447,0.00032043010752688173
real_9000,6,TTACCA,407,0.0002917562724014337
real_9000,6,TTACCC,231,0.00016559139784946237
real_9000,6,TTACCG,215,0.00015412186379928314
real_9000,6,TTACCT,342,0.0002451612903225806
real_9000,6,TTACGA,291,0.00020860215053763442
real_9000,6,TTACGC,179,0.00012831541218637994
real_9000,6,TTACGG,187,0.00013405017921146954
real_9000,6,TTACGT,248,0.00017777777777777779
real_9000,6,TTACTA,369,0.0002645161290322581
real_9000,6,TTACTC,499,0.00035770609318996416
real_9000,6,TTACTG,272,0.0001949820788530466
real_9000,6,TTACTT,727,0.0005211469534050179
real_9000,6,TTAGAA,497,0.00035627240143369177
real_9000,6,TTAGAC,214,0.00015340501792114695
real_9000,6,TTAGAG,375,0.00026881720430107527
real_9000,6,TTAGAT,712,0.0005103942652329749
real_9000,6,TTAGCA,232,0.00016630824372759856
real_9000,6,TTAGCC,210,0.00015053763440860216
real_9000,6,TTAGCG,103,7.383512544802867e-05
real_9000,6,TTAGCT,506,0.00036272401433691754
real_9000,6,TTAGGA,304,0.00021792114695340503
real_9000,6,TTAGGC,160,0.00011469534050179211
real_9000,6,TTAGGG,458,0.00032831541218637995
real_9000,6,TTAGGT,342,0.0002451612903225806
real_9000,6,TTAGTA,344,0.00024659498207885307
real_9000,6,TTAGTC,291,0.00020860215053763442
real_9000,6,TTAGTG,331,0.00023727598566308244
real_9000,6,TTAGTT,688,0.0004931899641577061
real_9000,6,TTATAA,704,0.0005046594982078853
real_9000,6,TTATAC,337,0.00024157706093189964
real_9000,6,TTATAG,324,0.00023225806451612904
real_9000,6,TTATAT,761,0.0005455197132616487
real_9000,6,TTATCA,608,0.00043584229390681005
real_9000,6,TTATCC,466,0.0003340501792114695
real_9000,6,TTATCG,321,0.00023010752688172042
real_9000,6,TTATCT,873,0.0006258064516129032
real_9000,6,TTATGA,465,0.0003333333333333333
real_9000,6,TTATGC,238,0.00017060931899641577
real_9000,6,TTATGG,415,0.0002974910394265233
real_9000,6,TTATGT,544,0.0003899641577060932
real_9000,6,TTATTA,891,0.0006387096774193549
real_9000,6,TTATTC,650,0.00046594982078853047
real_9000,6,TTATTG,678,0.00048602150537634407
real_9000,6,TTATTT,1534,0.001099641577060932
real_9000,6,TTCAAA,1207,0.0008652329749103942
real_9000,6,TTCAAC,619,0.00044372759856630827
real_9000,6,TTCAAG,692,0.0004960573476702509
real_9000,6,TTCAAT,1158,0.0008301075268817204
real_9000,6,TTCACA,587,0.0004207885304659498
real_9000,6,TTCACC,514,0.00036845878136200716
real_9000,6,TTCACG,330,0.00023655913978494624
real_9000,6,TTCACT,688,0.0004931899641577061
real_9000,6,TTCAGA,582,0.00041720430107526884
real_9000,6,TTCAGC,351,0.00025161290322580645
real_9000,6,TTCAGG,176,0.00012616487455197132
real_9000,6,TTCAGT,396,0.0002838709677419355
real_9000,6,TTCATA,621,0.00044516129032258066
real_9000,6,TTCATC,1092,0.0007827956989247312
real_9000,6,TTCATG,497,0.00035627240143369177
real_9000,6,TTCATT,1071,0.000767741935483871
real_9000,6,TTCCAA,745,0.0005340501792114696
real_9000,6,TTCCAC,427,0.0003060931899641577
real_9000,6,TTCCAG,300,0.00021505376344086021
real_9000,6,TTCCAT,581,0.0004164874551971326
real_9000,6,TTCCCA,390,0.00027956989247311827
real_9000,6,TTCCCC,289,0.000207168458781362
real_9000,6,TTCCCG,287,0.0002057347670250896
real_9000,6,TTCCCT,493,0.00035340501792114693
real_9000,6,TTCCGA,523,0.000374910394265233
real_9000,6,TTCCGC,189,0.00013548387096774193
real_9000,6,TTCCGG,348,0.00024946236559139786
real_9000,6,TTCCGT,389,0.00027885304659498207
real_9000,6,TTCCTA,316,0.00022652329749103944
real_9000,6,TTCCTC,1304,0.0009347670250896057
real_9000,6,TTCCTG,292,0.00020931899641577062
real_9000,6,TTCCTT,1178,0.0008444444444444444
real_9000,6,TTCGAA,672,0.0004817204301075269
real_9000,6,TTCGAC,300,0.00021505376344086021
real_9000,6,TTCGAG,389,0.00027885304659498207
real_9000,6,TTCGAT,995,0.0007132616487455197
real_9000,6,TTCGCA,191,0.00013691756272401435
real_9000,6,TTCGCC,298,0.00021362007168458782
real_9000,6,TTCGCG,137,9.82078853046595e-05
real_9000,6,TTCGCT,379,0.00027168458781362005
real_9000,6,TTCGGA,317,0.00022724014336917563
real_9000,6,TTCGGC,155,0.00011111111111111112
real_9000,6,TTCGGG,140,0.0001003584229390681
real_9000,6,TTCGGT,325,0.00023297491039426523
real_9000,6,TTCGTA,391,0.00028028673835125446
real_9000,6,TTCGTC,592,0.0004243727598566308
real_9000,6,TTCGTG,401,0.0002874551971326165
real_9000,6,TTCGTT,846,0.0006064516129032258
real_9000,6,TTCTAA,639,0.00045806451612903225
real_9000,6,TTCTAC,518,0.00037132616487455195
real_9000,6,TTCTAG,419,0.0003003584229390681
real_9000,6,TTCTAT,727,0.0005211469534050179
real_9000,6,TTCTCA,1078,0.0007727598566308244
real_9000,6,TTCTCC,1356,0.0009720430107526881
real_9000,6,TTCTCG,702,0.0005032258064516129
real_9000,6,TTCTCT,2591,0.001857347670250896
real_9000,6,TTCTGA,696,0.0004989247311827957
real_9000,6,TTCTGC,369,0.0002645161290322581
real_9000,6,TTCTGG,569,0.00040788530465949823
real_9000,6,TTCTGT,751,0.0005383512544802867
real_9000,6,TTCTTA,1029,0.0007376344086021505
real_9000,6,TTCTTC,3984,0.0028559139784946237
real_9000,6,TTCTTG,904,0.0006480286738351254
real_9000,6,TTCTTT,2104,0.0015082437275985663
real_9000,6,TTGAAA,1033,0.0007405017921146953
real_9000,6,TTGAAC,372,0.0002666666666666667
real_9000,6,TTGAAG,722,0.0005175627240143369
real_9000,6,TTGAAT,899,0.0006444444444444444
real_9000,6,TTGACA,315,0.00022580645161290321
real_9000,6,TTGACC,309,0.000221505376344086
real_9000,6,TTGACG,229,0.00016415770609318997
real_9000,6,TTGACT,522,0.0003741935483870968
real_9000,6,TTGAGA,657,0.0004709677419354839
real_9000,6,TTGAGC,279,0.0002
real_9000,6,TTGAGG,274,0.000196415770609319
real_9000,6,TTGAGT,471,0.00033763440860215055
real_9000,6,TTGATA,548,0.000392831541218638
real_9000,6,TTGATC,751,0.0005383512544802867
real_9000,6,TTGATG,633,0.00045376344086021507
real_9000,6,TTGATT,1693,0.0012136200716845878
real_9000,6,TTGCAA,379,0.00027168458781362005
real_9000,6,TTGCAC,122,8.745519713261649e-05
real_9000,6,TTGCAG,208,0.00014910394265232974
real_9000,6,TTGCAT,328,0.00023512544802867382
real_9000,6,TTGCCA,250,0.00017921146953405018
real_9000,6,TTGCCC,137,9.82078853046595e-05
real_9000,6,TTGCCG,183,0.00013118279569892472
real_9000,6,TTGCCT,249,0.00017849462365591398
real_9000,6,TTGCGA,219,0.00015698924731182796
real_9000,6,TTGCGC,80,5.7347670250896056e-05
real_9000,6,TTGCGG,100,7.168458781362007e-05
real_9000,6,TTGCGT,189,0.00013548387096774193
real_9000,6,TTGCTA,294,0.000210752688172043
real_9000,6,TTGCTC,483,0.00034623655913978497
real_9000,6,TTGCTG,337,0.00024157706093189964
real_9000,6,TTGCTT,856,0.0006136200716845878
real_9000,6,TTGGAA,576,0.0004129032258064516
real_9000,6,TTGGAC,220,0.00015770609318996415
real_9000,6,TTGGAG,381,0.00027311827956989245
real_9000,6,TTGGAT,716,0.0005132616487455198
real_9000,6,TTGGCA,183,0.00013118279569892472
real_9000,6,TTGGCC,199,0.00014265232974910395
real_9000,6,TTGGCG,153,0.00010967741935483871
real_9000,6,TTGGCT,352,0.00025232974910394264
real_9000,6,TTGGGA,367,0.00026308243727598564
real_9000,6,TTGGGC,368,0.00026379928315412184
real_9000,6,TTGGGG,266,0.0001906810035842294
real_9000,6,TTGGGT,476,0.00034121863799283154
real_9000,6,TTGGTA,416,0.0002982078853046595
real_9000,6,TTGGTC,396,0.0002838709677419355
real_9000,6,TTGGTG,457,0.00032759856630824375
real_9000,6,TTGGTT,1008,0.0007225806451612903
real_9000,6,TTGTAA,573,0.000410752688172043
real_9000,6,TTGTAC,238,0.00017060931899641577
real_9000,6,TTGTAG,322,0.00023082437275985664
real_9000,6,TTGTAT,538,0.000385663082437276
real_9000,6,TTGTCA,427,0.0003060931899641577
real_9000,6,TTGTCC,283,0.0002028673835125448
real_9000,6,TTGTCG,290,0.0002078853046594982
real_9000,6,TTGTCT,757,0.0005426523297491039
real_9000,6,TTGTGA,556,0.00039856630824372757
real_9000,6,TTGTGC,205,0.00014695340501792115
real_9000,6,TTGTGG,422,0.0003025089605734767
real_9000,6,TTGTGT,769,0.0005512544802867384
real_9000,6,TTGTTA,729,0.0005225806451612903
real_9000,6,TTGTTC,885,0.0006344086021505376
real_9000,6,TTGTTG,1012,0.0007254480286738351
real_9000,6,TTGTTT,2014,0.0014437275985663082
real_9000,6,TTTAAA,1213,0.0008695340501792115
real_9000,6,TTTAAC,524,0.0003756272401433692
real_9000,6,TTTAAG,569,0.00040788530465949823
real_9000,6,TTTAAT,1203,0.0008623655913978494
real_9000,6,TTTACA,535,0.0003835125448028674
real_9000,6,TTTACC,435,0.0003118279569892473
real_9000,6,TTTACG,278,0.00019928315412186379
real_9000,6,TTTACT,657,0.0004709677419354839
real_9000,6,TTTAGA,663,0.00047526881720430107
real_9000,6,TTTAGC,425,0.0003046594982078853
real_9000,6,TTTAGG,501,0.00035913978494623655
real_9000,6,TTTAGT,677,0.0004853046594982079
real_9000,6,TTTATA,869,0.0006229390681003584
real_9000,6,TTTATC,847,0.000607168458781362
real_9000,6,TTTATG,640,0.00045878136200716845
real_9000,6,TTTATT,1588,0.0011383512544802868
real_9000,6,TTTCAA,1232,0.0008831541218637993
real_9000,6,TTTCAC,697,0.0004996415770609319
real_9000,6,TTTCAG,533,0.000382078853046595
real_9000,6,TTTCAT,1211,0.000868100358422939
real_9000,6,TTTCCA,718,0.0005146953405017921
real_9000,6,TTTCCC,602,0.0004315412186379928
real_9000,6,TTTCCG,531,0.00038064516129032255
real_9000,6,TTTCCT,1003,0.0007189964157706093
real_9000,6,TTTCGA,818,0.0005863799283154122
real_9000,6,TTTCGC,351,0.00025161290322580645
real_9000,6,TTTCGG,341,0.00024444444444444443
real_9000,6,TTTCGT,824,0.0005906810035842294
real_9000,6,TTTCTA,890,0.0006379928315412187
real_9000,6,TTTCTC,2199,0.0015763440860215054
real_9000,6,TTTCTG,924,0.0006623655913978495
real_9000,6,TTTCTT,2709,0.0019419354838709677
real_9000,6,TTTGAA,1106,0.000792831541218638
real_9000,6,TTTGAC,551,0.0003949820788530466
real_9000,6,TTTGAG,675,0.0004838709677419355
real_9000,6,TTTGAT,1657,0.0011878136200716846
real_9000,6,TTTGCA,396,0.0002838709677419355
real_9000,6,TTTGCC,336,0.00024086021505376345
real_9000,6,TTTGCG,218,0.00015627240143369176
real_9000,6,TTTGCT,831,0.0005956989247311828
real_9000,6,TTTGGA,796,0.0005706093189964158
real_9000,6,TTTGGC,367,0.00026308243727598564
real_9000,6,TTTGGG,674,0.0004831541218637993
real_9000,6,TTTGGT,1107,0.0007935483870967742
real_9000,6,TTTGTA,706,0.0005060931899641577
real_9000,6,TTTGTC,774,0.0005548387096774194
real_9000,6,TTTGTG,871,0.0006243727598566308
real_9000,6,TTTGTT,2143,0.0015362007168458782
real_9000,6,TTTTAA,1430,0.0010250896057347671
real_9000,6,TTTTAC,676,0.0004845878136200717
real_9000,6,TTTTAG,820,0.0005878136200716846
real_9000,6,TTTTAT,1598,0.0011455197132616488
real_9000,6,TTTTCA,1213,0.0008695340501792115
real_9000,6,TTTTCC,1104,0.0007913978494623656
real_9000,6,TTTTCG,744,0.0005333333333333334
real_9000,6,TTTTCT,2435,0.0017455197132616488
real_9000,6,TTTTGA,1561,0.0011189964157706093
real_9000,6,TTTTGC,714,0.0005118279569892474
real_9000,6,TTTTGG,1149,0.0008236559139784946
real_9000,6,TTTTGT,2072,0.0014853046594982078
real_9000,6,TTTTTA,1685,0.0012078853046594983
real_9000,6,TTTTTC,2013,0.001443010752688172
real_9000,6,TTTTTG,1933,0.001385663082437276
real_9000,6,TTTTTT,5257,0.0037684587813620074
Ara_directory_epoch2000,6,AAAAAA,6198,0.004443010752688172
Ara_directory_epoch2000,6,AAAAAC,1968,0.001410752688172043
Ara_directory_epoch2000,6,AAAAAG,1921,0.0013770609318996415
Ara_directory_epoch2000,6,AAAAAT,2537,0.0018186379928315413
Ara_directory_epoch2000,6,AAAACA,1665,0.0011935483870967741
Ara_directory_epoch2000,6,AAAACC,1159,0.0008308243727598566
Ara_directory_epoch2000,6,AAAACG,649,0.00046523297491039427
Ara_directory_epoch2000,6,AAAACT,1055,0.0007562724014336917
Ara_directory_epoch2000,6,AAAAGA,1808,0.0012960573476702509
Ara_directory_epoch2000,6,AAAAGC,811,0.0005813620071684587
Ara_directory_epoch2000,6,AAAAGG,666,0.00047741935483870966
Ara_directory_epoch2000,6,AAAAGT,907,0.000650179211469534
Ara_directory_epoch2000,6,AAAATA,1813,0.0012996415770609318
Ara_directory_epoch2000,6,AAAATC,1442,0.0010336917562724015
Ara_directory_epoch2000,6,AAAATG,916,0.0006566308243727599
Ara_directory_epoch2000,6,AAAATT,1647,0.0011806451612903226
Ara_directory_epoch2000,6,AAACAA,1688,0.0012100358422939069
Ara_directory_epoch2000,6,AAACAC,730,0.0005232974910394265
Ara_directory_epoch2000,6,AAACAG,532,0.0003813620071684588
Ara_directory_epoch2000,6,AAACAT,892,0.0006394265232974911
Ara_directory_epoch2000,6,AAACCA,1006,0.0007211469534050179
Ara_directory_epoch2000,6,AAACCC,807,0.000578494623655914
Ara_directory_epoch2000,6,AAACCG,450,0.0003225806451612903
Ara_directory_epoch2000,6,AAACCT,732,0.0005247311827956989
Ara_directory_epoch2000,6,AAACGA,630,0.00045161290322580643
Ara_directory_epoch2000,6,AAACGC,255,0.0001827956989247312
Ara_directory_epoch2000,6,AAACGG,344,0.00024659498207885307
Ara_directory_epoch2000,6,AAACGT,393,0.00028172043010752686
Ara_directory_epoch2000,6,AAACTA,704,0.0005046594982078853
Ara_directory_epoch2000,6,AAACTC,838,0.0006007168458781363
Ara_directory_epoch2000,6,AAACTG,393,0.00028172043010752686
Ara_directory_epoch2000,6,AAACTT,841,0.0006028673835125448
Ara_directory_epoch2000,6,AAAGAA,1904,0.0013648745519713261
Ara_directory_epoch2000,6,AAAGAC,632,0.0004530465949820789
Ara_directory_epoch2000,6,AAAGAG,917,0.0006573476702508961
Ara_directory_epoch2000,6,AAAGAT,1044,0.0007483870967741936
Ara_directory_epoch2000,6,AAAGCA,617,0.0004422939068100358
Ara_directory_epoch2000,6,AAAGCC,503,0.00036057347670250895
Ara_directory_epoch2000,6,AAAGCG,296,0.0002121863799283154
Ara_directory_epoch2000,6,AAAGCT,799,0.0005727598566308244
Ara_directory_epoch2000,6,AAAGGA,705,0.0005053763440860215
Ara_directory_epoch2000,6,AAAGGC,328,0.00023512544802867382
Ara_directory_epoch2000,6,AAAGGG,284,0.000203584229390681
Ara_directory_epoch2000,6,AAAGGT,422,0.0003025089605734767
Ara_directory_epoch2000,6,AAAGTA,541,0.00038781362007168457
Ara_directory_epoch2000,6,AAAGTC,555,0.0003978494623655914
Ara_directory_epoch2000,6,AAAGTG,372,0.0002666666666666667
Ara_directory_epoch2000,6,AAAGTT,749,0.0005369175627240143
Ara_directory_epoch2000,6,AAATAA,1733,0.001242293906810036
Ara_directory_epoch2000,6,AAATAC,591,0.0004236559139784946
Ara_directory_epoch2000,6,AAATAG,577,0.0004136200716845878
Ara_directory_epoch2000,6,AAATAT,1123,0.0008050179211469534
Ara_directory_epoch2000,6,AAATCA,1150,0.0008243727598566308
Ara_directory_epoch2000,6,AAATCC,878,0.0006293906810035842
Ara_directory_epoch2000,6,AAATCG,619,0.00044372759856630827
Ara_directory_epoch2000,6,AAATCT,1241,0.0008896057347670251
Ara_directory_epoch2000,6,AAATGA,741,0.0005311827956989248
Ara_directory_epoch2000,6,AAATGC,280,0.0002007168458781362
Ara_directory_epoch2000,6,AAATGG,595,0.00042652329749103945
Ara_directory_epoch2000,6,AAATGT,565,0.0004050179211469534
Ara_directory_epoch2000,6,AAATTA,1032,0.0007397849462365591
Ara_directory_epoch2000,6,AAATTC,1050,0.0007526881720430108
Ara_directory_epoch2000,6,AAATTG,706,0.0005060931899641577
Ara_directory_epoch2000,6,AAATTT,1421,0.0010186379928315411
Ara_directory_epoch2000,6,AACAAA,1721,0.0012336917562724013
Ara_directory_epoch2000,6,AACAAC,756,0.0005419354838709677
Ara_directory_epoch2000,6,AACAAG,646,0.0004630824372759857
Ara_directory_epoch2000,6,AACAAT,903,0.0006473118279569892
Ara_directory_epoch2000,6,AACACA,593,0.000425089605734767
Ara_directory_epoch2000,6,AACACC,410,0.0002939068100358423
Ara_directory_epoch2000,6,AACACG,250,0.00017921146953405018
Ara_directory_epoch2000,6,AACACT,471,0.00033763440860215055
Ara_directory_epoch2000,6,AACAGA,536,0.0003842293906810036
Ara_directory_epoch2000,6,AACAGC,273,0.0001956989247311828
Ara_directory_epoch2000,6,AACAGG,204,0.00014623655913978496
Ara_directory_epoch2000,6,AACAGT,293,0.0002100358422939068
Ara_directory_epoch2000,6,AACATA,531,0.00038064516129032255
Ara_directory_epoch2000,6,AACATC,559,0.0004007168458781362
Ara_directory_epoch2000,6,AACATG,366,0.00026236559139784945
Ara_directory_epoch2000,6,AACATT,619,0.00044372759856630827
Ara_directory_epoch2000,6,AACCAA,970,0.0006953405017921147
Ara_directory_epoch2000,6,AACCAC,600,0.00043010752688172043
Ara_directory_epoch2000,6,AACCAG,360,0.00025806451612903227
Ara_directory_epoch2000,6,AACCAT,626,0.00044874551971326164
Ara_directory_epoch2000,6,AACCCA,653,0.00046810035842293905
Ara_directory_epoch2000,6,AACCCC,344,0.00024659498207885307
Ara_directory_epoch2000,6,AACCCG,274,0.000196415770609319
Ara_directory_epoch2000,6,AACCCT,481,0.0003448028673835125
Ara_directory_epoch2000,6,AACCGA,398,0.0002853046594982079
Ara_directory_epoch2000,6,AACCGC,213,0.00015268817204301075
Ara_directory_epoch2000,6,AACCGG,265,0.00018996415770609318
Ara_directory_epoch2000,6,AACCGT,337,0.00024157706093189964
Ara_directory_epoch2000,6,AACCTA,391,0.00028028673835125446
Ara_directory_epoch2000,6,AACCTC,557,0.0003992831541218638
Ara_directory_epoch2000,6,AACCTG,251,0.00017992831541218638
Ara_directory_epoch2000,6,AACCTT,596,0.00042724014336917564
Ara_directory_epoch2000,6,AACGAA,631,0.0004523297491039426
Ara_directory_epoch2000,6,AACGAC,351,0.00025161290322580645
Ara_directory_epoch2000,6,AACGAG,321,0.00023010752688172042
Ara_directory_epoch2000,6,AACGAT,446,0.00031971326164874554
Ara_directory_epoch2000,6,AACGCA,201,0.00014408602150537634
Ara_directory_epoch2000,6,AACGCC,226,0.00016200716845878136
Ara_directory_epoch2000,6,AACGCG,124,8.888888888888889e-05
Ara_directory_epoch2000,6,AACGCT,200,0.00014336917562724014
Ara_directory_epoch2000,6,AACGGA,335,0.00024014336917562725
Ara_directory_epoch2000,6,AACGGC,281,0.0002014336917562724
Ara_directory_epoch2000,6,AACGGG,101,7.240143369175627e-05
Ara_directory_epoch2000,6,AACGGT,267,0.0001913978494623656
Ara_directory_epoch2000,6,AACGTA,226,0.00016200716845878136
Ara_directory_epoch2000,6,AACGTC,304,0.00021792114695340503
Ara_directory_epoch2000,6,AACGTG,219,0.00015698924731182796
Ara_directory_epoch2000,6,AACGTT,319,0.00022867383512544803
Ara_directory_epoch2000,6,AACTAA,638,0.00045734767025089605
Ara_directory_epoch2000,6,AACTAC,299,0.00021433691756272402
Ara_directory_epoch2000,6,AACTAG,228,0.00016344086021505375
Ara_directory_epoch2000,6,AACTAT,456,0.0003268817204301075
Ara_directory_epoch2000,6,AACTCA,554,0.0003971326164874552
Ara_directory_epoch2000,6,AACTCC,509,0.0003648745519713262
Ara_directory_epoch2000,6,AACTCG,338,0.00024229390681003584
Ara_directory_epoch2000,6,AACTCT,690,0.0004946236559139785
Ara_directory_epoch2000,6,AACTGA,326,0.00023369175627240143
Ara_directory_epoch2000,6,AACTGC,184,0.00013189964157706092
Ara_directory_epoch2000,6,AACTGG,214,0.00015340501792114695
Ara_directory_epoch2000,6,AACTGT,260,0.0001863799283154122
Ara_directory_epoch2000,6,AACTTA,431,0.0003089605734767025
Ara_directory_epoch2000,6,AACTTC,653,0.00046810035842293905
Ara_directory_epoch2000,6,AACTTG,347,0.00024874551971326166
Ara_directory_epoch2000,6,AACTTT,742,0.000531899641577061
Ara_directory_epoch2000,6,AAGAAA,2183,0.0015648745519713262
Ara_directory_epoch2000,6,AAGAAC,682,0.0004888888888888889
Ara_directory_epoch2000,6,AAGAAG,1672,0.0011985663082437275
Ara_directory_epoch2000,6,AAGAAT,924,0.0006623655913978495
Ara_directory_epoch2000,6,AAGACA,606,0.0004344086021505376
Ara_directory_epoch2000,6,AAGACC,350,0.00025089605734767025
Ara_directory_epoch2000,6,AAGACG,509,0.0003648745519713262
Ara_directory_epoch2000,6,AAGACT,394,0.0002824372759856631
Ara_directory_epoch2000,6,AAGAGA,1077,0.0007720430107526882
Ara_directory_epoch2000,6,AAGAGC,403,0.0002888888888888889
Ara_directory_epoch2000,6,AAGAGG,487,0.00034910394265232975
Ara_directory_epoch2000,6,AAGAGT,435,0.0003118279569892473
Ara_directory_epoch2000,6,AAGATA,712,0.0005103942652329749
Ara_directory_epoch2000,6,AAGATC,783,0.0005612903225806451
Ara_directory_epoch2000,6,AAGATG,696,0.0004989247311827957
Ara_directory_epoch2000,6,AAGATT,872,0.000625089605734767
Ara_directory_epoch2000,6,AAGCAA,710,0.0005089605734767025
Ara_directory_epoch2000,6,AAGCAC,307,0.00022007168458781362
Ara_directory_epoch2000,6,AAGCAG,418,0.0002996415770609319
Ara_directory_epoch2000,6,AAGCAT,408,0.0002924731182795699
Ara_directory_epoch2000,6,AAGCCA,509,0.0003648745519713262
Ara_directory_epoch2000,6,AAGCCC,319,0.00022867383512544803
Ara_directory_epoch2000,6,AAGCCG,337,0.00024157706093189964
Ara_directory_epoch2000,6,AAGCCT,314,0.00022508960573476702
Ara_directory_epoch2000,6,AAGCGA,270,0.0001935483870967742
Ara_directory_epoch2000,6,AAGCGC,129,9.247311827956989e-05
Ara_directory_epoch2000,6,AAGCGG,198,0.00014193548387096775
Ara_directory_epoch2000,6,AAGCGT,200,0.00014336917562724014
Ara_directory_epoch2000,6,AAGCTA,461,0.00033046594982078854
Ara_directory_epoch2000,6,AAGCTC,682,0.0004888888888888889
Ara_directory_epoch2000,6,AAGCTG,384,0.0002752688172043011
Ara_directory_epoch2000,6,AAGCTT,796,0.0005706093189964158
Ara_directory_epoch2000,6,AAGGAA,786,0.0005634408602150537
Ara_directory_epoch2000,6,AAGGAC,251,0.00017992831541218638
Ara_directory_epoch2000,6,AAGGAG,639,0.00045806451612903225
Ara_directory_epoch2000,6,AAGGAT,476,0.00034121863799283154
Ara_directory_epoch2000,6,AAGGCA,233,0.00016702508960573476
Ara_directory_epoch2000,6,AAGGCC,244,0.00017491039426523297
Ara_directory_epoch2000,6,AAGGCG,196,0.00014050179211469533
Ara_directory_epoch2000,6,AAGGCT,325,0.00023297491039426523
Ara_directory_epoch2000,6,AAGGGA,279,0.0002
Ara_directory_epoch2000,6,AAGGGC,129,9.247311827956989e-05
Ara_directory_epoch2000,6,AAGGGG,136,9.74910394265233e-05
Ara_directory_epoch2000,6,AAGGGT,190,0.00013620071684587813
Ara_directory_epoch2000,6,AAGGTA,275,0.0001971326164874552
Ara_directory_epoch2000,6,AAGGTC,225,0.00016129032258064516
Ara_directory_epoch2000,6,AAGGTG,267,0.0001913978494623656
Ara_directory_epoch2000,6,AAGGTT,431,0.0003089605734767025
Ara_directory_epoch2000,6,AAGTAA,523,0.000374910394265233
Ara_directory_epoch2000,6,AAGTAC,212,0.00015197132616487455
Ara_directory_epoch2000,6,AAGTAG,291,0.00020860215053763442
Ara_directory_epoch2000,6,AAGTAT,341,0.00024444444444444443
Ara_directory_epoch2000,6,AAGTCA,415,0.0002974910394265233
Ara_directory_epoch2000,6,AAGTCC,238,0.00017060931899641577
Ara_directory_epoch2000,6,AAGTCG,278,0.00019928315412186379
Ara_directory_epoch2000,6,AAGTCT,464,0.0003326164874551971
Ara_directory_epoch2000,6,AAGTGA,334,0.00023942652329749103
Ara_directory_epoch2000,6,AAGTGC,119,8.530465949820788e-05
Ara_directory_epoch2000,6,AAGTGG,273,0.0001956989247311828
Ara_directory_epoch2000,6,AAGTGT,227,0.00016272401433691755
Ara_directory_epoch2000,6,AAGTTA,431,0.0003089605734767025
Ara_directory_epoch2000,6,AAGTTC,460,0.00032974910394265234
Ara_directory_epoch2000,6,AAGTTG,380,0.00027240143369175625
Ara_directory_epoch2000,6,AAGTTT,679,0.00048673835125448027
Ara_directory_epoch2000,6,AATAAA,1661,0.0011906810035842293
Ara_directory_epoch2000,6,AATAAC,588,0.000421505376344086
Ara_directory_epoch2000,6,AATAAG,526,0.00037706093189964157
Ara_directory_epoch2000,6,AATAAT,988,0.0007082437275985664
Ara_directory_epoch2000,6,AATACA,517,0.00037060931899641575
Ara_directory_epoch2000,6,AATACC,307,0.00022007168458781362
Ara_directory_epoch2000,6,AATACG,232,0.00016630824372759856
Ara_directory_epoch2000,6,AATACT,411,0.0002946236559139785
Ara_directory_epoch2000,6,AATAGA,520,0.0003727598566308244
Ara_directory_epoch2000,6,AATAGC,278,0.00019928315412186379
Ara_directory_epoch2000,6,AATAGG,225,0.00016129032258064516
Ara_directory_epoch2000,6,AATAGT,354,0.00025376344086021504
Ara_directory_epoch2000,6,AATATA,833,0.0005971326164874552
Ara_directory_epoch2000,6,AATATC,529,0.00037921146953405016
Ara_directory_epoch2000,6,AATATG,431,0.0003089605734767025
Ara_directory_epoch2000,6,AATATT,859,0.0006157706093189964
Ara_directory_epoch2000,6,AATCAA,1152,0.0008258064516129032
Ara_directory_epoch2000,6,AATCAC,659,0.0004724014336917563
Ara_directory_epoch2000,6,AATCAG,501,0.00035913978494623655
Ara_directory_epoch2000,6,AATCAT,834,0.0005978494623655914
Ara_directory_epoch2000,6,AATCCA,778,0.0005577060931899641
Ara_directory_epoch2000,6,AATCCC,530,0.00037992831541218636
Ara_directory_epoch2000,6,AATCCG,451,0.0003232974910394265
Ara_directory_epoch2000,6,AATCCT,667,0.00047813620071684586
Ara_directory_epoch2000,6,AATCGA,556,0.00039856630824372757
Ara_directory_epoch2000,6,AATCGC,331,0.00023727598566308244
Ara_directory_epoch2000,6,AATCGG,367,0.00026308243727598564
Ara_directory_epoch2000,6,AATCGT,445,0.00031899641577060934
Ara_directory_epoch2000,6,AATCTA,686,0.0004917562724014336
Ara_directory_epoch2000,6,AATCTC,1253,0.0008982078853046595
Ara_directory_epoch2000,6,AATCTG,561,0.0004021505376344086
Ara_directory_epoch2000,6,AATCTT,1084,0.0007770609318996415
Ara_directory_epoch2000,6,AATGAA,728,0.0005218637992831541
Ara_directory_epoch2000,6,AATGAC,384,0.0002752688172043011
Ara_directory_epoch2000,6,AATGAG,348,0.00024946236559139786
Ara_directory_epoch2000,6,AATGAT,511,0.00036630824372759857
Ara_directory_epoch2000,6,AATGCA,253,0.00018136200716845877
Ara_directory_epoch2000,6,AATGCC,190,0.00013620071684587813
Ara_directory_epoch2000,6,AATGCG,136,9.74910394265233e-05
Ara_directory_epoch2000,6,AATGCT,271,0.00019426523297491038
Ara_directory_epoch2000,6,AATGGA,509,0.0003648745519713262
Ara_directory_epoch2000,6,AATGGC,402,0.0002881720430107527
Ara_directory_epoch2000,6,AATGGG,281,0.0002014336917562724
Ara_directory_epoch2000,6,AATGGT,410,0.0002939068100358423
Ara_directory_epoch2000,6,AATGTA,346,0.00024802867383512547
Ara_directory_epoch2000,6,AATGTC,347,0.00024874551971326166
Ara_directory_epoch2000,6,AATGTG,279,0.0002
Ara_directory_epoch2000,6,AATGTT,517,0.00037060931899641575
Ara_directory_epoch2000,6,AATTAA,1016,0.00072831541218638
Ara_directory_epoch2000,6,AATTAC,455,0.0003261648745519713
Ara_directory_epoch2000,6,AATTAG,391,0.00028028673835125446
Ara_directory_epoch2000,6,AATTAT,782,0.0005605734767025089
Ara_directory_epoch2000,6,AATTCA,786,0.0005634408602150537
Ara_directory_epoch2000,6,AATTCC,621,0.00044516129032258066
Ara_directory_epoch2000,6,AATTCG,463,0.00033189964157706093
Ara_directory_epoch2000,6,AATTCT,896,0.0006422939068100359
Ara_directory_epoch2000,6,AATTGA,517,0.00037060931899641575
Ara_directory_epoch2000,6,AATTGC,286,0.0002050179211469534
Ara_directory_epoch2000,6,AATTGG,462,0.00033118279569892473
Ara_directory_epoch2000,6,AATTGT,490,0.00035125448028673834
Ara_directory_epoch2000,6,AATTTA,847,0.000607168458781362
Ara_directory_epoch2000,6,AATTTC,876,0.0006279569892473118
Ara_directory_epoch2000,6,AATTTG,708,0.0005075268817204301
Ara_directory_epoch2000,6,AATTTT,1303,0.0009340501792114695
Ara_directory_epoch2000,6,ACAAAA,1718,0.0012315412186379928
Ara_directory_epoch2000,6,ACAAAC,732,0.0005247311827956989
Ara_directory_epoch2000,6,ACAAAG,747,0.000535483870967742
Ara_directory_epoch2000,6,ACAAAT,967,0.0006931899641577061
Ara_directory_epoch2000,6,ACAACA,642,0.00046021505376344084
Ara_directory_epoch2000,6,ACAACC,446,0.00031971326164874554
Ara_directory_epoch2000,6,ACAACG,335,0.00024014336917562725
Ara_directory_epoch2000,6,ACAACT,447,0.00032043010752688173
Ara_directory_epoch2000,6,ACAAGA,641,0.00045949820788530464
Ara_directory_epoch2000,6,ACAAGC,387,0.0002774193548387097
Ara_directory_epoch2000,6,ACAAGG,298,0.00021362007168458782
Ara_directory_epoch2000,6,ACAAGT,323,0.00023154121863799284
Ara_directory_epoch2000,6,ACAATA,576,0.0004129032258064516
Ara_directory_epoch2000,6,ACAATC,650,0.00046594982078853047
Ara_directory_epoch2000,6,ACAATG,416,0.0002982078853046595
Ara_directory_epoch2000,6,ACAATT,644,0.0004616487455197133
Ara_directory_epoch2000,6,ACACAA,648,0.00046451612903225807
Ara_directory_epoch2000,6,ACACAC,345,0.00024731182795698927
Ara_directory_epoch2000,6,ACACAG,262,0.0001878136200716846
Ara_directory_epoch2000,6,ACACAT,349,0.00025017921146953405
Ara_directory_epoch2000,6,ACACCA,422,0.0003025089605734767
Ara_directory_epoch2000,6,ACACCC,201,0.00014408602150537634
Ara_directory_epoch2000,6,ACACCG,251,0.00017992831541218638
Ara_directory_epoch2000,6,ACACCT,232,0.00016630824372759856
Ara_directory_epoch2000,6,ACACGA,281,0.0002014336917562724
Ara_directory_epoch2000,6,ACACGC,130,9.31899641577061e-05
Ara_directory_epoch2000,6,ACACGG,158,0.00011326164874551972
Ara_directory_epoch2000,6,ACACGT,209,0.00014982078853046594
Ara_directory_epoch2000,6,ACACTA,293,0.0002100358422939068
Ara_directory_epoch2000,6,ACACTC,357,0.0002559139784946237
Ara_directory_epoch2000,6,ACACTG,207,0.00014838709677419355
Ara_directory_epoch2000,6,ACACTT,403,0.0002888888888888889
Ara_directory_epoch2000,6,ACAGAA,522,0.0003741935483870968
Ara_directory_epoch2000,6,ACAGAC,187,0.00013405017921146954
Ara_directory_epoch2000,6,ACAGAG,347,0.00024874551971326166
Ara_directory_epoch2000,6,ACAGAT,353,0.00025304659498207884
Ara_directory_epoch2000,6,ACAGCA,201,0.00014408602150537634
Ara_directory_epoch2000,6,ACAGCC,171,0.0001225806451612903
Ara_directory_epoch2000,6,ACAGCG,147,0.0001053763440860215
Ara_directory_epoch2000,6,ACAGCT,234,0.00016774193548387096
Ara_directory_epoch2000,6,ACAGGA,212,0.00015197132616487455
Ara_directory_epoch2000,6,ACAGGC,97,6.953405017921147e-05
Ara_directory_epoch2000,6,ACAGGG,91,6.523297491039426e-05
Ara_directory_epoch2000,6,ACAGGT,143,0.0001025089605734767
Ara_directory_epoch2000,6,ACAGTA,169,0.00012114695340501792
Ara_directory_epoch2000,6,ACAGTC,183,0.00013118279569892472
Ara_directory_epoch2000,6,ACAGTG,194,0.00013906810035842294
Ara_directory_epoch2000,6,ACAGTT,280,0.0002007168458781362
Ara_directory_epoch2000,6,ACATAA,537,0.0003849462365591398
Ara_directory_epoch2000,6,ACATAC,252,0.00018064516129032257
Ara_directory_epoch2000,6,ACATAG,202,0.00014480286738351254
Ara_directory_epoch2000,6,ACATAT,402,0.0002881720430107527
Ara_directory_epoch2000,6,ACATCA,502,0.00035985663082437275
Ara_directory_epoch2000,6,ACATCC,301,0.0002157706093189964
Ara_directory_epoch2000,6,ACATCG,295,0.0002114695340501792
Ara_directory_epoch2000,6,ACATCT,451,0.0003232974910394265
Ara_directory_epoch2000,6,ACATGA,337,0.00024157706093189964
Ara_directory_epoch2000,6,ACATGC,150,0.00010752688172043011
Ara_directory_epoch2000,6,ACATGG,324,0.00023225806451612904
Ara_directory_epoch2000,6,ACATGT,290,0.0002078853046594982
Ara_directory_epoch2000,6,ACATTA,420,0.0003010752688172043
Ara_directory_epoch2000,6,ACATTC,389,0.00027885304659498207
Ara_directory_epoch2000,6,ACATTG,294,0.000210752688172043
Ara_directory_epoch2000,6,ACATTT,579,0.0004150537634408602
Ara_directory_epoch2000,6,ACCAAA,1006,0.0007211469534050179
Ara_directory_epoch2000,6,ACCAAC,490,0.00035125448028673834
Ara_directory_epoch2000,6,ACCAAG,424,0.0003039426523297491
Ara_directory_epoch2000,6,ACCAAT,575,0.0004121863799283154
Ara_directory_epoch2000,6,ACCACA,458,0.00032831541218637995
Ara_directory_epoch2000,6,ACCACC,466,0.0003340501792114695
Ara_directory_epoch2000,6,ACCACG,267,0.0001913978494623656
Ara_directory_epoch2000,6,ACCACT,357,0.0002559139784946237
Ara_directory_epoch2000,6,ACCAGA,400,0.0002867383512544803
Ara_directory_epoch2000,6,ACCAGC,249,0.00017849462365591398
Ara_directory_epoch2000,6,ACCAGG,127,9.10394265232975e-05
Ara_directory_epoch2000,6,ACCAGT,218,0.00015627240143369176
Ara_directory_epoch2000,6,ACCATA,368,0.00026379928315412184
Ara_directory_epoch2000,6,ACCATC,497,0.00035627240143369177
Ara_directory_epoch2000,6,ACCATG,332,0.00023799283154121863
Ara_directory_epoch2000,6,ACCATT,470,0.00033691756272401436
Ara_directory_epoch2000,6,ACCCAA,591,0.0004236559139784946
Ara_directory_epoch2000,6,ACCCAC,273,0.0001956989247311828
Ara_directory_epoch2000,6,ACCCAG,170,0.00012186379928315412
Ara_directory_epoch2000,6,ACCCAT,366,0.00026236559139784945
Ara_directory_epoch2000,6,ACCCCA,320,0.00022939068100358422
Ara_directory_epoch2000,6,ACCCCC,135,9.67741935483871e-05
Ara_directory_epoch2000,6,ACCCCG,83,5.949820788530466e-05
Ara_directory_epoch2000,6,ACCCCT,195,0.00013978494623655913
Ara_directory_epoch2000,6,ACCCGA,259,0.00018566308243727597
Ara_directory_epoch2000,6,ACCCGC,114,8.172043010752688e-05
Ara_directory_epoch2000,6,ACCCGG,109,7.813620071684588e-05
Ara_directory_epoch2000,6,ACCCGT,193,0.00013835125448028674
Ara_directory_epoch2000,6,ACCCTA,280,0.0002007168458781362
Ara_directory_epoch2000,6,ACCCTC,343,0.0002458781362007168
Ara_directory_epoch2000,6,ACCCTG,135,9.67741935483871e-05
Ara_directory_epoch2000,6,ACCCTT,344,0.00024659498207885307
Ara_directory_epoch2000,6,ACCGAA,365,0.00026164874551971325
Ara_directory_epoch2000,6,ACCGAC,253,0.00018136200716845877
Ara_directory_epoch2000,6,ACCGAG,199,0.00014265232974910395
Ara_directory_epoch2000,6,ACCGAT,316,0.00022652329749103944
Ara_directory_epoch2000,6,ACCGCA,140,0.0001003584229390681
Ara_directory_epoch2000,6,ACCGCC,327,0.00023440860215053763
Ara_directory_epoch2000,6,ACCGCG,105,7.526881720430108e-05
Ara_directory_epoch2000,6,ACCGCT,210,0.00015053763440860216
Ara_directory_epoch2000,6,ACCGGA,318,0.00022795698924731183
Ara_directory_epoch2000,6,ACCGGC,251,0.00017992831541218638
Ara_directory_epoch2000,6,ACCGGG,86,6.164874551971327e-05
Ara_directory_epoch2000,6,ACCGGT,227,0.00016272401433691755
Ara_directory_epoch2000,6,ACCGTA,178,0.00012759856630824371
Ara_directory_epoch2000,6,ACCGTC,331,0.00023727598566308244
Ara_directory_epoch2000,6,ACCGTG,186,0.00013333333333333334
Ara_directory_epoch2000,6,ACCGTT,317,0.00022724014336917563
Ara_directory_epoch2000,6,ACCTAA,323,0.00023154121863799284
Ara_directory_epoch2000,6,ACCTAC,176,0.00012616487455197132
Ara_directory_epoch2000,6,ACCTAG,126,9.032258064516129e-05
Ara_directory_epoch2000,6,ACCTAT,277,0.0001985663082437276
Ara_directory_epoch2000,6,ACCTCA,390,0.00027956989247311827
Ara_directory_epoch2000,6,ACCTCC,443,0.0003175627240143369
Ara_directory_epoch2000,6,ACCTCG,209,0.00014982078853046594
Ara_directory_epoch2000,6,ACCTCT,473,0.00033906810035842295
Ara_directory_epoch2000,6,ACCTGA,222,0.00015913978494623657
Ara_directory_epoch2000,6,ACCTGC,134,9.60573476702509e-05
Ara_directory_epoch2000,6,ACCTGG,136,9.74910394265233e-05
Ara_directory_epoch2000,6,ACCTGT,189,0.00013548387096774193
Ara_directory_epoch2000,6,ACCTTA,305,0.00021863799283154122
Ara_directory_epoch2000,6,ACCTTC,504,0.00036129032258064514
Ara_directory_epoch2000,6,ACCTTG,222,0.00015913978494623657
Ara_directory_epoch2000,6,ACCTTT,484,0.00034695340501792116
Ara_directory_epoch2000,6,ACGAAA,633,0.00045376344086021507
Ara_directory_epoch2000,6,ACGAAC,313,0.00022437275985663082
Ara_directory_epoch2000,6,ACGAAG,579,0.0004150537634408602
Ara_directory_epoch2000,6,ACGAAT,350,0.00025089605734767025
Ara_directory_epoch2000,6,ACGACA,289,0.000207168458781362
Ara_directory_epoch2000,6,ACGACC,211,0.00015125448028673836
Ara_directory_epoch2000,6,ACGACG,423,0.0003032258064516129
Ara_directory_epoch2000,6,ACGACT,245,0.00017562724014336917
Ara_directory_epoch2000,6,ACGAGA,380,0.00027240143369175625
Ara_directory_epoch2000,6,ACGAGC,215,0.00015412186379928314
Ara_directory_epoch2000,6,ACGAGG,241,0.00017275985663082438
Ara_directory_epoch2000,6,ACGAGT,200,0.00014336917562724014
Ara_directory_epoch2000,6,ACGATA,283,0.0002028673835125448
Ara_directory_epoch2000,6,ACGATC,403,0.0002888888888888889
Ara_directory_epoch2000,6,ACGATG,437,0.0003132616487455197
Ara_directory_epoch2000,6,ACGATT,393,0.00028172043010752686
Ara_directory_epoch2000,6,ACGCAA,236,0.00016917562724014338
Ara_directory_epoch2000,6,ACGCAC,116,8.315412186379928e-05
Ara_directory_epoch2000,6,ACGCAG,113,8.100358422939068e-05
Ara_directory_epoch2000,6,ACGCAT,147,0.0001053763440860215
Ara_directory_epoch2000,6,ACGCCA,211,0.00015125448028673836
Ara_directory_epoch2000,6,ACGCCC,77,5.519713261648745e-05
Ara_directory_epoch2000,6,ACGCCG,284,0.000203584229390681
Ara_directory_epoch2000,6,ACGCCT,139,9.964157706093189e-05
Ara_directory_epoch2000,6,ACGCGA,122,8.745519713261649e-05
Ara_directory_epoch2000,6,ACGCGC,57,4.086021505376344e-05
Ara_directory_epoch2000,6,ACGCGG,85,6.093189964157706e-05
Ara_directory_epoch2000,6,ACGCGT,102,7.311827956989248e-05
Ara_directory_epoch2000,6,ACGCTA,138,9.89247311827957e-05
Ara_directory_epoch2000,6,ACGCTC,184,0.00013189964157706092
Ara_directory_epoch2000,6,ACGCTG,153,0.00010967741935483871
Ara_directory_epoch2000,6,ACGCTT,247,0.0001770609318996416
Ara_directory_epoch2000,6,ACGGAA,323,0.00023154121863799284
Ara_directory_epoch2000,6,ACGGAC,134,9.60573476702509e-05
Ara_directory_epoch2000,6,ACGGAG,369,0.0002645161290322581
Ara_directory_epoch2000,6,ACGGAT,279,0.0002
Ara_directory_epoch2000,6,ACGGCA,217,0.00015555555555555556
Ara_directory_epoch2000,6,ACGGCC,134,9.60573476702509e-05
Ara_directory_epoch2000,6,ACGGCG,338,0.00024229390681003584
Ara_directory_epoch2000,6,ACGGCT,220,0.00015770609318996415
Ara_directory_epoch2000,6,ACGGGA,131,9.39068100358423e-05
Ara_directory_epoch2000,6,ACGGGC,70,5.017921146953405e-05
Ara_directory_epoch2000,6,ACGGGG,61,4.3727598566308243e-05
Ara_directory_epoch2000,6,ACGGGT,93,6.666666666666667e-05
Ara_directory_epoch2000,6,ACGGTA,132,9.462365591397849e-05
Ara_directory_epoch2000,6,ACGGTC,167,0.00011971326164874551
Ara_directory_epoch2000,6,ACGGTG,307,0.00022007168458781362
Ara_directory_epoch2000,6,ACGGTT,242,0.00017347670250896058
Ara_directory_epoch2000,6,ACGTAA,204,0.00014623655913978496
Ara_directory_epoch2000,6,ACGTAC,108,7.741935483870968e-05
Ara_directory_epoch2000,6,ACGTAG,134,9.60573476702509e-05
Ara_directory_epoch2000,6,ACGTAT,186,0.00013333333333333334
Ara_directory_epoch2000,6,ACGTCA,266,0.0001906810035842294
Ara_directory_epoch2000,6,ACGTCC,166,0.00011899641577060932
Ara_directory_epoch2000,6,ACGTCG,300,0.00021505376344086021
Ara_directory_epoch2000,6,ACGTCT,251,0.00017992831541218638
Ara_directory_epoch2000,6,ACGTGA,188,0.00013476702508960573
Ara_directory_epoch2000,6,ACGTGC,87,6.236559139784946e-05
Ara_directory_epoch2000,6,ACGTGG,195,0.00013978494623655913
Ara_directory_epoch2000,6,ACGTGT,176,0.00012616487455197132
Ara_directory_epoch2000,6,ACGTTA,196,0.00014050179211469533
Ara_directory_epoch2000,6,ACGTTC,225,0.00016129032258064516
Ara_directory_epoch2000,6,ACGTTG,247,0.0001770609318996416
Ara_directory_epoch2000,6,ACGTTT,344,0.00024659498207885307
Ara_directory_epoch2000,6,ACTAAA,634,0.00045448028673835127
Ara_directory_epoch2000,6,ACTAAC,273,0.0001956989247311828
Ara_directory_epoch2000,6,ACTAAG,245,0.00017562724014336917
Ara_directory_epoch2000,6,ACTAAT,494,0.0003541218637992832
Ara_directory_epoch2000,6,ACTACA,275,0.0001971326164874552
Ara_directory_epoch2000,6,ACTACC,212,0.00015197132616487455
Ara_directory_epoch2000,6,ACTACG,184,0.00013189964157706092
Ara_directory_epoch2000,6,ACTACT,260,0.0001863799283154122
Ara_directory_epoch2000,6,ACTAGA,217,0.00015555555555555556
Ara_directory_epoch2000,6,ACTAGC,127,9.10394265232975e-05
Ara_directory_epoch2000,6,ACTAGG,101,7.240143369175627e-05
Ara_directory_epoch2000,6,ACTAGT,194,0.00013906810035842294
Ara_directory_epoch2000,6,ACTATA,342,0.0002451612903225806
Ara_directory_epoch2000,6,ACTATC,324,0.00023225806451612904
Ara_directory_epoch2000,6,ACTATG,249,0.00017849462365591398
Ara_directory_epoch2000,6,ACTATT,413,0.0002960573476702509
Ara_directory_epoch2000,6,ACTCAA,581,0.0004164874551971326
Ara_directory_epoch2000,6,ACTCAC,353,0.00025304659498207884
Ara_directory_epoch2000,6,ACTCAG,258,0.00018494623655913978
Ara_directory_epoch2000,6,ACTCAT,402,0.0002881720430107527
Ara_directory_epoch2000,6,ACTCCA,444,0.00031827956989247314
Ara_directory_epoch2000,6,ACTCCC,252,0.00018064516129032257
Ara_directory_epoch2000,6,ACTCCG,368,0.00026379928315412184
Ara_directory_epoch2000,6,ACTCCT,401,0.0002874551971326165
Ara_directory_epoch2000,6,ACTCGA,304,0.00021792114695340503
Ara_directory_epoch2000,6,ACTCGC,203,0.00014551971326164873
Ara_directory_epoch2000,6,ACTCGG,157,0.00011254480286738351
Ara_directory_epoch2000,6,ACTCGT,262,0.0001878136200716846
Ara_directory_epoch2000,6,ACTCTA,387,0.0002774193548387097
Ara_directory_epoch2000,6,ACTCTC,800,0.0005734767025089606
Ara_directory_epoch2000,6,ACTCTG,317,0.00022724014336917563
Ara_directory_epoch2000,6,ACTCTT,655,0.00046953405017921145
Ara_directory_epoch2000,6,ACTGAA,313,0.00022437275985663082
Ara_directory_epoch2000,6,ACTGAC,174,0.00012473118279569893
Ara_directory_epoch2000,6,ACTGAG,175,0.00012544802867383513
Ara_directory_epoch2000,6,ACTGAT,302,0.0002164874551971326
Ara_directory_epoch2000,6,ACTGCA,139,9.964157706093189e-05
Ara_directory_epoch2000,6,ACTGCC,127,9.10394265232975e-05
Ara_directory_epoch2000,6,ACTGCG,101,7.240143369175627e-05
Ara_directory_epoch2000,6,ACTGCT,186,0.00013333333333333334
Ara_directory_epoch2000,6,ACTGGA,195,0.00013978494623655913
Ara_directory_epoch2000,6,ACTGGC,172,0.00012329749103942654
Ara_directory_epoch2000,6,ACTGGG,110,7.885304659498208e-05
Ara_directory_epoch2000,6,ACTGGT,217,0.00015555555555555556
Ara_directory_epoch2000,6,ACTGTA,152,0.00010896057347670251
Ara_directory_epoch2000,6,ACTGTC,206,0.00014767025089605735
Ara_directory_epoch2000,6,ACTGTG,158,0.00011326164874551972
Ara_directory_epoch2000,6,ACTGTT,276,0.0001978494623655914
Ara_directory_epoch2000,6,ACTTAA,409,0.0002931899641577061
Ara_directory_epoch2000,6,ACTTAC,259,0.00018566308243727597
Ara_directory_epoch2000,6,ACTTAG,217,0.00015555555555555556
Ara_directory_epoch2000,6,ACTTAT,395,0.0002831541218637993
Ara_directory_epoch2000,6,ACTTCA,487,0.00034910394265232975
Ara_directory_epoch2000,6,ACTTCC,415,0.0002974910394265233
Ara_directory_epoch2000,6,ACTTCG,335,0.00024014336917562725
Ara_directory_epoch2000,6,ACTTCT,670,0.0004802867383512545
Ara_directory_epoch2000,6,ACTTGA,291,0.00020860215053763442
Ara_directory_epoch2000,6,ACTTGC,196,0.00014050179211469533
Ara_directory_epoch2000,6,ACTTGG,248,0.00017777777777777779
Ara_directory_epoch2000,6,ACTTGT,326,0.00023369175627240143
Ara_directory_epoch2000,6,ACTTTA,426,0.0003053763440860215
Ara_directory_epoch2000,6,ACTTTC,564,0.0004043010752688172
Ara_directory_epoch2000,6,ACTTTG,394,0.0002824372759856631
Ara_directory_epoch2000,6,ACTTTT,766,0.0005491039426523298
Ara_directory_epoch2000,6,AGAAAA,2145,0.0015376344086021506
Ara_directory_epoch2000,6,AGAAAC,881,0.0006315412186379928
Ara_directory_epoch2000,6,AGAAAG,946,0.0006781362007168459
Ara_directory_epoch2000,6,AGAAAT,936,0.0006709677419354838
Ara_directory_epoch2000,6,AGAACA,550,0.0003942652329749104
Ara_directory_epoch2000,6,AGAACC,449,0.0003218637992831541
Ara_directory_epoch2000,6,AGAACG,310,0.00022222222222222223
Ara_directory_epoch2000,6,AGAACT,349,0.00025017921146953405
Ara_directory_epoch2000,6,AGAAGA,1832,0.0013132616487455198
Ara_directory_epoch2000,6,AGAAGC,788,0.0005648745519713262
Ara_directory_epoch2000,6,AGAAGG,514,0.00036845878136200716
Ara_directory_epoch2000,6,AGAAGT,468,0.0003354838709677419
Ara_directory_epoch2000,6,AGAATA,537,0.0003849462365591398
Ara_directory_epoch2000,6,AGAATC,788,0.0005648745519713262
Ara_directory_epoch2000,6,AGAATG,345,0.00024731182795698927
Ara_directory_epoch2000,6,AGAATT,551,0.0003949820788530466
Ara_directory_epoch2000,6,AGACAA,604,0.0004329749103942652
Ara_directory_epoch2000,6,AGACAC,295,0.0002114695340501792
Ara_directory_epoch2000,6,AGACAG,254,0.000182078853046595
Ara_directory_epoch2000,6,AGACAT,317,0.00022724014336917563
Ara_directory_epoch2000,6,AGACCA,341,0.00024444444444444443
Ara_directory_epoch2000,6,AGACCC,199,0.00014265232974910395
Ara_directory_epoch2000,6,AGACCG,154,0.0001103942652329749
Ara_directory_epoch2000,6,AGACCT,212,0.00015197132616487455
Ara_directory_epoch2000,6,AGACGA,482,0.00034551971326164877
Ara_directory_epoch2000,6,AGACGC,185,0.00013261648745519714
Ara_directory_epoch2000,6,AGACGG,248,0.00017777777777777779
Ara_directory_epoch2000,6,AGACGT,211,0.00015125448028673836
Ara_directory_epoch2000,6,AGACTA,224,0.00016057347670250896
Ara_directory_epoch2000,6,AGACTC,336,0.00024086021505376345
Ara_directory_epoch2000,6,AGACTG,144,0.0001032258064516129
Ara_directory_epoch2000,6,AGACTT,329,0.00023584229390681005
Ara_directory_epoch2000,6,AGAGAA,1162,0.0008329749103942652
Ara_directory_epoch2000,6,AGAGAC,395,0.0002831541218637993
Ara_directory_epoch2000,6,AGAGAG,722,0.0005175627240143369
Ara_directory_epoch2000,6,AGAGAT,662,0.0004745519713261649
Ara_directory_epoch2000,6,AGAGCA,360,0.00025806451612903227
Ara_directory_epoch2000,6,AGAGCC,213,0.00015268817204301075
Ara_directory_epoch2000,6,AGAGCG,149,0.00010681003584229391
Ara_directory_epoch2000,6,AGAGCT,397,0.0002845878136200717
Ara_directory_epoch2000,6,AGAGGA,627,0.00044946236559139784
Ara_directory_epoch2000,6,AGAGGC,194,0.00013906810035842294
Ara_directory_epoch2000,6,AGAGGG,203,0.00014551971326164873
Ara_directory_epoch2000,6,AGAGGT,224,0.00016057347670250896
Ara_directory_epoch2000,6,AGAGTA,287,0.0002057347670250896
Ara_directory_epoch2000,6,AGAGTC,305,0.00021863799283154122
Ara_directory_epoch2000,6,AGAGTG,231,0.00016559139784946237
Ara_directory_epoch2000,6,AGAGTT,377,0.00027025089605734766
Ara_directory_epoch2000,6,AGATAA,638,0.00045734767025089605
Ara_directory_epoch2000,6,AGATAC,373,0.0002673835125448029
Ara_directory_epoch2000,6,AGATAG,333,0.00023870967741935483
Ara_directory_epoch2000,6,AGATAT,418,0.0002996415770609319
Ara_directory_epoch2000,6,AGATCA,608,0.00043584229390681005
Ara_directory_epoch2000,6,AGATCC,481,0.0003448028673835125
Ara_directory_epoch2000,6,AGATCG,373,0.0002673835125448029
Ara_directory_epoch2000,6,AGATCT,665,0.00047670250896057347
Ara_directory_epoch2000,6,AGATGA,686,0.0004917562724014336
Ara_directory_epoch2000,6,AGATGC,266,0.0001906810035842294
Ara_directory_epoch2000,6,AGATGG,425,0.0003046594982078853
Ara_directory_epoch2000,6,AGATGT,332,0.00023799283154121863
Ara_directory_epoch2000,6,AGATTA,470,0.00033691756272401436
Ara_directory_epoch2000,6,AGATTC,754,0.0005405017921146953
Ara_directory_epoch2000,6,AGATTG,381,0.00027311827956989245
Ara_directory_epoch2000,6,AGATTT,710,0.0005089605734767025
Ara_directory_epoch2000,6,AGCAAA,707,0.0005068100358422939
Ara_directory_epoch2000,6,AGCAAC,379,0.00027168458781362005
Ara_directory_epoch2000,6,AGCAAG,331,0.00023727598566308244
Ara_directory_epoch2000,6,AGCAAT,383,0.0002745519713261649
Ara_directory_epoch2000,6,AGCACA,255,0.0001827956989247312
Ara_directory_epoch2000,6,AGCACC,200,0.00014336917562724014
Ara_directory_epoch2000,6,AGCACG,130,9.31899641577061e-05
Ara_directory_epoch2000,6,AGCACT,184,0.00013189964157706092
Ara_directory_epoch2000,6,AGCAGA,424,0.0003039426523297491
Ara_directory_epoch2000,6,AGCAGC,258,0.00018494623655913978
Ara_directory_epoch2000,6,AGCAGG,134,9.60573476702509e-05
Ara_directory_epoch2000,6,AGCAGT,165,0.00011827956989247312
Ara_directory_epoch2000,6,AGCATA,214,0.00015340501792114695
Ara_directory_epoch2000,6,AGCATC,342,0.0002451612903225806
Ara_directory_epoch2000,6,AGCATG,176,0.00012616487455197132
Ara_directory_epoch2000,6,AGCATT,267,0.0001913978494623656
Ara_directory_epoch2000,6,AGCCAA,459,0.00032903225806451614
Ara_directory_epoch2000,6,AGCCAC,288,0.0002064516129032258
Ara_directory_epoch2000,6,AGCCAG,159,0.00011397849462365592
Ara_directory_epoch2000,6,AGCCAT,321,0.00023010752688172042
Ara_directory_epoch2000,6,AGCCCA,306,0.00021935483870967742
Ara_directory_epoch2000,6,AGCCCC,123,8.817204301075268e-05
Ara_directory_epoch2000,6,AGCCCG,81,5.806451612903226e-05
Ara_directory_epoch2000,6,AGCCCT,136,9.74910394265233e-05
Ara_directory_epoch2000,6,AGCCGA,260,0.0001863799283154122
Ara_directory_epoch2000,6,AGCCGC,190,0.00013620071684587813
Ara_directory_epoch2000,6,AGCCGG,189,0.00013548387096774193
Ara_directory_epoch2000,6,AGCCGT,219,0.00015698924731182796
Ara_directory_epoch2000,6,AGCCTA,178,0.00012759856630824371
Ara_directory_epoch2000,6,AGCCTC,297,0.00021290322580645163
Ara_directory_epoch2000,6,AGCCTG,86,6.164874551971327e-05
Ara_directory_epoch2000,6,AGCCTT,284,0.000203584229390681
Ara_directory_epoch2000,6,AGCGAA,287,0.0002057347670250896
Ara_directory_epoch2000,6,AGCGAC,184,0.00013189964157706092
Ara_directory_epoch2000,6,AGCGAG,182,0.00013046594982078853
Ara_directory_epoch2000,6,AGCGAT,218,0.00015627240143369176
Ara_directory_epoch2000,6,AGCGCA,90,6.451612903225807e-05
Ara_directory_epoch2000,6,AGCGCC,110,7.885304659498208e-05
Ara_directory_epoch2000,6,AGCGCG,53,3.799283154121864e-05
Ara_directory_epoch2000,6,AGCGCT,96,6.881720430107527e-05
Ara_directory_epoch2000,6,AGCGGA,190,0.00013620071684587813
Ara_directory_epoch2000,6,AGCGGC,161,0.00011541218637992832
Ara_directory_epoch2000,6,AGCGGG,64,4.5878136200716846e-05
Ara_directory_epoch2000,6,AGCGGT,136,9.74910394265233e-05
Ara_directory_epoch2000,6,AGCGTA,105,7.526881720430108e-05
Ara_directory_epoch2000,6,AGCGTC,177,0.00012688172043010752
Ara_directory_epoch2000,6,AGCGTG,81,5.806451612903226e-05
Ara_directory_epoch2000,6,AGCGTT,170,0.00012186379928315412
Ara_directory_epoch2000,6,AGCTAA,406,0.00029103942652329746
Ara_directory_epoch2000,6,AGCTAC,283,0.0002028673835125448
Ara_directory_epoch2000,6,AGCTAG,188,0.00013476702508960573
Ara_directory_epoch2000,6,AGCTAT,300,0.00021505376344086021
Ara_directory_epoch2000,6,AGCTCA,436,0.0003125448028673835
Ara_directory_epoch2000,6,AGCTCC,461,0.00033046594982078854
Ara_directory_epoch2000,6,AGCTCG,247,0.0001770609318996416
Ara_directory_epoch2000,6,AGCTCT,570,0.00040860215053763443
Ara_directory_epoch2000,6,AGCTGA,343,0.0002458781362007168
Ara_directory_epoch2000,6,AGCTGC,240,0.00017204301075268816
Ara_directory_epoch2000,6,AGCTGG,199,0.00014265232974910395
Ara_directory_epoch2000,6,AGCTGT,228,0.00016344086021505375
Ara_directory_epoch2000,6,AGCTTA,376,0.00026953405017921146
Ara_directory_epoch2000,6,AGCTTC,712,0.0005103942652329749
Ara_directory_epoch2000,6,AGCTTG,276,0.0001978494623655914
Ara_directory_epoch2000,6,AGCTTT,568,0.000407168458781362
Ara_directory_epoch2000,6,AGGAAA,721,0.0005168458781362007
Ara_directory_epoch2000,6,AGGAAC,334,0.00023942652329749103
Ara_directory_epoch2000,6,AGGAAG,704,0.0005046594982078853
Ara_directory_epoch2000,6,AGGAAT,354,0.00025376344086021504
Ara_directory_epoch2000,6,AGGACA,210,0.00015053763440860216
Ara_directory_epoch2000,6,AGGACC,130,9.31899641577061e-05
Ara_directory_epoch2000,6,AGGACG,146,0.00010465949820788531
Ara_directory_epoch2000,6,AGGACT,139,9.964157706093189e-05
Ara_directory_epoch2000,6,AGGAGA,727,0.0005211469534050179
Ara_directory_epoch2000,6,AGGAGC,283,0.0002028673835125448
Ara_directory_epoch2000,6,AGGAGG,355,0.00025448028673835123
Ara_directory_epoch2000,6,AGGAGT,238,0.00017060931899641577
Ara_directory_epoch2000,6,AGGATA,234,0.00016774193548387096
Ara_directory_epoch2000,6,AGGATC,404,0.00028960573476702507
Ara_directory_epoch2000,6,AGGATG,278,0.00019928315412186379
Ara_directory_epoch2000,6,AGGATT,363,0.00026021505376344086
Ara_directory_epoch2000,6,AGGCAA,268,0.0001921146953405018
Ara_directory_epoch2000,6,AGGCAC,119,8.530465949820788e-05
Ara_directory_epoch2000,6,AGGCAG,143,0.0001025089605734767
Ara_directory_epoch2000,6,AGGCAT,117,8.387096774193548e-05
Ara_directory_epoch2000,6,AGGCCA,191,0.00013691756272401435
Ara_directory_epoch2000,6,AGGCCC,116,8.315412186379928e-05
Ara_directory_epoch2000,6,AGGCCG,112,8.028673835125448e-05
Ara_directory_epoch2000,6,AGGCCT,130,9.31899641577061e-05
Ara_directory_epoch2000,6,AGGCGA,162,0.00011612903225806452
Ara_directory_epoch2000,6,AGGCGC,72,5.161290322580645e-05
Ara_directory_epoch2000,6,AGGCGG,155,0.00011111111111111112
Ara_directory_epoch2000,6,AGGCGT,97,6.953405017921147e-05
Ara_directory_epoch2000,6,AGGCTA,182,0.00013046594982078853
Ara_directory_epoch2000,6,AGGCTC,217,0.00015555555555555556
Ara_directory_epoch2000,6,AGGCTG,147,0.0001053763440860215
Ara_directory_epoch2000,6,AGGCTT,263,0.00018853046594982079
Ara_directory_epoch2000,6,AGGGAA,325,0.00023297491039426523
Ara_directory_epoch2000,6,AGGGAC,109,7.813620071684588e-05
Ara_directory_epoch2000,6,AGGGAG,231,0.00016559139784946237
Ara_directory_epoch2000,6,AGGGAT,192,0.00013763440860215055
Ara_directory_epoch2000,6,AGGGCA,86,6.164874551971327e-05
Ara_directory_epoch2000,6,AGGGCC,90,6.451612903225807e-05
Ara_directory_epoch2000,6,AGGGCG,74,5.304659498207885e-05
Ara_directory_epoch2000,6,AGGGCT,110,7.885304659498208e-05
Ara_directory_epoch2000,6,AGGGGA,136,9.74910394265233e-05
Ara_directory_epoch2000,6,AGGGGC,62,4.4444444444444447e-05
Ara_directory_epoch2000,6,AGGGGG,40,2.8673835125448028e-05
Ara_directory_epoch2000,6,AGGGGT,82,5.8781362007168455e-05
Ara_directory_epoch2000,6,AGGGTA,130,9.31899641577061e-05
Ara_directory_epoch2000,6,AGGGTC,105,7.526881720430108e-05
Ara_directory_epoch2000,6,AGGGTG,100,7.168458781362007e-05
Ara_directory_epoch2000,6,AGGGTT,232,0.00016630824372759856
Ara_directory_epoch2000,6,AGGTAA,242,0.00017347670250896058
Ara_directory_epoch2000,6,AGGTAC,133,9.53405017921147e-05
Ara_directory_epoch2000,6,AGGTAG,164,0.00011756272401433691
Ara_directory_epoch2000,6,AGGTAT,155,0.00011111111111111112
Ara_directory_epoch2000,6,AGGTCA,188,0.00013476702508960573
Ara_directory_epoch2000,6,AGGTCC,127,9.10394265232975e-05
Ara_directory_epoch2000,6,AGGTCG,143,0.0001025089605734767
Ara_directory_epoch2000,6,AGGTCT,207,0.00014838709677419355
Ara_directory_epoch2000,6,AGGTGA,244,0.00017491039426523297
Ara_directory_epoch2000,6,AGGTGC,86,6.164874551971327e-05
Ara_directory_epoch2000,6,AGGTGG,194,0.00013906810035842294
Ara_directory_epoch2000,6,AGGTGT,131,9.39068100358423e-05
Ara_directory_epoch2000,6,AGGTTA,233,0.00016702508960573476
Ara_directory_epoch2000,6,AGGTTC,285,0.00020430107526881721
Ara_directory_epoch2000,6,AGGTTG,205,0.00014695340501792115
Ara_directory_epoch2000,6,AGGTTT,378,0.00027096774193548386
Ara_directory_epoch2000,6,AGTAAA,574,0.0004114695340501792
Ara_directory_epoch2000,6,AGTAAC,276,0.0001978494623655914
Ara_directory_epoch2000,6,AGTAAG,239,0.00017132616487455196
Ara_directory_epoch2000,6,AGTAAT,337,0.00024157706093189964
Ara_directory_epoch2000,6,AGTACA,218,0.00015627240143369176
Ara_directory_epoch2000,6,AGTACC,119,8.530465949820788e-05
Ara_directory_epoch2000,6,AGTACG,104,7.455197132616487e-05
Ara_directory_epoch2000,6,AGTACT,151,0.0001082437275985663
Ara_directory_epoch2000,6,AGTAGA,308,0.0002207885304659498
Ara_directory_epoch2000,6,AGTAGC,162,0.00011612903225806452
Ara_directory_epoch2000,6,AGTAGG,123,8.817204301075268e-05
Ara_directory_epoch2000,6,AGTAGT,186,0.00013333333333333334
Ara_directory_epoch2000,6,AGTATA,257,0.00018422939068100358
Ara_directory_epoch2000,6,AGTATC,246,0.00017634408602150537
Ara_directory_epoch2000,6,AGTATG,182,0.00013046594982078853
Ara_directory_epoch2000,6,AGTATT,261,0.0001870967741935484
Ara_directory_epoch2000,6,AGTCAA,450,0.0003225806451612903
Ara_directory_epoch2000,6,AGTCAC,260,0.0001863799283154122
Ara_directory_epoch2000,6,AGTCAG,158,0.00011326164874551972
Ara_directory_epoch2000,6,AGTCAT,312,0.00022365591397849463
Ara_directory_epoch2000,6,AGTCCA,234,0.00016774193548387096
Ara_directory_epoch2000,6,AGTCCC,123,8.817204301075268e-05
Ara_directory_epoch2000,6,AGTCCG,123,8.817204301075268e-05
Ara_directory_epoch2000,6,AGTCCT,184,0.00013189964157706092
Ara_directory_epoch2000,6,AGTCGA,234,0.00016774193548387096
Ara_directory_epoch2000,6,AGTCGC,156,0.00011182795698924731
Ara_directory_epoch2000,6,AGTCGG,140,0.0001003584229390681
Ara_directory_epoch2000,6,AGTCGT,238,0.00017060931899641577
Ara_directory_epoch2000,6,AGTCTA,264,0.00018924731182795698
Ara_directory_epoch2000,6,AGTCTC,398,0.0002853046594982079
Ara_directory_epoch2000,6,AGTCTG,204,0.00014623655913978496
Ara_directory_epoch2000,6,AGTCTT,391,0.00028028673835125446
Ara_directory_epoch2000,6,AGTGAA,324,0.00023225806451612904
Ara_directory_epoch2000,6,AGTGAC,163,0.00011684587813620071
Ara_directory_epoch2000,6,AGTGAG,197,0.00014121863799283155
Ara_directory_epoch2000,6,AGTGAT,332,0.00023799283154121863
Ara_directory_epoch2000,6,AGTGCA,89,6.379928315412186e-05
Ara_directory_epoch2000,6,AGTGCC,92,6.594982078853046e-05
Ara_directory_epoch2000,6,AGTGCG,47,3.369175627240143e-05
Ara_directory_epoch2000,6,AGTGCT,141,0.0001010752688172043
Ara_directory_epoch2000,6,AGTGGA,250,0.00017921146953405018
Ara_directory_epoch2000,6,AGTGGC,208,0.00014910394265232974
Ara_directory_epoch2000,6,AGTGGG,126,9.032258064516129e-05
Ara_directory_epoch2000,6,AGTGGT,230,0.00016487455197132617
Ara_directory_epoch2000,6,AGTGTA,160,0.00011469534050179211
Ara_directory_epoch2000,6,AGTGTC,176,0.00012616487455197132
Ara_directory_epoch2000,6,AGTGTG,133,9.53405017921147e-05
Ara_directory_epoch2000,6,AGTGTT,275,0.0001971326164874552
Ara_directory_epoch2000,6,AGTTAA,372,0.0002666666666666667
Ara_directory_epoch2000,6,AGTTAC,249,0.00017849462365591398
Ara_directory_epoch2000,6,AGTTAG,210,0.00015053763440860216
Ara_directory_epoch2000,6,AGTTAT,356,0.00025519713261648743
Ara_directory_epoch2000,6,AGTTCA,362,0.00025949820788530466
Ara_directory_epoch2000,6,AGTTCC,298,0.00021362007168458782
Ara_directory_epoch2000,6,AGTTCG,218,0.00015627240143369176
Ara_directory_epoch2000,6,AGTTCT,417,0.0002989247311827957
Ara_directory_epoch2000,6,AGTTGA,315,0.00022580645161290321
Ara_directory_epoch2000,6,AGTTGC,193,0.00013835125448028674
Ara_directory_epoch2000,6,AGTTGG,234,0.00016774193548387096
Ara_directory_epoch2000,6,AGTTGT,259,0.00018566308243727597
Ara_directory_epoch2000,6,AGTTTA,416,0.0002982078853046595
Ara_directory_epoch2000,6,AGTTTC,589,0.0004222222222222222
Ara_directory_epoch2000,6,AGTTTG,338,0.00024229390681003584
Ara_directory_epoch2000,6,AGTTTT,670,0.0004802867383512545
Ara_directory_epoch2000,6,ATAAAA,1733,0.001242293906810036
Ara_directory_epoch2000,6,ATAAAC,688,0.0004931899641577061
Ara_directory_epoch2000,6,ATAAAG,597,0.00042795698924731184
Ara_directory_epoch2000,6,ATAAAT,969,0.0006946236559139785
Ara_directory_epoch2000,6,ATAACA,574,0.0004114695340501792
Ara_directory_epoch2000,6,ATAACC,359,0.00025734767025089607
Ara_directory_epoch2000,6,ATAACG,251,0.00017992831541218638
Ara_directory_epoch2000,6,ATAACT,404,0.00028960573476702507
Ara_directory_epoch2000,6,ATAAGA,599,0.00042939068100358423
Ara_directory_epoch2000,6,ATAAGC,271,0.00019426523297491038
Ara_directory_epoch2000,6,ATAAGG,256,0.00018351254480286738
Ara_directory_epoch2000,6,ATAAGT,336,0.00024086021505376345
Ara_directory_epoch2000,6,ATAATA,730,0.0005232974910394265
Ara_directory_epoch2000,6,ATAATC,626,0.00044874551971326164
Ara_directory_epoch2000,6,ATAATG,406,0.00029103942652329746
Ara_directory_epoch2000,6,ATAATT,790,0.0005663082437275986
Ara_directory_epoch2000,6,ATACAA,610,0.00043727598566308245
Ara_directory_epoch2000,6,ATACAC,266,0.0001906810035842294
Ara_directory_epoch2000,6,ATACAG,187,0.00013405017921146954
Ara_directory_epoch2000,6,ATACAT,435,0.0003118279569892473
Ara_directory_epoch2000,6,ATACCA,338,0.00024229390681003584
Ara_directory_epoch2000,6,ATACCC,214,0.00015340501792114695
Ara_directory_epoch2000,6,ATACCG,139,9.964157706093189e-05
Ara_directory_epoch2000,6,ATACCT,244,0.00017491039426523297
Ara_directory_epoch2000,6,ATACGA,268,0.0001921146953405018
Ara_directory_epoch2000,6,ATACGC,133,9.53405017921147e-05
Ara_directory_epoch2000,6,ATACGG,153,0.00010967741935483871
Ara_directory_epoch2000,6,ATACGT,145,0.0001039426523297491
Ara_directory_epoch2000,6,ATACTA,294,0.000210752688172043
Ara_directory_epoch2000,6,ATACTC,359,0.00025734767025089607
Ara_directory_epoch2000,6,ATACTG,190,0.00013620071684587813
Ara_directory_epoch2000,6,ATACTT,418,0.0002996415770609319
Ara_directory_epoch2000,6,ATAGAA,517,0.00037060931899641575
Ara_directory_epoch2000,6,ATAGAC,229,0.00016415770609318997
Ara_directory_epoch2000,6,ATAGAG,317,0.00022724014336917563
Ara_directory_epoch2000,6,ATAGAT,419,0.0003003584229390681
Ara_directory_epoch2000,6,ATAGCA,232,0.00016630824372759856
Ara_directory_epoch2000,6,ATAGCC,171,0.0001225806451612903
Ara_directory_epoch2000,6,ATAGCG,112,8.028673835125448e-05
Ara_directory_epoch2000,6,ATAGCT,270,0.0001935483870967742
Ara_directory_epoch2000,6,ATAGGA,228,0.00016344086021505375
Ara_directory_epoch2000,6,ATAGGC,134,9.60573476702509e-05
Ara_directory_epoch2000,6,ATAGGG,129,9.247311827956989e-05
Ara_directory_epoch2000,6,ATAGGT,145,0.0001039426523297491
Ara_directory_epoch2000,6,ATAGTA,269,0.000192831541218638
Ara_directory_epoch2000,6,ATAGTC,229,0.00016415770609318997
Ara_directory_epoch2000,6,ATAGTG,188,0.00013476702508960573
Ara_directory_epoch2000,6,ATAGTT,334,0.00023942652329749103
Ara_directory_epoch2000,6,ATATAA,809,0.0005799283154121863
Ara_directory_epoch2000,6,ATATAC,327,0.00023440860215053763
Ara_directory_epoch2000,6,ATATAG,311,0.00022293906810035843
Ara_directory_epoch2000,6,ATATAT,702,0.0005032258064516129
Ara_directory_epoch2000,6,ATATCA,484,0.00034695340501792116
Ara_directory_epoch2000,6,ATATCC,318,0.00022795698924731183
Ara_directory_epoch2000,6,ATATCG,257,0.00018422939068100358
Ara_directory_epoch2000,6,ATATCT,538,0.000385663082437276
Ara_directory_epoch2000,6,ATATGA,379,0.00027168458781362005
Ara_directory_epoch2000,6,ATATGC,169,0.00012114695340501792
Ara_directory_epoch2000,6,ATATGG,260,0.0001863799283154122
Ara_directory_epoch2000,6,ATATGT,311,0.00022293906810035843
Ara_directory_epoch2000,6,ATATTA,654,0.00046881720430107525
Ara_directory_epoch2000,6,ATATTC,482,0.00034551971326164877
Ara_directory_epoch2000,6,ATATTG,390,0.00027956989247311827
Ara_directory_epoch2000,6,ATATTT,871,0.0006243727598566308
Ara_directory_epoch2000,6,ATCAAA,1226,0.0008788530465949821
Ara_directory_epoch2000,6,ATCAAC,677,0.0004853046594982079
Ara_directory_epoch2000,6,ATCAAG,531,0.00038064516129032255
Ara_directory_epoch2000,6,ATCAAT,764,0.0005476702508960574
Ara_directory_epoch2000,6,ATCACA,549,0.0003935483870967742
Ara_directory_epoch2000,6,ATCACC,567,0.0004064516129032258
Ara_directory_epoch2000,6,ATCACG,342,0.0002451612903225806
Ara_directory_epoch2000,6,ATCACT,507,0.0003634408602150538
Ara_directory_epoch2000,6,ATCAGA,518,0.00037132616487455195
Ara_directory_epoch2000,6,ATCAGC,367,0.00026308243727598564
Ara_directory_epoch2000,6,ATCAGG,194,0.00013906810035842294
Ara_directory_epoch2000,6,ATCAGT,315,0.00022580645161290321
Ara_directory_epoch2000,6,ATCATA,494,0.0003541218637992832
Ara_directory_epoch2000,6,ATCATC,902,0.000646594982078853
Ara_directory_epoch2000,6,ATCATG,408,0.0002924731182795699
Ara_directory_epoch2000,6,ATCATT,626,0.00044874551971326164
Ara_directory_epoch2000,6,ATCCAA,762,0.0005462365591397849
Ara_directory_epoch2000,6,ATCCAC,498,0.00035698924731182797
Ara_directory_epoch2000,6,ATCCAG,318,0.00022795698924731183
Ara_directory_epoch2000,6,ATCCAT,565,0.0004050179211469534
Ara_directory_epoch2000,6,ATCCCA,407,0.0002917562724014337
Ara_directory_epoch2000,6,ATCCCC,267,0.0001913978494623656
Ara_directory_epoch2000,6,ATCCCG,184,0.00013189964157706092
Ara_directory_epoch2000,6,ATCCCT,398,0.0002853046594982079
Ara_directory_epoch2000,6,ATCCGA,420,0.0003010752688172043
Ara_directory_epoch2000,6,ATCCGC,280,0.0002007168458781362
Ara_directory_epoch2000,6,ATCCGG,221,0.00015842293906810035
Ara_directory_epoch2000,6,ATCCGT,340,0.00024372759856630823
Ara_directory_epoch2000,6,ATCCTA,343,0.0002458781362007168
Ara_directory_epoch2000,6,ATCCTC,765,0.0005483870967741936
Ara_directory_epoch2000,6,ATCCTG,221,0.00015842293906810035
Ara_directory_epoch2000,6,ATCCTT,580,0.0004157706093189964
Ara_directory_epoch2000,6,ATCGAA,553,0.000396415770609319
Ara_directory_epoch2000,6,ATCGAC,360,0.00025806451612903227
Ara_directory_epoch2000,6,ATCGAG,321,0.00023010752688172042
Ara_directory_epoch2000,6,ATCGAT,521,0.0003734767025089606
Ara_directory_epoch2000,6,ATCGCA,215,0.00015412186379928314
Ara_directory_epoch2000,6,ATCGCC,357,0.0002559139784946237
Ara_directory_epoch2000,6,ATCGCG,164,0.00011756272401433691
Ara_directory_epoch2000,6,ATCGCT,327,0.00023440860215053763
Ara_directory_epoch2000,6,ATCGGA,372,0.0002666666666666667
Ara_directory_epoch2000,6,ATCGGC,241,0.00017275985663082438
Ara_directory_epoch2000,6,ATCGGG,135,9.67741935483871e-05
Ara_directory_epoch2000,6,ATCGGT,294,0.000210752688172043
Ara_directory_epoch2000,6,ATCGTA,269,0.000192831541218638
Ara_directory_epoch2000,6,ATCGTC,447,0.00032043010752688173
Ara_directory_epoch2000,6,ATCGTG,237,0.00016989247311827957
Ara_directory_epoch2000,6,ATCGTT,409,0.0002931899641577061
Ara_directory_epoch2000,6,ATCTAA,647,0.0004637992831541219
Ara_directory_epoch2000,6,ATCTAC,472,0.00033835125448028675
Ara_directory_epoch2000,6,ATCTAG,281,0.0002014336917562724
Ara_directory_epoch2000,6,ATCTAT,511,0.00036630824372759857
Ara_directory_epoch2000,6,ATCTCA,778,0.0005577060931899641
Ara_directory_epoch2000,6,ATCTCC,907,0.000650179211469534
Ara_directory_epoch2000,6,ATCTCG,430,0.0003082437275985663
Ara_directory_epoch2000,6,ATCTCT,1324,0.0009491039426523298
Ara_directory_epoch2000,6,ATCTGA,509,0.0003648745519713262
Ara_directory_epoch2000,6,ATCTGC,345,0.00024731182795698927
Ara_directory_epoch2000,6,ATCTGG,310,0.00022222222222222223
Ara_directory_epoch2000,6,ATCTGT,432,0.00030967741935483873
Ara_directory_epoch2000,6,ATCTTA,587,0.0004207885304659498
Ara_directory_epoch2000,6,ATCTTC,1285,0.0009211469534050179
Ara_directory_epoch2000,6,ATCTTG,490,0.00035125448028673834
Ara_directory_epoch2000,6,ATCTTT,992,0.0007111111111111111
Ara_directory_epoch2000,6,ATGAAA,848,0.0006078853046594982
Ara_directory_epoch2000,6,ATGAAC,320,0.00022939068100358422
Ara_directory_epoch2000,6,ATGAAG,664,0.00047598566308243727
Ara_directory_epoch2000,6,ATGAAT,548,0.000392831541218638
Ara_directory_epoch2000,6,ATGACA,394,0.0002824372759856631
Ara_directory_epoch2000,6,ATGACC,240,0.00017204301075268816
Ara_directory_epoch2000,6,ATGACG,352,0.00025232974910394264
Ara_directory_epoch2000,6,ATGACT,289,0.000207168458781362
Ara_directory_epoch2000,6,ATGAGA,454,0.0003254480286738351
Ara_directory_epoch2000,6,ATGAGC,213,0.00015268817204301075
Ara_directory_epoch2000,6,ATGAGG,236,0.00016917562724014338
Ara_directory_epoch2000,6,ATGAGT,290,0.0002078853046594982
Ara_directory_epoch2000,6,ATGATA,374,0.00026810035842293907
Ara_directory_epoch2000,6,ATGATC,461,0.00033046594982078854
Ara_directory_epoch2000,6,ATGATG,537,0.0003849462365591398
Ara_directory_epoch2000,6,ATGATT,554,0.0003971326164874552
Ara_directory_epoch2000,6,ATGCAA,316,0.00022652329749103944
Ara_directory_epoch2000,6,ATGCAC,117,8.387096774193548e-05
Ara_directory_epoch2000,6,ATGCAG,149,0.00010681003584229391
Ara_directory_epoch2000,6,ATGCAT,209,0.00014982078853046594
Ara_directory_epoch2000,6,ATGCCA,169,0.00012114695340501792
Ara_directory_epoch2000,6,ATGCCC,109,7.813620071684588e-05
Ara_directory_epoch2000,6,ATGCCG,154,0.0001103942652329749
Ara_directory_epoch2000,6,ATGCCT,180,0.00012903225806451613
Ara_directory_epoch2000,6,ATGCGA,167,0.00011971326164874551
Ara_directory_epoch2000,6,ATGCGC,79,5.663082437275986e-05
Ara_directory_epoch2000,6,ATGCGG,93,6.666666666666667e-05
Ara_directory_epoch2000,6,ATGCGT,120,8.602150537634408e-05
Ara_directory_epoch2000,6,ATGCTA,208,0.00014910394265232974
Ara_directory_epoch2000,6,ATGCTC,287,0.0002057347670250896
Ara_directory_epoch2000,6,ATGCTG,176,0.00012616487455197132
Ara_directory_epoch2000,6,ATGCTT,368,0.00026379928315412184
Ara_directory_epoch2000,6,ATGGAA,534,0.0003827956989247312
Ara_directory_epoch2000,6,ATGGAC,239,0.00017132616487455196
Ara_directory_epoch2000,6,ATGGAG,495,0.0003548387096774194
Ara_directory_epoch2000,6,ATGGAT,413,0.0002960573476702509
Ara_directory_epoch2000,6,ATGGCA,268,0.0001921146953405018
Ara_directory_epoch2000,6,ATGGCC,264,0.00018924731182795698
Ara_directory_epoch2000,6,ATGGCG,356,0.00025519713261648743
Ara_directory_epoch2000,6,ATGGCT,418,0.0002996415770609319
Ara_directory_epoch2000,6,ATGGGA,304,0.00021792114695340503
Ara_directory_epoch2000,6,ATGGGC,176,0.00012616487455197132
Ara_directory_epoch2000,6,ATGGGG,170,0.00012186379928315412
Ara_directory_epoch2000,6,ATGGGT,235,0.00016845878136200718
Ara_directory_epoch2000,6,ATGGTA,252,0.00018064516129032257
Ara_directory_epoch2000,6,ATGGTC,275,0.0001971326164874552
Ara_directory_epoch2000,6,ATGGTG,383,0.0002745519713261649
Ara_directory_epoch2000,6,ATGGTT,485,0.00034767025089605736
Ara_directory_epoch2000,6,ATGTAA,381,0.00027311827956989245
Ara_directory_epoch2000,6,ATGTAC,171,0.0001225806451612903
Ara_directory_epoch2000,6,ATGTAG,210,0.00015053763440860216
Ara_directory_epoch2000,6,ATGTAT,286,0.0002050179211469534
Ara_directory_epoch2000,6,ATGTCA,319,0.00022867383512544803
Ara_directory_epoch2000,6,ATGTCC,212,0.00015197132616487455
Ara_directory_epoch2000,6,ATGTCG,240,0.00017204301075268816
Ara_directory_epoch2000,6,ATGTCT,341,0.00024444444444444443
Ara_directory_epoch2000,6,ATGTGA,291,0.00020860215053763442
Ara_directory_epoch2000,6,ATGTGC,134,9.60573476702509e-05
Ara_directory_epoch2000,6,ATGTGG,251,0.00017992831541218638
Ara_directory_epoch2000,6,ATGTGT,276,0.0001978494623655914
Ara_directory_epoch2000,6,ATGTTA,356,0.00025519713261648743
Ara_directory_epoch2000,6,ATGTTC,393,0.00028172043010752686
Ara_directory_epoch2000,6,ATGTTG,327,0.00023440860215053763
Ara_directory_epoch2000,6,ATGTTT,568,0.000407168458781362
Ara_directory_epoch2000,6,ATTAAA,1066,0.00076415770609319
Ara_directory_epoch2000,6,ATTAAC,444,0.00031827956989247314
Ara_directory_epoch2000,6,ATTAAG,382,0.0002738351254480287
Ara_directory_epoch2000,6,ATTAAT,822,0.000589247311827957
Ara_directory_epoch2000,6,ATTACA,425,0.0003046594982078853
Ara_directory_epoch2000,6,ATTACC,306,0.00021935483870967742
Ara_directory_epoch2000,6,ATTACG,228,0.00016344086021505375
Ara_directory_epoch2000,6,ATTACT,423,0.0003032258064516129
Ara_directory_epoch2000,6,ATTAGA,416,0.0002982078853046595
Ara_directory_epoch2000,6,ATTAGC,247,0.0001770609318996416
Ara_directory_epoch2000,6,ATTAGG,168,0.00012043010752688172
Ara_directory_epoch2000,6,ATTAGT,321,0.00023010752688172042
Ara_directory_epoch2000,6,ATTATA,633,0.00045376344086021507
Ara_directory_epoch2000,6,ATTATC,540,0.0003870967741935484
Ara_directory_epoch2000,6,ATTATG,362,0.00025949820788530466
Ara_directory_epoch2000,6,ATTATT,757,0.0005426523297491039
Ara_directory_epoch2000,6,ATTCAA,804,0.0005763440860215054
Ara_directory_epoch2000,6,ATTCAC,482,0.00034551971326164877
Ara_directory_epoch2000,6,ATTCAG,380,0.00027240143369175625
Ara_directory_epoch2000,6,ATTCAT,689,0.0004939068100358423
Ara_directory_epoch2000,6,ATTCCA,544,0.0003899641577060932
Ara_directory_epoch2000,6,ATTCCC,386,0.0002767025089605735
Ara_directory_epoch2000,6,ATTCCG,331,0.00023727598566308244
Ara_directory_epoch2000,6,ATTCCT,588,0.000421505376344086
Ara_directory_epoch2000,6,ATTCGA,428,0.0003068100358422939
Ara_directory_epoch2000,6,ATTCGC,264,0.00018924731182795698
Ara_directory_epoch2000,6,ATTCGG,212,0.00015197132616487455
Ara_directory_epoch2000,6,ATTCGT,385,0.0002759856630824373
Ara_directory_epoch2000,6,ATTCTA,510,0.0003655913978494624
Ara_directory_epoch2000,6,ATTCTC,999,0.0007161290322580645
Ara_directory_epoch2000,6,ATTCTG,385,0.0002759856630824373
Ara_directory_epoch2000,6,ATTCTT,999,0.0007161290322580645
Ara_directory_epoch2000,6,ATTGAA,532,0.0003813620071684588
Ara_directory_epoch2000,6,ATTGAC,273,0.0001956989247311828
Ara_directory_epoch2000,6,ATTGAG,303,0.0002172043010752688
Ara_directory_epoch2000,6,ATTGAT,517,0.00037060931899641575
Ara_directory_epoch2000,6,ATTGCA,231,0.00016559139784946237
Ara_directory_epoch2000,6,ATTGCC,209,0.00014982078853046594
Ara_directory_epoch2000,6,ATTGCG,170,0.00012186379928315412
Ara_directory_epoch2000,6,ATTGCT,348,0.00024946236559139786
Ara_directory_epoch2000,6,ATTGGA,394,0.0002824372759856631
Ara_directory_epoch2000,6,ATTGGC,246,0.00017634408602150537
Ara_directory_epoch2000,6,ATTGGG,263,0.00018853046594982079
Ara_directory_epoch2000,6,ATTGGT,416,0.0002982078853046595
Ara_directory_epoch2000,6,ATTGTA,315,0.00022580645161290321
Ara_directory_epoch2000,6,ATTGTC,358,0.0002566308243727599
Ara_directory_epoch2000,6,ATTGTG,318,0.00022795698924731183
Ara_directory_epoch2000,6,ATTGTT,579,0.0004150537634408602
Ara_directory_epoch2000,6,ATTTAA,808,0.0005792114695340501
Ara_directory_epoch2000,6,ATTTAC,481,0.0003448028673835125
Ara_directory_epoch2000,6,ATTTAG,369,0.0002645161290322581
Ara_directory_epoch2000,6,ATTTAT,813,0.0005827956989247312
Ara_directory_epoch2000,6,ATTTCA,713,0.0005111111111111112
Ara_directory_epoch2000,6,ATTTCC,592,0.0004243727598566308
Ara_directory_epoch2000,6,ATTTCG,440,0.0003154121863799283
Ara_directory_epoch2000,6,ATTTCT,992,0.0007111111111111111
Ara_directory_epoch2000,6,ATTTGA,634,0.00045448028673835127
Ara_directory_epoch2000,6,ATTTGC,299,0.00021433691756272402
Ara_directory_epoch2000,6,ATTTGG,463,0.00033189964157706093
Ara_directory_epoch2000,6,ATTTGT,660,0.0004731182795698925
Ara_directory_epoch2000,6,ATTTTA,869,0.0006229390681003584
Ara_directory_epoch2000,6,ATTTTC,992,0.0007111111111111111
Ara_directory_epoch2000,6,ATTTTG,700,0.0005017921146953405
Ara_directory_epoch2000,6,ATTTTT,1518,0.0010881720430107526
Ara_directory_epoch2000,6,CAAAAA,2201,0.0015777777777777778
Ara_directory_epoch2000,6,CAAAAC,931,0.0006673835125448028
Ara_directory_epoch2000,6,CAAAAG,770,0.0005519713261648746
Ara_directory_epoch2000,6,CAAAAT,1150,0.0008243727598566308
Ara_directory_epoch2000,6,CAAACA,755,0.0005412186379928315
Ara_directory_epoch2000,6,CAAACC,720,0.0005161290322580645
Ara_directory_epoch2000,6,CAAACG,358,0.0002566308243727599
Ara_directory_epoch2000,6,CAAACT,672,0.0004817204301075269
Ara_directory_epoch2000,6,CAAAGA,987,0.0007075268817204301
Ara_directory_epoch2000,6,CAAAGC,562,0.0004028673835125448
Ara_directory_epoch2000,6,CAAAGG,400,0.0002867383512544803
Ara_directory_epoch2000,6,CAAAGT,482,0.00034551971326164877
Ara_directory_epoch2000,6,CAAATA,753,0.0005397849462365591
Ara_directory_epoch2000,6,CAAATC,1005,0.0007204301075268817
Ara_directory_epoch2000,6,CAAATG,442,0.0003168458781362007
Ara_directory_epoch2000,6,CAAATT,933,0.0006688172043010752
Ara_directory_epoch2000,6,CAACAA,917,0.0006573476702508961
Ara_directory_epoch2000,6,CAACAC,420,0.0003010752688172043
Ara_directory_epoch2000,6,CAACAG,299,0.00021433691756272402
Ara_directory_epoch2000,6,CAACAT,476,0.00034121863799283154
Ara_directory_epoch2000,6,CAACCA,605,0.0004336917562724014
Ara_directory_epoch2000,6,CAACCC,368,0.00026379928315412184
Ara_directory_epoch2000,6,CAACCG,301,0.0002157706093189964
Ara_directory_epoch2000,6,CAACCT,393,0.00028172043010752686
Ara_directory_epoch2000,6,CAACGA,465,0.0003333333333333333
Ara_directory_epoch2000,6,CAACGC,215,0.00015412186379928314
Ara_directory_epoch2000,6,CAACGG,308,0.0002207885304659498
Ara_directory_epoch2000,6,CAACGT,306,0.00021935483870967742
Ara_directory_epoch2000,6,CAACTA,351,0.00025161290322580645
Ara_directory_epoch2000,6,CAACTC,514,0.00036845878136200716
Ara_directory_epoch2000,6,CAACTG,223,0.00015985663082437277
Ara_directory_epoch2000,6,CAACTT,496,0.00035555555555555557
Ara_directory_epoch2000,6,CAAGAA,868,0.0006222222222222223
Ara_directory_epoch2000,6,CAAGAC,351,0.00025161290322580645
Ara_directory_epoch2000,6,CAAGAG,407,0.0002917562724014337
Ara_directory_epoch2000,6,CAAGAT,542,0.00038853046594982077
Ara_directory_epoch2000,6,CAAGCA,382,0.0002738351254480287
Ara_directory_epoch2000,6,CAAGCC,327,0.00023440860215053763
Ara_directory_epoch2000,6,CAAGCG,171,0.0001225806451612903
Ara_directory_epoch2000,6,CAAGCT,424,0.0003039426523297491
Ara_directory_epoch2000,6,CAAGGA,454,0.0003254480286738351
Ara_directory_epoch2000,6,CAAGGC,246,0.00017634408602150537
Ara_directory_epoch2000,6,CAAGGG,133,9.53405017921147e-05
Ara_directory_epoch2000,6,CAAGGT,240,0.00017204301075268816
Ara_directory_epoch2000,6,CAAGTA,252,0.00018064516129032257
Ara_directory_epoch2000,6,CAAGTC,314,0.00022508960573476702
Ara_directory_epoch2000,6,CAAGTG,190,0.00013620071684587813
Ara_directory_epoch2000,6,CAAGTT,409,0.0002931899641577061
Ara_directory_epoch2000,6,CAATAA,665,0.00047670250896057347
Ara_directory_epoch2000,6,CAATAC,337,0.00024157706093189964
Ara_directory_epoch2000,6,CAATAG,248,0.00017777777777777779
Ara_directory_epoch2000,6,CAATAT,501,0.00035913978494623655
Ara_directory_epoch2000,6,CAATCA,679,0.00048673835125448027
Ara_directory_epoch2000,6,CAATCC,571,0.0004093189964157706
Ara_directory_epoch2000,6,CAATCG,356,0.00025519713261648743
Ara_directory_epoch2000,6,CAATCT,783,0.0005612903225806451
Ara_directory_epoch2000,6,CAATGA,440,0.0003154121863799283
Ara_directory_epoch2000,6,CAATGC,232,0.00016630824372759856
Ara_directory_epoch2000,6,CAATGG,436,0.0003125448028673835
Ara_directory_epoch2000,6,CAATGT,344,0.00024659498207885307
Ara_directory_epoch2000,6,CAATTA,559,0.0004007168458781362
Ara_directory_epoch2000,6,CAATTC,645,0.0004623655913978495
Ara_directory_epoch2000,6,CAATTG,359,0.00025734767025089607
Ara_directory_epoch2000,6,CAATTT,811,0.0005813620071684587
Ara_directory_epoch2000,6,CACAAA,926,0.0006637992831541219
Ara_directory_epoch2000,6,CACAAC,432,0.00030967741935483873
Ara_directory_epoch2000,6,CACAAG,362,0.00025949820788530466
Ara_directory_epoch2000,6,CACAAT,502,0.00035985663082437275
Ara_directory_epoch2000,6,CACACA,385,0.0002759856630824373
Ara_directory_epoch2000,6,CACACC,265,0.00018996415770609318
Ara_directory_epoch2000,6,CACACG,212,0.00015197132616487455
Ara_directory_epoch2000,6,CACACT,312,0.00022365591397849463
Ara_directory_epoch2000,6,CACAGA,326,0.00023369175627240143
Ara_directory_epoch2000,6,CACAGC,203,0.00014551971326164873
Ara_directory_epoch2000,6,CACAGG,127,9.10394265232975e-05
Ara_directory_epoch2000,6,CACAGT,233,0.00016702508960573476
Ara_directory_epoch2000,6,CACATA,297,0.00021290322580645163
Ara_directory_epoch2000,6,CACATC,369,0.0002645161290322581
Ara_directory_epoch2000,6,CACATG,241,0.00017275985663082438
Ara_directory_epoch2000,6,CACATT,380,0.00027240143369175625
Ara_directory_epoch2000,6,CACCAA,667,0.00047813620071684586
Ara_directory_epoch2000,6,CACCAC,473,0.00033906810035842295
Ara_directory_epoch2000,6,CACCAG,280,0.0002007168458781362
Ara_directory_epoch2000,6,CACCAT,452,0.0003240143369175627
Ara_directory_epoch2000,6,CACCCA,253,0.00018136200716845877
Ara_directory_epoch2000,6,CACCCC,163,0.00011684587813620071
Ara_directory_epoch2000,6,CACCCG,145,0.0001039426523297491
Ara_directory_epoch2000,6,CACCCT,239,0.00017132616487455196
Ara_directory_epoch2000,6,CACCGA,384,0.0002752688172043011
Ara_directory_epoch2000,6,CACCGC,351,0.00025161290322580645
Ara_directory_epoch2000,6,CACCGG,324,0.00023225806451612904
Ara_directory_epoch2000,6,CACCGT,337,0.00024157706093189964
Ara_directory_epoch2000,6,CACCTA,183,0.00013118279569892472
Ara_directory_epoch2000,6,CACCTC,416,0.0002982078853046595
Ara_directory_epoch2000,6,CACCTG,145,0.0001039426523297491
Ara_directory_epoch2000,6,CACCTT,375,0.00026881720430107527
Ara_directory_epoch2000,6,CACGAA,361,0.00025878136200716847
Ara_directory_epoch2000,6,CACGAC,252,0.00018064516129032257
Ara_directory_epoch2000,6,CACGAG,222,0.00015913978494623657
Ara_directory_epoch2000,6,CACGAT,321,0.00023010752688172042
Ara_directory_epoch2000,6,CACGCA,150,0.00010752688172043011
Ara_directory_epoch2000,6,CACGCC,167,0.00011971326164874551
Ara_directory_epoch2000,6,CACGCG,83,5.949820788530466e-05
Ara_directory_epoch2000,6,CACGCT,155,0.00011111111111111112
Ara_directory_epoch2000,6,CACGGA,224,0.00016057347670250896
Ara_directory_epoch2000,6,CACGGC,215,0.00015412186379928314
Ara_directory_epoch2000,6,CACGGG,92,6.594982078853046e-05
Ara_directory_epoch2000,6,CACGGT,182,0.00013046594982078853
Ara_directory_epoch2000,6,CACGTA,146,0.00010465949820788531
Ara_directory_epoch2000,6,CACGTC,263,0.00018853046594982079
Ara_directory_epoch2000,6,CACGTG,174,0.00012473118279569893
Ara_directory_epoch2000,6,CACGTT,238,0.00017060931899641577
Ara_directory_epoch2000,6,CACTAA,350,0.00025089605734767025
Ara_directory_epoch2000,6,CACTAC,249,0.00017849462365591398
Ara_directory_epoch2000,6,CACTAG,150,0.00010752688172043011
Ara_directory_epoch2000,6,CACTAT,327,0.00023440860215053763
Ara_directory_epoch2000,6,CACTCA,353,0.00025304659498207884
Ara_directory_epoch2000,6,CACTCC,343,0.0002458781362007168
Ara_directory_epoch2000,6,CACTCG,232,0.00016630824372759856
Ara_directory_epoch2000,6,CACTCT,539,0.0003863799283154122
Ara_directory_epoch2000,6,CACTGA,242,0.00017347670250896058
Ara_directory_epoch2000,6,CACTGC,156,0.00011182795698924731
Ara_directory_epoch2000,6,CACTGG,204,0.00014623655913978496
Ara_directory_epoch2000,6,CACTGT,203,0.00014551971326164873
Ara_directory_epoch2000,6,CACTTA,297,0.00021290322580645163
Ara_directory_epoch2000,6,CACTTC,473,0.00033906810035842295
Ara_directory_epoch2000,6,CACTTG,262,0.0001878136200716846
Ara_directory_epoch2000,6,CACTTT,529,0.00037921146953405016
Ara_directory_epoch2000,6,CAGAAA,754,0.0005405017921146953
Ara_directory_epoch2000,6,CAGAAC,312,0.00022365591397849463
Ara_directory_epoch2000,6,CAGAAG,529,0.00037921146953405016
Ara_directory_epoch2000,6,CAGAAT,365,0.00026164874551971325
Ara_directory_epoch2000,6,CAGACA,244,0.00017491039426523297
Ara_directory_epoch2000,6,CAGACC,181,0.00012974910394265233
Ara_directory_epoch2000,6,CAGACG,177,0.00012688172043010752
Ara_directory_epoch2000,6,CAGACT,189,0.00013548387096774193
Ara_directory_epoch2000,6,CAGAGA,550,0.0003942652329749104
Ara_directory_epoch2000,6,CAGAGC,246,0.00017634408602150537
Ara_directory_epoch2000,6,CAGAGG,230,0.00016487455197132617
Ara_directory_epoch2000,6,CAGAGT,222,0.00015913978494623657
Ara_directory_epoch2000,6,CAGATA,331,0.00023727598566308244
Ara_directory_epoch2000,6,CAGATC,451,0.0003232974910394265
Ara_directory_epoch2000,6,CAGATG,296,0.0002121863799283154
Ara_directory_epoch2000,6,CAGATT,473,0.00033906810035842295
Ara_directory_epoch2000,6,CAGCAA,367,0.00026308243727598564
Ara_directory_epoch2000,6,CAGCAC,148,0.0001060931899641577
Ara_directory_epoch2000,6,CAGCAG,192,0.00013763440860215055
Ara_directory_epoch2000,6,CAGCAT,186,0.00013333333333333334
Ara_directory_epoch2000,6,CAGCCA,246,0.00017634408602150537
Ara_directory_epoch2000,6,CAGCCC,105,7.526881720430108e-05
Ara_directory_epoch2000,6,CAGCCG,195,0.00013978494623655913
Ara_directory_epoch2000,6,CAGCCT,163,0.00011684587813620071
Ara_directory_epoch2000,6,CAGCGA,240,0.00017204301075268816
Ara_directory_epoch2000,6,CAGCGC,91,6.523297491039426e-05
Ara_directory_epoch2000,6,CAGCGG,174,0.00012473118279569893
Ara_directory_epoch2000,6,CAGCGT,137,9.82078853046595e-05
Ara_directory_epoch2000,6,CAGCTA,225,0.00016129032258064516
Ara_directory_epoch2000,6,CAGCTC,382,0.0002738351254480287
Ara_directory_epoch2000,6,CAGCTG,215,0.00015412186379928314
Ara_directory_epoch2000,6,CAGCTT,362,0.00025949820788530466
Ara_directory_epoch2000,6,CAGGAA,331,0.00023727598566308244
Ara_directory_epoch2000,6,CAGGAC,89,6.379928315412186e-05
Ara_directory_epoch2000,6,CAGGAG,234,0.00016774193548387096
Ara_directory_epoch2000,6,CAGGAT,171,0.0001225806451612903
Ara_directory_epoch2000,6,CAGGCA,111,7.956989247311829e-05
Ara_directory_epoch2000,6,CAGGCC,77,5.519713261648745e-05
Ara_directory_epoch2000,6,CAGGCG,74,5.304659498207885e-05
Ara_directory_epoch2000,6,CAGGCT,116,8.315412186379928e-05
Ara_directory_epoch2000,6,CAGGGA,142,0.0001017921146953405
Ara_directory_epoch2000,6,CAGGGC,73,5.2329749103942654e-05
Ara_directory_epoch2000,6,CAGGGG,43,3.0824372759856634e-05
Ara_directory_epoch2000,6,CAGGGT,74,5.304659498207885e-05
Ara_directory_epoch2000,6,CAGGTA,117,8.387096774193548e-05
Ara_directory_epoch2000,6,CAGGTC,139,9.964157706093189e-05
Ara_directory_epoch2000,6,CAGGTG,105,7.526881720430108e-05
Ara_directory_epoch2000,6,CAGGTT,187,0.00013405017921146954
Ara_directory_epoch2000,6,CAGTAA,243,0.00017419354838709678
Ara_directory_epoch2000,6,CAGTAC,105,7.526881720430108e-05
Ara_directory_epoch2000,6,CAGTAG,136,9.74910394265233e-05
Ara_directory_epoch2000,6,CAGTAT,153,0.00010967741935483871
Ara_directory_epoch2000,6,CAGTCA,249,0.00017849462365591398
Ara_directory_epoch2000,6,CAGTCC,118,8.458781362007169e-05
Ara_directory_epoch2000,6,CAGTCG,168,0.00012043010752688172
Ara_directory_epoch2000,6,CAGTCT,220,0.00015770609318996415
Ara_directory_epoch2000,6,CAGTGA,234,0.00016774193548387096
Ara_directory_epoch2000,6,CAGTGC,83,5.949820788530466e-05
Ara_directory_epoch2000,6,CAGTGG,206,0.00014767025089605735
Ara_directory_epoch2000,6,CAGTGT,165,0.00011827956989247312
Ara_directory_epoch2000,6,CAGTTA,223,0.00015985663082437277
Ara_directory_epoch2000,6,CAGTTC,292,0.00020931899641577062
Ara_directory_epoch2000,6,CAGTTG,179,0.00012831541218637994
Ara_directory_epoch2000,6,CAGTTT,382,0.0002738351254480287
Ara_directory_epoch2000,6,CATAAA,698,0.0005003584229390681
Ara_directory_epoch2000,6,CATAAC,308,0.0002207885304659498
Ara_directory_epoch2000,6,CATAAG,282,0.0002021505376344086
Ara_directory_epoch2000,6,CATAAT,474,0.00033978494623655914
Ara_directory_epoch2000,6,CATACA,297,0.00021290322580645163
Ara_directory_epoch2000,6,CATACC,222,0.00015913978494623657
Ara_directory_epoch2000,6,CATACG,147,0.0001053763440860215
Ara_directory_epoch2000,6,CATACT,253,0.00018136200716845877
Ara_directory_epoch2000,6,CATAGA,280,0.0002007168458781362
Ara_directory_epoch2000,6,CATAGC,161,0.00011541218637992832
Ara_directory_epoch2000,6,CATAGG,117,8.387096774193548e-05
Ara_directory_epoch2000,6,CATAGT,181,0.00012974910394265233
Ara_directory_epoch2000,6,CATATA,394,0.0002824372759856631
Ara_directory_epoch2000,6,CATATC,341,0.00024444444444444443
Ara_directory_epoch2000,6,CATATG,204,0.00014623655913978496
Ara_directory_epoch2000,6,CATATT,463,0.00033189964157706093
Ara_directory_epoch2000,6,CATCAA,763,0.0005469534050179212
Ara_directory_epoch2000,6,CATCAC,569,0.00040788530465949823
Ara_directory_epoch2000,6,CATCAG,320,0.00022939068100358422
Ara_directory_epoch2000,6,CATCAT,627,0.00044946236559139784
Ara_directory_epoch2000,6,CATCCA,448,0.00032114695340501793
Ara_directory_epoch2000,6,CATCCC,234,0.00016774193548387096
Ara_directory_epoch2000,6,CATCCG,252,0.00018064516129032257
Ara_directory_epoch2000,6,CATCCT,463,0.00033189964157706093
Ara_directory_epoch2000,6,CATCGA,451,0.0003232974910394265
Ara_directory_epoch2000,6,CATCGC,331,0.00023727598566308244
Ara_directory_epoch2000,6,CATCGG,288,0.0002064516129032258
Ara_directory_epoch2000,6,CATCGT,373,0.0002673835125448029
Ara_directory_epoch2000,6,CATCTA,372,0.0002666666666666667
Ara_directory_epoch2000,6,CATCTC,770,0.0005519713261648746
Ara_directory_epoch2000,6,CATCTG,334,0.00023942652329749103
Ara_directory_epoch2000,6,CATCTT,792,0.000567741935483871
Ara_directory_epoch2000,6,CATGAA,399,0.0002860215053763441
Ara_directory_epoch2000,6,CATGAC,274,0.000196415770609319
Ara_directory_epoch2000,6,CATGAG,219,0.00015698924731182796
Ara_directory_epoch2000,6,CATGAT,357,0.0002559139784946237
Ara_directory_epoch2000,6,CATGCA,151,0.0001082437275985663
Ara_directory_epoch2000,6,CATGCC,150,0.00010752688172043011
Ara_directory_epoch2000,6,CATGCG,89,6.379928315412186e-05
Ara_directory_epoch2000,6,CATGCT,209,0.00014982078853046594
Ara_directory_epoch2000,6,CATGGA,370,0.0002652329749103943
Ara_directory_epoch2000,6,CATGGC,366,0.00026236559139784945
Ara_directory_epoch2000,6,CATGGG,178,0.00012759856630824371
Ara_directory_epoch2000,6,CATGGT,308,0.0002207885304659498
Ara_directory_epoch2000,6,CATGTA,202,0.00014480286738351254
Ara_directory_epoch2000,6,CATGTC,274,0.000196415770609319
Ara_directory_epoch2000,6,CATGTG,209,0.00014982078853046594
Ara_directory_epoch2000,6,CATGTT,347,0.00024874551971326166
Ara_directory_epoch2000,6,CATTAA,510,0.0003655913978494624
Ara_directory_epoch2000,6,CATTAC,321,0.00023010752688172042
Ara_directory_epoch2000,6,CATTAG,223,0.00015985663082437277
Ara_directory_epoch2000,6,CATTAT,439,0.0003146953405017921
Ara_directory_epoch2000,6,CATTCA,421,0.0003017921146953405
Ara_directory_epoch2000,6,CATTCC,363,0.00026021505376344086
Ara_directory_epoch2000,6,CATTCG,228,0.00016344086021505375
Ara_directory_epoch2000,6,CATTCT,540,0.0003870967741935484
Ara_directory_epoch2000,6,CATTGA,345,0.00024731182795698927
Ara_directory_epoch2000,6,CATTGC,220,0.00015770609318996415
Ara_directory_epoch2000,6,CATTGG,247,0.0001770609318996416
Ara_directory_epoch2000,6,CATTGT,338,0.00024229390681003584
Ara_directory_epoch2000,6,CATTTA,482,0.00034551971326164877
Ara_directory_epoch2000,6,CATTTC,612,0.00043870967741935484
Ara_directory_epoch2000,6,CATTTG,341,0.00024444444444444443
Ara_directory_epoch2000,6,CATTTT,791,0.0005670250896057348
Ara_directory_epoch2000,6,CCAAAA,1212,0.0008688172043010752
Ara_directory_epoch2000,6,CCAAAC,685,0.0004910394265232974
Ara_directory_epoch2000,6,CCAAAG,550,0.0003942652329749104
Ara_directory_epoch2000,6,CCAAAT,770,0.0005519713261648746
Ara_directory_epoch2000,6,CCAACA,466,0.0003340501792114695
Ara_directory_epoch2000,6,CCAACC,444,0.00031827956989247314
Ara_directory_epoch2000,6,CCAACG,340,0.00024372759856630823
Ara_directory_epoch2000,6,CCAACT,362,0.00025949820788530466
Ara_directory_epoch2000,6,CCAAGA,549,0.0003935483870967742
Ara_directory_epoch2000,6,CCAAGC,318,0.00022795698924731183
Ara_directory_epoch2000,6,CCAAGG,266,0.0001906810035842294
Ara_directory_epoch2000,6,CCAAGT,280,0.0002007168458781362
Ara_directory_epoch2000,6,CCAATA,425,0.0003046594982078853
Ara_directory_epoch2000,6,CCAATC,641,0.00045949820788530464
Ara_directory_epoch2000,6,CCAATG,369,0.0002645161290322581
Ara_directory_epoch2000,6,CCAATT,609,0.00043655913978494625
Ara_directory_epoch2000,6,CCACAA,623,0.00044659498207885305
Ara_directory_epoch2000,6,CCACAC,274,0.000196415770609319
Ara_directory_epoch2000,6,CCACAG,243,0.00017419354838709678
Ara_directory_epoch2000,6,CCACAT,353,0.00025304659498207884
Ara_directory_epoch2000,6,CCACCA,570,0.00040860215053763443
Ara_directory_epoch2000,6,CCACCC,214,0.00015340501792114695
Ara_directory_epoch2000,6,CCACCG,483,0.00034623655913978497
Ara_directory_epoch2000,6,CCACCT,344,0.00024659498207885307
Ara_directory_epoch2000,6,CCACGA,329,0.00023584229390681005
Ara_directory_epoch2000,6,CCACGC,160,0.00011469534050179211
Ara_directory_epoch2000,6,CCACGG,244,0.00017491039426523297
Ara_directory_epoch2000,6,CCACGT,251,0.00017992831541218638
Ara_directory_epoch2000,6,CCACTA,268,0.0001921146953405018
Ara_directory_epoch2000,6,CCACTC,384,0.0002752688172043011
Ara_directory_epoch2000,6,CCACTG,200,0.00014336917562724014
Ara_directory_epoch2000,6,CCACTT,454,0.0003254480286738351
Ara_directory_epoch2000,6,CCAGAA,456,0.0003268817204301075
Ara_directory_epoch2000,6,CCAGAC,185,0.00013261648745519714
Ara_directory_epoch2000,6,CCAGAG,280,0.0002007168458781362
Ara_directory_epoch2000,6,CCAGAT,337,0.00024157706093189964
Ara_directory_epoch2000,6,CCAGCA,194,0.00013906810035842294
Ara_directory_epoch2000,6,CCAGCC,159,0.00011397849462365592
Ara_directory_epoch2000,6,CCAGCG,163,0.00011684587813620071
Ara_directory_epoch2000,6,CCAGCT,286,0.0002050179211469534
Ara_directory_epoch2000,6,CCAGGA,164,0.00011756272401433691
Ara_directory_epoch2000,6,CCAGGC,79,5.663082437275986e-05
Ara_directory_epoch2000,6,CCAGGG,63,4.516129032258064e-05
Ara_directory_epoch2000,6,CCAGGT,117,8.387096774193548e-05
Ara_directory_epoch2000,6,CCAGTA,137,9.82078853046595e-05
Ara_directory_epoch2000,6,CCAGTC,175,0.00012544802867383513
Ara_directory_epoch2000,6,CCAGTG,164,0.00011756272401433691
Ara_directory_epoch2000,6,CCAGTT,254,0.000182078853046595
Ara_directory_epoch2000,6,CCATAA,454,0.0003254480286738351
Ara_directory_epoch2000,6,CCATAC,225,0.00016129032258064516
Ara_directory_epoch2000,6,CCATAG,185,0.00013261648745519714
Ara_directory_epoch2000,6,CCATAT,324,0.00023225806451612904
Ara_directory_epoch2000,6,CCATCA,568,0.000407168458781362
Ara_directory_epoch2000,6,CCATCC,345,0.00024731182795698927
Ara_directory_epoch2000,6,CCATCG,388,0.0002781362007168459
Ara_directory_epoch2000,6,CCATCT,552,0.0003956989247311828
Ara_directory_epoch2000,6,CCATGA,332,0.00023799283154121863
Ara_directory_epoch2000,6,CCATGC,176,0.00012616487455197132
Ara_directory_epoch2000,6,CCATGG,351,0.00025161290322580645
Ara_directory_epoch2000,6,CCATGT,287,0.0002057347670250896
Ara_directory_epoch2000,6,CCATTA,381,0.00027311827956989245
Ara_directory_epoch2000,6,CCATTC,415,0.0002974910394265233
Ara_directory_epoch2000,6,CCATTG,312,0.00022365591397849463
Ara_directory_epoch2000,6,CCATTT,587,0.0004207885304659498
Ara_directory_epoch2000,6,CCCAAA,763,0.0005469534050179212
Ara_directory_epoch2000,6,CCCAAC,359,0.00025734767025089607
Ara_directory_epoch2000,6,CCCAAG,294,0.000210752688172043
Ara_directory_epoch2000,6,CCCAAT,474,0.00033978494623655914
Ara_directory_epoch2000,6,CCCACA,262,0.0001878136200716846
Ara_directory_epoch2000,6,CCCACC,278,0.00019928315412186379
Ara_directory_epoch2000,6,CCCACG,173,0.00012401433691756273
Ara_directory_epoch2000,6,CCCACT,265,0.00018996415770609318
Ara_directory_epoch2000,6,CCCAGA,234,0.00016774193548387096
Ara_directory_epoch2000,6,CCCAGC,150,0.00010752688172043011
Ara_directory_epoch2000,6,CCCAGG,82,5.8781362007168455e-05
Ara_directory_epoch2000,6,CCCAGT,133,9.53405017921147e-05
Ara_directory_epoch2000,6,CCCATA,241,0.00017275985663082438
Ara_directory_epoch2000,6,CCCATC,377,0.00027025089605734766
Ara_directory_epoch2000,6,CCCATG,207,0.00014838709677419355
Ara_directory_epoch2000,6,CCCATT,376,0.00026953405017921146
Ara_directory_epoch2000,6,CCCCAA,409,0.0002931899641577061
Ara_directory_epoch2000,6,CCCCAC,226,0.00016200716845878136
Ara_directory_epoch2000,6,CCCCAG,133,9.53405017921147e-05
Ara_directory_epoch2000,6,CCCCAT,247,0.0001770609318996416
Ara_directory_epoch2000,6,CCCCCA,174,0.00012473118279569893
Ara_directory_epoch2000,6,CCCCCC,94,6.738351254480287e-05
Ara_directory_epoch2000,6,CCCCCG,91,6.523297491039426e-05
Ara_directory_epoch2000,6,CCCCCT,135,9.67741935483871e-05
Ara_directory_epoch2000,6,CCCCGA,148,0.0001060931899641577
Ara_directory_epoch2000,6,CCCCGC,85,6.093189964157706e-05
Ara_directory_epoch2000,6,CCCCGG,80,5.7347670250896056e-05
Ara_directory_epoch2000,6,CCCCGT,111,7.956989247311829e-05
Ara_directory_epoch2000,6,CCCCTA,123,8.817204301075268e-05
Ara_directory_epoch2000,6,CCCCTC,235,0.00016845878136200718
Ara_directory_epoch2000,6,CCCCTG,87,6.236559139784946e-05
Ara_directory_epoch2000,6,CCCCTT,228,0.00016344086021505375
Ara_directory_epoch2000,6,CCCGAA,254,0.000182078853046595
Ara_directory_epoch2000,6,CCCGAC,185,0.00013261648745519714
Ara_directory_epoch2000,6,CCCGAG,125,8.960573476702509e-05
Ara_directory_epoch2000,6,CCCGAT,250,0.00017921146953405018
Ara_directory_epoch2000,6,CCCGCA,91,6.523297491039426e-05
Ara_directory_epoch2000,6,CCCGCC,142,0.0001017921146953405
Ara_directory_epoch2000,6,CCCGCG,72,5.161290322580645e-05
Ara_directory_epoch2000,6,CCCGCT,102,7.311827956989248e-05
Ara_directory_epoch2000,6,CCCGGA,128,9.175627240143369e-05
Ara_directory_epoch2000,6,CCCGGC,121,8.673835125448029e-05
Ara_directory_epoch2000,6,CCCGGG,41,2.9390681003584228e-05
Ara_directory_epoch2000,6,CCCGGT,83,5.949820788530466e-05
Ara_directory_epoch2000,6,CCCGTA,105,7.526881720430108e-05
Ara_directory_epoch2000,6,CCCGTC,173,0.00012401433691756273
Ara_directory_epoch2000,6,CCCGTG,110,7.885304659498208e-05
Ara_directory_epoch2000,6,CCCGTT,177,0.00012688172043010752
Ara_directory_epoch2000,6,CCCTAA,303,0.0002172043010752688
Ara_directory_epoch2000,6,CCCTAC,164,0.00011756272401433691
Ara_directory_epoch2000,6,CCCTAG,105,7.526881720430108e-05
Ara_directory_epoch2000,6,CCCTAT,226,0.00016200716845878136
Ara_directory_epoch2000,6,CCCTCA,322,0.00023082437275985664
Ara_directory_epoch2000,6,CCCTCC,342,0.0002451612903225806
Ara_directory_epoch2000,6,CCCTCG,194,0.00013906810035842294
Ara_directory_epoch2000,6,CCCTCT,479,0.0003433691756272401
Ara_directory_epoch2000,6,CCCTGA,153,0.00010967741935483871
Ara_directory_epoch2000,6,CCCTGC,79,5.663082437275986e-05
Ara_directory_epoch2000,6,CCCTGG,96,6.881720430107527e-05
Ara_directory_epoch2000,6,CCCTGT,158,0.00011326164874551972
Ara_directory_epoch2000,6,CCCTTA,235,0.00016845878136200718
Ara_directory_epoch2000,6,CCCTTC,417,0.0002989247311827957
Ara_directory_epoch2000,6,CCCTTG,178,0.00012759856630824371
Ara_directory_epoch2000,6,CCCTTT,395,0.0002831541218637993
Ara_directory_epoch2000,6,CCGAAA,424,0.0003039426523297491
Ara_directory_epoch2000,6,CCGAAC,246,0.00017634408602150537
Ara_directory_epoch2000,6,CCGAAG,377,0.00027025089605734766
Ara_directory_epoch2000,6,CCGAAT,320,0.00022939068100358422
Ara_directory_epoch2000,6,CCGACA,232,0.00016630824372759856
Ara_directory_epoch2000,6,CCGACC,216,0.00015483870967741937
Ara_directory_epoch2000,6,CCGACG,388,0.0002781362007168459
Ara_directory_epoch2000,6,CCGACT,238,0.00017060931899641577
Ara_directory_epoch2000,6,CCGAGA,297,0.00021290322580645163
Ara_directory_epoch2000,6,CCGAGC,184,0.00013189964157706092
Ara_directory_epoch2000,6,CCGAGG,141,0.0001010752688172043
Ara_directory_epoch2000,6,CCGAGT,164,0.00011756272401433691
Ara_directory_epoch2000,6,CCGATA,218,0.00015627240143369176
Ara_directory_epoch2000,6,CCGATC,394,0.0002824372759856631
Ara_directory_epoch2000,6,CCGATG,324,0.00023225806451612904
Ara_directory_epoch2000,6,CCGATT,425,0.0003046594982078853
Ara_directory_epoch2000,6,CCGCAA,231,0.00016559139784946237
Ara_directory_epoch2000,6,CCGCAC,111,7.956989247311829e-05
Ara_directory_epoch2000,6,CCGCAG,165,0.00011827956989247312
Ara_directory_epoch2000,6,CCGCAT,141,0.0001010752688172043
Ara_directory_epoch2000,6,CCGCCA,368,0.00026379928315412184
Ara_directory_epoch2000,6,CCGCCC,123,8.817204301075268e-05
Ara_directory_epoch2000,6,CCGCCG,624,0.00044731182795698925
Ara_directory_epoch2000,6,CCGCCT,275,0.0001971326164874552
Ara_directory_epoch2000,6,CCGCGA,135,9.67741935483871e-05
Ara_directory_epoch2000,6,CCGCGC,92,6.594982078853046e-05
Ara_directory_epoch2000,6,CCGCGG,118,8.458781362007169e-05
Ara_directory_epoch2000,6,CCGCGT,103,7.383512544802867e-05
Ara_directory_epoch2000,6,CCGCTA,163,0.00011684587813620071
Ara_directory_epoch2000,6,CCGCTC,247,0.0001770609318996416
Ara_directory_epoch2000,6,CCGCTG,246,0.00017634408602150537
Ara_directory_epoch2000,6,CCGCTT,298,0.00021362007168458782
Ara_directory_epoch2000,6,CCGGAA,318,0.00022795698924731183
Ara_directory_epoch2000,6,CCGGAC,138,9.89247311827957e-05
Ara_directory_epoch2000,6,CCGGAG,390,0.00027956989247311827
Ara_directory_epoch2000,6,CCGGAT,279,0.0002
Ara_directory_epoch2000,6,CCGGCA,212,0.00015197132616487455
Ara_directory_epoch2000,6,CCGGCC,159,0.00011397849462365592
Ara_directory_epoch2000,6,CCGGCG,373,0.0002673835125448029
Ara_directory_epoch2000,6,CCGGCT,236,0.00016917562724014338
Ara_directory_epoch2000,6,CCGGGA,106,7.598566308243728e-05
Ara_directory_epoch2000,6,CCGGGC,64,4.5878136200716846e-05
Ara_directory_epoch2000,6,CCGGGG,66,4.7311827956989246e-05
Ara_directory_epoch2000,6,CCGGGT,101,7.240143369175627e-05
Ara_directory_epoch2000,6,CCGGTA,134,9.60573476702509e-05
Ara_directory_epoch2000,6,CCGGTC,195,0.00013978494623655913
Ara_directory_epoch2000,6,CCGGTG,265,0.00018996415770609318
Ara_directory_epoch2000,6,CCGGTT,303,0.0002172043010752688
Ara_directory_epoch2000,6,CCGTAA,223,0.00015985663082437277
Ara_directory_epoch2000,6,CCGTAC,115,8.243727598566309e-05
Ara_directory_epoch2000,6,CCGTAG,157,0.00011254480286738351
Ara_directory_epoch2000,6,CCGTAT,168,0.00012043010752688172
Ara_directory_epoch2000,6,CCGTCA,374,0.00026810035842293907
Ara_directory_epoch2000,6,CCGTCC,233,0.00016702508960573476
Ara_directory_epoch2000,6,CCGTCG,436,0.0003125448028673835
Ara_directory_epoch2000,6,CCGTCT,352,0.00025232974910394264
Ara_directory_epoch2000,6,CCGTGA,207,0.00014838709677419355
Ara_directory_epoch2000,6,CCGTGC,104,7.455197132616487e-05
Ara_directory_epoch2000,6,CCGTGG,208,0.00014910394265232974
Ara_directory_epoch2000,6,CCGTGT,191,0.00013691756272401435
Ara_directory_epoch2000,6,CCGTTA,235,0.00016845878136200718
Ara_directory_epoch2000,6,CCGTTC,326,0.00023369175627240143
Ara_directory_epoch2000,6,CCGTTG,276,0.0001978494623655914
Ara_directory_epoch2000,6,CCGTTT,436,0.0003125448028673835
Ara_directory_epoch2000,6,CCTAAA,464,0.0003326164874551971
Ara_directory_epoch2000,6,CCTAAC,247,0.0001770609318996416
Ara_directory_epoch2000,6,CCTAAG,198,0.00014193548387096775
Ara_directory_epoch2000,6,CCTAAT,343,0.0002458781362007168
Ara_directory_epoch2000,6,CCTACA,214,0.00015340501792114695
Ara_directory_epoch2000,6,CCTACC,171,0.0001225806451612903
Ara_directory_epoch2000,6,CCTACG,145,0.0001039426523297491
Ara_directory_epoch2000,6,CCTACT,244,0.00017491039426523297
Ara_directory_epoch2000,6,CCTAGA,165,0.00011827956989247312
Ara_directory_epoch2000,6,CCTAGC,109,7.813620071684588e-05
Ara_directory_epoch2000,6,CCTAGG,83,5.949820788530466e-05
Ara_directory_epoch2000,6,CCTAGT,138,9.89247311827957e-05
Ara_directory_epoch2000,6,CCTATA,235,0.00016845878136200718
Ara_directory_epoch2000,6,CCTATC,261,0.0001870967741935484
Ara_directory_epoch2000,6,CCTATG,180,0.00012903225806451613
Ara_directory_epoch2000,6,CCTATT,327,0.00023440860215053763
Ara_directory_epoch2000,6,CCTCAA,592,0.0004243727598566308
Ara_directory_epoch2000,6,CCTCAC,396,0.0002838709677419355
Ara_directory_epoch2000,6,CCTCAG,276,0.0001978494623655914
Ara_directory_epoch2000,6,CCTCAT,429,0.0003075268817204301
Ara_directory_epoch2000,6,CCTCCA,513,0.00036774193548387097
Ara_directory_epoch2000,6,CCTCCC,366,0.00026236559139784945
Ara_directory_epoch2000,6,CCTCCG,704,0.0005046594982078853
Ara_directory_epoch2000,6,CCTCCT,756,0.0005419354838709677
Ara_directory_epoch2000,6,CCTCGA,307,0.00022007168458781362
Ara_directory_epoch2000,6,CCTCGC,203,0.00014551971326164873
Ara_directory_epoch2000,6,CCTCGG,165,0.00011827956989247312
Ara_directory_epoch2000,6,CCTCGT,301,0.0002157706093189964
Ara_directory_epoch2000,6,CCTCTA,360,0.00025806451612903227
Ara_directory_epoch2000,6,CCTCTC,940,0.0006738351254480287
Ara_directory_epoch2000,6,CCTCTG,373,0.0002673835125448029
Ara_directory_epoch2000,6,CCTCTT,853,0.0006114695340501792
Ara_directory_epoch2000,6,CCTGAA,231,0.00016559139784946237
Ara_directory_epoch2000,6,CCTGAC,132,9.462365591397849e-05
Ara_directory_epoch2000,6,CCTGAG,165,0.00011827956989247312
Ara_directory_epoch2000,6,CCTGAT,257,0.00018422939068100358
Ara_directory_epoch2000,6,CCTGCA,130,9.31899641577061e-05
Ara_directory_epoch2000,6,CCTGCC,100,7.168458781362007e-05
Ara_directory_epoch2000,6,CCTGCG,111,7.956989247311829e-05
Ara_directory_epoch2000,6,CCTGCT,201,0.00014408602150537634
Ara_directory_epoch2000,6,CCTGGA,172,0.00012329749103942654
Ara_directory_epoch2000,6,CCTGGC,112,8.028673835125448e-05
Ara_directory_epoch2000,6,CCTGGG,58,4.157706093189964e-05
Ara_directory_epoch2000,6,CCTGGT,133,9.53405017921147e-05
Ara_directory_epoch2000,6,CCTGTA,149,0.00010681003584229391
Ara_directory_epoch2000,6,CCTGTC,154,0.0001103942652329749
Ara_directory_epoch2000,6,CCTGTG,161,0.00011541218637992832
Ara_directory_epoch2000,6,CCTGTT,261,0.0001870967741935484
Ara_directory_epoch2000,6,CCTTAA,382,0.0002738351254480287
Ara_directory_epoch2000,6,CCTTAC,231,0.00016559139784946237
Ara_directory_epoch2000,6,CCTTAG,190,0.00013620071684587813
Ara_directory_epoch2000,6,CCTTAT,326,0.00023369175627240143
Ara_directory_epoch2000,6,CCTTCA,556,0.00039856630824372757
Ara_directory_epoch2000,6,CCTTCC,436,0.0003125448028673835
Ara_directory_epoch2000,6,CCTTCG,335,0.00024014336917562725
Ara_directory_epoch2000,6,CCTTCT,917,0.0006573476702508961
Ara_directory_epoch2000,6,CCTTGA,266,0.0001906810035842294
Ara_directory_epoch2000,6,CCTTGC,159,0.00011397849462365592
Ara_directory_epoch2000,6,CCTTGG,197,0.00014121863799283155
Ara_directory_epoch2000,6,CCTTGT,275,0.0001971326164874552
Ara_directory_epoch2000,6,CCTTTA,389,0.00027885304659498207
Ara_directory_epoch2000,6,CCTTTC,536,0.0003842293906810036
Ara_directory_epoch2000,6,CCTTTG,343,0.0002458781362007168
Ara_directory_epoch2000,6,CCTTTT,721,0.0005168458781362007
Ara_directory_epoch2000,6,CGAAAA,771,0.0005526881720430108
Ara_directory_epoch2000,6,CGAAAC,433,0.00031039426523297493
Ara_directory_epoch2000,6,CGAAAG,398,0.0002853046594982079
Ara_directory_epoch2000,6,CGAAAT,417,0.0002989247311827957
Ara_directory_epoch2000,6,CGAACA,288,0.0002064516129032258
Ara_directory_epoch2000,6,CGAACC,303,0.0002172043010752688
Ara_directory_epoch2000,6,CGAACG,156,0.00011182795698924731
Ara_directory_epoch2000,6,CGAACT,252,0.00018064516129032257
Ara_directory_epoch2000,6,CGAAGA,773,0.0005541218637992832
Ara_directory_epoch2000,6,CGAAGC,466,0.0003340501792114695
Ara_directory_epoch2000,6,CGAAGG,302,0.0002164874551971326
Ara_directory_epoch2000,6,CGAAGT,233,0.00016702508960573476
Ara_directory_epoch2000,6,CGAATA,241,0.00017275985663082438
Ara_directory_epoch2000,6,CGAATC,550,0.0003942652329749104
Ara_directory_epoch2000,6,CGAATG,178,0.00012759856630824371
Ara_directory_epoch2000,6,CGAATT,368,0.00026379928315412184
Ara_directory_epoch2000,6,CGACAA,406,0.00029103942652329746
Ara_directory_epoch2000,6,CGACAC,226,0.00016200716845878136
Ara_directory_epoch2000,6,CGACAG,152,0.00010896057347670251
Ara_directory_epoch2000,6,CGACAT,222,0.00015913978494623657
Ara_directory_epoch2000,6,CGACCA,302,0.0002164874551971326
Ara_directory_epoch2000,6,CGACCC,145,0.0001039426523297491
Ara_directory_epoch2000,6,CGACCG,169,0.00012114695340501792
Ara_directory_epoch2000,6,CGACCT,190,0.00013620071684587813
Ara_directory_epoch2000,6,CGACGA,595,0.00042652329749103945
Ara_directory_epoch2000,6,CGACGC,224,0.00016057347670250896
Ara_directory_epoch2000,6,CGACGG,345,0.00024731182795698927
Ara_directory_epoch2000,6,CGACGT,258,0.00018494623655913978
Ara_directory_epoch2000,6,CGACTA,211,0.00015125448028673836
Ara_directory_epoch2000,6,CGACTC,298,0.00021362007168458782
Ara_directory_epoch2000,6,CGACTG,150,0.00010752688172043011
Ara_directory_epoch2000,6,CGACTT,269,0.000192831541218638
Ara_directory_epoch2000,6,CGAGAA,528,0.00037849462365591397
Ara_directory_epoch2000,6,CGAGAC,195,0.00013978494623655913
Ara_directory_epoch2000,6,CGAGAG,263,0.00018853046594982079
Ara_directory_epoch2000,6,CGAGAT,332,0.00023799283154121863
Ara_directory_epoch2000,6,CGAGCA,200,0.00014336917562724014
Ara_directory_epoch2000,6,CGAGCC,167,0.00011971326164874551
Ara_directory_epoch2000,6,CGAGCG,95,6.810035842293906e-05
Ara_directory_epoch2000,6,CGAGCT,263,0.00018853046594982079
Ara_directory_epoch2000,6,CGAGGA,336,0.00024086021505376345
Ara_directory_epoch2000,6,CGAGGC,154,0.0001103942652329749
Ara_directory_epoch2000,6,CGAGGG,102,7.311827956989248e-05
Ara_directory_epoch2000,6,CGAGGT,136,9.74910394265233e-05
Ara_directory_epoch2000,6,CGAGTA,169,0.00012114695340501792
Ara_directory_epoch2000,6,CGAGTC,185,0.00013261648745519714
Ara_directory_epoch2000,6,CGAGTG,103,7.383512544802867e-05
Ara_directory_epoch2000,6,CGAGTT,246,0.00017634408602150537
Ara_directory_epoch2000,6,CGATAA,333,0.00023870967741935483
Ara_directory_epoch2000,6,CGATAC,197,0.00014121863799283155
Ara_directory_epoch2000,6,CGATAG,168,0.00012043010752688172
Ara_directory_epoch2000,6,CGATAT,236,0.00016917562724014338
Ara_directory_epoch2000,6,CGATCA,432,0.00030967741935483873
Ara_directory_epoch2000,6,CGATCC,361,0.00025878136200716847
Ara_directory_epoch2000,6,CGATCG,254,0.000182078853046595
Ara_directory_epoch2000,6,CGATCT,508,0.00036415770609319
Ara_directory_epoch2000,6,CGATGA,524,0.0003756272401433692
Ara_directory_epoch2000,6,CGATGC,218,0.00015627240143369176
Ara_directory_epoch2000,6,CGATGG,442,0.0003168458781362007
Ara_directory_epoch2000,6,CGATGT,276,0.0001978494623655914
Ara_directory_epoch2000,6,CGATTA,275,0.0001971326164874552
Ara_directory_epoch2000,6,CGATTC,559,0.0004007168458781362
Ara_directory_epoch2000,6,CGATTG,265,0.00018996415770609318
Ara_directory_epoch2000,6,CGATTT,515,0.00036917562724014336
Ara_directory_epoch2000,6,CGCAAA,328,0.00023512544802867382
Ara_directory_epoch2000,6,CGCAAC,203,0.00014551971326164873
Ara_directory_epoch2000,6,CGCAAG,159,0.00011397849462365592
Ara_directory_epoch2000,6,CGCAAT,186,0.00013333333333333334
Ara_directory_epoch2000,6,CGCACA,123,8.817204301075268e-05
Ara_directory_epoch2000,6,CGCACC,128,9.175627240143369e-05
Ara_directory_epoch2000,6,CGCACG,83,5.949820788530466e-05
Ara_directory_epoch2000,6,CGCACT,116,8.315412186379928e-05
Ara_directory_epoch2000,6,CGCAGA,207,0.00014838709677419355
Ara_directory_epoch2000,6,CGCAGC,152,0.00010896057347670251
Ara_directory_epoch2000,6,CGCAGG,81,5.806451612903226e-05
Ara_directory_epoch2000,6,CGCAGT,103,7.383512544802867e-05
Ara_directory_epoch2000,6,CGCATA,115,8.243727598566309e-05
Ara_directory_epoch2000,6,CGCATC,202,0.00014480286738351254
Ara_directory_epoch2000,6,CGCATG,79,5.663082437275986e-05
Ara_directory_epoch2000,6,CGCATT,154,0.0001103942652329749
Ara_directory_epoch2000,6,CGCCAA,312,0.00022365591397849463
Ara_directory_epoch2000,6,CGCCAC,284,0.000203584229390681
Ara_directory_epoch2000,6,CGCCAG,161,0.00011541218637992832
Ara_directory_epoch2000,6,CGCCAT,271,0.00019426523297491038
Ara_directory_epoch2000,6,CGCCCA,122,8.745519713261649e-05
Ara_directory_epoch2000,6,CGCCCC,73,5.2329749103942654e-05
Ara_directory_epoch2000,6,CGCCCG,64,4.5878136200716846e-05
Ara_directory_epoch2000,6,CGCCCT,116,8.315412186379928e-05
Ara_directory_epoch2000,6,CGCCGA,377,0.00027025089605734766
Ara_directory_epoch2000,6,CGCCGC,444,0.00031827956989247314
Ara_directory_epoch2000,6,CGCCGG,424,0.0003039426523297491
Ara_directory_epoch2000,6,CGCCGT,384,0.0002752688172043011
Ara_directory_epoch2000,6,CGCCTA,117,8.387096774193548e-05
Ara_directory_epoch2000,6,CGCCTC,290,0.0002078853046594982
Ara_directory_epoch2000,6,CGCCTG,113,8.100358422939068e-05
Ara_directory_epoch2000,6,CGCCTT,257,0.00018422939068100358
Ara_directory_epoch2000,6,CGCGAA,150,0.00010752688172043011
Ara_directory_epoch2000,6,CGCGAC,118,8.458781362007169e-05
Ara_directory_epoch2000,6,CGCGAG,106,7.598566308243728e-05
Ara_directory_epoch2000,6,CGCGAT,139,9.964157706093189e-05
Ara_directory_epoch2000,6,CGCGCA,58,4.157706093189964e-05
Ara_directory_epoch2000,6,CGCGCC,114,8.172043010752688e-05
Ara_directory_epoch2000,6,CGCGCG,40,2.8673835125448028e-05
Ara_directory_epoch2000,6,CGCGCT,66,4.7311827956989246e-05
Ara_directory_epoch2000,6,CGCGGA,144,0.0001032258064516129
Ara_directory_epoch2000,6,CGCGGC,151,0.0001082437275985663
Ara_directory_epoch2000,6,CGCGGG,45,3.2258064516129034e-05
Ara_directory_epoch2000,6,CGCGGT,84,6.021505376344086e-05
Ara_directory_epoch2000,6,CGCGTA,61,4.3727598566308243e-05
Ara_directory_epoch2000,6,CGCGTC,143,0.0001025089605734767
Ara_directory_epoch2000,6,CGCGTG,76,5.448028673835126e-05
Ara_directory_epoch2000,6,CGCGTT,125,8.960573476702509e-05
Ara_directory_epoch2000,6,CGCTAA,194,0.00013906810035842294
Ara_directory_epoch2000,6,CGCTAC,142,0.0001017921146953405
Ara_directory_epoch2000,6,CGCTAG,101,7.240143369175627e-05
Ara_directory_epoch2000,6,CGCTAT,141,0.0001010752688172043
Ara_directory_epoch2000,6,CGCTCA,215,0.00015412186379928314
Ara_directory_epoch2000,6,CGCTCC,254,0.000182078853046595
Ara_directory_epoch2000,6,CGCTCG,120,8.602150537634408e-05
Ara_directory_epoch2000,6,CGCTCT,279,0.0002
Ara_directory_epoch2000,6,CGCTGA,229,0.00016415770609318997
Ara_directory_epoch2000,6,CGCTGC,198,0.00014193548387096775
Ara_directory_epoch2000,6,CGCTGG,183,0.00013118279569892472
Ara_directory_epoch2000,6,CGCTGT,194,0.00013906810035842294
Ara_directory_epoch2000,6,CGCTTA,172,0.00012329749103942654
Ara_directory_epoch2000,6,CGCTTC,416,0.0002982078853046595
Ara_directory_epoch2000,6,CGCTTG,186,0.00013333333333333334
Ara_directory_epoch2000,6,CGCTTT,303,0.0002172043010752688
Ara_directory_epoch2000,6,CGGAAA,422,0.0003025089605734767
Ara_directory_epoch2000,6,CGGAAC,213,0.00015268817204301075
Ara_directory_epoch2000,6,CGGAAG,334,0.00023942652329749103
Ara_directory_epoch2000,6,CGGAAT,229,0.00016415770609318997
Ara_directory_epoch2000,6,CGGACA,148,0.0001060931899641577
Ara_directory_epoch2000,6,CGGACC,129,9.247311827956989e-05
Ara_directory_epoch2000,6,CGGACG,114,8.172043010752688e-05
Ara_directory_epoch2000,6,CGGACT,119,8.530465949820788e-05
Ara_directory_epoch2000,6,CGGAGA,604,0.0004329749103942652
Ara_directory_epoch2000,6,CGGAGC,276,0.0001978494623655914
Ara_directory_epoch2000,6,CGGAGG,344,0.00024659498207885307
Ara_directory_epoch2000,6,CGGAGT,217,0.00015555555555555556
Ara_directory_epoch2000,6,CGGATA,199,0.00014265232974910395
Ara_directory_epoch2000,6,CGGATC,372,0.0002666666666666667
Ara_directory_epoch2000,6,CGGATG,199,0.00014265232974910395
Ara_directory_epoch2000,6,CGGATT,304,0.00021792114695340503
Ara_directory_epoch2000,6,CGGCAA,304,0.00021792114695340503
Ara_directory_epoch2000,6,CGGCAC,142,0.0001017921146953405
Ara_directory_epoch2000,6,CGGCAG,174,0.00012473118279569893
Ara_directory_epoch2000,6,CGGCAT,158,0.00011326164874551972
Ara_directory_epoch2000,6,CGGCCA,168,0.00012043010752688172
Ara_directory_epoch2000,6,CGGCCC,93,6.666666666666667e-05
Ara_directory_epoch2000,6,CGGCCG,167,0.00011971326164874551
Ara_directory_epoch2000,6,CGGCCT,124,8.888888888888889e-05
Ara_directory_epoch2000,6,CGGCGA,450,0.0003225806451612903
Ara_directory_epoch2000,6,CGGCGC,186,0.00013333333333333334
Ara_directory_epoch2000,6,CGGCGG,462,0.00033118279569892473
Ara_directory_epoch2000,6,CGGCGT,231,0.00016559139784946237
Ara_directory_epoch2000,6,CGGCTA,173,0.00012401433691756273
Ara_directory_epoch2000,6,CGGCTC,258,0.00018494623655913978
Ara_directory_epoch2000,6,CGGCTG,169,0.00012114695340501792
Ara_directory_epoch2000,6,CGGCTT,249,0.00017849462365591398
Ara_directory_epoch2000,6,CGGGAA,208,0.00014910394265232974
Ara_directory_epoch2000,6,CGGGAC,56,4.014336917562724e-05
Ara_directory_epoch2000,6,CGGGAG,108,7.741935483870968e-05
Ara_directory_epoch2000,6,CGGGAT,127,9.10394265232975e-05
Ara_directory_epoch2000,6,CGGGCA,61,4.3727598566308243e-05
Ara_directory_epoch2000,6,CGGGCC,69,4.946236559139785e-05
Ara_directory_epoch2000,6,CGGGCG,48,3.4408602150537636e-05
Ara_directory_epoch2000,6,CGGGCT,75,5.3763440860215054e-05
Ara_directory_epoch2000,6,CGGGGA,94,6.738351254480287e-05
Ara_directory_epoch2000,6,CGGGGC,40,2.8673835125448028e-05
Ara_directory_epoch2000,6,CGGGGG,49,3.512544802867383e-05
Ara_directory_epoch2000,6,CGGGGT,49,3.512544802867383e-05
Ara_directory_epoch2000,6,CGGGTA,74,5.304659498207885e-05
Ara_directory_epoch2000,6,CGGGTC,104,7.455197132616487e-05
Ara_directory_epoch2000,6,CGGGTG,59,4.2293906810035844e-05
Ara_directory_epoch2000,6,CGGGTT,148,0.0001060931899641577
Ara_directory_epoch2000,6,CGGTAA,184,0.00013189964157706092
Ara_directory_epoch2000,6,CGGTAC,104,7.455197132616487e-05
Ara_directory_epoch2000,6,CGGTAG,103,7.383512544802867e-05
Ara_directory_epoch2000,6,CGGTAT,119,8.530465949820788e-05
Ara_directory_epoch2000,6,CGGTCA,215,0.00015412186379928314
Ara_directory_epoch2000,6,CGGTCC,127,9.10394265232975e-05
Ara_directory_epoch2000,6,CGGTCG,138,9.89247311827957e-05
Ara_directory_epoch2000,6,CGGTCT,179,0.00012831541218637994
Ara_directory_epoch2000,6,CGGTGA,408,0.0002924731182795699
Ara_directory_epoch2000,6,CGGTGC,165,0.00011827956989247312
Ara_directory_epoch2000,6,CGGTGG,314,0.00022508960573476702
Ara_directory_epoch2000,6,CGGTGT,188,0.00013476702508960573
Ara_directory_epoch2000,6,CGGTTA,209,0.00014982078853046594
Ara_directory_epoch2000,6,CGGTTC,314,0.00022508960573476702
Ara_directory_epoch2000,6,CGGTTG,195,0.00013978494623655913
Ara_directory_epoch2000,6,CGGTTT,325,0.00023297491039426523
Ara_directory_epoch2000,6,CGTAAA,329,0.00023584229390681005
Ara_directory_epoch2000,6,CGTAAC,157,0.00011254480286738351
Ara_directory_epoch2000,6,CGTAAG,124,8.888888888888889e-05
Ara_directory_epoch2000,6,CGTAAT,237,0.00016989247311827957
Ara_directory_epoch2000,6,CGTACA,146,0.00010465949820788531
Ara_directory_epoch2000,6,CGTACC,131,9.39068100358423e-05
Ara_directory_epoch2000,6,CGTACG,59,4.2293906810035844e-05
Ara_directory_epoch2000,6,CGTACT,137,9.82078853046595e-05
Ara_directory_epoch2000,6,CGTAGA,218,0.00015627240143369176
Ara_directory_epoch2000,6,CGTAGC,143,0.0001025089605734767
Ara_directory_epoch2000,6,CGTAGG,85,6.093189964157706e-05
Ara_directory_epoch2000,6,CGTAGT,118,8.458781362007169e-05
Ara_directory_epoch2000,6,CGTATA,158,0.00011326164874551972
Ara_directory_epoch2000,6,CGTATC,226,0.00016200716845878136
Ara_directory_epoch2000,6,CGTATG,119,8.530465949820788e-05
Ara_directory_epoch2000,6,CGTATT,208,0.00014910394265232974
Ara_directory_epoch2000,6,CGTCAA,444,0.00031827956989247314
Ara_directory_epoch2000,6,CGTCAC,285,0.00020430107526881721
Ara_directory_epoch2000,6,CGTCAG,206,0.00014767025089605735
Ara_directory_epoch2000,6,CGTCAT,326,0.00023369175627240143
Ara_directory_epoch2000,6,CGTCCA,251,0.00017992831541218638
Ara_directory_epoch2000,6,CGTCCC,154,0.0001103942652329749
Ara_directory_epoch2000,6,CGTCCG,178,0.00012759856630824371
Ara_directory_epoch2000,6,CGTCCT,244,0.00017491039426523297
Ara_directory_epoch2000,6,CGTCGA,420,0.0003010752688172043
Ara_directory_epoch2000,6,CGTCGC,326,0.00023369175627240143
Ara_directory_epoch2000,6,CGTCGG,284,0.000203584229390681
Ara_directory_epoch2000,6,CGTCGT,402,0.0002881720430107527
Ara_directory_epoch2000,6,CGTCTA,239,0.00017132616487455196
Ara_directory_epoch2000,6,CGTCTC,416,0.0002982078853046595
Ara_directory_epoch2000,6,CGTCTG,195,0.00013978494623655913
Ara_directory_epoch2000,6,CGTCTT,501,0.00035913978494623655
Ara_directory_epoch2000,6,CGTGAA,254,0.000182078853046595
Ara_directory_epoch2000,6,CGTGAC,159,0.00011397849462365592
Ara_directory_epoch2000,6,CGTGAG,140,0.0001003584229390681
Ara_directory_epoch2000,6,CGTGAT,216,0.00015483870967741937
Ara_directory_epoch2000,6,CGTGCA,75,5.3763440860215054e-05
Ara_directory_epoch2000,6,CGTGCC,104,7.455197132616487e-05
Ara_directory_epoch2000,6,CGTGCG,52,3.7275985663082435e-05
Ara_directory_epoch2000,6,CGTGCT,145,0.0001039426523297491
Ara_directory_epoch2000,6,CGTGGA,247,0.0001770609318996416
Ara_directory_epoch2000,6,CGTGGC,212,0.00015197132616487455
Ara_directory_epoch2000,6,CGTGGG,108,7.741935483870968e-05
Ara_directory_epoch2000,6,CGTGGT,193,0.00013835125448028674
Ara_directory_epoch2000,6,CGTGTA,129,9.247311827956989e-05
Ara_directory_epoch2000,6,CGTGTC,222,0.00015913978494623657
Ara_directory_epoch2000,6,CGTGTG,125,8.960573476702509e-05
Ara_directory_epoch2000,6,CGTGTT,240,0.00017204301075268816
Ara_directory_epoch2000,6,CGTTAA,275,0.0001971326164874552
Ara_directory_epoch2000,6,CGTTAC,193,0.00013835125448028674
Ara_directory_epoch2000,6,CGTTAG,160,0.00011469534050179211
Ara_directory_epoch2000,6,CGTTAT,226,0.00016200716845878136
Ara_directory_epoch2000,6,CGTTCA,301,0.0002157706093189964
Ara_directory_epoch2000,6,CGTTCC,270,0.0001935483870967742
Ara_directory_epoch2000,6,CGTTCG,180,0.00012903225806451613
Ara_directory_epoch2000,6,CGTTCT,394,0.0002824372759856631
Ara_directory_epoch2000,6,CGTTGA,335,0.00024014336917562725
Ara_directory_epoch2000,6,CGTTGC,208,0.00014910394265232974
Ara_directory_epoch2000,6,CGTTGG,234,0.00016774193548387096
Ara_directory_epoch2000,6,CGTTGT,273,0.0001956989247311828
Ara_directory_epoch2000,6,CGTTTA,274,0.000196415770609319
Ara_directory_epoch2000,6,CGTTTC,539,0.0003863799283154122
Ara_directory_epoch2000,6,CGTTTG,251,0.00017992831541218638
Ara_directory_epoch2000,6,CGTTTT,497,0.00035627240143369177
Ara_directory_epoch2000,6,CTAAAA,878,0.0006293906810035842
Ara_directory_epoch2000,6,CTAAAC,425,0.0003046594982078853
Ara_directory_epoch2000,6,CTAAAG,370,0.0002652329749103943
Ara_directory_epoch2000,6,CTAAAT,573,0.000410752688172043
Ara_directory_epoch2000,6,CTAACA,343,0.0002458781362007168
Ara_directory_epoch2000,6,CTAACC,333,0.00023870967741935483
Ara_directory_epoch2000,6,CTAACG,215,0.00015412186379928314
Ara_directory_epoch2000,6,CTAACT,259,0.00018566308243727597
Ara_directory_epoch2000,6,CTAAGA,398,0.0002853046594982079
Ara_directory_epoch2000,6,CTAAGC,228,0.00016344086021505375
Ara_directory_epoch2000,6,CTAAGG,197,0.00014121863799283155
Ara_directory_epoch2000,6,CTAAGT,217,0.00015555555555555556
Ara_directory_epoch2000,6,CTAATA,402,0.0002881720430107527
Ara_directory_epoch2000,6,CTAATC,566,0.0004057347670250896
Ara_directory_epoch2000,6,CTAATG,269,0.000192831541218638
Ara_directory_epoch2000,6,CTAATT,501,0.00035913978494623655
Ara_directory_epoch2000,6,CTACAA,458,0.00032831541218637995
Ara_directory_epoch2000,6,CTACAC,236,0.00016917562724014338
Ara_directory_epoch2000,6,CTACAG,192,0.00013763440860215055
Ara_directory_epoch2000,6,CTACAT,335,0.00024014336917562725
Ara_directory_epoch2000,6,CTACCA,285,0.00020430107526881721
Ara_directory_epoch2000,6,CTACCC,193,0.00013835125448028674
Ara_directory_epoch2000,6,CTACCG,180,0.00012903225806451613
Ara_directory_epoch2000,6,CTACCT,267,0.0001913978494623656
Ara_directory_epoch2000,6,CTACGA,271,0.00019426523297491038
Ara_directory_epoch2000,6,CTACGC,131,9.39068100358423e-05
Ara_directory_epoch2000,6,CTACGG,167,0.00011971326164874551
Ara_directory_epoch2000,6,CTACGT,201,0.00014408602150537634
Ara_directory_epoch2000,6,CTACTA,255,0.0001827956989247312
Ara_directory_epoch2000,6,CTACTC,441,0.0003161290322580645
Ara_directory_epoch2000,6,CTACTG,178,0.00012759856630824371
Ara_directory_epoch2000,6,CTACTT,423,0.0003032258064516129
Ara_directory_epoch2000,6,CTAGAA,303,0.0002172043010752688
Ara_directory_epoch2000,6,CTAGAC,150,0.00010752688172043011
Ara_directory_epoch2000,6,CTAGAG,216,0.00015483870967741937
Ara_directory_epoch2000,6,CTAGAT,226,0.00016200716845878136
Ara_directory_epoch2000,6,CTAGCA,138,9.89247311827957e-05
Ara_directory_epoch2000,6,CTAGCC,133,9.53405017921147e-05
Ara_directory_epoch2000,6,CTAGCG,109,7.813620071684588e-05
Ara_directory_epoch2000,6,CTAGCT,225,0.00016129032258064516
Ara_directory_epoch2000,6,CTAGGA,169,0.00012114695340501792
Ara_directory_epoch2000,6,CTAGGC,82,5.8781362007168455e-05
Ara_directory_epoch2000,6,CTAGGG,90,6.451612903225807e-05
Ara_directory_epoch2000,6,CTAGGT,127,9.10394265232975e-05
Ara_directory_epoch2000,6,CTAGTA,145,0.0001039426523297491
Ara_directory_epoch2000,6,CTAGTC,189,0.00013548387096774193
Ara_directory_epoch2000,6,CTAGTG,151,0.0001082437275985663
Ara_directory_epoch2000,6,CTAGTT,263,0.00018853046594982079
Ara_directory_epoch2000,6,CTATAA,429,0.0003075268817204301
Ara_directory_epoch2000,6,CTATAC,219,0.00015698924731182796
Ara_directory_epoch2000,6,CTATAG,197,0.00014121863799283155
Ara_directory_epoch2000,6,CTATAT,366,0.00026236559139784945
Ara_directory_epoch2000,6,CTATCA,350,0.00025089605734767025
Ara_directory_epoch2000,6,CTATCC,270,0.0001935483870967742
Ara_directory_epoch2000,6,CTATCG,212,0.00015197132616487455
Ara_directory_epoch2000,6,CTATCT,528,0.00037849462365591397
Ara_directory_epoch2000,6,CTATGA,301,0.0002157706093189964
Ara_directory_epoch2000,6,CTATGC,158,0.00011326164874551972
Ara_directory_epoch2000,6,CTATGG,258,0.00018494623655913978
Ara_directory_epoch2000,6,CTATGT,228,0.00016344086021505375
Ara_directory_epoch2000,6,CTATTA,315,0.00022580645161290321
Ara_directory_epoch2000,6,CTATTC,350,0.00025089605734767025
Ara_directory_epoch2000,6,CTATTG,308,0.0002207885304659498
Ara_directory_epoch2000,6,CTATTT,622,0.00044587813620071686
Ara_directory_epoch2000,6,CTCAAA,921,0.0006602150537634409
Ara_directory_epoch2000,6,CTCAAC,514,0.00036845878136200716
Ara_directory_epoch2000,6,CTCAAG,434,0.0003111111111111111
Ara_directory_epoch2000,6,CTCAAT,655,0.00046953405017921145
Ara_directory_epoch2000,6,CTCACA,443,0.0003175627240143369
Ara_directory_epoch2000,6,CTCACC,454,0.0003254480286738351
Ara_directory_epoch2000,6,CTCACG,295,0.0002114695340501792
Ara_directory_epoch2000,6,CTCACT,501,0.00035913978494623655
Ara_directory_epoch2000,6,CTCAGA,459,0.00032903225806451614
Ara_directory_epoch2000,6,CTCAGC,294,0.000210752688172043
Ara_directory_epoch2000,6,CTCAGG,218,0.00015627240143369176
Ara_directory_epoch2000,6,CTCAGT,291,0.00020860215053763442
Ara_directory_epoch2000,6,CTCATA,352,0.00025232974910394264
Ara_directory_epoch2000,6,CTCATC,777,0.000556989247311828
Ara_directory_epoch2000,6,CTCATG,299,0.00021433691756272402
Ara_directory_epoch2000,6,CTCATT,551,0.0003949820788530466
Ara_directory_epoch2000,6,CTCCAA,717,0.000513978494623656
Ara_directory_epoch2000,6,CTCCAC,650,0.00046594982078853047
Ara_directory_epoch2000,6,CTCCAG,323,0.00023154121863799284
Ara_directory_epoch2000,6,CTCCAT,624,0.00044731182795698925
Ara_directory_epoch2000,6,CTCCCA,413,0.0002960573476702509
Ara_directory_epoch2000,6,CTCCCC,297,0.00021290322580645163
Ara_directory_epoch2000,6,CTCCCG,281,0.0002014336917562724
Ara_directory_epoch2000,6,CTCCCT,525,0.0003763440860215054
Ara_directory_epoch2000,6,CTCCGA,641,0.00045949820788530464
Ara_directory_epoch2000,6,CTCCGC,609,0.00043655913978494625
Ara_directory_epoch2000,6,CTCCGG,525,0.0003763440860215054
Ara_directory_epoch2000,6,CTCCGT,644,0.0004616487455197133
Ara_directory_epoch2000,6,CTCCTA,341,0.00024444444444444443
Ara_directory_epoch2000,6,CTCCTC,1313,0.0009412186379928316
Ara_directory_epoch2000,6,CTCCTG,326,0.00023369175627240143
Ara_directory_epoch2000,6,CTCCTT,834,0.0005978494623655914
Ara_directory_epoch2000,6,CTCGAA,413,0.0002960573476702509
Ara_directory_epoch2000,6,CTCGAC,268,0.0001921146953405018
Ara_directory_epoch2000,6,CTCGAG,253,0.00018136200716845877
Ara_directory_epoch2000,6,CTCGAT,434,0.0003111111111111111
Ara_directory_epoch2000,6,CTCGCA,202,0.00014480286738351254
Ara_directory_epoch2000,6,CTCGCC,286,0.0002050179211469534
Ara_directory_epoch2000,6,CTCGCG,163,0.00011684587813620071
Ara_directory_epoch2000,6,CTCGCT,312,0.00022365591397849463
Ara_directory_epoch2000,6,CTCGGA,260,0.0001863799283154122
Ara_directory_epoch2000,6,CTCGGC,189,0.00013548387096774193
Ara_directory_epoch2000,6,CTCGGG,90,6.451612903225807e-05
Ara_directory_epoch2000,6,CTCGGT,220,0.00015770609318996415
Ara_directory_epoch2000,6,CTCGTA,211,0.00015125448028673836
Ara_directory_epoch2000,6,CTCGTC,454,0.0003254480286738351
Ara_directory_epoch2000,6,CTCGTG,244,0.00017491039426523297
Ara_directory_epoch2000,6,CTCGTT,368,0.00026379928315412184
Ara_directory_epoch2000,6,CTCTAA,580,0.0004157706093189964
Ara_directory_epoch2000,6,CTCTAC,493,0.00035340501792114693
Ara_directory_epoch2000,6,CTCTAG,295,0.0002114695340501792
Ara_directory_epoch2000,6,CTCTAT,535,0.0003835125448028674
Ara_directory_epoch2000,6,CTCTCA,883,0.0006329749103942652
Ara_directory_epoch2000,6,CTCTCC,1196,0.0008573476702508961
Ara_directory_epoch2000,6,CTCTCG,542,0.00038853046594982077
Ara_directory_epoch2000,6,CTCTCT,2144,0.0015369175627240144
Ara_directory_epoch2000,6,CTCTGA,539,0.0003863799283154122
Ara_directory_epoch2000,6,CTCTGC,432,0.00030967741935483873
Ara_directory_epoch2000,6,CTCTGG,337,0.00024157706093189964
Ara_directory_epoch2000,6,CTCTGT,490,0.00035125448028673834
Ara_directory_epoch2000,6,CTCTTA,515,0.00036917562724014336
Ara_directory_epoch2000,6,CTCTTC,1625,0.0011648745519713263
Ara_directory_epoch2000,6,CTCTTG,545,0.0003906810035842294
Ara_directory_epoch2000,6,CTCTTT,1171,0.0008394265232974911
Ara_directory_epoch2000,6,CTGAAA,468,0.0003354838709677419
Ara_directory_epoch2000,6,CTGAAC,251,0.00017992831541218638
Ara_directory_epoch2000,6,CTGAAG,331,0.00023727598566308244
Ara_directory_epoch2000,6,CTGAAT,362,0.00025949820788530466
Ara_directory_epoch2000,6,CTGACA,190,0.00013620071684587813
Ara_directory_epoch2000,6,CTGACC,157,0.00011254480286738351
Ara_directory_epoch2000,6,CTGACG,209,0.00014982078853046594
Ara_directory_epoch2000,6,CTGACT,218,0.00015627240143369176
Ara_directory_epoch2000,6,CTGAGA,319,0.00022867383512544803
Ara_directory_epoch2000,6,CTGAGC,190,0.00013620071684587813
Ara_directory_epoch2000,6,CTGAGG,168,0.00012043010752688172
Ara_directory_epoch2000,6,CTGAGT,164,0.00011756272401433691
Ara_directory_epoch2000,6,CTGATA,280,0.0002007168458781362
Ara_directory_epoch2000,6,CTGATC,457,0.00032759856630824375
Ara_directory_epoch2000,6,CTGATG,317,0.00022724014336917563
Ara_directory_epoch2000,6,CTGATT,506,0.00036272401433691754
Ara_directory_epoch2000,6,CTGCAA,250,0.00017921146953405018
Ara_directory_epoch2000,6,CTGCAC,125,8.960573476702509e-05
Ara_directory_epoch2000,6,CTGCAG,163,0.00011684587813620071
Ara_directory_epoch2000,6,CTGCAT,192,0.00013763440860215055
Ara_directory_epoch2000,6,CTGCCA,216,0.00015483870967741937
Ara_directory_epoch2000,6,CTGCCC,93,6.666666666666667e-05
Ara_directory_epoch2000,6,CTGCCG,210,0.00015053763440860216
Ara_directory_epoch2000,6,CTGCCT,194,0.00013906810035842294
Ara_directory_epoch2000,6,CTGCGA,224,0.00016057347670250896
Ara_directory_epoch2000,6,CTGCGC,95,6.810035842293906e-05
Ara_directory_epoch2000,6,CTGCGG,114,8.172043010752688e-05
Ara_directory_epoch2000,6,CTGCGT,139,9.964157706093189e-05
Ara_directory_epoch2000,6,CTGCTA,211,0.00015125448028673836
Ara_directory_epoch2000,6,CTGCTC,334,0.00023942652329749103
Ara_directory_epoch2000,6,CTGCTG,256,0.00018351254480286738
Ara_directory_epoch2000,6,CTGCTT,424,0.0003039426523297491
Ara_directory_epoch2000,6,CTGGAA,315,0.00022580645161290321
Ara_directory_epoch2000,6,CTGGAC,113,8.100358422939068e-05
Ara_directory_epoch2000,6,CTGGAG,276,0.0001978494623655914
Ara_directory_epoch2000,6,CTGGAT,254,0.000182078853046595
Ara_directory_epoch2000,6,CTGGCA,138,9.89247311827957e-05
Ara_directory_epoch2000,6,CTGGCC,139,9.964157706093189e-05
Ara_directory_epoch2000,6,CTGGCG,167,0.00011971326164874551
Ara_directory_epoch2000,6,CTGGCT,216,0.00015483870967741937
Ara_directory_epoch2000,6,CTGGGA,184,0.00013189964157706092
Ara_directory_epoch2000,6,CTGGGC,72,5.161290322580645e-05
Ara_directory_epoch2000,6,CTGGGG,88,6.308243727598566e-05
Ara_directory_epoch2000,6,CTGGGT,110,7.885304659498208e-05
Ara_directory_epoch2000,6,CTGGTA,165,0.00011827956989247312
Ara_directory_epoch2000,6,CTGGTC,191,0.00013691756272401435
Ara_directory_epoch2000,6,CTGGTG,220,0.00015770609318996415
Ara_directory_epoch2000,6,CTGGTT,344,0.00024659498207885307
Ara_directory_epoch2000,6,CTGTAA,265,0.00018996415770609318
Ara_directory_epoch2000,6,CTGTAC,143,0.0001025089605734767
Ara_directory_epoch2000,6,CTGTAG,141,0.0001010752688172043
Ara_directory_epoch2000,6,CTGTAT,214,0.00015340501792114695
Ara_directory_epoch2000,6,CTGTCA,259,0.00018566308243727597
Ara_directory_epoch2000,6,CTGTCC,174,0.00012473118279569893
Ara_directory_epoch2000,6,CTGTCG,204,0.00014623655913978496
Ara_directory_epoch2000,6,CTGTCT,338,0.00024229390681003584
Ara_directory_epoch2000,6,CTGTGA,260,0.0001863799283154122
Ara_directory_epoch2000,6,CTGTGC,129,9.247311827956989e-05
Ara_directory_epoch2000,6,CTGTGG,207,0.00014838709677419355
Ara_directory_epoch2000,6,CTGTGT,199,0.00014265232974910395
Ara_directory_epoch2000,6,CTGTTA,277,0.0001985663082437276
Ara_directory_epoch2000,6,CTGTTC,363,0.00026021505376344086
Ara_directory_epoch2000,6,CTGTTG,291,0.00020860215053763442
Ara_directory_epoch2000,6,CTGTTT,502,0.00035985663082437275
Ara_directory_epoch2000,6,CTTAAA,634,0.00045448028673835127
Ara_directory_epoch2000,6,CTTAAC,352,0.00025232974910394264
Ara_directory_epoch2000,6,CTTAAG,303,0.0002172043010752688
Ara_directory_epoch2000,6,CTTAAT,522,0.0003741935483870968
Ara_directory_epoch2000,6,CTTACA,341,0.00024444444444444443
Ara_directory_epoch2000,6,CTTACC,276,0.0001978494623655914
Ara_directory_epoch2000,6,CTTACG,186,0.00013333333333333334
Ara_directory_epoch2000,6,CTTACT,340,0.00024372759856630823
Ara_directory_epoch2000,6,CTTAGA,338,0.00024229390681003584
Ara_directory_epoch2000,6,CTTAGC,217,0.00015555555555555556
Ara_directory_epoch2000,6,CTTAGG,183,0.00013118279569892472
Ara_directory_epoch2000,6,CTTAGT,237,0.00016989247311827957
Ara_directory_epoch2000,6,CTTATA,352,0.00025232974910394264
Ara_directory_epoch2000,6,CTTATC,495,0.0003548387096774194
Ara_directory_epoch2000,6,CTTATG,270,0.0001935483870967742
Ara_directory_epoch2000,6,CTTATT,585,0.00041935483870967743
Ara_directory_epoch2000,6,CTTCAA,838,0.0006007168458781363
Ara_directory_epoch2000,6,CTTCAC,620,0.00044444444444444447
Ara_directory_epoch2000,6,CTTCAG,411,0.0002946236559139785
Ara_directory_epoch2000,6,CTTCAT,836,0.0005992831541218638
Ara_directory_epoch2000,6,CTTCCA,703,0.0005039426523297491
Ara_directory_epoch2000,6,CTTCCC,462,0.00033118279569892473
Ara_directory_epoch2000,6,CTTCCG,439,0.0003146953405017921
Ara_directory_epoch2000,6,CTTCCT,996,0.0007139784946236559
Ara_directory_epoch2000,6,CTTCGA,599,0.00042939068100358423
Ara_directory_epoch2000,6,CTTCGC,383,0.0002745519713261649
Ara_directory_epoch2000,6,CTTCGG,317,0.00022724014336917563
Ara_directory_epoch2000,6,CTTCGT,587,0.0004207885304659498
Ara_directory_epoch2000,6,CTTCTA,626,0.00044874551971326164
Ara_directory_epoch2000,6,CTTCTC,1791,0.0012838709677419355
Ara_directory_epoch2000,6,CTTCTG,603,0.000432258064516129
Ara_directory_epoch2000,6,CTTCTT,2016,0.0014451612903225806
Ara_directory_epoch2000,6,CTTGAA,414,0.0002967741935483871
Ara_directory_epoch2000,6,CTTGAC,253,0.00018136200716845877
Ara_directory_epoch2000,6,CTTGAG,280,0.0002007168458781362
Ara_directory_epoch2000,6,CTTGAT,403,0.0002888888888888889
Ara_directory_epoch2000,6,CTTGCA,194,0.00013906810035842294
Ara_directory_epoch2000,6,CTTGCC,199,0.00014265232974910395
Ara_directory_epoch2000,6,CTTGCG,135,9.67741935483871e-05
Ara_directory_epoch2000,6,CTTGCT,342,0.0002451612903225806
Ara_directory_epoch2000,6,CTTGGA,317,0.00022724014336917563
Ara_directory_epoch2000,6,CTTGGC,235,0.00016845878136200718
Ara_directory_epoch2000,6,CTTGGG,220,0.00015770609318996415
Ara_directory_epoch2000,6,CTTGGT,274,0.000196415770609319
Ara_directory_epoch2000,6,CTTGTA,242,0.00017347670250896058
Ara_directory_epoch2000,6,CTTGTC,382,0.0002738351254480287
Ara_directory_epoch2000,6,CTTGTG,295,0.0002114695340501792
Ara_directory_epoch2000,6,CTTGTT,562,0.0004028673835125448
Ara_directory_epoch2000,6,CTTTAA,616,0.0004415770609318996
Ara_directory_epoch2000,6,CTTTAC,401,0.0002874551971326165
Ara_directory_epoch2000,6,CTTTAG,287,0.0002057347670250896
Ara_directory_epoch2000,6,CTTTAT,594,0.00042580645161290325
Ara_directory_epoch2000,6,CTTTCA,658,0.0004716845878136201
Ara_directory_epoch2000,6,CTTTCC,594,0.00042580645161290325
Ara_directory_epoch2000,6,CTTTCG,364,0.00026093189964157705
Ara_directory_epoch2000,6,CTTTCT,1200,0.0008602150537634409
Ara_directory_epoch2000,6,CTTTGA,523,0.000374910394265233
Ara_directory_epoch2000,6,CTTTGC,307,0.00022007168458781362
Ara_directory_epoch2000,6,CTTTGG,415,0.0002974910394265233
Ara_directory_epoch2000,6,CTTTGT,517,0.00037060931899641575
Ara_directory_epoch2000,6,CTTTTA,654,0.00046881720430107525
Ara_directory_epoch2000,6,CTTTTC,961,0.0006888888888888888
Ara_directory_epoch2000,6,CTTTTG,549,0.0003935483870967742
Ara_directory_epoch2000,6,CTTTTT,1370,0.000982078853046595
Ara_directory_epoch2000,6,GAAAAA,2108,0.001511111111111111
Ara_directory_epoch2000,6,GAAAAC,883,0.0006329749103942652
Ara_directory_epoch2000,6,GAAAAG,850,0.0006093189964157706
Ara_directory_epoch2000,6,GAAAAT,1019,0.0007304659498207886
Ara_directory_epoch2000,6,GAAACA,695,0.0004982078853046595
Ara_directory_epoch2000,6,GAAACC,601,0.0004308243727598566
Ara_directory_epoch2000,6,GAAACG,334,0.00023942652329749103
Ara_directory_epoch2000,6,GAAACT,559,0.0004007168458781362
Ara_directory_epoch2000,6,GAAAGA,933,0.0006688172043010752
Ara_directory_epoch2000,6,GAAAGC,484,0.00034695340501792116
Ara_directory_epoch2000,6,GAAAGG,362,0.00025949820788530466
Ara_directory_epoch2000,6,GAAAGT,417,0.0002989247311827957
Ara_directory_epoch2000,6,GAAATA,592,0.0004243727598566308
Ara_directory_epoch2000,6,GAAATC,730,0.0005232974910394265
Ara_directory_epoch2000,6,GAAATG,412,0.0002953405017921147
Ara_directory_epoch2000,6,GAAATT,710,0.0005089605734767025
Ara_directory_epoch2000,6,GAACAA,684,0.0004903225806451613
Ara_directory_epoch2000,6,GAACAC,268,0.0001921146953405018
Ara_directory_epoch2000,6,GAACAG,240,0.00017204301075268816
Ara_directory_epoch2000,6,GAACAT,299,0.00021433691756272402
Ara_directory_epoch2000,6,GAACCA,452,0.0003240143369175627
Ara_directory_epoch2000,6,GAACCC,292,0.00020931899641577062
Ara_directory_epoch2000,6,GAACCG,238,0.00017060931899641577
Ara_directory_epoch2000,6,GAACCT,347,0.00024874551971326166
Ara_directory_epoch2000,6,GAACGA,318,0.00022795698924731183
Ara_directory_epoch2000,6,GAACGC,136,9.74910394265233e-05
Ara_directory_epoch2000,6,GAACGG,159,0.00011397849462365592
Ara_directory_epoch2000,6,GAACGT,180,0.00012903225806451613
Ara_directory_epoch2000,6,GAACTA,231,0.00016559139784946237
Ara_directory_epoch2000,6,GAACTC,349,0.00025017921146953405
Ara_directory_epoch2000,6,GAACTG,184,0.00013189964157706092
Ara_directory_epoch2000,6,GAACTT,394,0.0002824372759856631
Ara_directory_epoch2000,6,GAAGAA,1878,0.001346236559139785
Ara_directory_epoch2000,6,GAAGAC,619,0.00044372759856630827
Ara_directory_epoch2000,6,GAAGAG,773,0.0005541218637992832
Ara_directory_epoch2000,6,GAAGAT,1014,0.0007268817204301076
Ara_directory_epoch2000,6,GAAGCA,573,0.000410752688172043
Ara_directory_epoch2000,6,GAAGCC,432,0.00030967741935483873
Ara_directory_epoch2000,6,GAAGCG,226,0.00016200716845878136
Ara_directory_epoch2000,6,GAAGCT,774,0.0005548387096774194
Ara_directory_epoch2000,6,GAAGGA,654,0.00046881720430107525
Ara_directory_epoch2000,6,GAAGGC,242,0.00017347670250896058
Ara_directory_epoch2000,6,GAAGGG,183,0.00013118279569892472
Ara_directory_epoch2000,6,GAAGGT,331,0.00023727598566308244
Ara_directory_epoch2000,6,GAAGTA,305,0.00021863799283154122
Ara_directory_epoch2000,6,GAAGTC,300,0.00021505376344086021
Ara_directory_epoch2000,6,GAAGTG,225,0.00016129032258064516
Ara_directory_epoch2000,6,GAAGTT,439,0.0003146953405017921
Ara_directory_epoch2000,6,GAATAA,523,0.000374910394265233
Ara_directory_epoch2000,6,GAATAC,224,0.00016057347670250896
Ara_directory_epoch2000,6,GAATAG,232,0.00016630824372759856
Ara_directory_epoch2000,6,GAATAT,398,0.0002853046594982079
Ara_directory_epoch2000,6,GAATCA,622,0.00044587813620071686
Ara_directory_epoch2000,6,GAATCC,518,0.00037132616487455195
Ara_directory_epoch2000,6,GAATCG,385,0.0002759856630824373
Ara_directory_epoch2000,6,GAATCT,833,0.0005971326164874552
Ara_directory_epoch2000,6,GAATGA,331,0.00023727598566308244
Ara_directory_epoch2000,6,GAATGC,150,0.00010752688172043011
Ara_directory_epoch2000,6,GAATGG,267,0.0001913978494623656
Ara_directory_epoch2000,6,GAATGT,246,0.00017634408602150537
Ara_directory_epoch2000,6,GAATTA,336,0.00024086021505376345
Ara_directory_epoch2000,6,GAATTC,501,0.00035913978494623655
Ara_directory_epoch2000,6,GAATTG,304,0.00021792114695340503
Ara_directory_epoch2000,6,GAATTT,617,0.0004422939068100358
Ara_directory_epoch2000,6,GACAAA,692,0.0004960573476702509
Ara_directory_epoch2000,6,GACAAC,337,0.00024157706093189964
Ara_directory_epoch2000,6,GACAAG,313,0.00022437275985663082
Ara_directory_epoch2000,6,GACAAT,403,0.0002888888888888889
Ara_directory_epoch2000,6,GACACA,281,0.0002014336917562724
Ara_directory_epoch2000,6,GACACC,191,0.00013691756272401435
Ara_directory_epoch2000,6,GACACG,173,0.00012401433691756273
Ara_directory_epoch2000,6,GACACT,233,0.00016702508960573476
Ara_directory_epoch2000,6,GACAGA,280,0.0002007168458781362
Ara_directory_epoch2000,6,GACAGC,133,9.53405017921147e-05
Ara_directory_epoch2000,6,GACAGG,105,7.526881720430108e-05
Ara_directory_epoch2000,6,GACAGT,129,9.247311827956989e-05
Ara_directory_epoch2000,6,GACATA,191,0.00013691756272401435
Ara_directory_epoch2000,6,GACATC,274,0.000196415770609319
Ara_directory_epoch2000,6,GACATG,243,0.00017419354838709678
Ara_directory_epoch2000,6,GACATT,268,0.0001921146953405018
Ara_directory_epoch2000,6,GACCAA,417,0.0002989247311827957
Ara_directory_epoch2000,6,GACCAC,237,0.00016989247311827957
Ara_directory_epoch2000,6,GACCAG,195,0.00013978494623655913
Ara_directory_epoch2000,6,GACCAT,271,0.00019426523297491038
Ara_directory_epoch2000,6,GACCCA,223,0.00015985663082437277
Ara_directory_epoch2000,6,GACCCC,100,7.168458781362007e-05
Ara_directory_epoch2000,6,GACCCG,116,8.315412186379928e-05
Ara_directory_epoch2000,6,GACCCT,167,0.00011971326164874551
Ara_directory_epoch2000,6,GACCGA,173,0.00012401433691756273
Ara_directory_epoch2000,6,GACCGC,106,7.598566308243728e-05
Ara_directory_epoch2000,6,GACCGG,139,9.964157706093189e-05
Ara_directory_epoch2000,6,GACCGT,150,0.00010752688172043011
Ara_directory_epoch2000,6,GACCTA,133,9.53405017921147e-05
Ara_directory_epoch2000,6,GACCTC,232,0.00016630824372759856
Ara_directory_epoch2000,6,GACCTG,126,9.032258064516129e-05
Ara_directory_epoch2000,6,GACCTT,212,0.00015197132616487455
Ara_directory_epoch2000,6,GACGAA,564,0.0004043010752688172
Ara_directory_epoch2000,6,GACGAC,395,0.0002831541218637993
Ara_directory_epoch2000,6,GACGAG,293,0.0002100358422939068
Ara_directory_epoch2000,6,GACGAT,479,0.0003433691756272401
Ara_directory_epoch2000,6,GACGCA,129,9.247311827956989e-05
Ara_directory_epoch2000,6,GACGCC,183,0.00013118279569892472
Ara_directory_epoch2000,6,GACGCG,99,7.096774193548388e-05
Ara_directory_epoch2000,6,GACGCT,230,0.00016487455197132617
Ara_directory_epoch2000,6,GACGGA,346,0.00024802867383512547
Ara_directory_epoch2000,6,GACGGC,264,0.00018924731182795698
Ara_directory_epoch2000,6,GACGGG,95,6.810035842293906e-05
Ara_directory_epoch2000,6,GACGGT,243,0.00017419354838709678
Ara_directory_epoch2000,6,GACGTA,128,9.175627240143369e-05
Ara_directory_epoch2000,6,GACGTC,229,0.00016415770609318997
Ara_directory_epoch2000,6,GACGTG,147,0.0001053763440860215
Ara_directory_epoch2000,6,GACGTT,235,0.00016845878136200718
Ara_directory_epoch2000,6,GACTAA,253,0.00018136200716845877
Ara_directory_epoch2000,6,GACTAC,169,0.00012114695340501792
Ara_directory_epoch2000,6,GACTAG,124,8.888888888888889e-05
Ara_directory_epoch2000,6,GACTAT,240,0.00017204301075268816
Ara_directory_epoch2000,6,GACTCA,298,0.00021362007168458782
Ara_directory_epoch2000,6,GACTCC,256,0.00018351254480286738
Ara_directory_epoch2000,6,GACTCG,155,0.00011111111111111112
Ara_directory_epoch2000,6,GACTCT,389,0.00027885304659498207
Ara_directory_epoch2000,6,GACTGA,168,0.00012043010752688172
Ara_directory_epoch2000,6,GACTGC,101,7.240143369175627e-05
Ara_directory_epoch2000,6,GACTGG,121,8.673835125448029e-05
Ara_directory_epoch2000,6,GACTGT,130,9.31899641577061e-05
Ara_directory_epoch2000,6,GACTTA,198,0.00014193548387096775
Ara_directory_epoch2000,6,GACTTC,326,0.00023369175627240143
Ara_directory_epoch2000,6,GACTTG,220,0.00015770609318996415
Ara_directory_epoch2000,6,GACTTT,344,0.00024659498207885307
Ara_directory_epoch2000,6,GAGAAA,1236,0.000886021505376344
Ara_directory_epoch2000,6,GAGAAC,414,0.0002967741935483871
Ara_directory_epoch2000,6,GAGAAG,983,0.0007046594982078853
Ara_directory_epoch2000,6,GAGAAT,569,0.00040788530465949823
Ara_directory_epoch2000,6,GAGACA,373,0.0002673835125448029
Ara_directory_epoch2000,6,GAGACC,215,0.00015412186379928314
Ara_directory_epoch2000,6,GAGACG,278,0.00019928315412186379
Ara_directory_epoch2000,6,GAGACT,262,0.0001878136200716846
Ara_directory_epoch2000,6,GAGAGA,819,0.0005870967741935484
Ara_directory_epoch2000,6,GAGAGC,262,0.0001878136200716846
Ara_directory_epoch2000,6,GAGAGG,347,0.00024874551971326166
Ara_directory_epoch2000,6,GAGAGT,339,0.00024301075268817204
Ara_directory_epoch2000,6,GAGATA,382,0.0002738351254480287
Ara_directory_epoch2000,6,GAGATC,553,0.000396415770609319
Ara_directory_epoch2000,6,GAGATG,464,0.0003326164874551971
Ara_directory_epoch2000,6,GAGATT,548,0.000392831541218638
Ara_directory_epoch2000,6,GAGCAA,420,0.0003010752688172043
Ara_directory_epoch2000,6,GAGCAC,163,0.00011684587813620071
Ara_directory_epoch2000,6,GAGCAG,238,0.00017060931899641577
Ara_directory_epoch2000,6,GAGCAT,241,0.00017275985663082438
Ara_directory_epoch2000,6,GAGCCA,269,0.000192831541218638
Ara_directory_epoch2000,6,GAGCCC,113,8.100358422939068e-05
Ara_directory_epoch2000,6,GAGCCG,193,0.00013835125448028674
Ara_directory_epoch2000,6,GAGCCT,213,0.00015268817204301075
Ara_directory_epoch2000,6,GAGCGA,180,0.00012903225806451613
Ara_directory_epoch2000,6,GAGCGC,77,5.519713261648745e-05
Ara_directory_epoch2000,6,GAGCGG,90,6.451612903225807e-05
Ara_directory_epoch2000,6,GAGCGT,89,6.379928315412186e-05
Ara_directory_epoch2000,6,GAGCTA,251,0.00017992831541218638
Ara_directory_epoch2000,6,GAGCTC,341,0.00024444444444444443
Ara_directory_epoch2000,6,GAGCTG,249,0.00017849462365591398
Ara_directory_epoch2000,6,GAGCTT,450,0.0003225806451612903
Ara_directory_epoch2000,6,GAGGAA,684,0.0004903225806451613
Ara_directory_epoch2000,6,GAGGAC,187,0.00013405017921146954
Ara_directory_epoch2000,6,GAGGAG,578,0.000414336917562724
Ara_directory_epoch2000,6,GAGGAT,426,0.0003053763440860215
Ara_directory_epoch2000,6,GAGGCA,193,0.00013835125448028674
Ara_directory_epoch2000,6,GAGGCC,116,8.315412186379928e-05
Ara_directory_epoch2000,6,GAGGCG,158,0.00011326164874551972
Ara_directory_epoch2000,6,GAGGCT,243,0.00017419354838709678
Ara_directory_epoch2000,6,GAGGGA,258,0.00018494623655913978
Ara_directory_epoch2000,6,GAGGGC,81,5.806451612903226e-05
Ara_directory_epoch2000,6,GAGGGG,78,5.5913978494623656e-05
Ara_directory_epoch2000,6,GAGGGT,153,0.00010967741935483871
Ara_directory_epoch2000,6,GAGGTA,155,0.00011111111111111112
Ara_directory_epoch2000,6,GAGGTC,174,0.00012473118279569893
Ara_directory_epoch2000,6,GAGGTG,193,0.00013835125448028674
Ara_directory_epoch2000,6,GAGGTT,268,0.0001921146953405018
Ara_directory_epoch2000,6,GAGTAA,324,0.00023225806451612904
Ara_directory_epoch2000,6,GAGTAC,161,0.00011541218637992832
Ara_directory_epoch2000,6,GAGTAG,200,0.00014336917562724014
Ara_directory_epoch2000,6,GAGTAT,244,0.00017491039426523297
Ara_directory_epoch2000,6,GAGTCA,251,0.00017992831541218638
Ara_directory_epoch2000,6,GAGTCC,155,0.00011111111111111112
Ara_directory_epoch2000,6,GAGTCG,184,0.00013189964157706092
Ara_directory_epoch2000,6,GAGTCT,311,0.00022293906810035843
Ara_directory_epoch2000,6,GAGTGA,228,0.00016344086021505375
Ara_directory_epoch2000,6,GAGTGC,77,5.519713261648745e-05
Ara_directory_epoch2000,6,GAGTGG,142,0.0001017921146953405
Ara_directory_epoch2000,6,GAGTGT,166,0.00011899641577060932
Ara_directory_epoch2000,6,GAGTTA,234,0.00016774193548387096
Ara_directory_epoch2000,6,GAGTTC,305,0.00021863799283154122
Ara_directory_epoch2000,6,GAGTTG,231,0.00016559139784946237
Ara_directory_epoch2000,6,GAGTTT,464,0.0003326164874551971
Ara_directory_epoch2000,6,GATAAA,699,0.0005010752688172043
Ara_directory_epoch2000,6,GATAAC,318,0.00022795698924731183
Ara_directory_epoch2000,6,GATAAG,325,0.00023297491039426523
Ara_directory_epoch2000,6,GATAAT,437,0.0003132616487455197
Ara_directory_epoch2000,6,GATACA,310,0.00022222222222222223
Ara_directory_epoch2000,6,GATACC,197,0.00014121863799283155
Ara_directory_epoch2000,6,GATACG,182,0.00013046594982078853
Ara_directory_epoch2000,6,GATACT,304,0.00021792114695340503
Ara_directory_epoch2000,6,GATAGA,349,0.00025017921146953405
Ara_directory_epoch2000,6,GATAGC,163,0.00011684587813620071
Ara_directory_epoch2000,6,GATAGG,143,0.0001025089605734767
Ara_directory_epoch2000,6,GATAGT,205,0.00014695340501792115
Ara_directory_epoch2000,6,GATATA,290,0.0002078853046594982
Ara_directory_epoch2000,6,GATATC,325,0.00023297491039426523
Ara_directory_epoch2000,6,GATATG,214,0.00015340501792114695
Ara_directory_epoch2000,6,GATATT,394,0.0002824372759856631
Ara_directory_epoch2000,6,GATCAA,677,0.0004853046594982079
Ara_directory_epoch2000,6,GATCAC,388,0.0002781362007168459
Ara_directory_epoch2000,6,GATCAG,320,0.00022939068100358422
Ara_directory_epoch2000,6,GATCAT,501,0.00035913978494623655
Ara_directory_epoch2000,6,GATCCA,505,0.00036200716845878134
Ara_directory_epoch2000,6,GATCCC,252,0.00018064516129032257
Ara_directory_epoch2000,6,GATCCG,350,0.00025089605734767025
Ara_directory_epoch2000,6,GATCCT,448,0.00032114695340501793
Ara_directory_epoch2000,6,GATCGA,397,0.0002845878136200717
Ara_directory_epoch2000,6,GATCGC,224,0.00016057347670250896
Ara_directory_epoch2000,6,GATCGG,224,0.00016057347670250896
Ara_directory_epoch2000,6,GATCGT,307,0.00022007168458781362
Ara_directory_epoch2000,6,GATCTA,439,0.0003146953405017921
Ara_directory_epoch2000,6,GATCTC,739,0.0005297491039426524
Ara_directory_epoch2000,6,GATCTG,398,0.0002853046594982079
Ara_directory_epoch2000,6,GATCTT,699,0.0005010752688172043
Ara_directory_epoch2000,6,GATGAA,748,0.0005362007168458781
Ara_directory_epoch2000,6,GATGAC,412,0.0002953405017921147
Ara_directory_epoch2000,6,GATGAG,406,0.00029103942652329746
Ara_directory_epoch2000,6,GATGAT,681,0.00048817204301075266
Ara_directory_epoch2000,6,GATGCA,201,0.00014408602150537634
Ara_directory_epoch2000,6,GATGCC,147,0.0001053763440860215
Ara_directory_epoch2000,6,GATGCG,151,0.0001082437275985663
Ara_directory_epoch2000,6,GATGCT,343,0.0002458781362007168
Ara_directory_epoch2000,6,GATGGA,482,0.00034551971326164877
Ara_directory_epoch2000,6,GATGGC,311,0.00022293906810035843
Ara_directory_epoch2000,6,GATGGG,225,0.00016129032258064516
Ara_directory_epoch2000,6,GATGGT,428,0.0003068100358422939
Ara_directory_epoch2000,6,GATGTA,215,0.00015412186379928314
Ara_directory_epoch2000,6,GATGTC,278,0.00019928315412186379
Ara_directory_epoch2000,6,GATGTG,260,0.0001863799283154122
Ara_directory_epoch2000,6,GATGTT,404,0.00028960573476702507
Ara_directory_epoch2000,6,GATTAA,471,0.00033763440860215055
Ara_directory_epoch2000,6,GATTAC,305,0.00021863799283154122
Ara_directory_epoch2000,6,GATTAG,273,0.0001956989247311828
Ara_directory_epoch2000,6,GATTAT,426,0.0003053763440860215
Ara_directory_epoch2000,6,GATTCA,625,0.00044802867383512545
Ara_directory_epoch2000,6,GATTCC,505,0.00036200716845878134
Ara_directory_epoch2000,6,GATTCG,375,0.00026881720430107527
Ara_directory_epoch2000,6,GATTCT,852,0.000610752688172043
Ara_directory_epoch2000,6,GATTGA,347,0.00024874551971326166
Ara_directory_epoch2000,6,GATTGC,210,0.00015053763440860216
Ara_directory_epoch2000,6,GATTGG,287,0.0002057347670250896
Ara_directory_epoch2000,6,GATTGT,351,0.00025161290322580645
Ara_directory_epoch2000,6,GATTTA,437,0.0003132616487455197
Ara_directory_epoch2000,6,GATTTC,630,0.00045161290322580643
Ara_directory_epoch2000,6,GATTTG,500,0.00035842293906810036
Ara_directory_epoch2000,6,GATTTT,844,0.0006050179211469534
Ara_directory_epoch2000,6,GCAAAA,710,0.0005089605734767025
Ara_directory_epoch2000,6,GCAAAC,314,0.00022508960573476702
Ara_directory_epoch2000,6,GCAAAG,377,0.00027025089605734766
Ara_directory_epoch2000,6,GCAAAT,438,0.0003139784946236559
Ara_directory_epoch2000,6,GCAACA,323,0.00023154121863799284
Ara_directory_epoch2000,6,GCAACC,247,0.0001770609318996416
Ara_directory_epoch2000,6,GCAACG,196,0.00014050179211469533
Ara_directory_epoch2000,6,GCAACT,240,0.00017204301075268816
Ara_directory_epoch2000,6,GCAAGA,336,0.00024086021505376345
Ara_directory_epoch2000,6,GCAAGC,197,0.00014121863799283155
Ara_directory_epoch2000,6,GCAAGG,161,0.00011541218637992832
Ara_directory_epoch2000,6,GCAAGT,177,0.00012688172043010752
Ara_directory_epoch2000,6,GCAATA,211,0.00015125448028673836
Ara_directory_epoch2000,6,GCAATC,288,0.0002064516129032258
Ara_directory_epoch2000,6,GCAATG,206,0.00014767025089605735
Ara_directory_epoch2000,6,GCAATT,306,0.00021935483870967742
Ara_directory_epoch2000,6,GCACAA,267,0.0001913978494623656
Ara_directory_epoch2000,6,GCACAC,136,9.74910394265233e-05
Ara_directory_epoch2000,6,GCACAG,114,8.172043010752688e-05
Ara_directory_epoch2000,6,GCACAT,161,0.00011541218637992832
Ara_directory_epoch2000,6,GCACCA,207,0.00014838709677419355
Ara_directory_epoch2000,6,GCACCC,93,6.666666666666667e-05
Ara_directory_epoch2000,6,GCACCG,166,0.00011899641577060932
Ara_directory_epoch2000,6,GCACCT,136,9.74910394265233e-05
Ara_directory_epoch2000,6,GCACGA,144,0.0001032258064516129
Ara_directory_epoch2000,6,GCACGC,62,4.4444444444444447e-05
Ara_directory_epoch2000,6,GCACGG,61,4.3727598566308243e-05
Ara_directory_epoch2000,6,GCACGT,95,6.810035842293906e-05
Ara_directory_epoch2000,6,GCACTA,115,8.243727598566309e-05
Ara_directory_epoch2000,6,GCACTC,161,0.00011541218637992832
Ara_directory_epoch2000,6,GCACTG,77,5.519713261648745e-05
Ara_directory_epoch2000,6,GCACTT,145,0.0001039426523297491
Ara_directory_epoch2000,6,GCAGAA,372,0.0002666666666666667
Ara_directory_epoch2000,6,GCAGAC,151,0.0001082437275985663
Ara_directory_epoch2000,6,GCAGAG,237,0.00016989247311827957
Ara_directory_epoch2000,6,GCAGAT,302,0.0002164874551971326
Ara_directory_epoch2000,6,GCAGCA,205,0.00014695340501792115
Ara_directory_epoch2000,6,GCAGCC,138,9.89247311827957e-05
Ara_directory_epoch2000,6,GCAGCG,120,8.602150537634408e-05
Ara_directory_epoch2000,6,GCAGCT,224,0.00016057347670250896
Ara_directory_epoch2000,6,GCAGGA,205,0.00014695340501792115
Ara_directory_epoch2000,6,GCAGGC,65,4.659498207885305e-05
Ara_directory_epoch2000,6,GCAGGG,43,3.0824372759856634e-05
Ara_directory_epoch2000,6,GCAGGT,84,6.021505376344086e-05
Ara_directory_epoch2000,6,GCAGTA,97,6.953405017921147e-05
Ara_directory_epoch2000,6,GCAGTC,125,8.960573476702509e-05
Ara_directory_epoch2000,6,GCAGTG,110,7.885304659498208e-05
Ara_directory_epoch2000,6,GCAGTT,169,0.00012114695340501792
Ara_directory_epoch2000,6,GCATAA,203,0.00014551971326164873
Ara_directory_epoch2000,6,GCATAC,114,8.172043010752688e-05
Ara_directory_epoch2000,6,GCATAG,101,7.240143369175627e-05
Ara_directory_epoch2000,6,GCATAT,178,0.00012759856630824371
Ara_directory_epoch2000,6,GCATCA,294,0.000210752688172043
Ara_directory_epoch2000,6,GCATCC,184,0.00013189964157706092
Ara_directory_epoch2000,6,GCATCG,173,0.00012401433691756273
Ara_directory_epoch2000,6,GCATCT,289,0.000207168458781362
Ara_directory_epoch2000,6,GCATGA,166,0.00011899641577060932
Ara_directory_epoch2000,6,GCATGC,66,4.7311827956989246e-05
Ara_directory_epoch2000,6,GCATGG,130,9.31899641577061e-05
Ara_directory_epoch2000,6,GCATGT,121,8.673835125448029e-05
Ara_directory_epoch2000,6,GCATTA,167,0.00011971326164874551
Ara_directory_epoch2000,6,GCATTC,180,0.00012903225806451613
Ara_directory_epoch2000,6,GCATTG,135,9.67741935483871e-05
Ara_directory_epoch2000,6,GCATTT,264,0.00018924731182795698
Ara_directory_epoch2000,6,GCCAAA,468,0.0003354838709677419
Ara_directory_epoch2000,6,GCCAAC,253,0.00018136200716845877
Ara_directory_epoch2000,6,GCCAAG,222,0.00015913978494623657
Ara_directory_epoch2000,6,GCCAAT,337,0.00024157706093189964
Ara_directory_epoch2000,6,GCCACA,253,0.00018136200716845877
Ara_directory_epoch2000,6,GCCACC,273,0.0001956989247311828
Ara_directory_epoch2000,6,GCCACG,182,0.00013046594982078853
Ara_directory_epoch2000,6,GCCACT,203,0.00014551971326164873
Ara_directory_epoch2000,6,GCCAGA,199,0.00014265232974910395
Ara_directory_epoch2000,6,GCCAGC,127,9.10394265232975e-05
Ara_directory_epoch2000,6,GCCAGG,63,4.516129032258064e-05
Ara_directory_epoch2000,6,GCCAGT,143,0.0001025089605734767
Ara_directory_epoch2000,6,GCCATA,206,0.00014767025089605735
Ara_directory_epoch2000,6,GCCATC,293,0.0002100358422939068
Ara_directory_epoch2000,6,GCCATG,210,0.00015053763440860216
Ara_directory_epoch2000,6,GCCATT,275,0.0001971326164874552
Ara_directory_epoch2000,6,GCCCAA,346,0.00024802867383512547
Ara_directory_epoch2000,6,GCCCAC,141,0.0001010752688172043
Ara_directory_epoch2000,6,GCCCAG,83,5.949820788530466e-05
Ara_directory_epoch2000,6,GCCCAT,205,0.00014695340501792115
Ara_directory_epoch2000,6,GCCCCA,151,0.0001082437275985663
Ara_directory_epoch2000,6,GCCCCC,61,4.3727598566308243e-05
Ara_directory_epoch2000,6,GCCCCG,64,4.5878136200716846e-05
Ara_directory_epoch2000,6,GCCCCT,89,6.379928315412186e-05
Ara_directory_epoch2000,6,GCCCGA,111,7.956989247311829e-05
Ara_directory_epoch2000,6,GCCCGC,50,3.5842293906810036e-05
Ara_directory_epoch2000,6,GCCCGG,54,3.870967741935484e-05
Ara_directory_epoch2000,6,GCCCGT,82,5.8781362007168455e-05
Ara_directory_epoch2000,6,GCCCTA,99,7.096774193548388e-05
Ara_directory_epoch2000,6,GCCCTC,152,0.00010896057347670251
Ara_directory_epoch2000,6,GCCCTG,74,5.304659498207885e-05
Ara_directory_epoch2000,6,GCCCTT,151,0.0001082437275985663
Ara_directory_epoch2000,6,GCCGAA,291,0.00020860215053763442
Ara_directory_epoch2000,6,GCCGAC,258,0.00018494623655913978
Ara_directory_epoch2000,6,GCCGAG,188,0.00013476702508960573
Ara_directory_epoch2000,6,GCCGAT,283,0.0002028673835125448
Ara_directory_epoch2000,6,GCCGCA,186,0.00013333333333333334
Ara_directory_epoch2000,6,GCCGCC,371,0.0002659498207885305
Ara_directory_epoch2000,6,GCCGCG,112,8.028673835125448e-05
Ara_directory_epoch2000,6,GCCGCT,238,0.00017060931899641577
Ara_directory_epoch2000,6,GCCGGA,311,0.00022293906810035843
Ara_directory_epoch2000,6,GCCGGC,257,0.00018422939068100358
Ara_directory_epoch2000,6,GCCGGG,96,6.881720430107527e-05
Ara_directory_epoch2000,6,GCCGGT,242,0.00017347670250896058
Ara_directory_epoch2000,6,GCCGTA,136,9.74910394265233e-05
Ara_directory_epoch2000,6,GCCGTC,325,0.00023297491039426523
Ara_directory_epoch2000,6,GCCGTG,168,0.00012043010752688172
Ara_directory_epoch2000,6,GCCGTT,294,0.000210752688172043
Ara_directory_epoch2000,6,GCCTAA,206,0.00014767025089605735
Ara_directory_epoch2000,6,GCCTAC,118,8.458781362007169e-05
Ara_directory_epoch2000,6,GCCTAG,81,5.806451612903226e-05
Ara_directory_epoch2000,6,GCCTAT,166,0.00011899641577060932
Ara_directory_epoch2000,6,GCCTCA,255,0.0001827956989247312
Ara_directory_epoch2000,6,GCCTCC,315,0.00022580645161290321
Ara_directory_epoch2000,6,GCCTCG,147,0.0001053763440860215
Ara_directory_epoch2000,6,GCCTCT,311,0.00022293906810035843
Ara_directory_epoch2000,6,GCCTGA,119,8.530465949820788e-05
Ara_directory_epoch2000,6,GCCTGC,83,5.949820788530466e-05
Ara_directory_epoch2000,6,GCCTGG,55,3.942652329749104e-05
Ara_directory_epoch2000,6,GCCTGT,107,7.670250896057347e-05
Ara_directory_epoch2000,6,GCCTTA,175,0.00012544802867383513
Ara_directory_epoch2000,6,GCCTTC,336,0.00024086021505376345
Ara_directory_epoch2000,6,GCCTTG,139,9.964157706093189e-05
Ara_directory_epoch2000,6,GCCTTT,314,0.00022508960573476702
Ara_directory_epoch2000,6,GCGAAA,322,0.00023082437275985664
Ara_directory_epoch2000,6,GCGAAC,133,9.53405017921147e-05
Ara_directory_epoch2000,6,GCGAAG,308,0.0002207885304659498
Ara_directory_epoch2000,6,GCGAAT,229,0.00016415770609318997
Ara_directory_epoch2000,6,GCGACA,174,0.00012473118279569893
Ara_directory_epoch2000,6,GCGACC,130,9.31899641577061e-05
Ara_directory_epoch2000,6,GCGACG,231,0.00016559139784946237
Ara_directory_epoch2000,6,GCGACT,153,0.00010967741935483871
Ara_directory_epoch2000,6,GCGAGA,238,0.00017060931899641577
Ara_directory_epoch2000,6,GCGAGC,111,7.956989247311829e-05
Ara_directory_epoch2000,6,GCGAGG,127,9.10394265232975e-05
Ara_directory_epoch2000,6,GCGAGT,101,7.240143369175627e-05
Ara_directory_epoch2000,6,GCGATA,121,8.673835125448029e-05
Ara_directory_epoch2000,6,GCGATC,224,0.00016057347670250896
Ara_directory_epoch2000,6,GCGATG,239,0.00017132616487455196
Ara_directory_epoch2000,6,GCGATT,247,0.0001770609318996416
Ara_directory_epoch2000,6,GCGCAA,111,7.956989247311829e-05
Ara_directory_epoch2000,6,GCGCAC,63,4.516129032258064e-05
Ara_directory_epoch2000,6,GCGCAG,80,5.7347670250896056e-05
Ara_directory_epoch2000,6,GCGCAT,62,4.4444444444444447e-05
Ara_directory_epoch2000,6,GCGCCA,138,9.89247311827957e-05
Ara_directory_epoch2000,6,GCGCCC,48,3.4408602150537636e-05
Ara_directory_epoch2000,6,GCGCCG,186,0.00013333333333333334
Ara_directory_epoch2000,6,GCGCCT,92,6.594982078853046e-05
Ara_directory_epoch2000,6,GCGCGA,55,3.942652329749104e-05
Ara_directory_epoch2000,6,GCGCGC,33,2.3655913978494623e-05
Ara_directory_epoch2000,6,GCGCGG,49,3.512544802867383e-05
Ara_directory_epoch2000,6,GCGCGT,59,4.2293906810035844e-05
Ara_directory_epoch2000,6,GCGCTA,77,5.519713261648745e-05
Ara_directory_epoch2000,6,GCGCTC,89,6.379928315412186e-05
Ara_directory_epoch2000,6,GCGCTG,95,6.810035842293906e-05
Ara_directory_epoch2000,6,GCGCTT,137,9.82078853046595e-05
Ara_directory_epoch2000,6,GCGGAA,231,0.00016559139784946237
Ara_directory_epoch2000,6,GCGGAC,74,5.304659498207885e-05
Ara_directory_epoch2000,6,GCGGAG,325,0.00023297491039426523
Ara_directory_epoch2000,6,GCGGAT,175,0.00012544802867383513
Ara_directory_epoch2000,6,GCGGCA,149,0.00010681003584229391
Ara_directory_epoch2000,6,GCGGCC,103,7.383512544802867e-05
Ara_directory_epoch2000,6,GCGGCG,319,0.00022867383512544803
Ara_directory_epoch2000,6,GCGGCT,160,0.00011469534050179211
Ara_directory_epoch2000,6,GCGGGA,107,7.670250896057347e-05
Ara_directory_epoch2000,6,GCGGGC,34,2.4372759856630826e-05
Ara_directory_epoch2000,6,GCGGGG,41,2.9390681003584228e-05
Ara_directory_epoch2000,6,GCGGGT,52,3.7275985663082435e-05
Ara_directory_epoch2000,6,GCGGTA,79,5.663082437275986e-05
Ara_directory_epoch2000,6,GCGGTC,105,7.526881720430108e-05
Ara_directory_epoch2000,6,GCGGTG,226,0.00016200716845878136
Ara_directory_epoch2000,6,GCGGTT,169,0.00012114695340501792
Ara_directory_epoch2000,6,GCGTAA,125,8.960573476702509e-05
Ara_directory_epoch2000,6,GCGTAC,64,4.5878136200716846e-05
Ara_directory_epoch2000,6,GCGTAG,68,4.874551971326165e-05
Ara_directory_epoch2000,6,GCGTAT,118,8.458781362007169e-05
Ara_directory_epoch2000,6,GCGTCA,164,0.00011756272401433691
Ara_directory_epoch2000,6,GCGTCC,93,6.666666666666667e-05
Ara_directory_epoch2000,6,GCGTCG,204,0.00014623655913978496
Ara_directory_epoch2000,6,GCGTCT,212,0.00015197132616487455
Ara_directory_epoch2000,6,GCGTGA,97,6.953405017921147e-05
Ara_directory_epoch2000,6,GCGTGC,42,3.010752688172043e-05
Ara_directory_epoch2000,6,GCGTGG,91,6.523297491039426e-05
Ara_directory_epoch2000,6,GCGTGT,88,6.308243727598566e-05
Ara_directory_epoch2000,6,GCGTTA,110,7.885304659498208e-05
Ara_directory_epoch2000,6,GCGTTC,151,0.0001082437275985663
Ara_directory_epoch2000,6,GCGTTG,157,0.00011254480286738351
Ara_directory_epoch2000,6,GCGTTT,225,0.00016129032258064516
Ara_directory_epoch2000,6,GCTAAA,356,0.00025519713261648743
Ara_directory_epoch2000,6,GCTAAC,219,0.00015698924731182796
Ara_directory_epoch2000,6,GCTAAG,224,0.00016057347670250896
Ara_directory_epoch2000,6,GCTAAT,289,0.000207168458781362
Ara_directory_epoch2000,6,GCTACA,221,0.00015842293906810035
Ara_directory_epoch2000,6,GCTACC,168,0.00012043010752688172
Ara_directory_epoch2000,6,GCTACG,142,0.0001017921146953405
Ara_directory_epoch2000,6,GCTACT,245,0.00017562724014336917
Ara_directory_epoch2000,6,GCTAGA,182,0.00013046594982078853
Ara_directory_epoch2000,6,GCTAGC,120,8.602150537634408e-05
Ara_directory_epoch2000,6,GCTAGG,107,7.670250896057347e-05
Ara_directory_epoch2000,6,GCTAGT,124,8.888888888888889e-05
Ara_directory_epoch2000,6,GCTATA,186,0.00013333333333333334
Ara_directory_epoch2000,6,GCTATC,212,0.00015197132616487455
Ara_directory_epoch2000,6,GCTATG,163,0.00011684587813620071
Ara_directory_epoch2000,6,GCTATT,270,0.0001935483870967742
Ara_directory_epoch2000,6,GCTCAA,425,0.0003046594982078853
Ara_directory_epoch2000,6,GCTCAC,234,0.00016774193548387096
Ara_directory_epoch2000,6,GCTCAG,212,0.00015197132616487455
Ara_directory_epoch2000,6,GCTCAT,310,0.00022222222222222223
Ara_directory_epoch2000,6,GCTCCA,341,0.00024444444444444443
Ara_directory_epoch2000,6,GCTCCC,192,0.00013763440860215055
Ara_directory_epoch2000,6,GCTCCG,370,0.0002652329749103943
Ara_directory_epoch2000,6,GCTCCT,423,0.0003032258064516129
Ara_directory_epoch2000,6,GCTCGA,219,0.00015698924731182796
Ara_directory_epoch2000,6,GCTCGC,120,8.602150537634408e-05
Ara_directory_epoch2000,6,GCTCGG,126,9.032258064516129e-05
Ara_directory_epoch2000,6,GCTCGT,208,0.00014910394265232974
Ara_directory_epoch2000,6,GCTCTA,266,0.0001906810035842294
Ara_directory_epoch2000,6,GCTCTC,519,0.0003720430107526882
Ara_directory_epoch2000,6,GCTCTG,278,0.00019928315412186379
Ara_directory_epoch2000,6,GCTCTT,507,0.0003634408602150538
Ara_directory_epoch2000,6,GCTGAA,331,0.00023727598566308244
Ara_directory_epoch2000,6,GCTGAC,151,0.0001082437275985663
Ara_directory_epoch2000,6,GCTGAG,198,0.00014193548387096775
Ara_directory_epoch2000,6,GCTGAT,363,0.00026021505376344086
Ara_directory_epoch2000,6,GCTGCA,165,0.00011827956989247312
Ara_directory_epoch2000,6,GCTGCC,168,0.00012043010752688172
Ara_directory_epoch2000,6,GCTGCG,137,9.82078853046595e-05
Ara_directory_epoch2000,6,GCTGCT,314,0.00022508960573476702
Ara_directory_epoch2000,6,GCTGGA,227,0.00016272401433691755
Ara_directory_epoch2000,6,GCTGGC,125,8.960573476702509e-05
Ara_directory_epoch2000,6,GCTGGG,101,7.240143369175627e-05
Ara_directory_epoch2000,6,GCTGGT,205,0.00014695340501792115
Ara_directory_epoch2000,6,GCTGTA,140,0.0001003584229390681
Ara_directory_epoch2000,6,GCTGTC,187,0.00013405017921146954
Ara_directory_epoch2000,6,GCTGTG,170,0.00012186379928315412
Ara_directory_epoch2000,6,GCTGTT,255,0.0001827956989247312
Ara_directory_epoch2000,6,GCTTAA,333,0.00023870967741935483
Ara_directory_epoch2000,6,GCTTAC,196,0.00014050179211469533
Ara_directory_epoch2000,6,GCTTAG,186,0.00013333333333333334
Ara_directory_epoch2000,6,GCTTAT,326,0.00023369175627240143
Ara_directory_epoch2000,6,GCTTCA,476,0.00034121863799283154
Ara_directory_epoch2000,6,GCTTCC,410,0.0002939068100358423
Ara_directory_epoch2000,6,GCTTCG,373,0.0002673835125448029
Ara_directory_epoch2000,6,GCTTCT,867,0.0006215053763440861
Ara_directory_epoch2000,6,GCTTGA,263,0.00018853046594982079
Ara_directory_epoch2000,6,GCTTGC,136,9.74910394265233e-05
Ara_directory_epoch2000,6,GCTTGG,171,0.0001225806451612903
Ara_directory_epoch2000,6,GCTTGT,265,0.00018996415770609318
Ara_directory_epoch2000,6,GCTTTA,271,0.00019426523297491038
Ara_directory_epoch2000,6,GCTTTC,449,0.0003218637992831541
Ara_directory_epoch2000,6,GCTTTG,340,0.00024372759856630823
Ara_directory_epoch2000,6,GCTTTT,549,0.0003935483870967742
Ara_directory_epoch2000,6,GGAAAA,920,0.0006594982078853047
Ara_directory_epoch2000,6,GGAAAC,401,0.0002874551971326165
Ara_directory_epoch2000,6,GGAAAG,427,0.0003060931899641577
Ara_directory_epoch2000,6,GGAAAT,463,0.00033189964157706093
Ara_directory_epoch2000,6,GGAACA,293,0.0002100358422939068
Ara_directory_epoch2000,6,GGAACC,263,0.00018853046594982079
Ara_directory_epoch2000,6,GGAACG,167,0.00011971326164874551
Ara_directory_epoch2000,6,GGAACT,275,0.0001971326164874552
Ara_directory_epoch2000,6,GGAAGA,818,0.0005863799283154122
Ara_directory_epoch2000,6,GGAAGC,367,0.00026308243727598564
Ara_directory_epoch2000,6,GGAAGG,291,0.00020860215053763442
Ara_directory_epoch2000,6,GGAAGT,277,0.0001985663082437276
Ara_directory_epoch2000,6,GGAATA,212,0.00015197132616487455
Ara_directory_epoch2000,6,GGAATC,441,0.0003161290322580645
Ara_directory_epoch2000,6,GGAATG,184,0.00013189964157706092
Ara_directory_epoch2000,6,GGAATT,321,0.00023010752688172042
Ara_directory_epoch2000,6,GGACAA,293,0.0002100358422939068
Ara_directory_epoch2000,6,GGACAC,138,9.89247311827957e-05
Ara_directory_epoch2000,6,GGACAG,96,6.881720430107527e-05
Ara_directory_epoch2000,6,GGACAT,166,0.00011899641577060932
Ara_directory_epoch2000,6,GGACCA,182,0.00013046594982078853
Ara_directory_epoch2000,6,GGACCC,93,6.666666666666667e-05
Ara_directory_epoch2000,6,GGACCG,79,5.663082437275986e-05
Ara_directory_epoch2000,6,GGACCT,141,0.0001010752688172043
Ara_directory_epoch2000,6,GGACGA,225,0.00016129032258064516
Ara_directory_epoch2000,6,GGACGC,65,4.659498207885305e-05
Ara_directory_epoch2000,6,GGACGG,116,8.315412186379928e-05
Ara_directory_epoch2000,6,GGACGT,96,6.881720430107527e-05
Ara_directory_epoch2000,6,GGACTA,128,9.175627240143369e-05
Ara_directory_epoch2000,6,GGACTC,139,9.964157706093189e-05
Ara_directory_epoch2000,6,GGACTG,70,5.017921146953405e-05
Ara_directory_epoch2000,6,GGACTT,147,0.0001053763440860215
Ara_directory_epoch2000,6,GGAGAA,945,0.0006774193548387097
Ara_directory_epoch2000,6,GGAGAC,299,0.00021433691756272402
Ara_directory_epoch2000,6,GGAGAG,478,0.00034265232974910393
Ara_directory_epoch2000,6,GGAGAT,540,0.0003870967741935484
Ara_directory_epoch2000,6,GGAGCA,281,0.0002014336917562724
Ara_directory_epoch2000,6,GGAGCC,215,0.00015412186379928314
Ara_directory_epoch2000,6,GGAGCG,98,7.025089605734767e-05
Ara_directory_epoch2000,6,GGAGCT,349,0.00025017921146953405
Ara_directory_epoch2000,6,GGAGGA,567,0.0004064516129032258
Ara_directory_epoch2000,6,GGAGGC,224,0.00016057347670250896
Ara_directory_epoch2000,6,GGAGGG,131,9.39068100358423e-05
Ara_directory_epoch2000,6,GGAGGT,249,0.00017849462365591398
Ara_directory_epoch2000,6,GGAGTA,233,0.00016702508960573476
Ara_directory_epoch2000,6,GGAGTC,211,0.00015125448028673836
Ara_directory_epoch2000,6,GGAGTG,117,8.387096774193548e-05
Ara_directory_epoch2000,6,GGAGTT,296,0.0002121863799283154
Ara_directory_epoch2000,6,GGATAA,302,0.0002164874551971326
Ara_directory_epoch2000,6,GGATAC,165,0.00011827956989247312
Ara_directory_epoch2000,6,GGATAG,147,0.0001053763440860215
Ara_directory_epoch2000,6,GGATAT,224,0.00016057347670250896
Ara_directory_epoch2000,6,GGATCA,361,0.00025878136200716847
Ara_directory_epoch2000,6,GGATCC,326,0.00023369175627240143
Ara_directory_epoch2000,6,GGATCG,246,0.00017634408602150537
Ara_directory_epoch2000,6,GGATCT,493,0.00035340501792114693
Ara_directory_epoch2000,6,GGATGA,359,0.00025734767025089607
Ara_directory_epoch2000,6,GGATGC,132,9.462365591397849e-05
Ara_directory_epoch2000,6,GGATGG,187,0.00013405017921146954
Ara_directory_epoch2000,6,GGATGT,190,0.00013620071684587813
Ara_directory_epoch2000,6,GGATTA,267,0.0001913978494623656
Ara_directory_epoch2000,6,GGATTC,412,0.0002953405017921147
Ara_directory_epoch2000,6,GGATTG,200,0.00014336917562724014
Ara_directory_epoch2000,6,GGATTT,466,0.0003340501792114695
Ara_directory_epoch2000,6,GGCAAA,396,0.0002838709677419355
Ara_directory_epoch2000,6,GGCAAC,222,0.00015913978494623657
Ara_directory_epoch2000,6,GGCAAG,188,0.00013476702508960573
Ara_directory_epoch2000,6,GGCAAT,205,0.00014695340501792115
Ara_directory_epoch2000,6,GGCACA,151,0.0001082437275985663
Ara_directory_epoch2000,6,GGCACC,134,9.60573476702509e-05
Ara_directory_epoch2000,6,GGCACG,70,5.017921146953405e-05
Ara_directory_epoch2000,6,GGCACT,91,6.523297491039426e-05
Ara_directory_epoch2000,6,GGCAGA,212,0.00015197132616487455
Ara_directory_epoch2000,6,GGCAGC,140,0.0001003584229390681
Ara_directory_epoch2000,6,GGCAGG,89,6.379928315412186e-05
Ara_directory_epoch2000,6,GGCAGT,116,8.315412186379928e-05
Ara_directory_epoch2000,6,GGCATA,113,8.100358422939068e-05
Ara_directory_epoch2000,6,GGCATC,165,0.00011827956989247312
Ara_directory_epoch2000,6,GGCATG,88,6.308243727598566e-05
Ara_directory_epoch2000,6,GGCATT,133,9.53405017921147e-05
Ara_directory_epoch2000,6,GGCCAA,257,0.00018422939068100358
Ara_directory_epoch2000,6,GGCCAC,152,0.00010896057347670251
Ara_directory_epoch2000,6,GGCCAG,94,6.738351254480287e-05
Ara_directory_epoch2000,6,GGCCAT,200,0.00014336917562724014
Ara_directory_epoch2000,6,GGCCCA,192,0.00013763440860215055
Ara_directory_epoch2000,6,GGCCCC,76,5.448028673835126e-05
Ara_directory_epoch2000,6,GGCCCG,69,4.946236559139785e-05
Ara_directory_epoch2000,6,GGCCCT,110,7.885304659498208e-05
Ara_directory_epoch2000,6,GGCCGA,169,0.00012114695340501792
Ara_directory_epoch2000,6,GGCCGC,117,8.387096774193548e-05
Ara_directory_epoch2000,6,GGCCGG,120,8.602150537634408e-05
Ara_directory_epoch2000,6,GGCCGT,142,0.0001017921146953405
Ara_directory_epoch2000,6,GGCCTA,150,0.00010752688172043011
Ara_directory_epoch2000,6,GGCCTC,166,0.00011899641577060932
Ara_directory_epoch2000,6,GGCCTG,83,5.949820788530466e-05
Ara_directory_epoch2000,6,GGCCTT,174,0.00012473118279569893
Ara_directory_epoch2000,6,GGCGAA,329,0.00023584229390681005
Ara_directory_epoch2000,6,GGCGAC,243,0.00017419354838709678
Ara_directory_epoch2000,6,GGCGAG,179,0.00012831541218637994
Ara_directory_epoch2000,6,GGCGAT,289,0.000207168458781362
Ara_directory_epoch2000,6,GGCGCA,100,7.168458781362007e-05
Ara_directory_epoch2000,6,GGCGCC,137,9.82078853046595e-05
Ara_directory_epoch2000,6,GGCGCG,61,4.3727598566308243e-05
Ara_directory_epoch2000,6,GGCGCT,129,9.247311827956989e-05
Ara_directory_epoch2000,6,GGCGGA,339,0.00024301075268817204
Ara_directory_epoch2000,6,GGCGGC,304,0.00021792114695340503
Ara_directory_epoch2000,6,GGCGGG,86,6.164874551971327e-05
Ara_directory_epoch2000,6,GGCGGT,255,0.0001827956989247312
Ara_directory_epoch2000,6,GGCGTA,98,7.025089605734767e-05
Ara_directory_epoch2000,6,GGCGTC,199,0.00014265232974910395
Ara_directory_epoch2000,6,GGCGTG,85,6.093189964157706e-05
Ara_directory_epoch2000,6,GGCGTT,194,0.00013906810035842294
Ara_directory_epoch2000,6,GGCTAA,236,0.00016917562724014338
Ara_directory_epoch2000,6,GGCTAC,163,0.00011684587813620071
Ara_directory_epoch2000,6,GGCTAG,98,7.025089605734767e-05
Ara_directory_epoch2000,6,GGCTAT,184,0.00013189964157706092
Ara_directory_epoch2000,6,GGCTCA,227,0.00016272401433691755
Ara_directory_epoch2000,6,GGCTCC,268,0.0001921146953405018
Ara_directory_epoch2000,6,GGCTCG,135,9.67741935483871e-05
Ara_directory_epoch2000,6,GGCTCT,308,0.0002207885304659498
Ara_directory_epoch2000,6,GGCTGA,208,0.00014910394265232974
Ara_directory_epoch2000,6,GGCTGC,158,0.00011326164874551972
Ara_directory_epoch2000,6,GGCTGG,98,7.025089605734767e-05
Ara_directory_epoch2000,6,GGCTGT,137,9.82078853046595e-05
Ara_directory_epoch2000,6,GGCTTA,205,0.00014695340501792115
Ara_directory_epoch2000,6,GGCTTC,386,0.0002767025089605735
Ara_directory_epoch2000,6,GGCTTG,141,0.0001010752688172043
Ara_directory_epoch2000,6,GGCTTT,310,0.00022222222222222223
Ara_directory_epoch2000,6,GGGAAA,429,0.0003075268817204301
Ara_directory_epoch2000,6,GGGAAC,158,0.00011326164874551972
Ara_directory_epoch2000,6,GGGAAG,298,0.00021362007168458782
Ara_directory_epoch2000,6,GGGAAT,220,0.00015770609318996415
Ara_directory_epoch2000,6,GGGACA,110,7.885304659498208e-05
Ara_directory_epoch2000,6,GGGACC,74,5.304659498207885e-05
Ara_directory_epoch2000,6,GGGACG,79,5.663082437275986e-05
Ara_directory_epoch2000,6,GGGACT,80,5.7347670250896056e-05
Ara_directory_epoch2000,6,GGGAGA,317,0.00022724014336917563
Ara_directory_epoch2000,6,GGGAGC,119,8.530465949820788e-05
Ara_directory_epoch2000,6,GGGAGG,145,0.0001039426523297491
Ara_directory_epoch2000,6,GGGAGT,144,0.0001032258064516129
Ara_directory_epoch2000,6,GGGATA,131,9.39068100358423e-05
Ara_directory_epoch2000,6,GGGATC,213,0.00015268817204301075
Ara_directory_epoch2000,6,GGGATG,126,9.032258064516129e-05
Ara_directory_epoch2000,6,GGGATT,234,0.00016774193548387096
Ara_directory_epoch2000,6,GGGCAA,123,8.817204301075268e-05
Ara_directory_epoch2000,6,GGGCAC,53,3.799283154121864e-05
Ara_directory_epoch2000,6,GGGCAG,74,5.304659498207885e-05
Ara_directory_epoch2000,6,GGGCAT,60,4.301075268817204e-05
Ara_directory_epoch2000,6,GGGCCA,105,7.526881720430108e-05
Ara_directory_epoch2000,6,GGGCCC,79,5.663082437275986e-05
Ara_directory_epoch2000,6,GGGCCG,77,5.519713261648745e-05
Ara_directory_epoch2000,6,GGGCCT,119,8.530465949820788e-05
Ara_directory_epoch2000,6,GGGCGA,103,7.383512544802867e-05
Ara_directory_epoch2000,6,GGGCGC,27,1.935483870967742e-05
Ara_directory_epoch2000,6,GGGCGG,55,3.942652329749104e-05
Ara_directory_epoch2000,6,GGGCGT,51,3.655913978494624e-05
Ara_directory_epoch2000,6,GGGCTA,97,6.953405017921147e-05
Ara_directory_epoch2000,6,GGGCTC,111,7.956989247311829e-05
Ara_directory_epoch2000,6,GGGCTG,63,4.516129032258064e-05
Ara_directory_epoch2000,6,GGGCTT,153,0.00010967741935483871
Ara_directory_epoch2000,6,GGGGAA,214,0.00015340501792114695
Ara_directory_epoch2000,6,GGGGAC,42,3.010752688172043e-05
Ara_directory_epoch2000,6,GGGGAG,129,9.247311827956989e-05
Ara_directory_epoch2000,6,GGGGAT,119,8.530465949820788e-05
Ara_directory_epoch2000,6,GGGGCA,59,4.2293906810035844e-05
Ara_directory_epoch2000,6,GGGGCC,50,3.5842293906810036e-05
Ara_directory_epoch2000,6,GGGGCG,32,2.2939068100358423e-05
Ara_directory_epoch2000,6,GGGGCT,67,4.802867383512545e-05
Ara_directory_epoch2000,6,GGGGGA,85,6.093189964157706e-05
Ara_directory_epoch2000,6,GGGGGC,28,2.007168458781362e-05
Ara_directory_epoch2000,6,GGGGGG,23,1.6487455197132615e-05
Ara_directory_epoch2000,6,GGGGGT,61,4.3727598566308243e-05
Ara_directory_epoch2000,6,GGGGTA,81,5.806451612903226e-05
Ara_directory_epoch2000,6,GGGGTC,74,5.304659498207885e-05
Ara_directory_epoch2000,6,GGGGTG,69,4.946236559139785e-05
Ara_directory_epoch2000,6,GGGGTT,146,0.00010465949820788531
Ara_directory_epoch2000,6,GGGTAA,180,0.00012903225806451613
Ara_directory_epoch2000,6,GGGTAC,78,5.5913978494623656e-05
Ara_directory_epoch2000,6,GGGTAG,74,5.304659498207885e-05
Ara_directory_epoch2000,6,GGGTAT,106,7.598566308243728e-05
Ara_directory_epoch2000,6,GGGTCA,133,9.53405017921147e-05
Ara_directory_epoch2000,6,GGGTCC,85,6.093189964157706e-05
Ara_directory_epoch2000,6,GGGTCG,84,6.021505376344086e-05
Ara_directory_epoch2000,6,GGGTCT,173,0.00012401433691756273
Ara_directory_epoch2000,6,GGGTGA,129,9.247311827956989e-05
Ara_directory_epoch2000,6,GGGTGC,52,3.7275985663082435e-05
Ara_directory_epoch2000,6,GGGTGG,106,7.598566308243728e-05
Ara_directory_epoch2000,6,GGGTGT,75,5.3763440860215054e-05
Ara_directory_epoch2000,6,GGGTTA,199,0.00014265232974910395
Ara_directory_epoch2000,6,GGGTTC,196,0.00014050179211469533
Ara_directory_epoch2000,6,GGGTTG,124,8.888888888888889e-05
Ara_directory_epoch2000,6,GGGTTT,360,0.00025806451612903227
Ara_directory_epoch2000,6,GGTAAA,344,0.00024659498207885307
Ara_directory_epoch2000,6,GGTAAC,177,0.00012688172043010752
Ara_directory_epoch2000,6,GGTAAG,156,0.00011182795698924731
Ara_directory_epoch2000,6,GGTAAT,235,0.00016845878136200718
Ara_directory_epoch2000,6,GGTACA,156,0.00011182795698924731
Ara_directory_epoch2000,6,GGTACC,93,6.666666666666667e-05
Ara_directory_epoch2000,6,GGTACG,84,6.021505376344086e-05
Ara_directory_epoch2000,6,GGTACT,134,9.60573476702509e-05
Ara_directory_epoch2000,6,GGTAGA,221,0.00015842293906810035
Ara_directory_epoch2000,6,GGTAGC,109,7.813620071684588e-05
Ara_directory_epoch2000,6,GGTAGG,77,5.519713261648745e-05
Ara_directory_epoch2000,6,GGTAGT,127,9.10394265232975e-05
Ara_directory_epoch2000,6,GGTATA,133,9.53405017921147e-05
Ara_directory_epoch2000,6,GGTATC,186,0.00013333333333333334
Ara_directory_epoch2000,6,GGTATG,113,8.100358422939068e-05
Ara_directory_epoch2000,6,GGTATT,180,0.00012903225806451613
Ara_directory_epoch2000,6,GGTCAA,312,0.00022365591397849463
Ara_directory_epoch2000,6,GGTCAC,149,0.00010681003584229391
Ara_directory_epoch2000,6,GGTCAG,137,9.82078853046595e-05
Ara_directory_epoch2000,6,GGTCAT,238,0.00017060931899641577
Ara_directory_epoch2000,6,GGTCCA,199,0.00014265232974910395
Ara_directory_epoch2000,6,GGTCCC,79,5.663082437275986e-05
Ara_directory_epoch2000,6,GGTCCG,106,7.598566308243728e-05
Ara_directory_epoch2000,6,GGTCCT,149,0.00010681003584229391
Ara_directory_epoch2000,6,GGTCGA,200,0.00014336917562724014
Ara_directory_epoch2000,6,GGTCGC,99,7.096774193548388e-05
Ara_directory_epoch2000,6,GGTCGG,87,6.236559139784946e-05
Ara_directory_epoch2000,6,GGTCGT,152,0.00010896057347670251
Ara_directory_epoch2000,6,GGTCTA,165,0.00011827956989247312
Ara_directory_epoch2000,6,GGTCTC,246,0.00017634408602150537
Ara_directory_epoch2000,6,GGTCTG,132,9.462365591397849e-05
Ara_directory_epoch2000,6,GGTCTT,304,0.00021792114695340503
Ara_directory_epoch2000,6,GGTGAA,393,0.00028172043010752686
Ara_directory_epoch2000,6,GGTGAC,232,0.00016630824372759856
Ara_directory_epoch2000,6,GGTGAG,208,0.00014910394265232974
Ara_directory_epoch2000,6,GGTGAT,362,0.00025949820788530466
Ara_directory_epoch2000,6,GGTGCA,127,9.10394265232975e-05
Ara_directory_epoch2000,6,GGTGCC,108,7.741935483870968e-05
Ara_directory_epoch2000,6,GGTGCG,66,4.7311827956989246e-05
Ara_directory_epoch2000,6,GGTGCT,184,0.00013189964157706092
Ara_directory_epoch2000,6,GGTGGA,340,0.00024372759856630823
Ara_directory_epoch2000,6,GGTGGC,214,0.00015340501792114695
Ara_directory_epoch2000,6,GGTGGG,121,8.673835125448029e-05
Ara_directory_epoch2000,6,GGTGGT,276,0.0001978494623655914
Ara_directory_epoch2000,6,GGTGTA,122,8.745519713261649e-05
Ara_directory_epoch2000,6,GGTGTC,171,0.0001225806451612903
Ara_directory_epoch2000,6,GGTGTG,111,7.956989247311829e-05
Ara_directory_epoch2000,6,GGTGTT,237,0.00016989247311827957
Ara_directory_epoch2000,6,GGTTAA,321,0.00023010752688172042
Ara_directory_epoch2000,6,GGTTAC,219,0.00015698924731182796
Ara_directory_epoch2000,6,GGTTAG,174,0.00012473118279569893
Ara_directory_epoch2000,6,GGTTAT,302,0.0002164874551971326
Ara_directory_epoch2000,6,GGTTCA,324,0.00023225806451612904
Ara_directory_epoch2000,6,GGTTCC,293,0.0002100358422939068
Ara_directory_epoch2000,6,GGTTCG,191,0.00013691756272401435
Ara_directory_epoch2000,6,GGTTCT,427,0.0003060931899641577
Ara_directory_epoch2000,6,GGTTGA,284,0.000203584229390681
Ara_directory_epoch2000,6,GGTTGC,151,0.0001082437275985663
Ara_directory_epoch2000,6,GGTTGG,174,0.00012473118279569893
Ara_directory_epoch2000,6,GGTTGT,219,0.00015698924731182796
Ara_directory_epoch2000,6,GGTTTA,289,0.000207168458781362
Ara_directory_epoch2000,6,GGTTTC,485,0.00034767025089605736
Ara_directory_epoch2000,6,GGTTTG,294,0.000210752688172043
Ara_directory_epoch2000,6,GGTTTT,604,0.0004329749103942652
Ara_directory_epoch2000,6,GTAAAA,713,0.0005111111111111112
Ara_directory_epoch2000,6,GTAAAC,294,0.000210752688172043
Ara_directory_epoch2000,6,GTAAAG,326,0.00023369175627240143
Ara_directory_epoch2000,6,GTAAAT,426,0.0003053763440860215
Ara_directory_epoch2000,6,GTAACA,276,0.0001978494623655914
Ara_directory_epoch2000,6,GTAACC,210,0.00015053763440860216
Ara_directory_epoch2000,6,GTAACG,134,9.60573476702509e-05
Ara_directory_epoch2000,6,GTAACT,238,0.00017060931899641577
Ara_directory_epoch2000,6,GTAAGA,288,0.0002064516129032258
Ara_directory_epoch2000,6,GTAAGC,150,0.00010752688172043011
Ara_directory_epoch2000,6,GTAAGG,139,9.964157706093189e-05
Ara_directory_epoch2000,6,GTAAGT,147,0.0001053763440860215
Ara_directory_epoch2000,6,GTAATA,279,0.0002
Ara_directory_epoch2000,6,GTAATC,296,0.0002121863799283154
Ara_directory_epoch2000,6,GTAATG,206,0.00014767025089605735
Ara_directory_epoch2000,6,GTAATT,360,0.00025806451612903227
Ara_directory_epoch2000,6,GTACAA,311,0.00022293906810035843
Ara_directory_epoch2000,6,GTACAC,130,9.31899641577061e-05
Ara_directory_epoch2000,6,GTACAG,105,7.526881720430108e-05
Ara_directory_epoch2000,6,GTACAT,184,0.00013189964157706092
Ara_directory_epoch2000,6,GTACCA,158,0.00011326164874551972
Ara_directory_epoch2000,6,GTACCC,97,6.953405017921147e-05
Ara_directory_epoch2000,6,GTACCG,99,7.096774193548388e-05
Ara_directory_epoch2000,6,GTACCT,137,9.82078853046595e-05
Ara_directory_epoch2000,6,GTACGA,126,9.032258064516129e-05
Ara_directory_epoch2000,6,GTACGC,58,4.157706093189964e-05
Ara_directory_epoch2000,6,GTACGG,81,5.806451612903226e-05
Ara_directory_epoch2000,6,GTACGT,76,5.448028673835126e-05
Ara_directory_epoch2000,6,GTACTA,119,8.530465949820788e-05
Ara_directory_epoch2000,6,GTACTC,184,0.00013189964157706092
Ara_directory_epoch2000,6,GTACTG,94,6.738351254480287e-05
Ara_directory_epoch2000,6,GTACTT,202,0.00014480286738351254
Ara_directory_epoch2000,6,GTAGAA,370,0.0002652329749103943
Ara_directory_epoch2000,6,GTAGAC,144,0.0001032258064516129
Ara_directory_epoch2000,6,GTAGAG,238,0.00017060931899641577
Ara_directory_epoch2000,6,GTAGAT,278,0.00019928315412186379
Ara_directory_epoch2000,6,GTAGCA,151,0.0001082437275985663
Ara_directory_epoch2000,6,GTAGCC,121,8.673835125448029e-05
Ara_directory_epoch2000,6,GTAGCG,94,6.738351254480287e-05
Ara_directory_epoch2000,6,GTAGCT,219,0.00015698924731182796
Ara_directory_epoch2000,6,GTAGGA,159,0.00011397849462365592
Ara_directory_epoch2000,6,GTAGGC,69,4.946236559139785e-05
Ara_directory_epoch2000,6,GTAGGG,69,4.946236559139785e-05
Ara_directory_epoch2000,6,GTAGGT,99,7.096774193548388e-05
Ara_directory_epoch2000,6,GTAGTA,137,9.82078853046595e-05
Ara_directory_epoch2000,6,GTAGTC,134,9.60573476702509e-05
Ara_directory_epoch2000,6,GTAGTG,132,9.462365591397849e-05
Ara_directory_epoch2000,6,GTAGTT,211,0.00015125448028673836
Ara_directory_epoch2000,6,GTATAA,271,0.00019426523297491038
Ara_directory_epoch2000,6,GTATAC,143,0.0001025089605734767
Ara_directory_epoch2000,6,GTATAG,141,0.0001010752688172043
Ara_directory_epoch2000,6,GTATAT,248,0.00017777777777777779
Ara_directory_epoch2000,6,GTATCA,246,0.00017634408602150537
Ara_directory_epoch2000,6,GTATCC,203,0.00014551971326164873
Ara_directory_epoch2000,6,GTATCG,162,0.00011612903225806452
Ara_directory_epoch2000,6,GTATCT,315,0.00022580645161290321
Ara_directory_epoch2000,6,GTATGA,184,0.00013189964157706092
Ara_directory_epoch2000,6,GTATGC,92,6.594982078853046e-05
Ara_directory_epoch2000,6,GTATGG,134,9.60573476702509e-05
Ara_directory_epoch2000,6,GTATGT,169,0.00012114695340501792
Ara_directory_epoch2000,6,GTATTA,214,0.00015340501792114695
Ara_directory_epoch2000,6,GTATTC,251,0.00017992831541218638
Ara_directory_epoch2000,6,GTATTG,191,0.00013691756272401435
Ara_directory_epoch2000,6,GTATTT,357,0.0002559139784946237
Ara_directory_epoch2000,6,GTCAAA,589,0.0004222222222222222
Ara_directory_epoch2000,6,GTCAAC,355,0.00025448028673835123
Ara_directory_epoch2000,6,GTCAAG,299,0.00021433691756272402
Ara_directory_epoch2000,6,GTCAAT,388,0.0002781362007168459
Ara_directory_epoch2000,6,GTCACA,242,0.00017347670250896058
Ara_directory_epoch2000,6,GTCACC,257,0.00018422939068100358
Ara_directory_epoch2000,6,GTCACG,160,0.00011469534050179211
Ara_directory_epoch2000,6,GTCACT,266,0.0001906810035842294
Ara_directory_epoch2000,6,GTCAGA,286,0.0002050179211469534
Ara_directory_epoch2000,6,GTCAGC,171,0.0001225806451612903
Ara_directory_epoch2000,6,GTCAGG,87,6.236559139784946e-05
Ara_directory_epoch2000,6,GTCAGT,166,0.00011899641577060932
Ara_directory_epoch2000,6,GTCATA,244,0.00017491039426523297
Ara_directory_epoch2000,6,GTCATC,399,0.0002860215053763441
Ara_directory_epoch2000,6,GTCATG,240,0.00017204301075268816
Ara_directory_epoch2000,6,GTCATT,302,0.0002164874551971326
Ara_directory_epoch2000,6,GTCCAA,339,0.00024301075268817204
Ara_directory_epoch2000,6,GTCCAC,236,0.00016917562724014338
Ara_directory_epoch2000,6,GTCCAG,122,8.745519713261649e-05
Ara_directory_epoch2000,6,GTCCAT,238,0.00017060931899641577
Ara_directory_epoch2000,6,GTCCCA,171,0.0001225806451612903
Ara_directory_epoch2000,6,GTCCCC,97,6.953405017921147e-05
Ara_directory_epoch2000,6,GTCCCG,76,5.448028673835126e-05
Ara_directory_epoch2000,6,GTCCCT,172,0.00012329749103942654
Ara_directory_epoch2000,6,GTCCGA,156,0.00011182795698924731
Ara_directory_epoch2000,6,GTCCGC,116,8.315412186379928e-05
Ara_directory_epoch2000,6,GTCCGG,126,9.032258064516129e-05
Ara_directory_epoch2000,6,GTCCGT,153,0.00010967741935483871
Ara_directory_epoch2000,6,GTCCTA,156,0.00011182795698924731
Ara_directory_epoch2000,6,GTCCTC,311,0.00022293906810035843
Ara_directory_epoch2000,6,GTCCTG,119,8.530465949820788e-05
Ara_directory_epoch2000,6,GTCCTT,253,0.00018136200716845877
Ara_directory_epoch2000,6,GTCGAA,368,0.00026379928315412184
Ara_directory_epoch2000,6,GTCGAC,243,0.00017419354838709678
Ara_directory_epoch2000,6,GTCGAG,196,0.00014050179211469533
Ara_directory_epoch2000,6,GTCGAT,341,0.00024444444444444443
Ara_directory_epoch2000,6,GTCGCA,171,0.0001225806451612903
Ara_directory_epoch2000,6,GTCGCC,257,0.00018422939068100358
Ara_directory_epoch2000,6,GTCGCG,114,8.172043010752688e-05
Ara_directory_epoch2000,6,GTCGCT,226,0.00016200716845878136
Ara_directory_epoch2000,6,GTCGGA,225,0.00016129032258064516
Ara_directory_epoch2000,6,GTCGGC,192,0.00013763440860215055
Ara_directory_epoch2000,6,GTCGGG,72,5.161290322580645e-05
Ara_directory_epoch2000,6,GTCGGT,178,0.00012759856630824371
Ara_directory_epoch2000,6,GTCGTA,171,0.0001225806451612903
Ara_directory_epoch2000,6,GTCGTC,360,0.00025806451612903227
Ara_directory_epoch2000,6,GTCGTG,179,0.00012831541218637994
Ara_directory_epoch2000,6,GTCGTT,328,0.00023512544802867382
Ara_directory_epoch2000,6,GTCTAA,268,0.0001921146953405018
Ara_directory_epoch2000,6,GTCTAC,239,0.00017132616487455196
Ara_directory_epoch2000,6,GTCTAG,175,0.00012544802867383513
Ara_directory_epoch2000,6,GTCTAT,264,0.00018924731182795698
Ara_directory_epoch2000,6,GTCTCA,362,0.00025949820788530466
Ara_directory_epoch2000,6,GTCTCC,414,0.0002967741935483871
Ara_directory_epoch2000,6,GTCTCG,227,0.00016272401433691755
Ara_directory_epoch2000,6,GTCTCT,546,0.0003913978494623656
Ara_directory_epoch2000,6,GTCTGA,216,0.00015483870967741937
Ara_directory_epoch2000,6,GTCTGC,164,0.00011756272401433691
Ara_directory_epoch2000,6,GTCTGG,148,0.0001060931899641577
Ara_directory_epoch2000,6,GTCTGT,237,0.00016989247311827957
Ara_directory_epoch2000,6,GTCTTA,289,0.000207168458781362
Ara_directory_epoch2000,6,GTCTTC,673,0.0004824372759856631
Ara_directory_epoch2000,6,GTCTTG,248,0.00017777777777777779
Ara_directory_epoch2000,6,GTCTTT,493,0.00035340501792114693
Ara_directory_epoch2000,6,GTGAAA,445,0.00031899641577060934
Ara_directory_epoch2000,6,GTGAAC,193,0.00013835125448028674
Ara_directory_epoch2000,6,GTGAAG,380,0.00027240143369175625
Ara_directory_epoch2000,6,GTGAAT,311,0.00022293906810035843
Ara_directory_epoch2000,6,GTGACA,199,0.00014265232974910395
Ara_directory_epoch2000,6,GTGACC,159,0.00011397849462365592
Ara_directory_epoch2000,6,GTGACG,212,0.00015197132616487455
Ara_directory_epoch2000,6,GTGACT,207,0.00014838709677419355
Ara_directory_epoch2000,6,GTGAGA,298,0.00021362007168458782
Ara_directory_epoch2000,6,GTGAGC,126,9.032258064516129e-05
Ara_directory_epoch2000,6,GTGAGG,152,0.00010896057347670251
Ara_directory_epoch2000,6,GTGAGT,165,0.00011827956989247312
Ara_directory_epoch2000,6,GTGATA,208,0.00014910394265232974
Ara_directory_epoch2000,6,GTGATC,342,0.0002451612903225806
Ara_directory_epoch2000,6,GTGATG,332,0.00023799283154121863
Ara_directory_epoch2000,6,GTGATT,373,0.0002673835125448029
Ara_directory_epoch2000,6,GTGCAA,155,0.00011111111111111112
Ara_directory_epoch2000,6,GTGCAC,72,5.161290322580645e-05
Ara_directory_epoch2000,6,GTGCAG,90,6.451612903225807e-05
Ara_directory_epoch2000,6,GTGCAT,102,7.311827956989248e-05
Ara_directory_epoch2000,6,GTGCCA,129,9.247311827956989e-05
Ara_directory_epoch2000,6,GTGCCC,62,4.4444444444444447e-05
Ara_directory_epoch2000,6,GTGCCG,131,9.39068100358423e-05
Ara_directory_epoch2000,6,GTGCCT,128,9.175627240143369e-05
Ara_directory_epoch2000,6,GTGCGA,90,6.451612903225807e-05
Ara_directory_epoch2000,6,GTGCGC,36,2.5806451612903226e-05
Ara_directory_epoch2000,6,GTGCGG,53,3.799283154121864e-05
Ara_directory_epoch2000,6,GTGCGT,68,4.874551971326165e-05
Ara_directory_epoch2000,6,GTGCTA,120,8.602150537634408e-05
Ara_directory_epoch2000,6,GTGCTC,161,0.00011541218637992832
Ara_directory_epoch2000,6,GTGCTG,119,8.530465949820788e-05
Ara_directory_epoch2000,6,GTGCTT,258,0.00018494623655913978
Ara_directory_epoch2000,6,GTGGAA,357,0.0002559139784946237
Ara_directory_epoch2000,6,GTGGAC,135,9.67741935483871e-05
Ara_directory_epoch2000,6,GTGGAG,359,0.00025734767025089607
Ara_directory_epoch2000,6,GTGGAT,283,0.0002028673835125448
Ara_directory_epoch2000,6,GTGGCA,175,0.00012544802867383513
Ara_directory_epoch2000,6,GTGGCC,166,0.00011899641577060932
Ara_directory_epoch2000,6,GTGGCG,260,0.0001863799283154122
Ara_directory_epoch2000,6,GTGGCT,259,0.00018566308243727597
Ara_directory_epoch2000,6,GTGGGA,200,0.00014336917562724014
Ara_directory_epoch2000,6,GTGGGC,76,5.448028673835126e-05
Ara_directory_epoch2000,6,GTGGGG,79,5.663082437275986e-05
Ara_directory_epoch2000,6,GTGGGT,151,0.0001082437275985663
Ara_directory_epoch2000,6,GTGGTA,174,0.00012473118279569893
Ara_directory_epoch2000,6,GTGGTC,177,0.00012688172043010752
Ara_directory_epoch2000,6,GTGGTG,297,0.00021290322580645163
Ara_directory_epoch2000,6,GTGGTT,296,0.0002121863799283154
Ara_directory_epoch2000,6,GTGTAA,216,0.00015483870967741937
Ara_directory_epoch2000,6,GTGTAC,104,7.455197132616487e-05
Ara_directory_epoch2000,6,GTGTAG,144,0.0001032258064516129
Ara_directory_epoch2000,6,GTGTAT,184,0.00013189964157706092
Ara_directory_epoch2000,6,GTGTCA,202,0.00014480286738351254
Ara_directory_epoch2000,6,GTGTCC,157,0.00011254480286738351
Ara_directory_epoch2000,6,GTGTCG,162,0.00011612903225806452
Ara_directory_epoch2000,6,GTGTCT,267,0.0001913978494623656
Ara_directory_epoch2000,6,GTGTGA,182,0.00013046594982078853
Ara_directory_epoch2000,6,GTGTGC,78,5.5913978494623656e-05
Ara_directory_epoch2000,6,GTGTGG,144,0.0001032258064516129
Ara_directory_epoch2000,6,GTGTGT,141,0.0001010752688172043
Ara_directory_epoch2000,6,GTGTTA,228,0.00016344086021505375
Ara_directory_epoch2000,6,GTGTTC,260,0.0001863799283154122
Ara_directory_epoch2000,6,GTGTTG,234,0.00016774193548387096
Ara_directory_epoch2000,6,GTGTTT,400,0.0002867383512544803
Ara_directory_epoch2000,6,GTTAAA,501,0.00035913978494623655
Ara_directory_epoch2000,6,GTTAAC,243,0.00017419354838709678
Ara_directory_epoch2000,6,GTTAAG,234,0.00016774193548387096
Ara_directory_epoch2000,6,GTTAAT,430,0.0003082437275985663
Ara_directory_epoch2000,6,GTTACA,258,0.00018494623655913978
Ara_directory_epoch2000,6,GTTACC,215,0.00015412186379928314
Ara_directory_epoch2000,6,GTTACG,145,0.0001039426523297491
Ara_directory_epoch2000,6,GTTACT,304,0.00021792114695340503
Ara_directory_epoch2000,6,GTTAGA,262,0.0001878136200716846
Ara_directory_epoch2000,6,GTTAGC,141,0.0001010752688172043
Ara_directory_epoch2000,6,GTTAGG,139,9.964157706093189e-05
Ara_directory_epoch2000,6,GTTAGT,222,0.00015913978494623657
Ara_directory_epoch2000,6,GTTATA,280,0.0002007168458781362
Ara_directory_epoch2000,6,GTTATC,297,0.00021290322580645163
Ara_directory_epoch2000,6,GTTATG,239,0.00017132616487455196
Ara_directory_epoch2000,6,GTTATT,445,0.00031899641577060934
Ara_directory_epoch2000,6,GTTCAA,485,0.00034767025089605736
Ara_directory_epoch2000,6,GTTCAC,301,0.0002157706093189964
Ara_directory_epoch2000,6,GTTCAG,235,0.00016845878136200718
Ara_directory_epoch2000,6,GTTCAT,413,0.0002960573476702509
Ara_directory_epoch2000,6,GTTCCA,347,0.00024874551971326166
Ara_directory_epoch2000,6,GTTCCC,213,0.00015268817204301075
Ara_directory_epoch2000,6,GTTCCG,288,0.0002064516129032258
Ara_directory_epoch2000,6,GTTCCT,398,0.0002853046594982079
Ara_directory_epoch2000,6,GTTCGA,257,0.00018422939068100358
Ara_directory_epoch2000,6,GTTCGC,179,0.00012831541218637994
Ara_directory_epoch2000,6,GTTCGG,169,0.00012114695340501792
Ara_directory_epoch2000,6,GTTCGT,244,0.00017491039426523297
Ara_directory_epoch2000,6,GTTCTA,273,0.0001956989247311828
Ara_directory_epoch2000,6,GTTCTC,597,0.00042795698924731184
Ara_directory_epoch2000,6,GTTCTG,274,0.000196415770609319
Ara_directory_epoch2000,6,GTTCTT,648,0.00046451612903225807
Ara_directory_epoch2000,6,GTTGAA,418,0.0002996415770609319
Ara_directory_epoch2000,6,GTTGAC,201,0.00014408602150537634
Ara_directory_epoch2000,6,GTTGAG,282,0.0002021505376344086
Ara_directory_epoch2000,6,GTTGAT,468,0.0003354838709677419
Ara_directory_epoch2000,6,GTTGCA,154,0.0001103942652329749
Ara_directory_epoch2000,6,GTTGCC,170,0.00012186379928315412
Ara_directory_epoch2000,6,GTTGCG,132,9.462365591397849e-05
Ara_directory_epoch2000,6,GTTGCT,325,0.00023297491039426523
Ara_directory_epoch2000,6,GTTGGA,282,0.0002021505376344086
Ara_directory_epoch2000,6,GTTGGC,147,0.0001053763440860215
Ara_directory_epoch2000,6,GTTGGG,196,0.00014050179211469533
Ara_directory_epoch2000,6,GTTGGT,283,0.0002028673835125448
Ara_directory_epoch2000,6,GTTGTA,219,0.00015698924731182796
Ara_directory_epoch2000,6,GTTGTC,257,0.00018422939068100358
Ara_directory_epoch2000,6,GTTGTG,227,0.00016272401433691755
Ara_directory_epoch2000,6,GTTGTT,423,0.0003032258064516129
Ara_directory_epoch2000,6,GTTTAA,482,0.00034551971326164877
Ara_directory_epoch2000,6,GTTTAC,298,0.00021362007168458782
Ara_directory_epoch2000,6,GTTTAG,243,0.00017419354838709678
Ara_directory_epoch2000,6,GTTTAT,477,0.00034193548387096773
Ara_directory_epoch2000,6,GTTTCA,514,0.00036845878136200716
Ara_directory_epoch2000,6,GTTTCC,502,0.00035985663082437275
Ara_directory_epoch2000,6,GTTTCG,384,0.0002752688172043011
Ara_directory_epoch2000,6,GTTTCT,900,0.0006451612903225806
Ara_directory_epoch2000,6,GTTTGA,375,0.00026881720430107527
Ara_directory_epoch2000,6,GTTTGC,199,0.00014265232974910395
Ara_directory_epoch2000,6,GTTTGG,307,0.00022007168458781362
Ara_directory_epoch2000,6,GTTTGT,422,0.0003025089605734767
Ara_directory_epoch2000,6,GTTTTA,492,0.00035268817204301073
Ara_directory_epoch2000,6,GTTTTC,665,0.00047670250896057347
Ara_directory_epoch2000,6,GTTTTG,549,0.0003935483870967742
Ara_directory_epoch2000,6,GTTTTT,925,0.0006630824372759857
Ara_directory_epoch2000,6,TAAAAA,2108,0.001511111111111111
Ara_directory_epoch2000,6,TAAAAC,744,0.0005333333333333334
Ara_directory_epoch2000,6,TAAAAG,640,0.00045878136200716845
Ara_directory_epoch2000,6,TAAAAT,1095,0.0007849462365591398
Ara_directory_epoch2000,6,TAAACA,734,0.0005261648745519713
Ara_directory_epoch2000,6,TAAACC,512,0.00036702508960573477
Ara_directory_epoch2000,6,TAAACG,275,0.0001971326164874552
Ara_directory_epoch2000,6,TAAACT,487,0.00034910394265232975
Ara_directory_epoch2000,6,TAAAGA,762,0.0005462365591397849
Ara_directory_epoch2000,6,TAAAGC,362,0.00025949820788530466
Ara_directory_epoch2000,6,TAAAGG,311,0.00022293906810035843
Ara_directory_epoch2000,6,TAAAGT,409,0.0002931899641577061
Ara_directory_epoch2000,6,TAAATA,856,0.0006136200716845878
Ara_directory_epoch2000,6,TAAATC,711,0.0005096774193548387
Ara_directory_epoch2000,6,TAAATG,420,0.0003010752688172043
Ara_directory_epoch2000,6,TAAATT,899,0.0006444444444444444
Ara_directory_epoch2000,6,TAACAA,724,0.0005189964157706093
Ara_directory_epoch2000,6,TAACAC,301,0.0002157706093189964
Ara_directory_epoch2000,6,TAACAG,235,0.00016845878136200718
Ara_directory_epoch2000,6,TAACAT,397,0.0002845878136200717
Ara_directory_epoch2000,6,TAACCA,497,0.00035627240143369177
Ara_directory_epoch2000,6,TAACCC,294,0.000210752688172043
Ara_directory_epoch2000,6,TAACCG,228,0.00016344086021505375
Ara_directory_epoch2000,6,TAACCT,318,0.00022795698924731183
Ara_directory_epoch2000,6,TAACGA,333,0.00023870967741935483
Ara_directory_epoch2000,6,TAACGC,143,0.0001025089605734767
Ara_directory_epoch2000,6,TAACGG,175,0.00012544802867383513
Ara_directory_epoch2000,6,TAACGT,187,0.00013405017921146954
Ara_directory_epoch2000,6,TAACTA,331,0.00023727598566308244
Ara_directory_epoch2000,6,TAACTC,381,0.00027311827956989245
Ara_directory_epoch2000,6,TAACTG,183,0.00013118279569892472
Ara_directory_epoch2000,6,TAACTT,442,0.0003168458781362007
Ara_directory_epoch2000,6,TAAGAA,789,0.0005655913978494624
Ara_directory_epoch2000,6,TAAGAC,258,0.00018494623655913978
Ara_directory_epoch2000,6,TAAGAG,304,0.00021792114695340503
Ara_directory_epoch2000,6,TAAGAT,466,0.0003340501792114695
Ara_directory_epoch2000,6,TAAGCA,260,0.0001863799283154122
Ara_directory_epoch2000,6,TAAGCC,216,0.00015483870967741937
Ara_directory_epoch2000,6,TAAGCG,104,7.455197132616487e-05
Ara_directory_epoch2000,6,TAAGCT,321,0.00023010752688172042
Ara_directory_epoch2000,6,TAAGGA,334,0.00023942652329749103
Ara_directory_epoch2000,6,TAAGGC,180,0.00012903225806451613
Ara_directory_epoch2000,6,TAAGGG,136,9.74910394265233e-05
Ara_directory_epoch2000,6,TAAGGT,203,0.00014551971326164873
Ara_directory_epoch2000,6,TAAGTA,275,0.0001971326164874552
Ara_directory_epoch2000,6,TAAGTC,224,0.00016057347670250896
Ara_directory_epoch2000,6,TAAGTG,169,0.00012114695340501792
Ara_directory_epoch2000,6,TAAGTT,348,0.00024946236559139786
Ara_directory_epoch2000,6,TAATAA,826,0.0005921146953405018
Ara_directory_epoch2000,6,TAATAC,309,0.000221505376344086
Ara_directory_epoch2000,6,TAATAG,312,0.00022365591397849463
Ara_directory_epoch2000,6,TAATAT,626,0.00044874551971326164
Ara_directory_epoch2000,6,TAATCA,691,0.0004953405017921147
Ara_directory_epoch2000,6,TAATCC,458,0.00032831541218637995
Ara_directory_epoch2000,6,TAATCG,335,0.00024014336917562725
Ara_directory_epoch2000,6,TAATCT,724,0.0005189964157706093
Ara_directory_epoch2000,6,TAATGA,453,0.0003247311827956989
Ara_directory_epoch2000,6,TAATGC,189,0.00013548387096774193
Ara_directory_epoch2000,6,TAATGG,298,0.00021362007168458782
Ara_directory_epoch2000,6,TAATGT,342,0.0002451612903225806
Ara_directory_epoch2000,6,TAATTA,709,0.0005082437275985663
Ara_directory_epoch2000,6,TAATTC,556,0.00039856630824372757
Ara_directory_epoch2000,6,TAATTG,386,0.0002767025089605735
Ara_directory_epoch2000,6,TAATTT,881,0.0006315412186379928
Ara_directory_epoch2000,6,TACAAA,829,0.0005942652329749104
Ara_directory_epoch2000,6,TACAAC,344,0.00024659498207885307
Ara_directory_epoch2000,6,TACAAG,333,0.00023870967741935483
Ara_directory_epoch2000,6,TACAAT,478,0.00034265232974910393
Ara_directory_epoch2000,6,TACACA,343,0.0002458781362007168
Ara_directory_epoch2000,6,TACACC,235,0.00016845878136200718
Ara_directory_epoch2000,6,TACACG,137,9.82078853046595e-05
Ara_directory_epoch2000,6,TACACT,245,0.00017562724014336917
Ara_directory_epoch2000,6,TACAGA,264,0.00018924731182795698
Ara_directory_epoch2000,6,TACAGC,142,0.0001017921146953405
Ara_directory_epoch2000,6,TACAGG,109,7.813620071684588e-05
Ara_directory_epoch2000,6,TACAGT,171,0.0001225806451612903
Ara_directory_epoch2000,6,TACATA,370,0.0002652329749103943
Ara_directory_epoch2000,6,TACATC,349,0.00025017921146953405
Ara_directory_epoch2000,6,TACATG,248,0.00017777777777777779
Ara_directory_epoch2000,6,TACATT,415,0.0002974910394265233
Ara_directory_epoch2000,6,TACCAA,433,0.00031039426523297493
Ara_directory_epoch2000,6,TACCAC,248,0.00017777777777777779
Ara_directory_epoch2000,6,TACCAG,158,0.00011326164874551972
Ara_directory_epoch2000,6,TACCAT,318,0.00022795698924731183
Ara_directory_epoch2000,6,TACCCA,269,0.000192831541218638
Ara_directory_epoch2000,6,TACCCC,126,9.032258064516129e-05
Ara_directory_epoch2000,6,TACCCG,140,0.0001003584229390681
Ara_directory_epoch2000,6,TACCCT,218,0.00015627240143369176
Ara_directory_epoch2000,6,TACCGA,182,0.00013046594982078853
Ara_directory_epoch2000,6,TACCGC,114,8.172043010752688e-05
Ara_directory_epoch2000,6,TACCGG,156,0.00011182795698924731
Ara_directory_epoch2000,6,TACCGT,187,0.00013405017921146954
Ara_directory_epoch2000,6,TACCTA,196,0.00014050179211469533
Ara_directory_epoch2000,6,TACCTC,303,0.0002172043010752688
Ara_directory_epoch2000,6,TACCTG,162,0.00011612903225806452
Ara_directory_epoch2000,6,TACCTT,334,0.00023942652329749103
Ara_directory_epoch2000,6,TACGAA,325,0.00023297491039426523
Ara_directory_epoch2000,6,TACGAC,170,0.00012186379928315412
Ara_directory_epoch2000,6,TACGAG,200,0.00014336917562724014
Ara_directory_epoch2000,6,TACGAT,274,0.000196415770609319
Ara_directory_epoch2000,6,TACGCA,129,9.247311827956989e-05
Ara_directory_epoch2000,6,TACGCC,134,9.60573476702509e-05
Ara_directory_epoch2000,6,TACGCG,62,4.4444444444444447e-05
Ara_directory_epoch2000,6,TACGCT,139,9.964157706093189e-05
Ara_directory_epoch2000,6,TACGGA,203,0.00014551971326164873
Ara_directory_epoch2000,6,TACGGC,149,0.00010681003584229391
Ara_directory_epoch2000,6,TACGGG,69,4.946236559139785e-05
Ara_directory_epoch2000,6,TACGGT,156,0.00011182795698924731
Ara_directory_epoch2000,6,TACGTA,135,9.67741935483871e-05
Ara_directory_epoch2000,6,TACGTC,192,0.00013763440860215055
Ara_directory_epoch2000,6,TACGTG,108,7.741935483870968e-05
Ara_directory_epoch2000,6,TACGTT,216,0.00015483870967741937
Ara_directory_epoch2000,6,TACTAA,399,0.0002860215053763441
Ara_directory_epoch2000,6,TACTAC,209,0.00014982078853046594
Ara_directory_epoch2000,6,TACTAG,135,9.67741935483871e-05
Ara_directory_epoch2000,6,TACTAT,299,0.00021433691756272402
Ara_directory_epoch2000,6,TACTCA,383,0.0002745519713261649
Ara_directory_epoch2000,6,TACTCC,360,0.00025806451612903227
Ara_directory_epoch2000,6,TACTCG,205,0.00014695340501792115
Ara_directory_epoch2000,6,TACTCT,534,0.0003827956989247312
Ara_directory_epoch2000,6,TACTGA,226,0.00016200716845878136
Ara_directory_epoch2000,6,TACTGC,115,8.243727598566309e-05
Ara_directory_epoch2000,6,TACTGG,148,0.0001060931899641577
Ara_directory_epoch2000,6,TACTGT,196,0.00014050179211469533
Ara_directory_epoch2000,6,TACTTA,353,0.00025304659498207884
Ara_directory_epoch2000,6,TACTTC,456,0.0003268817204301075
Ara_directory_epoch2000,6,TACTTG,238,0.00017060931899641577
Ara_directory_epoch2000,6,TACTTT,540,0.0003870967741935484
Ara_directory_epoch2000,6,TAGAAA,734,0.0005261648745519713
Ara_directory_epoch2000,6,TAGAAC,252,0.00018064516129032257
Ara_directory_epoch2000,6,TAGAAG,409,0.0002931899641577061
Ara_directory_epoch2000,6,TAGAAT,363,0.00026021505376344086
Ara_directory_epoch2000,6,TAGACA,244,0.00017491039426523297
Ara_directory_epoch2000,6,TAGACC,158,0.00011326164874551972
Ara_directory_epoch2000,6,TAGACG,157,0.00011254480286738351
Ara_directory_epoch2000,6,TAGACT,190,0.00013620071684587813
Ara_directory_epoch2000,6,TAGAGA,483,0.00034623655913978497
Ara_directory_epoch2000,6,TAGAGC,206,0.00014767025089605735
Ara_directory_epoch2000,6,TAGAGG,181,0.00012974910394265233
Ara_directory_epoch2000,6,TAGAGT,212,0.00015197132616487455
Ara_directory_epoch2000,6,TAGATA,333,0.00023870967741935483
Ara_directory_epoch2000,6,TAGATC,344,0.00024659498207885307
Ara_directory_epoch2000,6,TAGATG,251,0.00017992831541218638
Ara_directory_epoch2000,6,TAGATT,430,0.0003082437275985663
Ara_directory_epoch2000,6,TAGCAA,311,0.00022293906810035843
Ara_directory_epoch2000,6,TAGCAC,153,0.00010967741935483871
Ara_directory_epoch2000,6,TAGCAG,130,9.31899641577061e-05
Ara_directory_epoch2000,6,TAGCAT,168,0.00012043010752688172
Ara_directory_epoch2000,6,TAGCCA,205,0.00014695340501792115
Ara_directory_epoch2000,6,TAGCCC,108,7.741935483870968e-05
Ara_directory_epoch2000,6,TAGCCG,125,8.960573476702509e-05
Ara_directory_epoch2000,6,TAGCCT,158,0.00011326164874551972
Ara_directory_epoch2000,6,TAGCGA,183,0.00013118279569892472
Ara_directory_epoch2000,6,TAGCGC,53,3.799283154121864e-05
Ara_directory_epoch2000,6,TAGCGG,90,6.451612903225807e-05
Ara_directory_epoch2000,6,TAGCGT,107,7.670250896057347e-05
Ara_directory_epoch2000,6,TAGCTA,243,0.00017419354838709678
Ara_directory_epoch2000,6,TAGCTC,307,0.00022007168458781362
Ara_directory_epoch2000,6,TAGCTG,171,0.0001225806451612903
Ara_directory_epoch2000,6,TAGCTT,326,0.00023369175627240143
Ara_directory_epoch2000,6,TAGGAA,316,0.00022652329749103944
Ara_directory_epoch2000,6,TAGGAC,97,6.953405017921147e-05
Ara_directory_epoch2000,6,TAGGAG,152,0.00010896057347670251
Ara_directory_epoch2000,6,TAGGAT,209,0.00014982078853046594
Ara_directory_epoch2000,6,TAGGCA,113,8.100358422939068e-05
Ara_directory_epoch2000,6,TAGGCC,117,8.387096774193548e-05
Ara_directory_epoch2000,6,TAGGCG,58,4.157706093189964e-05
Ara_directory_epoch2000,6,TAGGCT,127,9.10394265232975e-05
Ara_directory_epoch2000,6,TAGGGA,177,0.00012688172043010752
Ara_directory_epoch2000,6,TAGGGC,76,5.448028673835126e-05
Ara_directory_epoch2000,6,TAGGGG,58,4.157706093189964e-05
Ara_directory_epoch2000,6,TAGGGT,147,0.0001053763440860215
Ara_directory_epoch2000,6,TAGGTA,144,0.0001032258064516129
Ara_directory_epoch2000,6,TAGGTC,124,8.888888888888889e-05
Ara_directory_epoch2000,6,TAGGTG,88,6.308243727598566e-05
Ara_directory_epoch2000,6,TAGGTT,213,0.00015268817204301075
Ara_directory_epoch2000,6,TAGTAA,340,0.00024372759856630823
Ara_directory_epoch2000,6,TAGTAC,113,8.100358422939068e-05
Ara_directory_epoch2000,6,TAGTAG,148,0.0001060931899641577
Ara_directory_epoch2000,6,TAGTAT,209,0.00014982078853046594
Ara_directory_epoch2000,6,TAGTCA,263,0.00018853046594982079
Ara_directory_epoch2000,6,TAGTCC,149,0.00010681003584229391
Ara_directory_epoch2000,6,TAGTCG,135,9.67741935483871e-05
Ara_directory_epoch2000,6,TAGTCT,265,0.00018996415770609318
Ara_directory_epoch2000,6,TAGTGA,222,0.00015913978494623657
Ara_directory_epoch2000,6,TAGTGC,92,6.594982078853046e-05
Ara_directory_epoch2000,6,TAGTGG,193,0.00013835125448028674
Ara_directory_epoch2000,6,TAGTGT,188,0.00013476702508960573
Ara_directory_epoch2000,6,TAGTTA,301,0.0002157706093189964
Ara_directory_epoch2000,6,TAGTTC,241,0.00017275985663082438
Ara_directory_epoch2000,6,TAGTTG,212,0.00015197132616487455
Ara_directory_epoch2000,6,TAGTTT,485,0.00034767025089605736
Ara_directory_epoch2000,6,TATAAA,911,0.0006530465949820788
Ara_directory_epoch2000,6,TATAAC,382,0.0002738351254480287
Ara_directory_epoch2000,6,TATAAG,322,0.00023082437275985664
Ara_directory_epoch2000,6,TATAAT,651,0.00046666666666666666
Ara_directory_epoch2000,6,TATACA,368,0.00026379928315412184
Ara_directory_epoch2000,6,TATACC,212,0.00015197132616487455
Ara_directory_epoch2000,6,TATACG,136,9.74910394265233e-05
Ara_directory_epoch2000,6,TATACT,289,0.000207168458781362
Ara_directory_epoch2000,6,TATAGA,328,0.00023512544802867382
Ara_directory_epoch2000,6,TATAGC,188,0.00013476702508960573
Ara_directory_epoch2000,6,TATAGG,146,0.00010465949820788531
Ara_directory_epoch2000,6,TATAGT,279,0.0002
Ara_directory_epoch2000,6,TATATA,624,0.00044731182795698925
Ara_directory_epoch2000,6,TATATC,404,0.00028960573476702507
Ara_directory_epoch2000,6,TATATG,274,0.000196415770609319
Ara_directory_epoch2000,6,TATATT,667,0.00047813620071684586
Ara_directory_epoch2000,6,TATCAA,597,0.00042795698924731184
Ara_directory_epoch2000,6,TATCAC,347,0.00024874551971326166
Ara_directory_epoch2000,6,TATCAG,250,0.00017921146953405018
Ara_directory_epoch2000,6,TATCAT,463,0.00033189964157706093
Ara_directory_epoch2000,6,TATCCA,418,0.0002996415770609319
Ara_directory_epoch2000,6,TATCCC,243,0.00017419354838709678
Ara_directory_epoch2000,6,TATCCG,200,0.00014336917562724014
Ara_directory_epoch2000,6,TATCCT,342,0.0002451612903225806
Ara_directory_epoch2000,6,TATCGA,348,0.00024946236559139786
Ara_directory_epoch2000,6,TATCGC,174,0.00012473118279569893
Ara_directory_epoch2000,6,TATCGG,166,0.00011899641577060932
Ara_directory_epoch2000,6,TATCGT,245,0.00017562724014336917
Ara_directory_epoch2000,6,TATCTA,419,0.0003003584229390681
Ara_directory_epoch2000,6,TATCTC,672,0.0004817204301075269
Ara_directory_epoch2000,6,TATCTG,305,0.00021863799283154122
Ara_directory_epoch2000,6,TATCTT,766,0.0005491039426523298
Ara_directory_epoch2000,6,TATGAA,505,0.00036200716845878134
Ara_directory_epoch2000,6,TATGAC,202,0.00014480286738351254
Ara_directory_epoch2000,6,TATGAG,221,0.00015842293906810035
Ara_directory_epoch2000,6,TATGAT,373,0.0002673835125448029
Ara_directory_epoch2000,6,TATGCA,181,0.00012974910394265233
Ara_directory_epoch2000,6,TATGCC,126,9.032258064516129e-05
Ara_directory_epoch2000,6,TATGCG,80,5.7347670250896056e-05
Ara_directory_epoch2000,6,TATGCT,215,0.00015412186379928314
Ara_directory_epoch2000,6,TATGGA,318,0.00022795698924731183
Ara_directory_epoch2000,6,TATGGC,232,0.00016630824372759856
Ara_directory_epoch2000,6,TATGGG,196,0.00014050179211469533
Ara_directory_epoch2000,6,TATGGT,250,0.00017921146953405018
Ara_directory_epoch2000,6,TATGTA,285,0.00020430107526881721
Ara_directory_epoch2000,6,TATGTC,210,0.00015053763440860216
Ara_directory_epoch2000,6,TATGTG,204,0.00014623655913978496
Ara_directory_epoch2000,6,TATGTT,380,0.00027240143369175625
Ara_directory_epoch2000,6,TATTAA,707,0.0005068100358422939
Ara_directory_epoch2000,6,TATTAC,298,0.00021362007168458782
Ara_directory_epoch2000,6,TATTAG,262,0.0001878136200716846
Ara_directory_epoch2000,6,TATTAT,645,0.0004623655913978495
Ara_directory_epoch2000,6,TATTCA,526,0.00037706093189964157
Ara_directory_epoch2000,6,TATTCC,351,0.00025161290322580645
Ara_directory_epoch2000,6,TATTCG,226,0.00016200716845878136
Ara_directory_epoch2000,6,TATTCT,604,0.0004329749103942652
Ara_directory_epoch2000,6,TATTGA,415,0.0002974910394265233
Ara_directory_epoch2000,6,TATTGC,240,0.00017204301075268816
Ara_directory_epoch2000,6,TATTGG,318,0.00022795698924731183
Ara_directory_epoch2000,6,TATTGT,391,0.00028028673835125446
Ara_directory_epoch2000,6,TATTTA,702,0.0005032258064516129
Ara_directory_epoch2000,6,TATTTC,612,0.00043870967741935484
Ara_directory_epoch2000,6,TATTTG,504,0.00036129032258064514
Ara_directory_epoch2000,6,TATTTT,1134,0.0008129032258064516
Ara_directory_epoch2000,6,TCAAAA,1406,0.0010078853046594982
Ara_directory_epoch2000,6,TCAAAC,764,0.0005476702508960574
Ara_directory_epoch2000,6,TCAAAG,754,0.0005405017921146953
Ara_directory_epoch2000,6,TCAAAT,949,0.0006802867383512545
Ara_directory_epoch2000,6,TCAACA,677,0.0004853046594982079
Ara_directory_epoch2000,6,TCAACC,534,0.0003827956989247312
Ara_directory_epoch2000,6,TCAACG,428,0.0003068100358422939
Ara_directory_epoch2000,6,TCAACT,538,0.000385663082437276
Ara_directory_epoch2000,6,TCAAGA,652,0.00046738351254480286
Ara_directory_epoch2000,6,TCAAGC,400,0.0002867383512544803
Ara_directory_epoch2000,6,TCAAGG,340,0.00024372759856630823
Ara_directory_epoch2000,6,TCAAGT,381,0.00027311827956989245
Ara_directory_epoch2000,6,TCAATA,543,0.00038924731182795697
Ara_directory_epoch2000,6,TCAATC,810,0.0005806451612903225
Ara_directory_epoch2000,6,TCAATG,458,0.00032831541218637995
Ara_directory_epoch2000,6,TCAATT,809,0.0005799283154121863
Ara_directory_epoch2000,6,TCACAA,680,0.00048745519713261647
Ara_directory_epoch2000,6,TCACAC,411,0.0002946236559139785
Ara_directory_epoch2000,6,TCACAG,270,0.0001935483870967742
Ara_directory_epoch2000,6,TCACAT,427,0.0003060931899641577
Ara_directory_epoch2000,6,TCACCA,674,0.0004831541218637993
Ara_directory_epoch2000,6,TCACCC,294,0.000210752688172043
Ara_directory_epoch2000,6,TCACCG,497,0.00035627240143369177
Ara_directory_epoch2000,6,TCACCT,408,0.0002924731182795699
Ara_directory_epoch2000,6,TCACGA,402,0.0002881720430107527
Ara_directory_epoch2000,6,TCACGC,204,0.00014623655913978496
Ara_directory_epoch2000,6,TCACGG,255,0.0001827956989247312
Ara_directory_epoch2000,6,TCACGT,266,0.0001906810035842294
Ara_directory_epoch2000,6,TCACTA,399,0.0002860215053763441
Ara_directory_epoch2000,6,TCACTC,570,0.00040860215053763443
Ara_directory_epoch2000,6,TCACTG,321,0.00023010752688172042
Ara_directory_epoch2000,6,TCACTT,557,0.0003992831541218638
Ara_directory_epoch2000,6,TCAGAA,605,0.0004336917562724014
Ara_directory_epoch2000,6,TCAGAC,267,0.0001913978494623656
Ara_directory_epoch2000,6,TCAGAG,376,0.00026953405017921146
Ara_directory_epoch2000,6,TCAGAT,562,0.0004028673835125448
Ara_directory_epoch2000,6,TCAGCA,289,0.000207168458781362
Ara_directory_epoch2000,6,TCAGCC,245,0.00017562724014336917
Ara_directory_epoch2000,6,TCAGCG,213,0.00015268817204301075
Ara_directory_epoch2000,6,TCAGCT,442,0.0003168458781362007
Ara_directory_epoch2000,6,TCAGGA,245,0.00017562724014336917
Ara_directory_epoch2000,6,TCAGGC,139,9.964157706093189e-05
Ara_directory_epoch2000,6,TCAGGG,133,9.53405017921147e-05
Ara_directory_epoch2000,6,TCAGGT,212,0.00015197132616487455
Ara_directory_epoch2000,6,TCAGTA,232,0.00016630824372759856
Ara_directory_epoch2000,6,TCAGTC,273,0.0001956989247311828
Ara_directory_epoch2000,6,TCAGTG,216,0.00015483870967741937
Ara_directory_epoch2000,6,TCAGTT,372,0.0002666666666666667
Ara_directory_epoch2000,6,TCATAA,559,0.0004007168458781362
Ara_directory_epoch2000,6,TCATAC,331,0.00023727598566308244
Ara_directory_epoch2000,6,TCATAG,251,0.00017992831541218638
Ara_directory_epoch2000,6,TCATAT,496,0.00035555555555555557
Ara_directory_epoch2000,6,TCATCA,903,0.0006473118279569892
Ara_directory_epoch2000,6,TCATCC,573,0.000410752688172043
Ara_directory_epoch2000,6,TCATCG,588,0.000421505376344086
Ara_directory_epoch2000,6,TCATCT,976,0.0006996415770609319
Ara_directory_epoch2000,6,TCATGA,416,0.0002982078853046595
Ara_directory_epoch2000,6,TCATGC,206,0.00014767025089605735
Ara_directory_epoch2000,6,TCATGG,427,0.0003060931899641577
Ara_directory_epoch2000,6,TCATGT,346,0.00024802867383512547
Ara_directory_epoch2000,6,TCATTA,527,0.00037777777777777777
Ara_directory_epoch2000,6,TCATTC,570,0.00040860215053763443
Ara_directory_epoch2000,6,TCATTG,412,0.0002953405017921147
Ara_directory_epoch2000,6,TCATTT,799,0.0005727598566308244
Ara_directory_epoch2000,6,TCCAAA,974,0.0006982078853046595
Ara_directory_epoch2000,6,TCCAAC,517,0.00037060931899641575
Ara_directory_epoch2000,6,TCCAAG,478,0.00034265232974910393
Ara_directory_epoch2000,6,TCCAAT,666,0.00047741935483870966
Ara_directory_epoch2000,6,TCCACA,521,0.0003734767025089606
Ara_directory_epoch2000,6,TCCACC,598,0.00042867383512544804
Ara_directory_epoch2000,6,TCCACG,365,0.00026164874551971325
Ara_directory_epoch2000,6,TCCACT,487,0.00034910394265232975
Ara_directory_epoch2000,6,TCCAGA,423,0.0003032258064516129
Ara_directory_epoch2000,6,TCCAGC,272,0.0001949820788530466
Ara_directory_epoch2000,6,TCCAGG,148,0.0001060931899641577
Ara_directory_epoch2000,6,TCCAGT,235,0.00016845878136200718
Ara_directory_epoch2000,6,TCCATA,376,0.00026953405017921146
Ara_directory_epoch2000,6,TCCATC,696,0.0004989247311827957
Ara_directory_epoch2000,6,TCCATG,398,0.0002853046594982079
Ara_directory_epoch2000,6,TCCATT,583,0.00041792114695340504
Ara_directory_epoch2000,6,TCCCAA,541,0.00038781362007168457
Ara_directory_epoch2000,6,TCCCAC,337,0.00024157706093189964
Ara_directory_epoch2000,6,TCCCAG,213,0.00015268817204301075
Ara_directory_epoch2000,6,TCCCAT,379,0.00027168458781362005
Ara_directory_epoch2000,6,TCCCCA,368,0.00026379928315412184
Ara_directory_epoch2000,6,TCCCCC,204,0.00014623655913978496
Ara_directory_epoch2000,6,TCCCCG,183,0.00013118279569892472
Ara_directory_epoch2000,6,TCCCCT,253,0.00018136200716845877
Ara_directory_epoch2000,6,TCCCGA,298,0.00021362007168458782
Ara_directory_epoch2000,6,TCCCGC,162,0.00011612903225806452
Ara_directory_epoch2000,6,TCCCGG,130,9.31899641577061e-05
Ara_directory_epoch2000,6,TCCCGT,181,0.00012974910394265233
Ara_directory_epoch2000,6,TCCCTA,300,0.00021505376344086021
Ara_directory_epoch2000,6,TCCCTC,607,0.00043512544802867386
Ara_directory_epoch2000,6,TCCCTG,196,0.00014050179211469533
Ara_directory_epoch2000,6,TCCCTT,507,0.0003634408602150538
Ara_directory_epoch2000,6,TCCGAA,462,0.00033118279569892473
Ara_directory_epoch2000,6,TCCGAC,386,0.0002767025089605735
Ara_directory_epoch2000,6,TCCGAG,280,0.0002007168458781362
Ara_directory_epoch2000,6,TCCGAT,522,0.0003741935483870968
Ara_directory_epoch2000,6,TCCGCA,232,0.00016630824372759856
Ara_directory_epoch2000,6,TCCGCC,556,0.00039856630824372757
Ara_directory_epoch2000,6,TCCGCG,160,0.00011469534050179211
Ara_directory_epoch2000,6,TCCGCT,406,0.00029103942652329746
Ara_directory_epoch2000,6,TCCGGA,369,0.0002645161290322581
Ara_directory_epoch2000,6,TCCGGC,351,0.00025161290322580645
Ara_directory_epoch2000,6,TCCGGG,113,8.100358422939068e-05
Ara_directory_epoch2000,6,TCCGGT,340,0.00024372759856630823
Ara_directory_epoch2000,6,TCCGTA,247,0.0001770609318996416
Ara_directory_epoch2000,6,TCCGTC,577,0.0004136200716845878
Ara_directory_epoch2000,6,TCCGTG,249,0.00017849462365591398
Ara_directory_epoch2000,6,TCCGTT,489,0.00035053763440860214
Ara_directory_epoch2000,6,TCCTAA,424,0.0003039426523297491
Ara_directory_epoch2000,6,TCCTAC,313,0.00022437275985663082
Ara_directory_epoch2000,6,TCCTAG,184,0.00013189964157706092
Ara_directory_epoch2000,6,TCCTAT,346,0.00024802867383512547
Ara_directory_epoch2000,6,TCCTCA,721,0.0005168458781362007
Ara_directory_epoch2000,6,TCCTCC,1243,0.0008910394265232975
Ara_directory_epoch2000,6,TCCTCG,430,0.0003082437275985663
Ara_directory_epoch2000,6,TCCTCT,1257,0.0009010752688172043
Ara_directory_epoch2000,6,TCCTGA,288,0.0002064516129032258
Ara_directory_epoch2000,6,TCCTGC,254,0.000182078853046595
Ara_directory_epoch2000,6,TCCTGG,187,0.00013405017921146954
Ara_directory_epoch2000,6,TCCTGT,267,0.0001913978494623656
Ara_directory_epoch2000,6,TCCTTA,410,0.0002939068100358423
Ara_directory_epoch2000,6,TCCTTC,981,0.0007032258064516129
Ara_directory_epoch2000,6,TCCTTG,365,0.00026164874551971325
Ara_directory_epoch2000,6,TCCTTT,787,0.0005641577060931899
Ara_directory_epoch2000,6,TCGAAA,646,0.0004630824372759857
Ara_directory_epoch2000,6,TCGAAC,308,0.0002207885304659498
Ara_directory_epoch2000,6,TCGAAG,506,0.00036272401433691754
Ara_directory_epoch2000,6,TCGAAT,447,0.00032043010752688173
Ara_directory_epoch2000,6,TCGACA,311,0.00022293906810035843
Ara_directory_epoch2000,6,TCGACC,247,0.0001770609318996416
Ara_directory_epoch2000,6,TCGACG,376,0.00026953405017921146
Ara_directory_epoch2000,6,TCGACT,296,0.0002121863799283154
Ara_directory_epoch2000,6,TCGAGA,411,0.0002946236559139785
Ara_directory_epoch2000,6,TCGAGC,218,0.00015627240143369176
Ara_directory_epoch2000,6,TCGAGG,224,0.00016057347670250896
Ara_directory_epoch2000,6,TCGAGT,234,0.00016774193548387096
Ara_directory_epoch2000,6,TCGATA,314,0.00022508960573476702
Ara_directory_epoch2000,6,TCGATC,533,0.000382078853046595
Ara_directory_epoch2000,6,TCGATG,464,0.0003326164874551971
Ara_directory_epoch2000,6,TCGATT,548,0.000392831541218638
Ara_directory_epoch2000,6,TCGCAA,296,0.0002121863799283154
Ara_directory_epoch2000,6,TCGCAC,157,0.00011254480286738351
Ara_directory_epoch2000,6,TCGCAG,189,0.00013548387096774193
Ara_directory_epoch2000,6,TCGCAT,198,0.00014193548387096775
Ara_directory_epoch2000,6,TCGCCA,314,0.00022508960573476702
Ara_directory_epoch2000,6,TCGCCC,129,9.247311827956989e-05
Ara_directory_epoch2000,6,TCGCCG,537,0.0003849462365591398
Ara_directory_epoch2000,6,TCGCCT,272,0.0001949820788530466
Ara_directory_epoch2000,6,TCGCGA,204,0.00014623655913978496
Ara_directory_epoch2000,6,TCGCGC,96,6.881720430107527e-05
Ara_directory_epoch2000,6,TCGCGG,175,0.00012544802867383513
Ara_directory_epoch2000,6,TCGCGT,140,0.0001003584229390681
Ara_directory_epoch2000,6,TCGCTA,203,0.00014551971326164873
Ara_directory_epoch2000,6,TCGCTC,350,0.00025089605734767025
Ara_directory_epoch2000,6,TCGCTG,313,0.00022437275985663082
Ara_directory_epoch2000,6,TCGCTT,405,0.00029032258064516127
Ara_directory_epoch2000,6,TCGGAA,330,0.00023655913978494624
Ara_directory_epoch2000,6,TCGGAC,162,0.00011612903225806452
Ara_directory_epoch2000,6,TCGGAG,354,0.00025376344086021504
Ara_directory_epoch2000,6,TCGGAT,341,0.00024444444444444443
Ara_directory_epoch2000,6,TCGGCA,200,0.00014336917562724014
Ara_directory_epoch2000,6,TCGGCC,160,0.00011469534050179211
Ara_directory_epoch2000,6,TCGGCG,297,0.00021290322580645163
Ara_directory_epoch2000,6,TCGGCT,237,0.00016989247311827957
Ara_directory_epoch2000,6,TCGGGA,153,0.00010967741935483871
Ara_directory_epoch2000,6,TCGGGC,87,6.236559139784946e-05
Ara_directory_epoch2000,6,TCGGGG,63,4.516129032258064e-05
Ara_directory_epoch2000,6,TCGGGT,140,0.0001003584229390681
Ara_directory_epoch2000,6,TCGGTA,166,0.00011899641577060932
Ara_directory_epoch2000,6,TCGGTC,193,0.00013835125448028674
Ara_directory_epoch2000,6,TCGGTG,277,0.0001985663082437276
Ara_directory_epoch2000,6,TCGGTT,334,0.00023942652329749103
Ara_directory_epoch2000,6,TCGTAA,297,0.00021290322580645163
Ara_directory_epoch2000,6,TCGTAC,186,0.00013333333333333334
Ara_directory_epoch2000,6,TCGTAG,211,0.00015125448028673836
Ara_directory_epoch2000,6,TCGTAT,241,0.00017275985663082438
Ara_directory_epoch2000,6,TCGTCA,466,0.0003340501792114695
Ara_directory_epoch2000,6,TCGTCC,336,0.00024086021505376345
Ara_directory_epoch2000,6,TCGTCG,497,0.00035627240143369177
Ara_directory_epoch2000,6,TCGTCT,545,0.0003906810035842294
Ara_directory_epoch2000,6,TCGTGA,281,0.0002014336917562724
Ara_directory_epoch2000,6,TCGTGC,141,0.0001010752688172043
Ara_directory_epoch2000,6,TCGTGG,266,0.0001906810035842294
Ara_directory_epoch2000,6,TCGTGT,264,0.00018924731182795698
Ara_directory_epoch2000,6,TCGTTA,314,0.00022508960573476702
Ara_directory_epoch2000,6,TCGTTC,439,0.0003146953405017921
Ara_directory_epoch2000,6,TCGTTG,376,0.00026953405017921146
Ara_directory_epoch2000,6,TCGTTT,562,0.0004028673835125448
Ara_directory_epoch2000,6,TCTAAA,790,0.0005663082437275986
Ara_directory_epoch2000,6,TCTAAC,406,0.00029103942652329746
Ara_directory_epoch2000,6,TCTAAG,367,0.00026308243727598564
Ara_directory_epoch2000,6,TCTAAT,607,0.00043512544802867386
Ara_directory_epoch2000,6,TCTACA,505,0.00036200716845878134
Ara_directory_epoch2000,6,TCTACC,381,0.00027311827956989245
Ara_directory_epoch2000,6,TCTACG,305,0.00021863799283154122
Ara_directory_epoch2000,6,TCTACT,548,0.000392831541218638
Ara_directory_epoch2000,6,TCTAGA,330,0.00023655913978494624
Ara_directory_epoch2000,6,TCTAGC,249,0.00017849462365591398
Ara_directory_epoch2000,6,TCTAGG,181,0.00012974910394265233
Ara_directory_epoch2000,6,TCTAGT,292,0.00020931899641577062
Ara_directory_epoch2000,6,TCTATA,449,0.0003218637992831541
Ara_directory_epoch2000,6,TCTATC,563,0.000403584229390681
Ara_directory_epoch2000,6,TCTATG,355,0.00025448028673835123
Ara_directory_epoch2000,6,TCTATT,583,0.00041792114695340504
Ara_directory_epoch2000,6,TCTCAA,927,0.0006645161290322581
Ara_directory_epoch2000,6,TCTCAC,708,0.0005075268817204301
Ara_directory_epoch2000,6,TCTCAG,523,0.000374910394265233
Ara_directory_epoch2000,6,TCTCAT,848,0.0006078853046594982
Ara_directory_epoch2000,6,TCTCCA,1013,0.0007261648745519714
Ara_directory_epoch2000,6,TCTCCC,715,0.0005125448028673836
Ara_directory_epoch2000,6,TCTCCG,983,0.0007046594982078853
Ara_directory_epoch2000,6,TCTCCT,1237,0.0008867383512544802
Ara_directory_epoch2000,6,TCTCGA,536,0.0003842293906810036
Ara_directory_epoch2000,6,TCTCGC,439,0.0003146953405017921
Ara_directory_epoch2000,6,TCTCGG,313,0.00022437275985663082
Ara_directory_epoch2000,6,TCTCGT,509,0.0003648745519713262
Ara_directory_epoch2000,6,TCTCTA,881,0.0006315412186379928
Ara_directory_epoch2000,6,TCTCTC,2499,0.0017913978494623656
Ara_directory_epoch2000,6,TCTCTG,843,0.0006043010752688172
Ara_directory_epoch2000,6,TCTCTT,1845,0.0013225806451612903
Ara_directory_epoch2000,6,TCTGAA,532,0.0003813620071684588
Ara_directory_epoch2000,6,TCTGAC,313,0.00022437275985663082
Ara_directory_epoch2000,6,TCTGAG,304,0.00021792114695340503
Ara_directory_epoch2000,6,TCTGAT,641,0.00045949820788530464
Ara_directory_epoch2000,6,TCTGCA,296,0.0002121863799283154
Ara_directory_epoch2000,6,TCTGCC,316,0.00022652329749103944
Ara_directory_epoch2000,6,TCTGCG,225,0.00016129032258064516
Ara_directory_epoch2000,6,TCTGCT,529,0.00037921146953405016
Ara_directory_epoch2000,6,TCTGGA,365,0.00026164874551971325
Ara_directory_epoch2000,6,TCTGGC,251,0.00017992831541218638
Ara_directory_epoch2000,6,TCTGGG,186,0.00013333333333333334
Ara_directory_epoch2000,6,TCTGGT,365,0.00026164874551971325
Ara_directory_epoch2000,6,TCTGTA,321,0.00023010752688172042
Ara_directory_epoch2000,6,TCTGTC,432,0.00030967741935483873
Ara_directory_epoch2000,6,TCTGTG,304,0.00021792114695340503
Ara_directory_epoch2000,6,TCTGTT,649,0.00046523297491039427
Ara_directory_epoch2000,6,TCTTAA,684,0.0004903225806451613
Ara_directory_epoch2000,6,TCTTAC,461,0.00033046594982078854
Ara_directory_epoch2000,6,TCTTAG,382,0.0002738351254480287
Ara_directory_epoch2000,6,TCTTAT,652,0.00046738351254480286
Ara_directory_epoch2000,6,TCTTCA,1183,0.0008480286738351254
Ara_directory_epoch2000,6,TCTTCC,1335,0.0009569892473118279
Ara_directory_epoch2000,6,TCTTCG,845,0.0006057347670250896
Ara_directory_epoch2000,6,TCTTCT,2590,0.00185663082437276
Ara_directory_epoch2000,6,TCTTGA,534,0.0003827956989247312
Ara_directory_epoch2000,6,TCTTGC,378,0.00027096774193548386
Ara_directory_epoch2000,6,TCTTGG,432,0.00030967741935483873
Ara_directory_epoch2000,6,TCTTGT,616,0.0004415770609318996
Ara_directory_epoch2000,6,TCTTTA,810,0.0005806451612903225
Ara_directory_epoch2000,6,TCTTTC,1270,0.0009103942652329749
Ara_directory_epoch2000,6,TCTTTG,686,0.0004917562724014336
Ara_directory_epoch2000,6,TCTTTT,1495,0.00107168458781362
Ara_directory_epoch2000,6,TGAAAA,1024,0.0007340501792114695
Ara_directory_epoch2000,6,TGAAAC,478,0.00034265232974910393
Ara_directory_epoch2000,6,TGAAAG,427,0.0003060931899641577
Ara_directory_epoch2000,6,TGAAAT,620,0.00044444444444444447
Ara_directory_epoch2000,6,TGAACA,357,0.0002559139784946237
Ara_directory_epoch2000,6,TGAACC,318,0.00022795698924731183
Ara_directory_epoch2000,6,TGAACG,160,0.00011469534050179211
Ara_directory_epoch2000,6,TGAACT,283,0.0002028673835125448
Ara_directory_epoch2000,6,TGAAGA,862,0.000617921146953405
Ara_directory_epoch2000,6,TGAAGC,393,0.00028172043010752686
Ara_directory_epoch2000,6,TGAAGG,301,0.0002157706093189964
Ara_directory_epoch2000,6,TGAAGT,290,0.0002078853046594982
Ara_directory_epoch2000,6,TGAATA,386,0.0002767025089605735
Ara_directory_epoch2000,6,TGAATC,574,0.0004114695340501792
Ara_directory_epoch2000,6,TGAATG,286,0.0002050179211469534
Ara_directory_epoch2000,6,TGAATT,516,0.00036989247311827955
Ara_directory_epoch2000,6,TGACAA,439,0.0003146953405017921
Ara_directory_epoch2000,6,TGACAC,219,0.00015698924731182796
Ara_directory_epoch2000,6,TGACAG,148,0.0001060931899641577
Ara_directory_epoch2000,6,TGACAT,271,0.00019426523297491038
Ara_directory_epoch2000,6,TGACCA,296,0.0002121863799283154
Ara_directory_epoch2000,6,TGACCC,169,0.00012114695340501792
Ara_directory_epoch2000,6,TGACCG,168,0.00012043010752688172
Ara_directory_epoch2000,6,TGACCT,167,0.00011971326164874551
Ara_directory_epoch2000,6,TGACGA,433,0.00031039426523297493
Ara_directory_epoch2000,6,TGACGC,167,0.00011971326164874551
Ara_directory_epoch2000,6,TGACGG,240,0.00017204301075268816
Ara_directory_epoch2000,6,TGACGT,172,0.00012329749103942654
Ara_directory_epoch2000,6,TGACTA,219,0.00015698924731182796
Ara_directory_epoch2000,6,TGACTC,323,0.00023154121863799284
Ara_directory_epoch2000,6,TGACTG,157,0.00011254480286738351
Ara_directory_epoch2000,6,TGACTT,343,0.0002458781362007168
Ara_directory_epoch2000,6,TGAGAA,567,0.0004064516129032258
Ara_directory_epoch2000,6,TGAGAC,243,0.00017419354838709678
Ara_directory_epoch2000,6,TGAGAG,307,0.00022007168458781362
Ara_directory_epoch2000,6,TGAGAT,411,0.0002946236559139785
Ara_directory_epoch2000,6,TGAGCA,221,0.00015842293906810035
Ara_directory_epoch2000,6,TGAGCC,196,0.00014050179211469533
Ara_directory_epoch2000,6,TGAGCG,95,6.810035842293906e-05
Ara_directory_epoch2000,6,TGAGCT,286,0.0002050179211469534
Ara_directory_epoch2000,6,TGAGGA,349,0.00025017921146953405
Ara_directory_epoch2000,6,TGAGGC,140,0.0001003584229390681
Ara_directory_epoch2000,6,TGAGGG,136,9.74910394265233e-05
Ara_directory_epoch2000,6,TGAGGT,184,0.00013189964157706092
Ara_directory_epoch2000,6,TGAGTA,241,0.00017275985663082438
Ara_directory_epoch2000,6,TGAGTC,201,0.00014408602150537634
Ara_directory_epoch2000,6,TGAGTG,161,0.00011541218637992832
Ara_directory_epoch2000,6,TGAGTT,316,0.00022652329749103944
Ara_directory_epoch2000,6,TGATAA,502,0.00035985663082437275
Ara_directory_epoch2000,6,TGATAC,260,0.0001863799283154122
Ara_directory_epoch2000,6,TGATAG,215,0.00015412186379928314
Ara_directory_epoch2000,6,TGATAT,348,0.00024946236559139786
Ara_directory_epoch2000,6,TGATCA,490,0.00035125448028673834
Ara_directory_epoch2000,6,TGATCC,390,0.00027956989247311827
Ara_directory_epoch2000,6,TGATCG,280,0.0002007168458781362
Ara_directory_epoch2000,6,TGATCT,617,0.0004422939068100358
Ara_directory_epoch2000,6,TGATGA,688,0.0004931899641577061
Ara_directory_epoch2000,6,TGATGC,227,0.00016272401433691755
Ara_directory_epoch2000,6,TGATGG,391,0.00028028673835125446
Ara_directory_epoch2000,6,TGATGT,370,0.0002652329749103943
Ara_directory_epoch2000,6,TGATTA,459,0.00032903225806451614
Ara_directory_epoch2000,6,TGATTC,638,0.00045734767025089605
Ara_directory_epoch2000,6,TGATTG,345,0.00024731182795698927
Ara_directory_epoch2000,6,TGATTT,720,0.0005161290322580645
Ara_directory_epoch2000,6,TGCAAA,410,0.0002939068100358423
Ara_directory_epoch2000,6,TGCAAC,203,0.00014551971326164873
Ara_directory_epoch2000,6,TGCAAG,197,0.00014121863799283155
Ara_directory_epoch2000,6,TGCAAT,242,0.00017347670250896058
Ara_directory_epoch2000,6,TGCACA,147,0.0001053763440860215
Ara_directory_epoch2000,6,TGCACC,140,0.0001003584229390681
Ara_directory_epoch2000,6,TGCACG,77,5.519713261648745e-05
Ara_directory_epoch2000,6,TGCACT,106,7.598566308243728e-05
Ara_directory_epoch2000,6,TGCAGA,224,0.00016057347670250896
Ara_directory_epoch2000,6,TGCAGC,138,9.89247311827957e-05
Ara_directory_epoch2000,6,TGCAGG,95,6.810035842293906e-05
Ara_directory_epoch2000,6,TGCAGT,115,8.243727598566309e-05
Ara_directory_epoch2000,6,TGCATA,149,0.00010681003584229391
Ara_directory_epoch2000,6,TGCATC,231,0.00016559139784946237
Ara_directory_epoch2000,6,TGCATG,141,0.0001010752688172043
Ara_directory_epoch2000,6,TGCATT,188,0.00013476702508960573
Ara_directory_epoch2000,6,TGCCAA,249,0.00017849462365591398
Ara_directory_epoch2000,6,TGCCAC,188,0.00013476702508960573
Ara_directory_epoch2000,6,TGCCAG,117,8.387096774193548e-05
Ara_directory_epoch2000,6,TGCCAT,190,0.00013620071684587813
Ara_directory_epoch2000,6,TGCCCA,154,0.0001103942652329749
Ara_directory_epoch2000,6,TGCCCC,95,6.810035842293906e-05
Ara_directory_epoch2000,6,TGCCCG,85,6.093189964157706e-05
Ara_directory_epoch2000,6,TGCCCT,118,8.458781362007169e-05
Ara_directory_epoch2000,6,TGCCGA,217,0.00015555555555555556
Ara_directory_epoch2000,6,TGCCGC,159,0.00011397849462365592
Ara_directory_epoch2000,6,TGCCGG,174,0.00012473118279569893
Ara_directory_epoch2000,6,TGCCGT,184,0.00013189964157706092
Ara_directory_epoch2000,6,TGCCTA,127,9.10394265232975e-05
Ara_directory_epoch2000,6,TGCCTC,270,0.0001935483870967742
Ara_directory_epoch2000,6,TGCCTG,81,5.806451612903226e-05
Ara_directory_epoch2000,6,TGCCTT,252,0.00018064516129032257
Ara_directory_epoch2000,6,TGCGAA,233,0.00016702508960573476
Ara_directory_epoch2000,6,TGCGAC,147,0.0001053763440860215
Ara_directory_epoch2000,6,TGCGAG,110,7.885304659498208e-05
Ara_directory_epoch2000,6,TGCGAT,189,0.00013548387096774193
Ara_directory_epoch2000,6,TGCGCA,66,4.7311827956989246e-05
Ara_directory_epoch2000,6,TGCGCC,108,7.741935483870968e-05
Ara_directory_epoch2000,6,TGCGCG,45,3.2258064516129034e-05
Ara_directory_epoch2000,6,TGCGCT,105,7.526881720430108e-05
Ara_directory_epoch2000,6,TGCGGA,131,9.39068100358423e-05
Ara_directory_epoch2000,6,TGCGGC,120,8.602150537634408e-05
Ara_directory_epoch2000,6,TGCGGG,38,2.724014336917563e-05
Ara_directory_epoch2000,6,TGCGGT,107,7.670250896057347e-05
Ara_directory_epoch2000,6,TGCGTA,110,7.885304659498208e-05
Ara_directory_epoch2000,6,TGCGTC,156,0.00011182795698924731
Ara_directory_epoch2000,6,TGCGTG,78,5.5913978494623656e-05
Ara_directory_epoch2000,6,TGCGTT,157,0.00011254480286738351
Ara_directory_epoch2000,6,TGCTAA,255,0.0001827956989247312
Ara_directory_epoch2000,6,TGCTAC,188,0.00013476702508960573
Ara_directory_epoch2000,6,TGCTAG,148,0.0001060931899641577
Ara_directory_epoch2000,6,TGCTAT,206,0.00014767025089605735
Ara_directory_epoch2000,6,TGCTCA,301,0.0002157706093189964
Ara_directory_epoch2000,6,TGCTCC,345,0.00024731182795698927
Ara_directory_epoch2000,6,TGCTCG,166,0.00011899641577060932
Ara_directory_epoch2000,6,TGCTCT,415,0.0002974910394265233
Ara_directory_epoch2000,6,TGCTGA,264,0.00018924731182795698
Ara_directory_epoch2000,6,TGCTGC,190,0.00013620071684587813
Ara_directory_epoch2000,6,TGCTGG,178,0.00012759856630824371
Ara_directory_epoch2000,6,TGCTGT,192,0.00013763440860215055
Ara_directory_epoch2000,6,TGCTTA,294,0.000210752688172043
Ara_directory_epoch2000,6,TGCTTC,623,0.00044659498207885305
Ara_directory_epoch2000,6,TGCTTG,230,0.00016487455197132617
Ara_directory_epoch2000,6,TGCTTT,429,0.0003075268817204301
Ara_directory_epoch2000,6,TGGAAA,637,0.00045663082437275986
Ara_directory_epoch2000,6,TGGAAC,292,0.00020931899641577062
Ara_directory_epoch2000,6,TGGAAG,410,0.0002939068100358423
Ara_directory_epoch2000,6,TGGAAT,365,0.00026164874551971325
Ara_directory_epoch2000,6,TGGACA,222,0.00015913978494623657
Ara_directory_epoch2000,6,TGGACC,164,0.00011756272401433691
Ara_directory_epoch2000,6,TGGACG,161,0.00011541218637992832
Ara_directory_epoch2000,6,TGGACT,152,0.00010896057347670251
Ara_directory_epoch2000,6,TGGAGA,607,0.00043512544802867386
Ara_directory_epoch2000,6,TGGAGC,271,0.00019426523297491038
Ara_directory_epoch2000,6,TGGAGG,328,0.00023512544802867382
Ara_directory_epoch2000,6,TGGAGT,265,0.00018996415770609318
Ara_directory_epoch2000,6,TGGATA,273,0.0001956989247311828
Ara_directory_epoch2000,6,TGGATC,444,0.00031827956989247314
Ara_directory_epoch2000,6,TGGATG,267,0.0001913978494623656
Ara_directory_epoch2000,6,TGGATT,447,0.00032043010752688173
Ara_directory_epoch2000,6,TGGCAA,315,0.00022580645161290321
Ara_directory_epoch2000,6,TGGCAC,132,9.462365591397849e-05
Ara_directory_epoch2000,6,TGGCAG,169,0.00012114695340501792
Ara_directory_epoch2000,6,TGGCAT,166,0.00011899641577060932
Ara_directory_epoch2000,6,TGGCCA,244,0.00017491039426523297
Ara_directory_epoch2000,6,TGGCCC,158,0.00011326164874551972
Ara_directory_epoch2000,6,TGGCCG,196,0.00014050179211469533
Ara_directory_epoch2000,6,TGGCCT,205,0.00014695340501792115
Ara_directory_epoch2000,6,TGGCGA,327,0.00023440860215053763
Ara_directory_epoch2000,6,TGGCGC,142,0.0001017921146953405
Ara_directory_epoch2000,6,TGGCGG,319,0.00022867383512544803
Ara_directory_epoch2000,6,TGGCGT,202,0.00014480286738351254
Ara_directory_epoch2000,6,TGGCTA,232,0.00016630824372759856
Ara_directory_epoch2000,6,TGGCTC,355,0.00025448028673835123
Ara_directory_epoch2000,6,TGGCTG,226,0.00016200716845878136
Ara_directory_epoch2000,6,TGGCTT,385,0.0002759856630824373
Ara_directory_epoch2000,6,TGGGAA,359,0.00025734767025089607
Ara_directory_epoch2000,6,TGGGAC,131,9.39068100358423e-05
Ara_directory_epoch2000,6,TGGGAG,251,0.00017992831541218638
Ara_directory_epoch2000,6,TGGGAT,268,0.0001921146953405018
Ara_directory_epoch2000,6,TGGGCA,107,7.670250896057347e-05
Ara_directory_epoch2000,6,TGGGCC,171,0.0001225806451612903
Ara_directory_epoch2000,6,TGGGCG,80,5.7347670250896056e-05
Ara_directory_epoch2000,6,TGGGCT,171,0.0001225806451612903
Ara_directory_epoch2000,6,TGGGGA,188,0.00013476702508960573
Ara_directory_epoch2000,6,TGGGGC,77,5.519713261648745e-05
Ara_directory_epoch2000,6,TGGGGG,85,6.093189964157706e-05
Ara_directory_epoch2000,6,TGGGGT,176,0.00012616487455197132
Ara_directory_epoch2000,6,TGGGTA,150,0.00010752688172043011
Ara_directory_epoch2000,6,TGGGTC,195,0.00013978494623655913
Ara_directory_epoch2000,6,TGGGTG,132,9.462365591397849e-05
Ara_directory_epoch2000,6,TGGGTT,352,0.00025232974910394264
Ara_directory_epoch2000,6,TGGTAA,306,0.00021935483870967742
Ara_directory_epoch2000,6,TGGTAC,154,0.0001103942652329749
Ara_directory_epoch2000,6,TGGTAG,193,0.00013835125448028674
Ara_directory_epoch2000,6,TGGTAT,229,0.00016415770609318997
Ara_directory_epoch2000,6,TGGTCA,295,0.0002114695340501792
Ara_directory_epoch2000,6,TGGTCC,192,0.00013763440860215055
Ara_directory_epoch2000,6,TGGTCG,178,0.00012759856630824371
Ara_directory_epoch2000,6,TGGTCT,291,0.00020860215053763442
Ara_directory_epoch2000,6,TGGTGA,418,0.0002996415770609319
Ara_directory_epoch2000,6,TGGTGC,184,0.00013189964157706092
Ara_directory_epoch2000,6,TGGTGG,339,0.00024301075268817204
Ara_directory_epoch2000,6,TGGTGT,255,0.0001827956989247312
Ara_directory_epoch2000,6,TGGTTA,375,0.00026881720430107527
Ara_directory_epoch2000,6,TGGTTC,437,0.0003132616487455197
Ara_directory_epoch2000,6,TGGTTG,304,0.00021792114695340503
Ara_directory_epoch2000,6,TGGTTT,610,0.00043727598566308245
Ara_directory_epoch2000,6,TGTAAA,508,0.00036415770609319
Ara_directory_epoch2000,6,TGTAAC,250,0.00017921146953405018
Ara_directory_epoch2000,6,TGTAAG,201,0.00014408602150537634
Ara_directory_epoch2000,6,TGTAAT,338,0.00024229390681003584
Ara_directory_epoch2000,6,TGTACA,209,0.00014982078853046594
Ara_directory_epoch2000,6,TGTACC,149,0.00010681003584229391
Ara_directory_epoch2000,6,TGTACG,95,6.810035842293906e-05
Ara_directory_epoch2000,6,TGTACT,178,0.00012759856630824371
Ara_directory_epoch2000,6,TGTAGA,282,0.0002021505376344086
Ara_directory_epoch2000,6,TGTAGC,171,0.0001225806451612903
Ara_directory_epoch2000,6,TGTAGG,112,8.028673835125448e-05
Ara_directory_epoch2000,6,TGTAGT,181,0.00012974910394265233
Ara_directory_epoch2000,6,TGTATA,258,0.00018494623655913978
Ara_directory_epoch2000,6,TGTATC,272,0.0001949820788530466
Ara_directory_epoch2000,6,TGTATG,164,0.00011756272401433691
Ara_directory_epoch2000,6,TGTATT,366,0.00026236559139784945
Ara_directory_epoch2000,6,TGTCAA,422,0.0003025089605734767
Ara_directory_epoch2000,6,TGTCAC,233,0.00016702508960573476
Ara_directory_epoch2000,6,TGTCAG,208,0.00014910394265232974
Ara_directory_epoch2000,6,TGTCAT,314,0.00022508960573476702
Ara_directory_epoch2000,6,TGTCCA,259,0.00018566308243727597
Ara_directory_epoch2000,6,TGTCCC,162,0.00011612903225806452
Ara_directory_epoch2000,6,TGTCCG,144,0.0001032258064516129
Ara_directory_epoch2000,6,TGTCCT,266,0.0001906810035842294
Ara_directory_epoch2000,6,TGTCGA,290,0.0002078853046594982
Ara_directory_epoch2000,6,TGTCGC,189,0.00013548387096774193
Ara_directory_epoch2000,6,TGTCGG,159,0.00011397849462365592
Ara_directory_epoch2000,6,TGTCGT,244,0.00017491039426523297
Ara_directory_epoch2000,6,TGTCTA,282,0.0002021505376344086
Ara_directory_epoch2000,6,TGTCTC,492,0.00035268817204301073
Ara_directory_epoch2000,6,TGTCTG,236,0.00016917562724014338
Ara_directory_epoch2000,6,TGTCTT,504,0.00036129032258064514
Ara_directory_epoch2000,6,TGTGAA,363,0.00026021505376344086
Ara_directory_epoch2000,6,TGTGAC,220,0.00015770609318996415
Ara_directory_epoch2000,6,TGTGAG,201,0.00014408602150537634
Ara_directory_epoch2000,6,TGTGAT,352,0.00025232974910394264
Ara_directory_epoch2000,6,TGTGCA,133,9.53405017921147e-05
Ara_directory_epoch2000,6,TGTGCC,146,0.00010465949820788531
Ara_directory_epoch2000,6,TGTGCG,82,5.8781362007168455e-05
Ara_directory_epoch2000,6,TGTGCT,190,0.00013620071684587813
Ara_directory_epoch2000,6,TGTGGA,295,0.0002114695340501792
Ara_directory_epoch2000,6,TGTGGC,222,0.00015913978494623657
Ara_directory_epoch2000,6,TGTGGG,151,0.0001082437275985663
Ara_directory_epoch2000,6,TGTGGT,249,0.00017849462365591398
Ara_directory_epoch2000,6,TGTGTA,237,0.00016989247311827957
Ara_directory_epoch2000,6,TGTGTC,219,0.00015698924731182796
Ara_directory_epoch2000,6,TGTGTG,176,0.00012616487455197132
Ara_directory_epoch2000,6,TGTGTT,373,0.0002673835125448029
Ara_directory_epoch2000,6,TGTTAA,438,0.0003139784946236559
Ara_directory_epoch2000,6,TGTTAC,262,0.0001878136200716846
Ara_directory_epoch2000,6,TGTTAG,221,0.00015842293906810035
Ara_directory_epoch2000,6,TGTTAT,381,0.00027311827956989245
Ara_directory_epoch2000,6,TGTTCA,444,0.00031827956989247314
Ara_directory_epoch2000,6,TGTTCC,385,0.0002759856630824373
Ara_directory_epoch2000,6,TGTTCG,254,0.000182078853046595
Ara_directory_epoch2000,6,TGTTCT,560,0.0004014336917562724
Ara_directory_epoch2000,6,TGTTGA,435,0.0003118279569892473
Ara_directory_epoch2000,6,TGTTGC,226,0.00016200716845878136
Ara_directory_epoch2000,6,TGTTGG,268,0.0001921146953405018
Ara_directory_epoch2000,6,TGTTGT,376,0.00026953405017921146
Ara_directory_epoch2000,6,TGTTTA,521,0.0003734767025089606
Ara_directory_epoch2000,6,TGTTTC,687,0.0004924731182795698
Ara_directory_epoch2000,6,TGTTTG,418,0.0002996415770609319
Ara_directory_epoch2000,6,TGTTTT,862,0.000617921146953405
Ara_directory_epoch2000,6,TTAAAA,1246,0.0008931899641577061
Ara_directory_epoch2000,6,TTAAAC,585,0.00041935483870967743
Ara_directory_epoch2000,6,TTAAAG,542,0.00038853046594982077
Ara_directory_epoch2000,6,TTAAAT,913,0.0006544802867383513
Ara_directory_epoch2000,6,TTAACA,462,0.00033118279569892473
Ara_directory_epoch2000,6,TTAACC,435,0.0003118279569892473
Ara_directory_epoch2000,6,TTAACG,243,0.00017419354838709678
Ara_directory_epoch2000,6,TTAACT,447,0.00032043010752688173
Ara_directory_epoch2000,6,TTAAGA,529,0.00037921146953405016
Ara_directory_epoch2000,6,TTAAGC,247,0.0001770609318996416
Ara_directory_epoch2000,6,TTAAGG,252,0.00018064516129032257
Ara_directory_epoch2000,6,TTAAGT,323,0.00023154121863799284
Ara_directory_epoch2000,6,TTAATA,663,0.00047526881720430107
Ara_directory_epoch2000,6,TTAATC,721,0.0005168458781362007
Ara_directory_epoch2000,6,TTAATG,398,0.0002853046594982079
Ara_directory_epoch2000,6,TTAATT,877,0.000628673835125448
Ara_directory_epoch2000,6,TTACAA,597,0.00042795698924731184
Ara_directory_epoch2000,6,TTACAC,327,0.00023440860215053763
Ara_directory_epoch2000,6,TTACAG,201,0.00014408602150537634
Ara_directory_epoch2000,6,TTACAT,431,0.0003089605734767025
Ara_directory_epoch2000,6,TTACCA,380,0.00027240143369175625
Ara_directory_epoch2000,6,TTACCC,247,0.0001770609318996416
Ara_directory_epoch2000,6,TTACCG,218,0.00015627240143369176
Ara_directory_epoch2000,6,TTACCT,347,0.00024874551971326166
Ara_directory_epoch2000,6,TTACGA,304,0.00021792114695340503
Ara_directory_epoch2000,6,TTACGC,140,0.0001003584229390681
Ara_directory_epoch2000,6,TTACGG,174,0.00012473118279569893
Ara_directory_epoch2000,6,TTACGT,234,0.00016774193548387096
Ara_directory_epoch2000,6,TTACTA,373,0.0002673835125448029
Ara_directory_epoch2000,6,TTACTC,500,0.00035842293906810036
Ara_directory_epoch2000,6,TTACTG,228,0.00016344086021505375
Ara_directory_epoch2000,6,TTACTT,541,0.00038781362007168457
Ara_directory_epoch2000,6,TTAGAA,569,0.00040788530465949823
Ara_directory_epoch2000,6,TTAGAC,226,0.00016200716845878136
Ara_directory_epoch2000,6,TTAGAG,313,0.00022437275985663082
Ara_directory_epoch2000,6,TTAGAT,431,0.0003089605734767025
Ara_directory_epoch2000,6,TTAGCA,239,0.00017132616487455196
Ara_directory_epoch2000,6,TTAGCC,171,0.0001225806451612903
Ara_directory_epoch2000,6,TTAGCG,121,8.673835125448029e-05
Ara_directory_epoch2000,6,TTAGCT,333,0.00023870967741935483
Ara_directory_epoch2000,6,TTAGGA,218,0.00015627240143369176
Ara_directory_epoch2000,6,TTAGGC,132,9.462365591397849e-05
Ara_directory_epoch2000,6,TTAGGG,171,0.0001225806451612903
Ara_directory_epoch2000,6,TTAGGT,198,0.00014193548387096775
Ara_directory_epoch2000,6,TTAGTA,254,0.000182078853046595
Ara_directory_epoch2000,6,TTAGTC,258,0.00018494623655913978
Ara_directory_epoch2000,6,TTAGTG,226,0.00016200716845878136
Ara_directory_epoch2000,6,TTAGTT,431,0.0003089605734767025
Ara_directory_epoch2000,6,TTATAA,747,0.000535483870967742
Ara_directory_epoch2000,6,TTATAC,312,0.00022365591397849463
Ara_directory_epoch2000,6,TTATAG,295,0.0002114695340501792
Ara_directory_epoch2000,6,TTATAT,656,0.00047025089605734764
Ara_directory_epoch2000,6,TTATCA,574,0.0004114695340501792
Ara_directory_epoch2000,6,TTATCC,410,0.0002939068100358423
Ara_directory_epoch2000,6,TTATCG,300,0.00021505376344086021
Ara_directory_epoch2000,6,TTATCT,771,0.0005526881720430108
Ara_directory_epoch2000,6,TTATGA,428,0.0003068100358422939
Ara_directory_epoch2000,6,TTATGC,181,0.00012974910394265233
Ara_directory_epoch2000,6,TTATGG,347,0.00024874551971326166
Ara_directory_epoch2000,6,TTATGT,374,0.00026810035842293907
Ara_directory_epoch2000,6,TTATTA,726,0.0005204301075268817
Ara_directory_epoch2000,6,TTATTC,624,0.00044731182795698925
Ara_directory_epoch2000,6,TTATTG,476,0.00034121863799283154
Ara_directory_epoch2000,6,TTATTT,1089,0.0007806451612903226
Ara_directory_epoch2000,6,TTCAAA,1138,0.0008157706093189965
Ara_directory_epoch2000,6,TTCAAC,625,0.00044802867383512545
Ara_directory_epoch2000,6,TTCAAG,504,0.00036129032258064514
Ara_directory_epoch2000,6,TTCAAT,818,0.0005863799283154122
Ara_directory_epoch2000,6,TTCACA,558,0.0004
Ara_directory_epoch2000,6,TTCACC,599,0.00042939068100358423
Ara_directory_epoch2000,6,TTCACG,329,0.00023584229390681005
Ara_directory_epoch2000,6,TTCACT,572,0.0004100358422939068
Ara_directory_epoch2000,6,TTCAGA,547,0.0003921146953405018
Ara_directory_epoch2000,6,TTCAGC,353,0.00025304659498207884
Ara_directory_epoch2000,6,TTCAGG,229,0.00016415770609318997
Ara_directory_epoch2000,6,TTCAGT,325,0.00023297491039426523
Ara_directory_epoch2000,6,TTCATA,542,0.00038853046594982077
Ara_directory_epoch2000,6,TTCATC,959,0.0006874551971326164
Ara_directory_epoch2000,6,TTCATG,447,0.00032043010752688173
Ara_directory_epoch2000,6,TTCATT,830,0.0005949820788530466
Ara_directory_epoch2000,6,TTCCAA,811,0.0005813620071684587
Ara_directory_epoch2000,6,TTCCAC,574,0.0004114695340501792
Ara_directory_epoch2000,6,TTCCAG,314,0.00022508960573476702
Ara_directory_epoch2000,6,TTCCAT,616,0.0004415770609318996
Ara_directory_epoch2000,6,TTCCCA,474,0.00033978494623655914
Ara_directory_epoch2000,6,TTCCCC,347,0.00024874551971326166
Ara_directory_epoch2000,6,TTCCCG,230,0.00016487455197132617
Ara_directory_epoch2000,6,TTCCCT,519,0.0003720430107526882
Ara_directory_epoch2000,6,TTCCGA,428,0.0003068100358422939
Ara_directory_epoch2000,6,TTCCGC,349,0.00025017921146953405
Ara_directory_epoch2000,6,TTCCGG,299,0.00021433691756272402
Ara_directory_epoch2000,6,TTCCGT,432,0.00030967741935483873
Ara_directory_epoch2000,6,TTCCTA,420,0.0003010752688172043
Ara_directory_epoch2000,6,TTCCTC,1260,0.0009032258064516129
Ara_directory_epoch2000,6,TTCCTG,337,0.00024157706093189964
Ara_directory_epoch2000,6,TTCCTT,877,0.000628673835125448
Ara_directory_epoch2000,6,TTCGAA,575,0.0004121863799283154
Ara_directory_epoch2000,6,TTCGAC,360,0.00025806451612903227
Ara_directory_epoch2000,6,TTCGAG,317,0.00022724014336917563
Ara_directory_epoch2000,6,TTCGAT,560,0.0004014336917562724
Ara_directory_epoch2000,6,TTCGCA,254,0.000182078853046595
Ara_directory_epoch2000,6,TTCGCC,355,0.00025448028673835123
Ara_directory_epoch2000,6,TTCGCG,174,0.00012473118279569893
Ara_directory_epoch2000,6,TTCGCT,406,0.00029103942652329746
Ara_directory_epoch2000,6,TTCGGA,327,0.00023440860215053763
Ara_directory_epoch2000,6,TTCGGC,273,0.0001956989247311828
Ara_directory_epoch2000,6,TTCGGG,144,0.0001032258064516129
Ara_directory_epoch2000,6,TTCGGT,276,0.0001978494623655914
Ara_directory_epoch2000,6,TTCGTA,284,0.000203584229390681
Ara_directory_epoch2000,6,TTCGTC,575,0.0004121863799283154
Ara_directory_epoch2000,6,TTCGTG,287,0.0002057347670250896
Ara_directory_epoch2000,6,TTCGTT,589,0.0004222222222222222
Ara_directory_epoch2000,6,TTCTAA,670,0.0004802867383512545
Ara_directory_epoch2000,6,TTCTAC,532,0.0003813620071684588
Ara_directory_epoch2000,6,TTCTAG,293,0.0002100358422939068
Ara_directory_epoch2000,6,TTCTAT,635,0.00045519713261648747
Ara_directory_epoch2000,6,TTCTCA,983,0.0007046594982078853
Ara_directory_epoch2000,6,TTCTCC,1420,0.001017921146953405
Ara_directory_epoch2000,6,TTCTCG,592,0.0004243727598566308
Ara_directory_epoch2000,6,TTCTCT,2061,0.0014774193548387096
Ara_directory_epoch2000,6,TTCTGA,530,0.00037992831541218636
Ara_directory_epoch2000,6,TTCTGC,430,0.0003082437275985663
Ara_directory_epoch2000,6,TTCTGG,374,0.00026810035842293907
Ara_directory_epoch2000,6,TTCTGT,545,0.0003906810035842294
Ara_directory_epoch2000,6,TTCTTA,792,0.000567741935483871
Ara_directory_epoch2000,6,TTCTTC,2375,0.0017025089605734768
Ara_directory_epoch2000,6,TTCTTG,680,0.00048745519713261647
Ara_directory_epoch2000,6,TTCTTT,1572,0.0011268817204301074
Ara_directory_epoch2000,6,TTGAAA,778,0.0005577060931899641
Ara_directory_epoch2000,6,TTGAAC,353,0.00025304659498207884
Ara_directory_epoch2000,6,TTGAAG,470,0.00033691756272401436
Ara_directory_epoch2000,6,TTGAAT,546,0.0003913978494623656
Ara_directory_epoch2000,6,TTGACA,292,0.00020931899641577062
Ara_directory_epoch2000,6,TTGACC,250,0.00017921146953405018
Ara_directory_epoch2000,6,TTGACG,240,0.00017204301075268816
Ara_directory_epoch2000,6,TTGACT,328,0.00023512544802867382
Ara_directory_epoch2000,6,TTGAGA,446,0.00031971326164874554
Ara_directory_epoch2000,6,TTGAGC,274,0.000196415770609319
Ara_directory_epoch2000,6,TTGAGG,251,0.00017992831541218638
Ara_directory_epoch2000,6,TTGAGT,301,0.0002157706093189964
Ara_directory_epoch2000,6,TTGATA,464,0.0003326164874551971
Ara_directory_epoch2000,6,TTGATC,514,0.00036845878136200716
Ara_directory_epoch2000,6,TTGATG,492,0.00035268817204301073
Ara_directory_epoch2000,6,TTGATT,732,0.0005247311827956989
Ara_directory_epoch2000,6,TTGCAA,330,0.00023655913978494624
Ara_directory_epoch2000,6,TTGCAC,160,0.00011469534050179211
Ara_directory_epoch2000,6,TTGCAG,170,0.00012186379928315412
Ara_directory_epoch2000,6,TTGCAT,206,0.00014767025089605735
Ara_directory_epoch2000,6,TTGCCA,232,0.00016630824372759856
Ara_directory_epoch2000,6,TTGCCC,184,0.00013189964157706092
Ara_directory_epoch2000,6,TTGCCG,243,0.00017419354838709678
Ara_directory_epoch2000,6,TTGCCT,225,0.00016129032258064516
Ara_directory_epoch2000,6,TTGCGA,196,0.00014050179211469533
Ara_directory_epoch2000,6,TTGCGC,111,7.956989247311829e-05
Ara_directory_epoch2000,6,TTGCGG,137,9.82078853046595e-05
Ara_directory_epoch2000,6,TTGCGT,176,0.00012616487455197132
Ara_directory_epoch2000,6,TTGCTA,260,0.0001863799283154122
Ara_directory_epoch2000,6,TTGCTC,445,0.00031899641577060934
Ara_directory_epoch2000,6,TTGCTG,277,0.0001985663082437276
Ara_directory_epoch2000,6,TTGCTT,527,0.00037777777777777777
Ara_directory_epoch2000,6,TTGGAA,498,0.00035698924731182797
Ara_directory_epoch2000,6,TTGGAC,212,0.00015197132616487455
Ara_directory_epoch2000,6,TTGGAG,345,0.00024731182795698927
Ara_directory_epoch2000,6,TTGGAT,487,0.00034910394265232975
Ara_directory_epoch2000,6,TTGGCA,205,0.00014695340501792115
Ara_directory_epoch2000,6,TTGGCC,234,0.00016774193548387096
Ara_directory_epoch2000,6,TTGGCG,209,0.00014982078853046594
Ara_directory_epoch2000,6,TTGGCT,318,0.00022795698924731183
Ara_directory_epoch2000,6,TTGGGA,323,0.00023154121863799284
Ara_directory_epoch2000,6,TTGGGC,204,0.00014623655913978496
Ara_directory_epoch2000,6,TTGGGG,193,0.00013835125448028674
Ara_directory_epoch2000,6,TTGGGT,338,0.00024229390681003584
Ara_directory_epoch2000,6,TTGGTA,295,0.0002114695340501792
Ara_directory_epoch2000,6,TTGGTC,320,0.00022939068100358422
Ara_directory_epoch2000,6,TTGGTG,304,0.00021792114695340503
Ara_directory_epoch2000,6,TTGGTT,604,0.0004329749103942652
Ara_directory_epoch2000,6,TTGTAA,442,0.0003168458781362007
Ara_directory_epoch2000,6,TTGTAC,207,0.00014838709677419355
Ara_directory_epoch2000,6,TTGTAG,249,0.00017849462365591398
Ara_directory_epoch2000,6,TTGTAT,373,0.0002673835125448029
Ara_directory_epoch2000,6,TTGTCA,399,0.0002860215053763441
Ara_directory_epoch2000,6,TTGTCC,285,0.00020430107526881721
Ara_directory_epoch2000,6,TTGTCG,273,0.0001956989247311828
Ara_directory_epoch2000,6,TTGTCT,564,0.0004043010752688172
Ara_directory_epoch2000,6,TTGTGA,412,0.0002953405017921147
Ara_directory_epoch2000,6,TTGTGC,209,0.00014982078853046594
Ara_directory_epoch2000,6,TTGTGG,316,0.00022652329749103944
Ara_directory_epoch2000,6,TTGTGT,396,0.0002838709677419355
Ara_directory_epoch2000,6,TTGTTA,443,0.0003175627240143369
Ara_directory_epoch2000,6,TTGTTC,623,0.00044659498207885305
Ara_directory_epoch2000,6,TTGTTG,452,0.0003240143369175627
Ara_directory_epoch2000,6,TTGTTT,1023,0.0007333333333333333
Ara_directory_epoch2000,6,TTTAAA,1081,0.000774910394265233
Ara_directory_epoch2000,6,TTTAAC,549,0.0003935483870967742
Ara_directory_epoch2000,6,TTTAAG,431,0.0003089605734767025
Ara_directory_epoch2000,6,TTTAAT,888,0.0006365591397849463
Ara_directory_epoch2000,6,TTTACA,538,0.000385663082437276
Ara_directory_epoch2000,6,TTTACC,392,0.00028100358422939066
Ara_directory_epoch2000,6,TTTACG,291,0.00020860215053763442
Ara_directory_epoch2000,6,TTTACT,571,0.0004093189964157706
Ara_directory_epoch2000,6,TTTAGA,529,0.00037921146953405016
Ara_directory_epoch2000,6,TTTAGC,269,0.000192831541218638
Ara_directory_epoch2000,6,TTTAGG,234,0.00016774193548387096
Ara_directory_epoch2000,6,TTTAGT,395,0.0002831541218637993
Ara_directory_epoch2000,6,TTTATA,736,0.0005275985663082437
Ara_directory_epoch2000,6,TTTATC,718,0.0005146953405017921
Ara_directory_epoch2000,6,TTTATG,458,0.00032831541218637995
Ara_directory_epoch2000,6,TTTATT,1121,0.000803584229390681
Ara_directory_epoch2000,6,TTTCAA,952,0.0006824372759856631
Ara_directory_epoch2000,6,TTTCAC,645,0.0004623655913978495
Ara_directory_epoch2000,6,TTTCAG,437,0.0003132616487455197
Ara_directory_epoch2000,6,TTTCAT,838,0.0006007168458781363
Ara_directory_epoch2000,6,TTTCCA,717,0.000513978494623656
Ara_directory_epoch2000,6,TTTCCC,504,0.00036129032258064514
Ara_directory_epoch2000,6,TTTCCG,446,0.00031971326164874554
Ara_directory_epoch2000,6,TTTCCT,914,0.0006551971326164875
Ara_directory_epoch2000,6,TTTCGA,538,0.000385663082437276
Ara_directory_epoch2000,6,TTTCGC,361,0.00025878136200716847
Ara_directory_epoch2000,6,TTTCGG,321,0.00023010752688172042
Ara_directory_epoch2000,6,TTTCGT,518,0.00037132616487455195
Ara_directory_epoch2000,6,TTTCTA,722,0.0005175627240143369
Ara_directory_epoch2000,6,TTTCTC,1661,0.0011906810035842293
Ara_directory_epoch2000,6,TTTCTG,620,0.00044444444444444447
Ara_directory_epoch2000,6,TTTCTT,1747,0.0012523297491039427
Ara_directory_epoch2000,6,TTTGAA,788,0.0005648745519713262
Ara_directory_epoch2000,6,TTTGAC,380,0.00027240143369175625
Ara_directory_epoch2000,6,TTTGAG,410,0.0002939068100358423
Ara_directory_epoch2000,6,TTTGAT,820,0.0005878136200716846
Ara_directory_epoch2000,6,TTTGCA,287,0.0002057347670250896
Ara_directory_epoch2000,6,TTTGCC,306,0.00021935483870967742
Ara_directory_epoch2000,6,TTTGCG,190,0.00013620071684587813
Ara_directory_epoch2000,6,TTTGCT,489,0.00035053763440860214
Ara_directory_epoch2000,6,TTTGGA,552,0.0003956989247311828
Ara_directory_epoch2000,6,TTTGGC,339,0.00024301075268817204
Ara_directory_epoch2000,6,TTTGGG,385,0.0002759856630824373
Ara_directory_epoch2000,6,TTTGGT,554,0.0003971326164874552
Ara_directory_epoch2000,6,TTTGTA,494,0.0003541218637992832
Ara_directory_epoch2000,6,TTTGTC,521,0.0003734767025089606
Ara_directory_epoch2000,6,TTTGTG,486,0.00034838709677419355
Ara_directory_epoch2000,6,TTTGTT,981,0.0007032258064516129
Ara_directory_epoch2000,6,TTTTAA,1031,0.0007390681003584229
Ara_directory_epoch2000,6,TTTTAC,610,0.00043727598566308245
Ara_directory_epoch2000,6,TTTTAG,524,0.0003756272401433692
Ara_directory_epoch2000,6,TTTTAT,1151,0.000825089605734767
Ara_directory_epoch2000,6,TTTTCA,990,0.0007096774193548388
Ara_directory_epoch2000,6,TTTTCC,880,0.0006308243727598566
Ara_directory_epoch2000,6,TTTTCG,550,0.0003942652329749104
Ara_directory_epoch2000,6,TTTTCT,1658,0.0011885304659498208
Ara_directory_epoch2000,6,TTTTGA,859,0.0006157706093189964
Ara_directory_epoch2000,6,TTTTGC,465,0.0003333333333333333
Ara_directory_epoch2000,6,TTTTGG,646,0.0004630824372759857
Ara_directory_epoch2000,6,TTTTGT,897,0.0006430107526881721
Ara_directory_epoch2000,6,TTTTTA,1288,0.0009232974910394266
Ara_directory_epoch2000,6,TTTTTC,1464,0.0010494623655913978
Ara_directory_epoch2000,6,TTTTTG,1074,0.0007698924731182796
Ara_directory_epoch2000,6,TTTTTT,2651,0.001900358422939068
Maize_directory_epoch2000,6,AAAAAA,1952,0.0013992831541218638
Maize_directory_epoch2000,6,AAAAAC,829,0.0005942652329749104
Maize_directory_epoch2000,6,AAAAAG,800,0.0005734767025089606
Maize_directory_epoch2000,6,AAAAAT,1315,0.000942652329749104
Maize_directory_epoch2000,6,AAAACA,694,0.0004974910394265233
Maize_directory_epoch2000,6,AAAACC,574,0.0004114695340501792
Maize_directory_epoch2000,6,AAAACG,353,0.00025304659498207884
Maize_directory_epoch2000,6,AAAACT,636,0.00045591397849462366
Maize_directory_epoch2000,6,AAAAGA,907,0.000650179211469534
Maize_directory_epoch2000,6,AAAAGC,390,0.00027956989247311827
Maize_directory_epoch2000,6,AAAAGG,289,0.000207168458781362
Maize_directory_epoch2000,6,AAAAGT,540,0.0003870967741935484
Maize_directory_epoch2000,6,AAAATA,829,0.0005942652329749104
Maize_directory_epoch2000,6,AAAATC,886,0.0006351254480286738
Maize_directory_epoch2000,6,AAAATG,578,0.000414336917562724
Maize_directory_epoch2000,6,AAAATT,1370,0.000982078853046595
Maize_directory_epoch2000,6,AAACAA,791,0.0005670250896057348
Maize_directory_epoch2000,6,AAACAC,352,0.00025232974910394264
Maize_directory_epoch2000,6,AAACAG,252,0.00018064516129032257
Maize_directory_epoch2000,6,AAACAT,455,0.0003261648745519713
Maize_directory_epoch2000,6,AAACCA,479,0.0003433691756272401
Maize_directory_epoch2000,6,AAACCC,413,0.0002960573476702509
Maize_directory_epoch2000,6,AAACCG,302,0.0002164874551971326
Maize_directory_epoch2000,6,AAACCT,497,0.00035627240143369177
Maize_directory_epoch2000,6,AAACGA,387,0.0002774193548387097
Maize_directory_epoch2000,6,AAACGC,185,0.00013261648745519714
Maize_directory_epoch2000,6,AAACGG,189,0.00013548387096774193
Maize_directory_epoch2000,6,AAACGT,231,0.00016559139784946237
Maize_directory_epoch2000,6,AAACTA,365,0.00026164874551971325
Maize_directory_epoch2000,6,AAACTC,607,0.00043512544802867386
Maize_directory_epoch2000,6,AAACTG,275,0.0001971326164874552
Maize_directory_epoch2000,6,AAACTT,734,0.0005261648745519713
Maize_directory_epoch2000,6,AAAGAA,929,0.0006659498207885304
Maize_directory_epoch2000,6,AAAGAC,325,0.00023297491039426523
Maize_directory_epoch2000,6,AAAGAG,477,0.00034193548387096773
Maize_directory_epoch2000,6,AAAGAT,748,0.0005362007168458781
Maize_directory_epoch2000,6,AAAGCA,322,0.00023082437275985664
Maize_directory_epoch2000,6,AAAGCC,281,0.0002014336917562724
Maize_directory_epoch2000,6,AAAGCG,164,0.00011756272401433691
Maize_directory_epoch2000,6,AAAGCT,491,0.00035197132616487454
Maize_directory_epoch2000,6,AAAGGA,321,0.00023010752688172042
Maize_directory_epoch2000,6,AAAGGC,160,0.00011469534050179211
Maize_directory_epoch2000,6,AAAGGG,129,9.247311827956989e-05
Maize_directory_epoch2000,6,AAAGGT,255,0.0001827956989247312
Maize_directory_epoch2000,6,AAAGTA,313,0.00022437275985663082
Maize_directory_epoch2000,6,AAAGTC,346,0.00024802867383512547
Maize_directory_epoch2000,6,AAAGTG,295,0.0002114695340501792
Maize_directory_epoch2000,6,AAAGTT,653,0.00046810035842293905
Maize_directory_epoch2000,6,AAATAA,796,0.0005706093189964158
Maize_directory_epoch2000,6,AAATAC,344,0.00024659498207885307
Maize_directory_epoch2000,6,AAATAG,377,0.00027025089605734766
Maize_directory_epoch2000,6,AAATAT,773,0.0005541218637992832
Maize_directory_epoch2000,6,AAATCA,682,0.0004888888888888889
Maize_directory_epoch2000,6,AAATCC,606,0.0004344086021505376
Maize_directory_epoch2000,6,AAATCG,486,0.00034838709677419355
Maize_directory_epoch2000,6,AAATCT,1112,0.0007971326164874551
Maize_directory_epoch2000,6,AAATGA,570,0.00040860215053763443
Maize_directory_epoch2000,6,AAATGC,230,0.00016487455197132617
Maize_directory_epoch2000,6,AAATGG,398,0.0002853046594982079
Maize_directory_epoch2000,6,AAATGT,526,0.00037706093189964157
Maize_directory_epoch2000,6,AAATTA,783,0.0005612903225806451
Maize_directory_epoch2000,6,AAATTC,948,0.0006795698924731183
Maize_directory_epoch2000,6,AAATTG,731,0.0005240143369175627
Maize_directory_epoch2000,6,AAATTT,1903,0.00136415770609319
Maize_directory_epoch2000,6,AACAAA,782,0.0005605734767025089
Maize_directory_epoch2000,6,AACAAC,380,0.00027240143369175625
Maize_directory_epoch2000,6,AACAAG,337,0.00024157706093189964
Maize_directory_epoch2000,6,AACAAT,570,0.00040860215053763443
Maize_directory_epoch2000,6,AACACA,285,0.00020430107526881721
Maize_directory_epoch2000,6,AACACC,234,0.00016774193548387096
Maize_directory_epoch2000,6,AACACG,173,0.00012401433691756273
Maize_directory_epoch2000,6,AACACT,252,0.00018064516129032257
Maize_directory_epoch2000,6,AACAGA,278,0.00019928315412186379
Maize_directory_epoch2000,6,AACAGC,148,0.0001060931899641577
Maize_directory_epoch2000,6,AACAGG,98,7.025089605734767e-05
Maize_directory_epoch2000,6,AACAGT,180,0.00012903225806451613
Maize_directory_epoch2000,6,AACATA,283,0.0002028673835125448
Maize_directory_epoch2000,6,AACATC,379,0.00027168458781362005
Maize_directory_epoch2000,6,AACATG,250,0.00017921146953405018
Maize_directory_epoch2000,6,AACATT,414,0.0002967741935483871
Maize_directory_epoch2000,6,AACCAA,515,0.00036917562724014336
Maize_directory_epoch2000,6,AACCAC,307,0.00022007168458781362
Maize_directory_epoch2000,6,AACCAG,198,0.00014193548387096775
Maize_directory_epoch2000,6,AACCAT,367,0.00026308243727598564
Maize_directory_epoch2000,6,AACCCA,355,0.00025448028673835123
Maize_directory_epoch2000,6,AACCCC,227,0.00016272401433691755
Maize_directory_epoch2000,6,AACCCG,157,0.00011254480286738351
Maize_directory_epoch2000,6,AACCCT,302,0.0002164874551971326
Maize_directory_epoch2000,6,AACCGA,296,0.0002121863799283154
Maize_directory_epoch2000,6,AACCGC,183,0.00013118279569892472
Maize_directory_epoch2000,6,AACCGG,177,0.00012688172043010752
Maize_directory_epoch2000,6,AACCGT,223,0.00015985663082437277
Maize_directory_epoch2000,6,AACCTA,254,0.000182078853046595
Maize_directory_epoch2000,6,AACCTC,402,0.0002881720430107527
Maize_directory_epoch2000,6,AACCTG,189,0.00013548387096774193
Maize_directory_epoch2000,6,AACCTT,396,0.0002838709677419355
Maize_directory_epoch2000,6,AACGAA,372,0.0002666666666666667
Maize_directory_epoch2000,6,AACGAC,242,0.00017347670250896058
Maize_directory_epoch2000,6,AACGAG,188,0.00013476702508960573
Maize_directory_epoch2000,6,AACGAT,374,0.00026810035842293907
Maize_directory_epoch2000,6,AACGCA,126,9.032258064516129e-05
Maize_directory_epoch2000,6,AACGCC,159,0.00011397849462365592
Maize_directory_epoch2000,6,AACGCG,72,5.161290322580645e-05
Maize_directory_epoch2000,6,AACGCT,163,0.00011684587813620071
Maize_directory_epoch2000,6,AACGGA,200,0.00014336917562724014
Maize_directory_epoch2000,6,AACGGC,171,0.0001225806451612903
Maize_directory_epoch2000,6,AACGGG,63,4.516129032258064e-05
Maize_directory_epoch2000,6,AACGGT,173,0.00012401433691756273
Maize_directory_epoch2000,6,AACGTA,135,9.67741935483871e-05
Maize_directory_epoch2000,6,AACGTC,212,0.00015197132616487455
Maize_directory_epoch2000,6,AACGTG,134,9.60573476702509e-05
Maize_directory_epoch2000,6,AACGTT,303,0.0002172043010752688
Maize_directory_epoch2000,6,AACTAA,335,0.00024014336917562725
Maize_directory_epoch2000,6,AACTAC,205,0.00014695340501792115
Maize_directory_epoch2000,6,AACTAG,169,0.00012114695340501792
Maize_directory_epoch2000,6,AACTAT,301,0.0002157706093189964
Maize_directory_epoch2000,6,AACTCA,390,0.00027956989247311827
Maize_directory_epoch2000,6,AACTCC,390,0.00027956989247311827
Maize_directory_epoch2000,6,AACTCG,264,0.00018924731182795698
Maize_directory_epoch2000,6,AACTCT,628,0.00045017921146953404
Maize_directory_epoch2000,6,AACTGA,284,0.000203584229390681
Maize_directory_epoch2000,6,AACTGC,161,0.00011541218637992832
Maize_directory_epoch2000,6,AACTGG,160,0.00011469534050179211
Maize_directory_epoch2000,6,AACTGT,242,0.00017347670250896058
Maize_directory_epoch2000,6,AACTTA,330,0.00023655913978494624
Maize_directory_epoch2000,6,AACTTC,542,0.00038853046594982077
Maize_directory_epoch2000,6,AACTTG,342,0.0002451612903225806
Maize_directory_epoch2000,6,AACTTT,782,0.0005605734767025089
Maize_directory_epoch2000,6,AAGAAA,1003,0.0007189964157706093
Maize_directory_epoch2000,6,AAGAAC,430,0.0003082437275985663
Maize_directory_epoch2000,6,AAGAAG,913,0.0006544802867383513
Maize_directory_epoch2000,6,AAGAAT,658,0.0004716845878136201
Maize_directory_epoch2000,6,AAGACA,286,0.0002050179211469534
Maize_directory_epoch2000,6,AAGACC,247,0.0001770609318996416
Maize_directory_epoch2000,6,AAGACG,263,0.00018853046594982079
Maize_directory_epoch2000,6,AAGACT,291,0.00020860215053763442
Maize_directory_epoch2000,6,AAGAGA,598,0.00042867383512544804
Maize_directory_epoch2000,6,AAGAGC,225,0.00016129032258064516
Maize_directory_epoch2000,6,AAGAGG,278,0.00019928315412186379
Maize_directory_epoch2000,6,AAGAGT,322,0.00023082437275985664
Maize_directory_epoch2000,6,AAGATA,401,0.0002874551971326165
Maize_directory_epoch2000,6,AAGATC,671,0.0004810035842293907
Maize_directory_epoch2000,6,AAGATG,512,0.00036702508960573477
Maize_directory_epoch2000,6,AAGATT,904,0.0006480286738351254
Maize_directory_epoch2000,6,AAGCAA,389,0.00027885304659498207
Maize_directory_epoch2000,6,AAGCAC,170,0.00012186379928315412
Maize_directory_epoch2000,6,AAGCAG,218,0.00015627240143369176
Maize_directory_epoch2000,6,AAGCAT,237,0.00016989247311827957
Maize_directory_epoch2000,6,AAGCCA,261,0.0001870967741935484
Maize_directory_epoch2000,6,AAGCCC,169,0.00012114695340501792
Maize_directory_epoch2000,6,AAGCCG,209,0.00014982078853046594
Maize_directory_epoch2000,6,AAGCCT,243,0.00017419354838709678
Maize_directory_epoch2000,6,AAGCGA,197,0.00014121863799283155
Maize_directory_epoch2000,6,AAGCGC,82,5.8781362007168455e-05
Maize_directory_epoch2000,6,AAGCGG,111,7.956989247311829e-05
Maize_directory_epoch2000,6,AAGCGT,142,0.0001017921146953405
Maize_directory_epoch2000,6,AAGCTA,249,0.00017849462365591398
Maize_directory_epoch2000,6,AAGCTC,447,0.00032043010752688173
Maize_directory_epoch2000,6,AAGCTG,252,0.00018064516129032257
Maize_directory_epoch2000,6,AAGCTT,619,0.00044372759856630827
Maize_directory_epoch2000,6,AAGGAA,375,0.00026881720430107527
Maize_directory_epoch2000,6,AAGGAC,147,0.0001053763440860215
Maize_directory_epoch2000,6,AAGGAG,309,0.000221505376344086
Maize_directory_epoch2000,6,AAGGAT,332,0.00023799283154121863
Maize_directory_epoch2000,6,AAGGCA,126,9.032258064516129e-05
Maize_directory_epoch2000,6,AAGGCC,95,6.810035842293906e-05
Maize_directory_epoch2000,6,AAGGCG,120,8.602150537634408e-05
Maize_directory_epoch2000,6,AAGGCT,172,0.00012329749103942654
Maize_directory_epoch2000,6,AAGGGA,149,0.00010681003584229391
Maize_directory_epoch2000,6,AAGGGC,67,4.802867383512545e-05
Maize_directory_epoch2000,6,AAGGGG,57,4.086021505376344e-05
Maize_directory_epoch2000,6,AAGGGT,148,0.0001060931899641577
Maize_directory_epoch2000,6,AAGGTA,141,0.0001010752688172043
Maize_directory_epoch2000,6,AAGGTC,149,0.00010681003584229391
Maize_directory_epoch2000,6,AAGGTG,180,0.00012903225806451613
Maize_directory_epoch2000,6,AAGGTT,413,0.0002960573476702509
Maize_directory_epoch2000,6,AAGTAA,346,0.00024802867383512547
Maize_directory_epoch2000,6,AAGTAC,145,0.0001039426523297491
Maize_directory_epoch2000,6,AAGTAG,182,0.00013046594982078853
Maize_directory_epoch2000,6,AAGTAT,299,0.00021433691756272402
Maize_directory_epoch2000,6,AAGTCA,278,0.00019928315412186379
Maize_directory_epoch2000,6,AAGTCC,199,0.00014265232974910395
Maize_directory_epoch2000,6,AAGTCG,240,0.00017204301075268816
Maize_directory_epoch2000,6,AAGTCT,390,0.00027956989247311827
Maize_directory_epoch2000,6,AAGTGA,278,0.00019928315412186379
Maize_directory_epoch2000,6,AAGTGC,96,6.881720430107527e-05
Maize_directory_epoch2000,6,AAGTGG,167,0.00011971326164874551
Maize_directory_epoch2000,6,AAGTGT,289,0.000207168458781362
Maize_directory_epoch2000,6,AAGTTA,374,0.00026810035842293907
Maize_directory_epoch2000,6,AAGTTC,443,0.0003175627240143369
Maize_directory_epoch2000,6,AAGTTG,409,0.0002931899641577061
Maize_directory_epoch2000,6,AAGTTT,943,0.0006759856630824373
Maize_directory_epoch2000,6,AATAAA,824,0.0005906810035842294
Maize_directory_epoch2000,6,AATAAC,342,0.0002451612903225806
Maize_directory_epoch2000,6,AATAAG,376,0.00026953405017921146
Maize_directory_epoch2000,6,AATAAT,633,0.00045376344086021507
Maize_directory_epoch2000,6,AATACA,273,0.0001956989247311828
Maize_directory_epoch2000,6,AATACC,205,0.00014695340501792115
Maize_directory_epoch2000,6,AATACG,137,9.82078853046595e-05
Maize_directory_epoch2000,6,AATACT,327,0.00023440860215053763
Maize_directory_epoch2000,6,AATAGA,378,0.00027096774193548386
Maize_directory_epoch2000,6,AATAGC,166,0.00011899641577060932
Maize_directory_epoch2000,6,AATAGG,157,0.00011254480286738351
Maize_directory_epoch2000,6,AATAGT,277,0.0001985663082437276
Maize_directory_epoch2000,6,AATATA,472,0.00033835125448028675
Maize_directory_epoch2000,6,AATATC,485,0.00034767025089605736
Maize_directory_epoch2000,6,AATATG,382,0.0002738351254480287
Maize_directory_epoch2000,6,AATATT,806,0.0005777777777777778
Maize_directory_epoch2000,6,AATCAA,793,0.0005684587813620072
Maize_directory_epoch2000,6,AATCAC,441,0.0003161290322580645
Maize_directory_epoch2000,6,AATCAG,305,0.00021863799283154122
Maize_directory_epoch2000,6,AATCAT,658,0.0004716845878136201
Maize_directory_epoch2000,6,AATCCA,516,0.00036989247311827955
Maize_directory_epoch2000,6,AATCCC,400,0.0002867383512544803
Maize_directory_epoch2000,6,AATCCG,336,0.00024086021505376345
Maize_directory_epoch2000,6,AATCCT,565,0.0004050179211469534
Maize_directory_epoch2000,6,AATCGA,516,0.00036989247311827955
Maize_directory_epoch2000,6,AATCGC,288,0.0002064516129032258
Maize_directory_epoch2000,6,AATCGG,265,0.00018996415770609318
Maize_directory_epoch2000,6,AATCGT,436,0.0003125448028673835
Maize_directory_epoch2000,6,AATCTA,582,0.00041720430107526884
Maize_directory_epoch2000,6,AATCTC,1162,0.0008329749103942652
Maize_directory_epoch2000,6,AATCTG,591,0.0004236559139784946
Maize_directory_epoch2000,6,AATCTT,1214,0.0008702508960573477
Maize_directory_epoch2000,6,AATGAA,485,0.00034767025089605736
Maize_directory_epoch2000,6,AATGAC,272,0.0001949820788530466
Maize_directory_epoch2000,6,AATGAG,309,0.000221505376344086
Maize_directory_epoch2000,6,AATGAT,636,0.00045591397849462366
Maize_directory_epoch2000,6,AATGCA,154,0.0001103942652329749
Maize_directory_epoch2000,6,AATGCC,156,0.00011182795698924731
Maize_directory_epoch2000,6,AATGCG,107,7.670250896057347e-05
Maize_directory_epoch2000,6,AATGCT,270,0.0001935483870967742
Maize_directory_epoch2000,6,AATGGA,356,0.00025519713261648743
Maize_directory_epoch2000,6,AATGGC,244,0.00017491039426523297
Maize_directory_epoch2000,6,AATGGG,191,0.00013691756272401435
Maize_directory_epoch2000,6,AATGGT,349,0.00025017921146953405
Maize_directory_epoch2000,6,AATGTA,301,0.0002157706093189964
Maize_directory_epoch2000,6,AATGTC,346,0.00024802867383512547
Maize_directory_epoch2000,6,AATGTG,318,0.00022795698924731183
Maize_directory_epoch2000,6,AATGTT,668,0.00047885304659498205
Maize_directory_epoch2000,6,AATTAA,726,0.0005204301075268817
Maize_directory_epoch2000,6,AATTAC,384,0.0002752688172043011
Maize_directory_epoch2000,6,AATTAG,414,0.0002967741935483871
Maize_directory_epoch2000,6,AATTAT,850,0.0006093189964157706
Maize_directory_epoch2000,6,AATTCA,691,0.0004953405017921147
Maize_directory_epoch2000,6,AATTCC,566,0.0004057347670250896
Maize_directory_epoch2000,6,AATTCG,547,0.0003921146953405018
Maize_directory_epoch2000,6,AATTCT,1227,0.0008795698924731183
Maize_directory_epoch2000,6,AATTGA,695,0.0004982078853046595
Maize_directory_epoch2000,6,AATTGC,322,0.00023082437275985664
Maize_directory_epoch2000,6,AATTGG,494,0.0003541218637992832
Maize_directory_epoch2000,6,AATTGT,772,0.000553405017921147
Maize_directory_epoch2000,6,AATTTA,1059,0.0007591397849462365
Maize_directory_epoch2000,6,AATTTC,1284,0.0009204301075268817
Maize_directory_epoch2000,6,AATTTG,1340,0.000960573476702509
Maize_directory_epoch2000,6,AATTTT,2531,0.001814336917562724
Maize_directory_epoch2000,6,ACAAAA,720,0.0005161290322580645
Maize_directory_epoch2000,6,ACAAAC,329,0.00023584229390681005
Maize_directory_epoch2000,6,ACAAAG,339,0.00024301075268817204
Maize_directory_epoch2000,6,ACAAAT,611,0.00043799283154121864
Maize_directory_epoch2000,6,ACAACA,322,0.00023082437275985664
Maize_directory_epoch2000,6,ACAACC,256,0.00018351254480286738
Maize_directory_epoch2000,6,ACAACG,199,0.00014265232974910395
Maize_directory_epoch2000,6,ACAACT,300,0.00021505376344086021
Maize_directory_epoch2000,6,ACAAGA,378,0.00027096774193548386
Maize_directory_epoch2000,6,ACAAGC,193,0.00013835125448028674
Maize_directory_epoch2000,6,ACAAGG,151,0.0001082437275985663
Maize_directory_epoch2000,6,ACAAGT,231,0.00016559139784946237
Maize_directory_epoch2000,6,ACAATA,332,0.00023799283154121863
Maize_directory_epoch2000,6,ACAATC,433,0.00031039426523297493
Maize_directory_epoch2000,6,ACAATG,253,0.00018136200716845877
Maize_directory_epoch2000,6,ACAATT,593,0.000425089605734767
Maize_directory_epoch2000,6,ACACAA,311,0.00022293906810035843
Maize_directory_epoch2000,6,ACACAC,167,0.00011971326164874551
Maize_directory_epoch2000,6,ACACAG,121,8.673835125448029e-05
Maize_directory_epoch2000,6,ACACAT,216,0.00015483870967741937
Maize_directory_epoch2000,6,ACACCA,248,0.00017777777777777779
Maize_directory_epoch2000,6,ACACCC,113,8.100358422939068e-05
Maize_directory_epoch2000,6,ACACCG,173,0.00012401433691756273
Maize_directory_epoch2000,6,ACACCT,158,0.00011326164874551972
Maize_directory_epoch2000,6,ACACGA,150,0.00010752688172043011
Maize_directory_epoch2000,6,ACACGC,66,4.7311827956989246e-05
Maize_directory_epoch2000,6,ACACGG,98,7.025089605734767e-05
Maize_directory_epoch2000,6,ACACGT,131,9.39068100358423e-05
Maize_directory_epoch2000,6,ACACTA,184,0.00013189964157706092
Maize_directory_epoch2000,6,ACACTC,247,0.0001770609318996416
Maize_directory_epoch2000,6,ACACTG,128,9.175627240143369e-05
Maize_directory_epoch2000,6,ACACTT,265,0.00018996415770609318
Maize_directory_epoch2000,6,ACAGAA,279,0.0002
Maize_directory_epoch2000,6,ACAGAC,119,8.530465949820788e-05
Maize_directory_epoch2000,6,ACAGAG,196,0.00014050179211469533
Maize_directory_epoch2000,6,ACAGAT,291,0.00020860215053763442
Maize_directory_epoch2000,6,ACAGCA,117,8.387096774193548e-05
Maize_directory_epoch2000,6,ACAGCC,84,6.021505376344086e-05
Maize_directory_epoch2000,6,ACAGCG,87,6.236559139784946e-05
Maize_directory_epoch2000,6,ACAGCT,139,9.964157706093189e-05
Maize_directory_epoch2000,6,ACAGGA,122,8.745519713261649e-05
Maize_directory_epoch2000,6,ACAGGC,50,3.5842293906810036e-05
Maize_directory_epoch2000,6,ACAGGG,39,2.7956989247311828e-05
Maize_directory_epoch2000,6,ACAGGT,111,7.956989247311829e-05
Maize_directory_epoch2000,6,ACAGTA,99,7.096774193548388e-05
Maize_directory_epoch2000,6,ACAGTC,126,9.032258064516129e-05
Maize_directory_epoch2000,6,ACAGTG,104,7.455197132616487e-05
Maize_directory_epoch2000,6,ACAGTT,245,0.00017562724014336917
Maize_directory_epoch2000,6,ACATAA,250,0.00017921146953405018
Maize_directory_epoch2000,6,ACATAC,128,9.175627240143369e-05
Maize_directory_epoch2000,6,ACATAG,156,0.00011182795698924731
Maize_directory_epoch2000,6,ACATAT,318,0.00022795698924731183
Maize_directory_epoch2000,6,ACATCA,290,0.0002078853046594982
Maize_directory_epoch2000,6,ACATCC,195,0.00013978494623655913
Maize_directory_epoch2000,6,ACATCG,228,0.00016344086021505375
Maize_directory_epoch2000,6,ACATCT,427,0.0003060931899641577
Maize_directory_epoch2000,6,ACATGA,222,0.00015913978494623657
Maize_directory_epoch2000,6,ACATGC,87,6.236559139784946e-05
Maize_directory_epoch2000,6,ACATGG,175,0.00012544802867383513
Maize_directory_epoch2000,6,ACATGT,233,0.00016702508960573476
Maize_directory_epoch2000,6,ACATTA,249,0.00017849462365591398
Maize_directory_epoch2000,6,ACATTC,265,0.00018996415770609318
Maize_directory_epoch2000,6,ACATTG,243,0.00017419354838709678
Maize_directory_epoch2000,6,ACATTT,602,0.0004315412186379928
Maize_directory_epoch2000,6,ACCAAA,551,0.0003949820788530466
Maize_directory_epoch2000,6,ACCAAC,316,0.00022652329749103944
Maize_directory_epoch2000,6,ACCAAG,230,0.00016487455197132617
Maize_directory_epoch2000,6,ACCAAT,389,0.00027885304659498207
Maize_directory_epoch2000,6,ACCACA,255,0.0001827956989247312
Maize_directory_epoch2000,6,ACCACC,296,0.0002121863799283154
Maize_directory_epoch2000,6,ACCACG,168,0.00012043010752688172
Maize_directory_epoch2000,6,ACCACT,230,0.00016487455197132617
Maize_directory_epoch2000,6,ACCAGA,252,0.00018064516129032257
Maize_directory_epoch2000,6,ACCAGC,128,9.175627240143369e-05
Maize_directory_epoch2000,6,ACCAGG,82,5.8781362007168455e-05
Maize_directory_epoch2000,6,ACCAGT,159,0.00011397849462365592
Maize_directory_epoch2000,6,ACCATA,213,0.00015268817204301075
Maize_directory_epoch2000,6,ACCATC,320,0.00022939068100358422
Maize_directory_epoch2000,6,ACCATG,194,0.00013906810035842294
Maize_directory_epoch2000,6,ACCATT,365,0.00026164874551971325
Maize_directory_epoch2000,6,ACCCAA,326,0.00023369175627240143
Maize_directory_epoch2000,6,ACCCAC,181,0.00012974910394265233
Maize_directory_epoch2000,6,ACCCAG,131,9.39068100358423e-05
Maize_directory_epoch2000,6,ACCCAT,240,0.00017204301075268816
Maize_directory_epoch2000,6,ACCCCA,195,0.00013978494623655913
Maize_directory_epoch2000,6,ACCCCC,105,7.526881720430108e-05
Maize_directory_epoch2000,6,ACCCCG,99,7.096774193548388e-05
Maize_directory_epoch2000,6,ACCCCT,151,0.0001082437275985663
Maize_directory_epoch2000,6,ACCCGA,164,0.00011756272401433691
Maize_directory_epoch2000,6,ACCCGC,81,5.806451612903226e-05
Maize_directory_epoch2000,6,ACCCGG,69,4.946236559139785e-05
Maize_directory_epoch2000,6,ACCCGT,123,8.817204301075268e-05
Maize_directory_epoch2000,6,ACCCTA,162,0.00011612903225806452
Maize_directory_epoch2000,6,ACCCTC,242,0.00017347670250896058
Maize_directory_epoch2000,6,ACCCTG,113,8.100358422939068e-05
Maize_directory_epoch2000,6,ACCCTT,272,0.0001949820788530466
Maize_directory_epoch2000,6,ACCGAA,254,0.000182078853046595
Maize_directory_epoch2000,6,ACCGAC,185,0.00013261648745519714
Maize_directory_epoch2000,6,ACCGAG,160,0.00011469534050179211
Maize_directory_epoch2000,6,ACCGAT,315,0.00022580645161290321
Maize_directory_epoch2000,6,ACCGCA,123,8.817204301075268e-05
Maize_directory_epoch2000,6,ACCGCC,239,0.00017132616487455196
Maize_directory_epoch2000,6,ACCGCG,89,6.379928315412186e-05
Maize_directory_epoch2000,6,ACCGCT,183,0.00013118279569892472
Maize_directory_epoch2000,6,ACCGGA,182,0.00013046594982078853
Maize_directory_epoch2000,6,ACCGGC,170,0.00012186379928315412
Maize_directory_epoch2000,6,ACCGGG,58,4.157706093189964e-05
Maize_directory_epoch2000,6,ACCGGT,168,0.00012043010752688172
Maize_directory_epoch2000,6,ACCGTA,118,8.458781362007169e-05
Maize_directory_epoch2000,6,ACCGTC,260,0.0001863799283154122
Maize_directory_epoch2000,6,ACCGTG,135,9.67741935483871e-05
Maize_directory_epoch2000,6,ACCGTT,253,0.00018136200716845877
Maize_directory_epoch2000,6,ACCTAA,221,0.00015842293906810035
Maize_directory_epoch2000,6,ACCTAC,130,9.31899641577061e-05
Maize_directory_epoch2000,6,ACCTAG,114,8.172043010752688e-05
Maize_directory_epoch2000,6,ACCTAT,209,0.00014982078853046594
Maize_directory_epoch2000,6,ACCTCA,307,0.00022007168458781362
Maize_directory_epoch2000,6,ACCTCC,265,0.00018996415770609318
Maize_directory_epoch2000,6,ACCTCG,176,0.00012616487455197132
Maize_directory_epoch2000,6,ACCTCT,424,0.0003039426523297491
Maize_directory_epoch2000,6,ACCTGA,189,0.00013548387096774193
Maize_directory_epoch2000,6,ACCTGC,110,7.885304659498208e-05
Maize_directory_epoch2000,6,ACCTGG,95,6.810035842293906e-05
Maize_directory_epoch2000,6,ACCTGT,169,0.00012114695340501792
Maize_directory_epoch2000,6,ACCTTA,201,0.00014408602150537634
Maize_directory_epoch2000,6,ACCTTC,356,0.00025519713261648743
Maize_directory_epoch2000,6,ACCTTG,212,0.00015197132616487455
Maize_directory_epoch2000,6,ACCTTT,460,0.00032974910394265234
Maize_directory_epoch2000,6,ACGAAA,359,0.00025734767025089607
Maize_directory_epoch2000,6,ACGAAC,163,0.00011684587813620071
Maize_directory_epoch2000,6,ACGAAG,371,0.0002659498207885305
Maize_directory_epoch2000,6,ACGAAT,314,0.00022508960573476702
Maize_directory_epoch2000,6,ACGACA,194,0.00013906810035842294
Maize_directory_epoch2000,6,ACGACC,144,0.0001032258064516129
Maize_directory_epoch2000,6,ACGACG,277,0.0001985663082437276
Maize_directory_epoch2000,6,ACGACT,161,0.00011541218637992832
Maize_directory_epoch2000,6,ACGAGA,236,0.00016917562724014338
Maize_directory_epoch2000,6,ACGAGC,102,7.311827956989248e-05
Maize_directory_epoch2000,6,ACGAGG,125,8.960573476702509e-05
Maize_directory_epoch2000,6,ACGAGT,173,0.00012401433691756273
Maize_directory_epoch2000,6,ACGATA,226,0.00016200716845878136
Maize_directory_epoch2000,6,ACGATC,308,0.0002207885304659498
Maize_directory_epoch2000,6,ACGATG,325,0.00023297491039426523
Maize_directory_epoch2000,6,ACGATT,449,0.0003218637992831541
Maize_directory_epoch2000,6,ACGCAA,128,9.175627240143369e-05
Maize_directory_epoch2000,6,ACGCAC,76,5.448028673835126e-05
Maize_directory_epoch2000,6,ACGCAG,88,6.308243727598566e-05
Maize_directory_epoch2000,6,ACGCAT,93,6.666666666666667e-05
Maize_directory_epoch2000,6,ACGCCA,119,8.530465949820788e-05
Maize_directory_epoch2000,6,ACGCCC,70,5.017921146953405e-05
Maize_directory_epoch2000,6,ACGCCG,233,0.00016702508960573476
Maize_directory_epoch2000,6,ACGCCT,110,7.885304659498208e-05
Maize_directory_epoch2000,6,ACGCGA,75,5.3763440860215054e-05
Maize_directory_epoch2000,6,ACGCGC,45,3.2258064516129034e-05
Maize_directory_epoch2000,6,ACGCGG,50,3.5842293906810036e-05
Maize_directory_epoch2000,6,ACGCGT,76,5.448028673835126e-05
Maize_directory_epoch2000,6,ACGCTA,93,6.666666666666667e-05
Maize_directory_epoch2000,6,ACGCTC,128,9.175627240143369e-05
Maize_directory_epoch2000,6,ACGCTG,123,8.817204301075268e-05
Maize_directory_epoch2000,6,ACGCTT,203,0.00014551971326164873
Maize_directory_epoch2000,6,ACGGAA,181,0.00012974910394265233
Maize_directory_epoch2000,6,ACGGAC,82,5.8781362007168455e-05
Maize_directory_epoch2000,6,ACGGAG,247,0.0001770609318996416
Maize_directory_epoch2000,6,ACGGAT,220,0.00015770609318996415
Maize_directory_epoch2000,6,ACGGCA,119,8.530465949820788e-05
Maize_directory_epoch2000,6,ACGGCC,83,5.949820788530466e-05
Maize_directory_epoch2000,6,ACGGCG,235,0.00016845878136200718
Maize_directory_epoch2000,6,ACGGCT,115,8.243727598566309e-05
Maize_directory_epoch2000,6,ACGGGA,82,5.8781362007168455e-05
Maize_directory_epoch2000,6,ACGGGC,37,2.6523297491039425e-05
Maize_directory_epoch2000,6,ACGGGG,41,2.9390681003584228e-05
Maize_directory_epoch2000,6,ACGGGT,92,6.594982078853046e-05
Maize_directory_epoch2000,6,ACGGTA,91,6.523297491039426e-05
Maize_directory_epoch2000,6,ACGGTC,97,6.953405017921147e-05
Maize_directory_epoch2000,6,ACGGTG,189,0.00013548387096774193
Maize_directory_epoch2000,6,ACGGTT,223,0.00015985663082437277
Maize_directory_epoch2000,6,ACGTAA,136,9.74910394265233e-05
Maize_directory_epoch2000,6,ACGTAC,61,4.3727598566308243e-05
Maize_directory_epoch2000,6,ACGTAG,116,8.315412186379928e-05
Maize_directory_epoch2000,6,ACGTAT,144,0.0001032258064516129
Maize_directory_epoch2000,6,ACGTCA,151,0.0001082437275985663
Maize_directory_epoch2000,6,ACGTCC,117,8.387096774193548e-05
Maize_directory_epoch2000,6,ACGTCG,248,0.00017777777777777779
Maize_directory_epoch2000,6,ACGTCT,226,0.00016200716845878136
Maize_directory_epoch2000,6,ACGTGA,135,9.67741935483871e-05
Maize_directory_epoch2000,6,ACGTGC,59,4.2293906810035844e-05
Maize_directory_epoch2000,6,ACGTGG,132,9.462365591397849e-05
Maize_directory_epoch2000,6,ACGTGT,132,9.462365591397849e-05
Maize_directory_epoch2000,6,ACGTTA,165,0.00011827956989247312
Maize_directory_epoch2000,6,ACGTTC,213,0.00015268817204301075
Maize_directory_epoch2000,6,ACGTTG,250,0.00017921146953405018
Maize_directory_epoch2000,6,ACGTTT,437,0.0003132616487455197
Maize_directory_epoch2000,6,ACTAAA,347,0.00024874551971326166
Maize_directory_epoch2000,6,ACTAAC,181,0.00012974910394265233
Maize_directory_epoch2000,6,ACTAAG,164,0.00011756272401433691
Maize_directory_epoch2000,6,ACTAAT,328,0.00023512544802867382
Maize_directory_epoch2000,6,ACTACA,181,0.00012974910394265233
Maize_directory_epoch2000,6,ACTACC,123,8.817204301075268e-05
Maize_directory_epoch2000,6,ACTACG,116,8.315412186379928e-05
Maize_directory_epoch2000,6,ACTACT,198,0.00014193548387096775
Maize_directory_epoch2000,6,ACTAGA,180,0.00012903225806451613
Maize_directory_epoch2000,6,ACTAGC,84,6.021505376344086e-05
Maize_directory_epoch2000,6,ACTAGG,80,5.7347670250896056e-05
Maize_directory_epoch2000,6,ACTAGT,158,0.00011326164874551972
Maize_directory_epoch2000,6,ACTATA,194,0.00013906810035842294
Maize_directory_epoch2000,6,ACTATC,258,0.00018494623655913978
Maize_directory_epoch2000,6,ACTATG,192,0.00013763440860215055
Maize_directory_epoch2000,6,ACTATT,413,0.0002960573476702509
Maize_directory_epoch2000,6,ACTCAA,409,0.0002931899641577061
Maize_directory_epoch2000,6,ACTCAC,233,0.00016702508960573476
Maize_directory_epoch2000,6,ACTCAG,212,0.00015197132616487455
Maize_directory_epoch2000,6,ACTCAT,342,0.0002451612903225806
Maize_directory_epoch2000,6,ACTCCA,302,0.0002164874551971326
Maize_directory_epoch2000,6,ACTCCC,215,0.00015412186379928314
Maize_directory_epoch2000,6,ACTCCG,290,0.0002078853046594982
Maize_directory_epoch2000,6,ACTCCT,380,0.00027240143369175625
Maize_directory_epoch2000,6,ACTCGA,280,0.0002007168458781362
Maize_directory_epoch2000,6,ACTCGC,146,0.00010465949820788531
Maize_directory_epoch2000,6,ACTCGG,111,7.956989247311829e-05
Maize_directory_epoch2000,6,ACTCGT,243,0.00017419354838709678
Maize_directory_epoch2000,6,ACTCTA,336,0.00024086021505376345
Maize_directory_epoch2000,6,ACTCTC,714,0.0005118279569892474
Maize_directory_epoch2000,6,ACTCTG,330,0.00023655913978494624
Maize_directory_epoch2000,6,ACTCTT,740,0.0005304659498207886
Maize_directory_epoch2000,6,ACTGAA,244,0.00017491039426523297
Maize_directory_epoch2000,6,ACTGAC,118,8.458781362007169e-05
Maize_directory_epoch2000,6,ACTGAG,176,0.00012616487455197132
Maize_directory_epoch2000,6,ACTGAT,415,0.0002974910394265233
Maize_directory_epoch2000,6,ACTGCA,111,7.956989247311829e-05
Maize_directory_epoch2000,6,ACTGCC,82,5.8781362007168455e-05
Maize_directory_epoch2000,6,ACTGCG,105,7.526881720430108e-05
Maize_directory_epoch2000,6,ACTGCT,208,0.00014910394265232974
Maize_directory_epoch2000,6,ACTGGA,152,0.00010896057347670251
Maize_directory_epoch2000,6,ACTGGC,88,6.308243727598566e-05
Maize_directory_epoch2000,6,ACTGGG,79,5.663082437275986e-05
Maize_directory_epoch2000,6,ACTGGT,199,0.00014265232974910395
Maize_directory_epoch2000,6,ACTGTA,137,9.82078853046595e-05
Maize_directory_epoch2000,6,ACTGTC,157,0.00011254480286738351
Maize_directory_epoch2000,6,ACTGTG,171,0.0001225806451612903
Maize_directory_epoch2000,6,ACTGTT,377,0.00027025089605734766
Maize_directory_epoch2000,6,ACTTAA,318,0.00022795698924731183
Maize_directory_epoch2000,6,ACTTAC,187,0.00013405017921146954
Maize_directory_epoch2000,6,ACTTAG,175,0.00012544802867383513
Maize_directory_epoch2000,6,ACTTAT,388,0.0002781362007168459
Maize_directory_epoch2000,6,ACTTCA,378,0.00027096774193548386
Maize_directory_epoch2000,6,ACTTCC,369,0.0002645161290322581
Maize_directory_epoch2000,6,ACTTCG,315,0.00022580645161290321
Maize_directory_epoch2000,6,ACTTCT,730,0.0005232974910394265
Maize_directory_epoch2000,6,ACTTGA,307,0.00022007168458781362
Maize_directory_epoch2000,6,ACTTGC,171,0.0001225806451612903
Maize_directory_epoch2000,6,ACTTGG,248,0.00017777777777777779
Maize_directory_epoch2000,6,ACTTGT,381,0.00027311827956989245
Maize_directory_epoch2000,6,ACTTTA,411,0.0002946236559139785
Maize_directory_epoch2000,6,ACTTTC,555,0.0003978494623655914
Maize_directory_epoch2000,6,ACTTTG,506,0.00036272401433691754
Maize_directory_epoch2000,6,ACTTTT,1037,0.0007433691756272401
Maize_directory_epoch2000,6,AGAAAA,991,0.000710394265232975
Maize_directory_epoch2000,6,AGAAAC,493,0.00035340501792114693
Maize_directory_epoch2000,6,AGAAAG,483,0.00034623655913978497
Maize_directory_epoch2000,6,AGAAAT,700,0.0005017921146953405
Maize_directory_epoch2000,6,AGAACA,318,0.00022795698924731183
Maize_directory_epoch2000,6,AGAACC,276,0.0001978494623655914
Maize_directory_epoch2000,6,AGAACG,175,0.00012544802867383513
Maize_directory_epoch2000,6,AGAACT,295,0.0002114695340501792
Maize_directory_epoch2000,6,AGAAGA,962,0.000689605734767025
Maize_directory_epoch2000,6,AGAAGC,373,0.0002673835125448029
Maize_directory_epoch2000,6,AGAAGG,286,0.0002050179211469534
Maize_directory_epoch2000,6,AGAAGT,362,0.00025949820788530466
Maize_directory_epoch2000,6,AGAATA,363,0.00026021505376344086
Maize_directory_epoch2000,6,AGAATC,595,0.00042652329749103945
Maize_directory_epoch2000,6,AGAATG,292,0.00020931899641577062
Maize_directory_epoch2000,6,AGAATT,686,0.0004917562724014336
Maize_directory_epoch2000,6,AGACAA,315,0.00022580645161290321
Maize_directory_epoch2000,6,AGACAC,152,0.00010896057347670251
Maize_directory_epoch2000,6,AGACAG,148,0.0001060931899641577
Maize_directory_epoch2000,6,AGACAT,187,0.00013405017921146954
Maize_directory_epoch2000,6,AGACCA,204,0.00014623655913978496
Maize_directory_epoch2000,6,AGACCC,155,0.00011111111111111112
Maize_directory_epoch2000,6,AGACCG,110,7.885304659498208e-05
Maize_directory_epoch2000,6,AGACCT,176,0.00012616487455197132
Maize_directory_epoch2000,6,AGACGA,282,0.0002021505376344086
Maize_directory_epoch2000,6,AGACGC,114,8.172043010752688e-05
Maize_directory_epoch2000,6,AGACGG,155,0.00011111111111111112
Maize_directory_epoch2000,6,AGACGT,134,9.60573476702509e-05
Maize_directory_epoch2000,6,AGACTA,181,0.00012974910394265233
Maize_directory_epoch2000,6,AGACTC,267,0.0001913978494623656
Maize_directory_epoch2000,6,AGACTG,140,0.0001003584229390681
Maize_directory_epoch2000,6,AGACTT,294,0.000210752688172043
Maize_directory_epoch2000,6,AGAGAA,597,0.00042795698924731184
Maize_directory_epoch2000,6,AGAGAC,238,0.00017060931899641577
Maize_directory_epoch2000,6,AGAGAG,389,0.00027885304659498207
Maize_directory_epoch2000,6,AGAGAT,554,0.0003971326164874552
Maize_directory_epoch2000,6,AGAGCA,191,0.00013691756272401435
Maize_directory_epoch2000,6,AGAGCC,132,9.462365591397849e-05
Maize_directory_epoch2000,6,AGAGCG,130,9.31899641577061e-05
Maize_directory_epoch2000,6,AGAGCT,272,0.0001949820788530466
Maize_directory_epoch2000,6,AGAGGA,334,0.00023942652329749103
Maize_directory_epoch2000,6,AGAGGC,124,8.888888888888889e-05
Maize_directory_epoch2000,6,AGAGGG,87,6.236559139784946e-05
Maize_directory_epoch2000,6,AGAGGT,198,0.00014193548387096775
Maize_directory_epoch2000,6,AGAGTA,208,0.00014910394265232974
Maize_directory_epoch2000,6,AGAGTC,235,0.00016845878136200718
Maize_directory_epoch2000,6,AGAGTG,180,0.00012903225806451613
Maize_directory_epoch2000,6,AGAGTT,455,0.0003261648745519713
Maize_directory_epoch2000,6,AGATAA,382,0.0002738351254480287
Maize_directory_epoch2000,6,AGATAC,246,0.00017634408602150537
Maize_directory_epoch2000,6,AGATAG,234,0.00016774193548387096
Maize_directory_epoch2000,6,AGATAT,432,0.00030967741935483873
Maize_directory_epoch2000,6,AGATCA,526,0.00037706093189964157
Maize_directory_epoch2000,6,AGATCC,464,0.0003326164874551971
Maize_directory_epoch2000,6,AGATCG,321,0.00023010752688172042
Maize_directory_epoch2000,6,AGATCT,761,0.0005455197132616487
Maize_directory_epoch2000,6,AGATGA,499,0.00035770609318996416
Maize_directory_epoch2000,6,AGATGC,217,0.00015555555555555556
Maize_directory_epoch2000,6,AGATGG,301,0.0002157706093189964
Maize_directory_epoch2000,6,AGATGT,383,0.0002745519713261649
Maize_directory_epoch2000,6,AGATTA,529,0.00037921146953405016
Maize_directory_epoch2000,6,AGATTC,866,0.0006207885304659499
Maize_directory_epoch2000,6,AGATTG,513,0.00036774193548387097
Maize_directory_epoch2000,6,AGATTT,1401,0.0010043010752688172
Maize_directory_epoch2000,6,AGCAAA,376,0.00026953405017921146
Maize_directory_epoch2000,6,AGCAAC,233,0.00016702508960573476
Maize_directory_epoch2000,6,AGCAAG,181,0.00012974910394265233
Maize_directory_epoch2000,6,AGCAAT,272,0.0001949820788530466
Maize_directory_epoch2000,6,AGCACA,134,9.60573476702509e-05
Maize_directory_epoch2000,6,AGCACC,127,9.10394265232975e-05
Maize_directory_epoch2000,6,AGCACG,80,5.7347670250896056e-05
Maize_directory_epoch2000,6,AGCACT,110,7.885304659498208e-05
Maize_directory_epoch2000,6,AGCAGA,248,0.00017777777777777779
Maize_directory_epoch2000,6,AGCAGC,146,0.00010465949820788531
Maize_directory_epoch2000,6,AGCAGG,58,4.157706093189964e-05
Maize_directory_epoch2000,6,AGCAGT,126,9.032258064516129e-05
Maize_directory_epoch2000,6,AGCATA,138,9.89247311827957e-05
Maize_directory_epoch2000,6,AGCATC,208,0.00014910394265232974
Maize_directory_epoch2000,6,AGCATG,100,7.168458781362007e-05
Maize_directory_epoch2000,6,AGCATT,203,0.00014551971326164873
Maize_directory_epoch2000,6,AGCCAA,238,0.00017060931899641577
Maize_directory_epoch2000,6,AGCCAC,170,0.00012186379928315412
Maize_directory_epoch2000,6,AGCCAG,86,6.164874551971327e-05
Maize_directory_epoch2000,6,AGCCAT,181,0.00012974910394265233
Maize_directory_epoch2000,6,AGCCCA,143,0.0001025089605734767
Maize_directory_epoch2000,6,AGCCCC,65,4.659498207885305e-05
Maize_directory_epoch2000,6,AGCCCG,61,4.3727598566308243e-05
Maize_directory_epoch2000,6,AGCCCT,115,8.243727598566309e-05
Maize_directory_epoch2000,6,AGCCGA,175,0.00012544802867383513
Maize_directory_epoch2000,6,AGCCGC,148,0.0001060931899641577
Maize_directory_epoch2000,6,AGCCGG,120,8.602150537634408e-05
Maize_directory_epoch2000,6,AGCCGT,122,8.745519713261649e-05
Maize_directory_epoch2000,6,AGCCTA,130,9.31899641577061e-05
Maize_directory_epoch2000,6,AGCCTC,221,0.00015842293906810035
Maize_directory_epoch2000,6,AGCCTG,82,5.8781362007168455e-05
Maize_directory_epoch2000,6,AGCCTT,240,0.00017204301075268816
Maize_directory_epoch2000,6,AGCGAA,209,0.00014982078853046594
Maize_directory_epoch2000,6,AGCGAC,133,9.53405017921147e-05
Maize_directory_epoch2000,6,AGCGAG,121,8.673835125448029e-05
Maize_directory_epoch2000,6,AGCGAT,226,0.00016200716845878136
Maize_directory_epoch2000,6,AGCGCA,54,3.870967741935484e-05
Maize_directory_epoch2000,6,AGCGCC,86,6.164874551971327e-05
Maize_directory_epoch2000,6,AGCGCG,46,3.297491039426523e-05
Maize_directory_epoch2000,6,AGCGCT,64,4.5878136200716846e-05
Maize_directory_epoch2000,6,AGCGGA,119,8.530465949820788e-05
Maize_directory_epoch2000,6,AGCGGC,125,8.960573476702509e-05
Maize_directory_epoch2000,6,AGCGGG,38,2.724014336917563e-05
Maize_directory_epoch2000,6,AGCGGT,103,7.383512544802867e-05
Maize_directory_epoch2000,6,AGCGTA,75,5.3763440860215054e-05
Maize_directory_epoch2000,6,AGCGTC,140,0.0001003584229390681
Maize_directory_epoch2000,6,AGCGTG,59,4.2293906810035844e-05
Maize_directory_epoch2000,6,AGCGTT,171,0.0001225806451612903
Maize_directory_epoch2000,6,AGCTAA,212,0.00015197132616487455
Maize_directory_epoch2000,6,AGCTAC,169,0.00012114695340501792
Maize_directory_epoch2000,6,AGCTAG,120,8.602150537634408e-05
Maize_directory_epoch2000,6,AGCTAT,248,0.00017777777777777779
Maize_directory_epoch2000,6,AGCTCA,287,0.0002057347670250896
Maize_directory_epoch2000,6,AGCTCC,313,0.00022437275985663082
Maize_directory_epoch2000,6,AGCTCG,168,0.00012043010752688172
Maize_directory_epoch2000,6,AGCTCT,492,0.00035268817204301073
Maize_directory_epoch2000,6,AGCTGA,231,0.00016559139784946237
Maize_directory_epoch2000,6,AGCTGC,156,0.00011182795698924731
Maize_directory_epoch2000,6,AGCTGG,121,8.673835125448029e-05
Maize_directory_epoch2000,6,AGCTGT,211,0.00015125448028673836
Maize_directory_epoch2000,6,AGCTTA,260,0.0001863799283154122
Maize_directory_epoch2000,6,AGCTTC,535,0.0003835125448028674
Maize_directory_epoch2000,6,AGCTTG,257,0.00018422939068100358
Maize_directory_epoch2000,6,AGCTTT,662,0.0004745519713261649
Maize_directory_epoch2000,6,AGGAAA,374,0.00026810035842293907
Maize_directory_epoch2000,6,AGGAAC,154,0.0001103942652329749
Maize_directory_epoch2000,6,AGGAAG,320,0.00022939068100358422
Maize_directory_epoch2000,6,AGGAAT,287,0.0002057347670250896
Maize_directory_epoch2000,6,AGGACA,102,7.311827956989248e-05
Maize_directory_epoch2000,6,AGGACC,71,5.089605734767025e-05
Maize_directory_epoch2000,6,AGGACG,103,7.383512544802867e-05
Maize_directory_epoch2000,6,AGGACT,95,6.810035842293906e-05
Maize_directory_epoch2000,6,AGGAGA,359,0.00025734767025089607
Maize_directory_epoch2000,6,AGGAGC,194,0.00013906810035842294
Maize_directory_epoch2000,6,AGGAGG,208,0.00014910394265232974
Maize_directory_epoch2000,6,AGGAGT,164,0.00011756272401433691
Maize_directory_epoch2000,6,AGGATA,199,0.00014265232974910395
Maize_directory_epoch2000,6,AGGATC,273,0.0001956989247311828
Maize_directory_epoch2000,6,AGGATG,205,0.00014695340501792115
Maize_directory_epoch2000,6,AGGATT,464,0.0003326164874551971
Maize_directory_epoch2000,6,AGGCAA,143,0.0001025089605734767
Maize_directory_epoch2000,6,AGGCAC,71,5.089605734767025e-05
Maize_directory_epoch2000,6,AGGCAG,69,4.946236559139785e-05
Maize_directory_epoch2000,6,AGGCAT,81,5.806451612903226e-05
Maize_directory_epoch2000,6,AGGCCA,90,6.451612903225807e-05
Maize_directory_epoch2000,6,AGGCCC,61,4.3727598566308243e-05
Maize_directory_epoch2000,6,AGGCCG,62,4.4444444444444447e-05
Maize_directory_epoch2000,6,AGGCCT,67,4.802867383512545e-05
Maize_directory_epoch2000,6,AGGCGA,111,7.956989247311829e-05
Maize_directory_epoch2000,6,AGGCGC,45,3.2258064516129034e-05
Maize_directory_epoch2000,6,AGGCGG,110,7.885304659498208e-05
Maize_directory_epoch2000,6,AGGCGT,70,5.017921146953405e-05
Maize_directory_epoch2000,6,AGGCTA,97,6.953405017921147e-05
Maize_directory_epoch2000,6,AGGCTC,151,0.0001082437275985663
Maize_directory_epoch2000,6,AGGCTG,91,6.523297491039426e-05
Maize_directory_epoch2000,6,AGGCTT,194,0.00013906810035842294
Maize_directory_epoch2000,6,AGGGAA,164,0.00011756272401433691
Maize_directory_epoch2000,6,AGGGAC,60,4.301075268817204e-05
Maize_directory_epoch2000,6,AGGGAG,124,8.888888888888889e-05
Maize_directory_epoch2000,6,AGGGAT,188,0.00013476702508960573
Maize_directory_epoch2000,6,AGGGCA,45,3.2258064516129034e-05
Maize_directory_epoch2000,6,AGGGCC,27,1.935483870967742e-05
Maize_directory_epoch2000,6,AGGGCG,38,2.724014336917563e-05
Maize_directory_epoch2000,6,AGGGCT,75,5.3763440860215054e-05
Maize_directory_epoch2000,6,AGGGGA,86,6.164874551971327e-05
Maize_directory_epoch2000,6,AGGGGC,27,1.935483870967742e-05
Maize_directory_epoch2000,6,AGGGGG,27,1.935483870967742e-05
Maize_directory_epoch2000,6,AGGGGT,59,4.2293906810035844e-05
Maize_directory_epoch2000,6,AGGGTA,84,6.021505376344086e-05
Maize_directory_epoch2000,6,AGGGTC,88,6.308243727598566e-05
Maize_directory_epoch2000,6,AGGGTG,74,5.304659498207885e-05
Maize_directory_epoch2000,6,AGGGTT,254,0.000182078853046595
Maize_directory_epoch2000,6,AGGTAA,157,0.00011254480286738351
Maize_directory_epoch2000,6,AGGTAC,80,5.7347670250896056e-05
Maize_directory_epoch2000,6,AGGTAG,99,7.096774193548388e-05
Maize_directory_epoch2000,6,AGGTAT,149,0.00010681003584229391
Maize_directory_epoch2000,6,AGGTCA,121,8.673835125448029e-05
Maize_directory_epoch2000,6,AGGTCC,90,6.451612903225807e-05
Maize_directory_epoch2000,6,AGGTCG,116,8.315412186379928e-05
Maize_directory_epoch2000,6,AGGTCT,166,0.00011899641577060932
Maize_directory_epoch2000,6,AGGTGA,209,0.00014982078853046594
Maize_directory_epoch2000,6,AGGTGC,84,6.021505376344086e-05
Maize_directory_epoch2000,6,AGGTGG,141,0.0001010752688172043
Maize_directory_epoch2000,6,AGGTGT,159,0.00011397849462365592
Maize_directory_epoch2000,6,AGGTTA,232,0.00016630824372759856
Maize_directory_epoch2000,6,AGGTTC,320,0.00022939068100358422
Maize_directory_epoch2000,6,AGGTTG,222,0.00015913978494623657
Maize_directory_epoch2000,6,AGGTTT,700,0.0005017921146953405
Maize_directory_epoch2000,6,AGTAAA,375,0.00026881720430107527
Maize_directory_epoch2000,6,AGTAAC,191,0.00013691756272401435
Maize_directory_epoch2000,6,AGTAAG,164,0.00011756272401433691
Maize_directory_epoch2000,6,AGTAAT,333,0.00023870967741935483
Maize_directory_epoch2000,6,AGTACA,122,8.745519713261649e-05
Maize_directory_epoch2000,6,AGTACC,90,6.451612903225807e-05
Maize_directory_epoch2000,6,AGTACG,56,4.014336917562724e-05
Maize_directory_epoch2000,6,AGTACT,134,9.60573476702509e-05
Maize_directory_epoch2000,6,AGTAGA,221,0.00015842293906810035
Maize_directory_epoch2000,6,AGTAGC,124,8.888888888888889e-05
Maize_directory_epoch2000,6,AGTAGG,80,5.7347670250896056e-05
Maize_directory_epoch2000,6,AGTAGT,130,9.31899641577061e-05
Maize_directory_epoch2000,6,AGTATA,170,0.00012186379928315412
Maize_directory_epoch2000,6,AGTATC,258,0.00018494623655913978
Maize_directory_epoch2000,6,AGTATG,143,0.0001025089605734767
Maize_directory_epoch2000,6,AGTATT,348,0.00024946236559139786
Maize_directory_epoch2000,6,AGTCAA,280,0.0002007168458781362
Maize_directory_epoch2000,6,AGTCAC,177,0.00012688172043010752
Maize_directory_epoch2000,6,AGTCAG,137,9.82078853046595e-05
Maize_directory_epoch2000,6,AGTCAT,235,0.00016845878136200718
Maize_directory_epoch2000,6,AGTCCA,181,0.00012974910394265233
Maize_directory_epoch2000,6,AGTCCC,107,7.670250896057347e-05
Maize_directory_epoch2000,6,AGTCCG,118,8.458781362007169e-05
Maize_directory_epoch2000,6,AGTCCT,189,0.00013548387096774193
Maize_directory_epoch2000,6,AGTCGA,231,0.00016559139784946237
Maize_directory_epoch2000,6,AGTCGC,154,0.0001103942652329749
Maize_directory_epoch2000,6,AGTCGG,120,8.602150537634408e-05
Maize_directory_epoch2000,6,AGTCGT,189,0.00013548387096774193
Maize_directory_epoch2000,6,AGTCTA,222,0.00015913978494623657
Maize_directory_epoch2000,6,AGTCTC,396,0.0002838709677419355
Maize_directory_epoch2000,6,AGTCTG,199,0.00014265232974910395
Maize_directory_epoch2000,6,AGTCTT,474,0.00033978494623655914
Maize_directory_epoch2000,6,AGTGAA,275,0.0001971326164874552
Maize_directory_epoch2000,6,AGTGAC,148,0.0001060931899641577
Maize_directory_epoch2000,6,AGTGAG,168,0.00012043010752688172
Maize_directory_epoch2000,6,AGTGAT,359,0.00025734767025089607
Maize_directory_epoch2000,6,AGTGCA,85,6.093189964157706e-05
Maize_directory_epoch2000,6,AGTGCC,66,4.7311827956989246e-05
Maize_directory_epoch2000,6,AGTGCG,50,3.5842293906810036e-05
Maize_directory_epoch2000,6,AGTGCT,150,0.00010752688172043011
Maize_directory_epoch2000,6,AGTGGA,211,0.00015125448028673836
Maize_directory_epoch2000,6,AGTGGC,116,8.315412186379928e-05
Maize_directory_epoch2000,6,AGTGGG,98,7.025089605734767e-05
Maize_directory_epoch2000,6,AGTGGT,180,0.00012903225806451613
Maize_directory_epoch2000,6,AGTGTA,178,0.00012759856630824371
Maize_directory_epoch2000,6,AGTGTC,211,0.00015125448028673836
Maize_directory_epoch2000,6,AGTGTG,146,0.00010465949820788531
Maize_directory_epoch2000,6,AGTGTT,424,0.0003039426523297491
Maize_directory_epoch2000,6,AGTTAA,353,0.00025304659498207884
Maize_directory_epoch2000,6,AGTTAC,214,0.00015340501792114695
Maize_directory_epoch2000,6,AGTTAG,221,0.00015842293906810035
Maize_directory_epoch2000,6,AGTTAT,429,0.0003075268817204301
Maize_directory_epoch2000,6,AGTTCA,305,0.00021863799283154122
Maize_directory_epoch2000,6,AGTTCC,299,0.00021433691756272402
Maize_directory_epoch2000,6,AGTTCG,261,0.0001870967741935484
Maize_directory_epoch2000,6,AGTTCT,578,0.000414336917562724
Maize_directory_epoch2000,6,AGTTGA,402,0.0002881720430107527
Maize_directory_epoch2000,6,AGTTGC,224,0.00016057347670250896
Maize_directory_epoch2000,6,AGTTGG,253,0.00018136200716845877
Maize_directory_epoch2000,6,AGTTGT,462,0.00033118279569892473
Maize_directory_epoch2000,6,AGTTTA,604,0.0004329749103942652
Maize_directory_epoch2000,6,AGTTTC,784,0.0005620071684587813
Maize_directory_epoch2000,6,AGTTTG,633,0.00045376344086021507
Maize_directory_epoch2000,6,AGTTTT,1490,0.0010681003584229391
Maize_directory_epoch2000,6,ATAAAA,819,0.0005870967741935484
Maize_directory_epoch2000,6,ATAAAC,373,0.0002673835125448029
Maize_directory_epoch2000,6,ATAAAG,386,0.0002767025089605735
Maize_directory_epoch2000,6,ATAAAT,687,0.0004924731182795698
Maize_directory_epoch2000,6,ATAACA,284,0.000203584229390681
Maize_directory_epoch2000,6,ATAACC,225,0.00016129032258064516
Maize_directory_epoch2000,6,ATAACG,156,0.00011182795698924731
Maize_directory_epoch2000,6,ATAACT,303,0.0002172043010752688
Maize_directory_epoch2000,6,ATAAGA,399,0.0002860215053763441
Maize_directory_epoch2000,6,ATAAGC,187,0.00013405017921146954
Maize_directory_epoch2000,6,ATAAGG,165,0.00011827956989247312
Maize_directory_epoch2000,6,ATAAGT,308,0.0002207885304659498
Maize_directory_epoch2000,6,ATAATA,425,0.0003046594982078853
Maize_directory_epoch2000,6,ATAATC,443,0.0003175627240143369
Maize_directory_epoch2000,6,ATAATG,325,0.00023297491039426523
Maize_directory_epoch2000,6,ATAATT,789,0.0005655913978494624
Maize_directory_epoch2000,6,ATACAA,314,0.00022508960573476702
Maize_directory_epoch2000,6,ATACAC,145,0.0001039426523297491
Maize_directory_epoch2000,6,ATACAG,128,9.175627240143369e-05
Maize_directory_epoch2000,6,ATACAT,270,0.0001935483870967742
Maize_directory_epoch2000,6,ATACCA,210,0.00015053763440860216
Maize_directory_epoch2000,6,ATACCC,132,9.462365591397849e-05
Maize_directory_epoch2000,6,ATACCG,127,9.10394265232975e-05
Maize_directory_epoch2000,6,ATACCT,188,0.00013476702508960573
Maize_directory_epoch2000,6,ATACGA,181,0.00012974910394265233
Maize_directory_epoch2000,6,ATACGC,83,5.949820788530466e-05
Maize_directory_epoch2000,6,ATACGG,97,6.953405017921147e-05
Maize_directory_epoch2000,6,ATACGT,147,0.0001053763440860215
Maize_directory_epoch2000,6,ATACTA,198,0.00014193548387096775
Maize_directory_epoch2000,6,ATACTC,297,0.00021290322580645163
Maize_directory_epoch2000,6,ATACTG,161,0.00011541218637992832
Maize_directory_epoch2000,6,ATACTT,417,0.0002989247311827957
Maize_directory_epoch2000,6,ATAGAA,373,0.0002673835125448029
Maize_directory_epoch2000,6,ATAGAC,164,0.00011756272401433691
Maize_directory_epoch2000,6,ATAGAG,251,0.00017992831541218638
Maize_directory_epoch2000,6,ATAGAT,482,0.00034551971326164877
Maize_directory_epoch2000,6,ATAGCA,143,0.0001025089605734767
Maize_directory_epoch2000,6,ATAGCC,100,7.168458781362007e-05
Maize_directory_epoch2000,6,ATAGCG,94,6.738351254480287e-05
Maize_directory_epoch2000,6,ATAGCT,211,0.00015125448028673836
Maize_directory_epoch2000,6,ATAGGA,159,0.00011397849462365592
Maize_directory_epoch2000,6,ATAGGC,65,4.659498207885305e-05
Maize_directory_epoch2000,6,ATAGGG,98,7.025089605734767e-05
Maize_directory_epoch2000,6,ATAGGT,191,0.00013691756272401435
Maize_directory_epoch2000,6,ATAGTA,212,0.00015197132616487455
Maize_directory_epoch2000,6,ATAGTC,190,0.00013620071684587813
Maize_directory_epoch2000,6,ATAGTG,200,0.00014336917562724014
Maize_directory_epoch2000,6,ATAGTT,455,0.0003261648745519713
Maize_directory_epoch2000,6,ATATAA,472,0.00033835125448028675
Maize_directory_epoch2000,6,ATATAC,223,0.00015985663082437277
Maize_directory_epoch2000,6,ATATAG,233,0.00016702508960573476
Maize_directory_epoch2000,6,ATATAT,577,0.0004136200716845878
Maize_directory_epoch2000,6,ATATCA,418,0.0002996415770609319
Maize_directory_epoch2000,6,ATATCC,294,0.000210752688172043
Maize_directory_epoch2000,6,ATATCG,251,0.00017992831541218638
Maize_directory_epoch2000,6,ATATCT,689,0.0004939068100358423
Maize_directory_epoch2000,6,ATATGA,363,0.00026021505376344086
Maize_directory_epoch2000,6,ATATGC,170,0.00012186379928315412
Maize_directory_epoch2000,6,ATATGG,300,0.00021505376344086021
Maize_directory_epoch2000,6,ATATGT,428,0.0003068100358422939
Maize_directory_epoch2000,6,ATATTA,526,0.00037706093189964157
Maize_directory_epoch2000,6,ATATTC,518,0.00037132616487455195
Maize_directory_epoch2000,6,ATATTG,524,0.0003756272401433692
Maize_directory_epoch2000,6,ATATTT,1262,0.0009046594982078853
Maize_directory_epoch2000,6,ATCAAA,846,0.0006064516129032258
Maize_directory_epoch2000,6,ATCAAC,449,0.0003218637992831541
Maize_directory_epoch2000,6,ATCAAG,408,0.0002924731182795699
Maize_directory_epoch2000,6,ATCAAT,757,0.0005426523297491039
Maize_directory_epoch2000,6,ATCACA,371,0.0002659498207885305
Maize_directory_epoch2000,6,ATCACC,420,0.0003010752688172043
Maize_directory_epoch2000,6,ATCACG,220,0.00015770609318996415
Maize_directory_epoch2000,6,ATCACT,413,0.0002960573476702509
Maize_directory_epoch2000,6,ATCAGA,404,0.00028960573476702507
Maize_directory_epoch2000,6,ATCAGC,227,0.00016272401433691755
Maize_directory_epoch2000,6,ATCAGG,135,9.67741935483871e-05
Maize_directory_epoch2000,6,ATCAGT,283,0.0002028673835125448
Maize_directory_epoch2000,6,ATCATA,340,0.00024372759856630823
Maize_directory_epoch2000,6,ATCATC,716,0.0005132616487455198
Maize_directory_epoch2000,6,ATCATG,348,0.00024946236559139786
Maize_directory_epoch2000,6,ATCATT,723,0.0005182795698924731
Maize_directory_epoch2000,6,ATCCAA,560,0.0004014336917562724
Maize_directory_epoch2000,6,ATCCAC,336,0.00024086021505376345
Maize_directory_epoch2000,6,ATCCAG,215,0.00015412186379928314
Maize_directory_epoch2000,6,ATCCAT,478,0.00034265232974910393
Maize_directory_epoch2000,6,ATCCCA,298,0.00021362007168458782
Maize_directory_epoch2000,6,ATCCCC,244,0.00017491039426523297
Maize_directory_epoch2000,6,ATCCCG,176,0.00012616487455197132
Maize_directory_epoch2000,6,ATCCCT,394,0.0002824372759856631
Maize_directory_epoch2000,6,ATCCGA,410,0.0002939068100358423
Maize_directory_epoch2000,6,ATCCGC,258,0.00018494623655913978
Maize_directory_epoch2000,6,ATCCGG,165,0.00011827956989247312
Maize_directory_epoch2000,6,ATCCGT,309,0.000221505376344086
Maize_directory_epoch2000,6,ATCCTA,327,0.00023440860215053763
Maize_directory_epoch2000,6,ATCCTC,689,0.0004939068100358423
Maize_directory_epoch2000,6,ATCCTG,241,0.00017275985663082438
Maize_directory_epoch2000,6,ATCCTT,626,0.00044874551971326164
Maize_directory_epoch2000,6,ATCGAA,506,0.00036272401433691754
Maize_directory_epoch2000,6,ATCGAC,322,0.00023082437275985664
Maize_directory_epoch2000,6,ATCGAG,284,0.000203584229390681
Maize_directory_epoch2000,6,ATCGAT,715,0.0005125448028673836
Maize_directory_epoch2000,6,ATCGCA,214,0.00015340501792114695
Maize_directory_epoch2000,6,ATCGCC,269,0.000192831541218638
Maize_directory_epoch2000,6,ATCGCG,125,8.960573476702509e-05
Maize_directory_epoch2000,6,ATCGCT,361,0.00025878136200716847
Maize_directory_epoch2000,6,ATCGGA,319,0.00022867383512544803
Maize_directory_epoch2000,6,ATCGGC,183,0.00013118279569892472
Maize_directory_epoch2000,6,ATCGGG,126,9.032258064516129e-05
Maize_directory_epoch2000,6,ATCGGT,283,0.0002028673835125448
Maize_directory_epoch2000,6,ATCGTA,226,0.00016200716845878136
Maize_directory_epoch2000,6,ATCGTC,418,0.0002996415770609319
Maize_directory_epoch2000,6,ATCGTG,248,0.00017777777777777779
Maize_directory_epoch2000,6,ATCGTT,604,0.0004329749103942652
Maize_directory_epoch2000,6,ATCTAA,551,0.0003949820788530466
Maize_directory_epoch2000,6,ATCTAC,345,0.00024731182795698927
Maize_directory_epoch2000,6,ATCTAG,304,0.00021792114695340503
Maize_directory_epoch2000,6,ATCTAT,632,0.0004530465949820789
Maize_directory_epoch2000,6,ATCTCA,737,0.0005283154121863799
Maize_directory_epoch2000,6,ATCTCC,854,0.0006121863799283154
Maize_directory_epoch2000,6,ATCTCG,463,0.00033189964157706093
Maize_directory_epoch2000,6,ATCTCT,1572,0.0011268817204301074
Maize_directory_epoch2000,6,ATCTGA,630,0.00045161290322580643
Maize_directory_epoch2000,6,ATCTGC,346,0.00024802867383512547
Maize_directory_epoch2000,6,ATCTGG,342,0.0002451612903225806
Maize_directory_epoch2000,6,ATCTGT,638,0.00045734767025089605
Maize_directory_epoch2000,6,ATCTTA,642,0.00046021505376344084
Maize_directory_epoch2000,6,ATCTTC,1375,0.000985663082437276
Maize_directory_epoch2000,6,ATCTTG,662,0.0004745519713261649
Maize_directory_epoch2000,6,ATCTTT,1593,0.0011419354838709678
Maize_directory_epoch2000,6,ATGAAA,557,0.0003992831541218638
Maize_directory_epoch2000,6,ATGAAC,238,0.00017060931899641577
Maize_directory_epoch2000,6,ATGAAG,437,0.0003132616487455197
Maize_directory_epoch2000,6,ATGAAT,547,0.0003921146953405018
Maize_directory_epoch2000,6,ATGACA,231,0.00016559139784946237
Maize_directory_epoch2000,6,ATGACC,188,0.00013476702508960573
Maize_directory_epoch2000,6,ATGACG,244,0.00017491039426523297
Maize_directory_epoch2000,6,ATGACT,294,0.000210752688172043
Maize_directory_epoch2000,6,ATGAGA,403,0.0002888888888888889
Maize_directory_epoch2000,6,ATGAGC,180,0.00012903225806451613
Maize_directory_epoch2000,6,ATGAGG,184,0.00013189964157706092
Maize_directory_epoch2000,6,ATGAGT,315,0.00022580645161290321
Maize_directory_epoch2000,6,ATGATA,365,0.00026164874551971325
Maize_directory_epoch2000,6,ATGATC,500,0.00035842293906810036
Maize_directory_epoch2000,6,ATGATG,489,0.00035053763440860214
Maize_directory_epoch2000,6,ATGATT,943,0.0006759856630824373
Maize_directory_epoch2000,6,ATGCAA,200,0.00014336917562724014
Maize_directory_epoch2000,6,ATGCAC,102,7.311827956989248e-05
Maize_directory_epoch2000,6,ATGCAG,117,8.387096774193548e-05
Maize_directory_epoch2000,6,ATGCAT,165,0.00011827956989247312
Maize_directory_epoch2000,6,ATGCCA,130,9.31899641577061e-05
Maize_directory_epoch2000,6,ATGCCC,86,6.164874551971327e-05
Maize_directory_epoch2000,6,ATGCCG,142,0.0001017921146953405
Maize_directory_epoch2000,6,ATGCCT,177,0.00012688172043010752
Maize_directory_epoch2000,6,ATGCGA,158,0.00011326164874551972
Maize_directory_epoch2000,6,ATGCGC,61,4.3727598566308243e-05
Maize_directory_epoch2000,6,ATGCGG,86,6.164874551971327e-05
Maize_directory_epoch2000,6,ATGCGT,119,8.530465949820788e-05
Maize_directory_epoch2000,6,ATGCTA,178,0.00012759856630824371
Maize_directory_epoch2000,6,ATGCTC,285,0.00020430107526881721
Maize_directory_epoch2000,6,ATGCTG,200,0.00014336917562724014
Maize_directory_epoch2000,6,ATGCTT,451,0.0003232974910394265
Maize_directory_epoch2000,6,ATGGAA,364,0.00026093189964157705
Maize_directory_epoch2000,6,ATGGAC,142,0.0001017921146953405
Maize_directory_epoch2000,6,ATGGAG,391,0.00028028673835125446
Maize_directory_epoch2000,6,ATGGAT,475,0.00034050179211469534
Maize_directory_epoch2000,6,ATGGCA,153,0.00010967741935483871
Maize_directory_epoch2000,6,ATGGCC,150,0.00010752688172043011
Maize_directory_epoch2000,6,ATGGCG,241,0.00017275985663082438
Maize_directory_epoch2000,6,ATGGCT,274,0.000196415770609319
Maize_directory_epoch2000,6,ATGGGA,249,0.00017849462365591398
Maize_directory_epoch2000,6,ATGGGC,95,6.810035842293906e-05
Maize_directory_epoch2000,6,ATGGGG,108,7.741935483870968e-05
Maize_directory_epoch2000,6,ATGGGT,250,0.00017921146953405018
Maize_directory_epoch2000,6,ATGGTA,216,0.00015483870967741937
Maize_directory_epoch2000,6,ATGGTC,210,0.00015053763440860216
Maize_directory_epoch2000,6,ATGGTG,343,0.0002458781362007168
Maize_directory_epoch2000,6,ATGGTT,636,0.00045591397849462366
Maize_directory_epoch2000,6,ATGTAA,319,0.00022867383512544803
Maize_directory_epoch2000,6,ATGTAC,142,0.0001017921146953405
Maize_directory_epoch2000,6,ATGTAG,229,0.00016415770609318997
Maize_directory_epoch2000,6,ATGTAT,384,0.0002752688172043011
Maize_directory_epoch2000,6,ATGTCA,282,0.0002021505376344086
Maize_directory_epoch2000,6,ATGTCC,194,0.00013906810035842294
Maize_directory_epoch2000,6,ATGTCG,248,0.00017777777777777779
Maize_directory_epoch2000,6,ATGTCT,497,0.00035627240143369177
Maize_directory_epoch2000,6,ATGTGA,333,0.00023870967741935483
Maize_directory_epoch2000,6,ATGTGC,134,9.60573476702509e-05
Maize_directory_epoch2000,6,ATGTGG,236,0.00016917562724014338
Maize_directory_epoch2000,6,ATGTGT,410,0.0002939068100358423
Maize_directory_epoch2000,6,ATGTTA,410,0.0002939068100358423
Maize_directory_epoch2000,6,ATGTTC,510,0.0003655913978494624
Maize_directory_epoch2000,6,ATGTTG,517,0.00037060931899641575
Maize_directory_epoch2000,6,ATGTTT,1245,0.0008924731182795699
Maize_directory_epoch2000,6,ATTAAA,761,0.0005455197132616487
Maize_directory_epoch2000,6,ATTAAC,310,0.00022222222222222223
Maize_directory_epoch2000,6,ATTAAG,416,0.0002982078853046595
Maize_directory_epoch2000,6,ATTAAT,783,0.0005612903225806451
Maize_directory_epoch2000,6,ATTACA,305,0.00021863799283154122
Maize_directory_epoch2000,6,ATTACC,251,0.00017992831541218638
Maize_directory_epoch2000,6,ATTACG,193,0.00013835125448028674
Maize_directory_epoch2000,6,ATTACT,417,0.0002989247311827957
Maize_directory_epoch2000,6,ATTAGA,482,0.00034551971326164877
Maize_directory_epoch2000,6,ATTAGC,203,0.00014551971326164873
Maize_directory_epoch2000,6,ATTAGG,228,0.00016344086021505375
Maize_directory_epoch2000,6,ATTAGT,476,0.00034121863799283154
Maize_directory_epoch2000,6,ATTATA,547,0.0003921146953405018
Maize_directory_epoch2000,6,ATTATC,610,0.00043727598566308245
Maize_directory_epoch2000,6,ATTATG,519,0.0003720430107526882
Maize_directory_epoch2000,6,ATTATT,1189,0.0008523297491039427
Maize_directory_epoch2000,6,ATTCAA,736,0.0005275985663082437
Maize_directory_epoch2000,6,ATTCAC,407,0.0002917562724014337
Maize_directory_epoch2000,6,ATTCAG,362,0.00025949820788530466
Maize_directory_epoch2000,6,ATTCAT,740,0.0005304659498207886
Maize_directory_epoch2000,6,ATTCCA,483,0.00034623655913978497
Maize_directory_epoch2000,6,ATTCCC,410,0.0002939068100358423
Maize_directory_epoch2000,6,ATTCCG,400,0.0002867383512544803
Maize_directory_epoch2000,6,ATTCCT,694,0.0004974910394265233
Maize_directory_epoch2000,6,ATTCGA,634,0.00045448028673835127
Maize_directory_epoch2000,6,ATTCGC,274,0.000196415770609319
Maize_directory_epoch2000,6,ATTCGG,271,0.00019426523297491038
Maize_directory_epoch2000,6,ATTCGT,584,0.00041863799283154123
Maize_directory_epoch2000,6,ATTCTA,629,0.00045089605734767023
Maize_directory_epoch2000,6,ATTCTC,1285,0.0009211469534050179
Maize_directory_epoch2000,6,ATTCTG,731,0.0005240143369175627
Maize_directory_epoch2000,6,ATTCTT,1637,0.0011734767025089606
Maize_directory_epoch2000,6,ATTGAA,730,0.0005232974910394265
Maize_directory_epoch2000,6,ATTGAC,292,0.00020931899641577062
Maize_directory_epoch2000,6,ATTGAG,423,0.0003032258064516129
Maize_directory_epoch2000,6,ATTGAT,1035,0.0007419354838709677
Maize_directory_epoch2000,6,ATTGCA,248,0.00017777777777777779
Maize_directory_epoch2000,6,ATTGCC,220,0.00015770609318996415
Maize_directory_epoch2000,6,ATTGCG,177,0.00012688172043010752
Maize_directory_epoch2000,6,ATTGCT,516,0.00036989247311827955
Maize_directory_epoch2000,6,ATTGGA,520,0.0003727598566308244
Maize_directory_epoch2000,6,ATTGGC,213,0.00015268817204301075
Maize_directory_epoch2000,6,ATTGGG,295,0.0002114695340501792
Maize_directory_epoch2000,6,ATTGGT,615,0.00044086021505376343
Maize_directory_epoch2000,6,ATTGTA,451,0.0003232974910394265
Maize_directory_epoch2000,6,ATTGTC,436,0.0003125448028673835
Maize_directory_epoch2000,6,ATTGTG,499,0.00035770609318996416
Maize_directory_epoch2000,6,ATTGTT,1299,0.0009311827956989247
Maize_directory_epoch2000,6,ATTTAA,1007,0.0007218637992831541
Maize_directory_epoch2000,6,ATTTAC,493,0.00035340501792114693
Maize_directory_epoch2000,6,ATTTAG,643,0.00046093189964157704
Maize_directory_epoch2000,6,ATTTAT,1328,0.0009519713261648745
Maize_directory_epoch2000,6,ATTTCA,903,0.0006473118279569892
Maize_directory_epoch2000,6,ATTTCC,815,0.0005842293906810036
Maize_directory_epoch2000,6,ATTTCG,795,0.0005698924731182796
Maize_directory_epoch2000,6,ATTTCT,1814,0.001300358422939068
Maize_directory_epoch2000,6,ATTTGA,1322,0.0009476702508960574
Maize_directory_epoch2000,6,ATTTGC,568,0.000407168458781362
Maize_directory_epoch2000,6,ATTTGG,935,0.0006702508960573476
Maize_directory_epoch2000,6,ATTTGT,1568,0.0011240143369175626
Maize_directory_epoch2000,6,ATTTTA,1483,0.0010630824372759857
Maize_directory_epoch2000,6,ATTTTC,1756,0.0012587813620071684
Maize_directory_epoch2000,6,ATTTTG,1872,0.0013419354838709676
Maize_directory_epoch2000,6,ATTTTT,3920,0.0028100358422939067
Maize_directory_epoch2000,6,CAAAAA,961,0.0006888888888888888
Maize_directory_epoch2000,6,CAAAAC,544,0.0003899641577060932
Maize_directory_epoch2000,6,CAAAAG,430,0.0003082437275985663
Maize_directory_epoch2000,6,CAAAAT,724,0.0005189964157706093
Maize_directory_epoch2000,6,CAAACA,358,0.0002566308243727599
Maize_directory_epoch2000,6,CAAACC,373,0.0002673835125448029
Maize_directory_epoch2000,6,CAAACG,201,0.00014408602150537634
Maize_directory_epoch2000,6,CAAACT,395,0.0002831541218637993
Maize_directory_epoch2000,6,CAAAGA,528,0.00037849462365591397
Maize_directory_epoch2000,6,CAAAGC,332,0.00023799283154121863
Maize_directory_epoch2000,6,CAAAGG,195,0.00013978494623655913
Maize_directory_epoch2000,6,CAAAGT,346,0.00024802867383512547
Maize_directory_epoch2000,6,CAAATA,461,0.00033046594982078854
Maize_directory_epoch2000,6,CAAATC,752,0.0005390681003584229
Maize_directory_epoch2000,6,CAAATG,357,0.0002559139784946237
Maize_directory_epoch2000,6,CAAATT,1019,0.0007304659498207886
Maize_directory_epoch2000,6,CAACAA,498,0.00035698924731182797
Maize_directory_epoch2000,6,CAACAC,240,0.00017204301075268816
Maize_directory_epoch2000,6,CAACAG,168,0.00012043010752688172
Maize_directory_epoch2000,6,CAACAT,311,0.00022293906810035843
Maize_directory_epoch2000,6,CAACCA,332,0.00023799283154121863
Maize_directory_epoch2000,6,CAACCC,225,0.00016129032258064516
Maize_directory_epoch2000,6,CAACCG,199,0.00014265232974910395
Maize_directory_epoch2000,6,CAACCT,262,0.0001878136200716846
Maize_directory_epoch2000,6,CAACGA,350,0.00025089605734767025
Maize_directory_epoch2000,6,CAACGC,137,9.82078853046595e-05
Maize_directory_epoch2000,6,CAACGG,198,0.00014193548387096775
Maize_directory_epoch2000,6,CAACGT,232,0.00016630824372759856
Maize_directory_epoch2000,6,CAACTA,242,0.00017347670250896058
Maize_directory_epoch2000,6,CAACTC,434,0.0003111111111111111
Maize_directory_epoch2000,6,CAACTG,175,0.00012544802867383513
Maize_directory_epoch2000,6,CAACTT,418,0.0002996415770609319
Maize_directory_epoch2000,6,CAAGAA,527,0.00037777777777777777
Maize_directory_epoch2000,6,CAAGAC,215,0.00015412186379928314
Maize_directory_epoch2000,6,CAAGAG,229,0.00016415770609318997
Maize_directory_epoch2000,6,CAAGAT,464,0.0003326164874551971
Maize_directory_epoch2000,6,CAAGCA,194,0.00013906810035842294
Maize_directory_epoch2000,6,CAAGCC,187,0.00013405017921146954
Maize_directory_epoch2000,6,CAAGCG,105,7.526881720430108e-05
Maize_directory_epoch2000,6,CAAGCT,286,0.0002050179211469534
Maize_directory_epoch2000,6,CAAGGA,237,0.00016989247311827957
Maize_directory_epoch2000,6,CAAGGC,121,8.673835125448029e-05
Maize_directory_epoch2000,6,CAAGGG,97,6.953405017921147e-05
Maize_directory_epoch2000,6,CAAGGT,183,0.00013118279569892472
Maize_directory_epoch2000,6,CAAGTA,184,0.00013189964157706092
Maize_directory_epoch2000,6,CAAGTC,258,0.00018494623655913978
Maize_directory_epoch2000,6,CAAGTG,151,0.0001082437275985663
Maize_directory_epoch2000,6,CAAGTT,427,0.0003060931899641577
Maize_directory_epoch2000,6,CAATAA,396,0.0002838709677419355
Maize_directory_epoch2000,6,CAATAC,198,0.00014193548387096775
Maize_directory_epoch2000,6,CAATAG,171,0.0001225806451612903
Maize_directory_epoch2000,6,CAATAT,405,0.00029032258064516127
Maize_directory_epoch2000,6,CAATCA,458,0.00032831541218637995
Maize_directory_epoch2000,6,CAATCC,420,0.0003010752688172043
Maize_directory_epoch2000,6,CAATCG,310,0.00022222222222222223
Maize_directory_epoch2000,6,CAATCT,781,0.0005598566308243727
Maize_directory_epoch2000,6,CAATGA,364,0.00026093189964157705
Maize_directory_epoch2000,6,CAATGC,159,0.00011397849462365592
Maize_directory_epoch2000,6,CAATGG,263,0.00018853046594982079
Maize_directory_epoch2000,6,CAATGT,367,0.00026308243727598564
Maize_directory_epoch2000,6,CAATTA,488,0.00034982078853046595
Maize_directory_epoch2000,6,CAATTC,696,0.0004989247311827957
Maize_directory_epoch2000,6,CAATTG,422,0.0003025089605734767
Maize_directory_epoch2000,6,CAATTT,1340,0.000960573476702509
Maize_directory_epoch2000,6,CACAAA,459,0.00032903225806451614
Maize_directory_epoch2000,6,CACAAC,254,0.000182078853046595
Maize_directory_epoch2000,6,CACAAG,202,0.00014480286738351254
Maize_directory_epoch2000,6,CACAAT,326,0.00023369175627240143
Maize_directory_epoch2000,6,CACACA,175,0.00012544802867383513
Maize_directory_epoch2000,6,CACACC,176,0.00012616487455197132
Maize_directory_epoch2000,6,CACACG,100,7.168458781362007e-05
Maize_directory_epoch2000,6,CACACT,188,0.00013476702508960573
Maize_directory_epoch2000,6,CACAGA,225,0.00016129032258064516
Maize_directory_epoch2000,6,CACAGC,102,7.311827956989248e-05
Maize_directory_epoch2000,6,CACAGG,91,6.523297491039426e-05
Maize_directory_epoch2000,6,CACAGT,125,8.960573476702509e-05
Maize_directory_epoch2000,6,CACATA,188,0.00013476702508960573
Maize_directory_epoch2000,6,CACATC,275,0.0001971326164874552
Maize_directory_epoch2000,6,CACATG,148,0.0001060931899641577
Maize_directory_epoch2000,6,CACATT,313,0.00022437275985663082
Maize_directory_epoch2000,6,CACCAA,390,0.00027956989247311827
Maize_directory_epoch2000,6,CACCAC,320,0.00022939068100358422
Maize_directory_epoch2000,6,CACCAG,182,0.00013046594982078853
Maize_directory_epoch2000,6,CACCAT,297,0.00021290322580645163
Maize_directory_epoch2000,6,CACCCA,183,0.00013118279569892472
Maize_directory_epoch2000,6,CACCCC,116,8.315412186379928e-05
Maize_directory_epoch2000,6,CACCCG,92,6.594982078853046e-05
Maize_directory_epoch2000,6,CACCCT,159,0.00011397849462365592
Maize_directory_epoch2000,6,CACCGA,307,0.00022007168458781362
Maize_directory_epoch2000,6,CACCGC,252,0.00018064516129032257
Maize_directory_epoch2000,6,CACCGG,219,0.00015698924731182796
Maize_directory_epoch2000,6,CACCGT,278,0.00019928315412186379
Maize_directory_epoch2000,6,CACCTA,169,0.00012114695340501792
Maize_directory_epoch2000,6,CACCTC,323,0.00023154121863799284
Maize_directory_epoch2000,6,CACCTG,130,9.31899641577061e-05
Maize_directory_epoch2000,6,CACCTT,263,0.00018853046594982079
Maize_directory_epoch2000,6,CACGAA,206,0.00014767025089605735
Maize_directory_epoch2000,6,CACGAC,163,0.00011684587813620071
Maize_directory_epoch2000,6,CACGAG,119,8.530465949820788e-05
Maize_directory_epoch2000,6,CACGAT,230,0.00016487455197132617
Maize_directory_epoch2000,6,CACGCA,80,5.7347670250896056e-05
Maize_directory_epoch2000,6,CACGCC,86,6.164874551971327e-05
Maize_directory_epoch2000,6,CACGCG,62,4.4444444444444447e-05
Maize_directory_epoch2000,6,CACGCT,101,7.240143369175627e-05
Maize_directory_epoch2000,6,CACGGA,162,0.00011612903225806452
Maize_directory_epoch2000,6,CACGGC,122,8.745519713261649e-05
Maize_directory_epoch2000,6,CACGGG,69,4.946236559139785e-05
Maize_directory_epoch2000,6,CACGGT,116,8.315412186379928e-05
Maize_directory_epoch2000,6,CACGTA,99,7.096774193548388e-05
Maize_directory_epoch2000,6,CACGTC,174,0.00012473118279569893
Maize_directory_epoch2000,6,CACGTG,104,7.455197132616487e-05
Maize_directory_epoch2000,6,CACGTT,205,0.00014695340501792115
Maize_directory_epoch2000,6,CACTAA,238,0.00017060931899641577
Maize_directory_epoch2000,6,CACTAC,146,0.00010465949820788531
Maize_directory_epoch2000,6,CACTAG,106,7.598566308243728e-05
Maize_directory_epoch2000,6,CACTAT,259,0.00018566308243727597
Maize_directory_epoch2000,6,CACTCA,271,0.00019426523297491038
Maize_directory_epoch2000,6,CACTCC,253,0.00018136200716845877
Maize_directory_epoch2000,6,CACTCG,160,0.00011469534050179211
Maize_directory_epoch2000,6,CACTCT,479,0.0003433691756272401
Maize_directory_epoch2000,6,CACTGA,229,0.00016415770609318997
Maize_directory_epoch2000,6,CACTGC,127,9.10394265232975e-05
Maize_directory_epoch2000,6,CACTGG,135,9.67741935483871e-05
Maize_directory_epoch2000,6,CACTGT,189,0.00013548387096774193
Maize_directory_epoch2000,6,CACTTA,224,0.00016057347670250896
Maize_directory_epoch2000,6,CACTTC,411,0.0002946236559139785
Maize_directory_epoch2000,6,CACTTG,237,0.00016989247311827957
Maize_directory_epoch2000,6,CACTTT,528,0.00037849462365591397
Maize_directory_epoch2000,6,CAGAAA,454,0.0003254480286738351
Maize_directory_epoch2000,6,CAGAAC,199,0.00014265232974910395
Maize_directory_epoch2000,6,CAGAAG,271,0.00019426523297491038
Maize_directory_epoch2000,6,CAGAAT,326,0.00023369175627240143
Maize_directory_epoch2000,6,CAGACA,139,9.964157706093189e-05
Maize_directory_epoch2000,6,CAGACC,133,9.53405017921147e-05
Maize_directory_epoch2000,6,CAGACG,116,8.315412186379928e-05
Maize_directory_epoch2000,6,CAGACT,131,9.39068100358423e-05
Maize_directory_epoch2000,6,CAGAGA,332,0.00023799283154121863
Maize_directory_epoch2000,6,CAGAGC,163,0.00011684587813620071
Maize_directory_epoch2000,6,CAGAGG,134,9.60573476702509e-05
Maize_directory_epoch2000,6,CAGAGT,209,0.00014982078853046594
Maize_directory_epoch2000,6,CAGATA,215,0.00015412186379928314
Maize_directory_epoch2000,6,CAGATC,442,0.0003168458781362007
Maize_directory_epoch2000,6,CAGATG,231,0.00016559139784946237
Maize_directory_epoch2000,6,CAGATT,590,0.0004229390681003584
Maize_directory_epoch2000,6,CAGCAA,228,0.00016344086021505375
Maize_directory_epoch2000,6,CAGCAC,95,6.810035842293906e-05
Maize_directory_epoch2000,6,CAGCAG,114,8.172043010752688e-05
Maize_directory_epoch2000,6,CAGCAT,112,8.028673835125448e-05
Maize_directory_epoch2000,6,CAGCCA,126,9.032258064516129e-05
Maize_directory_epoch2000,6,CAGCCC,68,4.874551971326165e-05
Maize_directory_epoch2000,6,CAGCCG,112,8.028673835125448e-05
Maize_directory_epoch2000,6,CAGCCT,113,8.100358422939068e-05
Maize_directory_epoch2000,6,CAGCGA,192,0.00013763440860215055
Maize_directory_epoch2000,6,CAGCGC,70,5.017921146953405e-05
Maize_directory_epoch2000,6,CAGCGG,115,8.243727598566309e-05
Maize_directory_epoch2000,6,CAGCGT,92,6.594982078853046e-05
Maize_directory_epoch2000,6,CAGCTA,130,9.31899641577061e-05
Maize_directory_epoch2000,6,CAGCTC,241,0.00017275985663082438
Maize_directory_epoch2000,6,CAGCTG,134,9.60573476702509e-05
Maize_directory_epoch2000,6,CAGCTT,307,0.00022007168458781362
Maize_directory_epoch2000,6,CAGGAA,167,0.00011971326164874551
Maize_directory_epoch2000,6,CAGGAC,53,3.799283154121864e-05
Maize_directory_epoch2000,6,CAGGAG,120,8.602150537634408e-05
Maize_directory_epoch2000,6,CAGGAT,151,0.0001082437275985663
Maize_directory_epoch2000,6,CAGGCA,53,3.799283154121864e-05
Maize_directory_epoch2000,6,CAGGCC,45,3.2258064516129034e-05
Maize_directory_epoch2000,6,CAGGCG,48,3.4408602150537636e-05
Maize_directory_epoch2000,6,CAGGCT,74,5.304659498207885e-05
Maize_directory_epoch2000,6,CAGGGA,93,6.666666666666667e-05
Maize_directory_epoch2000,6,CAGGGC,36,2.5806451612903226e-05
Maize_directory_epoch2000,6,CAGGGG,33,2.3655913978494623e-05
Maize_directory_epoch2000,6,CAGGGT,59,4.2293906810035844e-05
Maize_directory_epoch2000,6,CAGGTA,94,6.738351254480287e-05
Maize_directory_epoch2000,6,CAGGTC,105,7.526881720430108e-05
Maize_directory_epoch2000,6,CAGGTG,87,6.236559139784946e-05
Maize_directory_epoch2000,6,CAGGTT,221,0.00015842293906810035
Maize_directory_epoch2000,6,CAGTAA,175,0.00012544802867383513
Maize_directory_epoch2000,6,CAGTAC,63,4.516129032258064e-05
Maize_directory_epoch2000,6,CAGTAG,90,6.451612903225807e-05
Maize_directory_epoch2000,6,CAGTAT,122,8.745519713261649e-05
Maize_directory_epoch2000,6,CAGTCA,139,9.964157706093189e-05
Maize_directory_epoch2000,6,CAGTCC,94,6.738351254480287e-05
Maize_directory_epoch2000,6,CAGTCG,119,8.530465949820788e-05
Maize_directory_epoch2000,6,CAGTCT,215,0.00015412186379928314
Maize_directory_epoch2000,6,CAGTGA,193,0.00013835125448028674
Maize_directory_epoch2000,6,CAGTGC,66,4.7311827956989246e-05
Maize_directory_epoch2000,6,CAGTGG,114,8.172043010752688e-05
Maize_directory_epoch2000,6,CAGTGT,160,0.00011469534050179211
Maize_directory_epoch2000,6,CAGTTA,184,0.00013189964157706092
Maize_directory_epoch2000,6,CAGTTC,224,0.00016057347670250896
Maize_directory_epoch2000,6,CAGTTG,204,0.00014623655913978496
Maize_directory_epoch2000,6,CAGTTT,569,0.00040788530465949823
Maize_directory_epoch2000,6,CATAAA,361,0.00025878136200716847
Maize_directory_epoch2000,6,CATAAC,176,0.00012616487455197132
Maize_directory_epoch2000,6,CATAAG,175,0.00012544802867383513
Maize_directory_epoch2000,6,CATAAT,332,0.00023799283154121863
Maize_directory_epoch2000,6,CATACA,141,0.0001010752688172043
Maize_directory_epoch2000,6,CATACC,120,8.602150537634408e-05
Maize_directory_epoch2000,6,CATACG,75,5.3763440860215054e-05
Maize_directory_epoch2000,6,CATACT,180,0.00012903225806451613
Maize_directory_epoch2000,6,CATAGA,246,0.00017634408602150537
Maize_directory_epoch2000,6,CATAGC,119,8.530465949820788e-05
Maize_directory_epoch2000,6,CATAGG,82,5.8781362007168455e-05
Maize_directory_epoch2000,6,CATAGT,206,0.00014767025089605735
Maize_directory_epoch2000,6,CATATA,247,0.0001770609318996416
Maize_directory_epoch2000,6,CATATC,327,0.00023440860215053763
Maize_directory_epoch2000,6,CATATG,202,0.00014480286738351254
Maize_directory_epoch2000,6,CATATT,470,0.00033691756272401436
Maize_directory_epoch2000,6,CATCAA,514,0.00036845878136200716
Maize_directory_epoch2000,6,CATCAC,351,0.00025161290322580645
Maize_directory_epoch2000,6,CATCAG,205,0.00014695340501792115
Maize_directory_epoch2000,6,CATCAT,421,0.0003017921146953405
Maize_directory_epoch2000,6,CATCCA,295,0.0002114695340501792
Maize_directory_epoch2000,6,CATCCC,207,0.00014838709677419355
Maize_directory_epoch2000,6,CATCCG,211,0.00015125448028673836
Maize_directory_epoch2000,6,CATCCT,359,0.00025734767025089607
Maize_directory_epoch2000,6,CATCGA,435,0.0003118279569892473
Maize_directory_epoch2000,6,CATCGC,256,0.00018351254480286738
Maize_directory_epoch2000,6,CATCGG,215,0.00015412186379928314
Maize_directory_epoch2000,6,CATCGT,378,0.00027096774193548386
Maize_directory_epoch2000,6,CATCTA,315,0.00022580645161290321
Maize_directory_epoch2000,6,CATCTC,707,0.0005068100358422939
Maize_directory_epoch2000,6,CATCTG,308,0.0002207885304659498
Maize_directory_epoch2000,6,CATCTT,816,0.0005849462365591398
Maize_directory_epoch2000,6,CATGAA,302,0.0002164874551971326
Maize_directory_epoch2000,6,CATGAC,171,0.0001225806451612903
Maize_directory_epoch2000,6,CATGAG,174,0.00012473118279569893
Maize_directory_epoch2000,6,CATGAT,304,0.00021792114695340503
Maize_directory_epoch2000,6,CATGCA,96,6.881720430107527e-05
Maize_directory_epoch2000,6,CATGCC,106,7.598566308243728e-05
Maize_directory_epoch2000,6,CATGCG,68,4.874551971326165e-05
Maize_directory_epoch2000,6,CATGCT,167,0.00011971326164874551
Maize_directory_epoch2000,6,CATGGA,249,0.00017849462365591398
Maize_directory_epoch2000,6,CATGGC,179,0.00012831541218637994
Maize_directory_epoch2000,6,CATGGG,148,0.0001060931899641577
Maize_directory_epoch2000,6,CATGGT,243,0.00017419354838709678
Maize_directory_epoch2000,6,CATGTA,190,0.00013620071684587813
Maize_directory_epoch2000,6,CATGTC,242,0.00017347670250896058
Maize_directory_epoch2000,6,CATGTG,198,0.00014193548387096775
Maize_directory_epoch2000,6,CATGTT,413,0.0002960573476702509
Maize_directory_epoch2000,6,CATTAA,341,0.00024444444444444443
Maize_directory_epoch2000,6,CATTAC,189,0.00013548387096774193
Maize_directory_epoch2000,6,CATTAG,192,0.00013763440860215055
Maize_directory_epoch2000,6,CATTAT,426,0.0003053763440860215
Maize_directory_epoch2000,6,CATTCA,328,0.00023512544802867382
Maize_directory_epoch2000,6,CATTCC,320,0.00022939068100358422
Maize_directory_epoch2000,6,CATTCG,189,0.00013548387096774193
Maize_directory_epoch2000,6,CATTCT,606,0.0004344086021505376
Maize_directory_epoch2000,6,CATTGA,407,0.0002917562724014337
Maize_directory_epoch2000,6,CATTGC,229,0.00016415770609318997
Maize_directory_epoch2000,6,CATTGG,258,0.00018494623655913978
Maize_directory_epoch2000,6,CATTGT,422,0.0003025089605734767
Maize_directory_epoch2000,6,CATTTA,487,0.00034910394265232975
Maize_directory_epoch2000,6,CATTTC,690,0.0004946236559139785
Maize_directory_epoch2000,6,CATTTG,555,0.0003978494623655914
Maize_directory_epoch2000,6,CATTTT,1317,0.0009440860215053764
Maize_directory_epoch2000,6,CCAAAA,629,0.00045089605734767023
Maize_directory_epoch2000,6,CCAAAC,371,0.0002659498207885305
Maize_directory_epoch2000,6,CCAAAG,352,0.00025232974910394264
Maize_directory_epoch2000,6,CCAAAT,631,0.0004523297491039426
Maize_directory_epoch2000,6,CCAACA,280,0.0002007168458781362
Maize_directory_epoch2000,6,CCAACC,251,0.00017992831541218638
Maize_directory_epoch2000,6,CCAACG,221,0.00015842293906810035
Maize_directory_epoch2000,6,CCAACT,306,0.00021935483870967742
Maize_directory_epoch2000,6,CCAAGA,312,0.00022365591397849463
Maize_directory_epoch2000,6,CCAAGC,190,0.00013620071684587813
Maize_directory_epoch2000,6,CCAAGG,163,0.00011684587813620071
Maize_directory_epoch2000,6,CCAAGT,237,0.00016989247311827957
Maize_directory_epoch2000,6,CCAATA,253,0.00018136200716845877
Maize_directory_epoch2000,6,CCAATC,520,0.0003727598566308244
Maize_directory_epoch2000,6,CCAATG,255,0.0001827956989247312
Maize_directory_epoch2000,6,CCAATT,686,0.0004917562724014336
Maize_directory_epoch2000,6,CCACAA,352,0.00025232974910394264
Maize_directory_epoch2000,6,CCACAC,175,0.00012544802867383513
Maize_directory_epoch2000,6,CCACAG,144,0.0001032258064516129
Maize_directory_epoch2000,6,CCACAT,219,0.00015698924731182796
Maize_directory_epoch2000,6,CCACCA,344,0.00024659498207885307
Maize_directory_epoch2000,6,CCACCC,175,0.00012544802867383513
Maize_directory_epoch2000,6,CCACCG,315,0.00022580645161290321
Maize_directory_epoch2000,6,CCACCT,244,0.00017491039426523297
Maize_directory_epoch2000,6,CCACGA,189,0.00013548387096774193
Maize_directory_epoch2000,6,CCACGC,92,6.594982078853046e-05
Maize_directory_epoch2000,6,CCACGG,143,0.0001025089605734767
Maize_directory_epoch2000,6,CCACGT,162,0.00011612903225806452
Maize_directory_epoch2000,6,CCACTA,184,0.00013189964157706092
Maize_directory_epoch2000,6,CCACTC,276,0.0001978494623655914
Maize_directory_epoch2000,6,CCACTG,172,0.00012329749103942654
Maize_directory_epoch2000,6,CCACTT,350,0.00025089605734767025
Maize_directory_epoch2000,6,CCAGAA,283,0.0002028673835125448
Maize_directory_epoch2000,6,CCAGAC,122,8.745519713261649e-05
Maize_directory_epoch2000,6,CCAGAG,175,0.00012544802867383513
Maize_directory_epoch2000,6,CCAGAT,300,0.00021505376344086021
Maize_directory_epoch2000,6,CCAGCA,127,9.10394265232975e-05
Maize_directory_epoch2000,6,CCAGCC,83,5.949820788530466e-05
Maize_directory_epoch2000,6,CCAGCG,119,8.530465949820788e-05
Maize_directory_epoch2000,6,CCAGCT,179,0.00012831541218637994
Maize_directory_epoch2000,6,CCAGGA,97,6.953405017921147e-05
Maize_directory_epoch2000,6,CCAGGC,42,3.010752688172043e-05
Maize_directory_epoch2000,6,CCAGGG,60,4.301075268817204e-05
Maize_directory_epoch2000,6,CCAGGT,97,6.953405017921147e-05
Maize_directory_epoch2000,6,CCAGTA,100,7.168458781362007e-05
Maize_directory_epoch2000,6,CCAGTC,136,9.74910394265233e-05
Maize_directory_epoch2000,6,CCAGTG,117,8.387096774193548e-05
Maize_directory_epoch2000,6,CCAGTT,266,0.0001906810035842294
Maize_directory_epoch2000,6,CCATAA,270,0.0001935483870967742
Maize_directory_epoch2000,6,CCATAC,119,8.530465949820788e-05
Maize_directory_epoch2000,6,CCATAG,149,0.00010681003584229391
Maize_directory_epoch2000,6,CCATAT,297,0.00021290322580645163
Maize_directory_epoch2000,6,CCATCA,331,0.00023727598566308244
Maize_directory_epoch2000,6,CCATCC,240,0.00017204301075268816
Maize_directory_epoch2000,6,CCATCG,328,0.00023512544802867382
Maize_directory_epoch2000,6,CCATCT,443,0.0003175627240143369
Maize_directory_epoch2000,6,CCATGA,205,0.00014695340501792115
Maize_directory_epoch2000,6,CCATGC,105,7.526881720430108e-05
Maize_directory_epoch2000,6,CCATGG,223,0.00015985663082437277
Maize_directory_epoch2000,6,CCATGT,254,0.000182078853046595
Maize_directory_epoch2000,6,CCATTA,262,0.0001878136200716846
Maize_directory_epoch2000,6,CCATTC,350,0.00025089605734767025
Maize_directory_epoch2000,6,CCATTG,304,0.00021792114695340503
Maize_directory_epoch2000,6,CCATTT,744,0.0005333333333333334
Maize_directory_epoch2000,6,CCCAAA,410,0.0002939068100358423
Maize_directory_epoch2000,6,CCCAAC,215,0.00015412186379928314
Maize_directory_epoch2000,6,CCCAAG,173,0.00012401433691756273
Maize_directory_epoch2000,6,CCCAAT,356,0.00025519713261648743
Maize_directory_epoch2000,6,CCCACA,163,0.00011684587813620071
Maize_directory_epoch2000,6,CCCACC,190,0.00013620071684587813
Maize_directory_epoch2000,6,CCCACG,113,8.100358422939068e-05
Maize_directory_epoch2000,6,CCCACT,196,0.00014050179211469533
Maize_directory_epoch2000,6,CCCAGA,158,0.00011326164874551972
Maize_directory_epoch2000,6,CCCAGC,119,8.530465949820788e-05
Maize_directory_epoch2000,6,CCCAGG,54,3.870967741935484e-05
Maize_directory_epoch2000,6,CCCAGT,130,9.31899641577061e-05
Maize_directory_epoch2000,6,CCCATA,176,0.00012616487455197132
Maize_directory_epoch2000,6,CCCATC,255,0.0001827956989247312
Maize_directory_epoch2000,6,CCCATG,135,9.67741935483871e-05
Maize_directory_epoch2000,6,CCCATT,339,0.00024301075268817204
Maize_directory_epoch2000,6,CCCCAA,283,0.0002028673835125448
Maize_directory_epoch2000,6,CCCCAC,135,9.67741935483871e-05
Maize_directory_epoch2000,6,CCCCAG,84,6.021505376344086e-05
Maize_directory_epoch2000,6,CCCCAT,194,0.00013906810035842294
Maize_directory_epoch2000,6,CCCCCA,133,9.53405017921147e-05
Maize_directory_epoch2000,6,CCCCCC,106,7.598566308243728e-05
Maize_directory_epoch2000,6,CCCCCG,128,9.175627240143369e-05
Maize_directory_epoch2000,6,CCCCCT,123,8.817204301075268e-05
Maize_directory_epoch2000,6,CCCCGA,159,0.00011397849462365592
Maize_directory_epoch2000,6,CCCCGC,110,7.885304659498208e-05
Maize_directory_epoch2000,6,CCCCGG,94,6.738351254480287e-05
Maize_directory_epoch2000,6,CCCCGT,149,0.00010681003584229391
Maize_directory_epoch2000,6,CCCCTA,116,8.315412186379928e-05
Maize_directory_epoch2000,6,CCCCTC,234,0.00016774193548387096
Maize_directory_epoch2000,6,CCCCTG,97,6.953405017921147e-05
Maize_directory_epoch2000,6,CCCCTT,218,0.00015627240143369176
Maize_directory_epoch2000,6,CCCGAA,189,0.00013548387096774193
Maize_directory_epoch2000,6,CCCGAC,136,9.74910394265233e-05
Maize_directory_epoch2000,6,CCCGAG,103,7.383512544802867e-05
Maize_directory_epoch2000,6,CCCGAT,206,0.00014767025089605735
Maize_directory_epoch2000,6,CCCGCA,76,5.448028673835126e-05
Maize_directory_epoch2000,6,CCCGCC,161,0.00011541218637992832
Maize_directory_epoch2000,6,CCCGCG,69,4.946236559139785e-05
Maize_directory_epoch2000,6,CCCGCT,119,8.530465949820788e-05
Maize_directory_epoch2000,6,CCCGGA,135,9.67741935483871e-05
Maize_directory_epoch2000,6,CCCGGC,113,8.100358422939068e-05
Maize_directory_epoch2000,6,CCCGGG,42,3.010752688172043e-05
Maize_directory_epoch2000,6,CCCGGT,94,6.738351254480287e-05
Maize_directory_epoch2000,6,CCCGTA,90,6.451612903225807e-05
Maize_directory_epoch2000,6,CCCGTC,162,0.00011612903225806452
Maize_directory_epoch2000,6,CCCGTG,90,6.451612903225807e-05
Maize_directory_epoch2000,6,CCCGTT,201,0.00014408602150537634
Maize_directory_epoch2000,6,CCCTAA,215,0.00015412186379928314
Maize_directory_epoch2000,6,CCCTAC,118,8.458781362007169e-05
Maize_directory_epoch2000,6,CCCTAG,106,7.598566308243728e-05
Maize_directory_epoch2000,6,CCCTAT,199,0.00014265232974910395
Maize_directory_epoch2000,6,CCCTCA,241,0.00017275985663082438
Maize_directory_epoch2000,6,CCCTCC,269,0.000192831541218638
Maize_directory_epoch2000,6,CCCTCG,180,0.00012903225806451613
Maize_directory_epoch2000,6,CCCTCT,472,0.00033835125448028675
Maize_directory_epoch2000,6,CCCTGA,167,0.00011971326164874551
Maize_directory_epoch2000,6,CCCTGC,82,5.8781362007168455e-05
Maize_directory_epoch2000,6,CCCTGG,77,5.519713261648745e-05
Maize_directory_epoch2000,6,CCCTGT,162,0.00011612903225806452
Maize_directory_epoch2000,6,CCCTTA,194,0.00013906810035842294
Maize_directory_epoch2000,6,CCCTTC,333,0.00023870967741935483
Maize_directory_epoch2000,6,CCCTTG,176,0.00012616487455197132
Maize_directory_epoch2000,6,CCCTTT,456,0.0003268817204301075
Maize_directory_epoch2000,6,CCGAAA,345,0.00024731182795698927
Maize_directory_epoch2000,6,CCGAAC,154,0.0001103942652329749
Maize_directory_epoch2000,6,CCGAAG,280,0.0002007168458781362
Maize_directory_epoch2000,6,CCGAAT,350,0.00025089605734767025
Maize_directory_epoch2000,6,CCGACA,175,0.00012544802867383513
Maize_directory_epoch2000,6,CCGACC,138,9.89247311827957e-05
Maize_directory_epoch2000,6,CCGACG,299,0.00021433691756272402
Maize_directory_epoch2000,6,CCGACT,231,0.00016559139784946237
Maize_directory_epoch2000,6,CCGAGA,245,0.00017562724014336917
Maize_directory_epoch2000,6,CCGAGC,123,8.817204301075268e-05
Maize_directory_epoch2000,6,CCGAGG,122,8.745519713261649e-05
Maize_directory_epoch2000,6,CCGAGT,192,0.00013763440860215055
Maize_directory_epoch2000,6,CCGATA,219,0.00015698924731182796
Maize_directory_epoch2000,6,CCGATC,366,0.00026236559139784945
Maize_directory_epoch2000,6,CCGATG,330,0.00023655913978494624
Maize_directory_epoch2000,6,CCGATT,623,0.00044659498207885305
Maize_directory_epoch2000,6,CCGCAA,154,0.0001103942652329749
Maize_directory_epoch2000,6,CCGCAC,94,6.738351254480287e-05
Maize_directory_epoch2000,6,CCGCAG,127,9.10394265232975e-05
Maize_directory_epoch2000,6,CCGCAT,132,9.462365591397849e-05
Maize_directory_epoch2000,6,CCGCCA,253,0.00018136200716845877
Maize_directory_epoch2000,6,CCGCCC,110,7.885304659498208e-05
Maize_directory_epoch2000,6,CCGCCG,593,0.000425089605734767
Maize_directory_epoch2000,6,CCGCCT,187,0.00013405017921146954
Maize_directory_epoch2000,6,CCGCGA,146,0.00010465949820788531
Maize_directory_epoch2000,6,CCGCGC,54,3.870967741935484e-05
Maize_directory_epoch2000,6,CCGCGG,127,9.10394265232975e-05
Maize_directory_epoch2000,6,CCGCGT,109,7.813620071684588e-05
Maize_directory_epoch2000,6,CCGCTA,153,0.00010967741935483871
Maize_directory_epoch2000,6,CCGCTC,216,0.00015483870967741937
Maize_directory_epoch2000,6,CCGCTG,227,0.00016272401433691755
Maize_directory_epoch2000,6,CCGCTT,277,0.0001985663082437276
Maize_directory_epoch2000,6,CCGGAA,215,0.00015412186379928314
Maize_directory_epoch2000,6,CCGGAC,83,5.949820788530466e-05
Maize_directory_epoch2000,6,CCGGAG,269,0.000192831541218638
Maize_directory_epoch2000,6,CCGGAT,239,0.00017132616487455196
Maize_directory_epoch2000,6,CCGGCA,143,0.0001025089605734767
Maize_directory_epoch2000,6,CCGGCC,95,6.810035842293906e-05
Maize_directory_epoch2000,6,CCGGCG,366,0.00026236559139784945
Maize_directory_epoch2000,6,CCGGCT,159,0.00011397849462365592
Maize_directory_epoch2000,6,CCGGGA,97,6.953405017921147e-05
Maize_directory_epoch2000,6,CCGGGC,37,2.6523297491039425e-05
Maize_directory_epoch2000,6,CCGGGG,44,3.154121863799283e-05
Maize_directory_epoch2000,6,CCGGGT,81,5.806451612903226e-05
Maize_directory_epoch2000,6,CCGGTA,122,8.745519713261649e-05
Maize_directory_epoch2000,6,CCGGTC,119,8.530465949820788e-05
Maize_directory_epoch2000,6,CCGGTG,221,0.00015842293906810035
Maize_directory_epoch2000,6,CCGGTT,275,0.0001971326164874552
Maize_directory_epoch2000,6,CCGTAA,181,0.00012974910394265233
Maize_directory_epoch2000,6,CCGTAC,80,5.7347670250896056e-05
Maize_directory_epoch2000,6,CCGTAG,123,8.817204301075268e-05
Maize_directory_epoch2000,6,CCGTAT,171,0.0001225806451612903
Maize_directory_epoch2000,6,CCGTCA,251,0.00017992831541218638
Maize_directory_epoch2000,6,CCGTCC,127,9.10394265232975e-05
Maize_directory_epoch2000,6,CCGTCG,446,0.00031971326164874554
Maize_directory_epoch2000,6,CCGTCT,311,0.00022293906810035843
Maize_directory_epoch2000,6,CCGTGA,186,0.00013333333333333334
Maize_directory_epoch2000,6,CCGTGC,70,5.017921146953405e-05
Maize_directory_epoch2000,6,CCGTGG,165,0.00011827956989247312
Maize_directory_epoch2000,6,CCGTGT,161,0.00011541218637992832
Maize_directory_epoch2000,6,CCGTTA,222,0.00015913978494623657
Maize_directory_epoch2000,6,CCGTTC,236,0.00016917562724014338
Maize_directory_epoch2000,6,CCGTTG,298,0.00021362007168458782
Maize_directory_epoch2000,6,CCGTTT,568,0.000407168458781362
Maize_directory_epoch2000,6,CCTAAA,281,0.0002014336917562724
Maize_directory_epoch2000,6,CCTAAC,161,0.00011541218637992832
Maize_directory_epoch2000,6,CCTAAG,157,0.00011254480286738351
Maize_directory_epoch2000,6,CCTAAT,341,0.00024444444444444443
Maize_directory_epoch2000,6,CCTACA,166,0.00011899641577060932
Maize_directory_epoch2000,6,CCTACC,126,9.032258064516129e-05
Maize_directory_epoch2000,6,CCTACG,106,7.598566308243728e-05
Maize_directory_epoch2000,6,CCTACT,183,0.00013118279569892472
Maize_directory_epoch2000,6,CCTAGA,159,0.00011397849462365592
Maize_directory_epoch2000,6,CCTAGC,109,7.813620071684588e-05
Maize_directory_epoch2000,6,CCTAGG,80,5.7347670250896056e-05
Maize_directory_epoch2000,6,CCTAGT,154,0.0001103942652329749
Maize_directory_epoch2000,6,CCTATA,175,0.00012544802867383513
Maize_directory_epoch2000,6,CCTATC,253,0.00018136200716845877
Maize_directory_epoch2000,6,CCTATG,158,0.00011326164874551972
Maize_directory_epoch2000,6,CCTATT,420,0.0003010752688172043
Maize_directory_epoch2000,6,CCTCAA,456,0.0003268817204301075
Maize_directory_epoch2000,6,CCTCAC,277,0.0001985663082437276
Maize_directory_epoch2000,6,CCTCAG,219,0.00015698924731182796
Maize_directory_epoch2000,6,CCTCAT,387,0.0002774193548387097
Maize_directory_epoch2000,6,CCTCCA,396,0.0002838709677419355
Maize_directory_epoch2000,6,CCTCCC,240,0.00017204301075268816
Maize_directory_epoch2000,6,CCTCCG,454,0.0003254480286738351
Maize_directory_epoch2000,6,CCTCCT,538,0.000385663082437276
Maize_directory_epoch2000,6,CCTCGA,332,0.00023799283154121863
Maize_directory_epoch2000,6,CCTCGC,197,0.00014121863799283155
Maize_directory_epoch2000,6,CCTCGG,161,0.00011541218637992832
Maize_directory_epoch2000,6,CCTCGT,286,0.0002050179211469534
Maize_directory_epoch2000,6,CCTCTA,357,0.0002559139784946237
Maize_directory_epoch2000,6,CCTCTC,842,0.000603584229390681
Maize_directory_epoch2000,6,CCTCTG,391,0.00028028673835125446
Maize_directory_epoch2000,6,CCTCTT,947,0.0006788530465949821
Maize_directory_epoch2000,6,CCTGAA,239,0.00017132616487455196
Maize_directory_epoch2000,6,CCTGAC,111,7.956989247311829e-05
Maize_directory_epoch2000,6,CCTGAG,140,0.0001003584229390681
Maize_directory_epoch2000,6,CCTGAT,329,0.00023584229390681005
Maize_directory_epoch2000,6,CCTGCA,102,7.311827956989248e-05
Maize_directory_epoch2000,6,CCTGCC,91,6.523297491039426e-05
Maize_directory_epoch2000,6,CCTGCG,114,8.172043010752688e-05
Maize_directory_epoch2000,6,CCTGCT,173,0.00012401433691756273
Maize_directory_epoch2000,6,CCTGGA,131,9.39068100358423e-05
Maize_directory_epoch2000,6,CCTGGC,69,4.946236559139785e-05
Maize_directory_epoch2000,6,CCTGGG,83,5.949820788530466e-05
Maize_directory_epoch2000,6,CCTGGT,140,0.0001003584229390681
Maize_directory_epoch2000,6,CCTGTA,129,9.247311827956989e-05
Maize_directory_epoch2000,6,CCTGTC,148,0.0001060931899641577
Maize_directory_epoch2000,6,CCTGTG,150,0.00010752688172043011
Maize_directory_epoch2000,6,CCTGTT,318,0.00022795698924731183
Maize_directory_epoch2000,6,CCTTAA,310,0.00022222222222222223
Maize_directory_epoch2000,6,CCTTAC,174,0.00012473118279569893
Maize_directory_epoch2000,6,CCTTAG,209,0.00014982078853046594
Maize_directory_epoch2000,6,CCTTAT,364,0.00026093189964157705
Maize_directory_epoch2000,6,CCTTCA,416,0.0002982078853046595
Maize_directory_epoch2000,6,CCTTCC,380,0.00027240143369175625
Maize_directory_epoch2000,6,CCTTCG,371,0.0002659498207885305
Maize_directory_epoch2000,6,CCTTCT,856,0.0006136200716845878
Maize_directory_epoch2000,6,CCTTGA,286,0.0002050179211469534
Maize_directory_epoch2000,6,CCTTGC,171,0.0001225806451612903
Maize_directory_epoch2000,6,CCTTGG,200,0.00014336917562724014
Maize_directory_epoch2000,6,CCTTGT,355,0.00025448028673835123
Maize_directory_epoch2000,6,CCTTTA,362,0.00025949820788530466
Maize_directory_epoch2000,6,CCTTTC,601,0.0004308243727598566
Maize_directory_epoch2000,6,CCTTTG,446,0.00031971326164874554
Maize_directory_epoch2000,6,CCTTTT,980,0.0007025089605734767
Maize_directory_epoch2000,6,CGAAAA,472,0.00033835125448028675
Maize_directory_epoch2000,6,CGAAAC,377,0.00027025089605734766
Maize_directory_epoch2000,6,CGAAAG,226,0.00016200716845878136
Maize_directory_epoch2000,6,CGAAAT,449,0.0003218637992831541
Maize_directory_epoch2000,6,CGAACA,174,0.00012473118279569893
Maize_directory_epoch2000,6,CGAACC,225,0.00016129032258064516
Maize_directory_epoch2000,6,CGAACG,91,6.523297491039426e-05
Maize_directory_epoch2000,6,CGAACT,207,0.00014838709677419355
Maize_directory_epoch2000,6,CGAAGA,569,0.00040788530465949823
Maize_directory_epoch2000,6,CGAAGC,338,0.00024229390681003584
Maize_directory_epoch2000,6,CGAAGG,181,0.00012974910394265233
Maize_directory_epoch2000,6,CGAAGT,268,0.0001921146953405018
Maize_directory_epoch2000,6,CGAATA,255,0.0001827956989247312
Maize_directory_epoch2000,6,CGAATC,536,0.0003842293906810036
Maize_directory_epoch2000,6,CGAATG,178,0.00012759856630824371
Maize_directory_epoch2000,6,CGAATT,632,0.0004530465949820789
Maize_directory_epoch2000,6,CGACAA,314,0.00022508960573476702
Maize_directory_epoch2000,6,CGACAC,150,0.00010752688172043011
Maize_directory_epoch2000,6,CGACAG,111,7.956989247311829e-05
Maize_directory_epoch2000,6,CGACAT,190,0.00013620071684587813
Maize_directory_epoch2000,6,CGACCA,211,0.00015125448028673836
Maize_directory_epoch2000,6,CGACCC,122,8.745519713261649e-05
Maize_directory_epoch2000,6,CGACCG,106,7.598566308243728e-05
Maize_directory_epoch2000,6,CGACCT,138,9.89247311827957e-05
Maize_directory_epoch2000,6,CGACGA,466,0.0003340501792114695
Maize_directory_epoch2000,6,CGACGC,199,0.00014265232974910395
Maize_directory_epoch2000,6,CGACGG,265,0.00018996415770609318
Maize_directory_epoch2000,6,CGACGT,249,0.00017849462365591398
Maize_directory_epoch2000,6,CGACTA,125,8.960573476702509e-05
Maize_directory_epoch2000,6,CGACTC,305,0.00021863799283154122
Maize_directory_epoch2000,6,CGACTG,124,8.888888888888889e-05
Maize_directory_epoch2000,6,CGACTT,307,0.00022007168458781362
Maize_directory_epoch2000,6,CGAGAA,368,0.00026379928315412184
Maize_directory_epoch2000,6,CGAGAC,141,0.0001010752688172043
Maize_directory_epoch2000,6,CGAGAG,163,0.00011684587813620071
Maize_directory_epoch2000,6,CGAGAT,351,0.00025161290322580645
Maize_directory_epoch2000,6,CGAGCA,137,9.82078853046595e-05
Maize_directory_epoch2000,6,CGAGCC,112,8.028673835125448e-05
Maize_directory_epoch2000,6,CGAGCG,70,5.017921146953405e-05
Maize_directory_epoch2000,6,CGAGCT,196,0.00014050179211469533
Maize_directory_epoch2000,6,CGAGGA,219,0.00015698924731182796
Maize_directory_epoch2000,6,CGAGGC,96,6.881720430107527e-05
Maize_directory_epoch2000,6,CGAGGG,65,4.659498207885305e-05
Maize_directory_epoch2000,6,CGAGGT,140,0.0001003584229390681
Maize_directory_epoch2000,6,CGAGTA,145,0.0001039426523297491
Maize_directory_epoch2000,6,CGAGTC,206,0.00014767025089605735
Maize_directory_epoch2000,6,CGAGTG,124,8.888888888888889e-05
Maize_directory_epoch2000,6,CGAGTT,389,0.00027885304659498207
Maize_directory_epoch2000,6,CGATAA,308,0.0002207885304659498
Maize_directory_epoch2000,6,CGATAC,193,0.00013835125448028674
Maize_directory_epoch2000,6,CGATAG,165,0.00011827956989247312
Maize_directory_epoch2000,6,CGATAT,321,0.00023010752688172042
Maize_directory_epoch2000,6,CGATCA,379,0.00027168458781362005
Maize_directory_epoch2000,6,CGATCC,298,0.00021362007168458782
Maize_directory_epoch2000,6,CGATCG,270,0.0001935483870967742
Maize_directory_epoch2000,6,CGATCT,696,0.0004989247311827957
Maize_directory_epoch2000,6,CGATGA,502,0.00035985663082437275
Maize_directory_epoch2000,6,CGATGC,206,0.00014767025089605735
Maize_directory_epoch2000,6,CGATGG,338,0.00024229390681003584
Maize_directory_epoch2000,6,CGATGT,394,0.0002824372759856631
Maize_directory_epoch2000,6,CGATTA,368,0.00026379928315412184
Maize_directory_epoch2000,6,CGATTC,756,0.0005419354838709677
Maize_directory_epoch2000,6,CGATTG,370,0.0002652329749103943
Maize_directory_epoch2000,6,CGATTT,1280,0.0009175627240143369
Maize_directory_epoch2000,6,CGCAAA,206,0.00014767025089605735
Maize_directory_epoch2000,6,CGCAAC,162,0.00011612903225806452
Maize_directory_epoch2000,6,CGCAAG,85,6.093189964157706e-05
Maize_directory_epoch2000,6,CGCAAT,185,0.00013261648745519714
Maize_directory_epoch2000,6,CGCACA,77,5.519713261648745e-05
Maize_directory_epoch2000,6,CGCACC,103,7.383512544802867e-05
Maize_directory_epoch2000,6,CGCACG,42,3.010752688172043e-05
Maize_directory_epoch2000,6,CGCACT,99,7.096774193548388e-05
Maize_directory_epoch2000,6,CGCAGA,140,0.0001003584229390681
Maize_directory_epoch2000,6,CGCAGC,120,8.602150537634408e-05
Maize_directory_epoch2000,6,CGCAGG,60,4.301075268817204e-05
Maize_directory_epoch2000,6,CGCAGT,100,7.168458781362007e-05
Maize_directory_epoch2000,6,CGCATA,68,4.874551971326165e-05
Maize_directory_epoch2000,6,CGCATC,182,0.00013046594982078853
Maize_directory_epoch2000,6,CGCATG,74,5.304659498207885e-05
Maize_directory_epoch2000,6,CGCATT,165,0.00011827956989247312
Maize_directory_epoch2000,6,CGCCAA,197,0.00014121863799283155
Maize_directory_epoch2000,6,CGCCAC,196,0.00014050179211469533
Maize_directory_epoch2000,6,CGCCAG,109,7.813620071684588e-05
Maize_directory_epoch2000,6,CGCCAT,210,0.00015053763440860216
Maize_directory_epoch2000,6,CGCCCA,84,6.021505376344086e-05
Maize_directory_epoch2000,6,CGCCCC,85,6.093189964157706e-05
Maize_directory_epoch2000,6,CGCCCG,66,4.7311827956989246e-05
Maize_directory_epoch2000,6,CGCCCT,85,6.093189964157706e-05
Maize_directory_epoch2000,6,CGCCGA,397,0.0002845878136200717
Maize_directory_epoch2000,6,CGCCGC,397,0.0002845878136200717
Maize_directory_epoch2000,6,CGCCGG,358,0.0002566308243727599
Maize_directory_epoch2000,6,CGCCGT,376,0.00026953405017921146
Maize_directory_epoch2000,6,CGCCTA,91,6.523297491039426e-05
Maize_directory_epoch2000,6,CGCCTC,247,0.0001770609318996416
Maize_directory_epoch2000,6,CGCCTG,76,5.448028673835126e-05
Maize_directory_epoch2000,6,CGCCTT,212,0.00015197132616487455
Maize_directory_epoch2000,6,CGCGAA,117,8.387096774193548e-05
Maize_directory_epoch2000,6,CGCGAC,87,6.236559139784946e-05
Maize_directory_epoch2000,6,CGCGAG,87,6.236559139784946e-05
Maize_directory_epoch2000,6,CGCGAT,156,0.00011182795698924731
Maize_directory_epoch2000,6,CGCGCA,34,2.4372759856630826e-05
Maize_directory_epoch2000,6,CGCGCC,77,5.519713261648745e-05
Maize_directory_epoch2000,6,CGCGCG,34,2.4372759856630826e-05
Maize_directory_epoch2000,6,CGCGCT,62,4.4444444444444447e-05
Maize_directory_epoch2000,6,CGCGGA,105,7.526881720430108e-05
Maize_directory_epoch2000,6,CGCGGC,113,8.100358422939068e-05
Maize_directory_epoch2000,6,CGCGGG,30,2.150537634408602e-05
Maize_directory_epoch2000,6,CGCGGT,86,6.164874551971327e-05
Maize_directory_epoch2000,6,CGCGTA,56,4.014336917562724e-05
Maize_directory_epoch2000,6,CGCGTC,104,7.455197132616487e-05
Maize_directory_epoch2000,6,CGCGTG,59,4.2293906810035844e-05
Maize_directory_epoch2000,6,CGCGTT,129,9.247311827956989e-05
Maize_directory_epoch2000,6,CGCTAA,152,0.00010896057347670251
Maize_directory_epoch2000,6,CGCTAC,149,0.00010681003584229391
Maize_directory_epoch2000,6,CGCTAG,70,5.017921146953405e-05
Maize_directory_epoch2000,6,CGCTAT,166,0.00011899641577060932
Maize_directory_epoch2000,6,CGCTCA,179,0.00012831541218637994
Maize_directory_epoch2000,6,CGCTCC,193,0.00013835125448028674
Maize_directory_epoch2000,6,CGCTCG,111,7.956989247311829e-05
Maize_directory_epoch2000,6,CGCTCT,320,0.00022939068100358422
Maize_directory_epoch2000,6,CGCTGA,250,0.00017921146953405018
Maize_directory_epoch2000,6,CGCTGC,158,0.00011326164874551972
Maize_directory_epoch2000,6,CGCTGG,140,0.0001003584229390681
Maize_directory_epoch2000,6,CGCTGT,199,0.00014265232974910395
Maize_directory_epoch2000,6,CGCTTA,158,0.00011326164874551972
Maize_directory_epoch2000,6,CGCTTC,430,0.0003082437275985663
Maize_directory_epoch2000,6,CGCTTG,163,0.00011684587813620071
Maize_directory_epoch2000,6,CGCTTT,441,0.0003161290322580645
Maize_directory_epoch2000,6,CGGAAA,287,0.0002057347670250896
Maize_directory_epoch2000,6,CGGAAC,167,0.00011971326164874551
Maize_directory_epoch2000,6,CGGAAG,178,0.00012759856630824371
Maize_directory_epoch2000,6,CGGAAT,254,0.000182078853046595
Maize_directory_epoch2000,6,CGGACA,92,6.594982078853046e-05
Maize_directory_epoch2000,6,CGGACC,75,5.3763440860215054e-05
Maize_directory_epoch2000,6,CGGACG,76,5.448028673835126e-05
Maize_directory_epoch2000,6,CGGACT,86,6.164874551971327e-05
Maize_directory_epoch2000,6,CGGAGA,447,0.00032043010752688173
Maize_directory_epoch2000,6,CGGAGC,192,0.00013763440860215055
Maize_directory_epoch2000,6,CGGAGG,222,0.00015913978494623657
Maize_directory_epoch2000,6,CGGAGT,189,0.00013548387096774193
Maize_directory_epoch2000,6,CGGATA,152,0.00010896057347670251
Maize_directory_epoch2000,6,CGGATC,319,0.00022867383512544803
Maize_directory_epoch2000,6,CGGATG,174,0.00012473118279569893
Maize_directory_epoch2000,6,CGGATT,411,0.0002946236559139785
Maize_directory_epoch2000,6,CGGCAA,190,0.00013620071684587813
Maize_directory_epoch2000,6,CGGCAC,102,7.311827956989248e-05
Maize_directory_epoch2000,6,CGGCAG,101,7.240143369175627e-05
Maize_directory_epoch2000,6,CGGCAT,110,7.885304659498208e-05
Maize_directory_epoch2000,6,CGGCCA,104,7.455197132616487e-05
Maize_directory_epoch2000,6,CGGCCC,53,3.799283154121864e-05
Maize_directory_epoch2000,6,CGGCCG,116,8.315412186379928e-05
Maize_directory_epoch2000,6,CGGCCT,84,6.021505376344086e-05
Maize_directory_epoch2000,6,CGGCGA,393,0.00028172043010752686
Maize_directory_epoch2000,6,CGGCGC,178,0.00012759856630824371
Maize_directory_epoch2000,6,CGGCGG,334,0.00023942652329749103
Maize_directory_epoch2000,6,CGGCGT,193,0.00013835125448028674
Maize_directory_epoch2000,6,CGGCTA,120,8.602150537634408e-05
Maize_directory_epoch2000,6,CGGCTC,180,0.00012903225806451613
Maize_directory_epoch2000,6,CGGCTG,119,8.530465949820788e-05
Maize_directory_epoch2000,6,CGGCTT,212,0.00015197132616487455
Maize_directory_epoch2000,6,CGGGAA,141,0.0001010752688172043
Maize_directory_epoch2000,6,CGGGAC,54,3.870967741935484e-05
Maize_directory_epoch2000,6,CGGGAG,80,5.7347670250896056e-05
Maize_directory_epoch2000,6,CGGGAT,118,8.458781362007169e-05
Maize_directory_epoch2000,6,CGGGCA,29,2.078853046594982e-05
Maize_directory_epoch2000,6,CGGGCC,49,3.512544802867383e-05
Maize_directory_epoch2000,6,CGGGCG,29,2.078853046594982e-05
Maize_directory_epoch2000,6,CGGGCT,43,3.0824372759856634e-05
Maize_directory_epoch2000,6,CGGGGA,76,5.448028673835126e-05
Maize_directory_epoch2000,6,CGGGGC,33,2.3655913978494623e-05
Maize_directory_epoch2000,6,CGGGGG,36,2.5806451612903226e-05
Maize_directory_epoch2000,6,CGGGGT,57,4.086021505376344e-05
Maize_directory_epoch2000,6,CGGGTA,75,5.3763440860215054e-05
Maize_directory_epoch2000,6,CGGGTC,83,5.949820788530466e-05
Maize_directory_epoch2000,6,CGGGTG,65,4.659498207885305e-05
Maize_directory_epoch2000,6,CGGGTT,188,0.00013476702508960573
Maize_directory_epoch2000,6,CGGTAA,161,0.00011541218637992832
Maize_directory_epoch2000,6,CGGTAC,89,6.379928315412186e-05
Maize_directory_epoch2000,6,CGGTAG,95,6.810035842293906e-05
Maize_directory_epoch2000,6,CGGTAT,118,8.458781362007169e-05
Maize_directory_epoch2000,6,CGGTCA,123,8.817204301075268e-05
Maize_directory_epoch2000,6,CGGTCC,87,6.236559139784946e-05
Maize_directory_epoch2000,6,CGGTCG,98,7.025089605734767e-05
Maize_directory_epoch2000,6,CGGTCT,150,0.00010752688172043011
Maize_directory_epoch2000,6,CGGTGA,308,0.0002207885304659498
Maize_directory_epoch2000,6,CGGTGC,121,8.673835125448029e-05
Maize_directory_epoch2000,6,CGGTGG,217,0.00015555555555555556
Maize_directory_epoch2000,6,CGGTGT,222,0.00015913978494623657
Maize_directory_epoch2000,6,CGGTTA,204,0.00014623655913978496
Maize_directory_epoch2000,6,CGGTTC,295,0.0002114695340501792
Maize_directory_epoch2000,6,CGGTTG,189,0.00013548387096774193
Maize_directory_epoch2000,6,CGGTTT,584,0.00041863799283154123
Maize_directory_epoch2000,6,CGTAAA,236,0.00016917562724014338
Maize_directory_epoch2000,6,CGTAAC,133,9.53405017921147e-05
Maize_directory_epoch2000,6,CGTAAG,104,7.455197132616487e-05
Maize_directory_epoch2000,6,CGTAAT,202,0.00014480286738351254
Maize_directory_epoch2000,6,CGTACA,85,6.093189964157706e-05
Maize_directory_epoch2000,6,CGTACC,90,6.451612903225807e-05
Maize_directory_epoch2000,6,CGTACG,45,3.2258064516129034e-05
Maize_directory_epoch2000,6,CGTACT,101,7.240143369175627e-05
Maize_directory_epoch2000,6,CGTAGA,180,0.00012903225806451613
Maize_directory_epoch2000,6,CGTAGC,96,6.881720430107527e-05
Maize_directory_epoch2000,6,CGTAGG,71,5.089605734767025e-05
Maize_directory_epoch2000,6,CGTAGT,150,0.00010752688172043011
Maize_directory_epoch2000,6,CGTATA,125,8.960573476702509e-05
Maize_directory_epoch2000,6,CGTATC,233,0.00016702508960573476
Maize_directory_epoch2000,6,CGTATG,115,8.243727598566309e-05
Maize_directory_epoch2000,6,CGTATT,274,0.000196415770609319
Maize_directory_epoch2000,6,CGTCAA,307,0.00022007168458781362
Maize_directory_epoch2000,6,CGTCAC,214,0.00015340501792114695
Maize_directory_epoch2000,6,CGTCAG,145,0.0001039426523297491
Maize_directory_epoch2000,6,CGTCAT,273,0.0001956989247311828
Maize_directory_epoch2000,6,CGTCCA,159,0.00011397849462365592
Maize_directory_epoch2000,6,CGTCCC,120,8.602150537634408e-05
Maize_directory_epoch2000,6,CGTCCG,123,8.817204301075268e-05
Maize_directory_epoch2000,6,CGTCCT,187,0.00013405017921146954
Maize_directory_epoch2000,6,CGTCGA,456,0.0003268817204301075
Maize_directory_epoch2000,6,CGTCGC,312,0.00022365591397849463
Maize_directory_epoch2000,6,CGTCGG,236,0.00016917562724014338
Maize_directory_epoch2000,6,CGTCGT,406,0.00029103942652329746
Maize_directory_epoch2000,6,CGTCTA,211,0.00015125448028673836
Maize_directory_epoch2000,6,CGTCTC,459,0.00032903225806451614
Maize_directory_epoch2000,6,CGTCTG,171,0.0001225806451612903
Maize_directory_epoch2000,6,CGTCTT,500,0.00035842293906810036
Maize_directory_epoch2000,6,CGTGAA,226,0.00016200716845878136
Maize_directory_epoch2000,6,CGTGAC,129,9.247311827956989e-05
Maize_directory_epoch2000,6,CGTGAG,114,8.172043010752688e-05
Maize_directory_epoch2000,6,CGTGAT,259,0.00018566308243727597
Maize_directory_epoch2000,6,CGTGCA,61,4.3727598566308243e-05
Maize_directory_epoch2000,6,CGTGCC,79,5.663082437275986e-05
Maize_directory_epoch2000,6,CGTGCG,35,2.5089605734767026e-05
Maize_directory_epoch2000,6,CGTGCT,131,9.39068100358423e-05
Maize_directory_epoch2000,6,CGTGGA,191,0.00013691756272401435
Maize_directory_epoch2000,6,CGTGGC,138,9.89247311827957e-05
Maize_directory_epoch2000,6,CGTGGG,96,6.881720430107527e-05
Maize_directory_epoch2000,6,CGTGGT,194,0.00013906810035842294
Maize_directory_epoch2000,6,CGTGTA,122,8.745519713261649e-05
Maize_directory_epoch2000,6,CGTGTC,175,0.00012544802867383513
Maize_directory_epoch2000,6,CGTGTG,112,8.028673835125448e-05
Maize_directory_epoch2000,6,CGTGTT,334,0.00023942652329749103
Maize_directory_epoch2000,6,CGTTAA,302,0.0002164874551971326
Maize_directory_epoch2000,6,CGTTAC,176,0.00012616487455197132
Maize_directory_epoch2000,6,CGTTAG,143,0.0001025089605734767
Maize_directory_epoch2000,6,CGTTAT,272,0.0001949820788530466
Maize_directory_epoch2000,6,CGTTCA,261,0.0001870967741935484
Maize_directory_epoch2000,6,CGTTCC,250,0.00017921146953405018
Maize_directory_epoch2000,6,CGTTCG,179,0.00012831541218637994
Maize_directory_epoch2000,6,CGTTCT,493,0.00035340501792114693
Maize_directory_epoch2000,6,CGTTGA,428,0.0003068100358422939
Maize_directory_epoch2000,6,CGTTGC,240,0.00017204301075268816
Maize_directory_epoch2000,6,CGTTGG,217,0.00015555555555555556
Maize_directory_epoch2000,6,CGTTGT,419,0.0003003584229390681
Maize_directory_epoch2000,6,CGTTTA,378,0.00027096774193548386
Maize_directory_epoch2000,6,CGTTTC,675,0.0004838709677419355
Maize_directory_epoch2000,6,CGTTTG,423,0.0003032258064516129
Maize_directory_epoch2000,6,CGTTTT,1139,0.0008164874551971327
Maize_directory_epoch2000,6,CTAAAA,461,0.00033046594982078854
Maize_directory_epoch2000,6,CTAAAC,280,0.0002007168458781362
Maize_directory_epoch2000,6,CTAAAG,244,0.00017491039426523297
Maize_directory_epoch2000,6,CTAAAT,541,0.00038781362007168457
Maize_directory_epoch2000,6,CTAACA,196,0.00014050179211469533
Maize_directory_epoch2000,6,CTAACC,218,0.00015627240143369176
Maize_directory_epoch2000,6,CTAACG,136,9.74910394265233e-05
Maize_directory_epoch2000,6,CTAACT,260,0.0001863799283154122
Maize_directory_epoch2000,6,CTAAGA,288,0.0002064516129032258
Maize_directory_epoch2000,6,CTAAGC,150,0.00010752688172043011
Maize_directory_epoch2000,6,CTAAGG,138,9.89247311827957e-05
Maize_directory_epoch2000,6,CTAAGT,232,0.00016630824372759856
Maize_directory_epoch2000,6,CTAATA,295,0.0002114695340501792
Maize_directory_epoch2000,6,CTAATC,455,0.0003261648745519713
Maize_directory_epoch2000,6,CTAATG,242,0.00017347670250896058
Maize_directory_epoch2000,6,CTAATT,729,0.0005225806451612903
Maize_directory_epoch2000,6,CTACAA,320,0.00022939068100358422
Maize_directory_epoch2000,6,CTACAC,159,0.00011397849462365592
Maize_directory_epoch2000,6,CTACAG,109,7.813620071684588e-05
Maize_directory_epoch2000,6,CTACAT,257,0.00018422939068100358
Maize_directory_epoch2000,6,CTACCA,197,0.00014121863799283155
Maize_directory_epoch2000,6,CTACCC,161,0.00011541218637992832
Maize_directory_epoch2000,6,CTACCG,142,0.0001017921146953405
Maize_directory_epoch2000,6,CTACCT,210,0.00015053763440860216
Maize_directory_epoch2000,6,CTACGA,218,0.00015627240143369176
Maize_directory_epoch2000,6,CTACGC,102,7.311827956989248e-05
Maize_directory_epoch2000,6,CTACGG,101,7.240143369175627e-05
Maize_directory_epoch2000,6,CTACGT,177,0.00012688172043010752
Maize_directory_epoch2000,6,CTACTA,192,0.00013763440860215055
Maize_directory_epoch2000,6,CTACTC,337,0.00024157706093189964
Maize_directory_epoch2000,6,CTACTG,172,0.00012329749103942654
Maize_directory_epoch2000,6,CTACTT,416,0.0002982078853046595
Maize_directory_epoch2000,6,CTAGAA,256,0.00018351254480286738
Maize_directory_epoch2000,6,CTAGAC,126,9.032258064516129e-05
Maize_directory_epoch2000,6,CTAGAG,172,0.00012329749103942654
Maize_directory_epoch2000,6,CTAGAT,325,0.00023297491039426523
Maize_directory_epoch2000,6,CTAGCA,99,7.096774193548388e-05
Maize_directory_epoch2000,6,CTAGCC,92,6.594982078853046e-05
Maize_directory_epoch2000,6,CTAGCG,69,4.946236559139785e-05
Maize_directory_epoch2000,6,CTAGCT,211,0.00015125448028673836
Maize_directory_epoch2000,6,CTAGGA,138,9.89247311827957e-05
Maize_directory_epoch2000,6,CTAGGC,75,5.3763440860215054e-05
Maize_directory_epoch2000,6,CTAGGG,80,5.7347670250896056e-05
Maize_directory_epoch2000,6,CTAGGT,157,0.00011254480286738351
Maize_directory_epoch2000,6,CTAGTA,137,9.82078853046595e-05
Maize_directory_epoch2000,6,CTAGTC,170,0.00012186379928315412
Maize_directory_epoch2000,6,CTAGTG,149,0.00010681003584229391
Maize_directory_epoch2000,6,CTAGTT,400,0.0002867383512544803
Maize_directory_epoch2000,6,CTATAA,284,0.000203584229390681
Maize_directory_epoch2000,6,CTATAC,169,0.00012114695340501792
Maize_directory_epoch2000,6,CTATAG,153,0.00010967741935483871
Maize_directory_epoch2000,6,CTATAT,363,0.00026021505376344086
Maize_directory_epoch2000,6,CTATCA,305,0.00021863799283154122
Maize_directory_epoch2000,6,CTATCC,260,0.0001863799283154122
Maize_directory_epoch2000,6,CTATCG,259,0.00018566308243727597
Maize_directory_epoch2000,6,CTATCT,607,0.00043512544802867386
Maize_directory_epoch2000,6,CTATGA,309,0.000221505376344086
Maize_directory_epoch2000,6,CTATGC,139,9.964157706093189e-05
Maize_directory_epoch2000,6,CTATGG,219,0.00015698924731182796
Maize_directory_epoch2000,6,CTATGT,319,0.00022867383512544803
Maize_directory_epoch2000,6,CTATTA,359,0.00025734767025089607
Maize_directory_epoch2000,6,CTATTC,512,0.00036702508960573477
Maize_directory_epoch2000,6,CTATTG,356,0.00025519713261648743
Maize_directory_epoch2000,6,CTATTT,1056,0.0007569892473118279
Maize_directory_epoch2000,6,CTCAAA,676,0.0004845878136200717
Maize_directory_epoch2000,6,CTCAAC,397,0.0002845878136200717
Maize_directory_epoch2000,6,CTCAAG,320,0.00022939068100358422
Maize_directory_epoch2000,6,CTCAAT,734,0.0005261648745519713
Maize_directory_epoch2000,6,CTCACA,289,0.000207168458781362
Maize_directory_epoch2000,6,CTCACC,349,0.00025017921146953405
Maize_directory_epoch2000,6,CTCACG,200,0.00014336917562724014
Maize_directory_epoch2000,6,CTCACT,475,0.00034050179211469534
Maize_directory_epoch2000,6,CTCAGA,387,0.0002774193548387097
Maize_directory_epoch2000,6,CTCAGC,234,0.00016774193548387096
Maize_directory_epoch2000,6,CTCAGG,159,0.00011397849462365592
Maize_directory_epoch2000,6,CTCAGT,296,0.0002121863799283154
Maize_directory_epoch2000,6,CTCATA,295,0.0002114695340501792
Maize_directory_epoch2000,6,CTCATC,652,0.00046738351254480286
Maize_directory_epoch2000,6,CTCATG,292,0.00020931899641577062
Maize_directory_epoch2000,6,CTCATT,688,0.0004931899641577061
Maize_directory_epoch2000,6,CTCCAA,657,0.0004709677419354839
Maize_directory_epoch2000,6,CTCCAC,433,0.00031039426523297493
Maize_directory_epoch2000,6,CTCCAG,261,0.0001870967741935484
Maize_directory_epoch2000,6,CTCCAT,518,0.00037132616487455195
Maize_directory_epoch2000,6,CTCCCA,320,0.00022939068100358422
Maize_directory_epoch2000,6,CTCCCC,303,0.0002172043010752688
Maize_directory_epoch2000,6,CTCCCG,229,0.00016415770609318997
Maize_directory_epoch2000,6,CTCCCT,465,0.0003333333333333333
Maize_directory_epoch2000,6,CTCCGA,642,0.00046021505376344084
Maize_directory_epoch2000,6,CTCCGC,475,0.00034050179211469534
Maize_directory_epoch2000,6,CTCCGG,362,0.00025949820788530466
Maize_directory_epoch2000,6,CTCCGT,568,0.000407168458781362
Maize_directory_epoch2000,6,CTCCTA,313,0.00022437275985663082
Maize_directory_epoch2000,6,CTCCTC,1050,0.0007526881720430108
Maize_directory_epoch2000,6,CTCCTG,281,0.0002014336917562724
Maize_directory_epoch2000,6,CTCCTT,943,0.0006759856630824373
Maize_directory_epoch2000,6,CTCGAA,457,0.00032759856630824375
Maize_directory_epoch2000,6,CTCGAC,288,0.0002064516129032258
Maize_directory_epoch2000,6,CTCGAG,235,0.00016845878136200718
Maize_directory_epoch2000,6,CTCGAT,611,0.00043799283154121864
Maize_directory_epoch2000,6,CTCGCA,176,0.00012616487455197132
Maize_directory_epoch2000,6,CTCGCC,235,0.00016845878136200718
Maize_directory_epoch2000,6,CTCGCG,119,8.530465949820788e-05
Maize_directory_epoch2000,6,CTCGCT,306,0.00021935483870967742
Maize_directory_epoch2000,6,CTCGGA,257,0.00018422939068100358
Maize_directory_epoch2000,6,CTCGGC,144,0.0001032258064516129
Maize_directory_epoch2000,6,CTCGGG,102,7.311827956989248e-05
Maize_directory_epoch2000,6,CTCGGT,253,0.00018136200716845877
Maize_directory_epoch2000,6,CTCGTA,198,0.00014193548387096775
Maize_directory_epoch2000,6,CTCGTC,380,0.00027240143369175625
Maize_directory_epoch2000,6,CTCGTG,217,0.00015555555555555556
Maize_directory_epoch2000,6,CTCGTT,599,0.00042939068100358423
Maize_directory_epoch2000,6,CTCTAA,555,0.0003978494623655914
Maize_directory_epoch2000,6,CTCTAC,408,0.0002924731182795699
Maize_directory_epoch2000,6,CTCTAG,288,0.0002064516129032258
Maize_directory_epoch2000,6,CTCTAT,738,0.0005290322580645162
Maize_directory_epoch2000,6,CTCTCA,839,0.0006014336917562724
Maize_directory_epoch2000,6,CTCTCC,1052,0.0007541218637992831
Maize_directory_epoch2000,6,CTCTCG,597,0.00042795698924731184
Maize_directory_epoch2000,6,CTCTCT,2347,0.001682437275985663
Maize_directory_epoch2000,6,CTCTGA,707,0.0005068100358422939
Maize_directory_epoch2000,6,CTCTGC,414,0.0002967741935483871
Maize_directory_epoch2000,6,CTCTGG,369,0.0002645161290322581
Maize_directory_epoch2000,6,CTCTGT,775,0.0005555555555555556
Maize_directory_epoch2000,6,CTCTTA,657,0.0004709677419354839
Maize_directory_epoch2000,6,CTCTTC,1668,0.0011956989247311827
Maize_directory_epoch2000,6,CTCTTG,709,0.0005082437275985663
Maize_directory_epoch2000,6,CTCTTT,1911,0.0013698924731182795
Maize_directory_epoch2000,6,CTGAAA,410,0.0002939068100358423
Maize_directory_epoch2000,6,CTGAAC,222,0.00015913978494623657
Maize_directory_epoch2000,6,CTGAAG,311,0.00022293906810035843
Maize_directory_epoch2000,6,CTGAAT,468,0.0003354838709677419
Maize_directory_epoch2000,6,CTGACA,170,0.00012186379928315412
Maize_directory_epoch2000,6,CTGACC,130,9.31899641577061e-05
Maize_directory_epoch2000,6,CTGACG,150,0.00010752688172043011
Maize_directory_epoch2000,6,CTGACT,209,0.00014982078853046594
Maize_directory_epoch2000,6,CTGAGA,336,0.00024086021505376345
Maize_directory_epoch2000,6,CTGAGC,152,0.00010896057347670251
Maize_directory_epoch2000,6,CTGAGG,166,0.00011899641577060932
Maize_directory_epoch2000,6,CTGAGT,293,0.0002100358422939068
Maize_directory_epoch2000,6,CTGATA,321,0.00023010752688172042
Maize_directory_epoch2000,6,CTGATC,560,0.0004014336917562724
Maize_directory_epoch2000,6,CTGATG,336,0.00024086021505376345
Maize_directory_epoch2000,6,CTGATT,1051,0.000753405017921147
Maize_directory_epoch2000,6,CTGCAA,220,0.00015770609318996415
Maize_directory_epoch2000,6,CTGCAC,94,6.738351254480287e-05
Maize_directory_epoch2000,6,CTGCAG,125,8.960573476702509e-05
Maize_directory_epoch2000,6,CTGCAT,158,0.00011326164874551972
Maize_directory_epoch2000,6,CTGCCA,150,0.00010752688172043011
Maize_directory_epoch2000,6,CTGCCC,80,5.7347670250896056e-05
Maize_directory_epoch2000,6,CTGCCG,154,0.0001103942652329749
Maize_directory_epoch2000,6,CTGCCT,193,0.00013835125448028674
Maize_directory_epoch2000,6,CTGCGA,212,0.00015197132616487455
Maize_directory_epoch2000,6,CTGCGC,97,6.953405017921147e-05
Maize_directory_epoch2000,6,CTGCGG,119,8.530465949820788e-05
Maize_directory_epoch2000,6,CTGCGT,176,0.00012616487455197132
Maize_directory_epoch2000,6,CTGCTA,176,0.00012616487455197132
Maize_directory_epoch2000,6,CTGCTC,368,0.00026379928315412184
Maize_directory_epoch2000,6,CTGCTG,206,0.00014767025089605735
Maize_directory_epoch2000,6,CTGCTT,561,0.0004021505376344086
Maize_directory_epoch2000,6,CTGGAA,246,0.00017634408602150537
Maize_directory_epoch2000,6,CTGGAC,118,8.458781362007169e-05
Maize_directory_epoch2000,6,CTGGAG,195,0.00013978494623655913
Maize_directory_epoch2000,6,CTGGAT,310,0.00022222222222222223
Maize_directory_epoch2000,6,CTGGCA,99,7.096774193548388e-05
Maize_directory_epoch2000,6,CTGGCC,84,6.021505376344086e-05
Maize_directory_epoch2000,6,CTGGCG,126,9.032258064516129e-05
Maize_directory_epoch2000,6,CTGGCT,157,0.00011254480286738351
Maize_directory_epoch2000,6,CTGGGA,157,0.00011254480286738351
Maize_directory_epoch2000,6,CTGGGC,65,4.659498207885305e-05
Maize_directory_epoch2000,6,CTGGGG,70,5.017921146953405e-05
Maize_directory_epoch2000,6,CTGGGT,189,0.00013548387096774193
Maize_directory_epoch2000,6,CTGGTA,138,9.89247311827957e-05
Maize_directory_epoch2000,6,CTGGTC,176,0.00012616487455197132
Maize_directory_epoch2000,6,CTGGTG,239,0.00017132616487455196
Maize_directory_epoch2000,6,CTGGTT,518,0.00037132616487455195
Maize_directory_epoch2000,6,CTGTAA,249,0.00017849462365591398
Maize_directory_epoch2000,6,CTGTAC,104,7.455197132616487e-05
Maize_directory_epoch2000,6,CTGTAG,152,0.00010896057347670251
Maize_directory_epoch2000,6,CTGTAT,309,0.000221505376344086
Maize_directory_epoch2000,6,CTGTCA,194,0.00013906810035842294
Maize_directory_epoch2000,6,CTGTCC,186,0.00013333333333333334
Maize_directory_epoch2000,6,CTGTCG,202,0.00014480286738351254
Maize_directory_epoch2000,6,CTGTCT,413,0.0002960573476702509
Maize_directory_epoch2000,6,CTGTGA,345,0.00024731182795698927
Maize_directory_epoch2000,6,CTGTGC,147,0.0001053763440860215
Maize_directory_epoch2000,6,CTGTGG,218,0.00015627240143369176
Maize_directory_epoch2000,6,CTGTGT,352,0.00025232974910394264
Maize_directory_epoch2000,6,CTGTTA,348,0.00024946236559139786
Maize_directory_epoch2000,6,CTGTTC,470,0.00033691756272401436
Maize_directory_epoch2000,6,CTGTTG,427,0.0003060931899641577
Maize_directory_epoch2000,6,CTGTTT,1202,0.0008616487455197133
Maize_directory_epoch2000,6,CTTAAA,517,0.00037060931899641575
Maize_directory_epoch2000,6,CTTAAC,252,0.00018064516129032257
Maize_directory_epoch2000,6,CTTAAG,289,0.000207168458781362
Maize_directory_epoch2000,6,CTTAAT,567,0.0004064516129032258
Maize_directory_epoch2000,6,CTTACA,219,0.00015698924731182796
Maize_directory_epoch2000,6,CTTACC,223,0.00015985663082437277
Maize_directory_epoch2000,6,CTTACG,158,0.00011326164874551972
Maize_directory_epoch2000,6,CTTACT,413,0.0002960573476702509
Maize_directory_epoch2000,6,CTTAGA,384,0.0002752688172043011
Maize_directory_epoch2000,6,CTTAGC,182,0.00013046594982078853
Maize_directory_epoch2000,6,CTTAGG,169,0.00012114695340501792
Maize_directory_epoch2000,6,CTTAGT,335,0.00024014336917562725
Maize_directory_epoch2000,6,CTTATA,368,0.00026379928315412184
Maize_directory_epoch2000,6,CTTATC,542,0.00038853046594982077
Maize_directory_epoch2000,6,CTTATG,347,0.00024874551971326166
Maize_directory_epoch2000,6,CTTATT,905,0.0006487455197132616
Maize_directory_epoch2000,6,CTTCAA,814,0.0005835125448028674
Maize_directory_epoch2000,6,CTTCAC,493,0.00035340501792114693
Maize_directory_epoch2000,6,CTTCAG,367,0.00026308243727598564
Maize_directory_epoch2000,6,CTTCAT,910,0.0006523297491039426
Maize_directory_epoch2000,6,CTTCCA,514,0.00036845878136200716
Maize_directory_epoch2000,6,CTTCCC,444,0.00031827956989247314
Maize_directory_epoch2000,6,CTTCCG,409,0.0002931899641577061
Maize_directory_epoch2000,6,CTTCCT,1011,0.0007247311827956989
Maize_directory_epoch2000,6,CTTCGA,723,0.0005182795698924731
Maize_directory_epoch2000,6,CTTCGC,376,0.00026953405017921146
Maize_directory_epoch2000,6,CTTCGG,329,0.00023584229390681005
Maize_directory_epoch2000,6,CTTCGT,700,0.0005017921146953405
Maize_directory_epoch2000,6,CTTCTA,648,0.00046451612903225807
Maize_directory_epoch2000,6,CTTCTC,1858,0.001331899641577061
Maize_directory_epoch2000,6,CTTCTG,674,0.0004831541218637993
Maize_directory_epoch2000,6,CTTCTT,2606,0.001868100358422939
Maize_directory_epoch2000,6,CTTGAA,452,0.0003240143369175627
Maize_directory_epoch2000,6,CTTGAC,235,0.00016845878136200718
Maize_directory_epoch2000,6,CTTGAG,272,0.0001949820788530466
Maize_directory_epoch2000,6,CTTGAT,740,0.0005304659498207886
Maize_directory_epoch2000,6,CTTGCA,182,0.00013046594982078853
Maize_directory_epoch2000,6,CTTGCC,188,0.00013476702508960573
Maize_directory_epoch2000,6,CTTGCG,170,0.00012186379928315412
Maize_directory_epoch2000,6,CTTGCT,422,0.0003025089605734767
Maize_directory_epoch2000,6,CTTGGA,376,0.00026953405017921146
Maize_directory_epoch2000,6,CTTGGC,181,0.00012974910394265233
Maize_directory_epoch2000,6,CTTGGG,236,0.00016917562724014338
Maize_directory_epoch2000,6,CTTGGT,452,0.0003240143369175627
Maize_directory_epoch2000,6,CTTGTA,343,0.0002458781362007168
Maize_directory_epoch2000,6,CTTGTC,417,0.0002989247311827957
Maize_directory_epoch2000,6,CTTGTG,381,0.00027311827956989245
Maize_directory_epoch2000,6,CTTGTT,1162,0.0008329749103942652
Maize_directory_epoch2000,6,CTTTAA,637,0.00045663082437275986
Maize_directory_epoch2000,6,CTTTAC,387,0.0002774193548387097
Maize_directory_epoch2000,6,CTTTAG,389,0.00027885304659498207
Maize_directory_epoch2000,6,CTTTAT,949,0.0006802867383512545
Maize_directory_epoch2000,6,CTTTCA,644,0.0004616487455197133
Maize_directory_epoch2000,6,CTTTCC,655,0.00046953405017921145
Maize_directory_epoch2000,6,CTTTCG,546,0.0003913978494623656
Maize_directory_epoch2000,6,CTTTCT,1681,0.0012050179211469535
Maize_directory_epoch2000,6,CTTTGA,818,0.0005863799283154122
Maize_directory_epoch2000,6,CTTTGC,422,0.0003025089605734767
Maize_directory_epoch2000,6,CTTTGG,546,0.0003913978494623656
Maize_directory_epoch2000,6,CTTTGT,1274,0.0009132616487455197
Maize_directory_epoch2000,6,CTTTTA,949,0.0006802867383512545
Maize_directory_epoch2000,6,CTTTTC,1307,0.0009369175627240143
Maize_directory_epoch2000,6,CTTTTG,1187,0.0008508960573476702
Maize_directory_epoch2000,6,CTTTTT,2938,0.0021060931899641575
Maize_directory_epoch2000,6,GAAAAA,945,0.0006774193548387097
Maize_directory_epoch2000,6,GAAAAC,464,0.0003326164874551971
Maize_directory_epoch2000,6,GAAAAG,483,0.00034623655913978497
Maize_directory_epoch2000,6,GAAAAT,782,0.0005605734767025089
Maize_directory_epoch2000,6,GAAACA,420,0.0003010752688172043
Maize_directory_epoch2000,6,GAAACC,388,0.0002781362007168459
Maize_directory_epoch2000,6,GAAACG,255,0.0001827956989247312
Maize_directory_epoch2000,6,GAAACT,505,0.00036200716845878134
Maize_directory_epoch2000,6,GAAAGA,540,0.0003870967741935484
Maize_directory_epoch2000,6,GAAAGC,245,0.00017562724014336917
Maize_directory_epoch2000,6,GAAAGG,184,0.00013189964157706092
Maize_directory_epoch2000,6,GAAAGT,327,0.00023440860215053763
Maize_directory_epoch2000,6,GAAATA,413,0.0002960573476702509
Maize_directory_epoch2000,6,GAAATC,612,0.00043870967741935484
Maize_directory_epoch2000,6,GAAATG,382,0.0002738351254480287
Maize_directory_epoch2000,6,GAAATT,905,0.0006487455197132616
Maize_directory_epoch2000,6,GAACAA,396,0.0002838709677419355
Maize_directory_epoch2000,6,GAACAC,182,0.00013046594982078853
Maize_directory_epoch2000,6,GAACAG,148,0.0001060931899641577
Maize_directory_epoch2000,6,GAACAT,242,0.00017347670250896058
Maize_directory_epoch2000,6,GAACCA,306,0.00021935483870967742
Maize_directory_epoch2000,6,GAACCC,196,0.00014050179211469533
Maize_directory_epoch2000,6,GAACCG,200,0.00014336917562724014
Maize_directory_epoch2000,6,GAACCT,243,0.00017419354838709678
Maize_directory_epoch2000,6,GAACGA,209,0.00014982078853046594
Maize_directory_epoch2000,6,GAACGC,77,5.519713261648745e-05
Maize_directory_epoch2000,6,GAACGG,89,6.379928315412186e-05
Maize_directory_epoch2000,6,GAACGT,141,0.0001010752688172043
Maize_directory_epoch2000,6,GAACTA,191,0.00013691756272401435
Maize_directory_epoch2000,6,GAACTC,305,0.00021863799283154122
Maize_directory_epoch2000,6,GAACTG,175,0.00012544802867383513
Maize_directory_epoch2000,6,GAACTT,355,0.00025448028673835123
Maize_directory_epoch2000,6,GAAGAA,1028,0.0007369175627240143
Maize_directory_epoch2000,6,GAAGAC,367,0.00026308243727598564
Maize_directory_epoch2000,6,GAAGAG,474,0.00033978494623655914
Maize_directory_epoch2000,6,GAAGAT,772,0.000553405017921147
Maize_directory_epoch2000,6,GAAGCA,321,0.00023010752688172042
Maize_directory_epoch2000,6,GAAGCC,254,0.000182078853046595
Maize_directory_epoch2000,6,GAAGCG,171,0.0001225806451612903
Maize_directory_epoch2000,6,GAAGCT,478,0.00034265232974910393
Maize_directory_epoch2000,6,GAAGGA,362,0.00025949820788530466
Maize_directory_epoch2000,6,GAAGGC,129,9.247311827956989e-05
Maize_directory_epoch2000,6,GAAGGG,102,7.311827956989248e-05
Maize_directory_epoch2000,6,GAAGGT,237,0.00016989247311827957
Maize_directory_epoch2000,6,GAAGTA,241,0.00017275985663082438
Maize_directory_epoch2000,6,GAAGTC,262,0.0001878136200716846
Maize_directory_epoch2000,6,GAAGTG,172,0.00012329749103942654
Maize_directory_epoch2000,6,GAAGTT,546,0.0003913978494623656
Maize_directory_epoch2000,6,GAATAA,431,0.0003089605734767025
Maize_directory_epoch2000,6,GAATAC,180,0.00012903225806451613
Maize_directory_epoch2000,6,GAATAG,189,0.00013548387096774193
Maize_directory_epoch2000,6,GAATAT,414,0.0002967741935483871
Maize_directory_epoch2000,6,GAATCA,516,0.00036989247311827955
Maize_directory_epoch2000,6,GAATCC,426,0.0003053763440860215
Maize_directory_epoch2000,6,GAATCG,374,0.00026810035842293907
Maize_directory_epoch2000,6,GAATCT,912,0.000653763440860215
Maize_directory_epoch2000,6,GAATGA,331,0.00023727598566308244
Maize_directory_epoch2000,6,GAATGC,129,9.247311827956989e-05
Maize_directory_epoch2000,6,GAATGG,194,0.00013906810035842294
Maize_directory_epoch2000,6,GAATGT,303,0.0002172043010752688
Maize_directory_epoch2000,6,GAATTA,487,0.00034910394265232975
Maize_directory_epoch2000,6,GAATTC,663,0.00047526881720430107
Maize_directory_epoch2000,6,GAATTG,529,0.00037921146953405016
Maize_directory_epoch2000,6,GAATTT,1305,0.0009354838709677419
Maize_directory_epoch2000,6,GACAAA,350,0.00025089605734767025
Maize_directory_epoch2000,6,GACAAC,230,0.00016487455197132617
Maize_directory_epoch2000,6,GACAAG,217,0.00015555555555555556
Maize_directory_epoch2000,6,GACAAT,305,0.00021863799283154122
Maize_directory_epoch2000,6,GACACA,164,0.00011756272401433691
Maize_directory_epoch2000,6,GACACC,139,9.964157706093189e-05
Maize_directory_epoch2000,6,GACACG,79,5.663082437275986e-05
Maize_directory_epoch2000,6,GACACT,155,0.00011111111111111112
Maize_directory_epoch2000,6,GACAGA,185,0.00013261648745519714
Maize_directory_epoch2000,6,GACAGC,92,6.594982078853046e-05
Maize_directory_epoch2000,6,GACAGG,63,4.516129032258064e-05
Maize_directory_epoch2000,6,GACAGT,135,9.67741935483871e-05
Maize_directory_epoch2000,6,GACATA,137,9.82078853046595e-05
Maize_directory_epoch2000,6,GACATC,198,0.00014193548387096775
Maize_directory_epoch2000,6,GACATG,138,9.89247311827957e-05
Maize_directory_epoch2000,6,GACATT,264,0.00018924731182795698
Maize_directory_epoch2000,6,GACCAA,265,0.00018996415770609318
Maize_directory_epoch2000,6,GACCAC,150,0.00010752688172043011
Maize_directory_epoch2000,6,GACCAG,119,8.530465949820788e-05
Maize_directory_epoch2000,6,GACCAT,197,0.00014121863799283155
Maize_directory_epoch2000,6,GACCCA,149,0.00010681003584229391
Maize_directory_epoch2000,6,GACCCC,99,7.096774193548388e-05
Maize_directory_epoch2000,6,GACCCG,98,7.025089605734767e-05
Maize_directory_epoch2000,6,GACCCT,148,0.0001060931899641577
Maize_directory_epoch2000,6,GACCGA,119,8.530465949820788e-05
Maize_directory_epoch2000,6,GACCGC,96,6.881720430107527e-05
Maize_directory_epoch2000,6,GACCGG,81,5.806451612903226e-05
Maize_directory_epoch2000,6,GACCGT,111,7.956989247311829e-05
Maize_directory_epoch2000,6,GACCTA,106,7.598566308243728e-05
Maize_directory_epoch2000,6,GACCTC,164,0.00011756272401433691
Maize_directory_epoch2000,6,GACCTG,99,7.096774193548388e-05
Maize_directory_epoch2000,6,GACCTT,222,0.00015913978494623657
Maize_directory_epoch2000,6,GACGAA,385,0.0002759856630824373
Maize_directory_epoch2000,6,GACGAC,226,0.00016200716845878136
Maize_directory_epoch2000,6,GACGAG,212,0.00015197132616487455
Maize_directory_epoch2000,6,GACGAT,383,0.0002745519713261649
Maize_directory_epoch2000,6,GACGCA,112,8.028673835125448e-05
Maize_directory_epoch2000,6,GACGCC,176,0.00012616487455197132
Maize_directory_epoch2000,6,GACGCG,68,4.874551971326165e-05
Maize_directory_epoch2000,6,GACGCT,160,0.00011469534050179211
Maize_directory_epoch2000,6,GACGGA,234,0.00016774193548387096
Maize_directory_epoch2000,6,GACGGC,172,0.00012329749103942654
Maize_directory_epoch2000,6,GACGGG,60,4.301075268817204e-05
Maize_directory_epoch2000,6,GACGGT,197,0.00014121863799283155
Maize_directory_epoch2000,6,GACGTA,115,8.243727598566309e-05
Maize_directory_epoch2000,6,GACGTC,206,0.00014767025089605735
Maize_directory_epoch2000,6,GACGTG,103,7.383512544802867e-05
Maize_directory_epoch2000,6,GACGTT,257,0.00018422939068100358
Maize_directory_epoch2000,6,GACTAA,185,0.00013261648745519714
Maize_directory_epoch2000,6,GACTAC,106,7.598566308243728e-05
Maize_directory_epoch2000,6,GACTAG,93,6.666666666666667e-05
Maize_directory_epoch2000,6,GACTAT,189,0.00013548387096774193
Maize_directory_epoch2000,6,GACTCA,221,0.00015842293906810035
Maize_directory_epoch2000,6,GACTCC,240,0.00017204301075268816
Maize_directory_epoch2000,6,GACTCG,172,0.00012329749103942654
Maize_directory_epoch2000,6,GACTCT,418,0.0002996415770609319
Maize_directory_epoch2000,6,GACTGA,183,0.00013118279569892472
Maize_directory_epoch2000,6,GACTGC,88,6.308243727598566e-05
Maize_directory_epoch2000,6,GACTGG,83,5.949820788530466e-05
Maize_directory_epoch2000,6,GACTGT,159,0.00011397849462365592
Maize_directory_epoch2000,6,GACTTA,205,0.00014695340501792115
Maize_directory_epoch2000,6,GACTTC,358,0.0002566308243727599
Maize_directory_epoch2000,6,GACTTG,207,0.00014838709677419355
Maize_directory_epoch2000,6,GACTTT,460,0.00032974910394265234
Maize_directory_epoch2000,6,GAGAAA,704,0.0005046594982078853
Maize_directory_epoch2000,6,GAGAAC,254,0.000182078853046595
Maize_directory_epoch2000,6,GAGAAG,502,0.00035985663082437275
Maize_directory_epoch2000,6,GAGAAT,506,0.00036272401433691754
Maize_directory_epoch2000,6,GAGACA,196,0.00014050179211469533
Maize_directory_epoch2000,6,GAGACC,152,0.00010896057347670251
Maize_directory_epoch2000,6,GAGACG,173,0.00012401433691756273
Maize_directory_epoch2000,6,GAGACT,256,0.00018351254480286738
Maize_directory_epoch2000,6,GAGAGA,477,0.00034193548387096773
Maize_directory_epoch2000,6,GAGAGC,179,0.00012831541218637994
Maize_directory_epoch2000,6,GAGAGG,184,0.00013189964157706092
Maize_directory_epoch2000,6,GAGAGT,269,0.000192831541218638
Maize_directory_epoch2000,6,GAGATA,344,0.00024659498207885307
Maize_directory_epoch2000,6,GAGATC,462,0.00033118279569892473
Maize_directory_epoch2000,6,GAGATG,355,0.00025448028673835123
Maize_directory_epoch2000,6,GAGATT,881,0.0006315412186379928
Maize_directory_epoch2000,6,GAGCAA,243,0.00017419354838709678
Maize_directory_epoch2000,6,GAGCAC,99,7.096774193548388e-05
Maize_directory_epoch2000,6,GAGCAG,140,0.0001003584229390681
Maize_directory_epoch2000,6,GAGCAT,173,0.00012401433691756273
Maize_directory_epoch2000,6,GAGCCA,156,0.00011182795698924731
Maize_directory_epoch2000,6,GAGCCC,75,5.3763440860215054e-05
Maize_directory_epoch2000,6,GAGCCG,129,9.247311827956989e-05
Maize_directory_epoch2000,6,GAGCCT,180,0.00012903225806451613
Maize_directory_epoch2000,6,GAGCGA,141,0.0001010752688172043
Maize_directory_epoch2000,6,GAGCGC,44,3.154121863799283e-05
Maize_directory_epoch2000,6,GAGCGG,74,5.304659498207885e-05
Maize_directory_epoch2000,6,GAGCGT,104,7.455197132616487e-05
Maize_directory_epoch2000,6,GAGCTA,187,0.00013405017921146954
Maize_directory_epoch2000,6,GAGCTC,279,0.0002
Maize_directory_epoch2000,6,GAGCTG,194,0.00013906810035842294
Maize_directory_epoch2000,6,GAGCTT,382,0.0002738351254480287
Maize_directory_epoch2000,6,GAGGAA,392,0.00028100358422939066
Maize_directory_epoch2000,6,GAGGAC,101,7.240143369175627e-05
Maize_directory_epoch2000,6,GAGGAG,347,0.00024874551971326166
Maize_directory_epoch2000,6,GAGGAT,359,0.00025734767025089607
Maize_directory_epoch2000,6,GAGGCA,113,8.100358422939068e-05
Maize_directory_epoch2000,6,GAGGCC,72,5.161290322580645e-05
Maize_directory_epoch2000,6,GAGGCG,124,8.888888888888889e-05
Maize_directory_epoch2000,6,GAGGCT,154,0.0001103942652329749
Maize_directory_epoch2000,6,GAGGGA,166,0.00011899641577060932
Maize_directory_epoch2000,6,GAGGGC,29,2.078853046594982e-05
Maize_directory_epoch2000,6,GAGGGG,51,3.655913978494624e-05
Maize_directory_epoch2000,6,GAGGGT,105,7.526881720430108e-05
Maize_directory_epoch2000,6,GAGGTA,126,9.032258064516129e-05
Maize_directory_epoch2000,6,GAGGTC,117,8.387096774193548e-05
Maize_directory_epoch2000,6,GAGGTG,192,0.00013763440860215055
Maize_directory_epoch2000,6,GAGGTT,372,0.0002666666666666667
Maize_directory_epoch2000,6,GAGTAA,249,0.00017849462365591398
Maize_directory_epoch2000,6,GAGTAC,93,6.666666666666667e-05
Maize_directory_epoch2000,6,GAGTAG,153,0.00010967741935483871
Maize_directory_epoch2000,6,GAGTAT,240,0.00017204301075268816
Maize_directory_epoch2000,6,GAGTCA,202,0.00014480286738351254
Maize_directory_epoch2000,6,GAGTCC,138,9.89247311827957e-05
Maize_directory_epoch2000,6,GAGTCG,194,0.00013906810035842294
Maize_directory_epoch2000,6,GAGTCT,355,0.00025448028673835123
Maize_directory_epoch2000,6,GAGTGA,194,0.00013906810035842294
Maize_directory_epoch2000,6,GAGTGC,76,5.448028673835126e-05
Maize_directory_epoch2000,6,GAGTGG,153,0.00010967741935483871
Maize_directory_epoch2000,6,GAGTGT,219,0.00015698924731182796
Maize_directory_epoch2000,6,GAGTTA,303,0.0002172043010752688
Maize_directory_epoch2000,6,GAGTTC,360,0.00025806451612903227
Maize_directory_epoch2000,6,GAGTTG,332,0.00023799283154121863
Maize_directory_epoch2000,6,GAGTTT,959,0.0006874551971326164
Maize_directory_epoch2000,6,GATAAA,501,0.00035913978494623655
Maize_directory_epoch2000,6,GATAAC,218,0.00015627240143369176
Maize_directory_epoch2000,6,GATAAG,264,0.00018924731182795698
Maize_directory_epoch2000,6,GATAAT,437,0.0003132616487455197
Maize_directory_epoch2000,6,GATACA,216,0.00015483870967741937
Maize_directory_epoch2000,6,GATACC,182,0.00013046594982078853
Maize_directory_epoch2000,6,GATACG,174,0.00012473118279569893
Maize_directory_epoch2000,6,GATACT,286,0.0002050179211469534
Maize_directory_epoch2000,6,GATAGA,308,0.0002207885304659498
Maize_directory_epoch2000,6,GATAGC,121,8.673835125448029e-05
Maize_directory_epoch2000,6,GATAGG,125,8.960573476702509e-05
Maize_directory_epoch2000,6,GATAGT,254,0.000182078853046595
Maize_directory_epoch2000,6,GATATA,311,0.00022293906810035843
Maize_directory_epoch2000,6,GATATC,397,0.0002845878136200717
Maize_directory_epoch2000,6,GATATG,321,0.00023010752688172042
Maize_directory_epoch2000,6,GATATT,615,0.00044086021505376343
Maize_directory_epoch2000,6,GATCAA,619,0.00044372759856630827
Maize_directory_epoch2000,6,GATCAC,344,0.00024659498207885307
Maize_directory_epoch2000,6,GATCAG,289,0.000207168458781362
Maize_directory_epoch2000,6,GATCAT,510,0.0003655913978494624
Maize_directory_epoch2000,6,GATCCA,415,0.0002974910394265233
Maize_directory_epoch2000,6,GATCCC,288,0.0002064516129032258
Maize_directory_epoch2000,6,GATCCG,343,0.0002458781362007168
Maize_directory_epoch2000,6,GATCCT,514,0.00036845878136200716
Maize_directory_epoch2000,6,GATCGA,439,0.0003146953405017921
Maize_directory_epoch2000,6,GATCGC,196,0.00014050179211469533
Maize_directory_epoch2000,6,GATCGG,225,0.00016129032258064516
Maize_directory_epoch2000,6,GATCGT,319,0.00022867383512544803
Maize_directory_epoch2000,6,GATCTA,441,0.0003161290322580645
Maize_directory_epoch2000,6,GATCTC,890,0.0006379928315412187
Maize_directory_epoch2000,6,GATCTG,566,0.0004057347670250896
Maize_directory_epoch2000,6,GATCTT,1151,0.000825089605734767
Maize_directory_epoch2000,6,GATGAA,557,0.0003992831541218638
Maize_directory_epoch2000,6,GATGAC,292,0.00020931899641577062
Maize_directory_epoch2000,6,GATGAG,353,0.00025304659498207884
Maize_directory_epoch2000,6,GATGAT,736,0.0005275985663082437
Maize_directory_epoch2000,6,GATGCA,184,0.00013189964157706092
Maize_directory_epoch2000,6,GATGCC,135,9.67741935483871e-05
Maize_directory_epoch2000,6,GATGCG,146,0.00010465949820788531
Maize_directory_epoch2000,6,GATGCT,368,0.00026379928315412184
Maize_directory_epoch2000,6,GATGGA,403,0.0002888888888888889
Maize_directory_epoch2000,6,GATGGC,233,0.00016702508960573476
Maize_directory_epoch2000,6,GATGGG,178,0.00012759856630824371
Maize_directory_epoch2000,6,GATGGT,380,0.00027240143369175625
Maize_directory_epoch2000,6,GATGTA,253,0.00018136200716845877
Maize_directory_epoch2000,6,GATGTC,313,0.00022437275985663082
Maize_directory_epoch2000,6,GATGTG,314,0.00022508960573476702
Maize_directory_epoch2000,6,GATGTT,748,0.0005362007168458781
Maize_directory_epoch2000,6,GATTAA,565,0.0004050179211469534
Maize_directory_epoch2000,6,GATTAC,291,0.00020860215053763442
Maize_directory_epoch2000,6,GATTAG,416,0.0002982078853046595
Maize_directory_epoch2000,6,GATTAT,746,0.0005347670250896058
Maize_directory_epoch2000,6,GATTCA,720,0.0005161290322580645
Maize_directory_epoch2000,6,GATTCC,661,0.0004738351254480287
Maize_directory_epoch2000,6,GATTCG,630,0.00045161290322580643
Maize_directory_epoch2000,6,GATTCT,1435,0.001028673835125448
Maize_directory_epoch2000,6,GATTGA,658,0.0004716845878136201
Maize_directory_epoch2000,6,GATTGC,308,0.0002207885304659498
Maize_directory_epoch2000,6,GATTGG,441,0.0003161290322580645
Maize_directory_epoch2000,6,GATTGT,709,0.0005082437275985663
Maize_directory_epoch2000,6,GATTTA,955,0.0006845878136200717
Maize_directory_epoch2000,6,GATTTC,1289,0.0009240143369175628
Maize_directory_epoch2000,6,GATTTG,1414,0.0010136200716845878
Maize_directory_epoch2000,6,GATTTT,2582,0.0018508960573476703
Maize_directory_epoch2000,6,GCAAAA,370,0.0002652329749103943
Maize_directory_epoch2000,6,GCAAAC,170,0.00012186379928315412
Maize_directory_epoch2000,6,GCAAAG,235,0.00016845878136200718
Maize_directory_epoch2000,6,GCAAAT,320,0.00022939068100358422
Maize_directory_epoch2000,6,GCAACA,191,0.00013691756272401435
Maize_directory_epoch2000,6,GCAACC,156,0.00011182795698924731
Maize_directory_epoch2000,6,GCAACG,137,9.82078853046595e-05
Maize_directory_epoch2000,6,GCAACT,192,0.00013763440860215055
Maize_directory_epoch2000,6,GCAAGA,202,0.00014480286738351254
Maize_directory_epoch2000,6,GCAAGC,92,6.594982078853046e-05
Maize_directory_epoch2000,6,GCAAGG,82,5.8781362007168455e-05
Maize_directory_epoch2000,6,GCAAGT,159,0.00011397849462365592
Maize_directory_epoch2000,6,GCAATA,156,0.00011182795698924731
Maize_directory_epoch2000,6,GCAATC,228,0.00016344086021505375
Maize_directory_epoch2000,6,GCAATG,159,0.00011397849462365592
Maize_directory_epoch2000,6,GCAATT,353,0.00025304659498207884
Maize_directory_epoch2000,6,GCACAA,142,0.0001017921146953405
Maize_directory_epoch2000,6,GCACAC,70,5.017921146953405e-05
Maize_directory_epoch2000,6,GCACAG,57,4.086021505376344e-05
Maize_directory_epoch2000,6,GCACAT,101,7.240143369175627e-05
Maize_directory_epoch2000,6,GCACCA,141,0.0001010752688172043
Maize_directory_epoch2000,6,GCACCC,68,4.874551971326165e-05
Maize_directory_epoch2000,6,GCACCG,139,9.964157706093189e-05
Maize_directory_epoch2000,6,GCACCT,101,7.240143369175627e-05
Maize_directory_epoch2000,6,GCACGA,79,5.663082437275986e-05
Maize_directory_epoch2000,6,GCACGC,42,3.010752688172043e-05
Maize_directory_epoch2000,6,GCACGG,40,2.8673835125448028e-05
Maize_directory_epoch2000,6,GCACGT,69,4.946236559139785e-05
Maize_directory_epoch2000,6,GCACTA,81,5.806451612903226e-05
Maize_directory_epoch2000,6,GCACTC,109,7.813620071684588e-05
Maize_directory_epoch2000,6,GCACTG,83,5.949820788530466e-05
Maize_directory_epoch2000,6,GCACTT,170,0.00012186379928315412
Maize_directory_epoch2000,6,GCAGAA,244,0.00017491039426523297
Maize_directory_epoch2000,6,GCAGAC,72,5.161290322580645e-05
Maize_directory_epoch2000,6,GCAGAG,155,0.00011111111111111112
Maize_directory_epoch2000,6,GCAGAT,262,0.0001878136200716846
Maize_directory_epoch2000,6,GCAGCA,115,8.243727598566309e-05
Maize_directory_epoch2000,6,GCAGCC,90,6.451612903225807e-05
Maize_directory_epoch2000,6,GCAGCG,98,7.025089605734767e-05
Maize_directory_epoch2000,6,GCAGCT,166,0.00011899641577060932
Maize_directory_epoch2000,6,GCAGGA,68,4.874551971326165e-05
Maize_directory_epoch2000,6,GCAGGC,47,3.369175627240143e-05
Maize_directory_epoch2000,6,GCAGGG,30,2.150537634408602e-05
Maize_directory_epoch2000,6,GCAGGT,75,5.3763440860215054e-05
Maize_directory_epoch2000,6,GCAGTA,82,5.8781362007168455e-05
Maize_directory_epoch2000,6,GCAGTC,82,5.8781362007168455e-05
Maize_directory_epoch2000,6,GCAGTG,79,5.663082437275986e-05
Maize_directory_epoch2000,6,GCAGTT,158,0.00011326164874551972
Maize_directory_epoch2000,6,GCATAA,131,9.39068100358423e-05
Maize_directory_epoch2000,6,GCATAC,55,3.942652329749104e-05
Maize_directory_epoch2000,6,GCATAG,93,6.666666666666667e-05
Maize_directory_epoch2000,6,GCATAT,137,9.82078853046595e-05
Maize_directory_epoch2000,6,GCATCA,181,0.00012974910394265233
Maize_directory_epoch2000,6,GCATCC,144,0.0001032258064516129
Maize_directory_epoch2000,6,GCATCG,156,0.00011182795698924731
Maize_directory_epoch2000,6,GCATCT,281,0.0002014336917562724
Maize_directory_epoch2000,6,GCATGA,112,8.028673835125448e-05
Maize_directory_epoch2000,6,GCATGC,65,4.659498207885305e-05
Maize_directory_epoch2000,6,GCATGG,84,6.021505376344086e-05
Maize_directory_epoch2000,6,GCATGT,111,7.956989247311829e-05
Maize_directory_epoch2000,6,GCATTA,138,9.89247311827957e-05
Maize_directory_epoch2000,6,GCATTC,159,0.00011397849462365592
Maize_directory_epoch2000,6,GCATTG,160,0.00011469534050179211
Maize_directory_epoch2000,6,GCATTT,372,0.0002666666666666667
Maize_directory_epoch2000,6,GCCAAA,316,0.00022652329749103944
Maize_directory_epoch2000,6,GCCAAC,141,0.0001010752688172043
Maize_directory_epoch2000,6,GCCAAG,144,0.0001032258064516129
Maize_directory_epoch2000,6,GCCAAT,240,0.00017204301075268816
Maize_directory_epoch2000,6,GCCACA,145,0.0001039426523297491
Maize_directory_epoch2000,6,GCCACC,194,0.00013906810035842294
Maize_directory_epoch2000,6,GCCACG,93,6.666666666666667e-05
Maize_directory_epoch2000,6,GCCACT,166,0.00011899641577060932
Maize_directory_epoch2000,6,GCCAGA,125,8.960573476702509e-05
Maize_directory_epoch2000,6,GCCAGC,79,5.663082437275986e-05
Maize_directory_epoch2000,6,GCCAGG,43,3.0824372759856634e-05
Maize_directory_epoch2000,6,GCCAGT,83,5.949820788530466e-05
Maize_directory_epoch2000,6,GCCATA,115,8.243727598566309e-05
Maize_directory_epoch2000,6,GCCATC,195,0.00013978494623655913
Maize_directory_epoch2000,6,GCCATG,123,8.817204301075268e-05
Maize_directory_epoch2000,6,GCCATT,231,0.00016559139784946237
Maize_directory_epoch2000,6,GCCCAA,156,0.00011182795698924731
Maize_directory_epoch2000,6,GCCCAC,86,6.164874551971327e-05
Maize_directory_epoch2000,6,GCCCAG,66,4.7311827956989246e-05
Maize_directory_epoch2000,6,GCCCAT,113,8.100358422939068e-05
Maize_directory_epoch2000,6,GCCCCA,91,6.523297491039426e-05
Maize_directory_epoch2000,6,GCCCCC,61,4.3727598566308243e-05
Maize_directory_epoch2000,6,GCCCCG,76,5.448028673835126e-05
Maize_directory_epoch2000,6,GCCCCT,74,5.304659498207885e-05
Maize_directory_epoch2000,6,GCCCGA,80,5.7347670250896056e-05
Maize_directory_epoch2000,6,GCCCGC,51,3.655913978494624e-05
Maize_directory_epoch2000,6,GCCCGG,39,2.7956989247311828e-05
Maize_directory_epoch2000,6,GCCCGT,59,4.2293906810035844e-05
Maize_directory_epoch2000,6,GCCCTA,76,5.448028673835126e-05
Maize_directory_epoch2000,6,GCCCTC,106,7.598566308243728e-05
Maize_directory_epoch2000,6,GCCCTG,58,4.157706093189964e-05
Maize_directory_epoch2000,6,GCCCTT,132,9.462365591397849e-05
Maize_directory_epoch2000,6,GCCGAA,241,0.00017275985663082438
Maize_directory_epoch2000,6,GCCGAC,197,0.00014121863799283155
Maize_directory_epoch2000,6,GCCGAG,141,0.0001010752688172043
Maize_directory_epoch2000,6,GCCGAT,291,0.00020860215053763442
Maize_directory_epoch2000,6,GCCGCA,124,8.888888888888889e-05
Maize_directory_epoch2000,6,GCCGCC,312,0.00022365591397849463
Maize_directory_epoch2000,6,GCCGCG,113,8.100358422939068e-05
Maize_directory_epoch2000,6,GCCGCT,195,0.00013978494623655913
Maize_directory_epoch2000,6,GCCGGA,216,0.00015483870967741937
Maize_directory_epoch2000,6,GCCGGC,225,0.00016129032258064516
Maize_directory_epoch2000,6,GCCGGG,62,4.4444444444444447e-05
Maize_directory_epoch2000,6,GCCGGT,190,0.00013620071684587813
Maize_directory_epoch2000,6,GCCGTA,117,8.387096774193548e-05
Maize_directory_epoch2000,6,GCCGTC,253,0.00018136200716845877
Maize_directory_epoch2000,6,GCCGTG,124,8.888888888888889e-05
Maize_directory_epoch2000,6,GCCGTT,253,0.00018136200716845877
Maize_directory_epoch2000,6,GCCTAA,131,9.39068100358423e-05
Maize_directory_epoch2000,6,GCCTAC,76,5.448028673835126e-05
Maize_directory_epoch2000,6,GCCTAG,56,4.014336917562724e-05
Maize_directory_epoch2000,6,GCCTAT,146,0.00010465949820788531
Maize_directory_epoch2000,6,GCCTCA,184,0.00013189964157706092
Maize_directory_epoch2000,6,GCCTCC,241,0.00017275985663082438
Maize_directory_epoch2000,6,GCCTCG,131,9.39068100358423e-05
Maize_directory_epoch2000,6,GCCTCT,302,0.0002164874551971326
Maize_directory_epoch2000,6,GCCTGA,101,7.240143369175627e-05
Maize_directory_epoch2000,6,GCCTGC,60,4.301075268817204e-05
Maize_directory_epoch2000,6,GCCTGG,56,4.014336917562724e-05
Maize_directory_epoch2000,6,GCCTGT,86,6.164874551971327e-05
Maize_directory_epoch2000,6,GCCTTA,160,0.00011469534050179211
Maize_directory_epoch2000,6,GCCTTC,269,0.000192831541218638
Maize_directory_epoch2000,6,GCCTTG,136,9.74910394265233e-05
Maize_directory_epoch2000,6,GCCTTT,326,0.00023369175627240143
Maize_directory_epoch2000,6,GCGAAA,227,0.00016272401433691755
Maize_directory_epoch2000,6,GCGAAC,105,7.526881720430108e-05
Maize_directory_epoch2000,6,GCGAAG,239,0.00017132616487455196
Maize_directory_epoch2000,6,GCGAAT,232,0.00016630824372759856
Maize_directory_epoch2000,6,GCGACA,122,8.745519713261649e-05
Maize_directory_epoch2000,6,GCGACC,75,5.3763440860215054e-05
Maize_directory_epoch2000,6,GCGACG,192,0.00013763440860215055
Maize_directory_epoch2000,6,GCGACT,159,0.00011397849462365592
Maize_directory_epoch2000,6,GCGAGA,164,0.00011756272401433691
Maize_directory_epoch2000,6,GCGAGC,79,5.663082437275986e-05
Maize_directory_epoch2000,6,GCGAGG,69,4.946236559139785e-05
Maize_directory_epoch2000,6,GCGAGT,130,9.31899641577061e-05
Maize_directory_epoch2000,6,GCGATA,145,0.0001039426523297491
Maize_directory_epoch2000,6,GCGATC,209,0.00014982078853046594
Maize_directory_epoch2000,6,GCGATG,237,0.00016989247311827957
Maize_directory_epoch2000,6,GCGATT,385,0.0002759856630824373
Maize_directory_epoch2000,6,GCGCAA,83,5.949820788530466e-05
Maize_directory_epoch2000,6,GCGCAC,25,1.7921146953405018e-05
Maize_directory_epoch2000,6,GCGCAG,46,3.297491039426523e-05
Maize_directory_epoch2000,6,GCGCAT,58,4.157706093189964e-05
Maize_directory_epoch2000,6,GCGCCA,94,6.738351254480287e-05
Maize_directory_epoch2000,6,GCGCCC,34,2.4372759856630826e-05
Maize_directory_epoch2000,6,GCGCCG,178,0.00012759856630824371
Maize_directory_epoch2000,6,GCGCCT,83,5.949820788530466e-05
Maize_directory_epoch2000,6,GCGCGA,52,3.7275985663082435e-05
Maize_directory_epoch2000,6,GCGCGC,23,1.6487455197132615e-05
Maize_directory_epoch2000,6,GCGCGG,45,3.2258064516129034e-05
Maize_directory_epoch2000,6,GCGCGT,40,2.8673835125448028e-05
Maize_directory_epoch2000,6,GCGCTA,61,4.3727598566308243e-05
Maize_directory_epoch2000,6,GCGCTC,90,6.451612903225807e-05
Maize_directory_epoch2000,6,GCGCTG,74,5.304659498207885e-05
Maize_directory_epoch2000,6,GCGCTT,140,0.0001003584229390681
Maize_directory_epoch2000,6,GCGGAA,155,0.00011111111111111112
Maize_directory_epoch2000,6,GCGGAC,48,3.4408602150537636e-05
Maize_directory_epoch2000,6,GCGGAG,205,0.00014695340501792115
Maize_directory_epoch2000,6,GCGGAT,168,0.00012043010752688172
Maize_directory_epoch2000,6,GCGGCA,95,6.810035842293906e-05
Maize_directory_epoch2000,6,GCGGCC,65,4.659498207885305e-05
Maize_directory_epoch2000,6,GCGGCG,250,0.00017921146953405018
Maize_directory_epoch2000,6,GCGGCT,135,9.67741935483871e-05
Maize_directory_epoch2000,6,GCGGGA,54,3.870967741935484e-05
Maize_directory_epoch2000,6,GCGGGC,17,1.2186379928315413e-05
Maize_directory_epoch2000,6,GCGGGG,27,1.935483870967742e-05
Maize_directory_epoch2000,6,GCGGGT,65,4.659498207885305e-05
Maize_directory_epoch2000,6,GCGGTA,84,6.021505376344086e-05
Maize_directory_epoch2000,6,GCGGTC,67,4.802867383512545e-05
Maize_directory_epoch2000,6,GCGGTG,169,0.00012114695340501792
Maize_directory_epoch2000,6,GCGGTT,215,0.00015412186379928314
Maize_directory_epoch2000,6,GCGTAA,86,6.164874551971327e-05
Maize_directory_epoch2000,6,GCGTAC,32,2.2939068100358423e-05
Maize_directory_epoch2000,6,GCGTAG,66,4.7311827956989246e-05
Maize_directory_epoch2000,6,GCGTAT,97,6.953405017921147e-05
Maize_directory_epoch2000,6,GCGTCA,129,9.247311827956989e-05
Maize_directory_epoch2000,6,GCGTCC,89,6.379928315412186e-05
Maize_directory_epoch2000,6,GCGTCG,173,0.00012401433691756273
Maize_directory_epoch2000,6,GCGTCT,205,0.00014695340501792115
Maize_directory_epoch2000,6,GCGTGA,86,6.164874551971327e-05
Maize_directory_epoch2000,6,GCGTGC,42,3.010752688172043e-05
Maize_directory_epoch2000,6,GCGTGG,63,4.516129032258064e-05
Maize_directory_epoch2000,6,GCGTGT,82,5.8781362007168455e-05
Maize_directory_epoch2000,6,GCGTTA,107,7.670250896057347e-05
Maize_directory_epoch2000,6,GCGTTC,136,9.74910394265233e-05
Maize_directory_epoch2000,6,GCGTTG,165,0.00011827956989247312
Maize_directory_epoch2000,6,GCGTTT,355,0.00025448028673835123
Maize_directory_epoch2000,6,GCTAAA,233,0.00016702508960573476
Maize_directory_epoch2000,6,GCTAAC,108,7.741935483870968e-05
Maize_directory_epoch2000,6,GCTAAG,124,8.888888888888889e-05
Maize_directory_epoch2000,6,GCTAAT,277,0.0001985663082437276
Maize_directory_epoch2000,6,GCTACA,147,0.0001053763440860215
Maize_directory_epoch2000,6,GCTACC,127,9.10394265232975e-05
Maize_directory_epoch2000,6,GCTACG,117,8.387096774193548e-05
Maize_directory_epoch2000,6,GCTACT,189,0.00013548387096774193
Maize_directory_epoch2000,6,GCTAGA,124,8.888888888888889e-05
Maize_directory_epoch2000,6,GCTAGC,77,5.519713261648745e-05
Maize_directory_epoch2000,6,GCTAGG,80,5.7347670250896056e-05
Maize_directory_epoch2000,6,GCTAGT,115,8.243727598566309e-05
Maize_directory_epoch2000,6,GCTATA,133,9.53405017921147e-05
Maize_directory_epoch2000,6,GCTATC,222,0.00015913978494623657
Maize_directory_epoch2000,6,GCTATG,153,0.00010967741935483871
Maize_directory_epoch2000,6,GCTATT,316,0.00022652329749103944
Maize_directory_epoch2000,6,GCTCAA,297,0.00021290322580645163
Maize_directory_epoch2000,6,GCTCAC,170,0.00012186379928315412
Maize_directory_epoch2000,6,GCTCAG,147,0.0001053763440860215
Maize_directory_epoch2000,6,GCTCAT,262,0.0001878136200716846
Maize_directory_epoch2000,6,GCTCCA,284,0.000203584229390681
Maize_directory_epoch2000,6,GCTCCC,162,0.00011612903225806452
Maize_directory_epoch2000,6,GCTCCG,287,0.0002057347670250896
Maize_directory_epoch2000,6,GCTCCT,332,0.00023799283154121863
Maize_directory_epoch2000,6,GCTCGA,217,0.00015555555555555556
Maize_directory_epoch2000,6,GCTCGC,97,6.953405017921147e-05
Maize_directory_epoch2000,6,GCTCGG,117,8.387096774193548e-05
Maize_directory_epoch2000,6,GCTCGT,178,0.00012759856630824371
Maize_directory_epoch2000,6,GCTCTA,253,0.00018136200716845877
Maize_directory_epoch2000,6,GCTCTC,487,0.00034910394265232975
Maize_directory_epoch2000,6,GCTCTG,305,0.00021863799283154122
Maize_directory_epoch2000,6,GCTCTT,601,0.0004308243727598566
Maize_directory_epoch2000,6,GCTGAA,260,0.0001863799283154122
Maize_directory_epoch2000,6,GCTGAC,121,8.673835125448029e-05
Maize_directory_epoch2000,6,GCTGAG,183,0.00013118279569892472
Maize_directory_epoch2000,6,GCTGAT,387,0.0002774193548387097
Maize_directory_epoch2000,6,GCTGCA,108,7.741935483870968e-05
Maize_directory_epoch2000,6,GCTGCC,118,8.458781362007169e-05
Maize_directory_epoch2000,6,GCTGCG,132,9.462365591397849e-05
Maize_directory_epoch2000,6,GCTGCT,249,0.00017849462365591398
Maize_directory_epoch2000,6,GCTGGA,152,0.00010896057347670251
Maize_directory_epoch2000,6,GCTGGC,81,5.806451612903226e-05
Maize_directory_epoch2000,6,GCTGGG,77,5.519713261648745e-05
Maize_directory_epoch2000,6,GCTGGT,177,0.00012688172043010752
Maize_directory_epoch2000,6,GCTGTA,134,9.60573476702509e-05
Maize_directory_epoch2000,6,GCTGTC,159,0.00011397849462365592
Maize_directory_epoch2000,6,GCTGTG,195,0.00013978494623655913
Maize_directory_epoch2000,6,GCTGTT,381,0.00027311827956989245
Maize_directory_epoch2000,6,GCTTAA,262,0.0001878136200716846
Maize_directory_epoch2000,6,GCTTAC,139,9.964157706093189e-05
Maize_directory_epoch2000,6,GCTTAG,171,0.0001225806451612903
Maize_directory_epoch2000,6,GCTTAT,343,0.0002458781362007168
Maize_directory_epoch2000,6,GCTTCA,425,0.0003046594982078853
Maize_directory_epoch2000,6,GCTTCC,396,0.0002838709677419355
Maize_directory_epoch2000,6,GCTTCG,369,0.0002645161290322581
Maize_directory_epoch2000,6,GCTTCT,919,0.0006587813620071685
Maize_directory_epoch2000,6,GCTTGA,274,0.000196415770609319
Maize_directory_epoch2000,6,GCTTGC,152,0.00010896057347670251
Maize_directory_epoch2000,6,GCTTGG,185,0.00013261648745519714
Maize_directory_epoch2000,6,GCTTGT,302,0.0002164874551971326
Maize_directory_epoch2000,6,GCTTTA,387,0.0002774193548387097
Maize_directory_epoch2000,6,GCTTTC,540,0.0003870967741935484
Maize_directory_epoch2000,6,GCTTTG,570,0.00040860215053763443
Maize_directory_epoch2000,6,GCTTTT,980,0.0007025089605734767
Maize_directory_epoch2000,6,GGAAAA,497,0.00035627240143369177
Maize_directory_epoch2000,6,GGAAAC,270,0.0001935483870967742
Maize_directory_epoch2000,6,GGAAAG,227,0.00016272401433691755
Maize_directory_epoch2000,6,GGAAAT,410,0.0002939068100358423
Maize_directory_epoch2000,6,GGAACA,175,0.00012544802867383513
Maize_directory_epoch2000,6,GGAACC,173,0.00012401433691756273
Maize_directory_epoch2000,6,GGAACG,104,7.455197132616487e-05
Maize_directory_epoch2000,6,GGAACT,218,0.00015627240143369176
Maize_directory_epoch2000,6,GGAAGA,441,0.0003161290322580645
Maize_directory_epoch2000,6,GGAAGC,184,0.00013189964157706092
Maize_directory_epoch2000,6,GGAAGG,121,8.673835125448029e-05
Maize_directory_epoch2000,6,GGAAGT,202,0.00014480286738351254
Maize_directory_epoch2000,6,GGAATA,194,0.00013906810035842294
Maize_directory_epoch2000,6,GGAATC,389,0.00027885304659498207
Maize_directory_epoch2000,6,GGAATG,161,0.00011541218637992832
Maize_directory_epoch2000,6,GGAATT,518,0.00037132616487455195
Maize_directory_epoch2000,6,GGACAA,165,0.00011827956989247312
Maize_directory_epoch2000,6,GGACAC,76,5.448028673835126e-05
Maize_directory_epoch2000,6,GGACAG,58,4.157706093189964e-05
Maize_directory_epoch2000,6,GGACAT,115,8.243727598566309e-05
Maize_directory_epoch2000,6,GGACCA,98,7.025089605734767e-05
Maize_directory_epoch2000,6,GGACCC,68,4.874551971326165e-05
Maize_directory_epoch2000,6,GGACCG,66,4.7311827956989246e-05
Maize_directory_epoch2000,6,GGACCT,99,7.096774193548388e-05
Maize_directory_epoch2000,6,GGACGA,151,0.0001082437275985663
Maize_directory_epoch2000,6,GGACGC,61,4.3727598566308243e-05
Maize_directory_epoch2000,6,GGACGG,74,5.304659498207885e-05
Maize_directory_epoch2000,6,GGACGT,91,6.523297491039426e-05
Maize_directory_epoch2000,6,GGACTA,76,5.448028673835126e-05
Maize_directory_epoch2000,6,GGACTC,129,9.247311827956989e-05
Maize_directory_epoch2000,6,GGACTG,74,5.304659498207885e-05
Maize_directory_epoch2000,6,GGACTT,162,0.00011612903225806452
Maize_directory_epoch2000,6,GGAGAA,491,0.00035197132616487454
Maize_directory_epoch2000,6,GGAGAC,195,0.00013978494623655913
Maize_directory_epoch2000,6,GGAGAG,291,0.00020860215053763442
Maize_directory_epoch2000,6,GGAGAT,496,0.00035555555555555557
Maize_directory_epoch2000,6,GGAGCA,171,0.0001225806451612903
Maize_directory_epoch2000,6,GGAGCC,142,0.0001017921146953405
Maize_directory_epoch2000,6,GGAGCG,85,6.093189964157706e-05
Maize_directory_epoch2000,6,GGAGCT,270,0.0001935483870967742
Maize_directory_epoch2000,6,GGAGGA,331,0.00023727598566308244
Maize_directory_epoch2000,6,GGAGGC,121,8.673835125448029e-05
Maize_directory_epoch2000,6,GGAGGG,94,6.738351254480287e-05
Maize_directory_epoch2000,6,GGAGGT,213,0.00015268817204301075
Maize_directory_epoch2000,6,GGAGTA,141,0.0001010752688172043
Maize_directory_epoch2000,6,GGAGTC,171,0.0001225806451612903
Maize_directory_epoch2000,6,GGAGTG,129,9.247311827956989e-05
Maize_directory_epoch2000,6,GGAGTT,344,0.00024659498207885307
Maize_directory_epoch2000,6,GGATAA,233,0.00016702508960573476
Maize_directory_epoch2000,6,GGATAC,142,0.0001017921146953405
Maize_directory_epoch2000,6,GGATAG,134,9.60573476702509e-05
Maize_directory_epoch2000,6,GGATAT,309,0.000221505376344086
Maize_directory_epoch2000,6,GGATCA,308,0.0002207885304659498
Maize_directory_epoch2000,6,GGATCC,285,0.00020430107526881721
Maize_directory_epoch2000,6,GGATCG,197,0.00014121863799283155
Maize_directory_epoch2000,6,GGATCT,531,0.00038064516129032255
Maize_directory_epoch2000,6,GGATGA,294,0.000210752688172043
Maize_directory_epoch2000,6,GGATGC,120,8.602150537634408e-05
Maize_directory_epoch2000,6,GGATGG,143,0.0001025089605734767
Maize_directory_epoch2000,6,GGATGT,240,0.00017204301075268816
Maize_directory_epoch2000,6,GGATTA,334,0.00023942652329749103
Maize_directory_epoch2000,6,GGATTC,559,0.0004007168458781362
Maize_directory_epoch2000,6,GGATTG,378,0.00027096774193548386
Maize_directory_epoch2000,6,GGATTT,1076,0.000771326164874552
Maize_directory_epoch2000,6,GGCAAA,212,0.00015197132616487455
Maize_directory_epoch2000,6,GGCAAC,132,9.462365591397849e-05
Maize_directory_epoch2000,6,GGCAAG,109,7.813620071684588e-05
Maize_directory_epoch2000,6,GGCAAT,130,9.31899641577061e-05
Maize_directory_epoch2000,6,GGCACA,82,5.8781362007168455e-05
Maize_directory_epoch2000,6,GGCACC,106,7.598566308243728e-05
Maize_directory_epoch2000,6,GGCACG,30,2.150537634408602e-05
Maize_directory_epoch2000,6,GGCACT,83,5.949820788530466e-05
Maize_directory_epoch2000,6,GGCAGA,117,8.387096774193548e-05
Maize_directory_epoch2000,6,GGCAGC,82,5.8781362007168455e-05
Maize_directory_epoch2000,6,GGCAGG,35,2.5089605734767026e-05
Maize_directory_epoch2000,6,GGCAGT,62,4.4444444444444447e-05
Maize_directory_epoch2000,6,GGCATA,71,5.089605734767025e-05
Maize_directory_epoch2000,6,GGCATC,137,9.82078853046595e-05
Maize_directory_epoch2000,6,GGCATG,64,4.5878136200716846e-05
Maize_directory_epoch2000,6,GGCATT,146,0.00010465949820788531
Maize_directory_epoch2000,6,GGCCAA,160,0.00011469534050179211
Maize_directory_epoch2000,6,GGCCAC,98,7.025089605734767e-05
Maize_directory_epoch2000,6,GGCCAG,57,4.086021505376344e-05
Maize_directory_epoch2000,6,GGCCAT,80,5.7347670250896056e-05
Maize_directory_epoch2000,6,GGCCCA,77,5.519713261648745e-05
Maize_directory_epoch2000,6,GGCCCC,59,4.2293906810035844e-05
Maize_directory_epoch2000,6,GGCCCG,33,2.3655913978494623e-05
Maize_directory_epoch2000,6,GGCCCT,66,4.7311827956989246e-05
Maize_directory_epoch2000,6,GGCCGA,106,7.598566308243728e-05
Maize_directory_epoch2000,6,GGCCGC,63,4.516129032258064e-05
Maize_directory_epoch2000,6,GGCCGG,65,4.659498207885305e-05
Maize_directory_epoch2000,6,GGCCGT,106,7.598566308243728e-05
Maize_directory_epoch2000,6,GGCCTA,73,5.2329749103942654e-05
Maize_directory_epoch2000,6,GGCCTC,106,7.598566308243728e-05
Maize_directory_epoch2000,6,GGCCTG,52,3.7275985663082435e-05
Maize_directory_epoch2000,6,GGCCTT,122,8.745519713261649e-05
Maize_directory_epoch2000,6,GGCGAA,255,0.0001827956989247312
Maize_directory_epoch2000,6,GGCGAC,194,0.00013906810035842294
Maize_directory_epoch2000,6,GGCGAG,110,7.885304659498208e-05
Maize_directory_epoch2000,6,GGCGAT,284,0.000203584229390681
Maize_directory_epoch2000,6,GGCGCA,75,5.3763440860215054e-05
Maize_directory_epoch2000,6,GGCGCC,130,9.31899641577061e-05
Maize_directory_epoch2000,6,GGCGCG,36,2.5806451612903226e-05
Maize_directory_epoch2000,6,GGCGCT,104,7.455197132616487e-05
Maize_directory_epoch2000,6,GGCGGA,200,0.00014336917562724014
Maize_directory_epoch2000,6,GGCGGC,204,0.00014623655913978496
Maize_directory_epoch2000,6,GGCGGG,56,4.014336917562724e-05
Maize_directory_epoch2000,6,GGCGGT,218,0.00015627240143369176
Maize_directory_epoch2000,6,GGCGTA,71,5.089605734767025e-05
Maize_directory_epoch2000,6,GGCGTC,158,0.00011326164874551972
Maize_directory_epoch2000,6,GGCGTG,63,4.516129032258064e-05
Maize_directory_epoch2000,6,GGCGTT,176,0.00012616487455197132
Maize_directory_epoch2000,6,GGCTAA,145,0.0001039426523297491
Maize_directory_epoch2000,6,GGCTAC,95,6.810035842293906e-05
Maize_directory_epoch2000,6,GGCTAG,73,5.2329749103942654e-05
Maize_directory_epoch2000,6,GGCTAT,133,9.53405017921147e-05
Maize_directory_epoch2000,6,GGCTCA,141,0.0001010752688172043
Maize_directory_epoch2000,6,GGCTCC,179,0.00012831541218637994
Maize_directory_epoch2000,6,GGCTCG,93,6.666666666666667e-05
Maize_directory_epoch2000,6,GGCTCT,260,0.0001863799283154122
Maize_directory_epoch2000,6,GGCTGA,148,0.0001060931899641577
Maize_directory_epoch2000,6,GGCTGC,82,5.8781362007168455e-05
Maize_directory_epoch2000,6,GGCTGG,62,4.4444444444444447e-05
Maize_directory_epoch2000,6,GGCTGT,139,9.964157706093189e-05
Maize_directory_epoch2000,6,GGCTTA,162,0.00011612903225806452
Maize_directory_epoch2000,6,GGCTTC,272,0.0001949820788530466
Maize_directory_epoch2000,6,GGCTTG,132,9.462365591397849e-05
Maize_directory_epoch2000,6,GGCTTT,393,0.00028172043010752686
Maize_directory_epoch2000,6,GGGAAA,248,0.00017777777777777779
Maize_directory_epoch2000,6,GGGAAC,109,7.813620071684588e-05
Maize_directory_epoch2000,6,GGGAAG,157,0.00011254480286738351
Maize_directory_epoch2000,6,GGGAAT,232,0.00016630824372759856
Maize_directory_epoch2000,6,GGGACA,60,4.301075268817204e-05
Maize_directory_epoch2000,6,GGGACC,55,3.942652329749104e-05
Maize_directory_epoch2000,6,GGGACG,63,4.516129032258064e-05
Maize_directory_epoch2000,6,GGGACT,79,5.663082437275986e-05
Maize_directory_epoch2000,6,GGGAGA,183,0.00013118279569892472
Maize_directory_epoch2000,6,GGGAGC,67,4.802867383512545e-05
Maize_directory_epoch2000,6,GGGAGG,75,5.3763440860215054e-05
Maize_directory_epoch2000,6,GGGAGT,118,8.458781362007169e-05
Maize_directory_epoch2000,6,GGGATA,126,9.032258064516129e-05
Maize_directory_epoch2000,6,GGGATC,179,0.00012831541218637994
Maize_directory_epoch2000,6,GGGATG,120,8.602150537634408e-05
Maize_directory_epoch2000,6,GGGATT,423,0.0003032258064516129
Maize_directory_epoch2000,6,GGGCAA,59,4.2293906810035844e-05
Maize_directory_epoch2000,6,GGGCAC,17,1.2186379928315413e-05
Maize_directory_epoch2000,6,GGGCAG,32,2.2939068100358423e-05
Maize_directory_epoch2000,6,GGGCAT,53,3.799283154121864e-05
Maize_directory_epoch2000,6,GGGCCA,56,4.014336917562724e-05
Maize_directory_epoch2000,6,GGGCCC,40,2.8673835125448028e-05
Maize_directory_epoch2000,6,GGGCCG,38,2.724014336917563e-05
Maize_directory_epoch2000,6,GGGCCT,53,3.799283154121864e-05
Maize_directory_epoch2000,6,GGGCGA,58,4.157706093189964e-05
Maize_directory_epoch2000,6,GGGCGC,29,2.078853046594982e-05
Maize_directory_epoch2000,6,GGGCGG,42,3.010752688172043e-05
Maize_directory_epoch2000,6,GGGCGT,40,2.8673835125448028e-05
Maize_directory_epoch2000,6,GGGCTA,60,4.301075268817204e-05
Maize_directory_epoch2000,6,GGGCTC,76,5.448028673835126e-05
Maize_directory_epoch2000,6,GGGCTG,49,3.512544802867383e-05
Maize_directory_epoch2000,6,GGGCTT,124,8.888888888888889e-05
Maize_directory_epoch2000,6,GGGGAA,118,8.458781362007169e-05
Maize_directory_epoch2000,6,GGGGAC,40,2.8673835125448028e-05
Maize_directory_epoch2000,6,GGGGAG,74,5.304659498207885e-05
Maize_directory_epoch2000,6,GGGGAT,143,0.0001025089605734767
Maize_directory_epoch2000,6,GGGGCA,31,2.2222222222222223e-05
Maize_directory_epoch2000,6,GGGGCC,23,1.6487455197132615e-05
Maize_directory_epoch2000,6,GGGGCG,28,2.007168458781362e-05
Maize_directory_epoch2000,6,GGGGCT,50,3.5842293906810036e-05
Maize_directory_epoch2000,6,GGGGGA,65,4.659498207885305e-05
Maize_directory_epoch2000,6,GGGGGC,20,1.4336917562724014e-05
Maize_directory_epoch2000,6,GGGGGG,24,1.7204301075268818e-05
Maize_directory_epoch2000,6,GGGGGT,48,3.4408602150537636e-05
Maize_directory_epoch2000,6,GGGGTA,56,4.014336917562724e-05
Maize_directory_epoch2000,6,GGGGTC,45,3.2258064516129034e-05
Maize_directory_epoch2000,6,GGGGTG,46,3.297491039426523e-05
Maize_directory_epoch2000,6,GGGGTT,223,0.00015985663082437277
Maize_directory_epoch2000,6,GGGTAA,107,7.670250896057347e-05
Maize_directory_epoch2000,6,GGGTAC,64,4.5878136200716846e-05
Maize_directory_epoch2000,6,GGGTAG,64,4.5878136200716846e-05
Maize_directory_epoch2000,6,GGGTAT,140,0.0001003584229390681
Maize_directory_epoch2000,6,GGGTCA,91,6.523297491039426e-05
Maize_directory_epoch2000,6,GGGTCC,77,5.519713261648745e-05
Maize_directory_epoch2000,6,GGGTCG,83,5.949820788530466e-05
Maize_directory_epoch2000,6,GGGTCT,174,0.00012473118279569893
Maize_directory_epoch2000,6,GGGTGA,121,8.673835125448029e-05
Maize_directory_epoch2000,6,GGGTGC,37,2.6523297491039425e-05
Maize_directory_epoch2000,6,GGGTGG,72,5.161290322580645e-05
Maize_directory_epoch2000,6,GGGTGT,128,9.175627240143369e-05
Maize_directory_epoch2000,6,GGGTTA,196,0.00014050179211469533
Maize_directory_epoch2000,6,GGGTTC,243,0.00017419354838709678
Maize_directory_epoch2000,6,GGGTTG,179,0.00012831541218637994
Maize_directory_epoch2000,6,GGGTTT,802,0.000574910394265233
Maize_directory_epoch2000,6,GGTAAA,254,0.000182078853046595
Maize_directory_epoch2000,6,GGTAAC,108,7.741935483870968e-05
Maize_directory_epoch2000,6,GGTAAG,112,8.028673835125448e-05
Maize_directory_epoch2000,6,GGTAAT,239,0.00017132616487455196
Maize_directory_epoch2000,6,GGTACA,100,7.168458781362007e-05
Maize_directory_epoch2000,6,GGTACC,91,6.523297491039426e-05
Maize_directory_epoch2000,6,GGTACG,65,4.659498207885305e-05
Maize_directory_epoch2000,6,GGTACT,115,8.243727598566309e-05
Maize_directory_epoch2000,6,GGTAGA,138,9.89247311827957e-05
Maize_directory_epoch2000,6,GGTAGC,93,6.666666666666667e-05
Maize_directory_epoch2000,6,GGTAGG,53,3.799283154121864e-05
Maize_directory_epoch2000,6,GGTAGT,148,0.0001060931899641577
Maize_directory_epoch2000,6,GGTATA,147,0.0001053763440860215
Maize_directory_epoch2000,6,GGTATC,170,0.00012186379928315412
Maize_directory_epoch2000,6,GGTATG,153,0.00010967741935483871
Maize_directory_epoch2000,6,GGTATT,293,0.0002100358422939068
Maize_directory_epoch2000,6,GGTCAA,185,0.00013261648745519714
Maize_directory_epoch2000,6,GGTCAC,115,8.243727598566309e-05
Maize_directory_epoch2000,6,GGTCAG,99,7.096774193548388e-05
Maize_directory_epoch2000,6,GGTCAT,171,0.0001225806451612903
Maize_directory_epoch2000,6,GGTCCA,129,9.247311827956989e-05
Maize_directory_epoch2000,6,GGTCCC,59,4.2293906810035844e-05
Maize_directory_epoch2000,6,GGTCCG,89,6.379928315412186e-05
Maize_directory_epoch2000,6,GGTCCT,156,0.00011182795698924731
Maize_directory_epoch2000,6,GGTCGA,150,0.00010752688172043011
Maize_directory_epoch2000,6,GGTCGC,74,5.304659498207885e-05
Maize_directory_epoch2000,6,GGTCGG,98,7.025089605734767e-05
Maize_directory_epoch2000,6,GGTCGT,141,0.0001010752688172043
Maize_directory_epoch2000,6,GGTCTA,147,0.0001053763440860215
Maize_directory_epoch2000,6,GGTCTC,209,0.00014982078853046594
Maize_directory_epoch2000,6,GGTCTG,154,0.0001103942652329749
Maize_directory_epoch2000,6,GGTCTT,351,0.00025161290322580645
Maize_directory_epoch2000,6,GGTGAA,335,0.00024014336917562725
Maize_directory_epoch2000,6,GGTGAC,155,0.00011111111111111112
Maize_directory_epoch2000,6,GGTGAG,168,0.00012043010752688172
Maize_directory_epoch2000,6,GGTGAT,471,0.00033763440860215055
Maize_directory_epoch2000,6,GGTGCA,78,5.5913978494623656e-05
Maize_directory_epoch2000,6,GGTGCC,77,5.519713261648745e-05
Maize_directory_epoch2000,6,GGTGCG,62,4.4444444444444447e-05
Maize_directory_epoch2000,6,GGTGCT,183,0.00013118279569892472
Maize_directory_epoch2000,6,GGTGGA,256,0.00018351254480286738
Maize_directory_epoch2000,6,GGTGGC,156,0.00011182795698924731
Maize_directory_epoch2000,6,GGTGGG,103,7.383512544802867e-05
Maize_directory_epoch2000,6,GGTGGT,236,0.00016917562724014338
Maize_directory_epoch2000,6,GGTGTA,144,0.0001032258064516129
Maize_directory_epoch2000,6,GGTGTC,165,0.00011827956989247312
Maize_directory_epoch2000,6,GGTGTG,156,0.00011182795698924731
Maize_directory_epoch2000,6,GGTGTT,450,0.0003225806451612903
Maize_directory_epoch2000,6,GGTTAA,331,0.00023727598566308244
Maize_directory_epoch2000,6,GGTTAC,194,0.00013906810035842294
Maize_directory_epoch2000,6,GGTTAG,207,0.00014838709677419355
Maize_directory_epoch2000,6,GGTTAT,379,0.00027168458781362005
Maize_directory_epoch2000,6,GGTTCA,320,0.00022939068100358422
Maize_directory_epoch2000,6,GGTTCC,301,0.0002157706093189964
Maize_directory_epoch2000,6,GGTTCG,228,0.00016344086021505375
Maize_directory_epoch2000,6,GGTTCT,657,0.0004709677419354839
Maize_directory_epoch2000,6,GGTTGA,341,0.00024444444444444443
Maize_directory_epoch2000,6,GGTTGC,213,0.00015268817204301075
Maize_directory_epoch2000,6,GGTTGG,183,0.00013118279569892472
Maize_directory_epoch2000,6,GGTTGT,390,0.00027956989247311827
Maize_directory_epoch2000,6,GGTTTA,559,0.0004007168458781362
Maize_directory_epoch2000,6,GGTTTC,738,0.0005290322580645162
Maize_directory_epoch2000,6,GGTTTG,734,0.0005261648745519713
Maize_directory_epoch2000,6,GGTTTT,1702,0.0012200716845878136
Maize_directory_epoch2000,6,GTAAAA,451,0.0003232974910394265
Maize_directory_epoch2000,6,GTAAAC,218,0.00015627240143369176
Maize_directory_epoch2000,6,GTAAAG,244,0.00017491039426523297
Maize_directory_epoch2000,6,GTAAAT,416,0.0002982078853046595
Maize_directory_epoch2000,6,GTAACA,178,0.00012759856630824371
Maize_directory_epoch2000,6,GTAACC,151,0.0001082437275985663
Maize_directory_epoch2000,6,GTAACG,115,8.243727598566309e-05
Maize_directory_epoch2000,6,GTAACT,211,0.00015125448028673836
Maize_directory_epoch2000,6,GTAAGA,216,0.00015483870967741937
Maize_directory_epoch2000,6,GTAAGC,115,8.243727598566309e-05
Maize_directory_epoch2000,6,GTAAGG,99,7.096774193548388e-05
Maize_directory_epoch2000,6,GTAAGT,165,0.00011827956989247312
Maize_directory_epoch2000,6,GTAATA,239,0.00017132616487455196
Maize_directory_epoch2000,6,GTAATC,295,0.0002114695340501792
Maize_directory_epoch2000,6,GTAATG,237,0.00016989247311827957
Maize_directory_epoch2000,6,GTAATT,523,0.000374910394265233
Maize_directory_epoch2000,6,GTACAA,174,0.00012473118279569893
Maize_directory_epoch2000,6,GTACAC,74,5.304659498207885e-05
Maize_directory_epoch2000,6,GTACAG,78,5.5913978494623656e-05
Maize_directory_epoch2000,6,GTACAT,161,0.00011541218637992832
Maize_directory_epoch2000,6,GTACCA,114,8.172043010752688e-05
Maize_directory_epoch2000,6,GTACCC,68,4.874551971326165e-05
Maize_directory_epoch2000,6,GTACCG,75,5.3763440860215054e-05
Maize_directory_epoch2000,6,GTACCT,135,9.67741935483871e-05
Maize_directory_epoch2000,6,GTACGA,84,6.021505376344086e-05
Maize_directory_epoch2000,6,GTACGC,40,2.8673835125448028e-05
Maize_directory_epoch2000,6,GTACGG,38,2.724014336917563e-05
Maize_directory_epoch2000,6,GTACGT,77,5.519713261648745e-05
Maize_directory_epoch2000,6,GTACTA,114,8.172043010752688e-05
Maize_directory_epoch2000,6,GTACTC,164,0.00011756272401433691
Maize_directory_epoch2000,6,GTACTG,100,7.168458781362007e-05
Maize_directory_epoch2000,6,GTACTT,226,0.00016200716845878136
Maize_directory_epoch2000,6,GTAGAA,245,0.00017562724014336917
Maize_directory_epoch2000,6,GTAGAC,99,7.096774193548388e-05
Maize_directory_epoch2000,6,GTAGAG,167,0.00011971326164874551
Maize_directory_epoch2000,6,GTAGAT,344,0.00024659498207885307
Maize_directory_epoch2000,6,GTAGCA,99,7.096774193548388e-05
Maize_directory_epoch2000,6,GTAGCC,67,4.802867383512545e-05
Maize_directory_epoch2000,6,GTAGCG,97,6.953405017921147e-05
Maize_directory_epoch2000,6,GTAGCT,194,0.00013906810035842294
Maize_directory_epoch2000,6,GTAGGA,124,8.888888888888889e-05
Maize_directory_epoch2000,6,GTAGGC,38,2.724014336917563e-05
Maize_directory_epoch2000,6,GTAGGG,54,3.870967741935484e-05
Maize_directory_epoch2000,6,GTAGGT,117,8.387096774193548e-05
Maize_directory_epoch2000,6,GTAGTA,109,7.813620071684588e-05
Maize_directory_epoch2000,6,GTAGTC,107,7.670250896057347e-05
Maize_directory_epoch2000,6,GTAGTG,146,0.00010465949820788531
Maize_directory_epoch2000,6,GTAGTT,356,0.00025519713261648743
Maize_directory_epoch2000,6,GTATAA,225,0.00016129032258064516
Maize_directory_epoch2000,6,GTATAC,108,7.741935483870968e-05
Maize_directory_epoch2000,6,GTATAG,144,0.0001032258064516129
Maize_directory_epoch2000,6,GTATAT,303,0.0002172043010752688
Maize_directory_epoch2000,6,GTATCA,234,0.00016774193548387096
Maize_directory_epoch2000,6,GTATCC,209,0.00014982078853046594
Maize_directory_epoch2000,6,GTATCG,196,0.00014050179211469533
Maize_directory_epoch2000,6,GTATCT,467,0.0003347670250896057
Maize_directory_epoch2000,6,GTATGA,214,0.00015340501792114695
Maize_directory_epoch2000,6,GTATGC,99,7.096774193548388e-05
Maize_directory_epoch2000,6,GTATGG,139,9.964157706093189e-05
Maize_directory_epoch2000,6,GTATGT,243,0.00017419354838709678
Maize_directory_epoch2000,6,GTATTA,323,0.00023154121863799284
Maize_directory_epoch2000,6,GTATTC,315,0.00022580645161290321
Maize_directory_epoch2000,6,GTATTG,346,0.00024802867383512547
Maize_directory_epoch2000,6,GTATTT,789,0.0005655913978494624
Maize_directory_epoch2000,6,GTCAAA,371,0.0002659498207885305
Maize_directory_epoch2000,6,GTCAAC,214,0.00015340501792114695
Maize_directory_epoch2000,6,GTCAAG,204,0.00014623655913978496
Maize_directory_epoch2000,6,GTCAAT,368,0.00026379928315412184
Maize_directory_epoch2000,6,GTCACA,181,0.00012974910394265233
Maize_directory_epoch2000,6,GTCACC,214,0.00015340501792114695
Maize_directory_epoch2000,6,GTCACG,134,9.60573476702509e-05
Maize_directory_epoch2000,6,GTCACT,201,0.00014408602150537634
Maize_directory_epoch2000,6,GTCAGA,214,0.00015340501792114695
Maize_directory_epoch2000,6,GTCAGC,106,7.598566308243728e-05
Maize_directory_epoch2000,6,GTCAGG,94,6.738351254480287e-05
Maize_directory_epoch2000,6,GTCAGT,132,9.462365591397849e-05
Maize_directory_epoch2000,6,GTCATA,195,0.00013978494623655913
Maize_directory_epoch2000,6,GTCATC,319,0.00022867383512544803
Maize_directory_epoch2000,6,GTCATG,198,0.00014193548387096775
Maize_directory_epoch2000,6,GTCATT,359,0.00025734767025089607
Maize_directory_epoch2000,6,GTCCAA,234,0.00016774193548387096
Maize_directory_epoch2000,6,GTCCAC,132,9.462365591397849e-05
Maize_directory_epoch2000,6,GTCCAG,91,6.523297491039426e-05
Maize_directory_epoch2000,6,GTCCAT,232,0.00016630824372759856
Maize_directory_epoch2000,6,GTCCCA,123,8.817204301075268e-05
Maize_directory_epoch2000,6,GTCCCC,102,7.311827956989248e-05
Maize_directory_epoch2000,6,GTCCCG,95,6.810035842293906e-05
Maize_directory_epoch2000,6,GTCCCT,145,0.0001039426523297491
Maize_directory_epoch2000,6,GTCCGA,168,0.00012043010752688172
Maize_directory_epoch2000,6,GTCCGC,105,7.526881720430108e-05
Maize_directory_epoch2000,6,GTCCGG,76,5.448028673835126e-05
Maize_directory_epoch2000,6,GTCCGT,156,0.00011182795698924731
Maize_directory_epoch2000,6,GTCCTA,141,0.0001010752688172043
Maize_directory_epoch2000,6,GTCCTC,268,0.0001921146953405018
Maize_directory_epoch2000,6,GTCCTG,129,9.247311827956989e-05
Maize_directory_epoch2000,6,GTCCTT,308,0.0002207885304659498
Maize_directory_epoch2000,6,GTCGAA,329,0.00023584229390681005
Maize_directory_epoch2000,6,GTCGAC,195,0.00013978494623655913
Maize_directory_epoch2000,6,GTCGAG,207,0.00014838709677419355
Maize_directory_epoch2000,6,GTCGAT,463,0.00033189964157706093
Maize_directory_epoch2000,6,GTCGCA,124,8.888888888888889e-05
Maize_directory_epoch2000,6,GTCGCC,259,0.00018566308243727597
Maize_directory_epoch2000,6,GTCGCG,84,6.021505376344086e-05
Maize_directory_epoch2000,6,GTCGCT,274,0.000196415770609319
Maize_directory_epoch2000,6,GTCGGA,210,0.00015053763440860216
Maize_directory_epoch2000,6,GTCGGC,158,0.00011326164874551972
Maize_directory_epoch2000,6,GTCGGG,83,5.949820788530466e-05
Maize_directory_epoch2000,6,GTCGGT,188,0.00013476702508960573
Maize_directory_epoch2000,6,GTCGTA,174,0.00012473118279569893
Maize_directory_epoch2000,6,GTCGTC,300,0.00021505376344086021
Maize_directory_epoch2000,6,GTCGTG,185,0.00013261648745519714
Maize_directory_epoch2000,6,GTCGTT,400,0.0002867383512544803
Maize_directory_epoch2000,6,GTCTAA,277,0.0001985663082437276
Maize_directory_epoch2000,6,GTCTAC,174,0.00012473118279569893
Maize_directory_epoch2000,6,GTCTAG,143,0.0001025089605734767
Maize_directory_epoch2000,6,GTCTAT,317,0.00022724014336917563
Maize_directory_epoch2000,6,GTCTCA,320,0.00022939068100358422
Maize_directory_epoch2000,6,GTCTCC,410,0.0002939068100358423
Maize_directory_epoch2000,6,GTCTCG,255,0.0001827956989247312
Maize_directory_epoch2000,6,GTCTCT,758,0.0005433691756272401
Maize_directory_epoch2000,6,GTCTGA,285,0.00020430107526881721
Maize_directory_epoch2000,6,GTCTGC,157,0.00011254480286738351
Maize_directory_epoch2000,6,GTCTGG,165,0.00011827956989247312
Maize_directory_epoch2000,6,GTCTGT,269,0.000192831541218638
Maize_directory_epoch2000,6,GTCTTA,328,0.00023512544802867382
Maize_directory_epoch2000,6,GTCTTC,678,0.00048602150537634407
Maize_directory_epoch2000,6,GTCTTG,367,0.00026308243727598564
Maize_directory_epoch2000,6,GTCTTT,907,0.000650179211469534
Maize_directory_epoch2000,6,GTGAAA,394,0.0002824372759856631
Maize_directory_epoch2000,6,GTGAAC,191,0.00013691756272401435
Maize_directory_epoch2000,6,GTGAAG,309,0.000221505376344086
Maize_directory_epoch2000,6,GTGAAT,404,0.00028960573476702507
Maize_directory_epoch2000,6,GTGACA,144,0.0001032258064516129
Maize_directory_epoch2000,6,GTGACC,126,9.032258064516129e-05
Maize_directory_epoch2000,6,GTGACG,176,0.00012616487455197132
Maize_directory_epoch2000,6,GTGACT,215,0.00015412186379928314
Maize_directory_epoch2000,6,GTGAGA,255,0.0001827956989247312
Maize_directory_epoch2000,6,GTGAGC,106,7.598566308243728e-05
Maize_directory_epoch2000,6,GTGAGG,127,9.10394265232975e-05
Maize_directory_epoch2000,6,GTGAGT,224,0.00016057347670250896
Maize_directory_epoch2000,6,GTGATA,256,0.00018351254480286738
Maize_directory_epoch2000,6,GTGATC,355,0.00025448028673835123
Maize_directory_epoch2000,6,GTGATG,340,0.00024372759856630823
Maize_directory_epoch2000,6,GTGATT,839,0.0006014336917562724
Maize_directory_epoch2000,6,GTGCAA,114,8.172043010752688e-05
Maize_directory_epoch2000,6,GTGCAC,56,4.014336917562724e-05
Maize_directory_epoch2000,6,GTGCAG,73,5.2329749103942654e-05
Maize_directory_epoch2000,6,GTGCAT,131,9.39068100358423e-05
Maize_directory_epoch2000,6,GTGCCA,82,5.8781362007168455e-05
Maize_directory_epoch2000,6,GTGCCC,65,4.659498207885305e-05
Maize_directory_epoch2000,6,GTGCCG,98,7.025089605734767e-05
Maize_directory_epoch2000,6,GTGCCT,116,8.315412186379928e-05
Maize_directory_epoch2000,6,GTGCGA,92,6.594982078853046e-05
Maize_directory_epoch2000,6,GTGCGC,35,2.5089605734767026e-05
Maize_directory_epoch2000,6,GTGCGG,52,3.7275985663082435e-05
Maize_directory_epoch2000,6,GTGCGT,73,5.2329749103942654e-05
Maize_directory_epoch2000,6,GTGCTA,99,7.096774193548388e-05
Maize_directory_epoch2000,6,GTGCTC,181,0.00012974910394265233
Maize_directory_epoch2000,6,GTGCTG,160,0.00011469534050179211
Maize_directory_epoch2000,6,GTGCTT,331,0.00023727598566308244
Maize_directory_epoch2000,6,GTGGAA,313,0.00022437275985663082
Maize_directory_epoch2000,6,GTGGAC,110,7.885304659498208e-05
Maize_directory_epoch2000,6,GTGGAG,233,0.00016702508960573476
Maize_directory_epoch2000,6,GTGGAT,363,0.00026021505376344086
Maize_directory_epoch2000,6,GTGGCA,112,8.028673835125448e-05
Maize_directory_epoch2000,6,GTGGCC,94,6.738351254480287e-05
Maize_directory_epoch2000,6,GTGGCG,181,0.00012974910394265233
Maize_directory_epoch2000,6,GTGGCT,194,0.00013906810035842294
Maize_directory_epoch2000,6,GTGGGA,153,0.00010967741935483871
Maize_directory_epoch2000,6,GTGGGC,49,3.512544802867383e-05
Maize_directory_epoch2000,6,GTGGGG,87,6.236559139784946e-05
Maize_directory_epoch2000,6,GTGGGT,174,0.00012473118279569893
Maize_directory_epoch2000,6,GTGGTA,147,0.0001053763440860215
Maize_directory_epoch2000,6,GTGGTC,161,0.00011541218637992832
Maize_directory_epoch2000,6,GTGGTG,241,0.00017275985663082438
Maize_directory_epoch2000,6,GTGGTT,493,0.00035340501792114693
Maize_directory_epoch2000,6,GTGTAA,224,0.00016057347670250896
Maize_directory_epoch2000,6,GTGTAC,94,6.738351254480287e-05
Maize_directory_epoch2000,6,GTGTAG,140,0.0001003584229390681
Maize_directory_epoch2000,6,GTGTAT,327,0.00023440860215053763
Maize_directory_epoch2000,6,GTGTCA,203,0.00014551971326164873
Maize_directory_epoch2000,6,GTGTCC,136,9.74910394265233e-05
Maize_directory_epoch2000,6,GTGTCG,184,0.00013189964157706092
Maize_directory_epoch2000,6,GTGTCT,364,0.00026093189964157705
Maize_directory_epoch2000,6,GTGTGA,213,0.00015268817204301075
Maize_directory_epoch2000,6,GTGTGC,94,6.738351254480287e-05
Maize_directory_epoch2000,6,GTGTGG,182,0.00013046594982078853
Maize_directory_epoch2000,6,GTGTGT,278,0.00019928315412186379
Maize_directory_epoch2000,6,GTGTTA,315,0.00022580645161290321
Maize_directory_epoch2000,6,GTGTTC,354,0.00025376344086021504
Maize_directory_epoch2000,6,GTGTTG,458,0.00032831541218637995
Maize_directory_epoch2000,6,GTGTTT,1178,0.0008444444444444444
Maize_directory_epoch2000,6,GTTAAA,483,0.00034623655913978497
Maize_directory_epoch2000,6,GTTAAC,244,0.00017491039426523297
Maize_directory_epoch2000,6,GTTAAG,312,0.00022365591397849463
Maize_directory_epoch2000,6,GTTAAT,555,0.0003978494623655914
Maize_directory_epoch2000,6,GTTACA,195,0.00013978494623655913
Maize_directory_epoch2000,6,GTTACC,186,0.00013333333333333334
Maize_directory_epoch2000,6,GTTACG,183,0.00013118279569892472
Maize_directory_epoch2000,6,GTTACT,339,0.00024301075268817204
Maize_directory_epoch2000,6,GTTAGA,308,0.0002207885304659498
Maize_directory_epoch2000,6,GTTAGC,153,0.00010967741935483871
Maize_directory_epoch2000,6,GTTAGG,154,0.0001103942652329749
Maize_directory_epoch2000,6,GTTAGT,290,0.0002078853046594982
Maize_directory_epoch2000,6,GTTATA,327,0.00023440860215053763
Maize_directory_epoch2000,6,GTTATC,382,0.0002738351254480287
Maize_directory_epoch2000,6,GTTATG,370,0.0002652329749103943
Maize_directory_epoch2000,6,GTTATT,823,0.0005899641577060932
Maize_directory_epoch2000,6,GTTCAA,457,0.00032759856630824375
Maize_directory_epoch2000,6,GTTCAC,235,0.00016845878136200718
Maize_directory_epoch2000,6,GTTCAG,220,0.00015770609318996415
Maize_directory_epoch2000,6,GTTCAT,485,0.00034767025089605736
Maize_directory_epoch2000,6,GTTCCA,314,0.00022508960573476702
Maize_directory_epoch2000,6,GTTCCC,233,0.00016702508960573476
Maize_directory_epoch2000,6,GTTCCG,268,0.0001921146953405018
Maize_directory_epoch2000,6,GTTCCT,526,0.00037706093189964157
Maize_directory_epoch2000,6,GTTCGA,367,0.00026308243727598564
Maize_directory_epoch2000,6,GTTCGC,152,0.00010896057347670251
Maize_directory_epoch2000,6,GTTCGG,221,0.00015842293906810035
Maize_directory_epoch2000,6,GTTCGT,359,0.00025734767025089607
Maize_directory_epoch2000,6,GTTCTA,449,0.0003218637992831541
Maize_directory_epoch2000,6,GTTCTC,776,0.0005562724014336918
Maize_directory_epoch2000,6,GTTCTG,501,0.00035913978494623655
Maize_directory_epoch2000,6,GTTCTT,1184,0.0008487455197132616
Maize_directory_epoch2000,6,GTTGAA,545,0.0003906810035842294
Maize_directory_epoch2000,6,GTTGAC,218,0.00015627240143369176
Maize_directory_epoch2000,6,GTTGAG,357,0.0002559139784946237
Maize_directory_epoch2000,6,GTTGAT,903,0.0006473118279569892
Maize_directory_epoch2000,6,GTTGCA,206,0.00014767025089605735
Maize_directory_epoch2000,6,GTTGCC,185,0.00013261648745519714
Maize_directory_epoch2000,6,GTTGCG,198,0.00014193548387096775
Maize_directory_epoch2000,6,GTTGCT,503,0.00036057347670250895
Maize_directory_epoch2000,6,GTTGGA,361,0.00025878136200716847
Maize_directory_epoch2000,6,GTTGGC,144,0.0001032258064516129
Maize_directory_epoch2000,6,GTTGGG,229,0.00016415770609318997
Maize_directory_epoch2000,6,GTTGGT,418,0.0002996415770609319
Maize_directory_epoch2000,6,GTTGTA,334,0.00023942652329749103
Maize_directory_epoch2000,6,GTTGTC,354,0.00025376344086021504
Maize_directory_epoch2000,6,GTTGTG,433,0.00031039426523297493
Maize_directory_epoch2000,6,GTTGTT,1164,0.0008344086021505377
Maize_directory_epoch2000,6,GTTTAA,696,0.0004989247311827957
Maize_directory_epoch2000,6,GTTTAC,372,0.0002666666666666667
Maize_directory_epoch2000,6,GTTTAG,520,0.0003727598566308244
Maize_directory_epoch2000,6,GTTTAT,1072,0.0007684587813620072
Maize_directory_epoch2000,6,GTTTCA,738,0.0005290322580645162
Maize_directory_epoch2000,6,GTTTCC,616,0.0004415770609318996
Maize_directory_epoch2000,6,GTTTCG,664,0.00047598566308243727
Maize_directory_epoch2000,6,GTTTCT,1773,0.0012709677419354838
Maize_directory_epoch2000,6,GTTTGA,866,0.0006207885304659499
Maize_directory_epoch2000,6,GTTTGC,393,0.00028172043010752686
Maize_directory_epoch2000,6,GTTTGG,693,0.0004967741935483871
Maize_directory_epoch2000,6,GTTTGT,1145,0.0008207885304659498
Maize_directory_epoch2000,6,GTTTTA,1106,0.000792831541218638
Maize_directory_epoch2000,6,GTTTTC,1437,0.0010301075268817205
Maize_directory_epoch2000,6,GTTTTG,1762,0.0012630824372759856
Maize_directory_epoch2000,6,GTTTTT,3553,0.0025469534050179213
Maize_directory_epoch2000,6,TAAAAA,1017,0.0007290322580645162
Maize_directory_epoch2000,6,TAAAAC,423,0.0003032258064516129
Maize_directory_epoch2000,6,TAAAAG,409,0.0002931899641577061
Maize_directory_epoch2000,6,TAAAAT,831,0.0005956989247311828
Maize_directory_epoch2000,6,TAAACA,380,0.00027240143369175625
Maize_directory_epoch2000,6,TAAACC,347,0.00024874551971326166
Maize_directory_epoch2000,6,TAAACG,177,0.00012688172043010752
Maize_directory_epoch2000,6,TAAACT,442,0.0003168458781362007
Maize_directory_epoch2000,6,TAAAGA,499,0.00035770609318996416
Maize_directory_epoch2000,6,TAAAGC,285,0.00020430107526881721
Maize_directory_epoch2000,6,TAAAGG,197,0.00014121863799283155
Maize_directory_epoch2000,6,TAAAGT,390,0.00027956989247311827
Maize_directory_epoch2000,6,TAAATA,583,0.00041792114695340504
Maize_directory_epoch2000,6,TAAATC,640,0.00045878136200716845
Maize_directory_epoch2000,6,TAAATG,411,0.0002946236559139785
Maize_directory_epoch2000,6,TAAATT,1069,0.0007663082437275986
Maize_directory_epoch2000,6,TAACAA,389,0.00027885304659498207
Maize_directory_epoch2000,6,TAACAC,170,0.00012186379928315412
Maize_directory_epoch2000,6,TAACAG,137,9.82078853046595e-05
Maize_directory_epoch2000,6,TAACAT,313,0.00022437275985663082
Maize_directory_epoch2000,6,TAACCA,269,0.000192831541218638
Maize_directory_epoch2000,6,TAACCC,201,0.00014408602150537634
Maize_directory_epoch2000,6,TAACCG,174,0.00012473118279569893
Maize_directory_epoch2000,6,TAACCT,234,0.00016774193548387096
Maize_directory_epoch2000,6,TAACGA,234,0.00016774193548387096
Maize_directory_epoch2000,6,TAACGC,120,8.602150537634408e-05
Maize_directory_epoch2000,6,TAACGG,126,9.032258064516129e-05
Maize_directory_epoch2000,6,TAACGT,177,0.00012688172043010752
Maize_directory_epoch2000,6,TAACTA,212,0.00015197132616487455
Maize_directory_epoch2000,6,TAACTC,314,0.00022508960573476702
Maize_directory_epoch2000,6,TAACTG,223,0.00015985663082437277
Maize_directory_epoch2000,6,TAACTT,484,0.00034695340501792116
Maize_directory_epoch2000,6,TAAGAA,515,0.00036917562724014336
Maize_directory_epoch2000,6,TAAGAC,186,0.00013333333333333334
Maize_directory_epoch2000,6,TAAGAG,234,0.00016774193548387096
Maize_directory_epoch2000,6,TAAGAT,515,0.00036917562724014336
Maize_directory_epoch2000,6,TAAGCA,182,0.00013046594982078853
Maize_directory_epoch2000,6,TAAGCC,158,0.00011326164874551972
Maize_directory_epoch2000,6,TAAGCG,94,6.738351254480287e-05
Maize_directory_epoch2000,6,TAAGCT,302,0.0002164874551971326
Maize_directory_epoch2000,6,TAAGGA,240,0.00017204301075268816
Maize_directory_epoch2000,6,TAAGGC,105,7.526881720430108e-05
Maize_directory_epoch2000,6,TAAGGG,91,6.523297491039426e-05
Maize_directory_epoch2000,6,TAAGGT,209,0.00014982078853046594
Maize_directory_epoch2000,6,TAAGTA,233,0.00016702508960573476
Maize_directory_epoch2000,6,TAAGTC,238,0.00017060931899641577
Maize_directory_epoch2000,6,TAAGTG,216,0.00015483870967741937
Maize_directory_epoch2000,6,TAAGTT,544,0.0003899641577060932
Maize_directory_epoch2000,6,TAATAA,546,0.0003913978494623656
Maize_directory_epoch2000,6,TAATAC,218,0.00015627240143369176
Maize_directory_epoch2000,6,TAATAG,241,0.00017275985663082438
Maize_directory_epoch2000,6,TAATAT,548,0.000392831541218638
Maize_directory_epoch2000,6,TAATCA,530,0.00037992831541218636
Maize_directory_epoch2000,6,TAATCC,367,0.00026308243727598564
Maize_directory_epoch2000,6,TAATCG,332,0.00023799283154121863
Maize_directory_epoch2000,6,TAATCT,751,0.0005383512544802867
Maize_directory_epoch2000,6,TAATGA,436,0.0003125448028673835
Maize_directory_epoch2000,6,TAATGC,169,0.00012114695340501792
Maize_directory_epoch2000,6,TAATGG,285,0.00020430107526881721
Maize_directory_epoch2000,6,TAATGT,442,0.0003168458781362007
Maize_directory_epoch2000,6,TAATTA,624,0.00044731182795698925
Maize_directory_epoch2000,6,TAATTC,729,0.0005225806451612903
Maize_directory_epoch2000,6,TAATTG,603,0.000432258064516129
Maize_directory_epoch2000,6,TAATTT,1656,0.0011870967741935484
Maize_directory_epoch2000,6,TACAAA,405,0.00029032258064516127
Maize_directory_epoch2000,6,TACAAC,209,0.00014982078853046594
Maize_directory_epoch2000,6,TACAAG,191,0.00013691756272401435
Maize_directory_epoch2000,6,TACAAT,401,0.0002874551971326165
Maize_directory_epoch2000,6,TACACA,188,0.00013476702508960573
Maize_directory_epoch2000,6,TACACC,139,9.964157706093189e-05
Maize_directory_epoch2000,6,TACACG,96,6.881720430107527e-05
Maize_directory_epoch2000,6,TACACT,229,0.00016415770609318997
Maize_directory_epoch2000,6,TACAGA,195,0.00013978494623655913
Maize_directory_epoch2000,6,TACAGC,84,6.021505376344086e-05
Maize_directory_epoch2000,6,TACAGG,71,5.089605734767025e-05
Maize_directory_epoch2000,6,TACAGT,132,9.462365591397849e-05
Maize_directory_epoch2000,6,TACATA,237,0.00016989247311827957
Maize_directory_epoch2000,6,TACATC,287,0.0002057347670250896
Maize_directory_epoch2000,6,TACATG,175,0.00012544802867383513
Maize_directory_epoch2000,6,TACATT,370,0.0002652329749103943
Maize_directory_epoch2000,6,TACCAA,313,0.00022437275985663082
Maize_directory_epoch2000,6,TACCAC,167,0.00011971326164874551
Maize_directory_epoch2000,6,TACCAG,124,8.888888888888889e-05
Maize_directory_epoch2000,6,TACCAT,227,0.00016272401433691755
Maize_directory_epoch2000,6,TACCCA,187,0.00013405017921146954
Maize_directory_epoch2000,6,TACCCC,106,7.598566308243728e-05
Maize_directory_epoch2000,6,TACCCG,90,6.451612903225807e-05
Maize_directory_epoch2000,6,TACCCT,180,0.00012903225806451613
Maize_directory_epoch2000,6,TACCGA,196,0.00014050179211469533
Maize_directory_epoch2000,6,TACCGC,105,7.526881720430108e-05
Maize_directory_epoch2000,6,TACCGG,101,7.240143369175627e-05
Maize_directory_epoch2000,6,TACCGT,152,0.00010896057347670251
Maize_directory_epoch2000,6,TACCTA,142,0.0001017921146953405
Maize_directory_epoch2000,6,TACCTC,278,0.00019928315412186379
Maize_directory_epoch2000,6,TACCTG,142,0.0001017921146953405
Maize_directory_epoch2000,6,TACCTT,345,0.00024731182795698927
Maize_directory_epoch2000,6,TACGAA,238,0.00017060931899641577
Maize_directory_epoch2000,6,TACGAC,139,9.964157706093189e-05
Maize_directory_epoch2000,6,TACGAG,115,8.243727598566309e-05
Maize_directory_epoch2000,6,TACGAT,316,0.00022652329749103944
Maize_directory_epoch2000,6,TACGCA,64,4.5878136200716846e-05
Maize_directory_epoch2000,6,TACGCC,110,7.885304659498208e-05
Maize_directory_epoch2000,6,TACGCG,46,3.297491039426523e-05
Maize_directory_epoch2000,6,TACGCT,125,8.960573476702509e-05
Maize_directory_epoch2000,6,TACGGA,136,9.74910394265233e-05
Maize_directory_epoch2000,6,TACGGC,91,6.523297491039426e-05
Maize_directory_epoch2000,6,TACGGG,60,4.301075268817204e-05
Maize_directory_epoch2000,6,TACGGT,114,8.172043010752688e-05
Maize_directory_epoch2000,6,TACGTA,106,7.598566308243728e-05
Maize_directory_epoch2000,6,TACGTC,151,0.0001082437275985663
Maize_directory_epoch2000,6,TACGTG,115,8.243727598566309e-05
Maize_directory_epoch2000,6,TACGTT,299,0.00021433691756272402
Maize_directory_epoch2000,6,TACTAA,262,0.0001878136200716846
Maize_directory_epoch2000,6,TACTAC,162,0.00011612903225806452
Maize_directory_epoch2000,6,TACTAG,133,9.53405017921147e-05
Maize_directory_epoch2000,6,TACTAT,304,0.00021792114695340503
Maize_directory_epoch2000,6,TACTCA,311,0.00022293906810035843
Maize_directory_epoch2000,6,TACTCC,300,0.00021505376344086021
Maize_directory_epoch2000,6,TACTCG,183,0.00013118279569892472
Maize_directory_epoch2000,6,TACTCT,595,0.00042652329749103945
Maize_directory_epoch2000,6,TACTGA,252,0.00018064516129032257
Maize_directory_epoch2000,6,TACTGC,128,9.175627240143369e-05
Maize_directory_epoch2000,6,TACTGG,140,0.0001003584229390681
Maize_directory_epoch2000,6,TACTGT,246,0.00017634408602150537
Maize_directory_epoch2000,6,TACTTA,307,0.00022007168458781362
Maize_directory_epoch2000,6,TACTTC,474,0.00033978494623655914
Maize_directory_epoch2000,6,TACTTG,321,0.00023010752688172042
Maize_directory_epoch2000,6,TACTTT,734,0.0005261648745519713
Maize_directory_epoch2000,6,TAGAAA,513,0.00036774193548387097
Maize_directory_epoch2000,6,TAGAAC,178,0.00012759856630824371
Maize_directory_epoch2000,6,TAGAAG,287,0.0002057347670250896
Maize_directory_epoch2000,6,TAGAAT,447,0.00032043010752688173
Maize_directory_epoch2000,6,TAGACA,181,0.00012974910394265233
Maize_directory_epoch2000,6,TAGACC,115,8.243727598566309e-05
Maize_directory_epoch2000,6,TAGACG,128,9.175627240143369e-05
Maize_directory_epoch2000,6,TAGACT,203,0.00014551971326164873
Maize_directory_epoch2000,6,TAGAGA,373,0.0002673835125448029
Maize_directory_epoch2000,6,TAGAGC,154,0.0001103942652329749
Maize_directory_epoch2000,6,TAGAGG,146,0.00010465949820788531
Maize_directory_epoch2000,6,TAGAGT,282,0.0002021505376344086
Maize_directory_epoch2000,6,TAGATA,330,0.00023655913978494624
Maize_directory_epoch2000,6,TAGATC,496,0.00035555555555555557
Maize_directory_epoch2000,6,TAGATG,311,0.00022293906810035843
Maize_directory_epoch2000,6,TAGATT,933,0.0006688172043010752
Maize_directory_epoch2000,6,TAGCAA,208,0.00014910394265232974
Maize_directory_epoch2000,6,TAGCAC,91,6.523297491039426e-05
Maize_directory_epoch2000,6,TAGCAG,102,7.311827956989248e-05
Maize_directory_epoch2000,6,TAGCAT,129,9.247311827956989e-05
Maize_directory_epoch2000,6,TAGCCA,128,9.175627240143369e-05
Maize_directory_epoch2000,6,TAGCCC,68,4.874551971326165e-05
Maize_directory_epoch2000,6,TAGCCG,114,8.172043010752688e-05
Maize_directory_epoch2000,6,TAGCCT,133,9.53405017921147e-05
Maize_directory_epoch2000,6,TAGCGA,159,0.00011397849462365592
Maize_directory_epoch2000,6,TAGCGC,57,4.086021505376344e-05
Maize_directory_epoch2000,6,TAGCGG,84,6.021505376344086e-05
Maize_directory_epoch2000,6,TAGCGT,107,7.670250896057347e-05
Maize_directory_epoch2000,6,TAGCTA,176,0.00012616487455197132
Maize_directory_epoch2000,6,TAGCTC,293,0.0002100358422939068
Maize_directory_epoch2000,6,TAGCTG,137,9.82078853046595e-05
Maize_directory_epoch2000,6,TAGCTT,407,0.0002917562724014337
Maize_directory_epoch2000,6,TAGGAA,204,0.00014623655913978496
Maize_directory_epoch2000,6,TAGGAC,72,5.161290322580645e-05
Maize_directory_epoch2000,6,TAGGAG,145,0.0001039426523297491
Maize_directory_epoch2000,6,TAGGAT,296,0.0002121863799283154
Maize_directory_epoch2000,6,TAGGCA,70,5.017921146953405e-05
Maize_directory_epoch2000,6,TAGGCC,67,4.802867383512545e-05
Maize_directory_epoch2000,6,TAGGCG,44,3.154121863799283e-05
Maize_directory_epoch2000,6,TAGGCT,130,9.31899641577061e-05
Maize_directory_epoch2000,6,TAGGGA,129,9.247311827956989e-05
Maize_directory_epoch2000,6,TAGGGC,54,3.870967741935484e-05
Maize_directory_epoch2000,6,TAGGGG,57,4.086021505376344e-05
Maize_directory_epoch2000,6,TAGGGT,187,0.00013405017921146954
Maize_directory_epoch2000,6,TAGGTA,125,8.960573476702509e-05
Maize_directory_epoch2000,6,TAGGTC,124,8.888888888888889e-05
Maize_directory_epoch2000,6,TAGGTG,129,9.247311827956989e-05
Maize_directory_epoch2000,6,TAGGTT,467,0.0003347670250896057
Maize_directory_epoch2000,6,TAGTAA,291,0.00020860215053763442
Maize_directory_epoch2000,6,TAGTAC,101,7.240143369175627e-05
Maize_directory_epoch2000,6,TAGTAG,131,9.39068100358423e-05
Maize_directory_epoch2000,6,TAGTAT,254,0.000182078853046595
Maize_directory_epoch2000,6,TAGTCA,209,0.00014982078853046594
Maize_directory_epoch2000,6,TAGTCC,167,0.00011971326164874551
Maize_directory_epoch2000,6,TAGTCG,138,9.89247311827957e-05
Maize_directory_epoch2000,6,TAGTCT,329,0.00023584229390681005
Maize_directory_epoch2000,6,TAGTGA,285,0.00020430107526881721
Maize_directory_epoch2000,6,TAGTGC,112,8.028673835125448e-05
Maize_directory_epoch2000,6,TAGTGG,167,0.00011971326164874551
Maize_directory_epoch2000,6,TAGTGT,294,0.000210752688172043
Maize_directory_epoch2000,6,TAGTTA,354,0.00025376344086021504
Maize_directory_epoch2000,6,TAGTTC,412,0.0002953405017921147
Maize_directory_epoch2000,6,TAGTTG,393,0.00028172043010752686
Maize_directory_epoch2000,6,TAGTTT,1045,0.0007491039426523298
Maize_directory_epoch2000,6,TATAAA,581,0.0004164874551971326
Maize_directory_epoch2000,6,TATAAC,242,0.00017347670250896058
Maize_directory_epoch2000,6,TATAAG,240,0.00017204301075268816
Maize_directory_epoch2000,6,TATAAT,577,0.0004136200716845878
Maize_directory_epoch2000,6,TATACA,223,0.00015985663082437277
Maize_directory_epoch2000,6,TATACC,153,0.00010967741935483871
Maize_directory_epoch2000,6,TATACG,124,8.888888888888889e-05
Maize_directory_epoch2000,6,TATACT,282,0.0002021505376344086
Maize_directory_epoch2000,6,TATAGA,337,0.00024157706093189964
Maize_directory_epoch2000,6,TATAGC,138,9.89247311827957e-05
Maize_directory_epoch2000,6,TATAGG,150,0.00010752688172043011
Maize_directory_epoch2000,6,TATAGT,316,0.00022652329749103944
Maize_directory_epoch2000,6,TATATA,470,0.00033691756272401436
Maize_directory_epoch2000,6,TATATC,444,0.00031827956989247314
Maize_directory_epoch2000,6,TATATG,354,0.00025376344086021504
Maize_directory_epoch2000,6,TATATT,933,0.0006688172043010752
Maize_directory_epoch2000,6,TATCAA,531,0.00038064516129032255
Maize_directory_epoch2000,6,TATCAC,280,0.0002007168458781362
Maize_directory_epoch2000,6,TATCAG,249,0.00017849462365591398
Maize_directory_epoch2000,6,TATCAT,526,0.00037706093189964157
Maize_directory_epoch2000,6,TATCCA,364,0.00026093189964157705
Maize_directory_epoch2000,6,TATCCC,218,0.00015627240143369176
Maize_directory_epoch2000,6,TATCCG,247,0.0001770609318996416
Maize_directory_epoch2000,6,TATCCT,434,0.0003111111111111111
Maize_directory_epoch2000,6,TATCGA,434,0.0003111111111111111
Maize_directory_epoch2000,6,TATCGC,225,0.00016129032258064516
Maize_directory_epoch2000,6,TATCGG,203,0.00014551971326164873
Maize_directory_epoch2000,6,TATCGT,356,0.00025519713261648743
Maize_directory_epoch2000,6,TATCTA,492,0.00035268817204301073
Maize_directory_epoch2000,6,TATCTC,872,0.000625089605734767
Maize_directory_epoch2000,6,TATCTG,490,0.00035125448028673834
Maize_directory_epoch2000,6,TATCTT,1081,0.000774910394265233
Maize_directory_epoch2000,6,TATGAA,436,0.0003125448028673835
Maize_directory_epoch2000,6,TATGAC,228,0.00016344086021505375
Maize_directory_epoch2000,6,TATGAG,250,0.00017921146953405018
Maize_directory_epoch2000,6,TATGAT,616,0.0004415770609318996
Maize_directory_epoch2000,6,TATGCA,152,0.00010896057347670251
Maize_directory_epoch2000,6,TATGCC,142,0.0001017921146953405
Maize_directory_epoch2000,6,TATGCG,102,7.311827956989248e-05
Maize_directory_epoch2000,6,TATGCT,302,0.0002164874551971326
Maize_directory_epoch2000,6,TATGGA,356,0.00025519713261648743
Maize_directory_epoch2000,6,TATGGC,164,0.00011756272401433691
Maize_directory_epoch2000,6,TATGGG,189,0.00013548387096774193
Maize_directory_epoch2000,6,TATGGT,437,0.0003132616487455197
Maize_directory_epoch2000,6,TATGTA,334,0.00023942652329749103
Maize_directory_epoch2000,6,TATGTC,328,0.00023512544802867382
Maize_directory_epoch2000,6,TATGTG,288,0.0002064516129032258
Maize_directory_epoch2000,6,TATGTT,854,0.0006121863799283154
Maize_directory_epoch2000,6,TATTAA,630,0.00045161290322580643
Maize_directory_epoch2000,6,TATTAC,305,0.00021863799283154122
Maize_directory_epoch2000,6,TATTAG,368,0.00026379928315412184
Maize_directory_epoch2000,6,TATTAT,844,0.0006050179211469534
Maize_directory_epoch2000,6,TATTCA,521,0.0003734767025089606
Maize_directory_epoch2000,6,TATTCC,442,0.0003168458781362007
Maize_directory_epoch2000,6,TATTCG,399,0.0002860215053763441
Maize_directory_epoch2000,6,TATTCT,1019,0.0007304659498207886
Maize_directory_epoch2000,6,TATTGA,725,0.0005197132616487455
Maize_directory_epoch2000,6,TATTGC,310,0.00022222222222222223
Maize_directory_epoch2000,6,TATTGG,453,0.0003247311827956989
Maize_directory_epoch2000,6,TATTGT,780,0.0005591397849462365
Maize_directory_epoch2000,6,TATTTA,980,0.0007025089605734767
Maize_directory_epoch2000,6,TATTTC,1063,0.0007620071684587814
Maize_directory_epoch2000,6,TATTTG,1098,0.0007870967741935484
Maize_directory_epoch2000,6,TATTTT,2609,0.0018702508960573476
Maize_directory_epoch2000,6,TCAAAA,935,0.0006702508960573476
Maize_directory_epoch2000,6,TCAAAC,454,0.0003254480286738351
Maize_directory_epoch2000,6,TCAAAG,474,0.00033978494623655914
Maize_directory_epoch2000,6,TCAAAT,1030,0.0007383512544802867
Maize_directory_epoch2000,6,TCAACA,431,0.0003089605734767025
Maize_directory_epoch2000,6,TCAACC,353,0.00025304659498207884
Maize_directory_epoch2000,6,TCAACG,358,0.0002566308243727599
Maize_directory_epoch2000,6,TCAACT,465,0.0003333333333333333
Maize_directory_epoch2000,6,TCAAGA,537,0.0003849462365591398
Maize_directory_epoch2000,6,TCAAGC,300,0.00021505376344086021
Maize_directory_epoch2000,6,TCAAGG,246,0.00017634408602150537
Maize_directory_epoch2000,6,TCAAGT,394,0.0002824372759856631
Maize_directory_epoch2000,6,TCAATA,437,0.0003132616487455197
Maize_directory_epoch2000,6,TCAATC,789,0.0005655913978494624
Maize_directory_epoch2000,6,TCAATG,479,0.0003433691756272401
Maize_directory_epoch2000,6,TCAATT,1323,0.0009483870967741936
Maize_directory_epoch2000,6,TCACAA,437,0.0003132616487455197
Maize_directory_epoch2000,6,TCACAC,227,0.00016272401433691755
Maize_directory_epoch2000,6,TCACAG,221,0.00015842293906810035
Maize_directory_epoch2000,6,TCACAT,385,0.0002759856630824373
Maize_directory_epoch2000,6,TCACCA,453,0.0003247311827956989
Maize_directory_epoch2000,6,TCACCC,195,0.00013978494623655913
Maize_directory_epoch2000,6,TCACCG,431,0.0003089605734767025
Maize_directory_epoch2000,6,TCACCT,379,0.00027168458781362005
Maize_directory_epoch2000,6,TCACGA,295,0.0002114695340501792
Maize_directory_epoch2000,6,TCACGC,127,9.10394265232975e-05
Maize_directory_epoch2000,6,TCACGG,190,0.00013620071684587813
Maize_directory_epoch2000,6,TCACGT,223,0.00015985663082437277
Maize_directory_epoch2000,6,TCACTA,298,0.00021362007168458782
Maize_directory_epoch2000,6,TCACTC,531,0.00038064516129032255
Maize_directory_epoch2000,6,TCACTG,295,0.0002114695340501792
Maize_directory_epoch2000,6,TCACTT,605,0.0004336917562724014
Maize_directory_epoch2000,6,TCAGAA,444,0.00031827956989247314
Maize_directory_epoch2000,6,TCAGAC,203,0.00014551971326164873
Maize_directory_epoch2000,6,TCAGAG,311,0.00022293906810035843
Maize_directory_epoch2000,6,TCAGAT,618,0.000443010752688172
Maize_directory_epoch2000,6,TCAGCA,192,0.00013763440860215055
Maize_directory_epoch2000,6,TCAGCC,163,0.00011684587813620071
Maize_directory_epoch2000,6,TCAGCG,164,0.00011756272401433691
Maize_directory_epoch2000,6,TCAGCT,328,0.00023512544802867382
Maize_directory_epoch2000,6,TCAGGA,203,0.00014551971326164873
Maize_directory_epoch2000,6,TCAGGC,79,5.663082437275986e-05
Maize_directory_epoch2000,6,TCAGGG,94,6.738351254480287e-05
Maize_directory_epoch2000,6,TCAGGT,221,0.00015842293906810035
Maize_directory_epoch2000,6,TCAGTA,169,0.00012114695340501792
Maize_directory_epoch2000,6,TCAGTC,220,0.00015770609318996415
Maize_directory_epoch2000,6,TCAGTG,232,0.00016630824372759856
Maize_directory_epoch2000,6,TCAGTT,513,0.00036774193548387097
Maize_directory_epoch2000,6,TCATAA,391,0.00028028673835125446
Maize_directory_epoch2000,6,TCATAC,216,0.00015483870967741937
Maize_directory_epoch2000,6,TCATAG,256,0.00018351254480286738
Maize_directory_epoch2000,6,TCATAT,501,0.00035913978494623655
Maize_directory_epoch2000,6,TCATCA,691,0.0004953405017921147
Maize_directory_epoch2000,6,TCATCC,486,0.00034838709677419355
Maize_directory_epoch2000,6,TCATCG,572,0.0004100358422939068
Maize_directory_epoch2000,6,TCATCT,987,0.0007075268817204301
Maize_directory_epoch2000,6,TCATGA,413,0.0002960573476702509
Maize_directory_epoch2000,6,TCATGC,179,0.00012831541218637994
Maize_directory_epoch2000,6,TCATGG,344,0.00024659498207885307
Maize_directory_epoch2000,6,TCATGT,446,0.00031971326164874554
Maize_directory_epoch2000,6,TCATTA,495,0.0003548387096774194
Maize_directory_epoch2000,6,TCATTC,665,0.00047670250896057347
Maize_directory_epoch2000,6,TCATTG,610,0.00043727598566308245
Maize_directory_epoch2000,6,TCATTT,1324,0.0009491039426523298
Maize_directory_epoch2000,6,TCCAAA,697,0.0004996415770609319
Maize_directory_epoch2000,6,TCCAAC,387,0.0002774193548387097
Maize_directory_epoch2000,6,TCCAAG,357,0.0002559139784946237
Maize_directory_epoch2000,6,TCCAAT,727,0.0005211469534050179
Maize_directory_epoch2000,6,TCCACA,326,0.00023369175627240143
Maize_directory_epoch2000,6,TCCACC,393,0.00028172043010752686
Maize_directory_epoch2000,6,TCCACG,211,0.00015125448028673836
Maize_directory_epoch2000,6,TCCACT,390,0.00027956989247311827
Maize_directory_epoch2000,6,TCCAGA,340,0.00024372759856630823
Maize_directory_epoch2000,6,TCCAGC,185,0.00013261648745519714
Maize_directory_epoch2000,6,TCCAGG,116,8.315412186379928e-05
Maize_directory_epoch2000,6,TCCAGT,247,0.0001770609318996416
Maize_directory_epoch2000,6,TCCATA,332,0.00023799283154121863
Maize_directory_epoch2000,6,TCCATC,567,0.0004064516129032258
Maize_directory_epoch2000,6,TCCATG,326,0.00023369175627240143
Maize_directory_epoch2000,6,TCCATT,720,0.0005161290322580645
Maize_directory_epoch2000,6,TCCCAA,387,0.0002774193548387097
Maize_directory_epoch2000,6,TCCCAC,255,0.0001827956989247312
Maize_directory_epoch2000,6,TCCCAG,180,0.00012903225806451613
Maize_directory_epoch2000,6,TCCCAT,357,0.0002559139784946237
Maize_directory_epoch2000,6,TCCCCA,276,0.0001978494623655914
Maize_directory_epoch2000,6,TCCCCC,221,0.00015842293906810035
Maize_directory_epoch2000,6,TCCCCG,210,0.00015053763440860216
Maize_directory_epoch2000,6,TCCCCT,316,0.00022652329749103944
Maize_directory_epoch2000,6,TCCCGA,232,0.00016630824372759856
Maize_directory_epoch2000,6,TCCCGC,181,0.00012974910394265233
Maize_directory_epoch2000,6,TCCCGG,179,0.00012831541218637994
Maize_directory_epoch2000,6,TCCCGT,210,0.00015053763440860216
Maize_directory_epoch2000,6,TCCCTA,280,0.0002007168458781362
Maize_directory_epoch2000,6,TCCCTC,576,0.0004129032258064516
Maize_directory_epoch2000,6,TCCCTG,219,0.00015698924731182796
Maize_directory_epoch2000,6,TCCCTT,533,0.000382078853046595
Maize_directory_epoch2000,6,TCCGAA,445,0.00031899641577060934
Maize_directory_epoch2000,6,TCCGAC,321,0.00023010752688172042
Maize_directory_epoch2000,6,TCCGAG,276,0.0001978494623655914
Maize_directory_epoch2000,6,TCCGAT,727,0.0005211469534050179
Maize_directory_epoch2000,6,TCCGCA,187,0.00013405017921146954
Maize_directory_epoch2000,6,TCCGCC,442,0.0003168458781362007
Maize_directory_epoch2000,6,TCCGCG,161,0.00011541218637992832
Maize_directory_epoch2000,6,TCCGCT,376,0.00026953405017921146
Maize_directory_epoch2000,6,TCCGGA,271,0.00019426523297491038
Maize_directory_epoch2000,6,TCCGGC,256,0.00018351254480286738
Maize_directory_epoch2000,6,TCCGGG,97,6.953405017921147e-05
Maize_directory_epoch2000,6,TCCGGT,286,0.0002050179211469534
Maize_directory_epoch2000,6,TCCGTA,233,0.00016702508960573476
Maize_directory_epoch2000,6,TCCGTC,461,0.00033046594982078854
Maize_directory_epoch2000,6,TCCGTG,236,0.00016917562724014338
Maize_directory_epoch2000,6,TCCGTT,620,0.00044444444444444447
Maize_directory_epoch2000,6,TCCTAA,369,0.0002645161290322581
Maize_directory_epoch2000,6,TCCTAC,256,0.00018351254480286738
Maize_directory_epoch2000,6,TCCTAG,227,0.00016272401433691755
Maize_directory_epoch2000,6,TCCTAT,451,0.0003232974910394265
Maize_directory_epoch2000,6,TCCTCA,615,0.00044086021505376343
Maize_directory_epoch2000,6,TCCTCC,848,0.0006078853046594982
Maize_directory_epoch2000,6,TCCTCG,490,0.00035125448028673834
Maize_directory_epoch2000,6,TCCTCT,1339,0.0009598566308243728
Maize_directory_epoch2000,6,TCCTGA,359,0.00025734767025089607
Maize_directory_epoch2000,6,TCCTGC,230,0.00016487455197132617
Maize_directory_epoch2000,6,TCCTGG,199,0.00014265232974910395
Maize_directory_epoch2000,6,TCCTGT,331,0.00023727598566308244
Maize_directory_epoch2000,6,TCCTTA,502,0.00035985663082437275
Maize_directory_epoch2000,6,TCCTTC,1052,0.0007541218637992831
Maize_directory_epoch2000,6,TCCTTG,488,0.00034982078853046595
Maize_directory_epoch2000,6,TCCTTT,1147,0.0008222222222222222
Maize_directory_epoch2000,6,TCGAAA,593,0.000425089605734767
Maize_directory_epoch2000,6,TCGAAC,271,0.00019426523297491038
Maize_directory_epoch2000,6,TCGAAG,459,0.00032903225806451614
Maize_directory_epoch2000,6,TCGAAT,708,0.0005075268817204301
Maize_directory_epoch2000,6,TCGACA,276,0.0001978494623655914
Maize_directory_epoch2000,6,TCGACC,219,0.00015698924731182796
Maize_directory_epoch2000,6,TCGACG,409,0.0002931899641577061
Maize_directory_epoch2000,6,TCGACT,310,0.00022222222222222223
Maize_directory_epoch2000,6,TCGAGA,374,0.00026810035842293907
Maize_directory_epoch2000,6,TCGAGC,211,0.00015125448028673836
Maize_directory_epoch2000,6,TCGAGG,201,0.00014408602150537634
Maize_directory_epoch2000,6,TCGAGT,367,0.00026308243727598564
Maize_directory_epoch2000,6,TCGATA,398,0.0002853046594982079
Maize_directory_epoch2000,6,TCGATC,758,0.0005433691756272401
Maize_directory_epoch2000,6,TCGATG,549,0.0003935483870967742
Maize_directory_epoch2000,6,TCGATT,1328,0.0009519713261648745
Maize_directory_epoch2000,6,TCGCAA,265,0.00018996415770609318
Maize_directory_epoch2000,6,TCGCAC,126,9.032258064516129e-05
Maize_directory_epoch2000,6,TCGCAG,160,0.00011469534050179211
Maize_directory_epoch2000,6,TCGCAT,203,0.00014551971326164873
Maize_directory_epoch2000,6,TCGCCA,247,0.0001770609318996416
Maize_directory_epoch2000,6,TCGCCC,106,7.598566308243728e-05
Maize_directory_epoch2000,6,TCGCCG,518,0.00037132616487455195
Maize_directory_epoch2000,6,TCGCCT,238,0.00017060931899641577
Maize_directory_epoch2000,6,TCGCGA,174,0.00012473118279569893
Maize_directory_epoch2000,6,TCGCGC,84,6.021505376344086e-05
Maize_directory_epoch2000,6,TCGCGG,113,8.100358422939068e-05
Maize_directory_epoch2000,6,TCGCGT,124,8.888888888888889e-05
Maize_directory_epoch2000,6,TCGCTA,233,0.00016702508960573476
Maize_directory_epoch2000,6,TCGCTC,370,0.0002652329749103943
Maize_directory_epoch2000,6,TCGCTG,324,0.00023225806451612904
Maize_directory_epoch2000,6,TCGCTT,566,0.0004057347670250896
Maize_directory_epoch2000,6,TCGGAA,339,0.00024301075268817204
Maize_directory_epoch2000,6,TCGGAC,113,8.100358422939068e-05
Maize_directory_epoch2000,6,TCGGAG,324,0.00023225806451612904
Maize_directory_epoch2000,6,TCGGAT,430,0.0003082437275985663
Maize_directory_epoch2000,6,TCGGCA,146,0.00010465949820788531
Maize_directory_epoch2000,6,TCGGCC,117,8.387096774193548e-05
Maize_directory_epoch2000,6,TCGGCG,244,0.00017491039426523297
Maize_directory_epoch2000,6,TCGGCT,224,0.00016057347670250896
Maize_directory_epoch2000,6,TCGGGA,159,0.00011397849462365592
Maize_directory_epoch2000,6,TCGGGC,58,4.157706093189964e-05
Maize_directory_epoch2000,6,TCGGGG,88,6.308243727598566e-05
Maize_directory_epoch2000,6,TCGGGT,177,0.00012688172043010752
Maize_directory_epoch2000,6,TCGGTA,167,0.00011971326164874551
Maize_directory_epoch2000,6,TCGGTC,182,0.00013046594982078853
Maize_directory_epoch2000,6,TCGGTG,287,0.0002057347670250896
Maize_directory_epoch2000,6,TCGGTT,561,0.0004021505376344086
Maize_directory_epoch2000,6,TCGTAA,276,0.0001978494623655914
Maize_directory_epoch2000,6,TCGTAC,148,0.0001060931899641577
Maize_directory_epoch2000,6,TCGTAG,193,0.00013835125448028674
Maize_directory_epoch2000,6,TCGTAT,337,0.00024157706093189964
Maize_directory_epoch2000,6,TCGTCA,409,0.0002931899641577061
Maize_directory_epoch2000,6,TCGTCC,259,0.00018566308243727597
Maize_directory_epoch2000,6,TCGTCG,546,0.0003913978494623656
Maize_directory_epoch2000,6,TCGTCT,595,0.00042652329749103945
Maize_directory_epoch2000,6,TCGTGA,315,0.00022580645161290321
Maize_directory_epoch2000,6,TCGTGC,132,9.462365591397849e-05
Maize_directory_epoch2000,6,TCGTGG,259,0.00018566308243727597
Maize_directory_epoch2000,6,TCGTGT,366,0.00026236559139784945
Maize_directory_epoch2000,6,TCGTTA,400,0.0002867383512544803
Maize_directory_epoch2000,6,TCGTTC,604,0.0004329749103942652
Maize_directory_epoch2000,6,TCGTTG,596,0.00042724014336917564
Maize_directory_epoch2000,6,TCGTTT,1262,0.0009046594982078853
Maize_directory_epoch2000,6,TCTAAA,655,0.00046953405017921145
Maize_directory_epoch2000,6,TCTAAC,362,0.00025949820788530466
Maize_directory_epoch2000,6,TCTAAG,362,0.00025949820788530466
Maize_directory_epoch2000,6,TCTAAT,772,0.000553405017921147
Maize_directory_epoch2000,6,TCTACA,355,0.00025448028673835123
Maize_directory_epoch2000,6,TCTACC,332,0.00023799283154121863
Maize_directory_epoch2000,6,TCTACG,256,0.00018351254480286738
Maize_directory_epoch2000,6,TCTACT,535,0.0003835125448028674
Maize_directory_epoch2000,6,TCTAGA,418,0.0002996415770609319
Maize_directory_epoch2000,6,TCTAGC,203,0.00014551971326164873
Maize_directory_epoch2000,6,TCTAGG,210,0.00015053763440860216
Maize_directory_epoch2000,6,TCTAGT,427,0.0003060931899641577
Maize_directory_epoch2000,6,TCTATA,464,0.0003326164874551971
Maize_directory_epoch2000,6,TCTATC,698,0.0005003584229390681
Maize_directory_epoch2000,6,TCTATG,481,0.0003448028673835125
Maize_directory_epoch2000,6,TCTATT,1133,0.0008121863799283154
Maize_directory_epoch2000,6,TCTCAA,963,0.0006903225806451613
Maize_directory_epoch2000,6,TCTCAC,631,0.0004523297491039426
Maize_directory_epoch2000,6,TCTCAG,496,0.00035555555555555557
Maize_directory_epoch2000,6,TCTCAT,931,0.0006673835125448028
Maize_directory_epoch2000,6,TCTCCA,881,0.0006315412186379928
Maize_directory_epoch2000,6,TCTCCC,698,0.0005003584229390681
Maize_directory_epoch2000,6,TCTCCG,1010,0.0007240143369175627
Maize_directory_epoch2000,6,TCTCCT,1329,0.0009526881720430107
Maize_directory_epoch2000,6,TCTCGA,770,0.0005519713261648746
Maize_directory_epoch2000,6,TCTCGC,393,0.00028172043010752686
Maize_directory_epoch2000,6,TCTCGG,364,0.00026093189964157705
Maize_directory_epoch2000,6,TCTCGT,680,0.00048745519713261647
Maize_directory_epoch2000,6,TCTCTA,1030,0.0007383512544802867
Maize_directory_epoch2000,6,TCTCTC,2775,0.001989247311827957
Maize_directory_epoch2000,6,TCTCTG,1236,0.000886021505376344
Maize_directory_epoch2000,6,TCTCTT,2647,0.0018974910394265233
Maize_directory_epoch2000,6,TCTGAA,669,0.0004795698924731183
Maize_directory_epoch2000,6,TCTGAC,308,0.0002207885304659498
Maize_directory_epoch2000,6,TCTGAG,450,0.0003225806451612903
Maize_directory_epoch2000,6,TCTGAT,1139,0.0008164874551971327
Maize_directory_epoch2000,6,TCTGCA,271,0.00019426523297491038
Maize_directory_epoch2000,6,TCTGCC,285,0.00020430107526881721
Maize_directory_epoch2000,6,TCTGCG,248,0.00017777777777777779
Maize_directory_epoch2000,6,TCTGCT,680,0.00048745519713261647
Maize_directory_epoch2000,6,TCTGGA,433,0.00031039426523297493
Maize_directory_epoch2000,6,TCTGGC,228,0.00016344086021505375
Maize_directory_epoch2000,6,TCTGGG,243,0.00017419354838709678
Maize_directory_epoch2000,6,TCTGGT,554,0.0003971326164874552
Maize_directory_epoch2000,6,TCTGTA,419,0.0003003584229390681
Maize_directory_epoch2000,6,TCTGTC,536,0.0003842293906810036
Maize_directory_epoch2000,6,TCTGTG,547,0.0003921146953405018
Maize_directory_epoch2000,6,TCTGTT,1373,0.0009842293906810035
Maize_directory_epoch2000,6,TCTTAA,737,0.0005283154121863799
Maize_directory_epoch2000,6,TCTTAC,502,0.00035985663082437275
Maize_directory_epoch2000,6,TCTTAG,513,0.00036774193548387097
Maize_directory_epoch2000,6,TCTTAT,1068,0.0007655913978494624
Maize_directory_epoch2000,6,TCTTCA,1353,0.0009698924731182796
Maize_directory_epoch2000,6,TCTTCC,1228,0.0008802867383512545
Maize_directory_epoch2000,6,TCTTCG,1076,0.000771326164874552
Maize_directory_epoch2000,6,TCTTCT,3265,0.0023405017921146955
Maize_directory_epoch2000,6,TCTTGA,833,0.0005971326164874552
Maize_directory_epoch2000,6,TCTTGC,473,0.00033906810035842295
Maize_directory_epoch2000,6,TCTTGG,615,0.00044086021505376343
Maize_directory_epoch2000,6,TCTTGT,1265,0.000906810035842294
Maize_directory_epoch2000,6,TCTTTA,1202,0.0008616487455197133
Maize_directory_epoch2000,6,TCTTTC,1817,0.0013025089605734766
Maize_directory_epoch2000,6,TCTTTG,1539,0.001103225806451613
Maize_directory_epoch2000,6,TCTTTT,3375,0.0024193548387096775
Maize_directory_epoch2000,6,TGAAAA,716,0.0005132616487455198
Maize_directory_epoch2000,6,TGAAAC,432,0.00030967741935483873
Maize_directory_epoch2000,6,TGAAAG,360,0.00025806451612903227
Maize_directory_epoch2000,6,TGAAAT,751,0.0005383512544802867
Maize_directory_epoch2000,6,TGAACA,294,0.000210752688172043
Maize_directory_epoch2000,6,TGAACC,268,0.0001921146953405018
Maize_directory_epoch2000,6,TGAACG,147,0.0001053763440860215
Maize_directory_epoch2000,6,TGAACT,311,0.00022293906810035843
Maize_directory_epoch2000,6,TGAAGA,659,0.0004724014336917563
Maize_directory_epoch2000,6,TGAAGC,332,0.00023799283154121863
Maize_directory_epoch2000,6,TGAAGG,244,0.00017491039426523297
Maize_directory_epoch2000,6,TGAAGT,397,0.0002845878136200717
Maize_directory_epoch2000,6,TGAATA,401,0.0002874551971326165
Maize_directory_epoch2000,6,TGAATC,711,0.0005096774193548387
Maize_directory_epoch2000,6,TGAATG,327,0.00023440860215053763
Maize_directory_epoch2000,6,TGAATT,1147,0.0008222222222222222
Maize_directory_epoch2000,6,TGACAA,308,0.0002207885304659498
Maize_directory_epoch2000,6,TGACAC,157,0.00011254480286738351
Maize_directory_epoch2000,6,TGACAG,161,0.00011541218637992832
Maize_directory_epoch2000,6,TGACAT,244,0.00017491039426523297
Maize_directory_epoch2000,6,TGACCA,222,0.00015913978494623657
Maize_directory_epoch2000,6,TGACCC,147,0.0001053763440860215
Maize_directory_epoch2000,6,TGACCG,123,8.817204301075268e-05
Maize_directory_epoch2000,6,TGACCT,179,0.00012831541218637994
Maize_directory_epoch2000,6,TGACGA,309,0.000221505376344086
Maize_directory_epoch2000,6,TGACGC,143,0.0001025089605734767
Maize_directory_epoch2000,6,TGACGG,165,0.00011827956989247312
Maize_directory_epoch2000,6,TGACGT,208,0.00014910394265232974
Maize_directory_epoch2000,6,TGACTA,197,0.00014121863799283155
Maize_directory_epoch2000,6,TGACTC,354,0.00025376344086021504
Maize_directory_epoch2000,6,TGACTG,178,0.00012759856630824371
Maize_directory_epoch2000,6,TGACTT,466,0.0003340501792114695
Maize_directory_epoch2000,6,TGAGAA,516,0.00036989247311827955
Maize_directory_epoch2000,6,TGAGAC,207,0.00014838709677419355
Maize_directory_epoch2000,6,TGAGAG,269,0.000192831541218638
Maize_directory_epoch2000,6,TGAGAT,649,0.00046523297491039427
Maize_directory_epoch2000,6,TGAGCA,158,0.00011326164874551972
Maize_directory_epoch2000,6,TGAGCC,150,0.00010752688172043011
Maize_directory_epoch2000,6,TGAGCG,79,5.663082437275986e-05
Maize_directory_epoch2000,6,TGAGCT,303,0.0002172043010752688
Maize_directory_epoch2000,6,TGAGGA,318,0.00022795698924731183
Maize_directory_epoch2000,6,TGAGGC,121,8.673835125448029e-05
Maize_directory_epoch2000,6,TGAGGG,110,7.885304659498208e-05
Maize_directory_epoch2000,6,TGAGGT,259,0.00018566308243727597
Maize_directory_epoch2000,6,TGAGTA,242,0.00017347670250896058
Maize_directory_epoch2000,6,TGAGTC,278,0.00019928315412186379
Maize_directory_epoch2000,6,TGAGTG,209,0.00014982078853046594
Maize_directory_epoch2000,6,TGAGTT,772,0.000553405017921147
Maize_directory_epoch2000,6,TGATAA,496,0.00035555555555555557
Maize_directory_epoch2000,6,TGATAC,278,0.00019928315412186379
Maize_directory_epoch2000,6,TGATAG,273,0.0001956989247311828
Maize_directory_epoch2000,6,TGATAT,591,0.0004236559139784946
Maize_directory_epoch2000,6,TGATCA,549,0.0003935483870967742
Maize_directory_epoch2000,6,TGATCC,518,0.00037132616487455195
Maize_directory_epoch2000,6,TGATCG,390,0.00027956989247311827
Maize_directory_epoch2000,6,TGATCT,1061,0.0007605734767025089
Maize_directory_epoch2000,6,TGATGA,642,0.00046021505376344084
Maize_directory_epoch2000,6,TGATGC,292,0.00020931899641577062
Maize_directory_epoch2000,6,TGATGG,416,0.0002982078853046595
Maize_directory_epoch2000,6,TGATGT,610,0.00043727598566308245
Maize_directory_epoch2000,6,TGATTA,788,0.0005648745519713262
Maize_directory_epoch2000,6,TGATTC,1278,0.0009161290322580645
Maize_directory_epoch2000,6,TGATTG,863,0.0006186379928315413
Maize_directory_epoch2000,6,TGATTT,2486,0.001782078853046595
Maize_directory_epoch2000,6,TGCAAA,302,0.0002164874551971326
Maize_directory_epoch2000,6,TGCAAC,150,0.00010752688172043011
Maize_directory_epoch2000,6,TGCAAG,150,0.00010752688172043011
Maize_directory_epoch2000,6,TGCAAT,305,0.00021863799283154122
Maize_directory_epoch2000,6,TGCACA,78,5.5913978494623656e-05
Maize_directory_epoch2000,6,TGCACC,110,7.885304659498208e-05
Maize_directory_epoch2000,6,TGCACG,76,5.448028673835126e-05
Maize_directory_epoch2000,6,TGCACT,155,0.00011111111111111112
Maize_directory_epoch2000,6,TGCAGA,228,0.00016344086021505375
Maize_directory_epoch2000,6,TGCAGC,122,8.745519713261649e-05
Maize_directory_epoch2000,6,TGCAGG,68,4.874551971326165e-05
Maize_directory_epoch2000,6,TGCAGT,114,8.172043010752688e-05
Maize_directory_epoch2000,6,TGCATA,144,0.0001032258064516129
Maize_directory_epoch2000,6,TGCATC,243,0.00017419354838709678
Maize_directory_epoch2000,6,TGCATG,133,9.53405017921147e-05
Maize_directory_epoch2000,6,TGCATT,308,0.0002207885304659498
Maize_directory_epoch2000,6,TGCCAA,239,0.00017132616487455196
Maize_directory_epoch2000,6,TGCCAC,135,9.67741935483871e-05
Maize_directory_epoch2000,6,TGCCAG,77,5.519713261648745e-05
Maize_directory_epoch2000,6,TGCCAT,196,0.00014050179211469533
Maize_directory_epoch2000,6,TGCCCA,114,8.172043010752688e-05
Maize_directory_epoch2000,6,TGCCCC,93,6.666666666666667e-05
Maize_directory_epoch2000,6,TGCCCG,71,5.089605734767025e-05
Maize_directory_epoch2000,6,TGCCCT,107,7.670250896057347e-05
Maize_directory_epoch2000,6,TGCCGA,194,0.00013906810035842294
Maize_directory_epoch2000,6,TGCCGC,140,0.0001003584229390681
Maize_directory_epoch2000,6,TGCCGG,149,0.00010681003584229391
Maize_directory_epoch2000,6,TGCCGT,146,0.00010465949820788531
Maize_directory_epoch2000,6,TGCCTA,112,8.028673835125448e-05
Maize_directory_epoch2000,6,TGCCTC,284,0.000203584229390681
Maize_directory_epoch2000,6,TGCCTG,99,7.096774193548388e-05
Maize_directory_epoch2000,6,TGCCTT,316,0.00022652329749103944
Maize_directory_epoch2000,6,TGCGAA,221,0.00015842293906810035
Maize_directory_epoch2000,6,TGCGAC,132,9.462365591397849e-05
Maize_directory_epoch2000,6,TGCGAG,124,8.888888888888889e-05
Maize_directory_epoch2000,6,TGCGAT,309,0.000221505376344086
Maize_directory_epoch2000,6,TGCGCA,50,3.5842293906810036e-05
Maize_directory_epoch2000,6,TGCGCC,96,6.881720430107527e-05
Maize_directory_epoch2000,6,TGCGCG,44,3.154121863799283e-05
Maize_directory_epoch2000,6,TGCGCT,133,9.53405017921147e-05
Maize_directory_epoch2000,6,TGCGGA,151,0.0001082437275985663
Maize_directory_epoch2000,6,TGCGGC,107,7.670250896057347e-05
Maize_directory_epoch2000,6,TGCGGG,37,2.6523297491039425e-05
Maize_directory_epoch2000,6,TGCGGT,129,9.247311827956989e-05
Maize_directory_epoch2000,6,TGCGTA,81,5.806451612903226e-05
Maize_directory_epoch2000,6,TGCGTC,194,0.00013906810035842294
Maize_directory_epoch2000,6,TGCGTG,93,6.666666666666667e-05
Maize_directory_epoch2000,6,TGCGTT,286,0.0002050179211469534
Maize_directory_epoch2000,6,TGCTAA,230,0.00016487455197132617
Maize_directory_epoch2000,6,TGCTAC,166,0.00011899641577060932
Maize_directory_epoch2000,6,TGCTAG,134,9.60573476702509e-05
Maize_directory_epoch2000,6,TGCTAT,277,0.0001985663082437276
Maize_directory_epoch2000,6,TGCTCA,269,0.000192831541218638
Maize_directory_epoch2000,6,TGCTCC,378,0.00027096774193548386
Maize_directory_epoch2000,6,TGCTCG,234,0.00016774193548387096
Maize_directory_epoch2000,6,TGCTCT,576,0.0004129032258064516
Maize_directory_epoch2000,6,TGCTGA,321,0.00023010752688172042
Maize_directory_epoch2000,6,TGCTGC,209,0.00014982078853046594
Maize_directory_epoch2000,6,TGCTGG,161,0.00011541218637992832
Maize_directory_epoch2000,6,TGCTGT,320,0.00022939068100358422
Maize_directory_epoch2000,6,TGCTTA,337,0.00024157706093189964
Maize_directory_epoch2000,6,TGCTTC,859,0.0006157706093189964
Maize_directory_epoch2000,6,TGCTTG,366,0.00026236559139784945
Maize_directory_epoch2000,6,TGCTTT,978,0.0007010752688172043
Maize_directory_epoch2000,6,TGGAAA,498,0.00035698924731182797
Maize_directory_epoch2000,6,TGGAAC,246,0.00017634408602150537
Maize_directory_epoch2000,6,TGGAAG,298,0.00021362007168458782
Maize_directory_epoch2000,6,TGGAAT,493,0.00035340501792114693
Maize_directory_epoch2000,6,TGGACA,159,0.00011397849462365592
Maize_directory_epoch2000,6,TGGACC,130,9.31899641577061e-05
Maize_directory_epoch2000,6,TGGACG,136,9.74910394265233e-05
Maize_directory_epoch2000,6,TGGACT,183,0.00013118279569892472
Maize_directory_epoch2000,6,TGGAGA,483,0.00034623655913978497
Maize_directory_epoch2000,6,TGGAGC,218,0.00015627240143369176
Maize_directory_epoch2000,6,TGGAGG,257,0.00018422939068100358
Maize_directory_epoch2000,6,TGGAGT,319,0.00022867383512544803
Maize_directory_epoch2000,6,TGGATA,342,0.0002451612903225806
Maize_directory_epoch2000,6,TGGATC,549,0.0003935483870967742
Maize_directory_epoch2000,6,TGGATG,298,0.00021362007168458782
Maize_directory_epoch2000,6,TGGATT,1052,0.0007541218637992831
Maize_directory_epoch2000,6,TGGCAA,190,0.00013620071684587813
Maize_directory_epoch2000,6,TGGCAC,112,8.028673835125448e-05
Maize_directory_epoch2000,6,TGGCAG,93,6.666666666666667e-05
Maize_directory_epoch2000,6,TGGCAT,168,0.00012043010752688172
Maize_directory_epoch2000,6,TGGCCA,147,0.0001053763440860215
Maize_directory_epoch2000,6,TGGCCC,82,5.8781362007168455e-05
Maize_directory_epoch2000,6,TGGCCG,126,9.032258064516129e-05
Maize_directory_epoch2000,6,TGGCCT,146,0.00010465949820788531
Maize_directory_epoch2000,6,TGGCGA,281,0.0002014336917562724
Maize_directory_epoch2000,6,TGGCGC,94,6.738351254480287e-05
Maize_directory_epoch2000,6,TGGCGG,191,0.00013691756272401435
Maize_directory_epoch2000,6,TGGCGT,168,0.00012043010752688172
Maize_directory_epoch2000,6,TGGCTA,170,0.00012186379928315412
Maize_directory_epoch2000,6,TGGCTC,267,0.0001913978494623656
Maize_directory_epoch2000,6,TGGCTG,174,0.00012473118279569893
Maize_directory_epoch2000,6,TGGCTT,432,0.00030967741935483873
Maize_directory_epoch2000,6,TGGGAA,326,0.00023369175627240143
Maize_directory_epoch2000,6,TGGGAC,102,7.311827956989248e-05
Maize_directory_epoch2000,6,TGGGAG,170,0.00012186379928315412
Maize_directory_epoch2000,6,TGGGAT,401,0.0002874551971326165
Maize_directory_epoch2000,6,TGGGCA,56,4.014336917562724e-05
Maize_directory_epoch2000,6,TGGGCC,88,6.308243727598566e-05
Maize_directory_epoch2000,6,TGGGCG,75,5.3763440860215054e-05
Maize_directory_epoch2000,6,TGGGCT,142,0.0001017921146953405
Maize_directory_epoch2000,6,TGGGGA,149,0.00010681003584229391
Maize_directory_epoch2000,6,TGGGGC,52,3.7275985663082435e-05
Maize_directory_epoch2000,6,TGGGGG,72,5.161290322580645e-05
Maize_directory_epoch2000,6,TGGGGT,207,0.00014838709677419355
Maize_directory_epoch2000,6,TGGGTA,160,0.00011469534050179211
Maize_directory_epoch2000,6,TGGGTC,210,0.00015053763440860216
Maize_directory_epoch2000,6,TGGGTG,174,0.00012473118279569893
Maize_directory_epoch2000,6,TGGGTT,757,0.0005426523297491039
Maize_directory_epoch2000,6,TGGTAA,285,0.00020430107526881721
Maize_directory_epoch2000,6,TGGTAC,141,0.0001010752688172043
Maize_directory_epoch2000,6,TGGTAG,175,0.00012544802867383513
Maize_directory_epoch2000,6,TGGTAT,357,0.0002559139784946237
Maize_directory_epoch2000,6,TGGTCA,234,0.00016774193548387096
Maize_directory_epoch2000,6,TGGTCC,183,0.00013118279569892472
Maize_directory_epoch2000,6,TGGTCG,167,0.00011971326164874551
Maize_directory_epoch2000,6,TGGTCT,374,0.00026810035842293907
Maize_directory_epoch2000,6,TGGTGA,494,0.0003541218637992832
Maize_directory_epoch2000,6,TGGTGC,161,0.00011541218637992832
Maize_directory_epoch2000,6,TGGTGG,325,0.00023297491039426523
Maize_directory_epoch2000,6,TGGTGT,412,0.0002953405017921147
Maize_directory_epoch2000,6,TGGTTA,483,0.00034623655913978497
Maize_directory_epoch2000,6,TGGTTC,652,0.00046738351254480286
Maize_directory_epoch2000,6,TGGTTG,539,0.0003863799283154122
Maize_directory_epoch2000,6,TGGTTT,1657,0.0011878136200716846
Maize_directory_epoch2000,6,TGTAAA,463,0.00033189964157706093
Maize_directory_epoch2000,6,TGTAAC,223,0.00015985663082437277
Maize_directory_epoch2000,6,TGTAAG,217,0.00015555555555555556
Maize_directory_epoch2000,6,TGTAAT,521,0.0003734767025089606
Maize_directory_epoch2000,6,TGTACA,183,0.00013118279569892472
Maize_directory_epoch2000,6,TGTACC,122,8.745519713261649e-05
Maize_directory_epoch2000,6,TGTACG,73,5.2329749103942654e-05
Maize_directory_epoch2000,6,TGTACT,250,0.00017921146953405018
Maize_directory_epoch2000,6,TGTAGA,321,0.00023010752688172042
Maize_directory_epoch2000,6,TGTAGC,146,0.00010465949820788531
Maize_directory_epoch2000,6,TGTAGG,130,9.31899641577061e-05
Maize_directory_epoch2000,6,TGTAGT,288,0.0002064516129032258
Maize_directory_epoch2000,6,TGTATA,342,0.0002451612903225806
Maize_directory_epoch2000,6,TGTATC,440,0.0003154121863799283
Maize_directory_epoch2000,6,TGTATG,290,0.0002078853046594982
Maize_directory_epoch2000,6,TGTATT,861,0.0006172043010752688
Maize_directory_epoch2000,6,TGTCAA,384,0.0002752688172043011
Maize_directory_epoch2000,6,TGTCAC,222,0.00015913978494623657
Maize_directory_epoch2000,6,TGTCAG,166,0.00011899641577060932
Maize_directory_epoch2000,6,TGTCAT,390,0.00027956989247311827
Maize_directory_epoch2000,6,TGTCCA,219,0.00015698924731182796
Maize_directory_epoch2000,6,TGTCCC,174,0.00012473118279569893
Maize_directory_epoch2000,6,TGTCCG,172,0.00012329749103942654
Maize_directory_epoch2000,6,TGTCCT,310,0.00022222222222222223
Maize_directory_epoch2000,6,TGTCGA,358,0.0002566308243727599
Maize_directory_epoch2000,6,TGTCGC,198,0.00014193548387096775
Maize_directory_epoch2000,6,TGTCGG,186,0.00013333333333333334
Maize_directory_epoch2000,6,TGTCGT,322,0.00023082437275985664
Maize_directory_epoch2000,6,TGTCTA,335,0.00024014336917562725
Maize_directory_epoch2000,6,TGTCTC,663,0.00047526881720430107
Maize_directory_epoch2000,6,TGTCTG,354,0.00025376344086021504
Maize_directory_epoch2000,6,TGTCTT,943,0.0006759856630824373
Maize_directory_epoch2000,6,TGTGAA,460,0.00032974910394265234
Maize_directory_epoch2000,6,TGTGAC,233,0.00016702508960573476
Maize_directory_epoch2000,6,TGTGAG,261,0.0001870967741935484
Maize_directory_epoch2000,6,TGTGAT,705,0.0005053763440860215
Maize_directory_epoch2000,6,TGTGCA,149,0.00010681003584229391
Maize_directory_epoch2000,6,TGTGCC,136,9.74910394265233e-05
Maize_directory_epoch2000,6,TGTGCG,106,7.598566308243728e-05
Maize_directory_epoch2000,6,TGTGCT,309,0.000221505376344086
Maize_directory_epoch2000,6,TGTGGA,361,0.00025878136200716847
Maize_directory_epoch2000,6,TGTGGC,173,0.00012401433691756273
Maize_directory_epoch2000,6,TGTGGG,168,0.00012043010752688172
Maize_directory_epoch2000,6,TGTGGT,430,0.0003082437275985663
Maize_directory_epoch2000,6,TGTGTA,341,0.00024444444444444443
Maize_directory_epoch2000,6,TGTGTC,342,0.0002451612903225806
Maize_directory_epoch2000,6,TGTGTG,356,0.00025519713261648743
Maize_directory_epoch2000,6,TGTGTT,1110,0.0007956989247311828
Maize_directory_epoch2000,6,TGTTAA,612,0.00043870967741935484
Maize_directory_epoch2000,6,TGTTAC,322,0.00023082437275985664
Maize_directory_epoch2000,6,TGTTAG,335,0.00024014336917562725
Maize_directory_epoch2000,6,TGTTAT,825,0.0005913978494623656
Maize_directory_epoch2000,6,TGTTCA,507,0.0003634408602150538
Maize_directory_epoch2000,6,TGTTCC,491,0.00035197132616487454
Maize_directory_epoch2000,6,TGTTCG,429,0.0003075268817204301
Maize_directory_epoch2000,6,TGTTCT,1183,0.0008480286738351254
Maize_directory_epoch2000,6,TGTTGA,846,0.0006064516129032258
Maize_directory_epoch2000,6,TGTTGC,419,0.0003003584229390681
Maize_directory_epoch2000,6,TGTTGG,494,0.0003541218637992832
Maize_directory_epoch2000,6,TGTTGT,1019,0.0007304659498207886
Maize_directory_epoch2000,6,TGTTTA,1119,0.0008021505376344086
Maize_directory_epoch2000,6,TGTTTC,1595,0.0011433691756272402
Maize_directory_epoch2000,6,TGTTTG,1308,0.0009376344086021505
Maize_directory_epoch2000,6,TGTTTT,3523,0.002525448028673835
Maize_directory_epoch2000,6,TTAAAA,948,0.0006795698924731183
Maize_directory_epoch2000,6,TTAAAC,471,0.00033763440860215055
Maize_directory_epoch2000,6,TTAAAG,490,0.00035125448028673834
Maize_directory_epoch2000,6,TTAAAT,1071,0.000767741935483871
Maize_directory_epoch2000,6,TTAACA,348,0.00024946236559139786
Maize_directory_epoch2000,6,TTAACC,286,0.0002050179211469534
Maize_directory_epoch2000,6,TTAACG,250,0.00017921146953405018
Maize_directory_epoch2000,6,TTAACT,461,0.00033046594982078854
Maize_directory_epoch2000,6,TTAAGA,552,0.0003956989247311828
Maize_directory_epoch2000,6,TTAAGC,285,0.00020430107526881721
Maize_directory_epoch2000,6,TTAAGG,241,0.00017275985663082438
Maize_directory_epoch2000,6,TTAAGT,527,0.00037777777777777777
Maize_directory_epoch2000,6,TTAATA,598,0.00042867383512544804
Maize_directory_epoch2000,6,TTAATC,789,0.0005655913978494624
Maize_directory_epoch2000,6,TTAATG,529,0.00037921146953405016
Maize_directory_epoch2000,6,TTAATT,1566,0.0011225806451612903
Maize_directory_epoch2000,6,TTACAA,399,0.0002860215053763441
Maize_directory_epoch2000,6,TTACAC,272,0.0001949820788530466
Maize_directory_epoch2000,6,TTACAG,167,0.00011971326164874551
Maize_directory_epoch2000,6,TTACAT,375,0.00026881720430107527
Maize_directory_epoch2000,6,TTACCA,305,0.00021863799283154122
Maize_directory_epoch2000,6,TTACCC,196,0.00014050179211469533
Maize_directory_epoch2000,6,TTACCG,209,0.00014982078853046594
Maize_directory_epoch2000,6,TTACCT,369,0.0002645161290322581
Maize_directory_epoch2000,6,TTACGA,325,0.00023297491039426523
Maize_directory_epoch2000,6,TTACGC,121,8.673835125448029e-05
Maize_directory_epoch2000,6,TTACGG,163,0.00011684587813620071
Maize_directory_epoch2000,6,TTACGT,266,0.0001906810035842294
Maize_directory_epoch2000,6,TTACTA,356,0.00025519713261648743
Maize_directory_epoch2000,6,TTACTC,583,0.00041792114695340504
Maize_directory_epoch2000,6,TTACTG,336,0.00024086021505376345
Maize_directory_epoch2000,6,TTACTT,766,0.0005491039426523298
Maize_directory_epoch2000,6,TTAGAA,552,0.0003956989247311828
Maize_directory_epoch2000,6,TTAGAC,241,0.00017275985663082438
Maize_directory_epoch2000,6,TTAGAG,362,0.00025949820788530466
Maize_directory_epoch2000,6,TTAGAT,918,0.0006580645161290323
Maize_directory_epoch2000,6,TTAGCA,189,0.00013548387096774193
Maize_directory_epoch2000,6,TTAGCC,182,0.00013046594982078853
Maize_directory_epoch2000,6,TTAGCG,147,0.0001053763440860215
Maize_directory_epoch2000,6,TTAGCT,400,0.0002867383512544803
Maize_directory_epoch2000,6,TTAGGA,295,0.0002114695340501792
Maize_directory_epoch2000,6,TTAGGC,131,9.39068100358423e-05
Maize_directory_epoch2000,6,TTAGGG,197,0.00014121863799283155
Maize_directory_epoch2000,6,TTAGGT,381,0.00027311827956989245
Maize_directory_epoch2000,6,TTAGTA,322,0.00023082437275985664
Maize_directory_epoch2000,6,TTAGTC,372,0.0002666666666666667
Maize_directory_epoch2000,6,TTAGTG,369,0.0002645161290322581
Maize_directory_epoch2000,6,TTAGTT,1003,0.0007189964157706093
Maize_directory_epoch2000,6,TTATAA,661,0.0004738351254480287
Maize_directory_epoch2000,6,TTATAC,278,0.00019928315412186379
Maize_directory_epoch2000,6,TTATAG,410,0.0002939068100358423
Maize_directory_epoch2000,6,TTATAT,953,0.0006831541218637993
Maize_directory_epoch2000,6,TTATCA,626,0.00044874551971326164
Maize_directory_epoch2000,6,TTATCC,501,0.00035913978494623655
Maize_directory_epoch2000,6,TTATCG,510,0.0003655913978494624
Maize_directory_epoch2000,6,TTATCT,1167,0.0008365591397849463
Maize_directory_epoch2000,6,TTATGA,648,0.00046451612903225807
Maize_directory_epoch2000,6,TTATGC,288,0.0002064516129032258
Maize_directory_epoch2000,6,TTATGG,489,0.00035053763440860214
Maize_directory_epoch2000,6,TTATGT,828,0.0005935483870967742
Maize_directory_epoch2000,6,TTATTA,938,0.0006724014336917563
Maize_directory_epoch2000,6,TTATTC,1039,0.0007448028673835126
Maize_directory_epoch2000,6,TTATTG,1044,0.0007483870967741936
Maize_directory_epoch2000,6,TTATTT,2641,0.0018931899641577061
Maize_directory_epoch2000,6,TTCAAA,1009,0.0007232974910394265
Maize_directory_epoch2000,6,TTCAAC,539,0.0003863799283154122
Maize_directory_epoch2000,6,TTCAAG,541,0.00038781362007168457
Maize_directory_epoch2000,6,TTCAAT,1170,0.0008387096774193549
Maize_directory_epoch2000,6,TTCACA,431,0.0003089605734767025
Maize_directory_epoch2000,6,TTCACC,477,0.00034193548387096773
Maize_directory_epoch2000,6,TTCACG,282,0.0002021505376344086
Maize_directory_epoch2000,6,TTCACT,653,0.00046810035842293905
Maize_directory_epoch2000,6,TTCAGA,572,0.0004100358422939068
Maize_directory_epoch2000,6,TTCAGC,285,0.00020430107526881721
Maize_directory_epoch2000,6,TTCAGG,212,0.00015197132616487455
Maize_directory_epoch2000,6,TTCAGT,426,0.0003053763440860215
Maize_directory_epoch2000,6,TTCATA,538,0.000385663082437276
Maize_directory_epoch2000,6,TTCATC,1054,0.0007555555555555555
Maize_directory_epoch2000,6,TTCATG,544,0.0003899641577060932
Maize_directory_epoch2000,6,TTCATT,1333,0.0009555555555555555
Maize_directory_epoch2000,6,TTCCAA,713,0.0005111111111111112
Maize_directory_epoch2000,6,TTCCAC,419,0.0003003584229390681
Maize_directory_epoch2000,6,TTCCAG,317,0.00022724014336917563
Maize_directory_epoch2000,6,TTCCAT,714,0.0005118279569892474
Maize_directory_epoch2000,6,TTCCCA,440,0.0003154121863799283
Maize_directory_epoch2000,6,TTCCCC,375,0.00026881720430107527
Maize_directory_epoch2000,6,TTCCCG,306,0.00021935483870967742
Maize_directory_epoch2000,6,TTCCCT,601,0.0004308243727598566
Maize_directory_epoch2000,6,TTCCGA,546,0.0003913978494623656
Maize_directory_epoch2000,6,TTCCGC,329,0.00023584229390681005
Maize_directory_epoch2000,6,TTCCGG,306,0.00021935483870967742
Maize_directory_epoch2000,6,TTCCGT,522,0.0003741935483870968
Maize_directory_epoch2000,6,TTCCTA,525,0.0003763440860215054
Maize_directory_epoch2000,6,TTCCTC,1264,0.0009060931899641578
Maize_directory_epoch2000,6,TTCCTG,475,0.00034050179211469534
Maize_directory_epoch2000,6,TTCCTT,1299,0.0009311827956989247
Maize_directory_epoch2000,6,TTCGAA,739,0.0005297491039426524
Maize_directory_epoch2000,6,TTCGAC,405,0.00029032258064516127
Maize_directory_epoch2000,6,TTCGAG,425,0.0003046594982078853
Maize_directory_epoch2000,6,TTCGAT,1240,0.0008888888888888889
Maize_directory_epoch2000,6,TTCGCA,239,0.00017132616487455196
Maize_directory_epoch2000,6,TTCGCC,344,0.00024659498207885307
Maize_directory_epoch2000,6,TTCGCG,173,0.00012401433691756273
Maize_directory_epoch2000,6,TTCGCT,557,0.0003992831541218638
Maize_directory_epoch2000,6,TTCGGA,422,0.0003025089605734767
Maize_directory_epoch2000,6,TTCGGC,248,0.00017777777777777779
Maize_directory_epoch2000,6,TTCGGG,172,0.00012329749103942654
Maize_directory_epoch2000,6,TTCGGT,478,0.00034265232974910393
Maize_directory_epoch2000,6,TTCGTA,367,0.00026308243727598564
Maize_directory_epoch2000,6,TTCGTC,713,0.0005111111111111112
Maize_directory_epoch2000,6,TTCGTG,422,0.0003025089605734767
Maize_directory_epoch2000,6,TTCGTT,1259,0.0009025089605734767
Maize_directory_epoch2000,6,TTCTAA,776,0.0005562724014336918
Maize_directory_epoch2000,6,TTCTAC,558,0.0004
Maize_directory_epoch2000,6,TTCTAG,519,0.0003720430107526882
Maize_directory_epoch2000,6,TTCTAT,1078,0.0007727598566308244
Maize_directory_epoch2000,6,TTCTCA,1119,0.0008021505376344086
Maize_directory_epoch2000,6,TTCTCC,1599,0.001146236559139785
Maize_directory_epoch2000,6,TTCTCG,898,0.0006437275985663083
Maize_directory_epoch2000,6,TTCTCT,3011,0.0021584229390681003
Maize_directory_epoch2000,6,TTCTGA,955,0.0006845878136200717
Maize_directory_epoch2000,6,TTCTGC,570,0.00040860215053763443
Maize_directory_epoch2000,6,TTCTGG,583,0.00041792114695340504
Maize_directory_epoch2000,6,TTCTGT,1193,0.0008551971326164875
Maize_directory_epoch2000,6,TTCTTA,1190,0.0008530465949820789
Maize_directory_epoch2000,6,TTCTTC,3191,0.0022874551971326165
Maize_directory_epoch2000,6,TTCTTG,1442,0.0010336917562724015
Maize_directory_epoch2000,6,TTCTTT,3522,0.002524731182795699
Maize_directory_epoch2000,6,TTGAAA,903,0.0006473118279569892
Maize_directory_epoch2000,6,TTGAAC,372,0.0002666666666666667
Maize_directory_epoch2000,6,TTGAAG,580,0.0004157706093189964
Maize_directory_epoch2000,6,TTGAAT,1169,0.0008379928315412187
Maize_directory_epoch2000,6,TTGACA,323,0.00023154121863799284
Maize_directory_epoch2000,6,TTGACC,221,0.00015842293906810035
Maize_directory_epoch2000,6,TTGACG,258,0.00018494623655913978
Maize_directory_epoch2000,6,TTGACT,479,0.0003433691756272401
Maize_directory_epoch2000,6,TTGAGA,657,0.0004709677419354839
Maize_directory_epoch2000,6,TTGAGC,252,0.00018064516129032257
Maize_directory_epoch2000,6,TTGAGG,330,0.00023655913978494624
Maize_directory_epoch2000,6,TTGAGT,670,0.0004802867383512545
Maize_directory_epoch2000,6,TTGATA,703,0.0005039426523297491
Maize_directory_epoch2000,6,TTGATC,1103,0.0007906810035842294
Maize_directory_epoch2000,6,TTGATG,802,0.000574910394265233
Maize_directory_epoch2000,6,TTGATT,2597,0.0018616487455197133
Maize_directory_epoch2000,6,TTGCAA,374,0.00026810035842293907
Maize_directory_epoch2000,6,TTGCAC,165,0.00011827956989247312
Maize_directory_epoch2000,6,TTGCAG,216,0.00015483870967741937
Maize_directory_epoch2000,6,TTGCAT,377,0.00027025089605734766
Maize_directory_epoch2000,6,TTGCCA,285,0.00020430107526881721
Maize_directory_epoch2000,6,TTGCCC,154,0.0001103942652329749
Maize_directory_epoch2000,6,TTGCCG,235,0.00016845878136200718
Maize_directory_epoch2000,6,TTGCCT,321,0.00023010752688172042
Maize_directory_epoch2000,6,TTGCGA,319,0.00022867383512544803
Maize_directory_epoch2000,6,TTGCGC,129,9.247311827956989e-05
Maize_directory_epoch2000,6,TTGCGG,167,0.00011971326164874551
Maize_directory_epoch2000,6,TTGCGT,284,0.000203584229390681
Maize_directory_epoch2000,6,TTGCTA,359,0.00025734767025089607
Maize_directory_epoch2000,6,TTGCTC,619,0.00044372759856630827
Maize_directory_epoch2000,6,TTGCTG,444,0.00031827956989247314
Maize_directory_epoch2000,6,TTGCTT,1192,0.0008544802867383513
Maize_directory_epoch2000,6,TTGGAA,617,0.0004422939068100358
Maize_directory_epoch2000,6,TTGGAC,233,0.00016702508960573476
Maize_directory_epoch2000,6,TTGGAG,465,0.0003333333333333333
Maize_directory_epoch2000,6,TTGGAT,1088,0.0007799283154121864
Maize_directory_epoch2000,6,TTGGCA,198,0.00014193548387096775
Maize_directory_epoch2000,6,TTGGCC,174,0.00012473118279569893
Maize_directory_epoch2000,6,TTGGCG,188,0.00013476702508960573
Maize_directory_epoch2000,6,TTGGCT,417,0.0002989247311827957
Maize_directory_epoch2000,6,TTGGGA,443,0.0003175627240143369
Maize_directory_epoch2000,6,TTGGGC,156,0.00011182795698924731
Maize_directory_epoch2000,6,TTGGGG,217,0.00015555555555555556
Maize_directory_epoch2000,6,TTGGGT,688,0.0004931899641577061
Maize_directory_epoch2000,6,TTGGTA,454,0.0003254480286738351
Maize_directory_epoch2000,6,TTGGTC,409,0.0002931899641577061
Maize_directory_epoch2000,6,TTGGTG,573,0.000410752688172043
Maize_directory_epoch2000,6,TTGGTT,1698,0.0012172043010752688
Maize_directory_epoch2000,6,TTGTAA,634,0.00045448028673835127
Maize_directory_epoch2000,6,TTGTAC,285,0.00020430107526881721
Maize_directory_epoch2000,6,TTGTAG,363,0.00026021505376344086
Maize_directory_epoch2000,6,TTGTAT,914,0.0006551971326164875
Maize_directory_epoch2000,6,TTGTCA,479,0.0003433691756272401
Maize_directory_epoch2000,6,TTGTCC,362,0.00025949820788530466
Maize_directory_epoch2000,6,TTGTCG,429,0.0003075268817204301
Maize_directory_epoch2000,6,TTGTCT,1026,0.0007354838709677419
Maize_directory_epoch2000,6,TTGTGA,764,0.0005476702508960574
Maize_directory_epoch2000,6,TTGTGC,331,0.00023727598566308244
Maize_directory_epoch2000,6,TTGTGG,506,0.00036272401433691754
Maize_directory_epoch2000,6,TTGTGT,1114,0.0007985663082437276
Maize_directory_epoch2000,6,TTGTTA,1024,0.0007340501792114695
Maize_directory_epoch2000,6,TTGTTC,1278,0.0009161290322580645
Maize_directory_epoch2000,6,TTGTTG,1387,0.0009942652329749104
Maize_directory_epoch2000,6,TTGTTT,3944,0.0028272401433691754
Maize_directory_epoch2000,6,TTTAAA,1219,0.0008738351254480287
Maize_directory_epoch2000,6,TTTAAC,540,0.0003870967741935484
Maize_directory_epoch2000,6,TTTAAG,594,0.00042580645161290325
Maize_directory_epoch2000,6,TTTAAT,1577,0.0011304659498207886
Maize_directory_epoch2000,6,TTTACA,499,0.00035770609318996416
Maize_directory_epoch2000,6,TTTACC,422,0.0003025089605734767
Maize_directory_epoch2000,6,TTTACG,346,0.00024802867383512547
Maize_directory_epoch2000,6,TTTACT,869,0.0006229390681003584
Maize_directory_epoch2000,6,TTTAGA,901,0.0006458781362007168
Maize_directory_epoch2000,6,TTTAGC,381,0.00027311827956989245
Maize_directory_epoch2000,6,TTTAGG,448,0.00032114695340501793
Maize_directory_epoch2000,6,TTTAGT,967,0.0006931899641577061
Maize_directory_epoch2000,6,TTTATA,1069,0.0007663082437275986
Maize_directory_epoch2000,6,TTTATC,1261,0.0009039426523297491
Maize_directory_epoch2000,6,TTTATG,1012,0.0007254480286738351
Maize_directory_epoch2000,6,TTTATT,2748,0.0019698924731182794
Maize_directory_epoch2000,6,TTTCAA,1243,0.0008910394265232975
Maize_directory_epoch2000,6,TTTCAC,708,0.0005075268817204301
Maize_directory_epoch2000,6,TTTCAG,553,0.000396415770609319
Maize_directory_epoch2000,6,TTTCAT,1341,0.0009612903225806452
Maize_directory_epoch2000,6,TTTCCA,850,0.0006093189964157706
Maize_directory_epoch2000,6,TTTCCC,641,0.00045949820788530464
Maize_directory_epoch2000,6,TTTCCG,629,0.00045089605734767023
Maize_directory_epoch2000,6,TTTCCT,1345,0.00096415770609319
Maize_directory_epoch2000,6,TTTCGA,1079,0.0007734767025089606
Maize_directory_epoch2000,6,TTTCGC,508,0.00036415770609319
Maize_directory_epoch2000,6,TTTCGG,504,0.00036129032258064514
Maize_directory_epoch2000,6,TTTCGT,1116,0.0008
Maize_directory_epoch2000,6,TTTCTA,1210,0.0008673835125448028
Maize_directory_epoch2000,6,TTTCTC,2702,0.0019369175627240143
Maize_directory_epoch2000,6,TTTCTG,1403,0.0010057347670250896
Maize_directory_epoch2000,6,TTTCTT,3920,0.0028100358422939067
Maize_directory_epoch2000,6,TTTGAA,1312,0.0009405017921146953
Maize_directory_epoch2000,6,TTTGAC,540,0.0003870967741935484
Maize_directory_epoch2000,6,TTTGAG,864,0.0006193548387096775
Maize_directory_epoch2000,6,TTTGAT,2532,0.0018150537634408603
Maize_directory_epoch2000,6,TTTGCA,494,0.0003541218637992832
Maize_directory_epoch2000,6,TTTGCC,405,0.00029032258064516127
Maize_directory_epoch2000,6,TTTGCG,355,0.00025448028673835123
Maize_directory_epoch2000,6,TTTGCT,1170,0.0008387096774193549
Maize_directory_epoch2000,6,TTTGGA,1151,0.000825089605734767
Maize_directory_epoch2000,6,TTTGGC,449,0.0003218637992831541
Maize_directory_epoch2000,6,TTTGGG,740,0.0005304659498207886
Maize_directory_epoch2000,6,TTTGGT,1654,0.001185663082437276
Maize_directory_epoch2000,6,TTTGTA,1076,0.000771326164874552
Maize_directory_epoch2000,6,TTTGTC,1089,0.0007806451612903226
Maize_directory_epoch2000,6,TTTGTG,1421,0.0010186379928315411
Maize_directory_epoch2000,6,TTTGTT,4017,0.002879569892473118
Maize_directory_epoch2000,6,TTTTAA,1607,0.0011519713261648745
Maize_directory_epoch2000,6,TTTTAC,888,0.0006365591397849463
Maize_directory_epoch2000,6,TTTTAG,1147,0.0008222222222222222
Maize_directory_epoch2000,6,TTTTAT,2737,0.001962007168458781
Maize_directory_epoch2000,6,TTTTCA,1556,0.0011154121863799283
Maize_directory_epoch2000,6,TTTTCC,1393,0.0009985663082437276
Maize_directory_epoch2000,6,TTTTCG,1201,0.0008609318996415771
Maize_directory_epoch2000,6,TTTTCT,3967,0.0028437275985663084
Maize_directory_epoch2000,6,TTTTGA,2247,0.001610752688172043
Maize_directory_epoch2000,6,TTTTGC,1048,0.0007512544802867384
Maize_directory_epoch2000,6,TTTTGG,1844,0.0013218637992831541
Maize_directory_epoch2000,6,TTTTGT,3623,0.002597132616487455
Maize_directory_epoch2000,6,TTTTTA,2853,0.002045161290322581
Maize_directory_epoch2000,6,TTTTTC,3613,0.002589964157706093
Maize_directory_epoch2000,6,TTTTTG,3965,0.002842293906810036
Maize_directory_epoch2000,6,TTTTTT,9559,0.006852329749103943
