model,epoch,record_index,gc,max_homopolymer,max_period2_repeat
Real reference,,0,0.4375,4,5
Real reference,,1,0.2375,6,6
Real reference,,2,0.33125,8,8
Real reference,,3,0.54375,5,5
Real reference,,4,0.3625,8,8
Real reference,,5,0.50625,4,6
Real reference,,6,0.5375,4,7
Real reference,,7,0.3375,5,5
Real reference,,8,0.35,8,8
Real reference,,9,0.425,4,6
Real reference,,10,0.40625,5,6
Real reference,,11,0.4125,5,6
Real reference,,12,0.34375,8,8
Real reference,,13,0.33125,5,5
Real reference,,14,0.425,4,5
Real reference,,15,0.43125,3,7
Real reference,,16,0.4,4,6
Real reference,,17,0.34375,4,5
Real reference,,18,0.375,5,6
Real reference,,19,0.28125,5,6
Real reference,,20,0.49375,3,5
Real reference,,21,0.53125,4,6
Real reference,,22,0.20625,6,6
Real reference,,23,0.45,3,4
Real reference,,24,0.35,5,10
Real reference,,25,0.3875,5,17
Real reference,,26,0.48125,4,4
Real reference,,27,0.5375,4,5
Real reference,,28,0.3875,6,6
Real reference,,29,0.49375,4,4
Real reference,,30,0.51875,3,4
Real reference,,31,0.375,5,7
Real reference,,32,0.4125,4,6
Real reference,,33,0.4375,4,5
Real reference,,34,0.3625,4,5
Real reference,,35,0.35,6,6
Real reference,,36,0.46875,5,5
Real reference,,37,0.2375,5,7
Real reference,,38,0.35,5,11
Real reference,,39,0.425,5,5
Real reference,,40,0.30625,10,10
Real reference,,41,0.43125,4,4
Real reference,,42,0.51875,4,5
Real reference,,43,0.33125,6,6
Real reference,,44,0.36875,5,5
Real reference,,45,0.525,5,5
Real reference,,46,0.4,8,8
Real reference,,47,0.36875,7,7
Real reference,,48,0.40625,7,7
Real reference,,49,0.20625,10,10
Real reference,,50,0.4125,4,5
Real reference,,51,0.39375,5,5
Real reference,,52,0.3,7,7
Real reference,,53,0.48125,5,7
Real reference,,54,0.475,5,5
Real reference,,55,0.30625,4,5
Real reference,,56,0.375,6,6
Real reference,,57,0.3125,5,5
Real reference,,58,0.25,7,7
Real reference,,59,0.36875,5,5
Real reference,,60,0.48125,3,5
Real reference,,61,0.2875,8,8
Real reference,,62,0.525,5,5
Real reference,,63,0.39375,4,4
Real reference,,64,0.3125,7,10
Real reference,,65,0.44375,3,5
Real reference,,66,0.35,5,5
Real reference,,67,0.33125,5,5
Real reference,,68,0.53125,3,5
Real reference,,69,0.5375,4,5
Real reference,,70,0.325,11,11
Real reference,,71,0.3375,4,5
Real reference,,72,0.31875,6,6
Real reference,,73,0.4,6,6
Real reference,,74,0.36875,7,7
Real reference,,75,0.3875,4,4
Real reference,,76,0.275,10,10
Real reference,,77,0.5125,4,4
Real reference,,78,0.45625,3,5
Real reference,,79,0.4,8,8
Real reference,,80,0.40625,5,5
Real reference,,81,0.31875,6,8
Real reference,,82,0.33125,8,8
Real reference,,83,0.3875,4,5
Real reference,,84,0.325,7,7
Real reference,,85,0.36875,8,8
Real reference,,86,0.35625,4,5
Real reference,,87,0.36875,4,7
Real reference,,88,0.25,11,11
Real reference,,89,0.375,5,5
Real reference,,90,0.45,4,5
Real reference,,91,0.28125,12,12
Real reference,,92,0.45,5,17
Real reference,,93,0.3875,9,9
Real reference,,94,0.325,4,4
Real reference,,95,0.5,4,7
Real reference,,96,0.51875,3,5
Real reference,,97,0.29375,7,11
Real reference,,98,0.46875,5,5
Real reference,,99,0.3875,7,7
Real reference,,100,0.26875,16,16
Real reference,,101,0.51875,4,7
Real reference,,102,0.4875,5,6
Real reference,,103,0.275,7,7
Real reference,,104,0.48125,4,6
Real reference,,105,0.55625,3,6
Real reference,,106,0.35,9,9
Real reference,,107,0.4125,4,8
Real reference,,108,0.425,4,6
Real reference,,109,0.375,5,6
Real reference,,110,0.34375,6,9
Real reference,,111,0.35625,7,7
Real reference,,112,0.35,9,9
Real reference,,113,0.40625,5,5
Real reference,,114,0.51875,6,6
Real reference,,115,0.33125,6,6
Real reference,,116,0.2875,6,8
Real reference,,117,0.3875,5,5
Real reference,,118,0.3625,4,12
Real reference,,119,0.3625,5,5
Real reference,,120,0.40625,4,7
Real reference,,121,0.35,5,12
Real reference,,122,0.5125,5,5
Real reference,,123,0.40625,4,7
Real reference,,124,0.35,4,4
Real reference,,125,0.51875,5,5
Real reference,,126,0.54375,3,5
Real reference,,127,0.4,5,5
Real reference,,128,0.41875,5,10
Real reference,,129,0.54375,5,5
Real reference,,130,0.40625,4,4
Real reference,,131,0.44375,4,8
Real reference,,132,0.3125,5,5
Real reference,,133,0.29375,12,12
Real reference,,134,0.34375,5,5
Real reference,,135,0.41875,4,5
Real reference,,136,0.41875,6,6
Real reference,,137,0.38125,4,6
Real reference,,138,0.40625,5,8
Real reference,,139,0.3,5,8
Real reference,,140,0.54375,3,4
Real reference,,141,0.35,4,7
Real reference,,142,0.3625,7,7
Real reference,,143,0.56875,3,10
Real reference,,144,0.4875,3,6
Real reference,,145,0.44375,6,6
Real reference,,146,0.4375,5,6
Real reference,,147,0.40625,4,5
Real reference,,148,0.29375,9,9
Real reference,,149,0.41875,5,7
Real reference,,150,0.46875,5,7
Real reference,,151,0.2,7,7
Real reference,,152,0.3,5,7
Real reference,,153,0.4375,5,5
Real reference,,154,0.34375,4,5
Real reference,,155,0.2375,11,11
Real reference,,156,0.11875,8,8
Real reference,,157,0.21875,14,14
Real reference,,158,0.3125,5,5
Real reference,,159,0.4375,4,4
Real reference,,160,0.30625,10,10
Real reference,,161,0.41875,7,7
Real reference,,162,0.325,4,5
Real reference,,163,0.23125,6,6
Real reference,,164,0.3875,4,7
Real reference,,165,0.55,5,5
Real reference,,166,0.24375,9,9
Real reference,,167,0.45,7,7
Real reference,,168,0.525,4,5
Real reference,,169,0.35,5,6
Real reference,,170,0.3,5,5
Real reference,,171,0.41875,9,9
Real reference,,172,0.33125,7,7
Real reference,,173,0.45625,4,8
Real reference,,174,0.3125,6,6
Real reference,,175,0.275,13,13
Real reference,,176,0.3875,6,8
Real reference,,177,0.30625,5,7
Real reference,,178,0.44375,4,6
Real reference,,179,0.425,4,5
Real reference,,180,0.38125,5,5
Real reference,,181,0.15625,8,9
Real reference,,182,0.475,8,8
Real reference,,183,0.325,4,5
Real reference,,184,0.3,6,7
Real reference,,185,0.49375,4,6
Real reference,,186,0.4875,4,6
Real reference,,187,0.30625,7,7
Real reference,,188,0.35625,5,7
Real reference,,189,0.3875,6,6
Real reference,,190,0.325,5,5
Real reference,,191,0.45,3,9
Real reference,,192,0.41875,5,6
Real reference,,193,0.30625,5,10
Real reference,,194,0.36875,7,7
Real reference,,195,0.40625,6,8
Real reference,,196,0.2,6,10
Real reference,,197,0.58125,6,6
Real reference,,198,0.44375,5,5
Real reference,,199,0.36875,4,5
Real reference,,200,0.43125,5,5
Real reference,,201,0.39375,4,7
Real reference,,202,0.25,8,8
Real reference,,203,0.375,5,6
Real reference,,204,0.3375,4,5
Real reference,,205,0.25625,6,6
Real reference,,206,0.4125,4,13
Real reference,,207,0.3625,10,10
Real reference,,208,0.4125,7,7
Real reference,,209,0.43125,7,8
Real reference,,210,0.41875,5,6
Real reference,,211,0.325,6,6
Real reference,,212,0.475,4,5
Real reference,,213,0.55,3,6
Real reference,,214,0.36875,4,6
Real reference,,215,0.425,5,7
Real reference,,216,0.30625,4,5
Real reference,,217,0.2375,7,7
Real reference,,218,0.35,7,7
Real reference,,219,0.49375,4,8
Real reference,,220,0.43125,5,5
Real reference,,221,0.30625,7,7
Real reference,,222,0.34375,4,5
Real reference,,223,0.18125,6,8
Real reference,,224,0.5,4,5
Real reference,,225,0.34375,6,6
Real reference,,226,0.33125,6,6
Real reference,,227,0.43125,5,5
Real reference,,228,0.4,5,6
Real reference,,229,0.275,8,8
Real reference,,230,0.29375,4,5
Real reference,,231,0.31875,15,15
Real reference,,232,0.39375,6,6
Real reference,,233,0.43125,6,6
Real reference,,234,0.50625,7,7
Real reference,,235,0.33125,6,9
Real reference,,236,0.39375,5,6
Real reference,,237,0.38125,8,8
Real reference,,238,0.2125,6,6
Real reference,,239,0.39375,8,8
Real reference,,240,0.39375,4,5
Real reference,,241,0.23125,6,6
Real reference,,242,0.4625,4,7
Real reference,,243,0.425,4,5
Real reference,,244,0.425,4,6
Real reference,,245,0.44375,5,5
Real reference,,246,0.43125,4,5
Real reference,,247,0.39375,5,6
Real reference,,248,0.4125,3,6
Real reference,,249,0.44375,3,9
Real reference,,250,0.40625,5,7
Real reference,,251,0.35625,7,7
Real reference,,252,0.3875,6,6
Real reference,,253,0.46875,4,5
Real reference,,254,0.44375,4,8
Real reference,,255,0.33125,7,7
Real reference,,256,0.36875,4,5
Real reference,,257,0.4,4,7
Real reference,,258,0.26875,6,6
Real reference,,259,0.3625,4,5
Real reference,,260,0.45625,5,6
Real reference,,261,0.2875,7,8
Real reference,,262,0.3875,6,8
Real reference,,263,0.375,7,7
Real reference,,264,0.28125,4,5
Real reference,,265,0.35,4,5
Real reference,,266,0.2875,5,5
Real reference,,267,0.3125,5,5
Real reference,,268,0.325,7,7
Real reference,,269,0.34375,4,6
Real reference,,270,0.30625,5,8
Real reference,,271,0.46875,4,7
Real reference,,272,0.56875,5,5
Real reference,,273,0.45625,8,8
Real reference,,274,0.4125,4,7
Real reference,,275,0.4875,6,6
Real reference,,276,0.2375,7,7
Real reference,,277,0.4125,4,5
Real reference,,278,0.45625,5,6
Real reference,,279,0.35,7,7
Real reference,,280,0.3625,7,7
Real reference,,281,0.44375,5,5
Real reference,,282,0.3,8,8
Real reference,,283,0.4375,5,5
Real reference,,284,0.4625,5,5
Real reference,,285,0.38125,5,5
Real reference,,286,0.40625,4,5
Real reference,,287,0.45,5,5
Real reference,,288,0.33125,5,7
Real reference,,289,0.49375,4,4
Real reference,,290,0.43125,5,6
Real reference,,291,0.38125,7,7
Real reference,,292,0.3375,4,5
Real reference,,293,0.33125,5,5
Real reference,,294,0.4,6,6
Real reference,,295,0.35,4,7
Real reference,,296,0.56875,4,5
Real reference,,297,0.45,6,7
Real reference,,298,0.3625,4,5
Real reference,,299,0.30625,4,5
Real reference,,300,0.2875,16,16
Real reference,,301,0.43125,5,5
Real reference,,302,0.45625,5,9
Real reference,,303,0.33125,6,7
Real reference,,304,0.35,8,8
Real reference,,305,0.525,5,9
Real reference,,306,0.35625,5,5
Real reference,,307,0.475,4,5
Real reference,,308,0.4375,3,6
Real reference,,309,0.46875,5,6
Real reference,,310,0.4125,5,6
Real reference,,311,0.31875,6,9
Real reference,,312,0.325,5,6
Real reference,,313,0.38125,5,5
Real reference,,314,0.41875,4,4
Real reference,,315,0.3625,5,5
Real reference,,316,0.525,4,6
Real reference,,317,0.5,3,7
Real reference,,318,0.36875,4,7
Real reference,,319,0.40625,5,6
Real reference,,320,0.43125,8,8
Real reference,,321,0.31875,6,6
Real reference,,322,0.3,10,10
Real reference,,323,0.425,4,6
Real reference,,324,0.325,4,4
Real reference,,325,0.40625,4,13
Real reference,,326,0.33125,8,8
Real reference,,327,0.34375,6,6
Real reference,,328,0.425,4,6
Real reference,,329,0.39375,5,5
Real reference,,330,0.35625,5,6
Real reference,,331,0.3375,5,7
Real reference,,332,0.4875,3,5
Real reference,,333,0.30625,10,10
Real reference,,334,0.40625,6,6
Real reference,,335,0.4625,5,5
Real reference,,336,0.3,10,10
Real reference,,337,0.36875,4,5
Real reference,,338,0.275,6,6
Real reference,,339,0.325,8,8
Real reference,,340,0.375,4,5
Real reference,,341,0.3375,5,5
Real reference,,342,0.3875,6,6
Real reference,,343,0.36875,5,7
Real reference,,344,0.3125,9,9
Real reference,,345,0.4,7,7
Real reference,,346,0.39375,4,7
Real reference,,347,0.4875,4,6
Real reference,,348,0.26875,6,6
Real reference,,349,0.41875,4,6
Real reference,,350,0.40625,4,4
Real reference,,351,0.3,7,7
Real reference,,352,0.39375,5,6
Real reference,,353,0.39375,6,6
Real reference,,354,0.29375,6,6
Real reference,,355,0.38125,5,5
Real reference,,356,0.34375,10,10
Real reference,,357,0.375,6,6
Real reference,,358,0.41875,5,6
Real reference,,359,0.3625,4,4
Real reference,,360,0.24375,5,5
Real reference,,361,0.29375,9,9
Real reference,,362,0.4375,4,4
Real reference,,363,0.29375,7,12
Real reference,,364,0.35,5,8
Real reference,,365,0.4375,6,6
Real reference,,366,0.33125,5,5
Real reference,,367,0.40625,4,5
Real reference,,368,0.3,6,7
Real reference,,369,0.41875,6,6
Real reference,,370,0.33125,7,7
Real reference,,371,0.31875,5,5
Real reference,,372,0.26875,9,9
Real reference,,373,0.3125,5,5
Real reference,,374,0.40625,4,12
Real reference,,375,0.33125,5,5
Real reference,,376,0.3875,4,5
Real reference,,377,0.35625,7,7
Real reference,,378,0.29375,5,6
Real reference,,379,0.425,4,5
Real reference,,380,0.39375,4,5
Real reference,,381,0.24375,8,8
Real reference,,382,0.43125,5,12
Real reference,,383,0.51875,3,6
Real reference,,384,0.34375,4,4
Real reference,,385,0.4,4,8
Real reference,,386,0.40625,7,7
Real reference,,387,0.2625,6,7
Real reference,,388,0.45625,6,7
Real reference,,389,0.35,5,8
Real reference,,390,0.3,7,7
Real reference,,391,0.4625,5,5
Real reference,,392,0.375,5,6
Real reference,,393,0.4625,4,5
Real reference,,394,0.375,5,5
Real reference,,395,0.3125,5,7
Real reference,,396,0.2375,6,7
Real reference,,397,0.45625,4,6
Real reference,,398,0.40625,4,6
Real reference,,399,0.44375,4,5
Real reference,,400,0.3625,4,7
Real reference,,401,0.3625,6,6
Real reference,,402,0.36875,4,4
Real reference,,403,0.41875,3,9
Real reference,,404,0.275,8,8
Real reference,,405,0.2,7,7
Real reference,,406,0.40625,5,6
Real reference,,407,0.425,4,8
Real reference,,408,0.2875,5,5
Real reference,,409,0.375,6,21
Real reference,,410,0.36875,5,5
Real reference,,411,0.30625,5,5
Real reference,,412,0.475,4,5
Real reference,,413,0.45625,4,4
Real reference,,414,0.44375,5,6
Real reference,,415,0.54375,4,4
Real reference,,416,0.49375,4,8
Real reference,,417,0.35625,4,4
Real reference,,418,0.3125,7,7
Real reference,,419,0.3375,21,21
Real reference,,420,0.19375,6,6
Real reference,,421,0.3875,17,17
Real reference,,422,0.39375,4,10
Real reference,,423,0.31875,5,8
Real reference,,424,0.40625,5,6
Real reference,,425,0.43125,4,4
Real reference,,426,0.35625,5,5
Real reference,,427,0.51875,4,4
Real reference,,428,0.5,4,6
Real reference,,429,0.36875,4,5
Real reference,,430,0.39375,6,6
Real reference,,431,0.4875,4,5
Real reference,,432,0.18125,14,14
Real reference,,433,0.3125,6,6
Real reference,,434,0.3625,9,9
Real reference,,435,0.275,9,9
Real reference,,436,0.5375,3,6
Real reference,,437,0.35625,7,7
Real reference,,438,0.31875,7,7
Real reference,,439,0.3125,4,5
Real reference,,440,0.3375,4,7
Real reference,,441,0.31875,5,7
Real reference,,442,0.34375,7,7
Real reference,,443,0.3125,5,5
Real reference,,444,0.3,7,7
Real reference,,445,0.40625,5,6
Real reference,,446,0.59375,4,5
Real reference,,447,0.31875,8,8
Real reference,,448,0.39375,5,6
Real reference,,449,0.43125,4,13
Real reference,,450,0.525,3,5
Real reference,,451,0.60625,4,8
Real reference,,452,0.43125,6,6
Real reference,,453,0.425,6,6
Real reference,,454,0.40625,5,7
Real reference,,455,0.34375,6,6
Real reference,,456,0.45625,9,9
Real reference,,457,0.50625,3,4
Real reference,,458,0.5,4,4
Real reference,,459,0.275,5,7
Real reference,,460,0.40625,5,5
Real reference,,461,0.49375,6,6
Real reference,,462,0.40625,4,6
Real reference,,463,0.4375,5,6
Real reference,,464,0.525,5,5
Real reference,,465,0.24375,7,7
Real reference,,466,0.3375,5,10
Real reference,,467,0.36875,4,5
Real reference,,468,0.325,7,7
Real reference,,469,0.4125,4,5
Real reference,,470,0.325,5,5
Real reference,,471,0.36875,6,6
Real reference,,472,0.39375,10,10
Real reference,,473,0.4125,5,5
Real reference,,474,0.31875,5,6
Real reference,,475,0.3375,5,5
Real reference,,476,0.33125,4,4
Real reference,,477,0.30625,6,6
Real reference,,478,0.49375,6,6
Real reference,,479,0.475,4,6
Real reference,,480,0.325,5,5
Real reference,,481,0.53125,4,5
Real reference,,482,0.53125,4,7
Real reference,,483,0.30625,5,5
Real reference,,484,0.45625,6,6
Real reference,,485,0.55,3,5
Real reference,,486,0.35,5,5
Real reference,,487,0.36875,5,7
Real reference,,488,0.30625,5,7
Real reference,,489,0.4875,6,6
Real reference,,490,0.3375,5,6
Real reference,,491,0.475,7,7
Real reference,,492,0.28125,6,6
Real reference,,493,0.38125,5,6
Real reference,,494,0.34375,5,11
Real reference,,495,0.3375,7,10
Real reference,,496,0.3875,5,6
Real reference,,497,0.375,6,6
Real reference,,498,0.31875,5,5
Real reference,,499,0.475,4,16
Real reference,,500,0.31875,6,6
Real reference,,501,0.35,7,7
Real reference,,502,0.4625,4,5
Real reference,,503,0.40625,4,4
Real reference,,504,0.2125,12,12
Real reference,,505,0.425,5,10
Real reference,,506,0.3875,7,7
Real reference,,507,0.46875,4,8
Real reference,,508,0.475,4,6
Real reference,,509,0.3,4,5
Real reference,,510,0.2875,10,10
Real reference,,511,0.35625,4,10
Real reference,,512,0.34375,6,10
Real reference,,513,0.30625,6,6
Real reference,,514,0.45625,5,5
Real reference,,515,0.4,5,6
Real reference,,516,0.29375,9,9
Real reference,,517,0.5,5,6
Real reference,,518,0.525,3,6
Real reference,,519,0.39375,6,32
Real reference,,520,0.38125,4,8
Real reference,,521,0.375,6,6
Real reference,,522,0.28125,6,6
Real reference,,523,0.475,5,5
Real reference,,524,0.4875,3,6
Real reference,,525,0.3375,4,6
Real reference,,526,0.45625,6,6
Real reference,,527,0.51875,4,5
Real reference,,528,0.2375,6,6
Real reference,,529,0.425,4,7
Real reference,,530,0.34375,5,6
Real reference,,531,0.26875,7,8
Real reference,,532,0.41875,4,7
Real reference,,533,0.43125,4,9
Real reference,,534,0.28125,7,7
Real reference,,535,0.4125,5,5
Real reference,,536,0.375,5,5
Real reference,,537,0.24375,18,18
Real reference,,538,0.5125,5,8
Real reference,,539,0.3,7,7
Real reference,,540,0.49375,5,5
Real reference,,541,0.45,6,6
Real reference,,542,0.3,4,6
Real reference,,543,0.53125,4,7
Real reference,,544,0.55,3,5
Real reference,,545,0.4,5,5
Real reference,,546,0.46875,4,7
Real reference,,547,0.4,7,7
Real reference,,548,0.46875,6,7
Real reference,,549,0.48125,4,12
Real reference,,550,0.45625,6,6
Real reference,,551,0.28125,5,8
Real reference,,552,0.31875,5,7
Real reference,,553,0.2875,5,5
Real reference,,554,0.325,4,6
Real reference,,555,0.475,6,6
Real reference,,556,0.4875,4,5
Real reference,,557,0.3375,6,6
Real reference,,558,0.325,7,7
Real reference,,559,0.425,6,6
Real reference,,560,0.35625,4,8
Real reference,,561,0.55,3,5
Real reference,,562,0.53125,4,7
Real reference,,563,0.25625,9,9
Real reference,,564,0.30625,4,8
Real reference,,565,0.45,5,5
Real reference,,566,0.275,9,9
Real reference,,567,0.275,36,36
Real reference,,568,0.3875,6,6
Real reference,,569,0.2125,5,6
Real reference,,570,0.48125,8,8
Real reference,,571,0.45,3,5
Real reference,,572,0.26875,10,11
Real reference,,573,0.325,4,5
Real reference,,574,0.33125,7,7
Real reference,,575,0.275,16,16
Real reference,,576,0.36875,6,6
Real reference,,577,0.3375,10,10
Real reference,,578,0.26875,4,4
Real reference,,579,0.4625,5,13
Real reference,,580,0.3625,5,5
Real reference,,581,0.31875,7,7
Real reference,,582,0.28125,6,6
Real reference,,583,0.4375,4,5
Real reference,,584,0.35625,8,8
Real reference,,585,0.375,6,6
Real reference,,586,0.475,4,5
Real reference,,587,0.3375,6,6
Real reference,,588,0.44375,5,5
Real reference,,589,0.3375,5,12
Real reference,,590,0.31875,4,6
Real reference,,591,0.34375,4,16
Real reference,,592,0.35,4,5
Real reference,,593,0.25625,12,12
Real reference,,594,0.425,4,5
Real reference,,595,0.36875,6,6
Real reference,,596,0.25,13,13
Real reference,,597,0.30625,4,7
Real reference,,598,0.25625,5,7
Real reference,,599,0.3375,5,6
Real reference,,600,0.34375,5,5
Real reference,,601,0.36875,4,6
Real reference,,602,0.25625,4,6
Real reference,,603,0.49375,7,7
Real reference,,604,0.45,5,5
Real reference,,605,0.26875,6,6
Real reference,,606,0.35,6,6
Real reference,,607,0.3875,11,11
Real reference,,608,0.26875,7,8
Real reference,,609,0.45625,4,8
Real reference,,610,0.475,4,4
Real reference,,611,0.3125,8,8
Real reference,,612,0.3125,9,9
Real reference,,613,0.28125,8,8
Real reference,,614,0.3375,4,7
Real reference,,615,0.4375,3,5
Real reference,,616,0.39375,5,5
Real reference,,617,0.275,11,11
Real reference,,618,0.3875,5,5
Real reference,,619,0.55,4,6
Real reference,,620,0.34375,4,5
Real reference,,621,0.5875,4,5
Real reference,,622,0.46875,4,6
Real reference,,623,0.31875,6,6
Real reference,,624,0.3875,5,8
Real reference,,625,0.35625,6,6
Real reference,,626,0.36875,7,7
Real reference,,627,0.44375,5,5
Real reference,,628,0.43125,4,6
Real reference,,629,0.29375,8,8
Real reference,,630,0.4625,4,5
Real reference,,631,0.36875,4,7
Real reference,,632,0.3375,5,5
Real reference,,633,0.45,5,6
Real reference,,634,0.5,4,4
Real reference,,635,0.30625,5,5
Real reference,,636,0.3,6,10
Real reference,,637,0.375,6,6
Real reference,,638,0.3125,8,8
Real reference,,639,0.44375,4,6
Real reference,,640,0.30625,5,5
Real reference,,641,0.3,8,8
Real reference,,642,0.3625,9,9
Real reference,,643,0.4625,6,6
Real reference,,644,0.29375,10,10
Real reference,,645,0.5,4,4
Real reference,,646,0.49375,4,5
Real reference,,647,0.35,15,15
Real reference,,648,0.40625,5,6
Real reference,,649,0.50625,4,6
Real reference,,650,0.4,6,6
Real reference,,651,0.475,4,6
Real reference,,652,0.55,4,12
Real reference,,653,0.3,7,7
Real reference,,654,0.23125,9,9
Real reference,,655,0.375,6,11
Real reference,,656,0.21875,7,7
Real reference,,657,0.39375,5,10
Real reference,,658,0.50625,4,5
Real reference,,659,0.3375,4,6
Real reference,,660,0.35,4,6
Real reference,,661,0.5125,4,5
Real reference,,662,0.35625,4,5
Real reference,,663,0.43125,4,5
Real reference,,664,0.4,4,5
Real reference,,665,0.29375,7,7
Real reference,,666,0.51875,4,4
Real reference,,667,0.46875,4,10
Real reference,,668,0.2375,6,9
Real reference,,669,0.4375,4,5
Real reference,,670,0.4,4,5
Real reference,,671,0.4,8,8
Real reference,,672,0.4375,3,7
Real reference,,673,0.49375,4,5
Real reference,,674,0.26875,7,7
Real reference,,675,0.33125,6,6
Real reference,,676,0.43125,4,7
Real reference,,677,0.44375,3,4
Real reference,,678,0.5,8,8
Real reference,,679,0.55,4,5
Real reference,,680,0.375,4,7
Real reference,,681,0.39375,7,7
Real reference,,682,0.39375,5,5
Real reference,,683,0.3,9,9
Real reference,,684,0.4625,10,10
Real reference,,685,0.46875,4,5
Real reference,,686,0.2875,6,6
Real reference,,687,0.50625,4,5
Real reference,,688,0.50625,5,7
Real reference,,689,0.25625,8,8
Real reference,,690,0.475,6,6
Real reference,,691,0.3,5,5
Real reference,,692,0.40625,5,8
Real reference,,693,0.425,3,6
Real reference,,694,0.3125,9,9
Real reference,,695,0.3125,5,5
Real reference,,696,0.35,7,7
Real reference,,697,0.54375,4,6
Real reference,,698,0.19375,6,6
Real reference,,699,0.3,5,6
Real reference,,700,0.3375,6,6
Real reference,,701,0.3125,8,8
Real reference,,702,0.4875,5,7
Real reference,,703,0.34375,6,6
Real reference,,704,0.39375,4,5
Real reference,,705,0.39375,4,7
Real reference,,706,0.3875,6,6
Real reference,,707,0.29375,5,5
Real reference,,708,0.4375,5,5
Real reference,,709,0.4625,4,6
Real reference,,710,0.35625,5,5
Real reference,,711,0.54375,5,8
Real reference,,712,0.45625,4,4
Real reference,,713,0.30625,4,5
Real reference,,714,0.44375,5,5
Real reference,,715,0.45,5,5
Real reference,,716,0.3375,7,7
Real reference,,717,0.29375,9,9
Real reference,,718,0.3125,5,5
Real reference,,719,0.28125,7,7
Real reference,,720,0.41875,4,20
Real reference,,721,0.4875,5,5
Real reference,,722,0.3125,5,7
Real reference,,723,0.43125,5,5
Real reference,,724,0.4875,4,4
Real reference,,725,0.275,5,7
Real reference,,726,0.34375,5,5
Real reference,,727,0.325,4,4
Real reference,,728,0.3375,8,8
Real reference,,729,0.43125,4,4
Real reference,,730,0.375,5,5
Real reference,,731,0.3625,5,8
Real reference,,732,0.41875,5,29
Real reference,,733,0.3875,4,7
Real reference,,734,0.24375,8,8
Real reference,,735,0.41875,12,12
Real reference,,736,0.38125,5,7
Real reference,,737,0.2375,8,8
Real reference,,738,0.36875,10,10
Real reference,,739,0.3375,14,14
Real reference,,740,0.4,6,6
Real reference,,741,0.4125,3,6
Real reference,,742,0.425,4,6
Real reference,,743,0.31875,11,11
Real reference,,744,0.28125,8,8
Real reference,,745,0.39375,4,5
Real reference,,746,0.3625,6,6
Real reference,,747,0.35,5,7
Real reference,,748,0.3,4,6
Real reference,,749,0.3125,5,5
Real reference,,750,0.39375,7,7
Real reference,,751,0.425,4,4
Real reference,,752,0.425,4,5
Real reference,,753,0.4625,4,5
Real reference,,754,0.48125,4,6
Real reference,,755,0.26875,10,10
Real reference,,756,0.36875,5,5
Real reference,,757,0.3125,4,5
Real reference,,758,0.3,5,8
Real reference,,759,0.4125,5,5
Real reference,,760,0.525,4,5
Real reference,,761,0.3125,5,6
Real reference,,762,0.51875,5,5
Real reference,,763,0.4375,4,5
Real reference,,764,0.425,4,5
Real reference,,765,0.44375,4,5
Real reference,,766,0.44375,3,8
Real reference,,767,0.3,6,6
Real reference,,768,0.4125,3,5
Real reference,,769,0.4,4,6
Real reference,,770,0.225,6,6
Real reference,,771,0.475,5,7
Real reference,,772,0.475,5,7
Real reference,,773,0.24375,4,5
Real reference,,774,0.39375,5,7
Real reference,,775,0.375,5,5
Real reference,,776,0.2625,9,9
Real reference,,777,0.31875,6,9
Real reference,,778,0.38125,6,6
Real reference,,779,0.35,5,5
Real reference,,780,0.4,4,6
Real reference,,781,0.34375,6,6
Real reference,,782,0.3,9,9
Real reference,,783,0.44375,5,5
Real reference,,784,0.3375,6,7
Real reference,,785,0.28125,6,6
Real reference,,786,0.5,3,7
Real reference,,787,0.46875,3,5
Real reference,,788,0.4,5,8
Real reference,,789,0.43125,5,8
Real reference,,790,0.3375,14,14
Real reference,,791,0.2625,7,7
Real reference,,792,0.3375,8,8
Real reference,,793,0.3625,5,5
Real reference,,794,0.26875,10,10
Real reference,,795,0.44375,4,4
Real reference,,796,0.41875,5,5
Real reference,,797,0.36875,4,11
Real reference,,798,0.4375,4,5
Real reference,,799,0.4875,4,6
Real reference,,800,0.35,6,7
Real reference,,801,0.44375,5,6
Real reference,,802,0.35625,4,4
Real reference,,803,0.2875,5,7
Real reference,,804,0.29375,7,7
Real reference,,805,0.45625,5,6
Real reference,,806,0.4375,5,10
Real reference,,807,0.3375,4,4
Real reference,,808,0.3875,4,5
Real reference,,809,0.325,5,7
Real reference,,810,0.4125,7,7
Real reference,,811,0.41875,5,8
Real reference,,812,0.36875,5,5
Real reference,,813,0.49375,5,5
Real reference,,814,0.45625,3,5
Real reference,,815,0.30625,16,16
Real reference,,816,0.35625,6,6
Real reference,,817,0.3125,5,5
Real reference,,818,0.3875,6,6
Real reference,,819,0.44375,4,8
Real reference,,820,0.48125,4,5
Real reference,,821,0.35625,4,5
Real reference,,822,0.38125,9,9
Real reference,,823,0.31875,5,5
Real reference,,824,0.3,9,9
Real reference,,825,0.46875,4,6
Real reference,,826,0.40625,5,5
Real reference,,827,0.26875,8,8
Real reference,,828,0.45,3,5
Real reference,,829,0.475,3,5
Real reference,,830,0.3875,4,4
Real reference,,831,0.39375,7,7
Real reference,,832,0.50625,5,5
Real reference,,833,0.3875,3,5
Real reference,,834,0.3375,3,9
Real reference,,835,0.30625,5,9
Real reference,,836,0.325,5,5
Real reference,,837,0.4,3,7
Real reference,,838,0.4625,3,5
Real reference,,839,0.375,6,6
Real reference,,840,0.40625,3,5
Real reference,,841,0.38125,7,7
Real reference,,842,0.44375,5,5
Real reference,,843,0.41875,3,5
Real reference,,844,0.31875,5,5
Real reference,,845,0.25,6,6
Real reference,,846,0.3375,7,7
Real reference,,847,0.35625,4,8
Real reference,,848,0.3625,5,6
Real reference,,849,0.45,5,5
Real reference,,850,0.33125,4,5
Real reference,,851,0.25,8,8
Real reference,,852,0.34375,8,8
Real reference,,853,0.2875,10,10
Real reference,,854,0.40625,6,6
Real reference,,855,0.4375,7,7
Real reference,,856,0.34375,5,5
Real reference,,857,0.325,5,5
Real reference,,858,0.36875,4,8
Real reference,,859,0.5625,4,6
Real reference,,860,0.2625,8,8
Real reference,,861,0.4,5,7
Real reference,,862,0.45,6,7
Real reference,,863,0.4125,12,12
Real reference,,864,0.4,4,7
Real reference,,865,0.3,6,6
Real reference,,866,0.34375,5,11
Real reference,,867,0.29375,8,8
Real reference,,868,0.38125,9,9
Real reference,,869,0.45625,4,5
Real reference,,870,0.3625,7,7
Real reference,,871,0.325,4,6
Real reference,,872,0.3,4,4
Real reference,,873,0.33125,9,9
Real reference,,874,0.3375,5,7
Real reference,,875,0.26875,5,5
Real reference,,876,0.41875,5,10
Real reference,,877,0.35625,6,6
Real reference,,878,0.275,6,7
Real reference,,879,0.475,4,7
Real reference,,880,0.48125,5,6
Real reference,,881,0.33125,5,5
Real reference,,882,0.45625,4,6
Real reference,,883,0.54375,5,5
Real reference,,884,0.31875,5,7
Real reference,,885,0.41875,4,11
Real reference,,886,0.425,6,10
Real reference,,887,0.4125,5,5
Real reference,,888,0.43125,7,7
Real reference,,889,0.30625,7,7
Real reference,,890,0.2125,6,6
Real reference,,891,0.43125,10,10
Real reference,,892,0.4625,7,7
Real reference,,893,0.25,7,8
Real reference,,894,0.33125,8,8
Real reference,,895,0.46875,4,9
Real reference,,896,0.39375,5,6
Real reference,,897,0.33125,4,6
Real reference,,898,0.36875,5,6
Real reference,,899,0.38125,6,6
Real reference,,900,0.40625,3,7
Real reference,,901,0.4,3,5
Real reference,,902,0.25,8,8
Real reference,,903,0.475,6,8
Real reference,,904,0.51875,5,5
Real reference,,905,0.3,8,8
Real reference,,906,0.375,5,9
Real reference,,907,0.5125,3,5
Real reference,,908,0.3125,13,13
Real reference,,909,0.31875,6,6
Real reference,,910,0.39375,5,5
Real reference,,911,0.175,5,9
Real reference,,912,0.4125,4,5
Real reference,,913,0.54375,4,6
Real reference,,914,0.2625,9,9
Real reference,,915,0.41875,5,6
Real reference,,916,0.35625,4,4
Real reference,,917,0.38125,4,4
Real reference,,918,0.43125,5,5
Real reference,,919,0.39375,4,5
Real reference,,920,0.25,15,15
Real reference,,921,0.325,4,7
Real reference,,922,0.4875,4,5
Real reference,,923,0.3625,6,6
Real reference,,924,0.4375,4,6
Real reference,,925,0.36875,5,5
Real reference,,926,0.3125,9,9
Real reference,,927,0.4625,4,6
Real reference,,928,0.34375,5,5
Real reference,,929,0.2375,7,7
Real reference,,930,0.375,10,10
Real reference,,931,0.31875,10,10
Real reference,,932,0.275,8,8
Real reference,,933,0.43125,6,6
Real reference,,934,0.45,9,9
Real reference,,935,0.3375,6,7
Real reference,,936,0.43125,4,5
Real reference,,937,0.39375,5,6
Real reference,,938,0.45625,6,6
Real reference,,939,0.3875,4,5
Real reference,,940,0.3125,5,5
Real reference,,941,0.275,6,6
Real reference,,942,0.45,5,5
Real reference,,943,0.45625,4,6
Real reference,,944,0.2125,6,6
Real reference,,945,0.425,4,9
Real reference,,946,0.5125,4,5
Real reference,,947,0.34375,6,7
Real reference,,948,0.35625,8,8
Real reference,,949,0.28125,6,6
Real reference,,950,0.36875,5,5
Real reference,,951,0.35625,4,8
Real reference,,952,0.33125,6,6
Real reference,,953,0.225,6,6
Real reference,,954,0.48125,8,8
Real reference,,955,0.475,4,5
Real reference,,956,0.26875,8,9
Real reference,,957,0.46875,4,5
Real reference,,958,0.51875,3,4
Real reference,,959,0.41875,5,5
Real reference,,960,0.33125,11,11
Real reference,,961,0.5125,3,5
Real reference,,962,0.31875,10,10
Real reference,,963,0.38125,5,6
Real reference,,964,0.29375,10,10
Real reference,,965,0.2875,5,9
Real reference,,966,0.4375,5,13
Real reference,,967,0.375,4,7
Real reference,,968,0.3125,4,6
Real reference,,969,0.49375,5,8
Real reference,,970,0.35625,5,6
Real reference,,971,0.31875,6,10
Real reference,,972,0.35625,5,7
Real reference,,973,0.49375,4,5
Real reference,,974,0.24375,7,7
Real reference,,975,0.45625,3,11
Real reference,,976,0.49375,4,5
Real reference,,977,0.44375,5,5
Real reference,,978,0.4625,4,5
Real reference,,979,0.46875,4,5
Real reference,,980,0.4,5,6
Real reference,,981,0.30625,4,6
Real reference,,982,0.31875,5,5
Real reference,,983,0.275,9,9
Real reference,,984,0.39375,7,7
Real reference,,985,0.31875,9,9
Real reference,,986,0.325,5,6
Real reference,,987,0.375,5,6
Real reference,,988,0.45,5,6
Real reference,,989,0.4625,5,5
Real reference,,990,0.44375,5,6
Real reference,,991,0.3,5,6
Real reference,,992,0.40625,5,6
Real reference,,993,0.4125,5,6
Real reference,,994,0.5,3,5
Real reference,,995,0.325,9,9
Real reference,,996,0.45625,4,5
Real reference,,997,0.4,4,7
Real reference,,998,0.35,5,5
Real reference,,999,0.45,4,5
Real reference,,1000,0.46875,3,9
Real reference,,1001,0.3125,10,10
Real reference,,1002,0.39375,4,6
Real reference,,1003,0.38125,3,5
Real reference,,1004,0.29375,6,6
Real reference,,1005,0.40625,6,8
Real reference,,1006,0.3875,4,7
Real reference,,1007,0.33125,4,6
Real reference,,1008,0.3875,5,6
Real reference,,1009,0.46875,5,6
Real reference,,1010,0.26875,10,10
Real reference,,1011,0.375,9,10
Real reference,,1012,0.46875,4,5
Real reference,,1013,0.325,10,10
Real reference,,1014,0.3,5,5
Real reference,,1015,0.3125,5,6
Real reference,,1016,0.25625,7,7
Real reference,,1017,0.4125,4,9
Real reference,,1018,0.4,5,5
Real reference,,1019,0.1625,9,9
Real reference,,1020,0.38125,4,6
Real reference,,1021,0.36875,5,6
Real reference,,1022,0.275,13,13
Real reference,,1023,0.3,5,6
Real reference,,1024,0.28125,5,5
Real reference,,1025,0.3,6,6
Real reference,,1026,0.45625,5,8
Real reference,,1027,0.54375,4,4
Real reference,,1028,0.44375,4,5
Real reference,,1029,0.33125,5,6
Real reference,,1030,0.2375,8,8
Real reference,,1031,0.4375,5,5
Real reference,,1032,0.4,5,5
Real reference,,1033,0.4125,7,7
Real reference,,1034,0.25625,6,6
Real reference,,1035,0.40625,4,6
Real reference,,1036,0.44375,4,5
Real reference,,1037,0.36875,4,4
Real reference,,1038,0.4125,4,6
Real reference,,1039,0.4875,4,5
Real reference,,1040,0.2875,4,5
Real reference,,1041,0.34375,5,6
Real reference,,1042,0.39375,4,4
Real reference,,1043,0.325,11,11
Real reference,,1044,0.46875,5,7
Real reference,,1045,0.39375,3,5
Real reference,,1046,0.4,6,6
Real reference,,1047,0.36875,5,6
Real reference,,1048,0.45625,5,5
Real reference,,1049,0.30625,8,8
Real reference,,1050,0.39375,4,6
Real reference,,1051,0.31875,6,6
Real reference,,1052,0.26875,6,6
Real reference,,1053,0.36875,4,4
Real reference,,1054,0.36875,6,6
Real reference,,1055,0.25,7,7
Real reference,,1056,0.525,7,7
Real reference,,1057,0.59375,4,6
Real reference,,1058,0.28125,5,5
Real reference,,1059,0.4375,4,4
Real reference,,1060,0.375,5,5
Real reference,,1061,0.325,5,5
Real reference,,1062,0.43125,5,5
Real reference,,1063,0.36875,4,5
Real reference,,1064,0.30625,7,7
Real reference,,1065,0.575,3,6
Real reference,,1066,0.4125,3,6
Real reference,,1067,0.21875,7,7
Real reference,,1068,0.36875,4,6
Real reference,,1069,0.4375,3,5
Real reference,,1070,0.375,5,8
Real reference,,1071,0.36875,8,8
Real reference,,1072,0.38125,5,5
Real reference,,1073,0.275,6,6
Real reference,,1074,0.36875,7,7
Real reference,,1075,0.38125,5,5
Real reference,,1076,0.3625,6,6
Real reference,,1077,0.35,5,6
Real reference,,1078,0.46875,3,5
Real reference,,1079,0.33125,4,5
Real reference,,1080,0.475,4,4
Real reference,,1081,0.44375,4,5
Real reference,,1082,0.375,5,5
Real reference,,1083,0.34375,8,8
Real reference,,1084,0.5,4,5
Real reference,,1085,0.28125,6,6
Real reference,,1086,0.53125,5,5
Real reference,,1087,0.4375,7,7
Real reference,,1088,0.53125,4,6
Real reference,,1089,0.41875,5,5
Real reference,,1090,0.2875,6,6
Real reference,,1091,0.36875,6,6
Real reference,,1092,0.3375,6,6
Real reference,,1093,0.25,9,9
Real reference,,1094,0.4,6,6
Real reference,,1095,0.35,11,11
Real reference,,1096,0.3625,5,5
Real reference,,1097,0.375,5,5
Real reference,,1098,0.3125,4,7
Real reference,,1099,0.425,7,7
Real reference,,1100,0.44375,10,10
Real reference,,1101,0.40625,5,5
Real reference,,1102,0.3375,5,5
Real reference,,1103,0.49375,3,8
Real reference,,1104,0.4,4,9
Real reference,,1105,0.36875,5,5
Real reference,,1106,0.375,4,7
Real reference,,1107,0.3625,5,5
Real reference,,1108,0.34375,5,5
Real reference,,1109,0.55625,4,5
Real reference,,1110,0.4875,4,5
Real reference,,1111,0.38125,7,7
Real reference,,1112,0.35625,7,7
Real reference,,1113,0.40625,5,6
Real reference,,1114,0.21875,6,6
Real reference,,1115,0.50625,6,6
Real reference,,1116,0.45,4,8
Real reference,,1117,0.38125,6,6
Real reference,,1118,0.375,5,5
Real reference,,1119,0.475,3,6
Real reference,,1120,0.28125,9,9
Real reference,,1121,0.46875,4,9
Real reference,,1122,0.39375,5,5
Real reference,,1123,0.45,5,6
Real reference,,1124,0.3375,9,9
Real reference,,1125,0.36875,7,7
Real reference,,1126,0.31875,4,6
Real reference,,1127,0.575,4,6
Real reference,,1128,0.26875,5,7
Real reference,,1129,0.36875,6,6
Real reference,,1130,0.2875,7,7
Real reference,,1131,0.375,5,7
Real reference,,1132,0.3,15,15
Real reference,,1133,0.5,4,8
Real reference,,1134,0.4,5,10
Real reference,,1135,0.39375,5,5
Real reference,,1136,0.45,4,5
Real reference,,1137,0.5125,3,5
Real reference,,1138,0.20625,9,9
Real reference,,1139,0.4125,4,5
Real reference,,1140,0.45,4,6
Real reference,,1141,0.34375,7,7
Real reference,,1142,0.4625,4,5
Real reference,,1143,0.31875,4,7
Real reference,,1144,0.375,5,5
Real reference,,1145,0.375,5,7
Real reference,,1146,0.41875,4,7
Real reference,,1147,0.1875,10,10
Real reference,,1148,0.4,4,7
Real reference,,1149,0.35,5,5
Real reference,,1150,0.35,6,6
Real reference,,1151,0.425,4,7
Real reference,,1152,0.35625,5,5
Real reference,,1153,0.20625,5,5
Real reference,,1154,0.525,4,5
Real reference,,1155,0.45625,4,5
Real reference,,1156,0.225,7,7
Real reference,,1157,0.5125,4,5
Real reference,,1158,0.54375,5,5
Real reference,,1159,0.3875,5,5
Real reference,,1160,0.5,5,5
Real reference,,1161,0.49375,5,7
Real reference,,1162,0.44375,4,5
Real reference,,1163,0.4,6,6
Real reference,,1164,0.4125,5,7
Real reference,,1165,0.3375,8,8
Real reference,,1166,0.40625,5,5
Real reference,,1167,0.425,4,6
Real reference,,1168,0.325,8,8
Real reference,,1169,0.4125,4,7
Real reference,,1170,0.36875,5,6
Real reference,,1171,0.31875,4,5
Real reference,,1172,0.49375,7,7
Real reference,,1173,0.3,5,5
Real reference,,1174,0.425,4,5
Real reference,,1175,0.44375,4,6
Real reference,,1176,0.5375,3,5
Real reference,,1177,0.3,5,5
Real reference,,1178,0.475,5,7
Real reference,,1179,0.4375,4,5
Real reference,,1180,0.31875,5,5
Real reference,,1181,0.38125,4,6
Real reference,,1182,0.45625,5,6
Real reference,,1183,0.3875,4,8
Real reference,,1184,0.45,4,6
Real reference,,1185,0.375,5,5
Real reference,,1186,0.35625,5,7
Real reference,,1187,0.43125,5,5
Real reference,,1188,0.425,4,5
Real reference,,1189,0.35625,4,11
Real reference,,1190,0.39375,8,8
Real reference,,1191,0.41875,3,3
Real reference,,1192,0.38125,7,7
Real reference,,1193,0.41875,5,5
Real reference,,1194,0.40625,4,5
Real reference,,1195,0.2125,5,8
Real reference,,1196,0.3875,5,8
Real reference,,1197,0.43125,5,6
Real reference,,1198,0.34375,7,7
Real reference,,1199,0.45,5,7
Real reference,,1200,0.5,3,7
Real reference,,1201,0.275,8,9
Real reference,,1202,0.425,4,5
Real reference,,1203,0.39375,5,5
Real reference,,1204,0.24375,6,6
Real reference,,1205,0.3375,4,4
Real reference,,1206,0.35,5,11
Real reference,,1207,0.4,3,5
Real reference,,1208,0.45625,4,7
Real reference,,1209,0.39375,4,9
Real reference,,1210,0.2875,7,7
Real reference,,1211,0.35625,6,18
Real reference,,1212,0.225,5,7
Real reference,,1213,0.23125,6,6
Real reference,,1214,0.40625,5,6
Real reference,,1215,0.40625,5,5
Real reference,,1216,0.39375,7,7
Real reference,,1217,0.3375,5,8
Real reference,,1218,0.38125,4,4
Real reference,,1219,0.31875,6,12
Real reference,,1220,0.49375,3,9
Real reference,,1221,0.5125,4,5
Real reference,,1222,0.3,5,5
Real reference,,1223,0.43125,4,6
Real reference,,1224,0.475,3,5
Real reference,,1225,0.40625,4,4
Real reference,,1226,0.4625,4,5
Real reference,,1227,0.36875,5,7
Real reference,,1228,0.29375,12,12
Real reference,,1229,0.35,6,7
Real reference,,1230,0.38125,11,11
Real reference,,1231,0.29375,5,5
Real reference,,1232,0.35,5,5
Real reference,,1233,0.4125,4,6
Real reference,,1234,0.41875,5,6
Real reference,,1235,0.3625,5,5
Real reference,,1236,0.325,15,15
Real reference,,1237,0.40625,6,6
Real reference,,1238,0.475,4,6
Real reference,,1239,0.425,4,5
Real reference,,1240,0.30625,7,7
Real reference,,1241,0.39375,5,7
Real reference,,1242,0.45,4,4
Real reference,,1243,0.325,6,7
Real reference,,1244,0.45625,5,5
Real reference,,1245,0.4,14,14
Real reference,,1246,0.35,7,7
Real reference,,1247,0.4625,4,6
Real reference,,1248,0.425,5,5
Real reference,,1249,0.425,4,6
Real reference,,1250,0.475,5,8
Real reference,,1251,0.40625,5,5
Real reference,,1252,0.44375,3,6
Real reference,,1253,0.3375,4,5
Real reference,,1254,0.39375,5,5
Real reference,,1255,0.35,4,4
Real reference,,1256,0.4375,5,6
Real reference,,1257,0.425,4,7
Real reference,,1258,0.2125,9,9
Real reference,,1259,0.5625,4,4
Real reference,,1260,0.5125,3,6
Real reference,,1261,0.26875,9,9
Real reference,,1262,0.3375,10,10
Real reference,,1263,0.35625,13,13
Real reference,,1264,0.4375,5,5
Real reference,,1265,0.50625,3,4
Real reference,,1266,0.51875,4,4
Real reference,,1267,0.1625,11,11
Real reference,,1268,0.40625,7,7
Real reference,,1269,0.41875,4,8
Real reference,,1270,0.26875,7,7
Real reference,,1271,0.45,5,7
Real reference,,1272,0.36875,5,5
Real reference,,1273,0.375,7,7
Real reference,,1274,0.50625,3,5
Real reference,,1275,0.4375,4,5
Real reference,,1276,0.36875,5,5
Real reference,,1277,0.325,8,8
Real reference,,1278,0.35625,5,5
Real reference,,1279,0.3125,5,5
Real reference,,1280,0.26875,7,7
Real reference,,1281,0.425,5,6
Real reference,,1282,0.4,5,5
Real reference,,1283,0.5375,4,6
Real reference,,1284,0.4625,4,6
Real reference,,1285,0.4375,4,4
Real reference,,1286,0.44375,4,7
Real reference,,1287,0.375,5,7
Real reference,,1288,0.3375,5,5
Real reference,,1289,0.3875,14,14
Real reference,,1290,0.40625,9,9
Real reference,,1291,0.36875,4,5
Real reference,,1292,0.39375,8,8
Real reference,,1293,0.51875,4,6
Real reference,,1294,0.2125,6,6
Real reference,,1295,0.44375,5,5
Real reference,,1296,0.4875,4,5
Real reference,,1297,0.33125,6,6
Real reference,,1298,0.49375,5,6
Real reference,,1299,0.35625,5,5
Real reference,,1300,0.275,9,9
Real reference,,1301,0.3875,4,5
Real reference,,1302,0.3125,4,6
Real reference,,1303,0.1875,7,7
Real reference,,1304,0.51875,4,10
Real reference,,1305,0.48125,4,6
Real reference,,1306,0.425,4,6
Real reference,,1307,0.375,5,5
Real reference,,1308,0.40625,4,4
Real reference,,1309,0.425,3,7
Real reference,,1310,0.44375,4,14
Real reference,,1311,0.31875,18,18
Real reference,,1312,0.34375,5,5
Real reference,,1313,0.41875,6,6
Real reference,,1314,0.36875,4,4
Real reference,,1315,0.425,6,6
Real reference,,1316,0.625,3,5
Real reference,,1317,0.3625,5,6
Real reference,,1318,0.31875,5,6
Real reference,,1319,0.33125,4,5
Real reference,,1320,0.3625,5,5
Real reference,,1321,0.375,5,5
Real reference,,1322,0.5125,4,5
Real reference,,1323,0.425,4,5
Real reference,,1324,0.41875,5,6
Real reference,,1325,0.475,4,6
Real reference,,1326,0.43125,4,4
Real reference,,1327,0.45625,4,5
Real reference,,1328,0.4375,4,5
Real reference,,1329,0.3,7,7
Real reference,,1330,0.35625,7,7
Real reference,,1331,0.425,6,7
Real reference,,1332,0.39375,4,5
Real reference,,1333,0.21875,8,11
Real reference,,1334,0.425,4,6
Real reference,,1335,0.28125,5,8
Real reference,,1336,0.31875,5,6
Real reference,,1337,0.38125,5,10
Real reference,,1338,0.325,6,14
Real reference,,1339,0.25,9,9
Real reference,,1340,0.46875,5,5
Real reference,,1341,0.28125,8,8
Real reference,,1342,0.4,6,6
Real reference,,1343,0.43125,4,6
Real reference,,1344,0.3375,8,8
Real reference,,1345,0.3125,4,5
Real reference,,1346,0.35625,6,8
Real reference,,1347,0.26875,9,9
Real reference,,1348,0.31875,5,5
Real reference,,1349,0.4125,4,5
Real reference,,1350,0.4,6,10
Real reference,,1351,0.38125,8,8
Real reference,,1352,0.3625,5,6
Real reference,,1353,0.4875,4,5
Real reference,,1354,0.35625,5,5
Real reference,,1355,0.3875,4,5
Real reference,,1356,0.43125,4,5
Real reference,,1357,0.3375,6,9
Real reference,,1358,0.4375,4,7
Real reference,,1359,0.38125,5,6
Real reference,,1360,0.375,3,5
Real reference,,1361,0.38125,3,5
Real reference,,1362,0.425,4,5
Real reference,,1363,0.45625,5,8
Real reference,,1364,0.4375,6,6
Real reference,,1365,0.45,4,5
Real reference,,1366,0.30625,7,7
Real reference,,1367,0.4875,4,6
Real reference,,1368,0.43125,5,5
Real reference,,1369,0.3,4,7
Real reference,,1370,0.39375,4,5
Real reference,,1371,0.39375,4,6
Real reference,,1372,0.39375,6,6
Real reference,,1373,0.45,9,9
Real reference,,1374,0.45,5,7
Real reference,,1375,0.3875,5,5
Real reference,,1376,0.375,5,8
Real reference,,1377,0.3625,5,5
Real reference,,1378,0.41875,4,9
Real reference,,1379,0.36875,5,5
Real reference,,1380,0.43125,5,7
Real reference,,1381,0.36875,8,8
Real reference,,1382,0.4,4,4
Real reference,,1383,0.39375,5,5
Real reference,,1384,0.34375,5,6
Real reference,,1385,0.4125,5,6
Real reference,,1386,0.4875,5,5
Real reference,,1387,0.3125,6,6
Real reference,,1388,0.39375,5,11
Real reference,,1389,0.5625,4,5
Real reference,,1390,0.28125,14,14
Real reference,,1391,0.4125,4,5
Real reference,,1392,0.2625,10,10
Real reference,,1393,0.41875,4,5
Real reference,,1394,0.4625,3,6
Real reference,,1395,0.3875,4,4
Real reference,,1396,0.25625,6,10
Real reference,,1397,0.39375,5,5
Real reference,,1398,0.275,5,7
Real reference,,1399,0.2875,5,5
Real reference,,1400,0.4625,4,8
Real reference,,1401,0.5,5,5
Real reference,,1402,0.28125,11,11
Real reference,,1403,0.3625,5,5
Real reference,,1404,0.31875,7,10
Real reference,,1405,0.25,6,7
Real reference,,1406,0.44375,4,7
Real reference,,1407,0.55,4,5
Real reference,,1408,0.31875,5,5
Real reference,,1409,0.3375,6,6
Real reference,,1410,0.5,4,4
Real reference,,1411,0.3375,9,9
Real reference,,1412,0.38125,5,5
Real reference,,1413,0.4,6,6
Real reference,,1414,0.3625,6,6
Real reference,,1415,0.50625,4,5
Real reference,,1416,0.56875,3,5
Real reference,,1417,0.38125,8,8
Real reference,,1418,0.45625,4,5
Real reference,,1419,0.45,4,6
Real reference,,1420,0.3375,4,5
Real reference,,1421,0.45625,5,5
Real reference,,1422,0.45,4,5
Real reference,,1423,0.24375,8,8
Real reference,,1424,0.40625,5,5
Real reference,,1425,0.35,3,6
Real reference,,1426,0.3,5,5
Real reference,,1427,0.39375,4,5
Real reference,,1428,0.3875,4,5
Real reference,,1429,0.2875,6,6
Real reference,,1430,0.5625,5,5
Real reference,,1431,0.56875,3,5
Real reference,,1432,0.35625,7,7
Real reference,,1433,0.45625,3,4
Real reference,,1434,0.5125,4,4
Real reference,,1435,0.29375,11,11
Real reference,,1436,0.4375,6,6
Real reference,,1437,0.3625,4,5
Real reference,,1438,0.19375,6,6
Real reference,,1439,0.3375,9,9
Real reference,,1440,0.29375,5,7
Real reference,,1441,0.36875,5,5
Real reference,,1442,0.425,5,6
Real reference,,1443,0.43125,7,7
Real reference,,1444,0.4,5,5
Real reference,,1445,0.3375,7,7
Real reference,,1446,0.4,5,10
Real reference,,1447,0.2875,4,5
Real reference,,1448,0.425,4,7
Real reference,,1449,0.45625,4,7
Real reference,,1450,0.29375,6,6
Real reference,,1451,0.53125,3,4
Real reference,,1452,0.44375,4,5
Real reference,,1453,0.35,6,6
Real reference,,1454,0.30625,8,8
Real reference,,1455,0.3,6,7
Real reference,,1456,0.35,6,7
Real reference,,1457,0.39375,4,5
Real reference,,1458,0.325,4,4
Real reference,,1459,0.2625,11,11
Real reference,,1460,0.425,5,5
Real reference,,1461,0.475,5,6
Real reference,,1462,0.2625,6,6
Real reference,,1463,0.29375,5,5
Real reference,,1464,0.35625,6,6
Real reference,,1465,0.38125,4,4
Real reference,,1466,0.40625,5,5
Real reference,,1467,0.39375,5,5
Real reference,,1468,0.24375,6,7
Real reference,,1469,0.5375,4,8
Real reference,,1470,0.375,4,8
Real reference,,1471,0.23125,9,9
Real reference,,1472,0.475,4,5
Real reference,,1473,0.375,4,4
Real reference,,1474,0.2875,8,8
Real reference,,1475,0.40625,5,6
Real reference,,1476,0.28125,4,5
Real reference,,1477,0.35,7,7
Real reference,,1478,0.51875,4,10
Real reference,,1479,0.40625,4,5
Real reference,,1480,0.36875,5,6
Real reference,,1481,0.44375,4,5
Real reference,,1482,0.41875,3,6
Real reference,,1483,0.3125,6,6
Real reference,,1484,0.475,4,12
Real reference,,1485,0.4375,6,6
Real reference,,1486,0.41875,6,6
Real reference,,1487,0.4625,6,6
Real reference,,1488,0.48125,4,6
Real reference,,1489,0.3375,6,7
Real reference,,1490,0.44375,3,6
Real reference,,1491,0.4,4,6
Real reference,,1492,0.23125,5,5
Real reference,,1493,0.33125,14,14
Real reference,,1494,0.3375,9,9
Real reference,,1495,0.28125,11,11
Real reference,,1496,0.4375,4,7
Real reference,,1497,0.4125,4,5
Real reference,,1498,0.35625,8,8
Real reference,,1499,0.4625,4,7
Real reference,,1500,0.3375,6,6
Real reference,,1501,0.31875,6,7
Real reference,,1502,0.45625,5,7
Real reference,,1503,0.3375,5,5
Real reference,,1504,0.25625,4,8
Real reference,,1505,0.41875,5,8
Real reference,,1506,0.35625,5,5
Real reference,,1507,0.3,9,9
Real reference,,1508,0.4125,5,8
Real reference,,1509,0.40625,4,5
Real reference,,1510,0.41875,4,7
Real reference,,1511,0.3625,4,7
Real reference,,1512,0.36875,3,4
Real reference,,1513,0.39375,4,5
Real reference,,1514,0.4625,4,6
Real reference,,1515,0.4875,3,5
Real reference,,1516,0.2625,11,11
Real reference,,1517,0.5,4,7
Real reference,,1518,0.49375,3,5
Real reference,,1519,0.3,13,13
Real reference,,1520,0.26875,10,10
Real reference,,1521,0.48125,3,5
Real reference,,1522,0.33125,6,6
Real reference,,1523,0.4,4,7
Real reference,,1524,0.54375,4,5
Real reference,,1525,0.3375,6,6
Real reference,,1526,0.3375,5,11
Real reference,,1527,0.33125,7,7
Real reference,,1528,0.30625,5,5
Real reference,,1529,0.30625,5,5
Real reference,,1530,0.31875,5,6
Real reference,,1531,0.23125,10,10
Real reference,,1532,0.3875,6,6
Real reference,,1533,0.4,5,5
Real reference,,1534,0.3375,5,6
Real reference,,1535,0.43125,6,6
Real reference,,1536,0.325,5,5
Real reference,,1537,0.35,12,12
Real reference,,1538,0.46875,4,5
Real reference,,1539,0.5,5,7
Real reference,,1540,0.4375,5,7
Real reference,,1541,0.4,4,4
Real reference,,1542,0.36875,5,5
Real reference,,1543,0.325,5,6
Real reference,,1544,0.3375,5,6
Real reference,,1545,0.39375,4,10
Real reference,,1546,0.44375,5,6
Real reference,,1547,0.3625,5,5
Real reference,,1548,0.26875,5,5
Real reference,,1549,0.36875,7,7
Real reference,,1550,0.29375,4,4
Real reference,,1551,0.26875,8,8
Real reference,,1552,0.4,5,5
Real reference,,1553,0.48125,3,8
Real reference,,1554,0.35625,8,8
Real reference,,1555,0.45,4,7
Real reference,,1556,0.58125,3,6
Real reference,,1557,0.3375,12,12
Real reference,,1558,0.4625,5,5
Real reference,,1559,0.325,7,7
Real reference,,1560,0.29375,5,5
Real reference,,1561,0.525,5,7
Real reference,,1562,0.43125,3,5
Real reference,,1563,0.3875,4,4
Real reference,,1564,0.38125,5,11
Real reference,,1565,0.43125,6,7
Real reference,,1566,0.28125,7,7
Real reference,,1567,0.325,5,5
Real reference,,1568,0.3,7,7
Real reference,,1569,0.3125,7,7
Real reference,,1570,0.3,8,8
Real reference,,1571,0.25625,5,6
Real reference,,1572,0.4875,4,10
Real reference,,1573,0.55,5,5
Real reference,,1574,0.25625,7,7
Real reference,,1575,0.5375,4,8
Real reference,,1576,0.3875,5,6
Real reference,,1577,0.29375,15,15
Real reference,,1578,0.41875,10,10
Real reference,,1579,0.35,6,7
Real reference,,1580,0.3875,6,6
Real reference,,1581,0.525,3,8
Real reference,,1582,0.4,4,7
Real reference,,1583,0.28125,7,9
Real reference,,1584,0.3625,4,21
Real reference,,1585,0.40625,4,15
Real reference,,1586,0.3875,4,6
Real reference,,1587,0.425,5,5
Real reference,,1588,0.4625,4,6
Real reference,,1589,0.24375,11,11
Real reference,,1590,0.41875,4,12
Real reference,,1591,0.375,4,7
Real reference,,1592,0.3875,4,11
Real reference,,1593,0.4375,4,6
Real reference,,1594,0.4875,5,5
Real reference,,1595,0.4375,5,5
Real reference,,1596,0.3625,5,7
Real reference,,1597,0.45625,4,5
Real reference,,1598,0.34375,6,6
Real reference,,1599,0.3125,9,9
Real reference,,1600,0.33125,6,6
Real reference,,1601,0.36875,5,5
Real reference,,1602,0.5,5,6
Real reference,,1603,0.375,3,5
Real reference,,1604,0.2375,5,5
Real reference,,1605,0.29375,10,10
Real reference,,1606,0.28125,5,7
Real reference,,1607,0.3125,6,6
Real reference,,1608,0.48125,5,5
Real reference,,1609,0.475,5,7
Real reference,,1610,0.4375,6,6
Real reference,,1611,0.425,8,8
Real reference,,1612,0.5625,4,6
Real reference,,1613,0.39375,6,7
Real reference,,1614,0.3875,5,10
Real reference,,1615,0.4,5,7
Real reference,,1616,0.35625,5,5
Real reference,,1617,0.49375,3,4
Real reference,,1618,0.4,4,8
Real reference,,1619,0.25625,7,7
Real reference,,1620,0.44375,5,5
Real reference,,1621,0.4875,3,7
Real reference,,1622,0.375,5,5
Real reference,,1623,0.4,7,7
Real reference,,1624,0.35,12,12
Real reference,,1625,0.4375,4,5
Real reference,,1626,0.40625,4,6
Real reference,,1627,0.48125,4,6
Real reference,,1628,0.4125,4,5
Real reference,,1629,0.35625,5,5
Real reference,,1630,0.475,6,6
Real reference,,1631,0.41875,5,5
Real reference,,1632,0.3875,4,7
Real reference,,1633,0.3875,4,6
Real reference,,1634,0.45,4,7
Real reference,,1635,0.54375,3,5
Real reference,,1636,0.44375,4,8
Real reference,,1637,0.375,5,5
Real reference,,1638,0.5,4,13
Real reference,,1639,0.36875,5,5
Real reference,,1640,0.30625,9,9
Real reference,,1641,0.4625,5,5
Real reference,,1642,0.33125,6,6
Real reference,,1643,0.4125,4,5
Real reference,,1644,0.4,4,5
Real reference,,1645,0.39375,4,5
Real reference,,1646,0.325,4,5
Real reference,,1647,0.475,4,5
Real reference,,1648,0.39375,4,4
Real reference,,1649,0.3375,6,6
Real reference,,1650,0.41875,7,7
Real reference,,1651,0.4875,4,4
Real reference,,1652,0.3625,5,9
Real reference,,1653,0.48125,5,5
Real reference,,1654,0.33125,5,5
Real reference,,1655,0.35,4,7
Real reference,,1656,0.30625,5,6
Real reference,,1657,0.43125,4,4
Real reference,,1658,0.35625,6,6
Real reference,,1659,0.4375,4,5
Real reference,,1660,0.375,6,6
Real reference,,1661,0.375,5,5
Real reference,,1662,0.6,3,5
Real reference,,1663,0.3625,5,7
Real reference,,1664,0.28125,5,5
Real reference,,1665,0.4625,4,5
Real reference,,1666,0.4375,4,6
Real reference,,1667,0.4125,4,5
Real reference,,1668,0.5,3,7
Real reference,,1669,0.4625,4,5
Real reference,,1670,0.25625,5,8
Real reference,,1671,0.325,5,6
Real reference,,1672,0.325,10,10
Real reference,,1673,0.38125,6,6
Real reference,,1674,0.3375,4,7
Real reference,,1675,0.4125,4,5
Real reference,,1676,0.41875,5,5
Real reference,,1677,0.4375,4,5
Real reference,,1678,0.35,5,5
Real reference,,1679,0.3375,6,7
Real reference,,1680,0.3625,9,9
Real reference,,1681,0.40625,6,6
Real reference,,1682,0.23125,8,8
Real reference,,1683,0.475,3,9
Real reference,,1684,0.3375,6,6
Real reference,,1685,0.2375,9,9
Real reference,,1686,0.38125,6,6
Real reference,,1687,0.30625,9,9
Real reference,,1688,0.34375,5,5
Real reference,,1689,0.475,5,11
Real reference,,1690,0.35,6,6
Real reference,,1691,0.275,11,11
Real reference,,1692,0.38125,5,11
Real reference,,1693,0.31875,6,6
Real reference,,1694,0.3125,8,8
Real reference,,1695,0.5125,7,9
Real reference,,1696,0.30625,6,6
Real reference,,1697,0.3625,6,7
Real reference,,1698,0.33125,9,9
Real reference,,1699,0.4625,5,5
Real reference,,1700,0.30625,4,10
Real reference,,1701,0.45,5,5
Real reference,,1702,0.475,5,5
Real reference,,1703,0.28125,5,7
Real reference,,1704,0.425,5,5
Real reference,,1705,0.4375,4,5
Real reference,,1706,0.30625,7,7
Real reference,,1707,0.39375,3,7
Real reference,,1708,0.38125,5,6
Real reference,,1709,0.28125,6,6
Real reference,,1710,0.4125,5,6
Real reference,,1711,0.475,4,6
Real reference,,1712,0.23125,10,10
Real reference,,1713,0.38125,7,7
Real reference,,1714,0.3875,9,9
Real reference,,1715,0.38125,6,6
Real reference,,1716,0.4125,7,7
Real reference,,1717,0.46875,5,5
Real reference,,1718,0.3375,6,7
Real reference,,1719,0.39375,7,19
Real reference,,1720,0.48125,6,6
Real reference,,1721,0.21875,10,10
Real reference,,1722,0.43125,5,6
Real reference,,1723,0.4875,5,7
Real reference,,1724,0.3,7,7
Real reference,,1725,0.39375,5,5
Real reference,,1726,0.35625,4,4
Real reference,,1727,0.25,8,8
Real reference,,1728,0.4625,5,12
Real reference,,1729,0.35,6,7
Real reference,,1730,0.2125,7,7
Real reference,,1731,0.4625,6,6
Real reference,,1732,0.44375,5,5
Real reference,,1733,0.35625,5,5
Real reference,,1734,0.40625,5,5
Real reference,,1735,0.36875,5,8
Real reference,,1736,0.26875,8,8
Real reference,,1737,0.3625,5,6
Real reference,,1738,0.2875,6,6
Real reference,,1739,0.275,13,13
Real reference,,1740,0.35,8,8
Real reference,,1741,0.4625,6,6
Real reference,,1742,0.35,5,5
Real reference,,1743,0.46875,5,9
Real reference,,1744,0.375,4,6
Real reference,,1745,0.3625,5,5
Real reference,,1746,0.4125,6,8
Real reference,,1747,0.49375,3,5
Real reference,,1748,0.25,7,7
Real reference,,1749,0.45,6,8
Real reference,,1750,0.50625,4,4
Real reference,,1751,0.35,5,6
Real reference,,1752,0.43125,7,7
Real reference,,1753,0.38125,4,6
Real reference,,1754,0.3125,4,5
Real reference,,1755,0.35,8,8
Real reference,,1756,0.38125,4,7
Real reference,,1757,0.35625,9,9
Real reference,,1758,0.4125,5,6
Real reference,,1759,0.4625,5,5
Real reference,,1760,0.2,7,7
Real reference,,1761,0.51875,3,7
Real reference,,1762,0.56875,4,5
Real reference,,1763,0.3125,4,6
Real reference,,1764,0.35,7,7
Real reference,,1765,0.525,4,5
Real reference,,1766,0.425,5,7
Real reference,,1767,0.51875,4,6
Real reference,,1768,0.53125,3,5
Real reference,,1769,0.35,5,8
Real reference,,1770,0.375,4,4
Real reference,,1771,0.45,4,4
Real reference,,1772,0.26875,6,6
Real reference,,1773,0.45625,4,5
Real reference,,1774,0.48125,4,4
Real reference,,1775,0.28125,5,5
Real reference,,1776,0.5125,5,5
Real reference,,1777,0.4875,5,6
Real reference,,1778,0.3625,5,6
Real reference,,1779,0.4875,6,6
Real reference,,1780,0.53125,4,5
Real reference,,1781,0.375,5,5
Real reference,,1782,0.4125,3,8
Real reference,,1783,0.3625,6,6
Real reference,,1784,0.31875,5,5
Real reference,,1785,0.3875,5,5
Real reference,,1786,0.4625,3,5
Real reference,,1787,0.2625,4,5
Real reference,,1788,0.29375,8,8
Real reference,,1789,0.3,6,6
Real reference,,1790,0.21875,13,13
Real reference,,1791,0.48125,5,11
Real reference,,1792,0.50625,3,7
Real reference,,1793,0.4125,5,5
Real reference,,1794,0.45,4,6
Real reference,,1795,0.375,10,10
Real reference,,1796,0.33125,7,7
Real reference,,1797,0.35,10,10
Real reference,,1798,0.4375,3,6
Real reference,,1799,0.325,4,5
Real reference,,1800,0.28125,7,7
Real reference,,1801,0.3875,5,5
Real reference,,1802,0.25625,11,11
Real reference,,1803,0.54375,4,8
Real reference,,1804,0.35,6,6
Real reference,,1805,0.29375,8,8
Real reference,,1806,0.43125,7,10
Real reference,,1807,0.41875,5,7
Real reference,,1808,0.325,5,5
Real reference,,1809,0.45625,4,4
Real reference,,1810,0.625,3,5
Real reference,,1811,0.38125,7,7
Real reference,,1812,0.34375,6,7
Real reference,,1813,0.28125,6,6
Real reference,,1814,0.3625,5,5
Real reference,,1815,0.43125,4,5
Real reference,,1816,0.4375,4,6
Real reference,,1817,0.3125,7,8
Real reference,,1818,0.4,6,6
Real reference,,1819,0.55,5,5
Real reference,,1820,0.35,4,5
Real reference,,1821,0.36875,6,6
Real reference,,1822,0.44375,5,6
Real reference,,1823,0.2375,6,6
Real reference,,1824,0.4125,5,10
Real reference,,1825,0.31875,7,7
Real reference,,1826,0.3375,8,8
Real reference,,1827,0.3625,5,7
Real reference,,1828,0.33125,4,4
Real reference,,1829,0.2875,5,6
Real reference,,1830,0.4625,5,5
Real reference,,1831,0.50625,4,6
Real reference,,1832,0.325,12,12
Real reference,,1833,0.4,5,8
Real reference,,1834,0.45,4,5
Real reference,,1835,0.36875,6,6
Real reference,,1836,0.4125,4,15
Real reference,,1837,0.45,5,5
Real reference,,1838,0.3125,9,9
Real reference,,1839,0.38125,4,15
Real reference,,1840,0.31875,5,6
Real reference,,1841,0.325,5,5
Real reference,,1842,0.4875,4,6
Real reference,,1843,0.38125,9,9
Real reference,,1844,0.3375,5,5
Real reference,,1845,0.475,4,5
Real reference,,1846,0.375,5,5
Real reference,,1847,0.29375,7,7
Real reference,,1848,0.5,4,5
Real reference,,1849,0.40625,5,5
Real reference,,1850,0.3,7,7
Real reference,,1851,0.39375,4,6
Real reference,,1852,0.4375,4,8
Real reference,,1853,0.23125,6,8
Real reference,,1854,0.475,4,7
Real reference,,1855,0.325,5,7
Real reference,,1856,0.3375,6,8
Real reference,,1857,0.40625,7,7
Real reference,,1858,0.46875,3,5
Real reference,,1859,0.36875,5,5
Real reference,,1860,0.53125,4,5
Real reference,,1861,0.45625,5,5
Real reference,,1862,0.3375,10,10
Real reference,,1863,0.31875,7,7
Real reference,,1864,0.4125,3,6
Real reference,,1865,0.34375,8,9
Real reference,,1866,0.38125,4,7
Real reference,,1867,0.50625,4,4
Real reference,,1868,0.3125,6,10
Real reference,,1869,0.41875,4,5
Real reference,,1870,0.34375,5,6
Real reference,,1871,0.33125,14,14
Real reference,,1872,0.33125,5,5
Real reference,,1873,0.325,11,11
Real reference,,1874,0.25,6,6
Real reference,,1875,0.36875,6,6
Real reference,,1876,0.5,4,6
Real reference,,1877,0.35625,6,6
Real reference,,1878,0.4,5,15
Real reference,,1879,0.35,4,5
Real reference,,1880,0.35625,4,4
Real reference,,1881,0.5,3,4
Real reference,,1882,0.4875,5,5
Real reference,,1883,0.28125,5,8
Real reference,,1884,0.40625,5,6
Real reference,,1885,0.45,3,4
Real reference,,1886,0.30625,6,9
Real reference,,1887,0.375,5,5
Real reference,,1888,0.3,7,7
Real reference,,1889,0.35625,6,6
Real reference,,1890,0.40625,7,7
Real reference,,1891,0.4125,4,7
Real reference,,1892,0.3625,6,7
Real reference,,1893,0.39375,4,5
Real reference,,1894,0.48125,4,5
Real reference,,1895,0.35,5,5
Real reference,,1896,0.30625,7,9
Real reference,,1897,0.325,5,12
Real reference,,1898,0.21875,10,10
Real reference,,1899,0.33125,13,13
Real reference,,1900,0.2875,6,7
Real reference,,1901,0.34375,4,5
Real reference,,1902,0.5,5,6
Real reference,,1903,0.4125,6,6
Real reference,,1904,0.31875,14,14
Real reference,,1905,0.36875,4,5
Real reference,,1906,0.375,5,6
Real reference,,1907,0.35,6,6
Real reference,,1908,0.33125,8,8
Real reference,,1909,0.5,5,5
Real reference,,1910,0.26875,5,5
Real reference,,1911,0.43125,5,5
Real reference,,1912,0.35625,6,6
Real reference,,1913,0.275,5,6
Real reference,,1914,0.48125,7,18
Real reference,,1915,0.4,4,7
Real reference,,1916,0.43125,4,8
Real reference,,1917,0.4875,4,4
Real reference,,1918,0.4375,4,7
Real reference,,1919,0.31875,5,8
Real reference,,1920,0.35,10,10
Real reference,,1921,0.3125,4,5
Real reference,,1922,0.31875,4,7
Real reference,,1923,0.40625,5,5
Real reference,,1924,0.25,6,7
Real reference,,1925,0.39375,6,6
Real reference,,1926,0.30625,5,5
Real reference,,1927,0.39375,5,7
Real reference,,1928,0.26875,6,6
Real reference,,1929,0.51875,3,5
Real reference,,1930,0.4625,3,6
Real reference,,1931,0.31875,4,8
Real reference,,1932,0.44375,5,6
Real reference,,1933,0.375,3,6
Real reference,,1934,0.39375,5,6
Real reference,,1935,0.4875,3,5
Real reference,,1936,0.45,3,5
Real reference,,1937,0.275,5,5
Real reference,,1938,0.40625,12,12
Real reference,,1939,0.4125,4,7
Real reference,,1940,0.3,4,5
Real reference,,1941,0.43125,5,6
Real reference,,1942,0.4875,5,5
Real reference,,1943,0.39375,5,5
Real reference,,1944,0.53125,4,6
Real reference,,1945,0.4375,4,80
Real reference,,1946,0.35,4,5
Real reference,,1947,0.4,6,6
Real reference,,1948,0.30625,7,7
Real reference,,1949,0.44375,5,11
Real reference,,1950,0.375,18,19
Real reference,,1951,0.50625,4,5
Real reference,,1952,0.49375,4,6
Real reference,,1953,0.4,4,7
Real reference,,1954,0.3875,4,5
Real reference,,1955,0.33125,5,5
Real reference,,1956,0.425,4,5
Real reference,,1957,0.43125,4,4
Real reference,,1958,0.28125,7,7
Real reference,,1959,0.4875,4,8
Real reference,,1960,0.46875,4,5
Real reference,,1961,0.33125,6,7
Real reference,,1962,0.4375,5,5
Real reference,,1963,0.4125,4,5
Real reference,,1964,0.34375,4,6
Real reference,,1965,0.45625,4,8
Real reference,,1966,0.475,3,8
Real reference,,1967,0.30625,9,9
Real reference,,1968,0.525,5,5
Real reference,,1969,0.55,3,5
Real reference,,1970,0.3375,6,7
Real reference,,1971,0.48125,4,6
Real reference,,1972,0.29375,4,5
Real reference,,1973,0.3375,6,6
Real reference,,1974,0.43125,4,5
Real reference,,1975,0.33125,6,6
Real reference,,1976,0.35,5,5
Real reference,,1977,0.41875,4,5
Real reference,,1978,0.425,5,6
Real reference,,1979,0.3875,6,6
Real reference,,1980,0.3,4,5
Real reference,,1981,0.425,5,6
Real reference,,1982,0.35,8,8
Real reference,,1983,0.45,5,5
Real reference,,1984,0.35625,5,5
Real reference,,1985,0.425,6,6
Real reference,,1986,0.425,4,6
Real reference,,1987,0.4875,3,9
Real reference,,1988,0.26875,7,7
Real reference,,1989,0.35625,5,5
Real reference,,1990,0.43125,4,5
Real reference,,1991,0.2625,8,8
Real reference,,1992,0.46875,5,6
Real reference,,1993,0.51875,3,11
Real reference,,1994,0.225,8,8
Real reference,,1995,0.46875,6,6
Real reference,,1996,0.475,3,5
Real reference,,1997,0.34375,4,7
Real reference,,1998,0.35625,7,7
Real reference,,1999,0.48125,5,5
Real reference,,2000,0.43125,4,5
Real reference,,2001,0.53125,6,8
Real reference,,2002,0.575,3,7
Real reference,,2003,0.3,13,13
Real reference,,2004,0.45625,3,6
Real reference,,2005,0.40625,4,5
Real reference,,2006,0.2875,6,9
Real reference,,2007,0.3875,7,7
Real reference,,2008,0.36875,6,6
Real reference,,2009,0.2875,5,6
Real reference,,2010,0.5375,3,7
Real reference,,2011,0.40625,6,6
Real reference,,2012,0.36875,5,5
Real reference,,2013,0.40625,3,4
Real reference,,2014,0.4375,4,7
Real reference,,2015,0.2625,4,6
Real reference,,2016,0.4,4,10
Real reference,,2017,0.5125,3,5
Real reference,,2018,0.26875,6,7
Real reference,,2019,0.4,10,10
Real reference,,2020,0.375,5,6
Real reference,,2021,0.3125,5,5
Real reference,,2022,0.38125,5,7
Real reference,,2023,0.4375,5,5
Real reference,,2024,0.4,3,5
Real reference,,2025,0.34375,5,5
Real reference,,2026,0.31875,6,6
Real reference,,2027,0.36875,5,6
Real reference,,2028,0.34375,8,8
Real reference,,2029,0.35625,6,7
Real reference,,2030,0.29375,10,10
Real reference,,2031,0.3875,6,6
Real reference,,2032,0.26875,5,6
Real reference,,2033,0.3875,5,5
Real reference,,2034,0.4,4,6
Real reference,,2035,0.25,6,6
Real reference,,2036,0.325,8,8
Real reference,,2037,0.475,5,5
Real reference,,2038,0.4125,5,5
Real reference,,2039,0.46875,5,5
Real reference,,2040,0.44375,5,5
Real reference,,2041,0.29375,4,4
Real reference,,2042,0.325,7,7
Real reference,,2043,0.275,14,14
Real reference,,2044,0.39375,13,13
Real reference,,2045,0.4125,8,8
Real reference,,2046,0.4375,9,9
Real reference,,2047,0.38125,5,5
Real reference,,2048,0.26875,5,6
Real reference,,2049,0.35625,7,8
Real reference,,2050,0.3125,5,5
Real reference,,2051,0.4125,3,7
Real reference,,2052,0.21875,7,20
Real reference,,2053,0.4375,4,5
Real reference,,2054,0.45625,6,7
Real reference,,2055,0.51875,3,6
Real reference,,2056,0.3625,4,4
Real reference,,2057,0.4375,3,6
Real reference,,2058,0.3375,5,9
Real reference,,2059,0.4125,4,6
Real reference,,2060,0.4,4,6
Real reference,,2061,0.31875,5,6
Real reference,,2062,0.4,4,5
Real reference,,2063,0.51875,5,5
Real reference,,2064,0.48125,4,7
Real reference,,2065,0.25625,10,10
Real reference,,2066,0.5375,3,9
Real reference,,2067,0.525,3,6
Real reference,,2068,0.36875,5,5
Real reference,,2069,0.49375,7,7
Real reference,,2070,0.5,4,5
Real reference,,2071,0.29375,7,7
Real reference,,2072,0.3375,7,7
Real reference,,2073,0.50625,4,5
Real reference,,2074,0.25,9,9
Real reference,,2075,0.35625,9,9
Real reference,,2076,0.31875,5,7
Real reference,,2077,0.3125,4,4
Real reference,,2078,0.375,9,9
Real reference,,2079,0.3875,5,5
Real reference,,2080,0.28125,8,8
Real reference,,2081,0.40625,4,6
Real reference,,2082,0.35,5,5
Real reference,,2083,0.325,4,6
Real reference,,2084,0.36875,5,5
Real reference,,2085,0.25625,5,5
Real reference,,2086,0.31875,5,5
Real reference,,2087,0.375,5,5
Real reference,,2088,0.3,4,7
Real reference,,2089,0.28125,11,11
Real reference,,2090,0.4375,4,6
Real reference,,2091,0.4375,5,5
Real reference,,2092,0.325,7,7
Real reference,,2093,0.375,7,7
Real reference,,2094,0.2875,5,6
Real reference,,2095,0.2875,6,6
Real reference,,2096,0.36875,4,7
Real reference,,2097,0.45,5,5
Real reference,,2098,0.28125,5,5
Real reference,,2099,0.41875,5,32
Real reference,,2100,0.38125,4,5
Real reference,,2101,0.35625,17,17
Real reference,,2102,0.43125,5,8
Real reference,,2103,0.38125,4,5
Real reference,,2104,0.275,8,8
Real reference,,2105,0.48125,5,8
Real reference,,2106,0.49375,4,5
Real reference,,2107,0.325,7,7
Real reference,,2108,0.375,5,5
Real reference,,2109,0.28125,9,9
Real reference,,2110,0.3125,9,9
Real reference,,2111,0.43125,4,9
Real reference,,2112,0.35625,6,6
Real reference,,2113,0.26875,5,7
Real reference,,2114,0.475,5,7
Real reference,,2115,0.50625,4,4
Real reference,,2116,0.34375,6,6
Real reference,,2117,0.4375,5,5
Real reference,,2118,0.48125,3,6
Real reference,,2119,0.34375,4,8
Real reference,,2120,0.4,5,8
Real reference,,2121,0.425,10,10
Real reference,,2122,0.43125,4,7
Real reference,,2123,0.36875,7,7
Real reference,,2124,0.33125,6,6
Real reference,,2125,0.21875,5,6
Real reference,,2126,0.44375,4,5
Real reference,,2127,0.43125,6,6
Real reference,,2128,0.2625,5,6
Real reference,,2129,0.375,5,5
Real reference,,2130,0.3625,7,8
Real reference,,2131,0.40625,6,6
Real reference,,2132,0.4625,6,6
Real reference,,2133,0.40625,4,5
Real reference,,2134,0.44375,5,6
Real reference,,2135,0.5125,4,4
Real reference,,2136,0.375,5,9
Real reference,,2137,0.2875,10,10
Real reference,,2138,0.41875,5,6
Real reference,,2139,0.39375,4,5
Real reference,,2140,0.4125,5,5
Real reference,,2141,0.35625,5,6
Real reference,,2142,0.31875,6,6
Real reference,,2143,0.3125,10,10
Real reference,,2144,0.46875,5,5
Real reference,,2145,0.41875,4,5
Real reference,,2146,0.35625,7,7
Real reference,,2147,0.49375,4,6
Real reference,,2148,0.45625,4,6
Real reference,,2149,0.425,5,7
Real reference,,2150,0.4625,5,7
Real reference,,2151,0.48125,5,5
Real reference,,2152,0.33125,9,9
Real reference,,2153,0.54375,4,4
Real reference,,2154,0.4875,3,4
Real reference,,2155,0.4625,5,7
Real reference,,2156,0.45,4,7
Real reference,,2157,0.40625,4,5
Real reference,,2158,0.3125,3,8
Real reference,,2159,0.40625,4,4
Real reference,,2160,0.29375,7,7
Real reference,,2161,0.38125,6,6
Real reference,,2162,0.425,5,6
Real reference,,2163,0.35,5,5
Real reference,,2164,0.25625,7,9
Real reference,,2165,0.4125,6,6
Real reference,,2166,0.4625,5,5
Real reference,,2167,0.30625,4,5
Real reference,,2168,0.51875,3,5
Real reference,,2169,0.525,3,5
Real reference,,2170,0.2375,18,18
Real reference,,2171,0.35625,6,6
Real reference,,2172,0.45625,7,7
Real reference,,2173,0.33125,6,6
Real reference,,2174,0.425,7,9
Real reference,,2175,0.3,5,7
Real reference,,2176,0.3,6,20
Real reference,,2177,0.35625,5,7
Real reference,,2178,0.3375,8,8
Real reference,,2179,0.39375,4,6
Real reference,,2180,0.30625,5,5
Real reference,,2181,0.29375,7,7
Real reference,,2182,0.34375,6,6
Real reference,,2183,0.46875,4,6
Real reference,,2184,0.45625,5,6
Real reference,,2185,0.26875,4,5
Real reference,,2186,0.35,6,8
Real reference,,2187,0.50625,6,6
Real reference,,2188,0.4,5,5
Real reference,,2189,0.40625,4,4
Real reference,,2190,0.43125,4,6
Real reference,,2191,0.375,4,5
Real reference,,2192,0.36875,5,7
Real reference,,2193,0.55,3,5
Real reference,,2194,0.35625,8,8
Real reference,,2195,0.475,4,5
Real reference,,2196,0.4,5,5
Real reference,,2197,0.30625,5,7
Real reference,,2198,0.3625,5,5
Real reference,,2199,0.4,5,6
Real reference,,2200,0.29375,6,6
Real reference,,2201,0.4,6,6
Real reference,,2202,0.325,7,7
Real reference,,2203,0.34375,4,5
Real reference,,2204,0.45,4,5
Real reference,,2205,0.2875,8,8
Real reference,,2206,0.34375,7,7
Real reference,,2207,0.45,4,5
Real reference,,2208,0.36875,5,5
Real reference,,2209,0.43125,4,7
Real reference,,2210,0.48125,3,6
Real reference,,2211,0.29375,5,7
Real reference,,2212,0.275,6,6
Real reference,,2213,0.45625,5,6
Real reference,,2214,0.3,6,6
Real reference,,2215,0.475,4,5
Real reference,,2216,0.4625,6,11
Real reference,,2217,0.23125,9,9
Real reference,,2218,0.45,6,6
Real reference,,2219,0.4,4,6
Real reference,,2220,0.25,6,9
Real reference,,2221,0.39375,4,7
Real reference,,2222,0.34375,5,7
Real reference,,2223,0.28125,6,6
Real reference,,2224,0.35625,9,9
Real reference,,2225,0.35625,5,6
Real reference,,2226,0.40625,4,10
Real reference,,2227,0.525,4,5
Real reference,,2228,0.4875,4,6
Real reference,,2229,0.4125,4,7
Real reference,,2230,0.3,12,12
Real reference,,2231,0.3,5,5
Real reference,,2232,0.25,5,6
Real reference,,2233,0.4375,5,5
Real reference,,2234,0.29375,7,7
Real reference,,2235,0.375,5,5
Real reference,,2236,0.375,5,5
Real reference,,2237,0.3125,4,5
Real reference,,2238,0.23125,5,5
Real reference,,2239,0.525,3,4
Real reference,,2240,0.46875,4,5
Real reference,,2241,0.36875,6,6
Real reference,,2242,0.4,8,8
Real reference,,2243,0.33125,9,9
Real reference,,2244,0.3375,5,8
Real reference,,2245,0.3375,5,5
Real reference,,2246,0.36875,5,9
Real reference,,2247,0.39375,5,5
Real reference,,2248,0.5,4,6
Real reference,,2249,0.49375,5,5
Real reference,,2250,0.33125,5,5
Real reference,,2251,0.35625,5,6
Real reference,,2252,0.3125,6,6
Real reference,,2253,0.36875,5,5
Real reference,,2254,0.525,4,5
Real reference,,2255,0.55625,5,5
Real reference,,2256,0.38125,5,5
Real reference,,2257,0.35625,5,5
Real reference,,2258,0.34375,4,7
Real reference,,2259,0.34375,4,9
Real reference,,2260,0.3,9,9
Real reference,,2261,0.31875,6,7
Real reference,,2262,0.3875,7,11
Real reference,,2263,0.425,5,6
Real reference,,2264,0.43125,4,5
Real reference,,2265,0.21875,6,6
Real reference,,2266,0.38125,4,10
Real reference,,2267,0.39375,5,17
Real reference,,2268,0.3375,6,7
Real reference,,2269,0.35,6,6
Real reference,,2270,0.43125,5,7
Real reference,,2271,0.29375,5,5
Real reference,,2272,0.425,3,7
Real reference,,2273,0.45625,4,4
Real reference,,2274,0.3625,12,12
Real reference,,2275,0.45,4,5
Real reference,,2276,0.4875,4,8
Real reference,,2277,0.3875,8,8
Real reference,,2278,0.46875,5,5
Real reference,,2279,0.425,4,8
Real reference,,2280,0.3125,8,8
Real reference,,2281,0.49375,4,6
Real reference,,2282,0.60625,4,4
Real reference,,2283,0.26875,7,8
Real reference,,2284,0.375,4,7
Real reference,,2285,0.3875,6,6
Real reference,,2286,0.275,5,5
Real reference,,2287,0.39375,6,6
Real reference,,2288,0.425,5,5
Real reference,,2289,0.25,11,11
Real reference,,2290,0.46875,5,6
Real reference,,2291,0.3625,5,5
Real reference,,2292,0.26875,6,6
Real reference,,2293,0.35,4,4
Real reference,,2294,0.33125,5,6
Real reference,,2295,0.3875,5,6
Real reference,,2296,0.4875,3,5
Real reference,,2297,0.54375,5,8
Real reference,,2298,0.46875,7,12
Real reference,,2299,0.43125,18,18
Real reference,,2300,0.36875,4,6
Real reference,,2301,0.3375,4,7
Real reference,,2302,0.40625,4,5
Real reference,,2303,0.53125,3,5
Real reference,,2304,0.3125,4,4
Real reference,,2305,0.4375,4,10
Real reference,,2306,0.44375,5,6
Real reference,,2307,0.25,4,5
Real reference,,2308,0.45625,4,4
Real reference,,2309,0.4125,5,5
Real reference,,2310,0.35625,6,6
Real reference,,2311,0.3875,7,7
Real reference,,2312,0.48125,4,6
Real reference,,2313,0.36875,4,5
Real reference,,2314,0.43125,4,6
Real reference,,2315,0.55,4,5
Real reference,,2316,0.36875,7,7
Real reference,,2317,0.54375,4,4
Real reference,,2318,0.41875,4,6
Real reference,,2319,0.375,4,8
Real reference,,2320,0.3875,4,5
Real reference,,2321,0.38125,4,6
Real reference,,2322,0.35625,4,9
Real reference,,2323,0.44375,4,5
Real reference,,2324,0.49375,3,4
Real reference,,2325,0.325,5,5
Real reference,,2326,0.4,4,5
Real reference,,2327,0.45625,5,8
Real reference,,2328,0.2625,7,7
Real reference,,2329,0.3375,5,6
Real reference,,2330,0.39375,4,4
Real reference,,2331,0.41875,7,7
Real reference,,2332,0.4875,3,5
Real reference,,2333,0.25,9,9
Real reference,,2334,0.45,3,5
Real reference,,2335,0.30625,6,6
Real reference,,2336,0.375,5,5
Real reference,,2337,0.40625,5,5
Real reference,,2338,0.2625,7,7
Real reference,,2339,0.36875,6,6
Real reference,,2340,0.38125,5,5
Real reference,,2341,0.41875,6,8
Real reference,,2342,0.50625,5,5
Real reference,,2343,0.44375,3,5
Real reference,,2344,0.34375,5,5
Real reference,,2345,0.3375,10,10
Real reference,,2346,0.21875,5,6
Real reference,,2347,0.24375,5,5
Real reference,,2348,0.4625,5,7
Real reference,,2349,0.55,3,5
Real reference,,2350,0.425,4,6
Real reference,,2351,0.425,5,6
Real reference,,2352,0.325,10,10
Real reference,,2353,0.41875,6,6
Real reference,,2354,0.4375,5,5
Real reference,,2355,0.48125,5,5
Real reference,,2356,0.325,5,6
Real reference,,2357,0.425,4,5
Real reference,,2358,0.4375,4,6
Real reference,,2359,0.31875,4,10
Real reference,,2360,0.4375,4,5
Real reference,,2361,0.4375,4,5
Real reference,,2362,0.24375,5,6
Real reference,,2363,0.4625,4,4
Real reference,,2364,0.34375,5,5
Real reference,,2365,0.4375,5,5
Real reference,,2366,0.55,4,5
Real reference,,2367,0.46875,4,5
Real reference,,2368,0.39375,6,9
Real reference,,2369,0.4125,10,10
Real reference,,2370,0.36875,5,7
Real reference,,2371,0.36875,5,5
Real reference,,2372,0.45,6,10
Real reference,,2373,0.31875,6,6
Real reference,,2374,0.2625,5,5
Real reference,,2375,0.5125,3,4
Real reference,,2376,0.29375,4,5
Real reference,,2377,0.2375,6,6
Real reference,,2378,0.38125,6,7
Real reference,,2379,0.4,5,6
Real reference,,2380,0.34375,9,9
Real reference,,2381,0.40625,5,6
Real reference,,2382,0.4625,4,6
Real reference,,2383,0.35625,5,5
Real reference,,2384,0.4125,5,9
Real reference,,2385,0.44375,5,5
Real reference,,2386,0.25625,16,16
Real reference,,2387,0.44375,4,7
Real reference,,2388,0.425,4,5
Real reference,,2389,0.31875,5,7
Real reference,,2390,0.38125,5,5
Real reference,,2391,0.25625,6,6
Real reference,,2392,0.21875,11,11
Real reference,,2393,0.38125,5,7
Real reference,,2394,0.43125,4,6
Real reference,,2395,0.31875,5,5
Real reference,,2396,0.39375,6,6
Real reference,,2397,0.36875,3,6
Real reference,,2398,0.34375,5,6
Real reference,,2399,0.30625,7,7
Real reference,,2400,0.3625,4,5
Real reference,,2401,0.36875,5,6
Real reference,,2402,0.4375,5,5
Real reference,,2403,0.4875,4,6
Real reference,,2404,0.28125,7,7
Real reference,,2405,0.425,4,4
Real reference,,2406,0.39375,4,5
Real reference,,2407,0.3375,5,5
Real reference,,2408,0.45625,5,6
Real reference,,2409,0.45625,7,7
Real reference,,2410,0.3125,6,6
Real reference,,2411,0.45,3,5
Real reference,,2412,0.45,4,5
Real reference,,2413,0.25625,8,8
Real reference,,2414,0.39375,5,5
Real reference,,2415,0.29375,9,9
Real reference,,2416,0.34375,6,6
Real reference,,2417,0.4375,5,5
Real reference,,2418,0.45625,3,8
Real reference,,2419,0.175,6,6
Real reference,,2420,0.46875,4,5
Real reference,,2421,0.4875,6,6
Real reference,,2422,0.2625,14,14
Real reference,,2423,0.34375,7,7
Real reference,,2424,0.35,4,7
Real reference,,2425,0.38125,5,5
Real reference,,2426,0.41875,6,6
Real reference,,2427,0.35,5,5
Real reference,,2428,0.3125,6,11
Real reference,,2429,0.21875,8,8
Real reference,,2430,0.49375,4,6
Real reference,,2431,0.325,7,7
Real reference,,2432,0.4375,5,5
Real reference,,2433,0.425,4,4
Real reference,,2434,0.3625,5,5
Real reference,,2435,0.44375,4,5
Real reference,,2436,0.33125,4,8
Real reference,,2437,0.3875,5,5
Real reference,,2438,0.29375,5,5
Real reference,,2439,0.3875,5,5
Real reference,,2440,0.35625,6,6
Real reference,,2441,0.325,4,6
Real reference,,2442,0.3125,4,8
Real reference,,2443,0.21875,6,6
Real reference,,2444,0.3875,4,8
Real reference,,2445,0.35,5,7
Real reference,,2446,0.35,5,5
Real reference,,2447,0.3875,4,5
Real reference,,2448,0.36875,4,5
Real reference,,2449,0.41875,9,9
Real reference,,2450,0.325,6,7
Real reference,,2451,0.3625,9,9
Real reference,,2452,0.34375,6,6
Real reference,,2453,0.30625,12,12
Real reference,,2454,0.30625,6,6
Real reference,,2455,0.4125,4,5
Real reference,,2456,0.40625,5,5
Real reference,,2457,0.40625,6,7
Real reference,,2458,0.38125,3,4
Real reference,,2459,0.31875,5,5
Real reference,,2460,0.26875,17,17
Real reference,,2461,0.29375,6,7
Real reference,,2462,0.35,4,5
Real reference,,2463,0.3375,6,6
Real reference,,2464,0.35,5,6
Real reference,,2465,0.3625,5,5
Real reference,,2466,0.3625,6,9
Real reference,,2467,0.23125,7,7
Real reference,,2468,0.45625,3,5
Real reference,,2469,0.4625,4,8
Real reference,,2470,0.31875,7,7
Real reference,,2471,0.48125,5,5
Real reference,,2472,0.475,6,6
Real reference,,2473,0.4125,5,5
Real reference,,2474,0.4,10,10
Real reference,,2475,0.40625,6,6
Real reference,,2476,0.2625,8,8
Real reference,,2477,0.35,11,11
Real reference,,2478,0.38125,10,10
Real reference,,2479,0.34375,6,6
Real reference,,2480,0.40625,5,5
Real reference,,2481,0.4625,3,5
Real reference,,2482,0.35625,7,7
Real reference,,2483,0.35,4,5
Real reference,,2484,0.40625,4,5
Real reference,,2485,0.3875,7,7
Real reference,,2486,0.46875,8,8
Real reference,,2487,0.50625,3,6
Real reference,,2488,0.3375,8,8
Real reference,,2489,0.48125,4,7
Real reference,,2490,0.54375,4,6
Real reference,,2491,0.28125,6,7
Real reference,,2492,0.43125,5,5
Real reference,,2493,0.3375,6,6
Real reference,,2494,0.3875,5,5
Real reference,,2495,0.5,5,6
Real reference,,2496,0.55625,3,5
Real reference,,2497,0.28125,5,5
Real reference,,2498,0.425,4,5
Real reference,,2499,0.46875,3,7
Real reference,,2500,0.3625,6,11
Real reference,,2501,0.3375,8,9
Real reference,,2502,0.3375,10,10
Real reference,,2503,0.4125,4,5
Real reference,,2504,0.4625,5,5
Real reference,,2505,0.4875,4,5
Real reference,,2506,0.3,5,7
Real reference,,2507,0.425,5,7
Real reference,,2508,0.46875,5,5
Real reference,,2509,0.30625,5,7
Real reference,,2510,0.4875,3,4
Real reference,,2511,0.5375,3,7
Real reference,,2512,0.225,7,7
Real reference,,2513,0.4375,4,7
Real reference,,2514,0.4375,4,5
Real reference,,2515,0.3625,5,5
Real reference,,2516,0.2875,5,12
Real reference,,2517,0.34375,5,5
Real reference,,2518,0.24375,6,6
Real reference,,2519,0.39375,4,9
Real reference,,2520,0.41875,5,5
Real reference,,2521,0.33125,5,6
Real reference,,2522,0.35625,7,7
Real reference,,2523,0.23125,5,8
Real reference,,2524,0.1875,6,7
Real reference,,2525,0.41875,5,6
Real reference,,2526,0.3625,5,5
Real reference,,2527,0.4,5,7
Real reference,,2528,0.3625,5,5
Real reference,,2529,0.275,7,7
Real reference,,2530,0.23125,5,6
Real reference,,2531,0.34375,11,11
Real reference,,2532,0.325,7,7
Real reference,,2533,0.3625,6,6
Real reference,,2534,0.46875,5,5
Real reference,,2535,0.5125,5,5
Real reference,,2536,0.24375,9,9
Real reference,,2537,0.46875,4,9
Real reference,,2538,0.3125,4,5
Real reference,,2539,0.35625,4,5
Real reference,,2540,0.3125,5,7
Real reference,,2541,0.4125,3,6
Real reference,,2542,0.40625,6,6
Real reference,,2543,0.43125,4,4
Real reference,,2544,0.30625,5,12
Real reference,,2545,0.34375,6,6
Real reference,,2546,0.39375,4,6
Real reference,,2547,0.33125,9,9
Real reference,,2548,0.31875,6,6
Real reference,,2549,0.4875,3,5
Real reference,,2550,0.575,5,5
Real reference,,2551,0.29375,8,8
Real reference,,2552,0.4875,4,5
Real reference,,2553,0.4625,4,4
Real reference,,2554,0.375,4,6
Real reference,,2555,0.44375,6,7
Real reference,,2556,0.5125,3,4
Real reference,,2557,0.21875,6,6
Real reference,,2558,0.375,5,5
Real reference,,2559,0.41875,4,6
Real reference,,2560,0.43125,4,7
Real reference,,2561,0.375,4,5
Real reference,,2562,0.35625,5,5
Real reference,,2563,0.34375,5,5
Real reference,,2564,0.5375,3,6
Real reference,,2565,0.39375,5,6
Real reference,,2566,0.31875,5,5
Real reference,,2567,0.43125,4,6
Real reference,,2568,0.35,4,15
Real reference,,2569,0.3125,8,8
Real reference,,2570,0.2875,8,8
Real reference,,2571,0.33125,8,8
Real reference,,2572,0.26875,6,6
Real reference,,2573,0.36875,5,10
Real reference,,2574,0.31875,5,5
Real reference,,2575,0.225,5,5
Real reference,,2576,0.39375,4,8
Real reference,,2577,0.4,4,5
Real reference,,2578,0.1625,6,6
Real reference,,2579,0.4125,5,7
Real reference,,2580,0.39375,4,6
Real reference,,2581,0.2625,10,10
Real reference,,2582,0.35,6,6
Real reference,,2583,0.2875,4,5
Real reference,,2584,0.34375,5,6
Real reference,,2585,0.3375,4,5
Real reference,,2586,0.5125,5,6
Real reference,,2587,0.3625,6,6
Real reference,,2588,0.38125,6,6
Real reference,,2589,0.31875,5,5
Real reference,,2590,0.175,7,7
Real reference,,2591,0.4875,4,6
Real reference,,2592,0.4,4,5
Real reference,,2593,0.2125,5,6
Real reference,,2594,0.46875,4,9
Real reference,,2595,0.4125,4,6
Real reference,,2596,0.25,4,10
Real reference,,2597,0.28125,7,7
Real reference,,2598,0.3625,6,6
Real reference,,2599,0.34375,6,9
Real reference,,2600,0.45625,5,5
Real reference,,2601,0.475,3,9
Real reference,,2602,0.35,18,18
Real reference,,2603,0.35,5,5
Real reference,,2604,0.34375,5,5
Real reference,,2605,0.275,14,14
Real reference,,2606,0.40625,7,7
Real reference,,2607,0.25,6,7
Real reference,,2608,0.325,5,8
Real reference,,2609,0.30625,6,6
Real reference,,2610,0.33125,7,7
Real reference,,2611,0.29375,5,6
Real reference,,2612,0.4625,4,5
Real reference,,2613,0.48125,4,5
Real reference,,2614,0.1875,6,6
Real reference,,2615,0.35,5,7
Real reference,,2616,0.31875,8,8
Real reference,,2617,0.39375,7,7
Real reference,,2618,0.3625,6,14
Real reference,,2619,0.33125,10,10
Real reference,,2620,0.375,10,10
Real reference,,2621,0.30625,7,15
Real reference,,2622,0.35625,7,7
Real reference,,2623,0.21875,7,7
Real reference,,2624,0.325,7,9
Real reference,,2625,0.45,12,12
Real reference,,2626,0.45,4,5
Real reference,,2627,0.375,5,6
Real reference,,2628,0.38125,4,7
Real reference,,2629,0.29375,11,11
Real reference,,2630,0.36875,5,6
Real reference,,2631,0.375,5,5
Real reference,,2632,0.35,5,7
Real reference,,2633,0.4875,4,5
Real reference,,2634,0.48125,4,5
Real reference,,2635,0.4375,4,4
Real reference,,2636,0.325,10,10
Real reference,,2637,0.36875,5,5
Real reference,,2638,0.35,4,7
Real reference,,2639,0.44375,5,5
Real reference,,2640,0.4375,5,6
Real reference,,2641,0.38125,5,5
Real reference,,2642,0.38125,4,6
Real reference,,2643,0.3375,4,6
Real reference,,2644,0.41875,5,5
Real reference,,2645,0.40625,4,4
Real reference,,2646,0.3875,6,6
Real reference,,2647,0.25625,6,6
Real reference,,2648,0.40625,4,10
Real reference,,2649,0.475,4,7
Real reference,,2650,0.28125,6,6
Real reference,,2651,0.35625,5,8
Real reference,,2652,0.31875,11,11
Real reference,,2653,0.33125,4,5
Real reference,,2654,0.44375,5,13
Real reference,,2655,0.4625,3,5
Real reference,,2656,0.4,6,6
Real reference,,2657,0.4375,4,4
Real reference,,2658,0.4625,5,5
Real reference,,2659,0.25,10,10
Real reference,,2660,0.40625,4,9
Real reference,,2661,0.35625,5,6
Real reference,,2662,0.23125,4,7
Real reference,,2663,0.35,4,6
Real reference,,2664,0.4125,4,5
Real reference,,2665,0.41875,5,6
Real reference,,2666,0.31875,6,7
Real reference,,2667,0.4125,4,5
Real reference,,2668,0.35,5,13
Real reference,,2669,0.39375,6,7
Real reference,,2670,0.425,6,6
Real reference,,2671,0.28125,9,9
Real reference,,2672,0.30625,8,8
Real reference,,2673,0.35,5,5
Real reference,,2674,0.36875,4,5
Real reference,,2675,0.375,5,11
Real reference,,2676,0.2875,5,5
Real reference,,2677,0.3375,5,5
Real reference,,2678,0.4,5,5
Real reference,,2679,0.35625,6,9
Real reference,,2680,0.35,5,5
Real reference,,2681,0.575,4,4
Real reference,,2682,0.5375,3,5
Real reference,,2683,0.45625,6,6
Real reference,,2684,0.41875,5,7
Real reference,,2685,0.58125,4,6
Real reference,,2686,0.35,4,5
Real reference,,2687,0.3625,8,8
Real reference,,2688,0.4,5,7
Real reference,,2689,0.24375,5,8
Real reference,,2690,0.4125,5,11
Real reference,,2691,0.36875,8,8
Real reference,,2692,0.43125,5,11
Real reference,,2693,0.51875,4,6
Real reference,,2694,0.34375,8,8
Real reference,,2695,0.41875,4,23
Real reference,,2696,0.325,4,7
Real reference,,2697,0.36875,4,4
Real reference,,2698,0.475,5,6
Real reference,,2699,0.38125,4,5
Real reference,,2700,0.375,5,5
Real reference,,2701,0.35625,4,5
Real reference,,2702,0.38125,4,5
Real reference,,2703,0.45625,4,6
Real reference,,2704,0.34375,5,6
Real reference,,2705,0.43125,4,7
Real reference,,2706,0.28125,6,7
Real reference,,2707,0.25,11,11
Real reference,,2708,0.35625,6,6
Real reference,,2709,0.425,7,7
Real reference,,2710,0.4375,6,6
Real reference,,2711,0.45625,4,5
Real reference,,2712,0.5375,3,5
Real reference,,2713,0.25625,6,6
Real reference,,2714,0.3875,7,7
Real reference,,2715,0.44375,5,5
Real reference,,2716,0.33125,11,11
Real reference,,2717,0.4,9,9
Real reference,,2718,0.34375,7,7
Real reference,,2719,0.25625,12,12
Real reference,,2720,0.425,5,5
Real reference,,2721,0.4375,6,7
Real reference,,2722,0.3125,6,6
Real reference,,2723,0.49375,5,7
Real reference,,2724,0.31875,4,9
Real reference,,2725,0.4,5,5
Real reference,,2726,0.425,3,6
Real reference,,2727,0.3375,6,7
Real reference,,2728,0.45,3,5
Real reference,,2729,0.45,5,5
Real reference,,2730,0.38125,5,5
Real reference,,2731,0.36875,4,6
Real reference,,2732,0.56875,4,6
Real reference,,2733,0.4,4,5
Real reference,,2734,0.28125,6,11
Real reference,,2735,0.3625,5,6
Real reference,,2736,0.3125,6,7
Real reference,,2737,0.33125,4,6
Real reference,,2738,0.48125,5,6
Real reference,,2739,0.5,5,5
Real reference,,2740,0.38125,5,5
Real reference,,2741,0.35,6,8
Real reference,,2742,0.36875,7,7
Real reference,,2743,0.40625,4,7
Real reference,,2744,0.55625,4,5
Real reference,,2745,0.50625,3,5
Real reference,,2746,0.38125,8,8
Real reference,,2747,0.425,4,8
Real reference,,2748,0.48125,4,6
Real reference,,2749,0.2875,9,9
Real reference,,2750,0.45,4,5
Real reference,,2751,0.4625,4,4
Real reference,,2752,0.26875,8,8
Real reference,,2753,0.29375,9,9
Real reference,,2754,0.34375,7,7
Real reference,,2755,0.31875,4,5
Real reference,,2756,0.43125,4,6
Real reference,,2757,0.3375,5,6
Real reference,,2758,0.23125,20,20
Real reference,,2759,0.46875,4,8
Real reference,,2760,0.43125,4,6
Real reference,,2761,0.18125,10,10
Real reference,,2762,0.29375,5,7
Real reference,,2763,0.3375,5,6
Real reference,,2764,0.275,10,10
Real reference,,2765,0.4375,9,9
Real reference,,2766,0.40625,5,11
Real reference,,2767,0.30625,5,5
Real reference,,2768,0.45,5,6
Real reference,,2769,0.4875,5,5
Real reference,,2770,0.3625,4,5
Real reference,,2771,0.54375,3,5
Real reference,,2772,0.40625,4,8
Real reference,,2773,0.375,4,6
Real reference,,2774,0.41875,4,9
Real reference,,2775,0.39375,4,19
Real reference,,2776,0.41875,5,6
Real reference,,2777,0.3875,5,7
Real reference,,2778,0.475,4,5
Real reference,,2779,0.41875,4,5
Real reference,,2780,0.31875,6,8
Real reference,,2781,0.30625,6,6
Real reference,,2782,0.26875,10,10
Real reference,,2783,0.3625,6,8
Real reference,,2784,0.3875,5,5
Real reference,,2785,0.33125,5,5
Real reference,,2786,0.3375,5,5
Real reference,,2787,0.4,3,7
Real reference,,2788,0.35625,4,6
Real reference,,2789,0.41875,7,7
Real reference,,2790,0.31875,6,6
Real reference,,2791,0.30625,8,8
Real reference,,2792,0.35,15,15
Real reference,,2793,0.3375,6,6
Real reference,,2794,0.2625,6,7
Real reference,,2795,0.3625,4,5
Real reference,,2796,0.36875,16,16
Real reference,,2797,0.39375,6,6
Real reference,,2798,0.45625,3,6
Real reference,,2799,0.375,6,6
Real reference,,2800,0.31875,6,6
Real reference,,2801,0.375,4,4
Real reference,,2802,0.45,5,8
Real reference,,2803,0.36875,7,7
Real reference,,2804,0.43125,5,5
Real reference,,2805,0.35,5,7
Real reference,,2806,0.2375,8,8
Real reference,,2807,0.48125,6,6
Real reference,,2808,0.5125,4,5
Real reference,,2809,0.35,6,6
Real reference,,2810,0.25,8,8
Real reference,,2811,0.38125,6,6
Real reference,,2812,0.3,6,6
Real reference,,2813,0.4,5,8
Real reference,,2814,0.40625,5,5
Real reference,,2815,0.25,5,5
Real reference,,2816,0.48125,5,8
Real reference,,2817,0.48125,4,6
Real reference,,2818,0.3,11,11
Real reference,,2819,0.3375,7,7
Real reference,,2820,0.26875,8,8
Real reference,,2821,0.225,6,6
Real reference,,2822,0.39375,5,9
Real reference,,2823,0.3,7,7
Real reference,,2824,0.28125,7,7
Real reference,,2825,0.35625,6,6
Real reference,,2826,0.375,3,10
Real reference,,2827,0.2625,4,5
Real reference,,2828,0.3625,5,5
Real reference,,2829,0.5,5,5
Real reference,,2830,0.225,8,8
Real reference,,2831,0.4125,6,9
Real reference,,2832,0.325,7,7
Real reference,,2833,0.35625,10,10
Real reference,,2834,0.475,6,6
Real reference,,2835,0.4,3,5
Real reference,,2836,0.40625,5,5
Real reference,,2837,0.5,4,7
Real reference,,2838,0.475,5,6
Real reference,,2839,0.25625,10,10
Real reference,,2840,0.40625,4,5
Real reference,,2841,0.3625,6,6
Real reference,,2842,0.41875,5,11
Real reference,,2843,0.5125,5,14
Real reference,,2844,0.3625,9,9
Real reference,,2845,0.3125,9,9
Real reference,,2846,0.43125,5,5
Real reference,,2847,0.3875,4,6
Real reference,,2848,0.2875,6,6
Real reference,,2849,0.41875,5,5
Real reference,,2850,0.31875,5,5
Real reference,,2851,0.34375,5,5
Real reference,,2852,0.33125,5,5
Real reference,,2853,0.45,7,7
Real reference,,2854,0.34375,5,5
Real reference,,2855,0.5,4,5
Real reference,,2856,0.5875,3,5
Real reference,,2857,0.325,6,6
Real reference,,2858,0.39375,4,7
Real reference,,2859,0.38125,5,5
Real reference,,2860,0.25625,4,5
Real reference,,2861,0.4875,3,4
Real reference,,2862,0.525,3,7
Real reference,,2863,0.30625,7,7
Real reference,,2864,0.425,5,8
Real reference,,2865,0.40625,5,7
Real reference,,2866,0.475,5,5
Real reference,,2867,0.45,4,5
Real reference,,2868,0.38125,5,7
Real reference,,2869,0.30625,8,8
Real reference,,2870,0.3875,4,7
Real reference,,2871,0.43125,6,6
Real reference,,2872,0.36875,4,6
Real reference,,2873,0.30625,6,6
Real reference,,2874,0.41875,7,7
Real reference,,2875,0.50625,4,5
Real reference,,2876,0.38125,4,6
Real reference,,2877,0.39375,6,6
Real reference,,2878,0.40625,5,5
Real reference,,2879,0.4625,4,5
Real reference,,2880,0.4125,3,10
Real reference,,2881,0.36875,5,5
Real reference,,2882,0.53125,4,6
Real reference,,2883,0.30625,5,5
Real reference,,2884,0.35,9,9
Real reference,,2885,0.4125,5,5
Real reference,,2886,0.4,6,7
Real reference,,2887,0.34375,5,6
Real reference,,2888,0.375,6,8
Real reference,,2889,0.55,6,6
Real reference,,2890,0.35625,7,7
Real reference,,2891,0.35625,6,7
Real reference,,2892,0.4125,4,4
Real reference,,2893,0.29375,5,7
Real reference,,2894,0.36875,4,5
Real reference,,2895,0.275,6,6
Real reference,,2896,0.41875,5,6
Real reference,,2897,0.54375,4,6
Real reference,,2898,0.41875,6,6
Real reference,,2899,0.3375,5,9
Real reference,,2900,0.3375,5,5
Real reference,,2901,0.375,8,8
Real reference,,2902,0.3375,8,8
Real reference,,2903,0.4375,4,6
Real reference,,2904,0.35625,5,5
Real reference,,2905,0.41875,5,6
Real reference,,2906,0.36875,4,5
Real reference,,2907,0.35625,5,6
Real reference,,2908,0.4375,4,6
Real reference,,2909,0.51875,5,5
Real reference,,2910,0.26875,6,6
Real reference,,2911,0.36875,5,6
Real reference,,2912,0.3625,5,5
Real reference,,2913,0.4,6,6
Real reference,,2914,0.4,4,4
Real reference,,2915,0.35,5,7
Real reference,,2916,0.1625,5,6
Real reference,,2917,0.43125,4,5
Real reference,,2918,0.41875,3,6
Real reference,,2919,0.3625,5,6
Real reference,,2920,0.45,4,12
Real reference,,2921,0.39375,5,5
Real reference,,2922,0.2625,11,11
Real reference,,2923,0.2625,20,20
Real reference,,2924,0.28125,7,7
Real reference,,2925,0.3375,13,13
Real reference,,2926,0.49375,4,6
Real reference,,2927,0.40625,4,4
Real reference,,2928,0.33125,5,7
Real reference,,2929,0.4,4,7
Real reference,,2930,0.3625,7,7
Real reference,,2931,0.3875,7,7
Real reference,,2932,0.44375,6,6
Real reference,,2933,0.425,11,11
Real reference,,2934,0.34375,4,7
Real reference,,2935,0.3875,4,5
Real reference,,2936,0.4,4,6
Real reference,,2937,0.33125,4,4
Real reference,,2938,0.4125,5,11
Real reference,,2939,0.4625,3,8
Real reference,,2940,0.325,5,7
Real reference,,2941,0.4375,4,7
Real reference,,2942,0.375,5,5
Real reference,,2943,0.275,8,8
Real reference,,2944,0.39375,5,5
Real reference,,2945,0.40625,6,6
Real reference,,2946,0.325,9,9
Real reference,,2947,0.4875,4,4
Real reference,,2948,0.45625,4,4
Real reference,,2949,0.39375,8,8
Real reference,,2950,0.55625,4,5
Real reference,,2951,0.4125,4,4
Real reference,,2952,0.25625,7,7
Real reference,,2953,0.3375,5,5
Real reference,,2954,0.51875,4,4
Real reference,,2955,0.2875,5,5
Real reference,,2956,0.425,8,8
Real reference,,2957,0.4125,5,5
Real reference,,2958,0.325,7,7
Real reference,,2959,0.4,8,8
Real reference,,2960,0.49375,3,7
Real reference,,2961,0.275,5,5
Real reference,,2962,0.50625,4,6
Real reference,,2963,0.55,3,6
Real reference,,2964,0.4,5,5
Real reference,,2965,0.39375,5,7
Real reference,,2966,0.3875,5,5
Real reference,,2967,0.28125,5,5
Real reference,,2968,0.34375,5,7
Real reference,,2969,0.3625,4,7
Real reference,,2970,0.40625,6,8
Real reference,,2971,0.40625,5,5
Real reference,,2972,0.28125,5,5
Real reference,,2973,0.30625,6,6
Real reference,,2974,0.45,5,5
Real reference,,2975,0.4875,3,5
Real reference,,2976,0.39375,4,4
Real reference,,2977,0.475,3,6
Real reference,,2978,0.38125,4,5
Real reference,,2979,0.26875,9,9
Real reference,,2980,0.3875,4,5
Real reference,,2981,0.4125,5,6
Real reference,,2982,0.23125,5,5
Real reference,,2983,0.3,8,8
Real reference,,2984,0.5375,5,5
Real reference,,2985,0.3875,5,6
Real reference,,2986,0.4125,9,9
Real reference,,2987,0.35625,5,5
Real reference,,2988,0.38125,5,7
Real reference,,2989,0.46875,4,5
Real reference,,2990,0.4,5,11
Real reference,,2991,0.26875,10,10
Real reference,,2992,0.35,7,8
Real reference,,2993,0.38125,5,5
Real reference,,2994,0.2625,8,8
Real reference,,2995,0.2875,7,7
Real reference,,2996,0.43125,5,5
Real reference,,2997,0.25,8,8
Real reference,,2998,0.46875,5,5
Real reference,,2999,0.39375,12,12
Real reference,,3000,0.4875,3,13
Real reference,,3001,0.35625,6,6
Real reference,,3002,0.325,5,5
Real reference,,3003,0.39375,8,8
Real reference,,3004,0.45625,4,8
Real reference,,3005,0.2875,4,8
Real reference,,3006,0.45,4,5
Real reference,,3007,0.2875,6,8
Real reference,,3008,0.225,7,7
Real reference,,3009,0.33125,6,7
Real reference,,3010,0.41875,4,4
Real reference,,3011,0.35,5,5
Real reference,,3012,0.375,6,6
Real reference,,3013,0.325,4,6
Real reference,,3014,0.26875,9,9
Real reference,,3015,0.31875,7,7
Real reference,,3016,0.4,5,6
Real reference,,3017,0.2875,16,16
Real reference,,3018,0.4,5,8
Real reference,,3019,0.3375,5,6
Real reference,,3020,0.45,4,4
Real reference,,3021,0.45,5,6
Real reference,,3022,0.40625,6,6
Real reference,,3023,0.39375,4,7
Real reference,,3024,0.28125,11,11
Real reference,,3025,0.41875,4,5
Real reference,,3026,0.3625,6,6
Real reference,,3027,0.425,9,9
Real reference,,3028,0.36875,5,5
Real reference,,3029,0.44375,4,4
Real reference,,3030,0.3,4,4
Real reference,,3031,0.4125,5,5
Real reference,,3032,0.4125,4,6
Real reference,,3033,0.4625,4,6
Real reference,,3034,0.275,7,7
Real reference,,3035,0.46875,4,6
Real reference,,3036,0.48125,2,5
Real reference,,3037,0.275,9,9
Real reference,,3038,0.35,5,6
Real reference,,3039,0.29375,9,9
Real reference,,3040,0.41875,7,7
Real reference,,3041,0.375,7,7
Real reference,,3042,0.40625,5,6
Real reference,,3043,0.4,5,6
Real reference,,3044,0.4875,5,8
Real reference,,3045,0.5,4,8
Real reference,,3046,0.275,8,8
Real reference,,3047,0.3375,9,9
Real reference,,3048,0.36875,5,6
Real reference,,3049,0.325,17,17
Real reference,,3050,0.50625,4,7
Real reference,,3051,0.475,4,5
Real reference,,3052,0.40625,5,5
Real reference,,3053,0.38125,6,6
Real reference,,3054,0.3875,5,7
Real reference,,3055,0.2,9,34
Real reference,,3056,0.3625,5,5
Real reference,,3057,0.41875,4,6
Real reference,,3058,0.33125,10,10
Real reference,,3059,0.46875,5,5
Real reference,,3060,0.51875,4,5
Real reference,,3061,0.2875,7,7
Real reference,,3062,0.48125,3,4
Real reference,,3063,0.625,3,5
Real reference,,3064,0.4625,3,6
Real reference,,3065,0.45,4,10
Real reference,,3066,0.4,4,5
Real reference,,3067,0.31875,9,9
Real reference,,3068,0.425,5,13
Real reference,,3069,0.3625,3,4
Real reference,,3070,0.45625,4,4
Real reference,,3071,0.525,4,4
Real reference,,3072,0.43125,4,13
Real reference,,3073,0.29375,7,7
Real reference,,3074,0.39375,12,12
Real reference,,3075,0.34375,7,11
Real reference,,3076,0.35625,4,4
Real reference,,3077,0.425,6,6
Real reference,,3078,0.525,3,4
Real reference,,3079,0.3,6,6
Real reference,,3080,0.44375,7,7
Real reference,,3081,0.43125,5,5
Real reference,,3082,0.20625,14,14
Real reference,,3083,0.46875,3,6
Real reference,,3084,0.43125,4,4
Real reference,,3085,0.425,5,7
Real reference,,3086,0.55625,4,4
Real reference,,3087,0.53125,4,4
Real reference,,3088,0.2625,6,6
Real reference,,3089,0.43125,4,5
Real reference,,3090,0.39375,6,6
Real reference,,3091,0.4,6,6
Real reference,,3092,0.43125,5,5
Real reference,,3093,0.3375,5,8
Real reference,,3094,0.33125,5,6
Real reference,,3095,0.43125,5,6
Real reference,,3096,0.3,10,10
Real reference,,3097,0.31875,10,10
Real reference,,3098,0.3375,5,5
Real reference,,3099,0.425,4,6
Real reference,,3100,0.4125,4,6
Real reference,,3101,0.38125,4,6
Real reference,,3102,0.34375,5,5
Real reference,,3103,0.2375,6,6
Real reference,,3104,0.29375,11,11
Real reference,,3105,0.43125,4,6
Real reference,,3106,0.325,4,7
Real reference,,3107,0.3875,5,5
Real reference,,3108,0.4,4,4
Real reference,,3109,0.29375,5,5
Real reference,,3110,0.3375,5,6
Real reference,,3111,0.4875,4,4
Real reference,,3112,0.3375,6,6
Real reference,,3113,0.34375,7,7
Real reference,,3114,0.35625,5,5
Real reference,,3115,0.2,7,8
Real reference,,3116,0.39375,7,7
Real reference,,3117,0.36875,5,5
Real reference,,3118,0.14375,8,8
Real reference,,3119,0.3875,5,9
Real reference,,3120,0.46875,5,5
Real reference,,3121,0.31875,7,7
Real reference,,3122,0.475,3,4
Real reference,,3123,0.45,4,5
Real reference,,3124,0.3875,8,8
Real reference,,3125,0.50625,5,6
Real reference,,3126,0.3625,4,4
Real reference,,3127,0.3,5,5
Real reference,,3128,0.45,5,5
Real reference,,3129,0.38125,5,5
Real reference,,3130,0.35,5,6
Real reference,,3131,0.45625,8,8
Real reference,,3132,0.49375,3,6
Real reference,,3133,0.35,4,5
Real reference,,3134,0.40625,5,6
Real reference,,3135,0.4375,3,8
Real reference,,3136,0.31875,6,6
Real reference,,3137,0.43125,5,7
Real reference,,3138,0.325,8,8
Real reference,,3139,0.36875,4,5
Real reference,,3140,0.49375,3,5
Real reference,,3141,0.41875,4,4
Real reference,,3142,0.26875,12,12
Real reference,,3143,0.525,4,7
Real reference,,3144,0.55625,5,5
Real reference,,3145,0.225,7,7
Real reference,,3146,0.58125,5,5
Real reference,,3147,0.2625,8,8
Real reference,,3148,0.35,4,7
Real reference,,3149,0.575,4,7
Real reference,,3150,0.5125,4,7
Real reference,,3151,0.40625,5,6
Real reference,,3152,0.4625,3,13
Real reference,,3153,0.48125,6,7
Real reference,,3154,0.4,5,5
Real reference,,3155,0.4625,5,6
Real reference,,3156,0.41875,4,6
Real reference,,3157,0.29375,10,10
Real reference,,3158,0.31875,5,7
Real reference,,3159,0.3875,4,5
Real reference,,3160,0.325,9,9
Real reference,,3161,0.425,5,5
Real reference,,3162,0.475,3,7
Real reference,,3163,0.175,9,9
Real reference,,3164,0.48125,5,6
Real reference,,3165,0.3375,5,5
Real reference,,3166,0.2,6,6
Real reference,,3167,0.4375,4,5
Real reference,,3168,0.50625,6,7
Real reference,,3169,0.26875,14,14
Real reference,,3170,0.3875,4,5
Real reference,,3171,0.45625,3,5
Real reference,,3172,0.3375,4,8
Real reference,,3173,0.5,4,5
Real reference,,3174,0.5625,4,5
Real reference,,3175,0.35625,5,5
Real reference,,3176,0.425,4,5
Real reference,,3177,0.39375,5,5
Real reference,,3178,0.25625,5,5
Real reference,,3179,0.475,3,8
Real reference,,3180,0.45,5,7
Real reference,,3181,0.40625,4,5
Real reference,,3182,0.40625,5,5
Real reference,,3183,0.41875,3,6
Real reference,,3184,0.35,6,6
Real reference,,3185,0.51875,4,5
Real reference,,3186,0.3625,5,5
Real reference,,3187,0.29375,5,5
Real reference,,3188,0.5,4,4
Real reference,,3189,0.34375,7,7
Real reference,,3190,0.2125,4,5
Real reference,,3191,0.50625,3,4
Real reference,,3192,0.48125,3,5
Real reference,,3193,0.31875,4,10
Real reference,,3194,0.3375,5,5
Real reference,,3195,0.275,6,6
Real reference,,3196,0.2,6,6
Real reference,,3197,0.36875,8,8
Real reference,,3198,0.29375,5,6
Real reference,,3199,0.36875,7,7
Real reference,,3200,0.44375,4,5
Real reference,,3201,0.35,6,6
Real reference,,3202,0.375,10,10
Real reference,,3203,0.35,14,14
Real reference,,3204,0.575,4,5
Real reference,,3205,0.28125,7,7
Real reference,,3206,0.4375,5,5
Real reference,,3207,0.4875,4,5
Real reference,,3208,0.2,10,10
Real reference,,3209,0.4625,4,4
Real reference,,3210,0.46875,4,6
Real reference,,3211,0.39375,4,5
Real reference,,3212,0.4,9,10
Real reference,,3213,0.36875,5,6
Real reference,,3214,0.2375,7,7
Real reference,,3215,0.28125,5,5
Real reference,,3216,0.3,5,6
Real reference,,3217,0.19375,7,7
Real reference,,3218,0.48125,3,9
Real reference,,3219,0.45,5,5
Real reference,,3220,0.4375,5,6
Real reference,,3221,0.36875,6,6
Real reference,,3222,0.3375,6,7
Real reference,,3223,0.30625,5,7
Real reference,,3224,0.31875,5,7
Real reference,,3225,0.4,5,5
Real reference,,3226,0.26875,6,6
Real reference,,3227,0.39375,5,5
Real reference,,3228,0.41875,4,6
Real reference,,3229,0.30625,6,6
Real reference,,3230,0.45625,5,7
Real reference,,3231,0.30625,4,5
Real reference,,3232,0.375,7,7
Real reference,,3233,0.4125,5,5
Real reference,,3234,0.3375,7,7
Real reference,,3235,0.33125,4,5
Real reference,,3236,0.46875,4,5
Real reference,,3237,0.44375,4,5
Real reference,,3238,0.28125,7,7
Real reference,,3239,0.4625,6,6
Real reference,,3240,0.3375,4,4
Real reference,,3241,0.2,9,9
Real reference,,3242,0.45,5,8
Real reference,,3243,0.35625,5,5
Real reference,,3244,0.4125,3,5
Real reference,,3245,0.39375,5,5
Real reference,,3246,0.375,5,8
Real reference,,3247,0.25,6,6
Real reference,,3248,0.3625,6,16
Real reference,,3249,0.3375,4,5
Real reference,,3250,0.45625,4,5
Real reference,,3251,0.5125,5,5
Real reference,,3252,0.39375,5,5
Real reference,,3253,0.31875,9,9
Real reference,,3254,0.3,11,11
Real reference,,3255,0.38125,4,6
Real reference,,3256,0.3,8,9
Real reference,,3257,0.40625,4,16
Real reference,,3258,0.31875,4,6
Real reference,,3259,0.21875,8,8
Real reference,,3260,0.4125,6,6
Real reference,,3261,0.3875,4,5
Real reference,,3262,0.3125,6,7
Real reference,,3263,0.3375,5,6
Real reference,,3264,0.4,5,8
Real reference,,3265,0.375,3,7
Real reference,,3266,0.475,4,6
Real reference,,3267,0.475,4,4
Real reference,,3268,0.33125,4,5
Real reference,,3269,0.4375,5,5
Real reference,,3270,0.38125,4,6
Real reference,,3271,0.325,5,8
Real reference,,3272,0.3125,5,9
Real reference,,3273,0.39375,5,8
Real reference,,3274,0.2875,6,6
Real reference,,3275,0.375,7,8
Real reference,,3276,0.3625,6,6
Real reference,,3277,0.30625,7,7
Real reference,,3278,0.51875,10,10
Real reference,,3279,0.43125,5,5
Real reference,,3280,0.4125,4,5
Real reference,,3281,0.5125,3,5
Real reference,,3282,0.34375,5,5
Real reference,,3283,0.25,5,6
Real reference,,3284,0.4875,4,6
Real reference,,3285,0.5,3,5
Real reference,,3286,0.2125,11,11
Real reference,,3287,0.46875,3,6
Real reference,,3288,0.425,4,5
Real reference,,3289,0.40625,4,5
Real reference,,3290,0.39375,7,7
Real reference,,3291,0.25,5,7
Real reference,,3292,0.4375,5,5
Real reference,,3293,0.56875,5,5
Real reference,,3294,0.475,4,7
Real reference,,3295,0.3,5,6
Real reference,,3296,0.44375,3,5
Real reference,,3297,0.51875,4,5
Real reference,,3298,0.375,5,7
Real reference,,3299,0.3375,11,11
Real reference,,3300,0.30625,5,6
Real reference,,3301,0.39375,8,8
Real reference,,3302,0.48125,4,4
Real reference,,3303,0.36875,5,5
Real reference,,3304,0.25,7,7
Real reference,,3305,0.4375,12,12
Real reference,,3306,0.41875,5,5
Real reference,,3307,0.29375,10,10
Real reference,,3308,0.31875,6,16
Real reference,,3309,0.38125,6,6
Real reference,,3310,0.3125,8,8
Real reference,,3311,0.4375,4,4
Real reference,,3312,0.44375,4,4
Real reference,,3313,0.31875,4,4
Real reference,,3314,0.4125,4,5
Real reference,,3315,0.3875,5,5
Real reference,,3316,0.31875,4,5
Real reference,,3317,0.35625,9,9
Real reference,,3318,0.1875,6,7
Real reference,,3319,0.4,5,6
Real reference,,3320,0.39375,4,6
Real reference,,3321,0.425,4,7
Real reference,,3322,0.35,5,5
Real reference,,3323,0.33125,7,7
Real reference,,3324,0.3875,6,7
Real reference,,3325,0.3375,6,6
Real reference,,3326,0.48125,4,5
Real reference,,3327,0.28125,6,6
Real reference,,3328,0.38125,8,8
Real reference,,3329,0.41875,5,6
Real reference,,3330,0.275,7,7
Real reference,,3331,0.39375,4,5
Real reference,,3332,0.41875,4,6
Real reference,,3333,0.3375,5,5
Real reference,,3334,0.38125,5,6
Real reference,,3335,0.3625,4,5
Real reference,,3336,0.2625,8,8
Real reference,,3337,0.45625,4,11
Real reference,,3338,0.53125,3,5
Real reference,,3339,0.4375,4,5
Real reference,,3340,0.40625,5,5
Real reference,,3341,0.475,4,6
Real reference,,3342,0.375,6,6
Real reference,,3343,0.54375,4,5
Real reference,,3344,0.35,4,4
Real reference,,3345,0.40625,6,7
Real reference,,3346,0.45625,4,4
Real reference,,3347,0.49375,3,5
Real reference,,3348,0.35625,5,9
Real reference,,3349,0.475,4,4
Real reference,,3350,0.41875,5,8
Real reference,,3351,0.325,5,5
Real reference,,3352,0.425,4,5
Real reference,,3353,0.44375,3,8
Real reference,,3354,0.2625,7,7
Real reference,,3355,0.34375,5,5
Real reference,,3356,0.4,4,6
Real reference,,3357,0.4375,4,9
Real reference,,3358,0.425,4,7
Real reference,,3359,0.4625,3,5
Real reference,,3360,0.25625,6,7
Real reference,,3361,0.35625,4,6
Real reference,,3362,0.3875,3,5
Real reference,,3363,0.35625,9,9
Real reference,,3364,0.50625,4,6
Real reference,,3365,0.43125,4,5
Real reference,,3366,0.39375,6,6
Real reference,,3367,0.43125,4,6
Real reference,,3368,0.34375,5,5
Real reference,,3369,0.4375,4,7
Real reference,,3370,0.45,4,6
Real reference,,3371,0.41875,5,5
Real reference,,3372,0.4125,9,9
Real reference,,3373,0.35,6,7
Real reference,,3374,0.4,6,12
Real reference,,3375,0.3875,6,6
Real reference,,3376,0.425,4,4
Real reference,,3377,0.44375,5,5
Real reference,,3378,0.3625,4,7
Real reference,,3379,0.475,6,6
Real reference,,3380,0.36875,5,5
Real reference,,3381,0.29375,10,10
Real reference,,3382,0.49375,3,11
Real reference,,3383,0.36875,4,7
Real reference,,3384,0.2875,6,6
Real reference,,3385,0.43125,5,6
Real reference,,3386,0.39375,3,6
Real reference,,3387,0.36875,5,5
Real reference,,3388,0.5,3,7
Real reference,,3389,0.46875,4,5
Real reference,,3390,0.5625,4,5
Real reference,,3391,0.5375,4,5
Real reference,,3392,0.325,5,5
Real reference,,3393,0.5,4,4
Real reference,,3394,0.3,5,5
Real reference,,3395,0.425,5,6
Real reference,,3396,0.43125,7,7
Real reference,,3397,0.2875,10,10
Real reference,,3398,0.4375,6,6
Real reference,,3399,0.475,4,6
Real reference,,3400,0.50625,4,6
Real reference,,3401,0.3375,5,5
Real reference,,3402,0.45625,5,5
Real reference,,3403,0.3875,3,6
Real reference,,3404,0.25625,13,13
Real reference,,3405,0.375,4,10
Real reference,,3406,0.38125,6,7
Real reference,,3407,0.3125,5,5
Real reference,,3408,0.325,7,7
Real reference,,3409,0.3375,5,6
Real reference,,3410,0.33125,20,20
Real reference,,3411,0.3375,9,9
Real reference,,3412,0.35,8,8
Real reference,,3413,0.2375,6,6
Real reference,,3414,0.4125,5,11
Real reference,,3415,0.29375,7,7
Real reference,,3416,0.3,6,7
Real reference,,3417,0.4375,4,4
Real reference,,3418,0.55625,3,7
Real reference,,3419,0.3,6,6
Real reference,,3420,0.45,5,5
Real reference,,3421,0.33125,4,6
Real reference,,3422,0.3625,8,8
Real reference,,3423,0.39375,8,8
Real reference,,3424,0.275,15,15
Real reference,,3425,0.30625,7,7
Real reference,,3426,0.2875,12,12
Real reference,,3427,0.4125,5,9
Real reference,,3428,0.375,6,6
Real reference,,3429,0.41875,4,5
Real reference,,3430,0.3625,4,6
Real reference,,3431,0.33125,4,5
Real reference,,3432,0.39375,5,7
Real reference,,3433,0.41875,4,5
Real reference,,3434,0.29375,5,5
Real reference,,3435,0.30625,6,6
Real reference,,3436,0.28125,7,7
Real reference,,3437,0.34375,6,6
Real reference,,3438,0.35625,7,7
Real reference,,3439,0.45,4,5
Real reference,,3440,0.40625,6,7
Real reference,,3441,0.39375,7,10
Real reference,,3442,0.375,9,9
Real reference,,3443,0.3625,11,18
Real reference,,3444,0.3625,4,6
Real reference,,3445,0.34375,5,5
Real reference,,3446,0.375,5,5
Real reference,,3447,0.5125,3,7
Real reference,,3448,0.53125,5,5
Real reference,,3449,0.36875,5,5
Real reference,,3450,0.3625,4,9
Real reference,,3451,0.45625,4,7
Real reference,,3452,0.25625,7,7
Real reference,,3453,0.4125,4,10
Real reference,,3454,0.53125,4,6
Real reference,,3455,0.325,7,7
Real reference,,3456,0.34375,7,7
Real reference,,3457,0.3125,5,5
Real reference,,3458,0.41875,7,7
Real reference,,3459,0.43125,5,5
Real reference,,3460,0.40625,5,6
Real reference,,3461,0.35625,4,6
Real reference,,3462,0.49375,5,6
Real reference,,3463,0.4,5,5
Real reference,,3464,0.33125,19,19
Real reference,,3465,0.4,8,8
Real reference,,3466,0.35625,5,5
Real reference,,3467,0.275,6,7
Real reference,,3468,0.325,6,6
Real reference,,3469,0.3125,5,5
Real reference,,3470,0.33125,7,8
Real reference,,3471,0.4875,4,12
Real reference,,3472,0.41875,6,6
Real reference,,3473,0.38125,3,5
Real reference,,3474,0.4125,4,8
Real reference,,3475,0.34375,5,6
Real reference,,3476,0.43125,3,7
Real reference,,3477,0.41875,5,5
Real reference,,3478,0.475,4,4
Real reference,,3479,0.48125,5,19
Real reference,,3480,0.30625,14,14
Real reference,,3481,0.3125,8,9
Real reference,,3482,0.3375,5,5
Real reference,,3483,0.39375,6,6
Real reference,,3484,0.35625,4,5
Real reference,,3485,0.30625,4,5
Real reference,,3486,0.36875,5,6
Real reference,,3487,0.5125,4,6
Real reference,,3488,0.375,4,4
Real reference,,3489,0.4125,5,6
Real reference,,3490,0.34375,3,6
Real reference,,3491,0.35,5,5
Real reference,,3492,0.41875,3,9
Real reference,,3493,0.33125,6,6
Real reference,,3494,0.20625,4,4
Real reference,,3495,0.28125,6,6
Real reference,,3496,0.4,5,22
Real reference,,3497,0.35625,12,12
Real reference,,3498,0.4375,6,9
Real reference,,3499,0.36875,6,7
Real reference,,3500,0.2625,7,7
Real reference,,3501,0.3875,5,6
Real reference,,3502,0.4875,5,5
Real reference,,3503,0.31875,4,4
Real reference,,3504,0.44375,4,7
Real reference,,3505,0.4625,3,4
Real reference,,3506,0.30625,7,7
Real reference,,3507,0.35625,6,6
Real reference,,3508,0.3625,6,6
Real reference,,3509,0.33125,8,8
Real reference,,3510,0.39375,4,5
Real reference,,3511,0.35625,6,6
Real reference,,3512,0.31875,10,10
Real reference,,3513,0.475,5,5
Real reference,,3514,0.46875,4,6
Real reference,,3515,0.375,4,6
Real reference,,3516,0.4125,3,10
Real reference,,3517,0.25,8,8
Real reference,,3518,0.35625,8,8
Real reference,,3519,0.34375,3,5
Real reference,,3520,0.30625,5,6
Real reference,,3521,0.20625,8,8
Real reference,,3522,0.50625,4,7
Real reference,,3523,0.51875,3,6
Real reference,,3524,0.4625,5,6
Real reference,,3525,0.41875,5,6
Real reference,,3526,0.35,4,4
Real reference,,3527,0.325,15,15
Real reference,,3528,0.40625,4,6
Real reference,,3529,0.525,5,5
Real reference,,3530,0.34375,7,7
Real reference,,3531,0.38125,7,8
Real reference,,3532,0.4,5,5
Real reference,,3533,0.275,6,6
Real reference,,3534,0.39375,5,10
Real reference,,3535,0.35,5,5
Real reference,,3536,0.44375,11,11
Real reference,,3537,0.4,5,5
Real reference,,3538,0.3375,7,7
Real reference,,3539,0.34375,4,4
Real reference,,3540,0.34375,5,10
Real reference,,3541,0.33125,10,10
Real reference,,3542,0.325,4,5
Real reference,,3543,0.4125,5,5
Real reference,,3544,0.425,3,6
Real reference,,3545,0.40625,4,5
Real reference,,3546,0.425,4,5
Real reference,,3547,0.2875,12,12
Real reference,,3548,0.4625,5,6
Real reference,,3549,0.525,4,5
Real reference,,3550,0.25625,7,7
Real reference,,3551,0.38125,4,11
Real reference,,3552,0.5,4,6
Real reference,,3553,0.35,7,7
Real reference,,3554,0.3125,6,6
Real reference,,3555,0.39375,4,5
Real reference,,3556,0.34375,5,5
Real reference,,3557,0.4875,5,5
Real reference,,3558,0.30625,4,5
Real reference,,3559,0.3125,7,7
Real reference,,3560,0.45625,4,16
Real reference,,3561,0.49375,5,5
Real reference,,3562,0.36875,5,5
Real reference,,3563,0.38125,5,5
Real reference,,3564,0.35625,5,5
Real reference,,3565,0.34375,6,6
Real reference,,3566,0.3375,4,4
Real reference,,3567,0.34375,6,6
Real reference,,3568,0.18125,9,15
Real reference,,3569,0.41875,9,9
Real reference,,3570,0.4875,3,6
Real reference,,3571,0.31875,5,8
Real reference,,3572,0.43125,5,7
Real reference,,3573,0.35625,5,5
Real reference,,3574,0.3125,5,7
Real reference,,3575,0.35,3,5
Real reference,,3576,0.325,4,5
Real reference,,3577,0.29375,6,9
Real reference,,3578,0.31875,5,5
Real reference,,3579,0.35,11,11
Real reference,,3580,0.28125,8,8
Real reference,,3581,0.34375,5,6
Real reference,,3582,0.46875,5,5
Real reference,,3583,0.475,6,6
Real reference,,3584,0.4125,5,7
Real reference,,3585,0.4625,3,8
Real reference,,3586,0.41875,3,4
Real reference,,3587,0.45625,4,7
Real reference,,3588,0.45625,4,5
Real reference,,3589,0.36875,5,6
Real reference,,3590,0.4875,4,7
Real reference,,3591,0.475,3,4
Real reference,,3592,0.39375,4,6
Real reference,,3593,0.24375,7,7
Real reference,,3594,0.34375,7,7
Real reference,,3595,0.21875,5,6
Real reference,,3596,0.41875,6,6
Real reference,,3597,0.49375,5,5
Real reference,,3598,0.3875,6,6
Real reference,,3599,0.38125,5,5
Real reference,,3600,0.3875,4,5
Real reference,,3601,0.2625,6,6
Real reference,,3602,0.4375,4,6
Real reference,,3603,0.29375,8,8
Real reference,,3604,0.31875,5,7
Real reference,,3605,0.49375,5,5
Real reference,,3606,0.425,5,5
Real reference,,3607,0.30625,7,7
Real reference,,3608,0.3625,5,6
Real reference,,3609,0.425,4,5
Real reference,,3610,0.325,5,5
Real reference,,3611,0.4625,3,19
Real reference,,3612,0.35625,7,8
Real reference,,3613,0.35,5,5
Real reference,,3614,0.4875,4,5
Real reference,,3615,0.4375,3,6
Real reference,,3616,0.35625,5,6
Real reference,,3617,0.375,5,5
Real reference,,3618,0.26875,8,8
Real reference,,3619,0.29375,5,9
Real reference,,3620,0.66875,6,7
Real reference,,3621,0.375,3,6
Real reference,,3622,0.31875,6,6
Real reference,,3623,0.3375,5,5
Real reference,,3624,0.45625,4,6
Real reference,,3625,0.44375,5,5
Real reference,,3626,0.2875,6,6
Real reference,,3627,0.275,11,11
Real reference,,3628,0.35625,5,6
Real reference,,3629,0.3375,4,5
Real reference,,3630,0.38125,5,5
Real reference,,3631,0.40625,5,7
Real reference,,3632,0.35,4,5
Real reference,,3633,0.3,7,7
Real reference,,3634,0.4375,4,6
Real reference,,3635,0.5125,2,6
Real reference,,3636,0.36875,5,5
Real reference,,3637,0.3875,10,10
Real reference,,3638,0.36875,6,6
Real reference,,3639,0.31875,7,7
Real reference,,3640,0.25625,8,9
Real reference,,3641,0.3625,5,5
Real reference,,3642,0.35625,5,7
Real reference,,3643,0.34375,5,6
Real reference,,3644,0.375,6,6
Real reference,,3645,0.2875,5,5
Real reference,,3646,0.46875,4,5
Real reference,,3647,0.4125,4,10
Real reference,,3648,0.35,11,11
Real reference,,3649,0.4,19,19
Real reference,,3650,0.4875,4,5
Real reference,,3651,0.25,7,7
Real reference,,3652,0.35625,8,8
Real reference,,3653,0.3125,10,10
Real reference,,3654,0.475,4,12
Real reference,,3655,0.425,4,8
Real reference,,3656,0.3375,5,5
Real reference,,3657,0.275,4,6
Real reference,,3658,0.45,4,6
Real reference,,3659,0.45625,3,4
Real reference,,3660,0.24375,9,9
Real reference,,3661,0.40625,5,6
Real reference,,3662,0.3875,4,6
Real reference,,3663,0.2875,4,5
Real reference,,3664,0.46875,4,6
Real reference,,3665,0.33125,7,7
Real reference,,3666,0.30625,7,7
Real reference,,3667,0.4625,4,8
Real reference,,3668,0.41875,4,4
Real reference,,3669,0.3,10,10
Real reference,,3670,0.35625,4,7
Real reference,,3671,0.35,5,8
Real reference,,3672,0.3375,5,5
Real reference,,3673,0.2875,9,9
Real reference,,3674,0.30625,6,7
Real reference,,3675,0.2875,6,6
Real reference,,3676,0.41875,8,8
Real reference,,3677,0.4,3,5
Real reference,,3678,0.31875,4,5
Real reference,,3679,0.46875,3,4
Real reference,,3680,0.4625,3,6
Real reference,,3681,0.26875,7,7
Real reference,,3682,0.50625,4,4
Real reference,,3683,0.44375,4,5
Real reference,,3684,0.49375,5,5
Real reference,,3685,0.4875,4,6
Real reference,,3686,0.36875,6,6
Real reference,,3687,0.275,8,8
Real reference,,3688,0.38125,5,11
Real reference,,3689,0.41875,4,14
Real reference,,3690,0.33125,6,6
Real reference,,3691,0.44375,5,5
Real reference,,3692,0.44375,3,6
Real reference,,3693,0.38125,5,5
Real reference,,3694,0.3625,8,8
Real reference,,3695,0.33125,4,5
Real reference,,3696,0.30625,4,6
Real reference,,3697,0.41875,6,6
Real reference,,3698,0.50625,4,5
Real reference,,3699,0.35,4,5
Real reference,,3700,0.4125,4,6
Real reference,,3701,0.46875,4,4
Real reference,,3702,0.325,6,6
Real reference,,3703,0.40625,5,10
Real reference,,3704,0.49375,4,6
Real reference,,3705,0.35625,4,6
Real reference,,3706,0.35,6,6
Real reference,,3707,0.35625,5,5
Real reference,,3708,0.275,5,6
Real reference,,3709,0.2875,8,8
Real reference,,3710,0.46875,5,8
Real reference,,3711,0.3,5,5
Real reference,,3712,0.39375,6,7
Real reference,,3713,0.38125,6,6
Real reference,,3714,0.34375,7,7
Real reference,,3715,0.4625,4,8
Real reference,,3716,0.45,5,5
Real reference,,3717,0.2125,6,6
Real reference,,3718,0.34375,6,8
Real reference,,3719,0.38125,4,6
Real reference,,3720,0.43125,4,5
Real reference,,3721,0.5,3,6
Real reference,,3722,0.31875,6,6
Real reference,,3723,0.3625,4,5
Real reference,,3724,0.4,5,7
Real reference,,3725,0.34375,5,6
Real reference,,3726,0.2625,8,8
Real reference,,3727,0.4875,4,5
Real reference,,3728,0.46875,4,7
Real reference,,3729,0.2375,11,11
Real reference,,3730,0.5,4,4
Real reference,,3731,0.55,3,5
Real reference,,3732,0.35625,4,5
Real reference,,3733,0.44375,4,7
Real reference,,3734,0.3875,5,5
Real reference,,3735,0.33125,5,6
Real reference,,3736,0.4375,7,7
Real reference,,3737,0.425,8,8
Real reference,,3738,0.4125,4,6
Real reference,,3739,0.4,4,8
Real reference,,3740,0.4125,5,5
Real reference,,3741,0.3625,4,5
Real reference,,3742,0.46875,4,7
Real reference,,3743,0.55,4,7
Real reference,,3744,0.3625,5,5
Real reference,,3745,0.46875,3,6
Real reference,,3746,0.44375,4,5
Real reference,,3747,0.3375,5,6
Real reference,,3748,0.4,9,9
Real reference,,3749,0.425,3,6
Real reference,,3750,0.39375,5,6
Real reference,,3751,0.38125,7,8
Real reference,,3752,0.43125,6,6
Real reference,,3753,0.35625,7,7
Real reference,,3754,0.36875,5,5
Real reference,,3755,0.35,5,5
Real reference,,3756,0.40625,4,6
Real reference,,3757,0.45625,3,7
Real reference,,3758,0.475,4,5
Real reference,,3759,0.325,17,17
Real reference,,3760,0.39375,5,7
Real reference,,3761,0.34375,5,5
Real reference,,3762,0.2875,5,6
Real reference,,3763,0.39375,6,6
Real reference,,3764,0.55625,4,5
Real reference,,3765,0.2375,8,8
Real reference,,3766,0.3625,7,7
Real reference,,3767,0.29375,4,5
Real reference,,3768,0.325,5,7
Real reference,,3769,0.45625,6,6
Real reference,,3770,0.3875,7,7
Real reference,,3771,0.275,6,6
Real reference,,3772,0.41875,5,7
Real reference,,3773,0.41875,4,6
Real reference,,3774,0.425,4,5
Real reference,,3775,0.4,5,5
Real reference,,3776,0.41875,4,7
Real reference,,3777,0.4,4,5
Real reference,,3778,0.44375,5,6
Real reference,,3779,0.3125,7,7
Real reference,,3780,0.45,5,6
Real reference,,3781,0.48125,4,7
Real reference,,3782,0.49375,3,5
Real reference,,3783,0.39375,6,6
Real reference,,3784,0.4875,3,5
Real reference,,3785,0.51875,3,5
Real reference,,3786,0.4,5,7
Real reference,,3787,0.5375,3,6
Real reference,,3788,0.40625,4,12
Real reference,,3789,0.425,5,5
Real reference,,3790,0.43125,4,5
Real reference,,3791,0.375,5,5
Real reference,,3792,0.25625,10,10
Real reference,,3793,0.41875,5,8
Real reference,,3794,0.44375,5,5
Real reference,,3795,0.2375,6,7
Real reference,,3796,0.36875,6,6
Real reference,,3797,0.4125,6,6
Real reference,,3798,0.28125,7,7
Real reference,,3799,0.46875,10,29
Real reference,,3800,0.275,7,14
Real reference,,3801,0.26875,5,5
Real reference,,3802,0.38125,4,10
Real reference,,3803,0.4,4,4
Real reference,,3804,0.26875,8,8
Real reference,,3805,0.38125,10,10
Real reference,,3806,0.41875,4,4
Real reference,,3807,0.3625,6,6
Real reference,,3808,0.54375,3,4
Real reference,,3809,0.3875,4,4
Real reference,,3810,0.28125,6,8
Real reference,,3811,0.375,5,5
Real reference,,3812,0.35,5,5
Real reference,,3813,0.31875,9,9
Real reference,,3814,0.3875,6,17
Real reference,,3815,0.4125,3,5
Real reference,,3816,0.31875,7,7
Real reference,,3817,0.5125,3,6
Real reference,,3818,0.55625,3,6
Real reference,,3819,0.25,9,9
Real reference,,3820,0.45625,5,5
Real reference,,3821,0.38125,5,9
Real reference,,3822,0.3625,6,6
Real reference,,3823,0.41875,4,5
Real reference,,3824,0.3375,6,6
Real reference,,3825,0.3625,5,5
Real reference,,3826,0.3875,5,6
Real reference,,3827,0.325,5,5
Real reference,,3828,0.2875,5,7
Real reference,,3829,0.45,4,41
Real reference,,3830,0.33125,5,5
Real reference,,3831,0.4125,5,13
Real reference,,3832,0.46875,3,8
Real reference,,3833,0.4125,4,7
Real reference,,3834,0.2875,4,5
Real reference,,3835,0.51875,5,5
Real reference,,3836,0.50625,3,6
Real reference,,3837,0.26875,5,8
Real reference,,3838,0.325,5,6
Real reference,,3839,0.33125,8,8
Real reference,,3840,0.25,5,6
Real reference,,3841,0.3375,10,10
Real reference,,3842,0.33125,8,8
Real reference,,3843,0.33125,5,6
Real reference,,3844,0.30625,7,7
Real reference,,3845,0.45,5,5
Real reference,,3846,0.375,5,5
Real reference,,3847,0.45625,4,9
Real reference,,3848,0.4625,3,5
Real reference,,3849,0.3125,7,8
Real reference,,3850,0.50625,4,5
Real reference,,3851,0.5125,3,8
Real reference,,3852,0.3375,5,9
Real reference,,3853,0.44375,5,5
Real reference,,3854,0.375,4,4
Real reference,,3855,0.175,8,8
Real reference,,3856,0.41875,3,6
Real reference,,3857,0.43125,3,6
Real reference,,3858,0.3375,5,6
Real reference,,3859,0.3125,5,5
Real reference,,3860,0.35,4,6
Real reference,,3861,0.25625,11,11
Real reference,,3862,0.4,4,8
Real reference,,3863,0.3625,12,12
Real reference,,3864,0.3625,4,7
Real reference,,3865,0.41875,4,5
Real reference,,3866,0.4375,5,8
Real reference,,3867,0.34375,6,12
Real reference,,3868,0.4,5,34
Real reference,,3869,0.2875,8,8
Real reference,,3870,0.2125,6,7
Real reference,,3871,0.5,5,10
Real reference,,3872,0.53125,6,8
Real reference,,3873,0.425,8,8
Real reference,,3874,0.39375,4,6
Real reference,,3875,0.3,6,6
Real reference,,3876,0.3375,6,6
Real reference,,3877,0.375,4,7
Real reference,,3878,0.4125,5,7
Real reference,,3879,0.425,5,9
Real reference,,3880,0.3875,5,6
Real reference,,3881,0.31875,7,7
Real reference,,3882,0.2375,7,7
Real reference,,3883,0.38125,5,6
Real reference,,3884,0.4875,5,5
Real reference,,3885,0.38125,5,5
Real reference,,3886,0.3375,4,5
Real reference,,3887,0.3125,4,7
Real reference,,3888,0.36875,6,6
Real reference,,3889,0.38125,4,6
Real reference,,3890,0.39375,3,7
Real reference,,3891,0.3125,6,6
Real reference,,3892,0.35,10,10
Real reference,,3893,0.525,5,5
Real reference,,3894,0.39375,6,6
Real reference,,3895,0.475,4,5
Real reference,,3896,0.41875,6,6
Real reference,,3897,0.35,5,5
Real reference,,3898,0.35625,8,8
Real reference,,3899,0.31875,4,5
Real reference,,3900,0.35,5,5
Real reference,,3901,0.45625,4,5
Real reference,,3902,0.40625,8,8
Real reference,,3903,0.3125,6,6
Real reference,,3904,0.3375,5,5
Real reference,,3905,0.41875,4,5
Real reference,,3906,0.13125,4,24
Real reference,,3907,0.38125,10,10
Real reference,,3908,0.48125,4,5
Real reference,,3909,0.21875,13,13
Real reference,,3910,0.33125,7,7
Real reference,,3911,0.49375,4,7
Real reference,,3912,0.4375,8,8
Real reference,,3913,0.48125,3,6
Real reference,,3914,0.33125,5,6
Real reference,,3915,0.31875,8,8
Real reference,,3916,0.4375,4,10
Real reference,,3917,0.4375,4,9
Real reference,,3918,0.2625,9,9
Real reference,,3919,0.45,3,5
Real reference,,3920,0.3625,6,6
Real reference,,3921,0.4,5,7
Real reference,,3922,0.475,4,7
Real reference,,3923,0.425,4,4
Real reference,,3924,0.4,7,7
Real reference,,3925,0.375,4,7
Real reference,,3926,0.31875,5,5
Real reference,,3927,0.21875,6,6
Real reference,,3928,0.5125,3,9
Real reference,,3929,0.44375,4,5
Real reference,,3930,0.35,5,5
Real reference,,3931,0.53125,3,6
Real reference,,3932,0.45625,4,4
Real reference,,3933,0.36875,9,9
Real reference,,3934,0.4,5,5
Real reference,,3935,0.33125,6,6
Real reference,,3936,0.275,9,9
Real reference,,3937,0.38125,7,9
Real reference,,3938,0.51875,6,6
Real reference,,3939,0.35,5,7
Real reference,,3940,0.4625,5,9
Real reference,,3941,0.4375,4,5
Real reference,,3942,0.46875,6,6
Real reference,,3943,0.46875,5,20
Real reference,,3944,0.375,5,5
Real reference,,3945,0.16875,5,5
Real reference,,3946,0.46875,4,6
Real reference,,3947,0.46875,4,6
Real reference,,3948,0.4,4,5
Real reference,,3949,0.50625,4,5
Real reference,,3950,0.3625,5,5
Real reference,,3951,0.36875,5,6
Real reference,,3952,0.35,5,6
Real reference,,3953,0.4125,10,10
Real reference,,3954,0.35625,5,10
Real reference,,3955,0.25625,6,6
Real reference,,3956,0.325,11,11
Real reference,,3957,0.275,8,8
Real reference,,3958,0.49375,5,5
Real reference,,3959,0.46875,4,7
Real reference,,3960,0.25,7,7
Real reference,,3961,0.44375,7,7
Real reference,,3962,0.3875,4,5
Real reference,,3963,0.375,4,5
Real reference,,3964,0.375,9,9
Real reference,,3965,0.48125,4,6
Real reference,,3966,0.43125,5,5
Real reference,,3967,0.40625,5,5
Real reference,,3968,0.45,4,4
Real reference,,3969,0.43125,5,6
Real reference,,3970,0.525,6,6
Real reference,,3971,0.475,4,5
Real reference,,3972,0.15625,9,10
Real reference,,3973,0.4125,5,5
Real reference,,3974,0.4875,6,6
Real reference,,3975,0.30625,4,5
Real reference,,3976,0.55,3,7
Real reference,,3977,0.5125,4,4
Real reference,,3978,0.38125,7,11
Real reference,,3979,0.425,6,6
Real reference,,3980,0.4625,4,4
Real reference,,3981,0.35,4,6
Real reference,,3982,0.38125,6,6
Real reference,,3983,0.30625,6,6
Real reference,,3984,0.41875,4,5
Real reference,,3985,0.39375,4,5
Real reference,,3986,0.3,11,11
Real reference,,3987,0.35,7,8
Real reference,,3988,0.29375,8,8
Real reference,,3989,0.25,9,9
Real reference,,3990,0.3125,5,5
Real reference,,3991,0.30625,6,6
Real reference,,3992,0.41875,5,6
Real reference,,3993,0.19375,7,7
Real reference,,3994,0.475,3,4
Real reference,,3995,0.36875,4,4
Real reference,,3996,0.4375,5,5
Real reference,,3997,0.43125,4,6
Real reference,,3998,0.3375,5,7
Real reference,,3999,0.31875,7,7
Real reference,,4000,0.4,6,6
Real reference,,4001,0.4625,4,6
Real reference,,4002,0.23125,8,8
Real reference,,4003,0.3875,4,5
Real reference,,4004,0.3625,5,5
Real reference,,4005,0.21875,10,10
Real reference,,4006,0.35625,9,10
Real reference,,4007,0.40625,5,5
Real reference,,4008,0.4625,3,5
Real reference,,4009,0.3625,5,5
Real reference,,4010,0.4625,8,8
Real reference,,4011,0.25625,8,8
Real reference,,4012,0.35,6,22
Real reference,,4013,0.4,4,7
Real reference,,4014,0.33125,4,4
Real reference,,4015,0.375,6,7
Real reference,,4016,0.35,10,10
Real reference,,4017,0.425,4,5
Real reference,,4018,0.44375,6,6
Real reference,,4019,0.45,4,5
Real reference,,4020,0.20625,6,6
Real reference,,4021,0.44375,3,8
Real reference,,4022,0.5125,4,5
Real reference,,4023,0.48125,3,5
Real reference,,4024,0.41875,6,6
Real reference,,4025,0.44375,6,7
Real reference,,4026,0.44375,4,6
Real reference,,4027,0.31875,5,11
Real reference,,4028,0.38125,5,5
Real reference,,4029,0.39375,5,5
Real reference,,4030,0.3875,5,7
Real reference,,4031,0.4125,4,5
Real reference,,4032,0.3875,4,5
Real reference,,4033,0.40625,5,5
Real reference,,4034,0.40625,8,8
Real reference,,4035,0.4125,7,7
Real reference,,4036,0.4375,7,7
Real reference,,4037,0.36875,7,7
Real reference,,4038,0.34375,5,5
Real reference,,4039,0.5125,5,6
Real reference,,4040,0.475,3,5
Real reference,,4041,0.24375,8,8
Real reference,,4042,0.48125,4,4
Real reference,,4043,0.4875,4,5
Real reference,,4044,0.36875,5,5
Real reference,,4045,0.40625,5,5
Real reference,,4046,0.4625,4,5
Real reference,,4047,0.31875,22,22
Real reference,,4048,0.4125,4,5
Real reference,,4049,0.28125,4,6
Real reference,,4050,0.3625,9,9
Real reference,,4051,0.3875,6,6
Real reference,,4052,0.3375,4,5
Real reference,,4053,0.25,6,7
Real reference,,4054,0.45,4,8
Real reference,,4055,0.46875,4,6
Real reference,,4056,0.2125,6,7
Real reference,,4057,0.575,4,5
Real reference,,4058,0.46875,3,6
Real reference,,4059,0.3625,6,6
Real reference,,4060,0.4875,3,5
Real reference,,4061,0.5375,6,6
Real reference,,4062,0.25,5,5
Real reference,,4063,0.48125,3,9
Real reference,,4064,0.46875,9,9
Real reference,,4065,0.325,6,8
Real reference,,4066,0.34375,5,5
Real reference,,4067,0.40625,4,9
Real reference,,4068,0.23125,8,8
Real reference,,4069,0.375,6,9
Real reference,,4070,0.325,5,5
Real reference,,4071,0.35,5,5
Real reference,,4072,0.5,3,5
Real reference,,4073,0.375,4,5
Real reference,,4074,0.35,7,45
Real reference,,4075,0.45625,5,8
Real reference,,4076,0.4375,4,4
Real reference,,4077,0.2875,5,5
Real reference,,4078,0.375,4,10
Real reference,,4079,0.3875,5,5
Real reference,,4080,0.15,5,7
Real reference,,4081,0.45,4,7
Real reference,,4082,0.41875,6,6
Real reference,,4083,0.24375,6,6
Real reference,,4084,0.3625,4,5
Real reference,,4085,0.3875,3,8
Real reference,,4086,0.46875,5,8
Real reference,,4087,0.39375,4,9
Real reference,,4088,0.45,5,6
Real reference,,4089,0.3375,11,11
Real reference,,4090,0.45625,4,4
Real reference,,4091,0.36875,9,9
Real reference,,4092,0.3875,3,5
Real reference,,4093,0.525,3,10
Real reference,,4094,0.46875,4,4
Real reference,,4095,0.38125,6,6
Real reference,,4096,0.35625,4,11
Real reference,,4097,0.3,6,6
Real reference,,4098,0.33125,6,6
Real reference,,4099,0.39375,4,5
Real reference,,4100,0.41875,5,5
Real reference,,4101,0.3875,7,7
Real reference,,4102,0.41875,4,5
Real reference,,4103,0.5,5,5
Real reference,,4104,0.24375,9,9
Real reference,,4105,0.35625,4,8
Real reference,,4106,0.4375,7,7
Real reference,,4107,0.30625,7,7
Real reference,,4108,0.3625,7,7
Real reference,,4109,0.48125,4,5
Real reference,,4110,0.39375,6,6
Real reference,,4111,0.48125,6,6
Real reference,,4112,0.36875,10,10
Real reference,,4113,0.2375,6,7
Real reference,,4114,0.3625,5,5
Real reference,,4115,0.51875,4,5
Real reference,,4116,0.21875,5,8
Real reference,,4117,0.34375,5,6
Real reference,,4118,0.4375,3,7
Real reference,,4119,0.3375,10,10
Real reference,,4120,0.34375,8,8
Real reference,,4121,0.4375,4,6
Real reference,,4122,0.3375,6,6
Real reference,,4123,0.46875,4,6
Real reference,,4124,0.5625,4,6
Real reference,,4125,0.26875,6,6
Real reference,,4126,0.40625,6,16
Real reference,,4127,0.35,3,8
Real reference,,4128,0.38125,5,5
Real reference,,4129,0.425,4,6
Real reference,,4130,0.39375,4,4
Real reference,,4131,0.3875,5,6
Real reference,,4132,0.45,4,6
Real reference,,4133,0.5375,4,7
Real reference,,4134,0.30625,5,6
Real reference,,4135,0.5,5,6
Real reference,,4136,0.53125,4,4
Real reference,,4137,0.375,6,6
Real reference,,4138,0.4625,3,4
Real reference,,4139,0.50625,4,9
Real reference,,4140,0.40625,4,5
Real reference,,4141,0.39375,5,6
Real reference,,4142,0.39375,4,5
Real reference,,4143,0.3625,4,5
Real reference,,4144,0.36875,4,5
Real reference,,4145,0.34375,5,7
Real reference,,4146,0.31875,14,14
Real reference,,4147,0.275,13,13
Real reference,,4148,0.33125,6,7
Real reference,,4149,0.3375,7,7
Real reference,,4150,0.48125,3,6
Real reference,,4151,0.4,5,5
Real reference,,4152,0.3125,4,4
Real reference,,4153,0.36875,4,5
Real reference,,4154,0.3375,4,5
Real reference,,4155,0.4,7,7
Real reference,,4156,0.425,4,5
Real reference,,4157,0.4625,4,6
Real reference,,4158,0.275,6,6
Real reference,,4159,0.5,3,5
Real reference,,4160,0.33125,6,6
Real reference,,4161,0.29375,7,7
Real reference,,4162,0.4,6,6
Real reference,,4163,0.33125,5,5
Real reference,,4164,0.3625,6,6
Real reference,,4165,0.45625,5,6
Real reference,,4166,0.41875,5,5
Real reference,,4167,0.4,4,9
Real reference,,4168,0.39375,5,7
Real reference,,4169,0.525,4,4
Real reference,,4170,0.3,6,6
Real reference,,4171,0.39375,8,8
Real reference,,4172,0.38125,10,10
Real reference,,4173,0.4125,5,5
Real reference,,4174,0.41875,6,6
Real reference,,4175,0.45,4,5
Real reference,,4176,0.3875,7,7
Real reference,,4177,0.4125,4,5
Real reference,,4178,0.50625,5,5
Real reference,,4179,0.16875,10,10
Real reference,,4180,0.4,6,11
Real reference,,4181,0.40625,4,7
Real reference,,4182,0.30625,5,7
Real reference,,4183,0.35625,5,6
Real reference,,4184,0.41875,6,6
Real reference,,4185,0.34375,5,5
Real reference,,4186,0.41875,5,5
Real reference,,4187,0.39375,5,5
Real reference,,4188,0.30625,6,9
Real reference,,4189,0.34375,5,9
Real reference,,4190,0.36875,4,6
Real reference,,4191,0.41875,6,7
Real reference,,4192,0.44375,5,6
Real reference,,4193,0.525,4,7
Real reference,,4194,0.41875,5,5
Real reference,,4195,0.4375,6,7
Real reference,,4196,0.43125,4,4
Real reference,,4197,0.41875,4,5
Real reference,,4198,0.36875,7,7
Real reference,,4199,0.35625,5,5
Real reference,,4200,0.25625,6,7
Real reference,,4201,0.50625,5,8
Real reference,,4202,0.51875,4,8
Real reference,,4203,0.29375,6,6
Real reference,,4204,0.375,5,5
Real reference,,4205,0.4375,5,7
Real reference,,4206,0.21875,10,10
Real reference,,4207,0.35,5,5
Real reference,,4208,0.44375,15,15
Real reference,,4209,0.35625,4,5
Real reference,,4210,0.4625,4,10
Real reference,,4211,0.43125,3,6
Real reference,,4212,0.4625,4,5
Real reference,,4213,0.33125,9,9
Real reference,,4214,0.3375,6,6
Real reference,,4215,0.3,6,6
Real reference,,4216,0.34375,11,11
Real reference,,4217,0.36875,5,7
Real reference,,4218,0.3375,7,7
Real reference,,4219,0.45625,4,11
Real reference,,4220,0.4875,4,4
Real reference,,4221,0.30625,6,6
Real reference,,4222,0.45,4,8
Real reference,,4223,0.48125,4,5
Real reference,,4224,0.3625,6,9
Real reference,,4225,0.3125,7,7
Real reference,,4226,0.34375,6,11
Real reference,,4227,0.375,4,5
Real reference,,4228,0.38125,5,5
Real reference,,4229,0.46875,3,4
Real reference,,4230,0.2875,6,6
Real reference,,4231,0.375,5,5
Real reference,,4232,0.39375,4,6
Real reference,,4233,0.425,6,6
Real reference,,4234,0.39375,4,6
Real reference,,4235,0.375,5,5
Real reference,,4236,0.475,7,7
Real reference,,4237,0.4375,4,5
Real reference,,4238,0.29375,8,8
Real reference,,4239,0.5625,3,5
Real reference,,4240,0.46875,3,6
Real reference,,4241,0.28125,6,6
Real reference,,4242,0.51875,4,5
Real reference,,4243,0.6,3,6
Real reference,,4244,0.3375,6,6
Real reference,,4245,0.36875,6,6
Real reference,,4246,0.35,6,6
Real reference,,4247,0.2625,11,11
Real reference,,4248,0.56875,6,6
Real reference,,4249,0.38125,5,6
Real reference,,4250,0.4375,6,6
Real reference,,4251,0.3875,9,11
Real reference,,4252,0.31875,5,5
Real reference,,4253,0.4125,5,8
Real reference,,4254,0.44375,6,6
Real reference,,4255,0.51875,3,5
Real reference,,4256,0.3375,9,9
Real reference,,4257,0.41875,5,5
Real reference,,4258,0.43125,4,6
Real reference,,4259,0.19375,5,5
Real reference,,4260,0.44375,5,5
Real reference,,4261,0.375,4,5
Real reference,,4262,0.40625,5,6
Real reference,,4263,0.36875,5,9
Real reference,,4264,0.25625,7,7
Real reference,,4265,0.40625,8,8
Real reference,,4266,0.38125,6,7
Real reference,,4267,0.3875,6,6
Real reference,,4268,0.35625,3,4
Real reference,,4269,0.425,5,5
Real reference,,4270,0.31875,4,5
Real reference,,4271,0.325,5,5
Real reference,,4272,0.30625,5,5
Real reference,,4273,0.2625,7,7
Real reference,,4274,0.4125,5,5
Real reference,,4275,0.3625,5,5
Real reference,,4276,0.3375,5,6
Real reference,,4277,0.36875,5,5
Real reference,,4278,0.4125,4,4
Real reference,,4279,0.3625,5,5
Real reference,,4280,0.36875,4,4
Real reference,,4281,0.30625,9,9
Real reference,,4282,0.48125,4,6
Real reference,,4283,0.35,7,7
Real reference,,4284,0.3375,6,6
Real reference,,4285,0.43125,5,8
Real reference,,4286,0.38125,9,9
Real reference,,4287,0.5,3,5
Real reference,,4288,0.36875,8,8
Real reference,,4289,0.44375,4,9
Real reference,,4290,0.54375,3,5
Real reference,,4291,0.4875,11,11
Real reference,,4292,0.4,4,4
Real reference,,4293,0.44375,5,7
Real reference,,4294,0.3,7,7
Real reference,,4295,0.525,4,5
Real reference,,4296,0.33125,5,5
Real reference,,4297,0.38125,6,6
Real reference,,4298,0.475,4,5
Real reference,,4299,0.54375,4,6
Real reference,,4300,0.30625,4,5
Real reference,,4301,0.425,5,5
Real reference,,4302,0.43125,4,4
Real reference,,4303,0.3,6,6
Real reference,,4304,0.5375,4,12
Real reference,,4305,0.36875,4,6
Real reference,,4306,0.2875,4,5
Real reference,,4307,0.375,5,11
Real reference,,4308,0.4375,4,5
Real reference,,4309,0.40625,4,5
Real reference,,4310,0.4375,5,5
Real reference,,4311,0.38125,5,5
Real reference,,4312,0.3375,11,11
Real reference,,4313,0.4125,11,11
Real reference,,4314,0.34375,5,6
Real reference,,4315,0.28125,8,8
Real reference,,4316,0.41875,4,5
Real reference,,4317,0.45,4,5
Real reference,,4318,0.3625,11,11
Real reference,,4319,0.43125,5,7
Real reference,,4320,0.35625,5,6
Real reference,,4321,0.3,8,8
Real reference,,4322,0.41875,5,6
Real reference,,4323,0.3875,4,6
Real reference,,4324,0.24375,11,11
Real reference,,4325,0.4125,4,9
Real reference,,4326,0.3625,7,7
Real reference,,4327,0.3625,10,10
Real reference,,4328,0.5,5,11
Real reference,,4329,0.5875,3,4
Real reference,,4330,0.35625,4,7
Real reference,,4331,0.3875,7,7
Real reference,,4332,0.38125,11,11
Real reference,,4333,0.3,5,5
Real reference,,4334,0.3875,4,6
Real reference,,4335,0.46875,4,6
Real reference,,4336,0.3,6,6
Real reference,,4337,0.4625,4,5
Real reference,,4338,0.4125,3,5
Real reference,,4339,0.3125,6,6
Real reference,,4340,0.45,4,5
Real reference,,4341,0.45625,4,6
Real reference,,4342,0.33125,9,9
Real reference,,4343,0.4375,8,8
Real reference,,4344,0.4875,4,5
Real reference,,4345,0.24375,4,5
Real reference,,4346,0.41875,9,9
Real reference,,4347,0.5375,4,6
Real reference,,4348,0.375,5,5
Real reference,,4349,0.475,4,5
Real reference,,4350,0.46875,4,5
Real reference,,4351,0.275,6,6
Real reference,,4352,0.48125,5,5
Real reference,,4353,0.35625,11,11
Real reference,,4354,0.4125,4,6
Real reference,,4355,0.49375,3,5
Real reference,,4356,0.6,6,6
Real reference,,4357,0.35625,7,7
Real reference,,4358,0.425,4,15
Real reference,,4359,0.3625,7,8
Real reference,,4360,0.33125,10,10
Real reference,,4361,0.425,4,7
Real reference,,4362,0.48125,5,8
Real reference,,4363,0.36875,7,7
Real reference,,4364,0.43125,4,7
Real reference,,4365,0.41875,5,7
Real reference,,4366,0.3125,8,11
Real reference,,4367,0.375,6,11
Real reference,,4368,0.34375,7,7
Real reference,,4369,0.36875,4,7
Real reference,,4370,0.5375,4,9
Real reference,,4371,0.50625,4,5
Real reference,,4372,0.26875,5,5
Real reference,,4373,0.44375,8,8
Real reference,,4374,0.4125,5,7
Real reference,,4375,0.25625,7,7
Real reference,,4376,0.41875,5,5
Real reference,,4377,0.43125,4,6
Real reference,,4378,0.2875,5,6
Real reference,,4379,0.44375,4,7
Real reference,,4380,0.45625,7,7
Real reference,,4381,0.2625,16,16
Real reference,,4382,0.4125,5,5
Real reference,,4383,0.4375,4,6
Real reference,,4384,0.3625,8,9
Real reference,,4385,0.4,5,14
Real reference,,4386,0.45,3,7
Real reference,,4387,0.4375,3,7
Real reference,,4388,0.3375,5,5
Real reference,,4389,0.31875,6,6
Real reference,,4390,0.3875,9,9
Real reference,,4391,0.46875,4,5
Real reference,,4392,0.3375,5,5
Real reference,,4393,0.525,7,7
Real reference,,4394,0.4125,3,5
Real reference,,4395,0.4,5,5
Real reference,,4396,0.45,5,5
Real reference,,4397,0.44375,3,5
Real reference,,4398,0.1375,6,6
Real reference,,4399,0.375,4,4
Real reference,,4400,0.36875,3,6
Real reference,,4401,0.325,5,6
Real reference,,4402,0.3375,6,7
Real reference,,4403,0.4,5,5
Real reference,,4404,0.25625,7,7
Real reference,,4405,0.33125,7,7
Real reference,,4406,0.35,5,7
Real reference,,4407,0.39375,5,5
Real reference,,4408,0.45,5,5
Real reference,,4409,0.25625,7,7
Real reference,,4410,0.36875,7,7
Real reference,,4411,0.36875,7,7
Real reference,,4412,0.36875,4,4
Real reference,,4413,0.3,9,9
Real reference,,4414,0.54375,3,6
Real reference,,4415,0.59375,4,5
Real reference,,4416,0.31875,6,8
Real reference,,4417,0.325,8,8
Real reference,,4418,0.275,5,6
Real reference,,4419,0.3,6,7
Real reference,,4420,0.45,5,5
Real reference,,4421,0.39375,5,5
Real reference,,4422,0.35625,8,8
Real reference,,4423,0.425,4,4
Real reference,,4424,0.35,5,7
Real reference,,4425,0.24375,6,6
Real reference,,4426,0.3875,5,6
Real reference,,4427,0.28125,7,7
Real reference,,4428,0.35,6,6
Real reference,,4429,0.375,4,6
Real reference,,4430,0.43125,3,6
Real reference,,4431,0.36875,4,4
Real reference,,4432,0.3875,6,11
Real reference,,4433,0.4625,4,4
Real reference,,4434,0.3375,5,5
Real reference,,4435,0.55,5,5
Real reference,,4436,0.4875,4,4
Real reference,,4437,0.35625,5,6
Real reference,,4438,0.425,5,6
Real reference,,4439,0.35,6,6
Real reference,,4440,0.35,4,4
Real reference,,4441,0.525,3,6
Real reference,,4442,0.41875,5,5
Real reference,,4443,0.24375,5,6
Real reference,,4444,0.36875,6,8
Real reference,,4445,0.53125,3,5
Real reference,,4446,0.29375,5,5
Real reference,,4447,0.3875,5,5
Real reference,,4448,0.46875,3,7
Real reference,,4449,0.23125,6,8
Real reference,,4450,0.38125,10,17
Real reference,,4451,0.4,5,9
Real reference,,4452,0.35625,4,4
Real reference,,4453,0.3375,5,5
Real reference,,4454,0.34375,5,5
Real reference,,4455,0.4375,4,4
Real reference,,4456,0.36875,4,5
Real reference,,4457,0.34375,5,6
Real reference,,4458,0.30625,6,6
Real reference,,4459,0.51875,3,5
Real reference,,4460,0.53125,4,8
Real reference,,4461,0.28125,5,5
Real reference,,4462,0.56875,3,4
Real reference,,4463,0.51875,3,4
Real reference,,4464,0.40625,5,6
Real reference,,4465,0.475,5,7
Real reference,,4466,0.35625,7,7
Real reference,,4467,0.375,7,7
Real reference,,4468,0.45,5,6
Real reference,,4469,0.4375,5,5
Real reference,,4470,0.3625,8,8
Real reference,,4471,0.475,4,4
Real reference,,4472,0.4125,4,7
Real reference,,4473,0.31875,5,7
Real reference,,4474,0.4375,6,6
Real reference,,4475,0.4125,4,4
Real reference,,4476,0.28125,5,15
Real reference,,4477,0.36875,7,7
Real reference,,4478,0.3625,8,15
Real reference,,4479,0.25,6,7
Real reference,,4480,0.49375,5,9
Real reference,,4481,0.5,4,5
Real reference,,4482,0.26875,8,22
Real reference,,4483,0.40625,6,8
Real reference,,4484,0.3625,10,10
Real reference,,4485,0.31875,10,10
Real reference,,4486,0.3375,4,7
Real reference,,4487,0.3875,4,8
Real reference,,4488,0.33125,5,5
Real reference,,4489,0.45,5,6
Real reference,,4490,0.46875,5,10
Real reference,,4491,0.33125,5,5
Real reference,,4492,0.475,6,6
Real reference,,4493,0.46875,3,5
Real reference,,4494,0.375,5,5
Real reference,,4495,0.39375,4,6
Real reference,,4496,0.39375,5,7
Real reference,,4497,0.35,4,4
Real reference,,4498,0.45,3,6
Real reference,,4499,0.4875,3,7
Real reference,,4500,0.4375,4,4
Real reference,,4501,0.5125,5,8
Real reference,,4502,0.53125,3,4
Real reference,,4503,0.29375,6,6
Real reference,,4504,0.4125,5,7
Real reference,,4505,0.33125,5,12
Real reference,,4506,0.25625,4,4
Real reference,,4507,0.48125,3,6
Real reference,,4508,0.38125,6,6
Real reference,,4509,0.29375,7,7
Real reference,,4510,0.46875,8,9
Real reference,,4511,0.425,5,7
Real reference,,4512,0.39375,4,4
Real reference,,4513,0.4125,3,5
Real reference,,4514,0.43125,4,6
Real reference,,4515,0.4125,4,5
Real reference,,4516,0.475,5,9
Real reference,,4517,0.4625,6,6
Real reference,,4518,0.225,6,6
Real reference,,4519,0.45,7,7
Real reference,,4520,0.4,5,5
Real reference,,4521,0.29375,7,7
Real reference,,4522,0.35,6,6
Real reference,,4523,0.30625,10,10
Real reference,,4524,0.35625,5,5
Real reference,,4525,0.46875,7,7
Real reference,,4526,0.4625,3,7
Real reference,,4527,0.20625,8,8
Real reference,,4528,0.35,12,12
Real reference,,4529,0.33125,6,6
Real reference,,4530,0.1875,5,6
Real reference,,4531,0.55625,3,6
Real reference,,4532,0.475,4,4
Real reference,,4533,0.31875,8,8
Real reference,,4534,0.30625,5,5
Real reference,,4535,0.43125,4,7
Real reference,,4536,0.35,12,12
Real reference,,4537,0.46875,4,5
Real reference,,4538,0.3125,6,6
Real reference,,4539,0.33125,5,10
Real reference,,4540,0.49375,4,7
Real reference,,4541,0.36875,4,4
Real reference,,4542,0.4875,4,5
Real reference,,4543,0.5375,5,5
Real reference,,4544,0.55,3,6
Real reference,,4545,0.34375,5,5
Real reference,,4546,0.40625,4,5
Real reference,,4547,0.4125,5,6
Real reference,,4548,0.35,4,6
Real reference,,4549,0.53125,5,6
Real reference,,4550,0.44375,5,6
Real reference,,4551,0.3875,5,5
Real reference,,4552,0.425,4,5
Real reference,,4553,0.475,4,7
Real reference,,4554,0.39375,6,6
Real reference,,4555,0.54375,4,5
Real reference,,4556,0.51875,3,5
Real reference,,4557,0.26875,7,7
Real reference,,4558,0.39375,5,9
Real reference,,4559,0.45625,5,6
Real reference,,4560,0.35,6,7
Real reference,,4561,0.4375,4,8
Real reference,,4562,0.35,4,5
Real reference,,4563,0.29375,8,8
Real reference,,4564,0.4,5,13
Real reference,,4565,0.58125,4,6
Real reference,,4566,0.425,8,8
Real reference,,4567,0.43125,4,9
Real reference,,4568,0.43125,4,5
Real reference,,4569,0.3375,7,7
Real reference,,4570,0.33125,5,5
Real reference,,4571,0.4,7,7
Real reference,,4572,0.43125,4,5
Real reference,,4573,0.325,6,7
Real reference,,4574,0.36875,7,7
Real reference,,4575,0.33125,4,7
Real reference,,4576,0.51875,7,7
Real reference,,4577,0.325,5,8
Real reference,,4578,0.24375,8,8
Real reference,,4579,0.44375,5,33
Real reference,,4580,0.5,4,5
Real reference,,4581,0.425,4,6
Real reference,,4582,0.375,6,6
Real reference,,4583,0.49375,4,5
Real reference,,4584,0.4375,7,10
Real reference,,4585,0.3875,4,9
Real reference,,4586,0.45,4,9
Real reference,,4587,0.25,9,9
Real reference,,4588,0.41875,5,5
Real reference,,4589,0.40625,6,6
Real reference,,4590,0.1625,7,7
Real reference,,4591,0.39375,5,5
Real reference,,4592,0.43125,4,18
Real reference,,4593,0.4,5,6
Real reference,,4594,0.375,5,5
Real reference,,4595,0.425,4,7
Real reference,,4596,0.4375,6,6
Real reference,,4597,0.425,4,6
Real reference,,4598,0.3875,5,5
Real reference,,4599,0.3625,5,5
Real reference,,4600,0.4875,3,5
Real reference,,4601,0.4125,5,7
Real reference,,4602,0.4,5,5
Real reference,,4603,0.3875,4,6
Real reference,,4604,0.525,5,5
Real reference,,4605,0.35,6,6
Real reference,,4606,0.49375,3,4
Real reference,,4607,0.48125,3,4
Real reference,,4608,0.3875,5,5
Real reference,,4609,0.375,4,5
Real reference,,4610,0.39375,4,4
Real reference,,4611,0.375,4,5
Real reference,,4612,0.46875,4,5
Real reference,,4613,0.375,4,7
Real reference,,4614,0.2125,8,8
Real reference,,4615,0.4625,4,6
Real reference,,4616,0.375,8,8
Real reference,,4617,0.25,6,6
Real reference,,4618,0.48125,4,7
Real reference,,4619,0.5125,4,5
Real reference,,4620,0.38125,7,10
Real reference,,4621,0.4,8,8
Real reference,,4622,0.3875,5,5
Real reference,,4623,0.325,4,5
Real reference,,4624,0.36875,5,5
Real reference,,4625,0.41875,4,6
Real reference,,4626,0.3375,5,6
Real reference,,4627,0.35625,5,5
Real reference,,4628,0.48125,4,6
Real reference,,4629,0.2875,6,6
Real reference,,4630,0.36875,5,7
Real reference,,4631,0.3125,9,9
Real reference,,4632,0.35,5,5
Real reference,,4633,0.525,3,9
Real reference,,4634,0.51875,5,5
Real reference,,4635,0.31875,6,7
Real reference,,4636,0.375,5,7
Real reference,,4637,0.43125,4,8
Real reference,,4638,0.35625,4,5
Real reference,,4639,0.3375,5,6
Real reference,,4640,0.36875,4,7
Real reference,,4641,0.33125,4,6
Real reference,,4642,0.30625,6,8
Real reference,,4643,0.2625,7,7
Real reference,,4644,0.26875,9,9
Real reference,,4645,0.41875,6,6
Real reference,,4646,0.31875,4,6
Real reference,,4647,0.3625,4,6
Real reference,,4648,0.45625,5,15
Real reference,,4649,0.475,4,9
Real reference,,4650,0.18125,8,8
Real reference,,4651,0.5375,3,7
Real reference,,4652,0.3625,6,6
Real reference,,4653,0.375,5,8
Real reference,,4654,0.4,4,5
Real reference,,4655,0.4,4,6
Real reference,,4656,0.4,5,5
Real reference,,4657,0.4,5,6
Real reference,,4658,0.40625,6,6
Real reference,,4659,0.3125,12,12
Real reference,,4660,0.45625,4,6
Real reference,,4661,0.425,5,13
Real reference,,4662,0.30625,6,11
Real reference,,4663,0.50625,4,7
Real reference,,4664,0.5,5,6
Real reference,,4665,0.38125,10,11
Real reference,,4666,0.3125,5,7
Real reference,,4667,0.4625,4,11
Real reference,,4668,0.325,16,16
Real reference,,4669,0.55,4,5
Real reference,,4670,0.48125,4,5
Real reference,,4671,0.33125,6,7
Real reference,,4672,0.43125,9,9
Real reference,,4673,0.5625,5,5
Real reference,,4674,0.33125,6,6
Real reference,,4675,0.36875,6,6
Real reference,,4676,0.34375,5,5
Real reference,,4677,0.38125,4,8
Real reference,,4678,0.38125,7,7
Real reference,,4679,0.4875,5,6
Real reference,,4680,0.26875,8,9
Real reference,,4681,0.40625,5,7
Real reference,,4682,0.49375,5,6
Real reference,,4683,0.45625,6,6
Real reference,,4684,0.39375,4,7
Real reference,,4685,0.30625,6,6
Real reference,,4686,0.3625,8,8
Real reference,,4687,0.35625,5,7
Real reference,,4688,0.3625,6,6
Real reference,,4689,0.3125,4,6
Real reference,,4690,0.4625,4,4
Real reference,,4691,0.4125,3,5
Real reference,,4692,0.3875,5,7
Real reference,,4693,0.43125,4,5
Real reference,,4694,0.38125,6,6
Real reference,,4695,0.41875,6,6
Real reference,,4696,0.34375,7,7
Real reference,,4697,0.53125,5,5
Real reference,,4698,0.2875,9,9
Real reference,,4699,0.4625,4,5
Real reference,,4700,0.48125,3,5
Real reference,,4701,0.29375,6,8
Real reference,,4702,0.48125,3,7
Real reference,,4703,0.29375,5,5
Real reference,,4704,0.40625,4,8
Real reference,,4705,0.4375,4,7
Real reference,,4706,0.35625,5,5
Real reference,,4707,0.3875,4,4
Real reference,,4708,0.575,4,6
Real reference,,4709,0.34375,5,7
Real reference,,4710,0.23125,5,6
Real reference,,4711,0.4,5,6
Real reference,,4712,0.33125,4,7
Real reference,,4713,0.35,5,5
Real reference,,4714,0.5125,7,9
Real reference,,4715,0.36875,5,5
Real reference,,4716,0.25625,8,8
Real reference,,4717,0.38125,4,11
Real reference,,4718,0.375,6,8
Real reference,,4719,0.21875,11,11
Real reference,,4720,0.48125,5,9
Real reference,,4721,0.375,4,5
Real reference,,4722,0.375,5,5
Real reference,,4723,0.4125,4,10
Real reference,,4724,0.4,6,6
Real reference,,4725,0.30625,6,6
Real reference,,4726,0.46875,5,5
Real reference,,4727,0.4625,5,5
Real reference,,4728,0.275,6,6
Real reference,,4729,0.425,5,5
Real reference,,4730,0.38125,8,10
Real reference,,4731,0.4125,4,6
Real reference,,4732,0.56875,5,7
Real reference,,4733,0.5125,4,5
Real reference,,4734,0.28125,8,8
Real reference,,4735,0.31875,6,6
Real reference,,4736,0.4,4,5
Real reference,,4737,0.4,8,8
Real reference,,4738,0.39375,4,5
Real reference,,4739,0.35625,5,5
Real reference,,4740,0.23125,10,10
Real reference,,4741,0.3125,6,8
Real reference,,4742,0.35625,5,5
Real reference,,4743,0.33125,6,6
Real reference,,4744,0.4875,4,7
Real reference,,4745,0.40625,6,6
Real reference,,4746,0.3375,4,5
Real reference,,4747,0.48125,4,6
Real reference,,4748,0.50625,4,6
Real reference,,4749,0.3125,6,6
Real reference,,4750,0.3625,4,7
Real reference,,4751,0.33125,6,6
Real reference,,4752,0.36875,7,7
Real reference,,4753,0.375,5,7
Real reference,,4754,0.325,7,7
Real reference,,4755,0.31875,6,6
Real reference,,4756,0.4125,3,6
Real reference,,4757,0.53125,4,7
Real reference,,4758,0.34375,7,7
Real reference,,4759,0.40625,6,6
Real reference,,4760,0.5,4,6
Real reference,,4761,0.34375,6,6
Real reference,,4762,0.38125,4,7
Real reference,,4763,0.43125,4,6
Real reference,,4764,0.39375,4,5
Real reference,,4765,0.50625,4,4
Real reference,,4766,0.45625,4,4
Real reference,,4767,0.23125,7,7
Real reference,,4768,0.4125,5,5
Real reference,,4769,0.40625,4,6
Real reference,,4770,0.325,5,6
Real reference,,4771,0.36875,4,8
Real reference,,4772,0.56875,3,4
Real reference,,4773,0.34375,7,7
Real reference,,4774,0.475,5,7
Real reference,,4775,0.44375,4,6
Real reference,,4776,0.3375,5,5
Real reference,,4777,0.3375,5,6
Real reference,,4778,0.35,7,7
Real reference,,4779,0.30625,6,6
Real reference,,4780,0.55625,5,5
Real reference,,4781,0.5,5,8
Real reference,,4782,0.325,5,5
Real reference,,4783,0.475,5,6
Real reference,,4784,0.34375,5,5
Real reference,,4785,0.2875,6,6
Real reference,,4786,0.36875,11,11
Real reference,,4787,0.38125,5,8
Real reference,,4788,0.2875,4,5
Real reference,,4789,0.3625,5,6
Real reference,,4790,0.38125,8,8
Real reference,,4791,0.33125,5,5
Real reference,,4792,0.3625,11,11
Real reference,,4793,0.31875,6,6
Real reference,,4794,0.35,8,8
Real reference,,4795,0.35,4,5
Real reference,,4796,0.34375,5,7
Real reference,,4797,0.31875,7,7
Real reference,,4798,0.59375,5,5
Real reference,,4799,0.40625,4,5
Real reference,,4800,0.36875,15,15
Real reference,,4801,0.46875,4,5
Real reference,,4802,0.56875,4,4
Real reference,,4803,0.34375,4,6
Real reference,,4804,0.4625,3,11
Real reference,,4805,0.35,7,7
Real reference,,4806,0.34375,5,6
Real reference,,4807,0.39375,5,5
Real reference,,4808,0.39375,4,6
Real reference,,4809,0.40625,4,5
Real reference,,4810,0.38125,5,5
Real reference,,4811,0.43125,6,6
Real reference,,4812,0.31875,9,9
Real reference,,4813,0.35625,6,6
Real reference,,4814,0.40625,4,10
Real reference,,4815,0.4625,4,5
Real reference,,4816,0.34375,6,13
Real reference,,4817,0.35625,6,6
Real reference,,4818,0.3875,5,5
Real reference,,4819,0.3125,9,9
Real reference,,4820,0.3625,5,5
Real reference,,4821,0.28125,8,8
Real reference,,4822,0.5125,4,6
Real reference,,4823,0.39375,4,5
Real reference,,4824,0.3,7,7
Real reference,,4825,0.3875,5,5
Real reference,,4826,0.375,4,7
Real reference,,4827,0.2625,10,10
Real reference,,4828,0.49375,4,4
Real reference,,4829,0.54375,4,4
Real reference,,4830,0.46875,3,6
Real reference,,4831,0.3375,5,5
Real reference,,4832,0.33125,5,5
Real reference,,4833,0.40625,5,7
Real reference,,4834,0.3625,11,11
Real reference,,4835,0.36875,5,5
Real reference,,4836,0.34375,5,5
Real reference,,4837,0.4,5,7
Real reference,,4838,0.39375,6,6
Real reference,,4839,0.41875,4,5
Real reference,,4840,0.4625,4,6
Real reference,,4841,0.4625,4,4
Real reference,,4842,0.4125,6,6
Real reference,,4843,0.4375,5,10
Real reference,,4844,0.3125,4,6
Real reference,,4845,0.38125,4,5
Real reference,,4846,0.3875,5,9
Real reference,,4847,0.5375,4,15
Real reference,,4848,0.2875,6,6
Real reference,,4849,0.40625,4,6
Real reference,,4850,0.4125,4,6
Real reference,,4851,0.25,6,6
Real reference,,4852,0.4625,5,5
Real reference,,4853,0.4625,7,7
Real reference,,4854,0.36875,4,6
Real reference,,4855,0.40625,6,6
Real reference,,4856,0.34375,5,5
Real reference,,4857,0.36875,6,6
Real reference,,4858,0.5,3,7
Real reference,,4859,0.34375,4,5
Real reference,,4860,0.38125,4,4
Real reference,,4861,0.40625,5,5
Real reference,,4862,0.45,3,8
Real reference,,4863,0.34375,5,5
Real reference,,4864,0.3625,4,5
Real reference,,4865,0.39375,4,5
Real reference,,4866,0.39375,7,7
Real reference,,4867,0.45,6,6
Real reference,,4868,0.375,6,6
Real reference,,4869,0.36875,7,7
Real reference,,4870,0.4,5,5
Real reference,,4871,0.55,3,6
Real reference,,4872,0.26875,9,9
Real reference,,4873,0.325,6,6
Real reference,,4874,0.425,3,5
Real reference,,4875,0.375,5,5
Real reference,,4876,0.225,8,8
Real reference,,4877,0.175,6,6
Real reference,,4878,0.21875,6,6
Real reference,,4879,0.46875,5,10
Real reference,,4880,0.3625,4,7
Real reference,,4881,0.29375,7,7
Real reference,,4882,0.3625,8,8
Real reference,,4883,0.41875,8,8
Real reference,,4884,0.31875,5,5
Real reference,,4885,0.4875,5,5
Real reference,,4886,0.425,4,5
Real reference,,4887,0.275,5,5
Real reference,,4888,0.3375,7,7
Real reference,,4889,0.3875,6,6
Real reference,,4890,0.35,7,7
Real reference,,4891,0.44375,3,6
Real reference,,4892,0.325,6,6
Real reference,,4893,0.2375,7,7
Real reference,,4894,0.475,3,6
Real reference,,4895,0.5,4,6
Real reference,,4896,0.25625,10,10
Real reference,,4897,0.53125,5,5
Real reference,,4898,0.3375,5,5
Real reference,,4899,0.375,4,6
Real reference,,4900,0.425,4,7
Real reference,,4901,0.38125,4,5
Real reference,,4902,0.28125,18,18
Real reference,,4903,0.45625,5,6
Real reference,,4904,0.4125,4,10
Real reference,,4905,0.39375,4,6
Real reference,,4906,0.39375,4,5
Real reference,,4907,0.35,4,6
Real reference,,4908,0.325,7,7
Real reference,,4909,0.41875,9,9
Real reference,,4910,0.26875,6,6
Real reference,,4911,0.19375,5,10
Real reference,,4912,0.4375,4,6
Real reference,,4913,0.45,3,4
Real reference,,4914,0.33125,6,6
Real reference,,4915,0.3875,4,7
Real reference,,4916,0.3375,5,5
Real reference,,4917,0.40625,4,4
Real reference,,4918,0.4,14,14
Real reference,,4919,0.39375,5,6
Real reference,,4920,0.2875,6,6
Real reference,,4921,0.41875,6,8
Real reference,,4922,0.6,3,5
Real reference,,4923,0.35625,7,7
Real reference,,4924,0.475,4,7
Real reference,,4925,0.475,3,4
Real reference,,4926,0.2875,5,6
Real reference,,4927,0.3875,5,9
Real reference,,4928,0.38125,6,19
Real reference,,4929,0.24375,5,7
Real reference,,4930,0.51875,4,5
Real reference,,4931,0.55,4,5
Real reference,,4932,0.31875,7,7
Real reference,,4933,0.45,4,6
Real reference,,4934,0.41875,4,7
Real reference,,4935,0.39375,4,5
Real reference,,4936,0.3625,6,6
Real reference,,4937,0.4375,7,7
Real reference,,4938,0.225,8,8
Real reference,,4939,0.5375,3,4
Real reference,,4940,0.39375,5,7
Real reference,,4941,0.35625,4,4
Real reference,,4942,0.5,3,6
Real reference,,4943,0.5,3,5
Real reference,,4944,0.50625,5,7
Real reference,,4945,0.3625,8,8
Real reference,,4946,0.31875,10,10
Real reference,,4947,0.35625,5,5
Real reference,,4948,0.4,4,9
Real reference,,4949,0.325,6,6
Real reference,,4950,0.2875,5,5
Real reference,,4951,0.4,6,7
Real reference,,4952,0.43125,5,5
Real reference,,4953,0.35,4,5
Real reference,,4954,0.4625,3,7
Real reference,,4955,0.38125,4,7
Real reference,,4956,0.28125,7,7
Real reference,,4957,0.45625,13,13
Real reference,,4958,0.49375,4,5
Real reference,,4959,0.39375,5,5
Real reference,,4960,0.45625,3,7
Real reference,,4961,0.35,6,8
Real reference,,4962,0.375,4,6
Real reference,,4963,0.34375,5,6
Real reference,,4964,0.3375,4,5
Real reference,,4965,0.2875,11,11
Real reference,,4966,0.43125,4,11
Real reference,,4967,0.4125,4,5
Real reference,,4968,0.35,5,6
Real reference,,4969,0.43125,4,8
Real reference,,4970,0.45,5,7
Real reference,,4971,0.325,4,4
Real reference,,4972,0.3875,8,8
Real reference,,4973,0.29375,12,12
Real reference,,4974,0.175,9,9
Real reference,,4975,0.50625,4,7
Real reference,,4976,0.375,4,5
Real reference,,4977,0.5,6,6
Real reference,,4978,0.3875,5,6
Real reference,,4979,0.36875,5,5
Real reference,,4980,0.3875,5,5
Real reference,,4981,0.41875,5,8
Real reference,,4982,0.3875,5,5
Real reference,,4983,0.3375,4,6
Real reference,,4984,0.4,7,7
Real reference,,4985,0.34375,4,8
Real reference,,4986,0.3375,5,5
Real reference,,4987,0.375,5,5
Real reference,,4988,0.41875,4,5
Real reference,,4989,0.25,13,13
Real reference,,4990,0.38125,4,8
Real reference,,4991,0.39375,5,5
Real reference,,4992,0.375,5,5
Real reference,,4993,0.3375,4,6
Real reference,,4994,0.3375,5,6
Real reference,,4995,0.35,5,5
Real reference,,4996,0.3625,4,7
Real reference,,4997,0.31875,6,6
Real reference,,4998,0.36875,6,6
Real reference,,4999,0.44375,4,7
Real reference,,5000,0.5375,3,5
Real reference,,5001,0.35,6,6
Real reference,,5002,0.375,5,7
Real reference,,5003,0.35625,5,9
Real reference,,5004,0.35,7,8
Real reference,,5005,0.3875,5,5
Real reference,,5006,0.4125,6,7
Real reference,,5007,0.33125,5,5
Real reference,,5008,0.43125,5,6
Real reference,,5009,0.4375,4,7
Real reference,,5010,0.325,4,5
Real reference,,5011,0.375,6,7
Real reference,,5012,0.325,6,6
Real reference,,5013,0.3875,5,12
Real reference,,5014,0.31875,9,9
Real reference,,5015,0.3625,9,11
Real reference,,5016,0.35625,4,5
Real reference,,5017,0.43125,4,8
Real reference,,5018,0.54375,3,5
Real reference,,5019,0.36875,5,5
Real reference,,5020,0.3625,8,8
Real reference,,5021,0.40625,5,7
Real reference,,5022,0.34375,5,5
Real reference,,5023,0.4625,4,5
Real reference,,5024,0.4125,4,6
Real reference,,5025,0.4625,6,6
Real reference,,5026,0.4,6,9
Real reference,,5027,0.4625,5,10
Real reference,,5028,0.2875,5,5
Real reference,,5029,0.38125,4,10
Real reference,,5030,0.40625,10,10
Real reference,,5031,0.33125,13,13
Real reference,,5032,0.5125,4,7
Real reference,,5033,0.475,4,5
Real reference,,5034,0.23125,4,6
Real reference,,5035,0.4,6,6
Real reference,,5036,0.34375,4,18
Real reference,,5037,0.4,5,11
Real reference,,5038,0.49375,5,5
Real reference,,5039,0.3625,5,6
Real reference,,5040,0.35625,5,5
Real reference,,5041,0.4125,5,5
Real reference,,5042,0.3625,6,6
Real reference,,5043,0.31875,6,6
Real reference,,5044,0.375,6,7
Real reference,,5045,0.375,4,5
Real reference,,5046,0.28125,8,8
Real reference,,5047,0.29375,9,9
Real reference,,5048,0.30625,7,7
Real reference,,5049,0.425,5,5
Real reference,,5050,0.45625,4,6
Real reference,,5051,0.50625,4,4
Real reference,,5052,0.425,5,5
Real reference,,5053,0.4125,5,5
Real reference,,5054,0.40625,6,6
Real reference,,5055,0.325,7,7
Real reference,,5056,0.33125,6,8
Real reference,,5057,0.3875,4,5
Real reference,,5058,0.40625,5,8
Real reference,,5059,0.26875,6,6
Real reference,,5060,0.325,7,7
Real reference,,5061,0.34375,7,7
Real reference,,5062,0.3375,5,7
Real reference,,5063,0.3,10,10
Real reference,,5064,0.2625,21,21
Real reference,,5065,0.30625,5,5
Real reference,,5066,0.41875,6,6
Real reference,,5067,0.3,10,10
Real reference,,5068,0.4375,4,5
Real reference,,5069,0.40625,5,5
Real reference,,5070,0.3125,5,7
Real reference,,5071,0.39375,6,6
Real reference,,5072,0.4375,4,4
Real reference,,5073,0.3,5,5
Real reference,,5074,0.375,11,11
Real reference,,5075,0.425,7,7
Real reference,,5076,0.3,8,8
Real reference,,5077,0.55625,5,5
Real reference,,5078,0.3625,4,6
Real reference,,5079,0.25,9,9
Real reference,,5080,0.4375,4,7
Real reference,,5081,0.425,4,5
Real reference,,5082,0.3625,6,6
Real reference,,5083,0.48125,4,6
Real reference,,5084,0.5375,4,7
Real reference,,5085,0.38125,4,6
Real reference,,5086,0.50625,3,5
Real reference,,5087,0.36875,8,8
Real reference,,5088,0.26875,7,7
Real reference,,5089,0.41875,5,5
Real reference,,5090,0.3875,5,7
Real reference,,5091,0.3,4,5
Real reference,,5092,0.46875,4,6
Real reference,,5093,0.5,3,7
Real reference,,5094,0.26875,5,6
Real reference,,5095,0.4875,6,8
Real reference,,5096,0.49375,4,6
Real reference,,5097,0.3125,6,6
Real reference,,5098,0.3375,3,4
Real reference,,5099,0.3375,5,7
Real reference,,5100,0.38125,5,6
Real reference,,5101,0.39375,5,5
Real reference,,5102,0.44375,5,6
Real reference,,5103,0.26875,5,6
Real reference,,5104,0.5125,4,6
Real reference,,5105,0.3375,5,6
Real reference,,5106,0.39375,6,6
Real reference,,5107,0.475,3,7
Real reference,,5108,0.5375,3,5
Real reference,,5109,0.28125,8,8
Real reference,,5110,0.46875,5,23
Real reference,,5111,0.4,6,6
Real reference,,5112,0.4375,4,6
Real reference,,5113,0.39375,5,6
Real reference,,5114,0.4125,4,4
Real reference,,5115,0.31875,11,11
Real reference,,5116,0.5,4,5
Real reference,,5117,0.5625,4,6
Real reference,,5118,0.2625,5,6
Real reference,,5119,0.4125,5,9
Real reference,,5120,0.5125,3,6
Real reference,,5121,0.5125,5,5
Real reference,,5122,0.6125,4,5
Real reference,,5123,0.525,4,6
Real reference,,5124,0.275,5,12
Real reference,,5125,0.39375,4,5
Real reference,,5126,0.29375,5,8
Real reference,,5127,0.375,5,5
Real reference,,5128,0.5625,6,6
Real reference,,5129,0.5,4,10
Real reference,,5130,0.26875,6,6
Real reference,,5131,0.425,4,7
Real reference,,5132,0.325,5,7
Real reference,,5133,0.36875,7,7
Real reference,,5134,0.31875,6,6
Real reference,,5135,0.3375,8,8
Real reference,,5136,0.34375,11,11
Real reference,,5137,0.43125,4,4
Real reference,,5138,0.4,9,9
Real reference,,5139,0.35625,5,6
Real reference,,5140,0.3875,7,7
Real reference,,5141,0.4625,4,8
Real reference,,5142,0.3,5,7
Real reference,,5143,0.39375,11,11
Real reference,,5144,0.34375,5,5
Real reference,,5145,0.28125,7,7
Real reference,,5146,0.4625,4,5
Real reference,,5147,0.41875,4,5
Real reference,,5148,0.275,10,10
Real reference,,5149,0.3,9,9
Real reference,,5150,0.34375,4,8
Real reference,,5151,0.24375,5,5
Real reference,,5152,0.48125,4,7
Real reference,,5153,0.3125,6,6
Real reference,,5154,0.30625,4,9
Real reference,,5155,0.40625,7,7
Real reference,,5156,0.43125,4,7
Real reference,,5157,0.25,7,7
Real reference,,5158,0.35,17,17
Real reference,,5159,0.3375,6,6
Real reference,,5160,0.40625,4,4
Real reference,,5161,0.425,5,5
Real reference,,5162,0.3,9,9
Real reference,,5163,0.29375,5,5
Real reference,,5164,0.425,8,8
Real reference,,5165,0.49375,4,6
Real reference,,5166,0.29375,4,5
Real reference,,5167,0.4125,4,6
Real reference,,5168,0.46875,4,5
Real reference,,5169,0.325,5,5
Real reference,,5170,0.4625,4,5
Real reference,,5171,0.50625,5,5
Real reference,,5172,0.325,7,8
Real reference,,5173,0.41875,9,9
Real reference,,5174,0.43125,4,5
Real reference,,5175,0.3125,6,6
Real reference,,5176,0.34375,6,11
Real reference,,5177,0.35,11,11
Real reference,,5178,0.41875,5,5
Real reference,,5179,0.43125,4,5
Real reference,,5180,0.36875,4,5
Real reference,,5181,0.36875,4,5
Real reference,,5182,0.4375,5,6
Real reference,,5183,0.38125,7,7
Real reference,,5184,0.2,6,8
Real reference,,5185,0.38125,5,8
Real reference,,5186,0.36875,4,6
Real reference,,5187,0.34375,6,6
Real reference,,5188,0.3625,4,5
Real reference,,5189,0.3125,5,5
Real reference,,5190,0.31875,6,6
Real reference,,5191,0.43125,6,6
Real reference,,5192,0.5125,5,5
Real reference,,5193,0.26875,9,9
Real reference,,5194,0.31875,5,5
Real reference,,5195,0.3375,7,7
Real reference,,5196,0.35625,4,15
Real reference,,5197,0.35,5,6
Real reference,,5198,0.375,5,17
Real reference,,5199,0.31875,5,9
Real reference,,5200,0.5125,5,5
Real reference,,5201,0.34375,7,7
Real reference,,5202,0.36875,8,8
Real reference,,5203,0.48125,4,5
Real reference,,5204,0.48125,4,7
Real reference,,5205,0.44375,9,9
Real reference,,5206,0.46875,4,5
Real reference,,5207,0.34375,5,7
Real reference,,5208,0.2875,8,8
Real reference,,5209,0.4125,5,7
Real reference,,5210,0.45,5,5
Real reference,,5211,0.2375,5,5
Real reference,,5212,0.33125,4,9
Real reference,,5213,0.425,11,11
Real reference,,5214,0.19375,4,5
Real reference,,5215,0.3625,9,9
Real reference,,5216,0.30625,5,5
Real reference,,5217,0.40625,14,14
Real reference,,5218,0.50625,4,4
Real reference,,5219,0.48125,5,7
Real reference,,5220,0.3875,6,6
Real reference,,5221,0.38125,4,4
Real reference,,5222,0.475,5,5
Real reference,,5223,0.425,4,6
Real reference,,5224,0.4375,4,5
Real reference,,5225,0.39375,5,10
Real reference,,5226,0.4,6,10
Real reference,,5227,0.48125,4,4
Real reference,,5228,0.39375,4,6
Real reference,,5229,0.36875,6,6
Real reference,,5230,0.39375,5,5
Real reference,,5231,0.3625,3,7
Real reference,,5232,0.29375,6,6
Real reference,,5233,0.30625,10,10
Real reference,,5234,0.4875,4,5
Real reference,,5235,0.2875,5,5
Real reference,,5236,0.43125,4,4
Real reference,,5237,0.3375,6,7
Real reference,,5238,0.20625,7,7
Real reference,,5239,0.55625,3,6
Real reference,,5240,0.3625,4,4
Real reference,,5241,0.4125,4,7
Real reference,,5242,0.43125,4,14
Real reference,,5243,0.35,5,5
Real reference,,5244,0.40625,6,9
Real reference,,5245,0.4125,13,13
Real reference,,5246,0.41875,4,11
Real reference,,5247,0.2,7,7
Real reference,,5248,0.45,4,5
Real reference,,5249,0.44375,6,6
Real reference,,5250,0.2375,6,6
Real reference,,5251,0.43125,4,5
Real reference,,5252,0.375,6,6
Real reference,,5253,0.4,4,5
Real reference,,5254,0.375,12,12
Real reference,,5255,0.34375,5,6
Real reference,,5256,0.21875,7,7
Real reference,,5257,0.30625,6,8
Real reference,,5258,0.30625,5,5
Real reference,,5259,0.375,4,5
Real reference,,5260,0.4375,4,6
Real reference,,5261,0.36875,4,4
Real reference,,5262,0.375,5,5
Real reference,,5263,0.3875,4,9
Real reference,,5264,0.36875,4,6
Real reference,,5265,0.35625,8,8
Real reference,,5266,0.375,7,7
Real reference,,5267,0.40625,6,6
Real reference,,5268,0.38125,4,5
Real reference,,5269,0.39375,5,5
Real reference,,5270,0.45,4,6
Real reference,,5271,0.35,9,9
Real reference,,5272,0.3875,5,6
Real reference,,5273,0.4125,4,5
Real reference,,5274,0.3,5,5
Real reference,,5275,0.2875,10,10
Real reference,,5276,0.30625,14,14
Real reference,,5277,0.2125,7,7
Real reference,,5278,0.45,4,16
Real reference,,5279,0.34375,5,5
Real reference,,5280,0.3625,5,6
Real reference,,5281,0.3875,6,6
Real reference,,5282,0.36875,5,5
Real reference,,5283,0.3375,5,6
Real reference,,5284,0.4,5,6
Real reference,,5285,0.3125,7,7
Real reference,,5286,0.41875,5,6
Real reference,,5287,0.31875,5,5
Real reference,,5288,0.3875,4,5
Real reference,,5289,0.3,4,5
Real reference,,5290,0.4875,5,5
Real reference,,5291,0.46875,4,5
Real reference,,5292,0.41875,6,6
Real reference,,5293,0.475,3,6
Real reference,,5294,0.55625,3,8
Real reference,,5295,0.30625,7,8
Real reference,,5296,0.46875,4,12
Real reference,,5297,0.3625,6,6
Real reference,,5298,0.35625,5,5
Real reference,,5299,0.44375,6,6
Real reference,,5300,0.48125,5,5
Real reference,,5301,0.20625,9,9
Real reference,,5302,0.375,7,7
Real reference,,5303,0.50625,4,5
Real reference,,5304,0.2875,6,6
Real reference,,5305,0.475,4,5
Real reference,,5306,0.53125,4,5
Real reference,,5307,0.26875,13,13
Real reference,,5308,0.425,5,7
Real reference,,5309,0.39375,6,6
Real reference,,5310,0.3,7,7
Real reference,,5311,0.3125,6,6
Real reference,,5312,0.28125,5,6
Real reference,,5313,0.34375,7,7
Real reference,,5314,0.39375,4,8
Real reference,,5315,0.35625,6,6
Real reference,,5316,0.2375,9,9
Real reference,,5317,0.5,4,5
Real reference,,5318,0.3625,5,5
Real reference,,5319,0.525,4,5
Real reference,,5320,0.41875,4,6
Real reference,,5321,0.28125,5,5
Real reference,,5322,0.3,8,8
Real reference,,5323,0.30625,7,7
Real reference,,5324,0.275,5,6
Real reference,,5325,0.3625,8,8
Real reference,,5326,0.51875,3,5
Real reference,,5327,0.3875,5,5
Real reference,,5328,0.425,5,6
Real reference,,5329,0.43125,4,8
Real reference,,5330,0.44375,8,8
Real reference,,5331,0.45,5,6
Real reference,,5332,0.35,7,7
Real reference,,5333,0.31875,8,8
Real reference,,5334,0.35625,14,14
Real reference,,5335,0.325,9,9
Real reference,,5336,0.20625,6,6
Real reference,,5337,0.34375,7,7
Real reference,,5338,0.4125,5,6
Real reference,,5339,0.3625,4,6
Real reference,,5340,0.36875,5,6
Real reference,,5341,0.33125,5,6
Real reference,,5342,0.3,4,5
Real reference,,5343,0.39375,5,5
Real reference,,5344,0.35625,5,6
Real reference,,5345,0.3625,6,6
Real reference,,5346,0.3125,4,5
Real reference,,5347,0.35,4,6
Real reference,,5348,0.3125,6,6
Real reference,,5349,0.38125,6,11
Real reference,,5350,0.36875,9,9
Real reference,,5351,0.29375,9,9
Real reference,,5352,0.3875,7,10
Real reference,,5353,0.375,6,8
Real reference,,5354,0.31875,5,6
Real reference,,5355,0.425,4,5
Real reference,,5356,0.3875,4,5
Real reference,,5357,0.26875,8,8
Real reference,,5358,0.36875,5,5
Real reference,,5359,0.33125,4,5
Real reference,,5360,0.25625,7,7
Real reference,,5361,0.375,6,6
Real reference,,5362,0.45,4,5
Real reference,,5363,0.425,4,6
Real reference,,5364,0.3375,7,7
Real reference,,5365,0.35,5,5
Real reference,,5366,0.30625,9,9
Real reference,,5367,0.3625,4,7
Real reference,,5368,0.34375,4,5
Real reference,,5369,0.325,5,8
Real reference,,5370,0.3875,10,19
Real reference,,5371,0.35625,6,6
Real reference,,5372,0.325,5,5
Real reference,,5373,0.3625,5,6
Real reference,,5374,0.3625,8,8
Real reference,,5375,0.34375,5,5
Real reference,,5376,0.35,5,7
Real reference,,5377,0.38125,4,4
Real reference,,5378,0.3125,4,5
Real reference,,5379,0.40625,4,5
Real reference,,5380,0.44375,5,6
Real reference,,5381,0.2125,7,17
Real reference,,5382,0.41875,6,6
Real reference,,5383,0.41875,4,6
Real reference,,5384,0.2875,6,6
Real reference,,5385,0.5,4,5
Real reference,,5386,0.325,5,6
Real reference,,5387,0.38125,4,5
Real reference,,5388,0.46875,6,9
Real reference,,5389,0.45625,3,4
Real reference,,5390,0.3875,5,5
Real reference,,5391,0.45,4,10
Real reference,,5392,0.46875,3,6
Real reference,,5393,0.375,5,5
Real reference,,5394,0.3875,4,8
Real reference,,5395,0.29375,5,5
Real reference,,5396,0.2625,8,8
Real reference,,5397,0.3875,4,5
Real reference,,5398,0.3125,4,4
Real reference,,5399,0.36875,5,5
Real reference,,5400,0.3625,6,6
Real reference,,5401,0.49375,3,13
Real reference,,5402,0.375,5,5
Real reference,,5403,0.39375,5,5
Real reference,,5404,0.45,4,4
Real reference,,5405,0.35625,4,4
Real reference,,5406,0.425,8,8
Real reference,,5407,0.34375,5,6
Real reference,,5408,0.4,4,6
Real reference,,5409,0.3,11,11
Real reference,,5410,0.4625,5,5
Real reference,,5411,0.2125,7,7
Real reference,,5412,0.40625,5,7
Real reference,,5413,0.35,7,7
Real reference,,5414,0.28125,6,6
Real reference,,5415,0.4,4,5
Real reference,,5416,0.38125,4,4
Real reference,,5417,0.2125,6,6
Real reference,,5418,0.5,3,5
Real reference,,5419,0.425,4,5
Real reference,,5420,0.30625,4,5
Real reference,,5421,0.45625,4,4
Real reference,,5422,0.3,5,6
Real reference,,5423,0.3625,5,5
Real reference,,5424,0.41875,8,8
Real reference,,5425,0.3,5,5
Real reference,,5426,0.2875,7,7
Real reference,,5427,0.45625,4,22
Real reference,,5428,0.5,4,6
Real reference,,5429,0.3875,6,6
Real reference,,5430,0.38125,3,7
Real reference,,5431,0.31875,5,5
Real reference,,5432,0.375,5,5
Real reference,,5433,0.3375,7,10
Real reference,,5434,0.40625,5,5
Real reference,,5435,0.2375,9,9
Real reference,,5436,0.44375,7,7
Real reference,,5437,0.5125,8,8
Real reference,,5438,0.2375,6,6
Real reference,,5439,0.5125,5,10
Real reference,,5440,0.375,5,7
Real reference,,5441,0.3125,6,6
Real reference,,5442,0.35625,5,8
Real reference,,5443,0.45,4,6
Real reference,,5444,0.40625,4,6
Real reference,,5445,0.45,4,9
Real reference,,5446,0.35,6,6
Real reference,,5447,0.2125,9,9
Real reference,,5448,0.3875,7,7
Real reference,,5449,0.4625,4,5
Real reference,,5450,0.4,4,5
Real reference,,5451,0.45625,5,13
Real reference,,5452,0.475,5,6
Real reference,,5453,0.41875,5,5
Real reference,,5454,0.53125,3,8
Real reference,,5455,0.375,3,5
Real reference,,5456,0.375,6,6
Real reference,,5457,0.3875,5,5
Real reference,,5458,0.3625,5,5
Real reference,,5459,0.325,6,6
Real reference,,5460,0.41875,5,15
Real reference,,5461,0.35,5,6
Real reference,,5462,0.3375,19,19
Real reference,,5463,0.375,4,4
Real reference,,5464,0.35625,6,6
Real reference,,5465,0.25625,8,8
Real reference,,5466,0.3375,9,9
Real reference,,5467,0.3125,6,6
Real reference,,5468,0.33125,5,8
Real reference,,5469,0.49375,4,6
Real reference,,5470,0.5125,4,9
Real reference,,5471,0.35625,5,5
Real reference,,5472,0.40625,5,5
Real reference,,5473,0.3625,4,7
Real reference,,5474,0.28125,6,6
Real reference,,5475,0.45,4,6
Real reference,,5476,0.45,4,5
Real reference,,5477,0.24375,9,9
Real reference,,5478,0.38125,7,7
Real reference,,5479,0.375,4,7
Real reference,,5480,0.4125,5,5
Real reference,,5481,0.38125,6,9
Real reference,,5482,0.3875,3,7
Real reference,,5483,0.3375,6,6
Real reference,,5484,0.3625,4,9
Real reference,,5485,0.3375,6,6
Real reference,,5486,0.225,9,9
Real reference,,5487,0.45,5,5
Real reference,,5488,0.35625,7,8
Real reference,,5489,0.3,7,8
Real reference,,5490,0.2875,6,6
Real reference,,5491,0.325,12,12
Real reference,,5492,0.35,5,5
Real reference,,5493,0.45,4,7
Real reference,,5494,0.4625,4,5
Real reference,,5495,0.2625,9,9
Real reference,,5496,0.3875,4,8
Real reference,,5497,0.40625,4,5
Real reference,,5498,0.31875,5,6
Real reference,,5499,0.4125,4,5
Real reference,,5500,0.44375,5,10
Real reference,,5501,0.375,5,8
Real reference,,5502,0.33125,6,7
Real reference,,5503,0.35625,4,7
Real reference,,5504,0.25625,9,9
Real reference,,5505,0.31875,10,10
Real reference,,5506,0.3625,5,5
Real reference,,5507,0.3625,4,5
Real reference,,5508,0.45,6,10
Real reference,,5509,0.40625,4,9
Real reference,,5510,0.2875,7,7
Real reference,,5511,0.43125,4,5
Real reference,,5512,0.63125,6,6
Real reference,,5513,0.225,6,6
Real reference,,5514,0.4375,10,10
Real reference,,5515,0.5,4,5
Real reference,,5516,0.26875,5,10
Real reference,,5517,0.3625,5,9
Real reference,,5518,0.36875,5,7
Real reference,,5519,0.39375,5,7
Real reference,,5520,0.475,6,6
Real reference,,5521,0.4375,4,5
Real reference,,5522,0.45,4,5
Real reference,,5523,0.34375,5,7
Real reference,,5524,0.31875,4,5
Real reference,,5525,0.24375,6,7
Real reference,,5526,0.5,4,5
Real reference,,5527,0.38125,5,5
Real reference,,5528,0.325,7,7
Real reference,,5529,0.41875,4,8
Real reference,,5530,0.425,4,4
Real reference,,5531,0.24375,5,5
Real reference,,5532,0.4625,5,12
Real reference,,5533,0.44375,4,9
Real reference,,5534,0.275,5,5
Real reference,,5535,0.3875,6,6
Real reference,,5536,0.36875,5,5
Real reference,,5537,0.25625,6,6
Real reference,,5538,0.325,9,10
Real reference,,5539,0.51875,4,5
Real reference,,5540,0.2125,5,5
Real reference,,5541,0.41875,5,6
Real reference,,5542,0.55,3,10
Real reference,,5543,0.35,5,8
Real reference,,5544,0.4,4,5
Real reference,,5545,0.425,3,5
Real reference,,5546,0.24375,6,6
Real reference,,5547,0.3125,13,13
Real reference,,5548,0.28125,6,6
Real reference,,5549,0.31875,5,5
Real reference,,5550,0.38125,7,7
Real reference,,5551,0.40625,5,5
Real reference,,5552,0.3,5,7
Real reference,,5553,0.4,7,7
Real reference,,5554,0.4625,4,5
Real reference,,5555,0.3875,6,19
Real reference,,5556,0.38125,7,10
Real reference,,5557,0.40625,3,5
Real reference,,5558,0.38125,6,6
Real reference,,5559,0.51875,4,7
Real reference,,5560,0.45,6,6
Real reference,,5561,0.3,9,9
Real reference,,5562,0.44375,5,6
Real reference,,5563,0.44375,6,6
Real reference,,5564,0.35625,12,12
Real reference,,5565,0.44375,6,9
Real reference,,5566,0.41875,7,9
Real reference,,5567,0.28125,4,4
Real reference,,5568,0.45,4,8
Real reference,,5569,0.31875,5,5
Real reference,,5570,0.44375,5,7
Real reference,,5571,0.44375,5,7
Real reference,,5572,0.35,5,5
Real reference,,5573,0.31875,5,5
Real reference,,5574,0.475,3,6
Real reference,,5575,0.48125,5,6
Real reference,,5576,0.29375,5,5
Real reference,,5577,0.4,5,7
Real reference,,5578,0.3625,5,5
Real reference,,5579,0.35625,5,5
Real reference,,5580,0.425,4,7
Real reference,,5581,0.4875,4,5
Real reference,,5582,0.3,5,5
Real reference,,5583,0.48125,4,18
Real reference,,5584,0.33125,4,7
Real reference,,5585,0.45625,5,5
Real reference,,5586,0.44375,5,7
Real reference,,5587,0.40625,5,5
Real reference,,5588,0.2125,7,7
Real reference,,5589,0.4125,5,7
Real reference,,5590,0.45,4,4
Real reference,,5591,0.325,4,6
Real reference,,5592,0.45,6,7
Real reference,,5593,0.4125,4,5
Real reference,,5594,0.3,13,13
Real reference,,5595,0.425,5,7
Real reference,,5596,0.55625,4,6
Real reference,,5597,0.35,3,7
Real reference,,5598,0.3875,4,5
Real reference,,5599,0.45,5,6
Real reference,,5600,0.2,9,9
Real reference,,5601,0.3375,5,13
Real reference,,5602,0.35,5,6
Real reference,,5603,0.36875,7,7
Real reference,,5604,0.3625,6,6
Real reference,,5605,0.4125,4,4
Real reference,,5606,0.325,5,6
Real reference,,5607,0.325,4,7
Real reference,,5608,0.29375,5,5
Real reference,,5609,0.3375,4,4
Real reference,,5610,0.475,5,5
Real reference,,5611,0.3,7,16
Real reference,,5612,0.40625,5,5
Real reference,,5613,0.39375,3,5
Real reference,,5614,0.2625,5,5
Real reference,,5615,0.33125,7,7
Real reference,,5616,0.55625,5,6
Real reference,,5617,0.34375,7,7
Real reference,,5618,0.4,4,6
Real reference,,5619,0.45625,4,4
Real reference,,5620,0.425,8,8
Real reference,,5621,0.4875,4,5
Real reference,,5622,0.43125,3,5
Real reference,,5623,0.375,5,5
Real reference,,5624,0.31875,6,6
Real reference,,5625,0.35,8,8
Real reference,,5626,0.3125,5,6
Real reference,,5627,0.38125,5,7
Real reference,,5628,0.5125,3,4
Real reference,,5629,0.3875,6,7
Real reference,,5630,0.51875,5,10
Real reference,,5631,0.45625,5,6
Real reference,,5632,0.36875,6,6
Real reference,,5633,0.5125,4,11
Real reference,,5634,0.425,4,8
Real reference,,5635,0.2875,4,5
Real reference,,5636,0.375,5,6
Real reference,,5637,0.54375,4,8
Real reference,,5638,0.4,5,11
Real reference,,5639,0.34375,7,7
Real reference,,5640,0.4125,4,4
Real reference,,5641,0.3625,5,5
Real reference,,5642,0.45,4,7
Real reference,,5643,0.43125,3,5
Real reference,,5644,0.30625,6,6
Real reference,,5645,0.34375,6,7
Real reference,,5646,0.5,4,6
Real reference,,5647,0.1875,5,5
Real reference,,5648,0.4,4,4
Real reference,,5649,0.5125,3,5
Real reference,,5650,0.45625,4,5
Real reference,,5651,0.4125,5,5
Real reference,,5652,0.41875,3,6
Real reference,,5653,0.3375,4,4
Real reference,,5654,0.36875,11,11
Real reference,,5655,0.425,4,6
Real reference,,5656,0.26875,7,7
Real reference,,5657,0.43125,4,5
Real reference,,5658,0.425,3,5
Real reference,,5659,0.33125,6,6
Real reference,,5660,0.45,4,9
Real reference,,5661,0.28125,5,6
Real reference,,5662,0.2375,8,8
Real reference,,5663,0.4625,4,5
Real reference,,5664,0.45,5,7
Real reference,,5665,0.29375,7,7
Real reference,,5666,0.5,4,4
Real reference,,5667,0.4125,4,7
Real reference,,5668,0.25,6,6
Real reference,,5669,0.36875,6,7
Real reference,,5670,0.34375,8,8
Real reference,,5671,0.45625,5,5
Real reference,,5672,0.46875,5,5
Real reference,,5673,0.34375,4,4
Real reference,,5674,0.3625,12,12
Real reference,,5675,0.51875,3,4
Real reference,,5676,0.45,3,6
Real reference,,5677,0.275,6,6
Real reference,,5678,0.375,6,6
Real reference,,5679,0.5625,4,4
Real reference,,5680,0.30625,10,10
Real reference,,5681,0.38125,4,9
Real reference,,5682,0.49375,4,5
Real reference,,5683,0.29375,5,5
Real reference,,5684,0.33125,5,6
Real reference,,5685,0.3125,4,7
Real reference,,5686,0.2875,8,8
Real reference,,5687,0.46875,4,5
Real reference,,5688,0.4,4,7
Real reference,,5689,0.38125,7,7
Real reference,,5690,0.4625,4,7
Real reference,,5691,0.51875,3,5
Real reference,,5692,0.225,8,8
Real reference,,5693,0.45,5,6
Real reference,,5694,0.4,4,5
Real reference,,5695,0.25,5,5
Real reference,,5696,0.33125,7,7
Real reference,,5697,0.31875,5,11
Real reference,,5698,0.2,8,8
Real reference,,5699,0.4125,4,5
Real reference,,5700,0.3625,9,9
Real reference,,5701,0.28125,5,5
Real reference,,5702,0.41875,5,9
Real reference,,5703,0.48125,4,5
Real reference,,5704,0.34375,7,7
Real reference,,5705,0.44375,4,6
Real reference,,5706,0.49375,4,4
Real reference,,5707,0.29375,4,6
Real reference,,5708,0.325,3,7
Real reference,,5709,0.31875,6,6
Real reference,,5710,0.35,6,7
Real reference,,5711,0.3875,6,6
Real reference,,5712,0.3,5,5
Real reference,,5713,0.35625,7,7
Real reference,,5714,0.4125,5,7
Real reference,,5715,0.33125,4,5
Real reference,,5716,0.2625,17,17
Real reference,,5717,0.29375,6,6
Real reference,,5718,0.46875,6,6
Real reference,,5719,0.29375,4,7
Real reference,,5720,0.35625,5,11
Real reference,,5721,0.4125,3,5
Real reference,,5722,0.3625,5,5
Real reference,,5723,0.375,5,5
Real reference,,5724,0.39375,3,7
Real reference,,5725,0.28125,5,7
Real reference,,5726,0.55,4,4
Real reference,,5727,0.54375,4,4
Real reference,,5728,0.3375,9,9
Real reference,,5729,0.44375,5,5
Real reference,,5730,0.4,4,4
Real reference,,5731,0.25,5,5
Real reference,,5732,0.475,3,5
Real reference,,5733,0.3625,9,9
Real reference,,5734,0.325,12,13
Real reference,,5735,0.45,5,5
Real reference,,5736,0.35625,4,10
Real reference,,5737,0.28125,7,7
Real reference,,5738,0.31875,6,8
Real reference,,5739,0.3375,8,8
Real reference,,5740,0.33125,5,5
Real reference,,5741,0.475,4,5
Real reference,,5742,0.48125,4,5
Real reference,,5743,0.3625,7,7
Real reference,,5744,0.3125,5,5
Real reference,,5745,0.275,8,8
Real reference,,5746,0.40625,5,7
Real reference,,5747,0.43125,4,6
Real reference,,5748,0.4125,4,5
Real reference,,5749,0.24375,10,10
Real reference,,5750,0.45625,7,7
Real reference,,5751,0.31875,4,4
Real reference,,5752,0.40625,5,7
Real reference,,5753,0.46875,6,11
Real reference,,5754,0.325,5,6
Real reference,,5755,0.38125,3,5
Real reference,,5756,0.39375,6,7
Real reference,,5757,0.38125,4,5
Real reference,,5758,0.20625,8,8
Real reference,,5759,0.3625,8,8
Real reference,,5760,0.45,4,5
Real reference,,5761,0.25,9,9
Real reference,,5762,0.4375,4,5
Real reference,,5763,0.35,4,6
Real reference,,5764,0.4125,5,5
Real reference,,5765,0.43125,7,7
Real reference,,5766,0.53125,4,5
Real reference,,5767,0.31875,5,5
Real reference,,5768,0.45,7,8
Real reference,,5769,0.4,3,6
Real reference,,5770,0.35625,4,5
Real reference,,5771,0.325,15,15
Real reference,,5772,0.325,9,9
Real reference,,5773,0.33125,4,4
Real reference,,5774,0.4125,5,5
Real reference,,5775,0.475,5,6
Real reference,,5776,0.35625,5,6
Real reference,,5777,0.3625,5,6
Real reference,,5778,0.33125,5,7
Real reference,,5779,0.4125,5,5
Real reference,,5780,0.35625,5,9
Real reference,,5781,0.30625,9,9
Real reference,,5782,0.41875,5,5
Real reference,,5783,0.4625,4,6
Real reference,,5784,0.34375,5,5
Real reference,,5785,0.15,12,12
Real reference,,5786,0.4875,4,5
Real reference,,5787,0.4875,4,6
Real reference,,5788,0.39375,3,5
Real reference,,5789,0.35,5,5
Real reference,,5790,0.49375,4,6
Real reference,,5791,0.14375,7,18
Real reference,,5792,0.39375,5,5
Real reference,,5793,0.38125,5,5
Real reference,,5794,0.25625,6,6
Real reference,,5795,0.34375,6,11
Real reference,,5796,0.46875,4,5
Real reference,,5797,0.30625,5,6
Real reference,,5798,0.34375,6,8
Real reference,,5799,0.2375,8,8
Real reference,,5800,0.275,7,7
Real reference,,5801,0.44375,4,7
Real reference,,5802,0.49375,3,6
Real reference,,5803,0.39375,4,6
Real reference,,5804,0.425,6,6
Real reference,,5805,0.4625,4,5
Real reference,,5806,0.3875,4,4
Real reference,,5807,0.39375,3,7
Real reference,,5808,0.3375,6,6
Real reference,,5809,0.23125,12,12
Real reference,,5810,0.3875,4,5
Real reference,,5811,0.5,4,4
Real reference,,5812,0.45,5,5
Real reference,,5813,0.4375,5,7
Real reference,,5814,0.5125,4,6
Real reference,,5815,0.36875,7,7
Real reference,,5816,0.5,4,5
Real reference,,5817,0.55,3,4
Real reference,,5818,0.34375,6,6
Real reference,,5819,0.425,4,5
Real reference,,5820,0.5125,4,5
Real reference,,5821,0.30625,5,8
Real reference,,5822,0.525,3,5
Real reference,,5823,0.35625,4,7
Real reference,,5824,0.2375,5,6
Real reference,,5825,0.39375,5,5
Real reference,,5826,0.43125,5,7
Real reference,,5827,0.38125,7,7
Real reference,,5828,0.3625,4,6
Real reference,,5829,0.3625,4,4
Real reference,,5830,0.2125,9,9
Real reference,,5831,0.41875,6,6
Real reference,,5832,0.3625,6,6
Real reference,,5833,0.40625,4,5
Real reference,,5834,0.46875,3,7
Real reference,,5835,0.425,5,6
Real reference,,5836,0.35,5,7
Real reference,,5837,0.3875,5,5
Real reference,,5838,0.36875,5,5
Real reference,,5839,0.40625,5,6
Real reference,,5840,0.40625,4,5
Real reference,,5841,0.575,4,5
Real reference,,5842,0.2625,10,10
Real reference,,5843,0.50625,4,8
Real reference,,5844,0.4,4,5
Real reference,,5845,0.28125,6,6
Real reference,,5846,0.55625,4,7
Real reference,,5847,0.5,4,6
Real reference,,5848,0.2125,15,15
Real reference,,5849,0.30625,4,6
Real reference,,5850,0.275,5,6
Real reference,,5851,0.35625,4,5
Real reference,,5852,0.40625,7,7
Real reference,,5853,0.4625,4,5
Real reference,,5854,0.3375,6,6
Real reference,,5855,0.44375,4,12
Real reference,,5856,0.25,17,17
Real reference,,5857,0.35625,7,7
Real reference,,5858,0.4,4,6
Real reference,,5859,0.26875,5,5
Real reference,,5860,0.275,5,6
Real reference,,5861,0.38125,4,5
Real reference,,5862,0.61875,3,6
Real reference,,5863,0.3125,5,5
Real reference,,5864,0.425,3,5
Real reference,,5865,0.34375,6,6
Real reference,,5866,0.475,6,6
Real reference,,5867,0.46875,3,5
Real reference,,5868,0.3625,5,8
Real reference,,5869,0.4,4,4
Real reference,,5870,0.38125,7,7
Real reference,,5871,0.4125,6,6
Real reference,,5872,0.23125,7,7
Real reference,,5873,0.525,4,6
Real reference,,5874,0.41875,4,6
Real reference,,5875,0.325,4,6
Real reference,,5876,0.4625,5,7
Real reference,,5877,0.28125,10,23
Real reference,,5878,0.30625,11,11
Real reference,,5879,0.4375,5,7
Real reference,,5880,0.325,3,5
Real reference,,5881,0.4,4,5
Real reference,,5882,0.3625,6,7
Real reference,,5883,0.45625,5,7
Real reference,,5884,0.325,8,8
Real reference,,5885,0.44375,5,5
Real reference,,5886,0.38125,5,5
Real reference,,5887,0.225,6,6
Real reference,,5888,0.425,4,4
Real reference,,5889,0.43125,5,5
Real reference,,5890,0.3,4,6
Real reference,,5891,0.475,4,7
Real reference,,5892,0.3375,5,6
Real reference,,5893,0.2375,9,9
Real reference,,5894,0.4,4,5
Real reference,,5895,0.38125,10,10
Real reference,,5896,0.29375,5,8
Real reference,,5897,0.4375,4,9
Real reference,,5898,0.3375,5,6
Real reference,,5899,0.24375,6,7
Real reference,,5900,0.45625,4,8
Real reference,,5901,0.5375,3,5
Real reference,,5902,0.425,4,5
Real reference,,5903,0.375,5,7
Real reference,,5904,0.40625,6,6
Real reference,,5905,0.3875,15,15
Real reference,,5906,0.4,4,5
Real reference,,5907,0.35,4,5
Real reference,,5908,0.2375,9,9
Real reference,,5909,0.40625,5,5
Real reference,,5910,0.45625,5,7
Real reference,,5911,0.3,6,6
Real reference,,5912,0.3875,5,5
Real reference,,5913,0.375,10,10
Real reference,,5914,0.28125,5,6
Real reference,,5915,0.45,6,6
Real reference,,5916,0.525,4,7
Real reference,,5917,0.31875,4,7
Real reference,,5918,0.50625,3,6
Real reference,,5919,0.55,4,7
Real reference,,5920,0.3375,5,5
Real reference,,5921,0.39375,7,7
Real reference,,5922,0.40625,4,12
Real reference,,5923,0.30625,5,8
Real reference,,5924,0.43125,6,6
Real reference,,5925,0.40625,4,4
Real reference,,5926,0.34375,4,4
Real reference,,5927,0.5125,5,10
Real reference,,5928,0.35625,5,6
Real reference,,5929,0.25,6,6
Real reference,,5930,0.40625,6,6
Real reference,,5931,0.46875,6,10
Real reference,,5932,0.36875,5,5
Real reference,,5933,0.50625,3,5
Real reference,,5934,0.425,4,5
Real reference,,5935,0.28125,5,5
Real reference,,5936,0.34375,5,9
Real reference,,5937,0.39375,7,7
Real reference,,5938,0.24375,8,8
Real reference,,5939,0.45,6,7
Real reference,,5940,0.375,11,11
Real reference,,5941,0.4125,7,7
Real reference,,5942,0.2625,5,6
Real reference,,5943,0.31875,13,13
Real reference,,5944,0.175,6,6
Real reference,,5945,0.4375,4,7
Real reference,,5946,0.46875,4,4
Real reference,,5947,0.3875,5,5
Real reference,,5948,0.4375,7,7
Real reference,,5949,0.5,4,6
Real reference,,5950,0.4125,4,4
Real reference,,5951,0.49375,5,5
Real reference,,5952,0.48125,4,5
Real reference,,5953,0.3875,5,5
Real reference,,5954,0.4375,5,8
Real reference,,5955,0.49375,4,5
Real reference,,5956,0.3875,4,4
Real reference,,5957,0.475,5,5
Real reference,,5958,0.5,4,7
Real reference,,5959,0.30625,5,5
Real reference,,5960,0.3625,5,5
Real reference,,5961,0.325,8,8
Real reference,,5962,0.275,9,9
Real reference,,5963,0.5,3,5
Real reference,,5964,0.50625,3,5
Real reference,,5965,0.3625,5,5
Real reference,,5966,0.45,4,6
Real reference,,5967,0.4375,4,5
Real reference,,5968,0.33125,10,10
Real reference,,5969,0.45625,6,6
Real reference,,5970,0.49375,4,5
Real reference,,5971,0.25625,6,7
Real reference,,5972,0.2875,7,7
Real reference,,5973,0.35,6,6
Real reference,,5974,0.275,9,9
Real reference,,5975,0.45,5,6
Real reference,,5976,0.425,5,5
Real reference,,5977,0.28125,14,14
Real reference,,5978,0.39375,6,6
Real reference,,5979,0.44375,4,7
Real reference,,5980,0.38125,6,6
Real reference,,5981,0.475,5,5
Real reference,,5982,0.4125,5,5
Real reference,,5983,0.275,5,6
Real reference,,5984,0.33125,6,6
Real reference,,5985,0.51875,4,4
Real reference,,5986,0.4375,4,5
Real reference,,5987,0.4375,4,5
Real reference,,5988,0.2875,5,5
Real reference,,5989,0.3375,6,6
Real reference,,5990,0.50625,4,9
Real reference,,5991,0.425,5,6
Real reference,,5992,0.3625,5,5
Real reference,,5993,0.41875,4,5
Real reference,,5994,0.45,3,6
Real reference,,5995,0.2375,8,8
Real reference,,5996,0.4625,4,4
Real reference,,5997,0.4625,4,7
Real reference,,5998,0.35625,5,5
Real reference,,5999,0.34375,5,5
Real reference,,6000,0.375,5,6
Real reference,,6001,0.31875,5,5
Real reference,,6002,0.51875,5,10
Real reference,,6003,0.3625,6,7
Real reference,,6004,0.3625,7,7
Real reference,,6005,0.5,4,7
Real reference,,6006,0.49375,4,5
Real reference,,6007,0.35625,4,6
Real reference,,6008,0.4375,3,4
Real reference,,6009,0.40625,6,6
Real reference,,6010,0.24375,8,8
Real reference,,6011,0.34375,5,5
Real reference,,6012,0.39375,5,7
Real reference,,6013,0.35,8,8
Real reference,,6014,0.5,4,5
Real reference,,6015,0.45,4,5
Real reference,,6016,0.2375,9,9
Real reference,,6017,0.31875,4,7
Real reference,,6018,0.3,6,6
Real reference,,6019,0.31875,9,9
Real reference,,6020,0.4125,4,7
Real reference,,6021,0.4,4,5
Real reference,,6022,0.2875,7,7
Real reference,,6023,0.5125,4,6
Real reference,,6024,0.5125,3,4
Real reference,,6025,0.3,5,6
Real reference,,6026,0.275,5,5
Real reference,,6027,0.3125,5,5
Real reference,,6028,0.24375,7,7
Real reference,,6029,0.41875,6,7
Real reference,,6030,0.35,6,6
Real reference,,6031,0.36875,5,7
Real reference,,6032,0.51875,5,6
Real reference,,6033,0.3125,5,5
Real reference,,6034,0.35625,5,9
Real reference,,6035,0.36875,4,5
Real reference,,6036,0.31875,8,8
Real reference,,6037,0.3125,14,14
Real reference,,6038,0.41875,6,8
Real reference,,6039,0.35625,6,6
Real reference,,6040,0.3625,5,6
Real reference,,6041,0.4375,5,6
Real reference,,6042,0.29375,4,4
Real reference,,6043,0.3125,7,7
Real reference,,6044,0.43125,4,5
Real reference,,6045,0.375,5,7
Real reference,,6046,0.2875,22,22
Real reference,,6047,0.4625,4,5
Real reference,,6048,0.48125,5,5
Real reference,,6049,0.28125,4,5
Real reference,,6050,0.41875,5,15
Real reference,,6051,0.4,6,6
Real reference,,6052,0.45,4,6
Real reference,,6053,0.45,7,7
Real reference,,6054,0.60625,4,4
Real reference,,6055,0.40625,4,4
Real reference,,6056,0.43125,7,7
Real reference,,6057,0.525,4,5
Real reference,,6058,0.29375,5,5
Real reference,,6059,0.3375,10,10
Real reference,,6060,0.39375,4,6
Real reference,,6061,0.375,4,6
Real reference,,6062,0.40625,7,7
Real reference,,6063,0.36875,5,5
Real reference,,6064,0.3375,5,5
Real reference,,6065,0.38125,4,7
Real reference,,6066,0.375,10,10
Real reference,,6067,0.16875,8,8
Real reference,,6068,0.525,4,5
Real reference,,6069,0.43125,4,6
Real reference,,6070,0.225,8,8
Real reference,,6071,0.43125,5,11
Real reference,,6072,0.45,7,7
Real reference,,6073,0.2875,5,5
Real reference,,6074,0.4125,6,7
Real reference,,6075,0.35625,5,5
Real reference,,6076,0.4,4,5
Real reference,,6077,0.425,4,5
Real reference,,6078,0.475,5,5
Real reference,,6079,0.21875,7,7
Real reference,,6080,0.44375,4,4
Real reference,,6081,0.41875,7,7
Real reference,,6082,0.29375,6,6
Real reference,,6083,0.2875,4,5
Real reference,,6084,0.31875,5,5
Real reference,,6085,0.24375,5,5
Real reference,,6086,0.4875,4,5
Real reference,,6087,0.38125,7,7
Real reference,,6088,0.3125,7,7
Real reference,,6089,0.31875,12,12
Real reference,,6090,0.4125,4,5
Real reference,,6091,0.3375,7,8
Real reference,,6092,0.44375,13,13
Real reference,,6093,0.44375,5,14
Real reference,,6094,0.2625,19,19
Real reference,,6095,0.38125,6,6
Real reference,,6096,0.3625,8,8
Real reference,,6097,0.2875,7,7
Real reference,,6098,0.4125,4,4
Real reference,,6099,0.4,6,6
Real reference,,6100,0.2375,6,6
Real reference,,6101,0.44375,4,5
Real reference,,6102,0.53125,3,9
Real reference,,6103,0.225,14,14
Real reference,,6104,0.38125,4,8
Real reference,,6105,0.3625,5,6
Real reference,,6106,0.43125,3,5
Real reference,,6107,0.45625,5,7
Real reference,,6108,0.31875,4,7
Real reference,,6109,0.28125,6,6
Real reference,,6110,0.45,5,17
Real reference,,6111,0.41875,4,6
Real reference,,6112,0.43125,4,9
Real reference,,6113,0.4,4,6
Real reference,,6114,0.325,5,7
Real reference,,6115,0.1625,9,9
Real reference,,6116,0.56875,4,8
Real reference,,6117,0.375,5,5
Real reference,,6118,0.39375,4,6
Real reference,,6119,0.49375,5,5
Real reference,,6120,0.4125,5,5
Real reference,,6121,0.31875,7,7
Real reference,,6122,0.525,6,6
Real reference,,6123,0.3875,5,5
Real reference,,6124,0.35,6,6
Real reference,,6125,0.40625,7,7
Real reference,,6126,0.45625,4,5
Real reference,,6127,0.21875,6,6
Real reference,,6128,0.4125,7,13
Real reference,,6129,0.4,4,10
Real reference,,6130,0.325,5,5
Real reference,,6131,0.31875,5,5
Real reference,,6132,0.3875,4,4
Real reference,,6133,0.29375,4,5
Real reference,,6134,0.475,4,4
Real reference,,6135,0.51875,5,5
Real reference,,6136,0.3875,8,8
Real reference,,6137,0.45625,4,6
Real reference,,6138,0.45,4,6
Real reference,,6139,0.275,5,6
Real reference,,6140,0.45625,6,6
Real reference,,6141,0.525,5,5
Real reference,,6142,0.2875,6,7
Real reference,,6143,0.3875,5,5
Real reference,,6144,0.33125,5,5
Real reference,,6145,0.475,5,5
Real reference,,6146,0.4125,5,9
Real reference,,6147,0.58125,5,6
Real reference,,6148,0.35,5,5
Real reference,,6149,0.4875,4,10
Real reference,,6150,0.55625,3,8
Real reference,,6151,0.25,14,14
Real reference,,6152,0.43125,11,11
Real reference,,6153,0.39375,5,9
Real reference,,6154,0.23125,8,8
Real reference,,6155,0.4,11,11
Real reference,,6156,0.3125,6,6
Real reference,,6157,0.2,14,14
Real reference,,6158,0.21875,8,8
Real reference,,6159,0.425,6,12
Real reference,,6160,0.30625,5,5
Real reference,,6161,0.38125,4,11
Real reference,,6162,0.43125,4,7
Real reference,,6163,0.40625,5,6
Real reference,,6164,0.40625,3,5
Real reference,,6165,0.325,6,9
Real reference,,6166,0.3,6,6
Real reference,,6167,0.41875,6,6
Real reference,,6168,0.33125,5,5
Real reference,,6169,0.34375,4,8
Real reference,,6170,0.40625,5,5
Real reference,,6171,0.3125,4,4
Real reference,,6172,0.375,4,4
Real reference,,6173,0.44375,5,5
Real reference,,6174,0.5,4,5
Real reference,,6175,0.26875,5,7
Real reference,,6176,0.45625,5,5
Real reference,,6177,0.35625,6,6
Real reference,,6178,0.21875,6,6
Real reference,,6179,0.4125,5,6
Real reference,,6180,0.3875,4,8
Real reference,,6181,0.48125,4,6
Real reference,,6182,0.4875,4,5
Real reference,,6183,0.4,3,6
Real reference,,6184,0.375,8,8
Real reference,,6185,0.39375,5,5
Real reference,,6186,0.34375,4,5
Real reference,,6187,0.43125,5,7
Real reference,,6188,0.3875,9,9
Real reference,,6189,0.44375,5,5
Real reference,,6190,0.33125,15,15
Real reference,,6191,0.3375,4,6
Real reference,,6192,0.31875,9,9
Real reference,,6193,0.2,8,8
Real reference,,6194,0.31875,13,13
Real reference,,6195,0.29375,10,10
Real reference,,6196,0.3,5,5
Real reference,,6197,0.35625,4,5
Real reference,,6198,0.4125,4,5
Real reference,,6199,0.275,8,8
Real reference,,6200,0.3875,5,7
Real reference,,6201,0.5125,5,5
Real reference,,6202,0.24375,8,8
Real reference,,6203,0.36875,4,5
Real reference,,6204,0.5375,4,11
Real reference,,6205,0.33125,5,7
Real reference,,6206,0.3875,5,6
Real reference,,6207,0.45,4,6
Real reference,,6208,0.3875,5,6
Real reference,,6209,0.35625,5,6
Real reference,,6210,0.35,6,6
Real reference,,6211,0.2125,7,7
Real reference,,6212,0.45625,4,4
Real reference,,6213,0.53125,4,4
Real reference,,6214,0.23125,7,10
Real reference,,6215,0.4,3,7
Real reference,,6216,0.525,4,5
Real reference,,6217,0.2625,5,6
Real reference,,6218,0.29375,6,8
Real reference,,6219,0.56875,5,5
Real reference,,6220,0.33125,6,6
Real reference,,6221,0.44375,4,8
Real reference,,6222,0.4,5,5
Real reference,,6223,0.23125,9,9
Real reference,,6224,0.48125,5,5
Real reference,,6225,0.5625,4,8
Real reference,,6226,0.34375,5,5
Real reference,,6227,0.38125,5,8
Real reference,,6228,0.425,3,6
Real reference,,6229,0.28125,4,5
Real reference,,6230,0.4375,4,15
Real reference,,6231,0.3125,4,7
Real reference,,6232,0.3625,5,5
Real reference,,6233,0.33125,4,7
Real reference,,6234,0.38125,7,7
Real reference,,6235,0.3875,5,8
Real reference,,6236,0.45625,6,6
Real reference,,6237,0.35,5,5
Real reference,,6238,0.275,8,8
Real reference,,6239,0.35,5,8
Real reference,,6240,0.3375,9,9
Real reference,,6241,0.3375,5,5
Real reference,,6242,0.31875,4,7
Real reference,,6243,0.375,3,5
Real reference,,6244,0.25,6,6
Real reference,,6245,0.3625,4,5
Real reference,,6246,0.325,5,5
Real reference,,6247,0.3125,6,6
Real reference,,6248,0.44375,5,6
Real reference,,6249,0.4125,5,5
Real reference,,6250,0.23125,5,9
Real reference,,6251,0.45,7,7
Real reference,,6252,0.4125,4,5
Real reference,,6253,0.3375,4,5
Real reference,,6254,0.34375,9,9
Real reference,,6255,0.33125,6,6
Real reference,,6256,0.3375,5,5
Real reference,,6257,0.46875,3,7
Real reference,,6258,0.3875,6,7
Real reference,,6259,0.29375,5,5
Real reference,,6260,0.4625,3,7
Real reference,,6261,0.53125,5,5
Real reference,,6262,0.3375,7,7
Real reference,,6263,0.45625,4,7
Real reference,,6264,0.475,4,5
Real reference,,6265,0.375,6,6
Real reference,,6266,0.35,6,6
Real reference,,6267,0.4375,4,7
Real reference,,6268,0.3,7,7
Real reference,,6269,0.4125,5,6
Real reference,,6270,0.49375,4,5
Real reference,,6271,0.2625,9,9
Real reference,,6272,0.44375,5,8
Real reference,,6273,0.39375,5,6
Real reference,,6274,0.41875,5,5
Real reference,,6275,0.36875,7,8
Real reference,,6276,0.3875,5,5
Real reference,,6277,0.4375,7,8
Real reference,,6278,0.3,7,7
Real reference,,6279,0.4125,4,5
Real reference,,6280,0.24375,7,7
Real reference,,6281,0.525,4,4
Real reference,,6282,0.44375,4,6
Real reference,,6283,0.21875,8,8
Real reference,,6284,0.4,6,14
Real reference,,6285,0.325,6,6
Real reference,,6286,0.2125,7,7
Real reference,,6287,0.43125,4,14
Real reference,,6288,0.55625,3,4
Real reference,,6289,0.35625,15,15
Real reference,,6290,0.39375,4,5
Real reference,,6291,0.34375,5,6
Real reference,,6292,0.25,5,5
Real reference,,6293,0.4125,9,9
Real reference,,6294,0.53125,4,7
Real reference,,6295,0.3625,5,5
Real reference,,6296,0.48125,5,8
Real reference,,6297,0.54375,3,5
Real reference,,6298,0.3,6,7
Real reference,,6299,0.40625,4,12
Real reference,,6300,0.38125,4,5
Real reference,,6301,0.3,7,8
Real reference,,6302,0.45,4,4
Real reference,,6303,0.375,4,5
Real reference,,6304,0.25,11,11
Real reference,,6305,0.38125,6,11
Real reference,,6306,0.4625,3,6
Real reference,,6307,0.26875,9,9
Real reference,,6308,0.3875,5,7
Real reference,,6309,0.31875,5,5
Real reference,,6310,0.38125,4,9
Real reference,,6311,0.3375,4,5
Real reference,,6312,0.43125,5,9
Real reference,,6313,0.325,7,7
Real reference,,6314,0.34375,5,5
Real reference,,6315,0.4125,4,6
Real reference,,6316,0.21875,8,8
Real reference,,6317,0.45,4,9
Real reference,,6318,0.41875,7,7
Real reference,,6319,0.35,4,6
Real reference,,6320,0.39375,4,6
Real reference,,6321,0.375,5,7
Real reference,,6322,0.33125,4,5
Real reference,,6323,0.375,3,11
Real reference,,6324,0.34375,6,7
Real reference,,6325,0.2625,12,12
Real reference,,6326,0.44375,5,6
Real reference,,6327,0.43125,5,5
Real reference,,6328,0.3625,4,10
Real reference,,6329,0.5,4,5
Real reference,,6330,0.4625,5,7
Real reference,,6331,0.48125,7,7
Real reference,,6332,0.3625,4,7
Real reference,,6333,0.38125,4,4
Real reference,,6334,0.50625,4,11
Real reference,,6335,0.38125,5,8
Real reference,,6336,0.31875,7,7
Real reference,,6337,0.45,5,28
Real reference,,6338,0.3375,5,12
Real reference,,6339,0.39375,4,8
Real reference,,6340,0.40625,5,6
Real reference,,6341,0.3,4,5
Real reference,,6342,0.325,5,5
Real reference,,6343,0.30625,6,11
Real reference,,6344,0.575,5,5
Real reference,,6345,0.41875,7,7
Real reference,,6346,0.30625,7,7
Real reference,,6347,0.39375,6,10
Real reference,,6348,0.21875,6,6
Real reference,,6349,0.5,4,4
Real reference,,6350,0.56875,4,6
Real reference,,6351,0.5375,5,7
Real reference,,6352,0.4875,5,5
Real reference,,6353,0.43125,4,5
Real reference,,6354,0.275,4,10
Real reference,,6355,0.43125,5,7
Real reference,,6356,0.40625,4,6
Real reference,,6357,0.34375,4,5
Real reference,,6358,0.4875,6,10
Real reference,,6359,0.38125,4,55
Real reference,,6360,0.2875,8,8
Real reference,,6361,0.4,4,9
Real reference,,6362,0.46875,4,6
Real reference,,6363,0.3125,7,7
Real reference,,6364,0.35625,5,7
Real reference,,6365,0.4,6,9
Real reference,,6366,0.2875,19,19
Real reference,,6367,0.41875,5,6
Real reference,,6368,0.4375,4,5
Real reference,,6369,0.3,5,6
Real reference,,6370,0.30625,5,8
Real reference,,6371,0.40625,3,7
Real reference,,6372,0.3375,5,5
Real reference,,6373,0.3875,4,5
Real reference,,6374,0.44375,4,6
Real reference,,6375,0.3,6,6
Real reference,,6376,0.45625,4,9
Real reference,,6377,0.36875,8,8
Real reference,,6378,0.45,5,5
Real reference,,6379,0.43125,4,5
Real reference,,6380,0.5125,4,6
Real reference,,6381,0.44375,4,6
Real reference,,6382,0.45,5,5
Real reference,,6383,0.49375,4,7
Real reference,,6384,0.3375,4,5
Real reference,,6385,0.4375,3,5
Real reference,,6386,0.2875,4,5
Real reference,,6387,0.375,10,11
Real reference,,6388,0.43125,6,6
Real reference,,6389,0.30625,14,14
Real reference,,6390,0.3875,6,7
Real reference,,6391,0.48125,4,6
Real reference,,6392,0.45,4,6
Real reference,,6393,0.2875,16,16
Real reference,,6394,0.4,5,9
Real reference,,6395,0.375,5,5
Real reference,,6396,0.3875,7,7
Real reference,,6397,0.5125,4,5
Real reference,,6398,0.50625,4,9
Real reference,,6399,0.475,3,6
Real reference,,6400,0.45625,4,6
Real reference,,6401,0.43125,3,5
Real reference,,6402,0.3125,4,5
Real reference,,6403,0.45625,4,4
Real reference,,6404,0.3125,7,7
Real reference,,6405,0.34375,6,6
Real reference,,6406,0.41875,5,5
Real reference,,6407,0.4125,5,5
Real reference,,6408,0.3125,5,5
Real reference,,6409,0.43125,8,8
Real reference,,6410,0.45,5,6
Real reference,,6411,0.3125,9,9
Real reference,,6412,0.28125,20,20
Real reference,,6413,0.34375,5,5
Real reference,,6414,0.3625,6,6
Real reference,,6415,0.33125,7,8
Real reference,,6416,0.50625,3,4
Real reference,,6417,0.35625,4,4
Real reference,,6418,0.41875,7,8
Real reference,,6419,0.3875,5,5
Real reference,,6420,0.4375,4,9
Real reference,,6421,0.49375,5,5
Real reference,,6422,0.4375,3,6
Real reference,,6423,0.33125,4,6
Real reference,,6424,0.45625,6,6
Real reference,,6425,0.46875,4,4
Real reference,,6426,0.49375,4,7
Real reference,,6427,0.475,4,8
Real reference,,6428,0.55,3,4
Real reference,,6429,0.3375,4,5
Real reference,,6430,0.40625,6,12
Real reference,,6431,0.475,5,9
Real reference,,6432,0.3875,4,5
Real reference,,6433,0.4875,4,4
Real reference,,6434,0.48125,4,5
Real reference,,6435,0.4625,4,10
Real reference,,6436,0.38125,5,7
Real reference,,6437,0.3875,5,6
Real reference,,6438,0.4125,9,9
Real reference,,6439,0.40625,4,5
Real reference,,6440,0.4625,3,5
Real reference,,6441,0.28125,5,6
Real reference,,6442,0.33125,7,7
Real reference,,6443,0.40625,5,17
Real reference,,6444,0.40625,5,9
Real reference,,6445,0.5,4,7
Real reference,,6446,0.4,4,4
Real reference,,6447,0.4125,4,5
Real reference,,6448,0.43125,4,6
Real reference,,6449,0.45625,4,5
Real reference,,6450,0.3625,4,5
Real reference,,6451,0.4375,5,13
Real reference,,6452,0.40625,7,7
Real reference,,6453,0.38125,8,8
Real reference,,6454,0.44375,7,8
Real reference,,6455,0.375,5,10
Real reference,,6456,0.33125,6,6
Real reference,,6457,0.36875,6,8
Real reference,,6458,0.33125,5,5
Real reference,,6459,0.4,4,6
Real reference,,6460,0.4875,4,8
Real reference,,6461,0.48125,4,6
Real reference,,6462,0.23125,9,9
Real reference,,6463,0.39375,6,6
Real reference,,6464,0.325,10,10
Real reference,,6465,0.325,6,6
Real reference,,6466,0.3625,5,6
Real reference,,6467,0.48125,5,5
Real reference,,6468,0.30625,4,6
Real reference,,6469,0.425,5,7
Real reference,,6470,0.55625,4,4
Real reference,,6471,0.2625,4,7
Real reference,,6472,0.35,6,12
Real reference,,6473,0.2625,5,5
Real reference,,6474,0.1875,7,7
Real reference,,6475,0.43125,4,4
Real reference,,6476,0.5,4,6
Real reference,,6477,0.41875,3,10
Real reference,,6478,0.35,4,11
Real reference,,6479,0.275,10,10
Real reference,,6480,0.36875,4,5
Real reference,,6481,0.45625,4,6
Real reference,,6482,0.43125,5,5
Real reference,,6483,0.5125,7,7
Real reference,,6484,0.46875,3,9
Real reference,,6485,0.5,5,6
Real reference,,6486,0.425,5,5
Real reference,,6487,0.475,3,6
Real reference,,6488,0.44375,5,5
Real reference,,6489,0.3,6,7
Real reference,,6490,0.425,5,6
Real reference,,6491,0.4,4,6
Real reference,,6492,0.43125,4,5
Real reference,,6493,0.5125,4,11
Real reference,,6494,0.50625,4,4
Real reference,,6495,0.3875,6,6
Real reference,,6496,0.4,7,7
Real reference,,6497,0.375,8,8
Real reference,,6498,0.325,7,7
Real reference,,6499,0.39375,4,5
Real reference,,6500,0.30625,7,7
Real reference,,6501,0.25625,7,7
Real reference,,6502,0.3,5,5
Real reference,,6503,0.3625,5,6
Real reference,,6504,0.33125,5,5
Real reference,,6505,0.35625,4,6
Real reference,,6506,0.3875,4,7
Real reference,,6507,0.4625,5,5
Real reference,,6508,0.4125,4,7
Real reference,,6509,0.45625,4,6
Real reference,,6510,0.28125,11,11
Real reference,,6511,0.35,9,9
Real reference,,6512,0.375,5,5
Real reference,,6513,0.41875,6,6
Real reference,,6514,0.50625,4,4
Real reference,,6515,0.425,5,6
Real reference,,6516,0.43125,5,5
Real reference,,6517,0.3375,6,6
Real reference,,6518,0.34375,6,6
Real reference,,6519,0.3125,6,6
Real reference,,6520,0.4375,9,9
Real reference,,6521,0.36875,7,7
Real reference,,6522,0.4125,4,4
Real reference,,6523,0.4375,4,12
Real reference,,6524,0.39375,4,6
Real reference,,6525,0.275,5,5
Real reference,,6526,0.4,4,5
Real reference,,6527,0.3625,5,5
Real reference,,6528,0.41875,6,6
Real reference,,6529,0.49375,5,5
Real reference,,6530,0.525,3,5
Real reference,,6531,0.225,7,7
Real reference,,6532,0.35,5,5
Real reference,,6533,0.46875,4,4
Real reference,,6534,0.34375,7,11
Real reference,,6535,0.31875,5,5
Real reference,,6536,0.5125,3,5
Real reference,,6537,0.4125,9,9
Real reference,,6538,0.425,8,8
Real reference,,6539,0.46875,3,5
Real reference,,6540,0.4375,7,11
Real reference,,6541,0.44375,7,11
Real reference,,6542,0.3125,9,9
Real reference,,6543,0.2125,5,5
Real reference,,6544,0.45,3,6
Real reference,,6545,0.46875,4,8
Real reference,,6546,0.34375,4,4
Real reference,,6547,0.475,4,8
Real reference,,6548,0.475,5,6
Real reference,,6549,0.425,5,5
Real reference,,6550,0.46875,5,5
Real reference,,6551,0.5125,3,5
Real reference,,6552,0.35,5,8
Real reference,,6553,0.4125,4,7
Real reference,,6554,0.53125,5,5
Real reference,,6555,0.225,10,10
Real reference,,6556,0.475,6,8
Real reference,,6557,0.3375,5,5
Real reference,,6558,0.3625,6,6
Real reference,,6559,0.3875,4,5
Real reference,,6560,0.30625,10,10
Real reference,,6561,0.33125,4,5
Real reference,,6562,0.4125,4,6
Real reference,,6563,0.4875,4,4
Real reference,,6564,0.34375,6,6
Real reference,,6565,0.34375,6,6
Real reference,,6566,0.41875,5,5
Real reference,,6567,0.35625,5,11
Real reference,,6568,0.51875,4,5
Real reference,,6569,0.3875,6,7
Real reference,,6570,0.3375,4,5
Real reference,,6571,0.39375,8,8
Real reference,,6572,0.4125,4,5
Real reference,,6573,0.4,5,7
Real reference,,6574,0.39375,4,6
Real reference,,6575,0.35625,4,4
Real reference,,6576,0.5,7,7
Real reference,,6577,0.33125,9,9
Real reference,,6578,0.3375,5,5
Real reference,,6579,0.4,4,7
Real reference,,6580,0.44375,4,8
Real reference,,6581,0.55625,3,4
Real reference,,6582,0.38125,6,7
Real reference,,6583,0.48125,6,6
Real reference,,6584,0.41875,4,4
Real reference,,6585,0.2375,4,5
Real reference,,6586,0.425,4,7
Real reference,,6587,0.31875,6,6
Real reference,,6588,0.44375,4,6
Real reference,,6589,0.4625,5,6
Real reference,,6590,0.49375,4,6
Real reference,,6591,0.4125,5,6
Real reference,,6592,0.3875,5,6
Real reference,,6593,0.43125,3,4
Real reference,,6594,0.29375,7,7
Real reference,,6595,0.4125,5,5
Real reference,,6596,0.525,4,4
Real reference,,6597,0.3375,4,4
Real reference,,6598,0.31875,5,7
Real reference,,6599,0.43125,4,5
Real reference,,6600,0.33125,6,6
Real reference,,6601,0.45625,4,5
Real reference,,6602,0.36875,12,12
Real reference,,6603,0.4,5,9
Real reference,,6604,0.4375,4,4
Real reference,,6605,0.5875,5,5
Real reference,,6606,0.44375,4,5
Real reference,,6607,0.39375,6,6
Real reference,,6608,0.425,4,9
Real reference,,6609,0.33125,7,7
Real reference,,6610,0.5,4,4
Real reference,,6611,0.36875,5,5
Real reference,,6612,0.38125,11,11
Real reference,,6613,0.40625,5,5
Real reference,,6614,0.325,5,5
Real reference,,6615,0.40625,5,5
Real reference,,6616,0.25625,7,7
Real reference,,6617,0.29375,6,6
Real reference,,6618,0.375,6,9
Real reference,,6619,0.4875,6,9
Real reference,,6620,0.5125,4,5
Real reference,,6621,0.3,8,8
Real reference,,6622,0.375,5,5
Real reference,,6623,0.55,3,5
Real reference,,6624,0.24375,7,7
Real reference,,6625,0.44375,4,6
Real reference,,6626,0.3625,4,6
Real reference,,6627,0.3875,5,5
Real reference,,6628,0.475,4,5
Real reference,,6629,0.59375,4,5
Real reference,,6630,0.35,5,9
Real reference,,6631,0.3875,5,6
Real reference,,6632,0.31875,6,6
Real reference,,6633,0.34375,5,6
Real reference,,6634,0.4625,4,6
Real reference,,6635,0.50625,6,8
Real reference,,6636,0.24375,6,7
Real reference,,6637,0.43125,8,9
Real reference,,6638,0.31875,5,5
Real reference,,6639,0.3625,4,4
Real reference,,6640,0.46875,4,4
Real reference,,6641,0.50625,5,5
Real reference,,6642,0.19375,5,7
Real reference,,6643,0.325,4,8
Real reference,,6644,0.4625,5,5
Real reference,,6645,0.3375,4,7
Real reference,,6646,0.475,5,6
Real reference,,6647,0.4125,4,5
Real reference,,6648,0.28125,7,7
Real reference,,6649,0.4125,4,7
Real reference,,6650,0.35,7,7
Real reference,,6651,0.325,6,6
Real reference,,6652,0.31875,7,7
Real reference,,6653,0.3,6,6
Real reference,,6654,0.30625,5,5
Real reference,,6655,0.275,7,7
Real reference,,6656,0.45,5,5
Real reference,,6657,0.4125,5,5
Real reference,,6658,0.4875,4,6
Real reference,,6659,0.4875,4,5
Real reference,,6660,0.4125,4,5
Real reference,,6661,0.45,7,7
Real reference,,6662,0.39375,4,7
Real reference,,6663,0.3875,4,6
Real reference,,6664,0.46875,4,5
Real reference,,6665,0.475,4,7
Real reference,,6666,0.40625,5,5
Real reference,,6667,0.40625,6,6
Real reference,,6668,0.525,3,6
Real reference,,6669,0.33125,5,5
Real reference,,6670,0.55625,4,5
Real reference,,6671,0.5875,4,5
Real reference,,6672,0.20625,7,7
Real reference,,6673,0.4875,5,7
Real reference,,6674,0.33125,4,5
Real reference,,6675,0.4625,4,5
Real reference,,6676,0.50625,4,8
Real reference,,6677,0.48125,5,5
Real reference,,6678,0.25,5,6
Real reference,,6679,0.35625,5,5
Real reference,,6680,0.3,5,6
Real reference,,6681,0.29375,5,6
Real reference,,6682,0.29375,4,8
Real reference,,6683,0.55,4,5
Real reference,,6684,0.31875,8,8
Real reference,,6685,0.30625,5,5
Real reference,,6686,0.4875,4,5
Real reference,,6687,0.3875,6,6
Real reference,,6688,0.49375,4,4
Real reference,,6689,0.425,3,5
Real reference,,6690,0.26875,6,6
Real reference,,6691,0.325,9,9
Real reference,,6692,0.4125,4,4
Real reference,,6693,0.29375,7,7
Real reference,,6694,0.3875,4,5
Real reference,,6695,0.425,4,6
Real reference,,6696,0.2625,5,6
Real reference,,6697,0.4125,5,5
Real reference,,6698,0.475,4,5
Real reference,,6699,0.43125,5,5
Real reference,,6700,0.375,7,7
Real reference,,6701,0.30625,4,4
Real reference,,6702,0.34375,6,6
Real reference,,6703,0.3125,8,8
Real reference,,6704,0.40625,8,10
Real reference,,6705,0.1875,9,9
Real reference,,6706,0.3625,8,8
Real reference,,6707,0.39375,3,6
Real reference,,6708,0.3875,6,6
Real reference,,6709,0.41875,4,6
Real reference,,6710,0.4125,5,5
Real reference,,6711,0.425,6,7
Real reference,,6712,0.475,6,6
Real reference,,6713,0.5625,3,5
Real reference,,6714,0.41875,4,79
Real reference,,6715,0.4375,5,7
Real reference,,6716,0.49375,4,6
Real reference,,6717,0.38125,7,7
Real reference,,6718,0.375,4,4
Real reference,,6719,0.4625,6,8
Real reference,,6720,0.3875,4,6
Real reference,,6721,0.43125,4,6
Real reference,,6722,0.3125,10,10
Real reference,,6723,0.29375,7,7
Real reference,,6724,0.4125,5,5
Real reference,,6725,0.4125,4,6
Real reference,,6726,0.25625,5,12
Real reference,,6727,0.575,3,6
Real reference,,6728,0.51875,4,5
Real reference,,6729,0.2625,5,6
Real reference,,6730,0.4125,5,8
Real reference,,6731,0.5625,5,5
Real reference,,6732,0.38125,9,9
Real reference,,6733,0.3875,12,12
Real reference,,6734,0.43125,7,7
Real reference,,6735,0.2875,7,7
Real reference,,6736,0.38125,8,8
Real reference,,6737,0.38125,4,6
Real reference,,6738,0.36875,5,5
Real reference,,6739,0.3875,5,5
Real reference,,6740,0.48125,4,5
Real reference,,6741,0.3625,5,8
Real reference,,6742,0.4875,4,5
Real reference,,6743,0.4375,4,4
Real reference,,6744,0.30625,7,7
Real reference,,6745,0.4375,3,5
Real reference,,6746,0.43125,4,6
Real reference,,6747,0.275,14,14
Real reference,,6748,0.35,7,7
Real reference,,6749,0.40625,5,7
Real reference,,6750,0.30625,6,6
Real reference,,6751,0.36875,5,7
Real reference,,6752,0.3625,5,17
Real reference,,6753,0.3625,4,6
Real reference,,6754,0.39375,6,6
Real reference,,6755,0.45,4,9
Real reference,,6756,0.25,5,7
Real reference,,6757,0.425,6,8
Real reference,,6758,0.35,7,7
Real reference,,6759,0.41875,4,5
Real reference,,6760,0.3375,10,10
Real reference,,6761,0.4375,4,5
Real reference,,6762,0.3375,7,7
Real reference,,6763,0.45,3,7
Real reference,,6764,0.36875,5,5
Real reference,,6765,0.33125,9,9
Real reference,,6766,0.41875,5,5
Real reference,,6767,0.40625,5,5
Real reference,,6768,0.33125,4,8
Real reference,,6769,0.45625,5,5
Real reference,,6770,0.525,4,5
Real reference,,6771,0.4125,5,6
Real reference,,6772,0.375,3,6
Real reference,,6773,0.40625,5,6
Real reference,,6774,0.28125,5,6
Real reference,,6775,0.475,5,7
Real reference,,6776,0.5625,3,5
Real reference,,6777,0.30625,4,6
Real reference,,6778,0.44375,5,5
Real reference,,6779,0.4875,4,4
Real reference,,6780,0.2625,9,9
Real reference,,6781,0.53125,3,4
Real reference,,6782,0.58125,4,6
Real reference,,6783,0.425,5,5
Real reference,,6784,0.4,5,7
Real reference,,6785,0.35625,6,7
Real reference,,6786,0.40625,6,6
Real reference,,6787,0.41875,5,6
Real reference,,6788,0.33125,5,6
Real reference,,6789,0.29375,6,6
Real reference,,6790,0.425,4,6
Real reference,,6791,0.3125,3,7
Real reference,,6792,0.30625,4,8
Real reference,,6793,0.5125,4,7
Real reference,,6794,0.325,5,5
Real reference,,6795,0.34375,4,8
Real reference,,6796,0.5375,4,5
Real reference,,6797,0.50625,4,7
Real reference,,6798,0.30625,6,11
Real reference,,6799,0.4125,5,6
Real reference,,6800,0.44375,6,6
Real reference,,6801,0.2875,6,8
Real reference,,6802,0.33125,7,7
Real reference,,6803,0.425,4,7
Real reference,,6804,0.29375,6,6
Real reference,,6805,0.41875,7,11
Real reference,,6806,0.48125,3,5
Real reference,,6807,0.29375,5,5
Real reference,,6808,0.3875,3,6
Real reference,,6809,0.36875,4,7
Real reference,,6810,0.3375,6,6
Real reference,,6811,0.59375,5,8
Real reference,,6812,0.51875,5,7
Real reference,,6813,0.325,5,5
Real reference,,6814,0.41875,4,7
Real reference,,6815,0.425,7,7
Real reference,,6816,0.39375,4,5
Real reference,,6817,0.4125,5,6
Real reference,,6818,0.33125,13,13
Real reference,,6819,0.36875,4,5
Real reference,,6820,0.4125,4,6
Real reference,,6821,0.35625,4,5
Real reference,,6822,0.35,6,6
Real reference,,6823,0.39375,4,6
Real reference,,6824,0.36875,4,5
Real reference,,6825,0.25,15,15
Real reference,,6826,0.33125,5,10
Real reference,,6827,0.325,5,6
Real reference,,6828,0.3125,12,12
Real reference,,6829,0.43125,6,7
Real reference,,6830,0.375,6,6
Real reference,,6831,0.23125,9,9
Real reference,,6832,0.3375,5,6
Real reference,,6833,0.3875,6,6
Real reference,,6834,0.35,4,5
Real reference,,6835,0.35625,5,5
Real reference,,6836,0.3375,5,6
Real reference,,6837,0.2,6,6
Real reference,,6838,0.4375,13,13
Real reference,,6839,0.35,5,5
Real reference,,6840,0.2875,7,7
Real reference,,6841,0.3875,8,11
Real reference,,6842,0.45625,8,8
Real reference,,6843,0.4125,3,7
Real reference,,6844,0.45,4,9
Real reference,,6845,0.4625,4,6
Real reference,,6846,0.25625,5,5
Real reference,,6847,0.39375,5,6
Real reference,,6848,0.325,8,8
Real reference,,6849,0.28125,8,8
Real reference,,6850,0.43125,6,6
Real reference,,6851,0.325,6,6
Real reference,,6852,0.2625,12,12
Real reference,,6853,0.25625,13,13
Real reference,,6854,0.38125,6,6
Real reference,,6855,0.21875,7,7
Real reference,,6856,0.3125,11,11
Real reference,,6857,0.33125,7,21
Real reference,,6858,0.3625,7,7
Real reference,,6859,0.35625,5,6
Real reference,,6860,0.46875,5,5
Real reference,,6861,0.25625,8,8
Real reference,,6862,0.3875,10,10
Real reference,,6863,0.50625,4,7
Real reference,,6864,0.34375,4,7
Real reference,,6865,0.49375,5,6
Real reference,,6866,0.43125,4,5
Real reference,,6867,0.3375,5,5
Real reference,,6868,0.39375,6,6
Real reference,,6869,0.325,5,5
Real reference,,6870,0.38125,4,5
Real reference,,6871,0.4625,4,5
Real reference,,6872,0.4875,3,5
Real reference,,6873,0.31875,4,5
Real reference,,6874,0.45,4,5
Real reference,,6875,0.4125,4,7
Real reference,,6876,0.3875,4,7
Real reference,,6877,0.4875,4,6
Real reference,,6878,0.45,6,6
Real reference,,6879,0.325,6,6
Real reference,,6880,0.4,5,6
Real reference,,6881,0.325,6,6
Real reference,,6882,0.25625,11,11
Real reference,,6883,0.49375,4,7
Real reference,,6884,0.49375,3,5
Real reference,,6885,0.3875,3,5
Real reference,,6886,0.36875,7,7
Real reference,,6887,0.3625,5,5
Real reference,,6888,0.325,7,7
Real reference,,6889,0.50625,4,6
Real reference,,6890,0.53125,4,5
Real reference,,6891,0.33125,5,6
Real reference,,6892,0.45,7,10
Real reference,,6893,0.35,7,7
Real reference,,6894,0.25625,4,4
Real reference,,6895,0.4,4,8
Real reference,,6896,0.35625,9,9
Real reference,,6897,0.41875,5,5
Real reference,,6898,0.44375,10,10
Real reference,,6899,0.45625,5,11
Real reference,,6900,0.3,7,7
Real reference,,6901,0.35,6,6
Real reference,,6902,0.3625,4,5
Real reference,,6903,0.4375,3,7
Real reference,,6904,0.51875,4,5
Real reference,,6905,0.5875,3,7
Real reference,,6906,0.3625,4,5
Real reference,,6907,0.44375,3,6
Real reference,,6908,0.3625,6,7
Real reference,,6909,0.38125,5,6
Real reference,,6910,0.39375,3,5
Real reference,,6911,0.49375,4,5
Real reference,,6912,0.2875,10,10
Real reference,,6913,0.36875,7,7
Real reference,,6914,0.45625,6,6
Real reference,,6915,0.35625,12,12
Real reference,,6916,0.4125,5,11
Real reference,,6917,0.325,7,7
Real reference,,6918,0.34375,5,7
Real reference,,6919,0.46875,3,7
Real reference,,6920,0.4,9,9
Real reference,,6921,0.525,4,6
Real reference,,6922,0.375,6,6
Real reference,,6923,0.375,9,9
Real reference,,6924,0.275,6,8
Real reference,,6925,0.375,8,8
Real reference,,6926,0.525,4,4
Real reference,,6927,0.29375,6,6
Real reference,,6928,0.29375,5,5
Real reference,,6929,0.3625,5,6
Real reference,,6930,0.34375,5,5
Real reference,,6931,0.48125,4,19
Real reference,,6932,0.54375,4,5
Real reference,,6933,0.2625,6,10
Real reference,,6934,0.55,4,7
Real reference,,6935,0.30625,6,6
Real reference,,6936,0.2375,6,6
Real reference,,6937,0.4625,5,5
Real reference,,6938,0.33125,7,7
Real reference,,6939,0.3375,16,16
Real reference,,6940,0.4125,5,6
Real reference,,6941,0.5625,4,5
Real reference,,6942,0.2625,6,7
Real reference,,6943,0.325,8,8
Real reference,,6944,0.35,6,6
Real reference,,6945,0.3625,5,5
Real reference,,6946,0.45,6,6
Real reference,,6947,0.41875,4,4
Real reference,,6948,0.18125,5,5
Real reference,,6949,0.5,3,6
Real reference,,6950,0.41875,5,6
Real reference,,6951,0.35625,6,6
Real reference,,6952,0.4375,5,7
Real reference,,6953,0.5375,4,6
Real reference,,6954,0.36875,5,5
Real reference,,6955,0.43125,4,9
Real reference,,6956,0.50625,3,5
Real reference,,6957,0.3,10,10
Real reference,,6958,0.3625,5,5
Real reference,,6959,0.33125,5,5
Real reference,,6960,0.30625,8,8
Real reference,,6961,0.38125,6,6
Real reference,,6962,0.43125,5,5
Real reference,,6963,0.31875,10,10
Real reference,,6964,0.3875,4,14
Real reference,,6965,0.41875,6,6
Real reference,,6966,0.45,5,5
Real reference,,6967,0.49375,4,6
Real reference,,6968,0.48125,5,6
Real reference,,6969,0.35,5,10
Real reference,,6970,0.53125,4,9
Real reference,,6971,0.4625,6,6
Real reference,,6972,0.40625,5,5
Real reference,,6973,0.46875,5,5
Real reference,,6974,0.48125,4,5
Real reference,,6975,0.39375,5,5
Real reference,,6976,0.43125,6,6
Real reference,,6977,0.43125,4,5
Real reference,,6978,0.3375,6,7
Real reference,,6979,0.38125,5,5
Real reference,,6980,0.31875,7,7
Real reference,,6981,0.30625,5,8
Real reference,,6982,0.45,5,7
Real reference,,6983,0.58125,4,7
Real reference,,6984,0.4125,7,7
Real reference,,6985,0.3,24,24
Real reference,,6986,0.3875,6,6
Real reference,,6987,0.41875,4,5
Real reference,,6988,0.475,4,5
Real reference,,6989,0.3375,5,5
Real reference,,6990,0.41875,5,5
Real reference,,6991,0.39375,7,7
Real reference,,6992,0.34375,4,6
Real reference,,6993,0.4,5,6
Real reference,,6994,0.5,5,5
Real reference,,6995,0.4625,4,4
Real reference,,6996,0.36875,7,7
Real reference,,6997,0.375,10,10
Real reference,,6998,0.35625,7,7
Real reference,,6999,0.2625,8,8
Real reference,,7000,0.4625,4,7
Real reference,,7001,0.5625,4,5
Real reference,,7002,0.375,5,5
Real reference,,7003,0.45,4,8
Real reference,,7004,0.43125,5,5
Real reference,,7005,0.40625,3,7
Real reference,,7006,0.33125,6,6
Real reference,,7007,0.5,3,5
Real reference,,7008,0.39375,7,9
Real reference,,7009,0.4125,4,5
Real reference,,7010,0.33125,4,5
Real reference,,7011,0.2875,5,5
Real reference,,7012,0.45625,4,10
Real reference,,7013,0.50625,5,5
Real reference,,7014,0.2625,5,7
Real reference,,7015,0.43125,4,7
Real reference,,7016,0.44375,5,5
Real reference,,7017,0.29375,9,9
Real reference,,7018,0.40625,4,4
Real reference,,7019,0.34375,12,12
Real reference,,7020,0.3125,5,6
Real reference,,7021,0.38125,5,5
Real reference,,7022,0.5875,4,5
Real reference,,7023,0.2625,6,6
Real reference,,7024,0.34375,4,7
Real reference,,7025,0.4625,4,5
Real reference,,7026,0.1625,9,9
Real reference,,7027,0.35,4,4
Real reference,,7028,0.325,6,6
Real reference,,7029,0.3875,4,5
Real reference,,7030,0.51875,4,5
Real reference,,7031,0.3875,7,7
Real reference,,7032,0.3,9,12
Real reference,,7033,0.50625,5,5
Real reference,,7034,0.4625,4,5
Real reference,,7035,0.3375,5,6
Real reference,,7036,0.35625,10,10
Real reference,,7037,0.4875,3,5
Real reference,,7038,0.29375,4,6
Real reference,,7039,0.41875,4,7
Real reference,,7040,0.46875,4,7
Real reference,,7041,0.35,5,6
Real reference,,7042,0.43125,5,5
Real reference,,7043,0.48125,4,5
Real reference,,7044,0.30625,5,6
Real reference,,7045,0.49375,5,7
Real reference,,7046,0.51875,5,6
Real reference,,7047,0.2375,14,14
Real reference,,7048,0.40625,4,6
Real reference,,7049,0.4,5,5
Real reference,,7050,0.35,5,5
Real reference,,7051,0.325,7,7
Real reference,,7052,0.41875,4,5
Real reference,,7053,0.40625,5,6
Real reference,,7054,0.35,6,6
Real reference,,7055,0.3125,7,7
Real reference,,7056,0.38125,5,6
Real reference,,7057,0.5,5,11
Real reference,,7058,0.43125,4,6
Real reference,,7059,0.45,5,5
Real reference,,7060,0.35,6,6
Real reference,,7061,0.43125,3,6
Real reference,,7062,0.2875,4,6
Real reference,,7063,0.45,5,7
Real reference,,7064,0.35625,4,4
Real reference,,7065,0.3,5,5
Real reference,,7066,0.2875,12,12
Real reference,,7067,0.35,5,5
Real reference,,7068,0.30625,11,21
Real reference,,7069,0.3625,5,5
Real reference,,7070,0.325,6,6
Real reference,,7071,0.425,4,6
Real reference,,7072,0.3625,7,7
Real reference,,7073,0.4,4,7
Real reference,,7074,0.36875,6,6
Real reference,,7075,0.3875,4,6
Real reference,,7076,0.35625,4,4
Real reference,,7077,0.3375,9,9
Real reference,,7078,0.4,7,7
Real reference,,7079,0.46875,6,6
Real reference,,7080,0.34375,4,5
Real reference,,7081,0.3625,7,7
Real reference,,7082,0.43125,4,6
Real reference,,7083,0.25,8,8
Real reference,,7084,0.275,8,8
Real reference,,7085,0.45625,6,6
Real reference,,7086,0.28125,6,6
Real reference,,7087,0.3625,8,8
Real reference,,7088,0.475,5,5
Real reference,,7089,0.44375,5,7
Real reference,,7090,0.43125,5,7
Real reference,,7091,0.425,6,6
Real reference,,7092,0.23125,12,12
Real reference,,7093,0.475,5,5
Real reference,,7094,0.4125,5,5
Real reference,,7095,0.275,9,9
Real reference,,7096,0.35,5,5
Real reference,,7097,0.35,4,4
Real reference,,7098,0.33125,10,10
Real reference,,7099,0.4625,6,6
Real reference,,7100,0.49375,4,5
Real reference,,7101,0.4125,5,5
Real reference,,7102,0.45625,5,5
Real reference,,7103,0.44375,5,5
Real reference,,7104,0.38125,4,4
Real reference,,7105,0.39375,4,8
Real reference,,7106,0.45625,5,6
Real reference,,7107,0.34375,5,8
Real reference,,7108,0.33125,10,10
Real reference,,7109,0.3,11,11
Real reference,,7110,0.2875,5,7
Real reference,,7111,0.41875,7,7
Real reference,,7112,0.31875,4,7
Real reference,,7113,0.3375,5,6
Real reference,,7114,0.4875,4,8
Real reference,,7115,0.3875,5,6
Real reference,,7116,0.31875,4,5
Real reference,,7117,0.3875,7,7
Real reference,,7118,0.425,4,6
Real reference,,7119,0.3125,8,8
Real reference,,7120,0.4375,6,12
Real reference,,7121,0.39375,7,7
Real reference,,7122,0.275,22,22
Real reference,,7123,0.36875,4,10
Real reference,,7124,0.325,5,5
Real reference,,7125,0.36875,5,6
Real reference,,7126,0.4625,4,4
Real reference,,7127,0.44375,4,4
Real reference,,7128,0.15,7,7
Real reference,,7129,0.15,8,8
Real reference,,7130,0.33125,19,19
Real reference,,7131,0.25,9,9
Real reference,,7132,0.45,6,6
Real reference,,7133,0.46875,4,8
Real reference,,7134,0.26875,11,11
Real reference,,7135,0.375,4,5
Real reference,,7136,0.46875,3,6
Real reference,,7137,0.48125,3,5
Real reference,,7138,0.4375,4,5
Real reference,,7139,0.475,4,4
Real reference,,7140,0.43125,6,6
Real reference,,7141,0.39375,4,5
Real reference,,7142,0.4375,5,6
Real reference,,7143,0.325,5,5
Real reference,,7144,0.44375,5,5
Real reference,,7145,0.35625,4,4
Real reference,,7146,0.3375,4,4
Real reference,,7147,0.5375,3,6
Real reference,,7148,0.39375,5,8
Real reference,,7149,0.38125,5,5
Real reference,,7150,0.65,5,5
Real reference,,7151,0.6125,4,4
Real reference,,7152,0.275,4,6
Real reference,,7153,0.4875,4,6
Real reference,,7154,0.40625,4,4
Real reference,,7155,0.24375,12,12
Real reference,,7156,0.45,6,7
Real reference,,7157,0.50625,3,4
Real reference,,7158,0.36875,5,7
Real reference,,7159,0.45,4,8
Real reference,,7160,0.46875,4,5
Real reference,,7161,0.25,9,9
Real reference,,7162,0.3875,6,6
Real reference,,7163,0.3125,5,5
Real reference,,7164,0.275,14,14
Real reference,,7165,0.31875,4,9
Real reference,,7166,0.45,3,8
Real reference,,7167,0.30625,5,7
Real reference,,7168,0.475,5,8
Real reference,,7169,0.425,4,6
Real reference,,7170,0.3125,8,8
Real reference,,7171,0.36875,10,10
Real reference,,7172,0.34375,7,12
Real reference,,7173,0.1875,6,8
Real reference,,7174,0.45,4,5
Real reference,,7175,0.5,3,8
Real reference,,7176,0.3,5,5
Real reference,,7177,0.50625,4,5
Real reference,,7178,0.4125,3,6
Real reference,,7179,0.44375,4,4
Real reference,,7180,0.3625,6,6
Real reference,,7181,0.325,10,10
Real reference,,7182,0.40625,6,6
Real reference,,7183,0.35,4,5
Real reference,,7184,0.49375,4,6
Real reference,,7185,0.4125,5,6
Real reference,,7186,0.35,5,5
Real reference,,7187,0.28125,9,9
Real reference,,7188,0.45625,4,8
Real reference,,7189,0.35,6,7
Real reference,,7190,0.3125,6,6
Real reference,,7191,0.225,9,9
Real reference,,7192,0.5125,4,5
Real reference,,7193,0.4,8,8
Real reference,,7194,0.3625,5,11
Real reference,,7195,0.4625,4,4
Real reference,,7196,0.50625,3,5
Real reference,,7197,0.23125,6,6
Real reference,,7198,0.41875,4,10
Real reference,,7199,0.4,4,5
Real reference,,7200,0.35,5,7
Real reference,,7201,0.45,5,11
Real reference,,7202,0.45,6,6
Real reference,,7203,0.34375,6,6
Real reference,,7204,0.29375,19,19
Real reference,,7205,0.4125,5,7
Real reference,,7206,0.31875,7,7
Real reference,,7207,0.6,3,7
Real reference,,7208,0.64375,4,4
Real reference,,7209,0.36875,5,6
Real reference,,7210,0.45625,3,7
Real reference,,7211,0.35,5,5
Real reference,,7212,0.38125,7,7
Real reference,,7213,0.51875,4,5
Real reference,,7214,0.43125,5,6
Real reference,,7215,0.20625,9,9
Real reference,,7216,0.5,4,7
Real reference,,7217,0.5,3,4
Real reference,,7218,0.29375,4,4
Real reference,,7219,0.31875,6,7
Real reference,,7220,0.38125,5,7
Real reference,,7221,0.30625,5,8
Real reference,,7222,0.45625,3,8
Real reference,,7223,0.41875,4,5
Real reference,,7224,0.31875,6,6
Real reference,,7225,0.4375,3,5
Real reference,,7226,0.39375,5,5
Real reference,,7227,0.425,7,19
Real reference,,7228,0.4,4,6
Real reference,,7229,0.36875,3,5
Real reference,,7230,0.325,5,9
Real reference,,7231,0.4875,10,14
Real reference,,7232,0.4375,7,7
Real reference,,7233,0.36875,6,6
Real reference,,7234,0.50625,3,6
Real reference,,7235,0.3875,6,6
Real reference,,7236,0.19375,7,7
Real reference,,7237,0.40625,4,25
Real reference,,7238,0.4375,4,9
Real reference,,7239,0.45,5,7
Real reference,,7240,0.5375,4,6
Real reference,,7241,0.45,3,4
Real reference,,7242,0.30625,6,7
Real reference,,7243,0.38125,6,18
Real reference,,7244,0.44375,7,7
Real reference,,7245,0.3125,9,9
Real reference,,7246,0.34375,4,7
Real reference,,7247,0.375,15,15
Real reference,,7248,0.36875,8,8
Real reference,,7249,0.46875,5,10
Real reference,,7250,0.4625,4,7
Real reference,,7251,0.34375,10,10
Real reference,,7252,0.375,6,7
Real reference,,7253,0.50625,3,4
Real reference,,7254,0.325,4,9
Real reference,,7255,0.51875,5,5
Real reference,,7256,0.3375,4,5
Real reference,,7257,0.4,5,5
Real reference,,7258,0.4125,4,10
Real reference,,7259,0.34375,4,6
Real reference,,7260,0.31875,8,8
Real reference,,7261,0.4,4,5
Real reference,,7262,0.4125,9,9
Real reference,,7263,0.3,5,5
Real reference,,7264,0.34375,4,6
Real reference,,7265,0.4,6,7
Real reference,,7266,0.325,5,8
Real reference,,7267,0.49375,4,5
Real reference,,7268,0.4125,8,8
Real reference,,7269,0.4125,4,4
Real reference,,7270,0.45,4,7
Real reference,,7271,0.38125,11,11
Real reference,,7272,0.39375,5,5
Real reference,,7273,0.425,4,7
Real reference,,7274,0.53125,3,6
Real reference,,7275,0.325,5,6
Real reference,,7276,0.36875,4,6
Real reference,,7277,0.375,6,7
Real reference,,7278,0.23125,10,10
Real reference,,7279,0.36875,5,5
Real reference,,7280,0.4625,5,5
Real reference,,7281,0.23125,10,10
Real reference,,7282,0.39375,5,5
Real reference,,7283,0.3625,5,7
Real reference,,7284,0.3875,4,7
Real reference,,7285,0.475,4,6
Real reference,,7286,0.34375,4,5
Real reference,,7287,0.43125,4,5
Real reference,,7288,0.38125,5,6
Real reference,,7289,0.3375,4,6
Real reference,,7290,0.3375,5,5
Real reference,,7291,0.45,10,10
Real reference,,7292,0.375,9,9
Real reference,,7293,0.24375,8,8
Real reference,,7294,0.4125,5,5
Real reference,,7295,0.41875,8,8
Real reference,,7296,0.31875,12,12
Real reference,,7297,0.38125,5,8
Real reference,,7298,0.34375,5,5
Real reference,,7299,0.34375,5,5
Real reference,,7300,0.38125,5,6
Real reference,,7301,0.51875,4,4
Real reference,,7302,0.46875,5,5
Real reference,,7303,0.43125,5,5
Real reference,,7304,0.3875,6,6
Real reference,,7305,0.375,6,6
Real reference,,7306,0.49375,6,6
Real reference,,7307,0.4125,5,5
Real reference,,7308,0.34375,10,10
Real reference,,7309,0.5,4,6
Real reference,,7310,0.35,5,5
Real reference,,7311,0.33125,7,10
Real reference,,7312,0.425,7,8
Real reference,,7313,0.41875,5,5
Real reference,,7314,0.35625,8,8
Real reference,,7315,0.40625,5,5
Real reference,,7316,0.41875,4,5
Real reference,,7317,0.36875,6,6
Real reference,,7318,0.33125,8,8
Real reference,,7319,0.325,5,7
Real reference,,7320,0.18125,5,7
Real reference,,7321,0.53125,5,6
Real reference,,7322,0.4875,4,5
Real reference,,7323,0.3375,5,5
Real reference,,7324,0.44375,5,11
Real reference,,7325,0.50625,5,7
Real reference,,7326,0.3375,6,6
Real reference,,7327,0.5,5,5
Real reference,,7328,0.43125,5,5
Real reference,,7329,0.19375,21,21
Real reference,,7330,0.4625,4,8
Real reference,,7331,0.5,4,6
Real reference,,7332,0.4,6,6
Real reference,,7333,0.50625,6,6
Real reference,,7334,0.48125,3,7
Real reference,,7335,0.31875,5,6
Real reference,,7336,0.3625,6,6
Real reference,,7337,0.4125,8,8
Real reference,,7338,0.3375,9,9
Real reference,,7339,0.36875,7,7
Real reference,,7340,0.35625,5,5
Real reference,,7341,0.4375,4,6
Real reference,,7342,0.575,3,6
Real reference,,7343,0.425,4,5
Real reference,,7344,0.35,5,6
Real reference,,7345,0.43125,6,8
Real reference,,7346,0.31875,5,5
Real reference,,7347,0.375,4,5
Real reference,,7348,0.44375,4,7
Real reference,,7349,0.48125,4,4
Real reference,,7350,0.275,16,16
Real reference,,7351,0.39375,4,7
Real reference,,7352,0.38125,4,6
Real reference,,7353,0.33125,4,4
Real reference,,7354,0.3875,5,5
Real reference,,7355,0.425,7,7
Real reference,,7356,0.375,6,6
Real reference,,7357,0.375,5,5
Real reference,,7358,0.51875,3,5
Real reference,,7359,0.26875,5,5
Real reference,,7360,0.49375,4,7
Real reference,,7361,0.5625,3,5
Real reference,,7362,0.3375,4,6
Real reference,,7363,0.4125,16,16
Real reference,,7364,0.3375,6,6
Real reference,,7365,0.35625,8,8
Real reference,,7366,0.4375,6,6
Real reference,,7367,0.44375,6,7
Real reference,,7368,0.325,9,9
Real reference,,7369,0.45625,3,7
Real reference,,7370,0.4875,4,4
Real reference,,7371,0.30625,11,11
Real reference,,7372,0.33125,6,13
Real reference,,7373,0.51875,4,5
Real reference,,7374,0.225,6,6
Real reference,,7375,0.375,6,7
Real reference,,7376,0.3125,8,8
Real reference,,7377,0.25625,10,10
Real reference,,7378,0.35625,5,5
Real reference,,7379,0.40625,4,5
Real reference,,7380,0.23125,6,7
Real reference,,7381,0.3625,10,10
Real reference,,7382,0.4375,4,6
Real reference,,7383,0.375,5,5
Real reference,,7384,0.50625,5,17
Real reference,,7385,0.43125,7,7
Real reference,,7386,0.3125,7,7
Real reference,,7387,0.48125,4,4
Real reference,,7388,0.475,4,7
Real reference,,7389,0.34375,7,7
Real reference,,7390,0.4,4,5
Real reference,,7391,0.40625,4,7
Real reference,,7392,0.225,7,7
Real reference,,7393,0.3625,11,11
Real reference,,7394,0.43125,7,7
Real reference,,7395,0.34375,5,5
Real reference,,7396,0.375,5,8
Real reference,,7397,0.55625,3,5
Real reference,,7398,0.3125,7,8
Real reference,,7399,0.41875,4,13
Real reference,,7400,0.35,6,7
Real reference,,7401,0.25,5,5
Real reference,,7402,0.29375,8,8
Real reference,,7403,0.425,4,4
Real reference,,7404,0.34375,19,19
Real reference,,7405,0.30625,8,8
Real reference,,7406,0.2875,5,6
Real reference,,7407,0.30625,4,7
Real reference,,7408,0.45625,5,7
Real reference,,7409,0.46875,4,5
Real reference,,7410,0.33125,6,6
Real reference,,7411,0.3625,5,5
Real reference,,7412,0.35625,5,5
Real reference,,7413,0.2625,7,16
Real reference,,7414,0.43125,7,7
Real reference,,7415,0.5,4,4
Real reference,,7416,0.39375,5,5
Real reference,,7417,0.44375,5,7
Real reference,,7418,0.53125,4,4
Real reference,,7419,0.20625,9,9
Real reference,,7420,0.41875,4,6
Real reference,,7421,0.44375,4,5
Real reference,,7422,0.325,4,5
Real reference,,7423,0.44375,4,5
Real reference,,7424,0.44375,4,6
Real reference,,7425,0.30625,7,7
Real reference,,7426,0.41875,8,8
Real reference,,7427,0.49375,4,5
Real reference,,7428,0.38125,4,4
Real reference,,7429,0.39375,5,11
Real reference,,7430,0.45,4,5
Real reference,,7431,0.25,6,6
Real reference,,7432,0.51875,5,5
Real reference,,7433,0.5375,4,8
Real reference,,7434,0.35625,5,5
Real reference,,7435,0.43125,4,4
Real reference,,7436,0.40625,4,5
Real reference,,7437,0.3125,10,10
Real reference,,7438,0.35625,4,5
Real reference,,7439,0.4125,3,7
Real reference,,7440,0.30625,22,22
Real reference,,7441,0.5875,3,4
Real reference,,7442,0.5,4,5
Real reference,,7443,0.28125,7,7
Real reference,,7444,0.36875,5,6
Real reference,,7445,0.51875,3,5
Real reference,,7446,0.28125,5,6
Real reference,,7447,0.43125,3,10
Real reference,,7448,0.5,4,5
Real reference,,7449,0.25625,20,20
Real reference,,7450,0.39375,4,5
Real reference,,7451,0.39375,4,6
Real reference,,7452,0.31875,5,5
Real reference,,7453,0.49375,3,11
Real reference,,7454,0.46875,5,8
Real reference,,7455,0.30625,7,7
Real reference,,7456,0.34375,5,5
Real reference,,7457,0.3125,4,6
Real reference,,7458,0.3125,8,8
Real reference,,7459,0.4,11,11
Real reference,,7460,0.35625,7,7
Real reference,,7461,0.40625,6,6
Real reference,,7462,0.3875,7,7
Real reference,,7463,0.30625,7,8
Real reference,,7464,0.21875,7,8
Real reference,,7465,0.40625,6,6
Real reference,,7466,0.3625,5,5
Real reference,,7467,0.2875,12,12
Real reference,,7468,0.48125,4,9
Real reference,,7469,0.48125,3,4
Real reference,,7470,0.4,4,6
Real reference,,7471,0.4125,4,6
Real reference,,7472,0.425,4,7
Real reference,,7473,0.325,7,7
Real reference,,7474,0.33125,3,9
Real reference,,7475,0.2625,8,8
Real reference,,7476,0.20625,5,7
Real reference,,7477,0.425,4,8
Real reference,,7478,0.375,3,5
Real reference,,7479,0.31875,5,6
Real reference,,7480,0.44375,4,6
Real reference,,7481,0.51875,3,5
Real reference,,7482,0.1625,7,7
Real reference,,7483,0.325,8,8
Real reference,,7484,0.35625,6,7
Real reference,,7485,0.175,5,6
Real reference,,7486,0.40625,4,5
Real reference,,7487,0.38125,8,8
Real reference,,7488,0.26875,4,8
Real reference,,7489,0.325,9,9
Real reference,,7490,0.29375,5,7
Real reference,,7491,0.34375,9,9
Real reference,,7492,0.35625,9,18
Real reference,,7493,0.425,6,8
Real reference,,7494,0.40625,5,5
Real reference,,7495,0.41875,4,5
Real reference,,7496,0.34375,5,5
Real reference,,7497,0.39375,7,7
Real reference,,7498,0.39375,4,5
Real reference,,7499,0.3375,4,4
Real reference,,7500,0.41875,4,5
Real reference,,7501,0.3125,8,8
Real reference,,7502,0.45,5,6
Real reference,,7503,0.41875,6,6
Real reference,,7504,0.4,5,10
Real reference,,7505,0.33125,3,5
Real reference,,7506,0.43125,6,9
Real reference,,7507,0.5625,4,4
Real reference,,7508,0.56875,4,6
Real reference,,7509,0.33125,10,10
Real reference,,7510,0.35,6,6
Real reference,,7511,0.50625,4,7
Real reference,,7512,0.275,14,14
Real reference,,7513,0.29375,6,7
Real reference,,7514,0.4,5,6
Real reference,,7515,0.2375,8,8
Real reference,,7516,0.4125,7,7
Real reference,,7517,0.50625,3,10
Real reference,,7518,0.30625,9,9
Real reference,,7519,0.44375,4,7
Real reference,,7520,0.46875,5,5
Real reference,,7521,0.3625,4,10
Real reference,,7522,0.55625,4,5
Real reference,,7523,0.41875,3,5
Real reference,,7524,0.28125,11,11
Real reference,,7525,0.45,5,5
Real reference,,7526,0.35,4,6
Real reference,,7527,0.3125,8,8
Real reference,,7528,0.46875,4,4
Real reference,,7529,0.38125,5,7
Real reference,,7530,0.3375,6,6
Real reference,,7531,0.45625,5,5
Real reference,,7532,0.325,4,5
Real reference,,7533,0.2625,7,7
Real reference,,7534,0.375,5,5
Real reference,,7535,0.35,7,7
Real reference,,7536,0.31875,6,6
Real reference,,7537,0.34375,5,5
Real reference,,7538,0.3125,4,5
Real reference,,7539,0.25625,7,7
Real reference,,7540,0.43125,5,5
Real reference,,7541,0.45625,3,5
Real reference,,7542,0.4,5,5
Real reference,,7543,0.45625,4,8
Real reference,,7544,0.48125,5,7
Real reference,,7545,0.2625,6,6
Real reference,,7546,0.325,8,8
Real reference,,7547,0.34375,5,6
Real reference,,7548,0.35625,5,6
Real reference,,7549,0.38125,5,7
Real reference,,7550,0.29375,9,9
Real reference,,7551,0.43125,4,7
Real reference,,7552,0.3625,4,7
Real reference,,7553,0.36875,7,7
Real reference,,7554,0.3875,6,6
Real reference,,7555,0.33125,5,5
Real reference,,7556,0.39375,4,5
Real reference,,7557,0.54375,5,6
Real reference,,7558,0.43125,3,4
Real reference,,7559,0.3625,5,5
Real reference,,7560,0.5125,5,10
Real reference,,7561,0.41875,5,5
Real reference,,7562,0.3,5,6
Real reference,,7563,0.4125,5,5
Real reference,,7564,0.4,5,8
Real reference,,7565,0.43125,4,8
Real reference,,7566,0.375,10,10
Real reference,,7567,0.43125,4,6
Real reference,,7568,0.34375,7,7
Real reference,,7569,0.36875,4,5
Real reference,,7570,0.35625,5,5
Real reference,,7571,0.3625,6,6
Real reference,,7572,0.36875,5,12
Real reference,,7573,0.34375,9,9
Real reference,,7574,0.375,5,5
Real reference,,7575,0.475,4,5
Real reference,,7576,0.55,4,5
Real reference,,7577,0.3375,5,5
Real reference,,7578,0.4625,4,5
Real reference,,7579,0.525,4,4
Real reference,,7580,0.4,6,6
Real reference,,7581,0.48125,4,5
Real reference,,7582,0.525,4,5
Real reference,,7583,0.3875,5,5
Real reference,,7584,0.4375,4,4
Real reference,,7585,0.425,4,8
Real reference,,7586,0.2,6,6
Real reference,,7587,0.4125,5,7
Real reference,,7588,0.33125,8,8
Real reference,,7589,0.2625,11,11
Real reference,,7590,0.4,5,5
Real reference,,7591,0.4375,5,5
Real reference,,7592,0.275,14,14
Real reference,,7593,0.51875,5,5
Real reference,,7594,0.5375,4,5
Real reference,,7595,0.425,4,4
Real reference,,7596,0.5125,4,4
Real reference,,7597,0.5125,4,6
Real reference,,7598,0.35625,4,4
Real reference,,7599,0.44375,5,6
Real reference,,7600,0.31875,5,5
Real reference,,7601,0.45625,4,5
Real reference,,7602,0.35,8,8
Real reference,,7603,0.33125,5,5
Real reference,,7604,0.225,7,7
Real reference,,7605,0.48125,5,5
Real reference,,7606,0.3875,4,4
Real reference,,7607,0.28125,5,7
Real reference,,7608,0.36875,6,7
Real reference,,7609,0.3375,6,6
Real reference,,7610,0.2625,10,10
Real reference,,7611,0.45,5,5
Real reference,,7612,0.46875,5,5
Real reference,,7613,0.39375,7,7
Real reference,,7614,0.39375,3,7
Real reference,,7615,0.4125,4,4
Real reference,,7616,0.45625,4,5
Real reference,,7617,0.38125,5,5
Real reference,,7618,0.3875,7,7
Real reference,,7619,0.3,9,9
Real reference,,7620,0.40625,4,5
Real reference,,7621,0.4875,5,6
Real reference,,7622,0.41875,4,11
Real reference,,7623,0.35,4,6
Real reference,,7624,0.38125,5,6
Real reference,,7625,0.26875,7,7
Real reference,,7626,0.50625,4,7
Real reference,,7627,0.375,6,6
Real reference,,7628,0.425,5,5
Real reference,,7629,0.39375,6,7
Real reference,,7630,0.2875,4,7
Real reference,,7631,0.2625,6,6
Real reference,,7632,0.3625,4,9
Real reference,,7633,0.3125,6,6
Real reference,,7634,0.39375,4,5
Real reference,,7635,0.34375,6,6
Real reference,,7636,0.36875,4,6
Real reference,,7637,0.35625,6,6
Real reference,,7638,0.43125,5,5
Real reference,,7639,0.3625,12,12
Real reference,,7640,0.4875,4,7
Real reference,,7641,0.4375,5,5
Real reference,,7642,0.5,3,4
Real reference,,7643,0.2875,6,6
Real reference,,7644,0.28125,10,10
Real reference,,7645,0.475,6,7
Real reference,,7646,0.4125,5,7
Real reference,,7647,0.35,4,7
Real reference,,7648,0.38125,6,15
Real reference,,7649,0.38125,5,6
Real reference,,7650,0.56875,3,5
Real reference,,7651,0.65625,5,6
Real reference,,7652,0.2,7,7
Real reference,,7653,0.59375,10,10
Real reference,,7654,0.38125,5,7
Real reference,,7655,0.325,5,5
Real reference,,7656,0.46875,5,7
Real reference,,7657,0.3,5,7
Real reference,,7658,0.2,10,10
Real reference,,7659,0.425,4,7
Real reference,,7660,0.35625,4,16
Real reference,,7661,0.34375,4,6
Real reference,,7662,0.375,4,5
Real reference,,7663,0.4375,5,9
Real reference,,7664,0.35625,5,5
Real reference,,7665,0.3625,6,6
Real reference,,7666,0.525,3,4
Real reference,,7667,0.175,5,5
Real reference,,7668,0.51875,4,6
Real reference,,7669,0.48125,6,6
Real reference,,7670,0.30625,5,5
Real reference,,7671,0.49375,4,6
Real reference,,7672,0.4625,5,6
Real reference,,7673,0.375,9,9
Real reference,,7674,0.46875,4,5
Real reference,,7675,0.4125,6,6
Real reference,,7676,0.35625,4,4
Real reference,,7677,0.44375,5,9
Real reference,,7678,0.4125,4,5
Real reference,,7679,0.3625,6,7
Real reference,,7680,0.45,5,8
Real reference,,7681,0.3125,6,6
Real reference,,7682,0.4625,4,7
Real reference,,7683,0.3875,10,10
Real reference,,7684,0.325,5,5
Real reference,,7685,0.34375,6,6
Real reference,,7686,0.44375,4,5
Real reference,,7687,0.3625,6,7
Real reference,,7688,0.3875,5,5
Real reference,,7689,0.45,3,4
Real reference,,7690,0.46875,4,6
Real reference,,7691,0.23125,13,13
Real reference,,7692,0.4125,7,7
Real reference,,7693,0.45625,4,6
Real reference,,7694,0.4,6,6
Real reference,,7695,0.425,5,5
Real reference,,7696,0.475,3,7
Real reference,,7697,0.3375,4,5
Real reference,,7698,0.45625,4,8
Real reference,,7699,0.4875,6,6
Real reference,,7700,0.31875,5,6
Real reference,,7701,0.43125,6,6
Real reference,,7702,0.45625,4,6
Real reference,,7703,0.3375,5,7
Real reference,,7704,0.34375,11,11
Real reference,,7705,0.41875,5,7
Real reference,,7706,0.21875,5,9
Real reference,,7707,0.45625,4,5
Real reference,,7708,0.5125,4,7
Real reference,,7709,0.375,6,6
Real reference,,7710,0.30625,12,12
Real reference,,7711,0.3375,8,8
Real reference,,7712,0.2625,7,7
Real reference,,7713,0.3875,4,6
Real reference,,7714,0.45,5,7
Real reference,,7715,0.2625,7,7
Real reference,,7716,0.35625,5,6
Real reference,,7717,0.325,10,10
Real reference,,7718,0.30625,5,6
Real reference,,7719,0.39375,7,7
Real reference,,7720,0.3875,6,6
Real reference,,7721,0.21875,5,5
Real reference,,7722,0.2875,10,10
Real reference,,7723,0.4375,4,5
Real reference,,7724,0.3375,5,6
Real reference,,7725,0.40625,4,4
Real reference,,7726,0.29375,4,5
Real reference,,7727,0.325,5,5
Real reference,,7728,0.39375,5,5
Real reference,,7729,0.38125,4,5
Real reference,,7730,0.34375,5,5
Real reference,,7731,0.425,4,8
Real reference,,7732,0.425,7,7
Real reference,,7733,0.40625,5,7
Real reference,,7734,0.375,4,5
Real reference,,7735,0.35,5,5
Real reference,,7736,0.33125,4,6
Real reference,,7737,0.38125,6,7
Real reference,,7738,0.31875,10,10
Real reference,,7739,0.35,5,5
Real reference,,7740,0.39375,4,4
Real reference,,7741,0.28125,14,14
Real reference,,7742,0.4875,4,6
Real reference,,7743,0.475,4,5
Real reference,,7744,0.34375,6,6
Real reference,,7745,0.40625,6,6
Real reference,,7746,0.41875,5,5
Real reference,,7747,0.2375,10,10
Real reference,,7748,0.44375,4,8
Real reference,,7749,0.4375,4,4
Real reference,,7750,0.38125,5,7
Real reference,,7751,0.3875,5,9
Real reference,,7752,0.425,4,8
Real reference,,7753,0.24375,5,7
Real reference,,7754,0.33125,9,10
Real reference,,7755,0.375,4,5
Real reference,,7756,0.3625,4,5
Real reference,,7757,0.4,4,5
Real reference,,7758,0.425,4,4
Real reference,,7759,0.3125,6,7
Real reference,,7760,0.29375,7,9
Real reference,,7761,0.275,4,5
Real reference,,7762,0.19375,9,9
Real reference,,7763,0.33125,6,6
Real reference,,7764,0.43125,5,5
Real reference,,7765,0.1875,7,7
Real reference,,7766,0.4875,3,5
Real reference,,7767,0.4375,3,6
Real reference,,7768,0.36875,6,6
Real reference,,7769,0.3625,5,5
Real reference,,7770,0.3125,11,11
Real reference,,7771,0.3125,4,4
Real reference,,7772,0.5,6,6
Real reference,,7773,0.4625,4,6
Real reference,,7774,0.225,6,7
Real reference,,7775,0.41875,4,5
Real reference,,7776,0.45625,5,6
Real reference,,7777,0.2125,7,7
Real reference,,7778,0.3875,5,5
Real reference,,7779,0.45,5,5
Real reference,,7780,0.3,5,5
Real reference,,7781,0.33125,7,9
Real reference,,7782,0.41875,3,7
Real reference,,7783,0.425,8,8
Real reference,,7784,0.40625,4,4
Real reference,,7785,0.3,5,5
Real reference,,7786,0.43125,4,6
Real reference,,7787,0.41875,5,7
Real reference,,7788,0.2875,6,7
Real reference,,7789,0.41875,5,7
Real reference,,7790,0.51875,4,7
Real reference,,7791,0.36875,5,5
Real reference,,7792,0.44375,5,5
Real reference,,7793,0.48125,4,5
Real reference,,7794,0.3125,4,5
Real reference,,7795,0.475,6,7
Real reference,,7796,0.375,5,5
Real reference,,7797,0.25,7,9
Real reference,,7798,0.43125,5,5
Real reference,,7799,0.46875,3,7
Real reference,,7800,0.3375,7,9
Real reference,,7801,0.46875,4,9
Real reference,,7802,0.4125,5,7
Real reference,,7803,0.36875,6,6
Real reference,,7804,0.36875,7,7
Real reference,,7805,0.49375,3,5
Real reference,,7806,0.33125,8,8
Real reference,,7807,0.38125,4,6
Real reference,,7808,0.41875,4,5
Real reference,,7809,0.20625,7,7
Real reference,,7810,0.475,4,18
Real reference,,7811,0.48125,4,7
Real reference,,7812,0.3125,5,9
Real reference,,7813,0.40625,4,8
Real reference,,7814,0.28125,12,12
Real reference,,7815,0.30625,4,5
Real reference,,7816,0.45625,5,7
Real reference,,7817,0.4125,4,7
Real reference,,7818,0.38125,4,5
Real reference,,7819,0.3875,6,7
Real reference,,7820,0.5,4,8
Real reference,,7821,0.4125,4,6
Real reference,,7822,0.41875,5,5
Real reference,,7823,0.525,4,4
Real reference,,7824,0.33125,7,7
Real reference,,7825,0.4375,4,5
Real reference,,7826,0.375,4,4
Real reference,,7827,0.25,5,5
Real reference,,7828,0.44375,4,6
Real reference,,7829,0.54375,5,6
Real reference,,7830,0.3875,6,6
Real reference,,7831,0.25625,12,12
Real reference,,7832,0.3125,6,6
Real reference,,7833,0.3625,6,6
Real reference,,7834,0.35625,6,6
Real reference,,7835,0.4125,5,5
Real reference,,7836,0.34375,6,6
Real reference,,7837,0.525,5,5
Real reference,,7838,0.44375,4,6
Real reference,,7839,0.35,5,5
Real reference,,7840,0.3625,6,6
Real reference,,7841,0.4375,4,5
Real reference,,7842,0.35,5,5
Real reference,,7843,0.49375,4,5
Real reference,,7844,0.50625,4,4
Real reference,,7845,0.375,6,7
Real reference,,7846,0.35625,4,6
Real reference,,7847,0.275,8,8
Real reference,,7848,0.38125,6,6
Real reference,,7849,0.475,4,8
Real reference,,7850,0.4,6,7
Real reference,,7851,0.45625,5,6
Real reference,,7852,0.38125,4,7
Real reference,,7853,0.3,5,5
Real reference,,7854,0.3,5,7
Real reference,,7855,0.3125,8,11
Real reference,,7856,0.3125,7,7
Real reference,,7857,0.325,5,5
Real reference,,7858,0.375,5,8
Real reference,,7859,0.3375,8,8
Real reference,,7860,0.2375,5,5
Real reference,,7861,0.35625,5,7
Real reference,,7862,0.3,10,10
Real reference,,7863,0.2875,6,6
Real reference,,7864,0.43125,7,7
Real reference,,7865,0.48125,5,6
Real reference,,7866,0.25,8,8
Real reference,,7867,0.39375,5,7
Real reference,,7868,0.51875,3,6
Real reference,,7869,0.31875,4,7
Real reference,,7870,0.33125,9,9
Real reference,,7871,0.3625,11,11
Real reference,,7872,0.31875,7,7
Real reference,,7873,0.3625,4,5
Real reference,,7874,0.34375,5,5
Real reference,,7875,0.4125,6,6
Real reference,,7876,0.48125,5,5
Real reference,,7877,0.36875,4,8
Real reference,,7878,0.26875,5,12
Real reference,,7879,0.45625,3,5
Real reference,,7880,0.475,3,4
Real reference,,7881,0.3875,5,5
Real reference,,7882,0.4125,6,6
Real reference,,7883,0.45625,5,5
Real reference,,7884,0.29375,6,6
Real reference,,7885,0.4625,5,6
Real reference,,7886,0.4625,5,8
Real reference,,7887,0.4875,4,6
Real reference,,7888,0.33125,9,9
Real reference,,7889,0.275,9,9
Real reference,,7890,0.36875,10,10
Real reference,,7891,0.40625,5,8
Real reference,,7892,0.31875,6,6
Real reference,,7893,0.3625,4,5
Real reference,,7894,0.325,6,6
Real reference,,7895,0.38125,4,5
Real reference,,7896,0.33125,5,5
Real reference,,7897,0.31875,6,6
Real reference,,7898,0.4375,3,6
Real reference,,7899,0.34375,7,7
Real reference,,7900,0.38125,5,5
Real reference,,7901,0.375,3,5
Real reference,,7902,0.3875,6,6
Real reference,,7903,0.35,5,5
Real reference,,7904,0.375,7,7
Real reference,,7905,0.19375,6,6
Real reference,,7906,0.35,7,9
Real reference,,7907,0.31875,5,5
Real reference,,7908,0.39375,4,5
Real reference,,7909,0.4625,4,10
Real reference,,7910,0.44375,5,5
Real reference,,7911,0.31875,7,7
Real reference,,7912,0.49375,4,7
Real reference,,7913,0.38125,5,7
Real reference,,7914,0.34375,5,5
Real reference,,7915,0.35,14,14
Real reference,,7916,0.49375,4,5
Real reference,,7917,0.35,4,6
Real reference,,7918,0.275,6,6
Real reference,,7919,0.3125,5,5
Real reference,,7920,0.2375,8,9
Real reference,,7921,0.25625,8,8
Real reference,,7922,0.525,4,5
Real reference,,7923,0.2375,7,7
Real reference,,7924,0.3375,5,10
Real reference,,7925,0.34375,9,9
Real reference,,7926,0.36875,5,6
Real reference,,7927,0.375,5,5
Real reference,,7928,0.3875,5,8
Real reference,,7929,0.34375,6,6
Real reference,,7930,0.4875,3,5
Real reference,,7931,0.475,4,6
Real reference,,7932,0.325,5,6
Real reference,,7933,0.41875,4,5
Real reference,,7934,0.375,4,7
Real reference,,7935,0.33125,9,9
Real reference,,7936,0.275,10,10
Real reference,,7937,0.26875,6,6
Real reference,,7938,0.36875,4,5
Real reference,,7939,0.4125,5,8
Real reference,,7940,0.40625,5,6
Real reference,,7941,0.4125,6,6
Real reference,,7942,0.43125,3,12
Real reference,,7943,0.5,3,7
Real reference,,7944,0.34375,4,4
Real reference,,7945,0.4125,4,7
Real reference,,7946,0.38125,5,6
Real reference,,7947,0.3375,6,6
Real reference,,7948,0.44375,6,7
Real reference,,7949,0.5625,4,5
Real reference,,7950,0.29375,5,5
Real reference,,7951,0.35625,3,6
Real reference,,7952,0.3375,6,6
Real reference,,7953,0.3375,7,7
Real reference,,7954,0.5,4,5
Real reference,,7955,0.35625,5,5
Real reference,,7956,0.39375,5,5
Real reference,,7957,0.40625,4,6
Real reference,,7958,0.49375,3,4
Real reference,,7959,0.39375,5,6
Real reference,,7960,0.4625,5,6
Real reference,,7961,0.3625,5,5
Real reference,,7962,0.31875,4,4
Real reference,,7963,0.48125,4,5
Real reference,,7964,0.36875,5,5
Real reference,,7965,0.39375,4,6
Real reference,,7966,0.3375,5,5
Real reference,,7967,0.33125,5,5
Real reference,,7968,0.4375,4,11
Real reference,,7969,0.45,4,5
Real reference,,7970,0.35,8,8
Real reference,,7971,0.4625,4,5
Real reference,,7972,0.40625,4,12
Real reference,,7973,0.3125,5,5
Real reference,,7974,0.25,5,6
Real reference,,7975,0.325,12,12
Real reference,,7976,0.40625,5,7
Real reference,,7977,0.30625,7,7
Real reference,,7978,0.4125,3,6
Real reference,,7979,0.40625,4,4
Real reference,,7980,0.2625,6,6
Real reference,,7981,0.45625,5,6
Real reference,,7982,0.3375,6,9
Real reference,,7983,0.4125,6,6
Real reference,,7984,0.41875,4,7
Real reference,,7985,0.35,5,6
Real reference,,7986,0.40625,5,5
Real reference,,7987,0.2875,6,6
Real reference,,7988,0.375,11,11
Real reference,,7989,0.3625,7,7
Real reference,,7990,0.3125,10,10
Real reference,,7991,0.4375,4,7
Real reference,,7992,0.40625,6,6
Real reference,,7993,0.3375,8,8
Real reference,,7994,0.2875,10,10
Real reference,,7995,0.34375,11,11
Real reference,,7996,0.54375,5,6
Real reference,,7997,0.39375,4,4
Real reference,,7998,0.45,4,4
Real reference,,7999,0.4375,3,8
Real reference,,8000,0.4875,3,5
Real reference,,8001,0.31875,7,7
Real reference,,8002,0.35,5,5
Real reference,,8003,0.4,5,6
Real reference,,8004,0.39375,6,6
Real reference,,8005,0.43125,5,5
Real reference,,8006,0.40625,4,5
Real reference,,8007,0.3375,4,6
Real reference,,8008,0.375,9,9
Real reference,,8009,0.3375,5,5
Real reference,,8010,0.3375,6,6
Real reference,,8011,0.4125,5,26
Real reference,,8012,0.425,6,8
Real reference,,8013,0.43125,5,5
Real reference,,8014,0.35,5,5
Real reference,,8015,0.29375,5,5
Real reference,,8016,0.31875,5,5
Real reference,,8017,0.40625,5,19
Real reference,,8018,0.34375,6,8
Real reference,,8019,0.29375,10,10
Real reference,,8020,0.41875,4,7
Real reference,,8021,0.33125,8,8
Real reference,,8022,0.38125,4,4
Real reference,,8023,0.3375,6,15
Real reference,,8024,0.35,3,5
Real reference,,8025,0.40625,5,5
Real reference,,8026,0.50625,9,9
Real reference,,8027,0.475,3,6
Real reference,,8028,0.38125,6,6
Real reference,,8029,0.34375,5,5
Real reference,,8030,0.4,6,6
Real reference,,8031,0.225,8,8
Real reference,,8032,0.29375,6,6
Real reference,,8033,0.28125,7,7
Real reference,,8034,0.26875,7,8
Real reference,,8035,0.53125,4,6
Real reference,,8036,0.48125,3,4
Real reference,,8037,0.36875,3,7
Real reference,,8038,0.325,7,7
Real reference,,8039,0.41875,3,5
Real reference,,8040,0.4125,5,11
Real reference,,8041,0.33125,4,8
Real reference,,8042,0.325,6,6
Real reference,,8043,0.2875,11,11
Real reference,,8044,0.41875,6,7
Real reference,,8045,0.34375,5,9
Real reference,,8046,0.38125,5,7
Real reference,,8047,0.39375,6,6
Real reference,,8048,0.525,4,7
Real reference,,8049,0.4375,4,5
Real reference,,8050,0.46875,3,5
Real reference,,8051,0.48125,5,5
Real reference,,8052,0.26875,6,6
Real reference,,8053,0.28125,8,8
Real reference,,8054,0.4125,4,5
Real reference,,8055,0.2625,7,7
Real reference,,8056,0.45625,4,5
Real reference,,8057,0.575,3,6
Real reference,,8058,0.28125,5,5
Real reference,,8059,0.35,16,16
Real reference,,8060,0.425,5,5
Real reference,,8061,0.425,8,8
Real reference,,8062,0.41875,6,6
Real reference,,8063,0.36875,10,10
Real reference,,8064,0.3125,8,8
Real reference,,8065,0.4375,8,11
Real reference,,8066,0.43125,4,5
Real reference,,8067,0.31875,5,5
Real reference,,8068,0.45,4,6
Real reference,,8069,0.35625,4,5
Real reference,,8070,0.325,4,5
Real reference,,8071,0.45625,5,5
Real reference,,8072,0.4875,3,8
Real reference,,8073,0.45,6,6
Real reference,,8074,0.40625,6,6
Real reference,,8075,0.45625,5,5
Real reference,,8076,0.3625,6,6
Real reference,,8077,0.425,3,6
Real reference,,8078,0.4,5,5
Real reference,,8079,0.45,4,6
Real reference,,8080,0.33125,5,7
Real reference,,8081,0.425,4,4
Real reference,,8082,0.36875,3,4
Real reference,,8083,0.46875,4,5
Real reference,,8084,0.3375,4,6
Real reference,,8085,0.30625,17,17
Real reference,,8086,0.3625,12,12
Real reference,,8087,0.5625,3,4
Real reference,,8088,0.31875,5,5
Real reference,,8089,0.5375,3,6
Real reference,,8090,0.4625,4,4
Real reference,,8091,0.2375,9,9
Real reference,,8092,0.4,7,7
Real reference,,8093,0.29375,6,6
Real reference,,8094,0.4,4,8
Real reference,,8095,0.44375,5,5
Real reference,,8096,0.43125,3,5
Real reference,,8097,0.34375,5,7
Real reference,,8098,0.36875,6,6
Real reference,,8099,0.275,7,7
Real reference,,8100,0.35,6,6
Real reference,,8101,0.4875,4,8
Real reference,,8102,0.35,4,5
Real reference,,8103,0.3,6,6
Real reference,,8104,0.43125,5,5
Real reference,,8105,0.4875,3,4
Real reference,,8106,0.425,5,6
Real reference,,8107,0.375,4,4
Real reference,,8108,0.43125,4,7
Real reference,,8109,0.4375,4,5
Real reference,,8110,0.36875,5,6
Real reference,,8111,0.39375,5,7
Real reference,,8112,0.35,8,8
Real reference,,8113,0.45,4,5
Real reference,,8114,0.46875,4,5
Real reference,,8115,0.28125,8,8
Real reference,,8116,0.3875,7,7
Real reference,,8117,0.34375,7,7
Real reference,,8118,0.36875,7,7
Real reference,,8119,0.4125,5,5
Real reference,,8120,0.3875,5,6
Real reference,,8121,0.2125,6,6
Real reference,,8122,0.36875,7,7
Real reference,,8123,0.33125,10,10
Real reference,,8124,0.38125,6,6
Real reference,,8125,0.48125,4,4
Real reference,,8126,0.3625,7,7
Real reference,,8127,0.375,4,4
Real reference,,8128,0.44375,4,7
Real reference,,8129,0.3875,3,6
Real reference,,8130,0.225,7,7
Real reference,,8131,0.33125,8,8
Real reference,,8132,0.4125,4,7
Real reference,,8133,0.26875,7,7
Real reference,,8134,0.4,9,9
Real reference,,8135,0.39375,9,9
Real reference,,8136,0.35,5,5
Real reference,,8137,0.45625,5,7
Real reference,,8138,0.4875,4,5
Real reference,,8139,0.35,5,5
Real reference,,8140,0.5375,6,6
Real reference,,8141,0.35,4,5
Real reference,,8142,0.2375,4,5
Real reference,,8143,0.4125,4,5
Real reference,,8144,0.4125,3,6
Real reference,,8145,0.325,5,5
Real reference,,8146,0.44375,5,5
Real reference,,8147,0.33125,6,6
Real reference,,8148,0.35,4,4
Real reference,,8149,0.31875,5,5
Real reference,,8150,0.3875,4,6
Real reference,,8151,0.29375,6,7
Real reference,,8152,0.3375,8,8
Real reference,,8153,0.3,6,7
Real reference,,8154,0.3125,7,7
Real reference,,8155,0.4375,4,5
Real reference,,8156,0.425,6,6
Real reference,,8157,0.55625,5,11
Real reference,,8158,0.33125,5,5
Real reference,,8159,0.3,5,5
Real reference,,8160,0.21875,9,9
Real reference,,8161,0.3375,6,9
Real reference,,8162,0.40625,4,7
Real reference,,8163,0.45625,6,6
Real reference,,8164,0.325,10,10
Real reference,,8165,0.26875,6,7
Real reference,,8166,0.31875,7,7
Real reference,,8167,0.5125,4,5
Real reference,,8168,0.55,4,8
Real reference,,8169,0.33125,4,4
Real reference,,8170,0.34375,4,4
Real reference,,8171,0.3625,5,7
Real reference,,8172,0.3875,4,5
Real reference,,8173,0.475,4,8
Real reference,,8174,0.4375,5,5
Real reference,,8175,0.375,5,5
Real reference,,8176,0.46875,4,5
Real reference,,8177,0.3625,4,5
Real reference,,8178,0.30625,22,22
Real reference,,8179,0.45,5,6
Real reference,,8180,0.4625,7,7
Real reference,,8181,0.2625,5,7
Real reference,,8182,0.46875,6,14
Real reference,,8183,0.45625,4,7
Real reference,,8184,0.4125,6,8
Real reference,,8185,0.4875,5,5
Real reference,,8186,0.45,4,5
Real reference,,8187,0.36875,5,5
Real reference,,8188,0.49375,7,7
Real reference,,8189,0.63125,3,3
Real reference,,8190,0.33125,4,5
Real reference,,8191,0.375,8,10
Real reference,,8192,0.475,4,5
Real reference,,8193,0.3,4,6
Real reference,,8194,0.53125,5,5
Real reference,,8195,0.5125,3,5
Real reference,,8196,0.325,4,5
Real reference,,8197,0.38125,4,9
Real reference,,8198,0.3375,5,5
Real reference,,8199,0.33125,9,9
Real reference,,8200,0.375,8,8
Real reference,,8201,0.38125,5,5
Real reference,,8202,0.39375,5,5
Real reference,,8203,0.4875,4,8
Real reference,,8204,0.5,9,9
Real reference,,8205,0.30625,8,8
Real reference,,8206,0.46875,5,6
Real reference,,8207,0.4875,5,5
Real reference,,8208,0.41875,6,6
Real reference,,8209,0.525,5,5
Real reference,,8210,0.44375,4,5
Real reference,,8211,0.26875,7,7
Real reference,,8212,0.35,13,13
Real reference,,8213,0.50625,3,4
Real reference,,8214,0.2875,7,7
Real reference,,8215,0.3625,10,10
Real reference,,8216,0.3625,5,5
Real reference,,8217,0.3625,4,6
Real reference,,8218,0.3875,5,5
Real reference,,8219,0.46875,3,5
Real reference,,8220,0.31875,7,7
Real reference,,8221,0.43125,5,6
Real reference,,8222,0.4,5,5
Real reference,,8223,0.34375,9,9
Real reference,,8224,0.275,17,17
Real reference,,8225,0.325,5,6
Real reference,,8226,0.375,6,6
Real reference,,8227,0.48125,4,7
Real reference,,8228,0.55,3,4
Real reference,,8229,0.3125,5,5
Real reference,,8230,0.55625,3,5
Real reference,,8231,0.4875,4,5
Real reference,,8232,0.3875,4,6
Real reference,,8233,0.4625,5,11
Real reference,,8234,0.45,4,6
Real reference,,8235,0.2875,5,5
Real reference,,8236,0.39375,5,6
Real reference,,8237,0.33125,7,7
Real reference,,8238,0.325,5,5
Real reference,,8239,0.5375,5,5
Real reference,,8240,0.40625,4,6
Real reference,,8241,0.25625,7,7
Real reference,,8242,0.375,5,6
Real reference,,8243,0.35,4,8
Real reference,,8244,0.225,6,6
Real reference,,8245,0.325,7,8
Real reference,,8246,0.35625,4,5
Real reference,,8247,0.30625,5,8
Real reference,,8248,0.34375,7,7
Real reference,,8249,0.33125,5,6
Real reference,,8250,0.3375,4,5
Real reference,,8251,0.3125,6,6
Real reference,,8252,0.325,5,5
Real reference,,8253,0.3,6,9
Real reference,,8254,0.35625,14,14
Real reference,,8255,0.53125,4,6
Real reference,,8256,0.26875,5,6
Real reference,,8257,0.375,4,16
Real reference,,8258,0.5,3,5
Real reference,,8259,0.2625,8,8
Real reference,,8260,0.34375,6,6
Real reference,,8261,0.33125,4,4
Real reference,,8262,0.24375,12,12
Real reference,,8263,0.3375,7,7
Real reference,,8264,0.3875,5,8
Real reference,,8265,0.29375,7,7
Real reference,,8266,0.43125,8,13
Real reference,,8267,0.45625,3,4
Real reference,,8268,0.3875,6,7
Real reference,,8269,0.475,5,6
Real reference,,8270,0.49375,4,5
Real reference,,8271,0.30625,6,6
Real reference,,8272,0.4375,5,5
Real reference,,8273,0.5,3,4
Real reference,,8274,0.375,5,6
Real reference,,8275,0.4625,4,7
Real reference,,8276,0.36875,6,6
Real reference,,8277,0.30625,4,5
Real reference,,8278,0.4125,8,8
Real reference,,8279,0.26875,5,7
Real reference,,8280,0.45625,7,7
Real reference,,8281,0.53125,4,5
Real reference,,8282,0.38125,5,6
Real reference,,8283,0.375,8,8
Real reference,,8284,0.48125,5,5
Real reference,,8285,0.36875,5,5
Real reference,,8286,0.4,4,7
Real reference,,8287,0.40625,5,6
Real reference,,8288,0.38125,9,9
Real reference,,8289,0.475,5,7
Real reference,,8290,0.4,4,6
Real reference,,8291,0.35625,5,5
Real reference,,8292,0.44375,4,4
Real reference,,8293,0.45625,5,5
Real reference,,8294,0.325,10,10
Real reference,,8295,0.38125,6,6
Real reference,,8296,0.41875,6,6
Real reference,,8297,0.20625,11,11
Real reference,,8298,0.43125,4,6
Real reference,,8299,0.38125,4,4
Real reference,,8300,0.375,5,5
Real reference,,8301,0.41875,4,6
Real reference,,8302,0.34375,5,5
Real reference,,8303,0.4625,4,5
Real reference,,8304,0.38125,6,6
Real reference,,8305,0.425,4,4
Real reference,,8306,0.24375,8,8
Real reference,,8307,0.59375,4,6
Real reference,,8308,0.475,4,6
Real reference,,8309,0.3,25,25
Real reference,,8310,0.4625,5,6
Real reference,,8311,0.29375,6,6
Real reference,,8312,0.34375,5,6
Real reference,,8313,0.475,4,5
Real reference,,8314,0.39375,3,5
Real reference,,8315,0.3125,6,6
Real reference,,8316,0.375,6,6
Real reference,,8317,0.375,5,6
Real reference,,8318,0.3875,9,9
Real reference,,8319,0.3875,5,6
Real reference,,8320,0.3375,5,5
Real reference,,8321,0.3375,3,6
Real reference,,8322,0.35,4,7
Real reference,,8323,0.4625,4,4
Real reference,,8324,0.4,5,5
Real reference,,8325,0.44375,8,8
Real reference,,8326,0.5125,5,5
Real reference,,8327,0.40625,11,11
Real reference,,8328,0.43125,4,18
Real reference,,8329,0.39375,4,7
Real reference,,8330,0.36875,6,6
Real reference,,8331,0.375,5,5
Real reference,,8332,0.3125,5,6
Real reference,,8333,0.30625,7,7
Real reference,,8334,0.3625,4,4
Real reference,,8335,0.3,5,6
Real reference,,8336,0.2125,6,6
Real reference,,8337,0.28125,16,16
Real reference,,8338,0.3375,5,5
Real reference,,8339,0.36875,8,8
Real reference,,8340,0.39375,5,7
Real reference,,8341,0.325,9,9
Real reference,,8342,0.35,5,6
Real reference,,8343,0.46875,4,4
Real reference,,8344,0.525,4,5
Real reference,,8345,0.40625,5,5
Real reference,,8346,0.34375,4,6
Real reference,,8347,0.46875,4,5
Real reference,,8348,0.28125,4,4
Real reference,,8349,0.4125,4,7
Real reference,,8350,0.375,4,5
Real reference,,8351,0.375,6,6
Real reference,,8352,0.3625,4,7
Real reference,,8353,0.375,11,11
Real reference,,8354,0.34375,5,7
Real reference,,8355,0.48125,3,8
Real reference,,8356,0.5,3,5
Real reference,,8357,0.29375,7,7
Real reference,,8358,0.4375,7,7
Real reference,,8359,0.5,4,11
Real reference,,8360,0.40625,5,7
Real reference,,8361,0.3875,4,5
Real reference,,8362,0.375,6,6
Real reference,,8363,0.4125,4,4
Real reference,,8364,0.5,4,6
Real reference,,8365,0.5,6,6
Real reference,,8366,0.36875,5,5
Real reference,,8367,0.48125,4,14
Real reference,,8368,0.3375,5,7
Real reference,,8369,0.3625,7,7
Real reference,,8370,0.3625,5,7
Real reference,,8371,0.44375,5,5
Real reference,,8372,0.275,6,6
Real reference,,8373,0.5,4,5
Real reference,,8374,0.38125,5,5
Real reference,,8375,0.35,5,5
Real reference,,8376,0.36875,10,10
Real reference,,8377,0.36875,7,7
Real reference,,8378,0.33125,10,10
Real reference,,8379,0.4625,5,6
Real reference,,8380,0.4375,4,6
Real reference,,8381,0.29375,18,18
Real reference,,8382,0.40625,6,6
Real reference,,8383,0.40625,5,6
Real reference,,8384,0.19375,9,9
Real reference,,8385,0.4125,4,8
Real reference,,8386,0.4,5,5
Real reference,,8387,0.23125,13,13
Real reference,,8388,0.39375,5,10
Real reference,,8389,0.41875,6,6
Real reference,,8390,0.30625,7,7
Real reference,,8391,0.3625,9,9
Real reference,,8392,0.3,5,6
Real reference,,8393,0.3375,5,5
Real reference,,8394,0.475,4,8
Real reference,,8395,0.4625,4,5
Real reference,,8396,0.38125,5,5
Real reference,,8397,0.3375,6,6
Real reference,,8398,0.50625,4,5
Real reference,,8399,0.3375,5,6
Real reference,,8400,0.4875,4,6
Real reference,,8401,0.4125,5,5
Real reference,,8402,0.33125,5,5
Real reference,,8403,0.35625,5,5
Real reference,,8404,0.45,4,7
Real reference,,8405,0.35625,5,6
Real reference,,8406,0.4375,7,7
Real reference,,8407,0.3375,5,7
Real reference,,8408,0.28125,7,7
Real reference,,8409,0.4625,4,11
Real reference,,8410,0.54375,4,7
Real reference,,8411,0.20625,7,7
Real reference,,8412,0.375,5,5
Real reference,,8413,0.39375,4,5
Real reference,,8414,0.25,7,7
Real reference,,8415,0.29375,7,7
Real reference,,8416,0.35,8,10
Real reference,,8417,0.40625,4,6
Real reference,,8418,0.36875,4,11
Real reference,,8419,0.39375,5,7
Real reference,,8420,0.325,5,5
Real reference,,8421,0.3125,6,6
Real reference,,8422,0.5625,3,7
Real reference,,8423,0.28125,7,7
Real reference,,8424,0.30625,5,6
Real reference,,8425,0.4,6,6
Real reference,,8426,0.425,5,5
Real reference,,8427,0.425,5,9
Real reference,,8428,0.30625,5,6
Real reference,,8429,0.3625,4,6
Real reference,,8430,0.35,7,7
Real reference,,8431,0.35625,4,6
Real reference,,8432,0.36875,5,5
Real reference,,8433,0.49375,4,4
Real reference,,8434,0.46875,4,7
Real reference,,8435,0.4,6,22
Real reference,,8436,0.35,6,9
Real reference,,8437,0.30625,7,7
Real reference,,8438,0.36875,10,10
Real reference,,8439,0.33125,9,9
Real reference,,8440,0.30625,5,11
Real reference,,8441,0.275,7,7
Real reference,,8442,0.39375,5,6
Real reference,,8443,0.3875,10,10
Real reference,,8444,0.2375,5,5
Real reference,,8445,0.45625,4,6
Real reference,,8446,0.48125,4,8
Real reference,,8447,0.25,5,7
Real reference,,8448,0.4,5,7
Real reference,,8449,0.33125,4,8
Real reference,,8450,0.21875,5,5
Real reference,,8451,0.29375,5,5
Real reference,,8452,0.525,4,5
Real reference,,8453,0.275,5,7
Real reference,,8454,0.35,7,9
Real reference,,8455,0.475,6,6
Real reference,,8456,0.3125,5,6
Real reference,,8457,0.49375,4,14
Real reference,,8458,0.45625,4,7
Real reference,,8459,0.35,5,5
Real reference,,8460,0.35,5,6
Real reference,,8461,0.40625,9,9
Real reference,,8462,0.3875,4,7
Real reference,,8463,0.50625,4,7
Real reference,,8464,0.325,6,6
Real reference,,8465,0.44375,5,58
Real reference,,8466,0.39375,6,6
Real reference,,8467,0.4625,6,7
Real reference,,8468,0.35625,5,6
Real reference,,8469,0.3375,5,7
Real reference,,8470,0.4375,5,5
Real reference,,8471,0.275,5,5
Real reference,,8472,0.33125,5,6
Real reference,,8473,0.44375,3,5
Real reference,,8474,0.39375,6,6
Real reference,,8475,0.375,6,6
Real reference,,8476,0.33125,4,4
Real reference,,8477,0.175,8,9
Real reference,,8478,0.40625,4,8
Real reference,,8479,0.4875,4,9
Real reference,,8480,0.2125,11,11
Real reference,,8481,0.3875,5,18
Real reference,,8482,0.46875,5,5
Real reference,,8483,0.40625,6,6
Real reference,,8484,0.46875,4,15
Real reference,,8485,0.43125,7,7
Real reference,,8486,0.43125,6,6
Real reference,,8487,0.53125,4,7
Real reference,,8488,0.5375,3,4
Real reference,,8489,0.325,6,6
Real reference,,8490,0.36875,5,6
Real reference,,8491,0.33125,5,5
Real reference,,8492,0.35625,6,6
Real reference,,8493,0.41875,4,5
Real reference,,8494,0.5,4,4
Real reference,,8495,0.2875,7,7
Real reference,,8496,0.28125,7,7
Real reference,,8497,0.36875,7,7
Real reference,,8498,0.325,12,12
Real reference,,8499,0.3375,7,7
Real reference,,8500,0.4125,4,5
Real reference,,8501,0.39375,5,6
Real reference,,8502,0.38125,4,10
Real reference,,8503,0.45,6,6
Real reference,,8504,0.26875,9,9
Real reference,,8505,0.43125,6,13
Real reference,,8506,0.38125,6,6
Real reference,,8507,0.1875,10,10
Real reference,,8508,0.46875,5,6
Real reference,,8509,0.35625,4,5
Real reference,,8510,0.3,6,6
Real reference,,8511,0.44375,5,5
Real reference,,8512,0.575,4,5
Real reference,,8513,0.375,6,6
Real reference,,8514,0.40625,5,10
Real reference,,8515,0.40625,3,5
Real reference,,8516,0.33125,4,5
Real reference,,8517,0.25625,14,14
Real reference,,8518,0.36875,7,14
Real reference,,8519,0.4125,6,8
Real reference,,8520,0.39375,4,7
Real reference,,8521,0.3375,4,5
Real reference,,8522,0.41875,5,5
Real reference,,8523,0.50625,6,11
Real reference,,8524,0.5,4,6
Real reference,,8525,0.2875,7,7
Real reference,,8526,0.3625,5,6
Real reference,,8527,0.31875,8,9
Real reference,,8528,0.275,9,9
Real reference,,8529,0.53125,4,4
Real reference,,8530,0.425,5,5
Real reference,,8531,0.3375,5,6
Real reference,,8532,0.425,4,10
Real reference,,8533,0.40625,5,5
Real reference,,8534,0.45,5,10
Real reference,,8535,0.4125,5,6
Real reference,,8536,0.3125,19,19
Real reference,,8537,0.29375,6,6
Real reference,,8538,0.41875,4,5
Real reference,,8539,0.36875,6,6
Real reference,,8540,0.36875,5,6
Real reference,,8541,0.44375,6,15
Real reference,,8542,0.39375,7,7
Real reference,,8543,0.35625,9,9
Real reference,,8544,0.40625,7,7
Real reference,,8545,0.3,4,5
Real reference,,8546,0.33125,5,6
Real reference,,8547,0.51875,3,7
Real reference,,8548,0.5375,3,6
Real reference,,8549,0.29375,6,18
Real reference,,8550,0.525,4,5
Real reference,,8551,0.51875,4,5
Real reference,,8552,0.28125,6,6
Real reference,,8553,0.36875,5,7
Real reference,,8554,0.33125,16,16
Real reference,,8555,0.35625,8,9
Real reference,,8556,0.39375,4,7
Real reference,,8557,0.41875,4,9
Real reference,,8558,0.31875,6,6
Real reference,,8559,0.375,5,7
Real reference,,8560,0.3625,5,7
Real reference,,8561,0.30625,6,6
Real reference,,8562,0.3125,5,6
Real reference,,8563,0.36875,5,5
Real reference,,8564,0.3125,7,8
Real reference,,8565,0.4625,4,5
Real reference,,8566,0.4875,4,4
Real reference,,8567,0.25,10,10
Real reference,,8568,0.33125,9,18
Real reference,,8569,0.425,5,5
Real reference,,8570,0.35625,4,5
Real reference,,8571,0.4625,6,10
Real reference,,8572,0.425,6,6
Real reference,,8573,0.23125,5,5
Real reference,,8574,0.35,5,5
Real reference,,8575,0.3875,5,7
Real reference,,8576,0.3125,9,9
Real reference,,8577,0.49375,4,5
Real reference,,8578,0.50625,5,5
Real reference,,8579,0.41875,4,5
Real reference,,8580,0.475,4,9
Real reference,,8581,0.35,5,6
Real reference,,8582,0.2875,7,7
Real reference,,8583,0.35,8,8
Real reference,,8584,0.4125,5,5
Real reference,,8585,0.21875,5,9
Real reference,,8586,0.3625,5,7
Real reference,,8587,0.3875,4,8
Real reference,,8588,0.34375,6,6
Real reference,,8589,0.40625,9,9
Real reference,,8590,0.39375,5,7
Real reference,,8591,0.3625,8,8
Real reference,,8592,0.4625,4,6
Real reference,,8593,0.425,5,6
Real reference,,8594,0.23125,10,10
Real reference,,8595,0.375,5,7
Real reference,,8596,0.48125,5,5
Real reference,,8597,0.2375,7,7
Real reference,,8598,0.3875,8,9
Real reference,,8599,0.4125,6,7
Real reference,,8600,0.35625,6,6
Real reference,,8601,0.425,4,12
Real reference,,8602,0.45625,4,5
Real reference,,8603,0.45,6,6
Real reference,,8604,0.38125,4,4
Real reference,,8605,0.475,5,5
Real reference,,8606,0.24375,6,7
Real reference,,8607,0.3625,5,6
Real reference,,8608,0.59375,4,5
Real reference,,8609,0.35,5,5
Real reference,,8610,0.35625,7,7
Real reference,,8611,0.43125,5,5
Real reference,,8612,0.34375,5,8
Real reference,,8613,0.28125,4,25
Real reference,,8614,0.35625,7,7
Real reference,,8615,0.21875,8,8
Real reference,,8616,0.35625,9,9
Real reference,,8617,0.38125,7,10
Real reference,,8618,0.29375,10,10
Real reference,,8619,0.5375,3,6
Real reference,,8620,0.51875,4,6
Real reference,,8621,0.30625,4,8
Real reference,,8622,0.3625,4,7
Real reference,,8623,0.4375,7,7
Real reference,,8624,0.38125,5,8
Real reference,,8625,0.44375,3,5
Real reference,,8626,0.39375,3,4
Real reference,,8627,0.1875,10,10
Real reference,,8628,0.43125,4,7
Real reference,,8629,0.38125,4,4
Real reference,,8630,0.23125,7,7
Real reference,,8631,0.41875,10,10
Real reference,,8632,0.4625,6,6
Real reference,,8633,0.3125,6,6
Real reference,,8634,0.46875,4,8
Real reference,,8635,0.55,4,6
Real reference,,8636,0.2,8,8
Real reference,,8637,0.41875,4,9
Real reference,,8638,0.4125,4,5
Real reference,,8639,0.39375,4,5
Real reference,,8640,0.34375,17,17
Real reference,,8641,0.375,5,5
Real reference,,8642,0.21875,9,9
Real reference,,8643,0.35625,9,9
Real reference,,8644,0.3125,5,5
Real reference,,8645,0.2625,14,14
Real reference,,8646,0.38125,6,6
Real reference,,8647,0.575,4,5
Real reference,,8648,0.3875,5,5
Real reference,,8649,0.43125,6,6
Real reference,,8650,0.49375,4,4
Real reference,,8651,0.30625,6,6
Real reference,,8652,0.35,10,10
Real reference,,8653,0.49375,4,7
Real reference,,8654,0.30625,7,7
Real reference,,8655,0.5125,6,7
Real reference,,8656,0.35625,6,6
Real reference,,8657,0.4,3,6
Real reference,,8658,0.3375,8,13
Real reference,,8659,0.35625,4,7
Real reference,,8660,0.3625,7,7
Real reference,,8661,0.34375,5,5
Real reference,,8662,0.3125,5,5
Real reference,,8663,0.225,6,6
Real reference,,8664,0.35625,6,7
Real reference,,8665,0.5375,3,4
Real reference,,8666,0.325,7,7
Real reference,,8667,0.54375,4,7
Real reference,,8668,0.2625,6,11
Real reference,,8669,0.425,5,5
Real reference,,8670,0.43125,6,9
Real reference,,8671,0.56875,4,4
Real reference,,8672,0.33125,5,5
Real reference,,8673,0.575,3,4
Real reference,,8674,0.475,4,5
Real reference,,8675,0.3125,6,6
Real reference,,8676,0.31875,11,11
Real reference,,8677,0.3625,5,5
Real reference,,8678,0.3625,5,5
Real reference,,8679,0.3375,10,10
Real reference,,8680,0.39375,5,6
Real reference,,8681,0.36875,4,5
Real reference,,8682,0.3625,4,5
Real reference,,8683,0.3875,7,7
Real reference,,8684,0.2625,5,7
Real reference,,8685,0.375,11,11
Real reference,,8686,0.31875,7,9
Real reference,,8687,0.4,7,8
Real reference,,8688,0.39375,4,15
Real reference,,8689,0.5375,3,4
Real reference,,8690,0.30625,8,8
Real reference,,8691,0.525,4,5
Real reference,,8692,0.475,4,6
Real reference,,8693,0.35,9,9
Real reference,,8694,0.45625,4,5
Real reference,,8695,0.39375,4,4
Real reference,,8696,0.35,6,7
Real reference,,8697,0.2875,7,8
Real reference,,8698,0.3375,6,7
Real reference,,8699,0.29375,8,8
Real reference,,8700,0.35625,8,8
Real reference,,8701,0.35,4,5
Real reference,,8702,0.43125,6,17
Real reference,,8703,0.3625,5,6
Real reference,,8704,0.35,7,7
Real reference,,8705,0.3375,9,9
Real reference,,8706,0.35,4,10
Real reference,,8707,0.35,4,6
Real reference,,8708,0.38125,5,5
Real reference,,8709,0.48125,3,4
Real reference,,8710,0.49375,3,4
Real reference,,8711,0.43125,9,13
Real reference,,8712,0.44375,9,9
Real reference,,8713,0.425,3,6
Real reference,,8714,0.3625,5,5
Real reference,,8715,0.35,5,6
Real reference,,8716,0.46875,4,6
Real reference,,8717,0.3625,5,5
Real reference,,8718,0.36875,4,4
Real reference,,8719,0.3375,5,5
Real reference,,8720,0.29375,6,6
Real reference,,8721,0.41875,5,6
Real reference,,8722,0.4875,4,7
Real reference,,8723,0.425,6,8
Real reference,,8724,0.36875,6,7
Real reference,,8725,0.33125,4,6
Real reference,,8726,0.30625,5,5
Real reference,,8727,0.31875,7,8
Real reference,,8728,0.475,5,7
Real reference,,8729,0.4375,5,6
Real reference,,8730,0.5375,4,5
Real reference,,8731,0.475,5,6
Real reference,,8732,0.4,4,7
Real reference,,8733,0.55625,4,5
Real reference,,8734,0.4375,4,6
Real reference,,8735,0.3,7,7
Real reference,,8736,0.40625,4,4
Real reference,,8737,0.45,3,4
Real reference,,8738,0.45625,5,5
Real reference,,8739,0.40625,5,5
Real reference,,8740,0.40625,4,5
Real reference,,8741,0.31875,8,8
Real reference,,8742,0.39375,3,5
Real reference,,8743,0.525,5,6
Real reference,,8744,0.39375,6,6
Real reference,,8745,0.4625,3,5
Real reference,,8746,0.425,3,5
Real reference,,8747,0.35,6,6
Real reference,,8748,0.45,4,13
Real reference,,8749,0.575,3,5
Real reference,,8750,0.31875,5,5
Real reference,,8751,0.50625,5,5
Real reference,,8752,0.43125,4,6
Real reference,,8753,0.3875,5,6
Real reference,,8754,0.39375,5,5
Real reference,,8755,0.4,7,7
Real reference,,8756,0.3375,5,9
Real reference,,8757,0.3875,4,5
Real reference,,8758,0.3,6,6
Real reference,,8759,0.43125,4,5
Real reference,,8760,0.43125,5,7
Real reference,,8761,0.375,4,5
Real reference,,8762,0.25,5,5
Real reference,,8763,0.34375,6,6
Real reference,,8764,0.44375,9,9
Real reference,,8765,0.30625,6,6
Real reference,,8766,0.43125,4,5
Real reference,,8767,0.49375,4,4
Real reference,,8768,0.30625,5,6
Real reference,,8769,0.4,14,14
Real reference,,8770,0.5,3,6
Real reference,,8771,0.33125,7,7
Real reference,,8772,0.45625,4,5
Real reference,,8773,0.53125,6,6
Real reference,,8774,0.25625,7,7
Real reference,,8775,0.34375,5,5
Real reference,,8776,0.33125,4,5
Real reference,,8777,0.33125,7,7
Real reference,,8778,0.5125,5,8
Real reference,,8779,0.325,5,5
Real reference,,8780,0.31875,7,7
Real reference,,8781,0.3875,4,9
Real reference,,8782,0.3625,4,5
Real reference,,8783,0.3125,7,7
Real reference,,8784,0.51875,5,5
Real reference,,8785,0.4625,3,4
Real reference,,8786,0.3875,5,7
Real reference,,8787,0.44375,3,3
Real reference,,8788,0.4375,3,5
Real reference,,8789,0.43125,6,6
Real reference,,8790,0.325,5,6
Real reference,,8791,0.38125,6,6
Real reference,,8792,0.3125,12,12
Real reference,,8793,0.41875,5,9
Real reference,,8794,0.29375,4,6
Real reference,,8795,0.28125,9,9
Real reference,,8796,0.40625,5,5
Real reference,,8797,0.33125,7,7
Real reference,,8798,0.24375,8,8
Real reference,,8799,0.36875,7,14
Real reference,,8800,0.4,5,5
Real reference,,8801,0.35,7,7
Real reference,,8802,0.3875,5,7
Real reference,,8803,0.44375,6,6
Real reference,,8804,0.35,11,11
Real reference,,8805,0.4125,5,5
Real reference,,8806,0.41875,7,7
Real reference,,8807,0.36875,5,5
Real reference,,8808,0.4,3,5
Real reference,,8809,0.31875,7,7
Real reference,,8810,0.29375,6,7
Real reference,,8811,0.43125,8,8
Real reference,,8812,0.56875,4,5
Real reference,,8813,0.26875,6,6
Real reference,,8814,0.4,5,7
Real reference,,8815,0.40625,6,6
Real reference,,8816,0.34375,5,5
Real reference,,8817,0.4375,9,9
Real reference,,8818,0.4,6,6
Real reference,,8819,0.40625,6,6
Real reference,,8820,0.4625,4,7
Real reference,,8821,0.49375,4,5
Real reference,,8822,0.3125,5,6
Real reference,,8823,0.39375,6,7
Real reference,,8824,0.3375,6,6
Real reference,,8825,0.275,5,6
Real reference,,8826,0.275,6,6
Real reference,,8827,0.54375,4,6
Real reference,,8828,0.3125,4,5
Real reference,,8829,0.38125,5,5
Real reference,,8830,0.30625,4,5
Real reference,,8831,0.425,11,11
Real reference,,8832,0.3875,4,13
Real reference,,8833,0.35,5,7
Real reference,,8834,0.35,6,8
Real reference,,8835,0.53125,4,6
Real reference,,8836,0.3125,6,11
Real reference,,8837,0.325,7,7
Real reference,,8838,0.475,3,14
Real reference,,8839,0.4625,3,4
Real reference,,8840,0.34375,4,7
Real reference,,8841,0.5,5,5
Real reference,,8842,0.4375,4,5
Real reference,,8843,0.38125,9,9
Real reference,,8844,0.375,5,5
Real reference,,8845,0.2875,5,9
Real reference,,8846,0.1875,6,6
Real reference,,8847,0.33125,5,5
Real reference,,8848,0.3625,5,7
Real reference,,8849,0.23125,5,7
Real reference,,8850,0.375,4,8
Real reference,,8851,0.35625,9,9
Real reference,,8852,0.4,5,6
Real reference,,8853,0.26875,9,10
Real reference,,8854,0.51875,4,6
Real reference,,8855,0.2125,6,6
Real reference,,8856,0.34375,5,5
Real reference,,8857,0.40625,4,6
Real reference,,8858,0.29375,7,7
Real reference,,8859,0.33125,8,28
Real reference,,8860,0.375,6,6
Real reference,,8861,0.375,7,7
Real reference,,8862,0.41875,4,4
Real reference,,8863,0.53125,5,5
Real reference,,8864,0.35,5,7
Real reference,,8865,0.46875,4,7
Real reference,,8866,0.45,5,5
Real reference,,8867,0.4125,5,5
Real reference,,8868,0.45625,4,5
Real reference,,8869,0.36875,4,7
Real reference,,8870,0.25625,22,22
Real reference,,8871,0.36875,4,6
Real reference,,8872,0.45625,3,5
Real reference,,8873,0.29375,5,5
Real reference,,8874,0.49375,5,5
Real reference,,8875,0.5,4,9
Real reference,,8876,0.31875,4,4
Real reference,,8877,0.44375,5,5
Real reference,,8878,0.46875,4,5
Real reference,,8879,0.28125,6,6
Real reference,,8880,0.35625,5,7
Real reference,,8881,0.45,4,5
Real reference,,8882,0.31875,7,7
Real reference,,8883,0.36875,7,7
Real reference,,8884,0.45,4,5
Real reference,,8885,0.325,9,9
Real reference,,8886,0.425,6,6
Real reference,,8887,0.46875,4,7
Real reference,,8888,0.34375,8,8
Real reference,,8889,0.39375,6,9
Real reference,,8890,0.49375,4,4
Real reference,,8891,0.53125,4,4
Real reference,,8892,0.55,4,4
Real reference,,8893,0.4625,4,5
Real reference,,8894,0.38125,6,9
Real reference,,8895,0.44375,6,6
Real reference,,8896,0.475,3,6
Real reference,,8897,0.25625,8,8
Real reference,,8898,0.40625,10,10
Real reference,,8899,0.4375,4,5
Real reference,,8900,0.3625,6,6
Real reference,,8901,0.35,7,7
Real reference,,8902,0.45,4,5
Real reference,,8903,0.3,5,5
Real reference,,8904,0.38125,4,11
Real reference,,8905,0.46875,6,6
Real reference,,8906,0.25,6,6
Real reference,,8907,0.26875,11,11
Real reference,,8908,0.4375,5,6
Real reference,,8909,0.28125,5,5
Real reference,,8910,0.34375,5,9
Real reference,,8911,0.4,6,8
Real reference,,8912,0.29375,6,6
Real reference,,8913,0.40625,7,7
Real reference,,8914,0.51875,4,6
Real reference,,8915,0.375,4,5
Real reference,,8916,0.425,5,6
Real reference,,8917,0.43125,4,6
Real reference,,8918,0.36875,6,6
Real reference,,8919,0.425,4,5
Real reference,,8920,0.49375,4,5
Real reference,,8921,0.35,6,8
Real reference,,8922,0.425,4,4
Real reference,,8923,0.40625,5,5
Real reference,,8924,0.28125,10,10
Real reference,,8925,0.4625,4,5
Real reference,,8926,0.475,5,5
Real reference,,8927,0.3625,7,7
Real reference,,8928,0.4375,4,8
Real reference,,8929,0.45625,4,5
Real reference,,8930,0.425,4,6
Real reference,,8931,0.225,9,9
Real reference,,8932,0.3,11,11
Real reference,,8933,0.325,7,7
Real reference,,8934,0.4,5,5
Real reference,,8935,0.3375,6,6
Real reference,,8936,0.34375,5,5
Real reference,,8937,0.40625,5,6
Real reference,,8938,0.4,6,8
Real reference,,8939,0.2625,6,6
Real reference,,8940,0.50625,5,6
Real reference,,8941,0.3,6,8
Real reference,,8942,0.36875,5,5
Real reference,,8943,0.40625,6,6
Real reference,,8944,0.48125,4,5
Real reference,,8945,0.20625,7,7
Real reference,,8946,0.4875,3,5
Real reference,,8947,0.4875,3,5
Real reference,,8948,0.275,6,6
Real reference,,8949,0.38125,8,8
Real reference,,8950,0.425,3,6
Real reference,,8951,0.325,6,6
Real reference,,8952,0.375,5,8
Real reference,,8953,0.29375,7,7
Real reference,,8954,0.19375,7,7
Real reference,,8955,0.3875,10,15
Real reference,,8956,0.35625,5,8
Real reference,,8957,0.2875,7,7
Real reference,,8958,0.49375,4,9
Real reference,,8959,0.3375,4,4
Real reference,,8960,0.375,9,9
Real reference,,8961,0.36875,12,12
Real reference,,8962,0.3375,6,7
Real reference,,8963,0.3875,5,5
Real reference,,8964,0.375,7,7
Real reference,,8965,0.35625,7,7
Real reference,,8966,0.25625,7,7
Real reference,,8967,0.4125,3,9
Real reference,,8968,0.425,4,6
Real reference,,8969,0.36875,8,8
Real reference,,8970,0.44375,9,9
Real reference,,8971,0.4125,4,7
Real reference,,8972,0.23125,5,8
Real reference,,8973,0.38125,4,6
Real reference,,8974,0.375,5,5
Real reference,,8975,0.29375,5,5
Real reference,,8976,0.35625,4,9
Real reference,,8977,0.35625,5,5
Real reference,,8978,0.3,7,8
Real reference,,8979,0.2875,5,6
Real reference,,8980,0.46875,3,5
Real reference,,8981,0.40625,7,7
Real reference,,8982,0.4,4,6
Real reference,,8983,0.33125,4,5
Real reference,,8984,0.3375,10,10
Real reference,,8985,0.45,4,6
Real reference,,8986,0.45625,4,8
Real reference,,8987,0.30625,4,6
Real reference,,8988,0.46875,3,5
Real reference,,8989,0.40625,4,5
Real reference,,8990,0.35625,6,6
Real reference,,8991,0.4625,5,6
Real reference,,8992,0.4375,5,6
Real reference,,8993,0.3,4,4
Real reference,,8994,0.3625,7,7
Real reference,,8995,0.36875,5,5
Real reference,,8996,0.33125,7,7
Real reference,,8997,0.4125,4,7
Real reference,,8998,0.48125,4,5
Real reference,,8999,0.3625,8,8
Real reference,,9000,0.55625,4,5
Real reference,,9001,0.3625,4,6
Real reference,,9002,0.325,5,5
Real reference,,9003,0.4375,5,8
Real reference,,9004,0.45625,5,7
Real reference,,9005,0.34375,17,17
Real reference,,9006,0.41875,5,8
Real reference,,9007,0.39375,4,6
Real reference,,9008,0.40625,5,5
Real reference,,9009,0.5125,5,5
Real reference,,9010,0.45625,5,5
Real reference,,9011,0.40625,7,17
Real reference,,9012,0.4,6,7
Real reference,,9013,0.475,5,7
Real reference,,9014,0.325,5,5
Real reference,,9015,0.3125,5,7
Real reference,,9016,0.39375,5,5
Real reference,,9017,0.31875,9,9
Real reference,,9018,0.35625,6,6
Real reference,,9019,0.45,4,5
Real reference,,9020,0.29375,12,12
Real reference,,9021,0.375,4,7
Real reference,,9022,0.38125,5,6
Real reference,,9023,0.39375,5,5
Real reference,,9024,0.525,3,4
Real reference,,9025,0.45,4,6
Real reference,,9026,0.33125,5,5
Real reference,,9027,0.33125,6,6
Real reference,,9028,0.36875,11,11
Real reference,,9029,0.36875,5,5
Real reference,,9030,0.3375,6,6
Real reference,,9031,0.4625,4,7
Real reference,,9032,0.2125,6,6
Real reference,,9033,0.4125,4,8
Real reference,,9034,0.41875,6,6
Real reference,,9035,0.41875,3,6
Real reference,,9036,0.46875,4,5
Real reference,,9037,0.40625,5,5
Real reference,,9038,0.28125,7,7
Real reference,,9039,0.45,6,7
Real reference,,9040,0.4375,4,5
Real reference,,9041,0.2375,23,23
Real reference,,9042,0.3875,4,8
Real reference,,9043,0.30625,4,6
Real reference,,9044,0.25625,4,5
Real reference,,9045,0.475,4,5
Real reference,,9046,0.475,4,5
Real reference,,9047,0.24375,9,9
Real reference,,9048,0.38125,4,4
Real reference,,9049,0.29375,6,6
Real reference,,9050,0.25625,7,7
Real reference,,9051,0.4,5,6
Real reference,,9052,0.425,4,4
Real reference,,9053,0.41875,4,4
Real reference,,9054,0.48125,5,8
Real reference,,9055,0.50625,4,5
Real reference,,9056,0.3,7,7
Real reference,,9057,0.525,4,6
Real reference,,9058,0.51875,4,5
Real reference,,9059,0.31875,4,8
Real reference,,9060,0.40625,5,6
Real reference,,9061,0.51875,3,5
Real reference,,9062,0.39375,5,7
Real reference,,9063,0.475,3,7
Real reference,,9064,0.2875,5,5
Real reference,,9065,0.2875,5,6
Real reference,,9066,0.5125,4,4
Real reference,,9067,0.325,4,4
Real reference,,9068,0.43125,4,5
Real reference,,9069,0.43125,3,5
Real reference,,9070,0.31875,5,6
Real reference,,9071,0.43125,3,7
Real reference,,9072,0.39375,7,7
Real reference,,9073,0.31875,6,6
Real reference,,9074,0.375,4,6
Real reference,,9075,0.425,4,4
Real reference,,9076,0.39375,4,7
Real reference,,9077,0.375,5,5
Real reference,,9078,0.35625,7,7
Real reference,,9079,0.31875,5,5
Real reference,,9080,0.5,5,9
Real reference,,9081,0.525,3,5
Real reference,,9082,0.2125,7,9
Real reference,,9083,0.4,5,7
Real reference,,9084,0.35625,5,5
Real reference,,9085,0.31875,5,7
Real reference,,9086,0.50625,4,6
Real reference,,9087,0.43125,5,7
Real reference,,9088,0.35,4,4
Real reference,,9089,0.45,4,12
Real reference,,9090,0.4875,4,5
Real reference,,9091,0.275,9,9
Real reference,,9092,0.40625,6,7
Real reference,,9093,0.375,5,5
Real reference,,9094,0.39375,4,5
Real reference,,9095,0.49375,4,6
Real reference,,9096,0.4625,4,6
Real reference,,9097,0.3625,5,5
Real reference,,9098,0.3875,5,5
Real reference,,9099,0.46875,4,7
Real reference,,9100,0.3875,5,5
Real reference,,9101,0.425,5,8
Real reference,,9102,0.39375,6,6
Real reference,,9103,0.33125,5,6
Real reference,,9104,0.41875,6,6
Real reference,,9105,0.40625,5,5
Real reference,,9106,0.40625,4,5
Real reference,,9107,0.41875,4,4
Real reference,,9108,0.3875,3,6
Real reference,,9109,0.275,7,7
Real reference,,9110,0.45,6,9
Real reference,,9111,0.375,4,5
Real reference,,9112,0.36875,5,5
Real reference,,9113,0.375,4,6
Real reference,,9114,0.45625,7,7
Real reference,,9115,0.36875,4,6
Real reference,,9116,0.425,4,11
Real reference,,9117,0.43125,6,6
Real reference,,9118,0.35625,6,6
Real reference,,9119,0.29375,21,21
Real reference,,9120,0.4375,6,6
Real reference,,9121,0.24375,9,9
Real reference,,9122,0.44375,5,10
Real reference,,9123,0.45,5,6
Real reference,,9124,0.325,14,14
Real reference,,9125,0.40625,5,7
Real reference,,9126,0.39375,5,5
Real reference,,9127,0.45,4,6
Real reference,,9128,0.54375,3,7
Real reference,,9129,0.575,3,5
Real reference,,9130,0.38125,5,9
Real reference,,9131,0.33125,6,6
Real reference,,9132,0.425,5,5
Real reference,,9133,0.375,4,6
Real reference,,9134,0.6,4,6
Real reference,,9135,0.54375,3,7
Real reference,,9136,0.3,5,6
Real reference,,9137,0.3375,5,11
Real reference,,9138,0.38125,6,6
Real reference,,9139,0.225,12,12
Real reference,,9140,0.425,4,4
Real reference,,9141,0.43125,3,7
Real reference,,9142,0.25625,5,5
Real reference,,9143,0.39375,4,5
Real reference,,9144,0.3375,4,7
Real reference,,9145,0.34375,5,6
Real reference,,9146,0.49375,4,6
Real reference,,9147,0.41875,6,6
Real reference,,9148,0.2875,6,7
Real reference,,9149,0.29375,5,8
Real reference,,9150,0.3125,5,6
Real reference,,9151,0.3375,5,6
Real reference,,9152,0.45625,5,5
Real reference,,9153,0.49375,4,6
Real reference,,9154,0.35,6,6
Real reference,,9155,0.4125,4,11
Real reference,,9156,0.43125,4,8
Real reference,,9157,0.39375,5,5
Real reference,,9158,0.3875,5,5
Real reference,,9159,0.475,4,5
Real reference,,9160,0.34375,11,11
Real reference,,9161,0.39375,4,5
Real reference,,9162,0.425,4,6
Real reference,,9163,0.35,5,9
Real reference,,9164,0.50625,5,5
Real reference,,9165,0.49375,3,6
Real reference,,9166,0.3,5,6
Real reference,,9167,0.43125,5,11
Real reference,,9168,0.4375,4,7
Real reference,,9169,0.3625,5,5
Real reference,,9170,0.4375,4,7
Real reference,,9171,0.4,4,5
Real reference,,9172,0.39375,4,6
Real reference,,9173,0.4,5,5
Real reference,,9174,0.35625,8,8
Real reference,,9175,0.3375,5,5
Real reference,,9176,0.4875,4,6
Real reference,,9177,0.36875,4,7
Real reference,,9178,0.2625,11,11
Real reference,,9179,0.4125,4,5
Real reference,,9180,0.5375,4,5
Real reference,,9181,0.25625,9,9
Real reference,,9182,0.525,3,5
Real reference,,9183,0.46875,5,7
Real reference,,9184,0.3,7,7
Real reference,,9185,0.35625,7,7
Real reference,,9186,0.26875,8,8
Real reference,,9187,0.2375,6,6
Real reference,,9188,0.38125,3,9
Real reference,,9189,0.35,6,7
Real reference,,9190,0.25,10,10
Real reference,,9191,0.3875,5,7
Real reference,,9192,0.4125,4,6
Real reference,,9193,0.45625,3,6
Real reference,,9194,0.325,7,7
Real reference,,9195,0.54375,4,6
Real reference,,9196,0.30625,5,5
Real reference,,9197,0.29375,7,7
Real reference,,9198,0.5375,5,7
Real reference,,9199,0.31875,4,5
Real reference,,9200,0.325,5,5
Real reference,,9201,0.425,4,5
Real reference,,9202,0.34375,5,5
Real reference,,9203,0.29375,10,10
Real reference,,9204,0.3625,7,7
Real reference,,9205,0.425,4,6
Real reference,,9206,0.45,8,8
Real reference,,9207,0.5,4,5
Real reference,,9208,0.375,5,7
Real reference,,9209,0.3375,6,6
Real reference,,9210,0.4125,5,6
Real reference,,9211,0.35625,8,8
Real reference,,9212,0.425,5,5
Real reference,,9213,0.39375,5,6
Real reference,,9214,0.30625,5,7
Real reference,,9215,0.38125,5,6
Real reference,,9216,0.3375,6,6
Real reference,,9217,0.4,6,6
Real reference,,9218,0.475,4,9
Real reference,,9219,0.51875,4,12
Real reference,,9220,0.41875,5,6
Real reference,,9221,0.39375,6,8
Real reference,,9222,0.3375,12,12
Real reference,,9223,0.39375,5,6
Real reference,,9224,0.43125,4,7
Real reference,,9225,0.275,7,7
Real reference,,9226,0.43125,9,9
Real reference,,9227,0.4,5,5
Real reference,,9228,0.36875,5,5
Real reference,,9229,0.275,8,8
Real reference,,9230,0.39375,5,8
Real reference,,9231,0.3375,4,7
Real reference,,9232,0.4375,5,5
Real reference,,9233,0.3625,8,8
Real reference,,9234,0.31875,5,5
Real reference,,9235,0.4,5,5
Real reference,,9236,0.425,3,5
Real reference,,9237,0.425,4,5
Real reference,,9238,0.18125,7,7
Real reference,,9239,0.525,5,6
Real reference,,9240,0.50625,6,6
Real reference,,9241,0.2875,6,7
Real reference,,9242,0.28125,10,10
Real reference,,9243,0.28125,8,13
Real reference,,9244,0.31875,4,9
Real reference,,9245,0.25625,6,7
Real reference,,9246,0.3,7,7
Real reference,,9247,0.4375,5,7
Real reference,,9248,0.30625,9,9
Real reference,,9249,0.4875,4,5
Real reference,,9250,0.38125,5,7
Real reference,,9251,0.45625,5,6
Real reference,,9252,0.35625,4,5
Real reference,,9253,0.25,14,14
Real reference,,9254,0.3625,5,19
Real reference,,9255,0.38125,12,12
Real reference,,9256,0.41875,4,6
Real reference,,9257,0.49375,4,5
Real reference,,9258,0.4875,4,8
Real reference,,9259,0.33125,10,10
Real reference,,9260,0.51875,3,4
Real reference,,9261,0.41875,4,4
Real reference,,9262,0.3375,6,6
Real reference,,9263,0.40625,7,16
Real reference,,9264,0.35625,5,5
Real reference,,9265,0.34375,7,7
Real reference,,9266,0.38125,4,5
Real reference,,9267,0.35625,5,5
Real reference,,9268,0.40625,6,6
Real reference,,9269,0.48125,3,6
Real reference,,9270,0.44375,3,4
Real reference,,9271,0.3875,6,6
Real reference,,9272,0.5,4,5
Real reference,,9273,0.5125,4,4
Real reference,,9274,0.4125,5,6
Real reference,,9275,0.4,5,5
Real reference,,9276,0.325,8,8
Real reference,,9277,0.275,10,13
Real reference,,9278,0.3875,5,12
Real reference,,9279,0.40625,8,8
Real reference,,9280,0.3,6,6
Real reference,,9281,0.31875,8,19
Real reference,,9282,0.40625,4,5
Real reference,,9283,0.25,5,5
Real reference,,9284,0.4375,5,6
Real reference,,9285,0.475,4,11
Real reference,,9286,0.325,6,6
Real reference,,9287,0.44375,6,6
Real reference,,9288,0.45625,4,4
Real reference,,9289,0.4125,5,7
Real reference,,9290,0.3375,15,15
Real reference,,9291,0.43125,5,5
Real reference,,9292,0.36875,4,7
Real reference,,9293,0.51875,4,4
Real reference,,9294,0.50625,4,6
Real reference,,9295,0.4375,5,5
Real reference,,9296,0.50625,3,7
Real reference,,9297,0.4875,5,5
Real reference,,9298,0.3,5,6
Real reference,,9299,0.40625,4,20
Real reference,,9300,0.36875,4,5
Real reference,,9301,0.4,6,6
Real reference,,9302,0.375,4,5
Real reference,,9303,0.43125,4,5
Real reference,,9304,0.30625,6,6
Real reference,,9305,0.48125,7,7
Real reference,,9306,0.3125,5,8
Real reference,,9307,0.36875,6,6
Real reference,,9308,0.475,3,4
Real reference,,9309,0.475,5,5
Real reference,,9310,0.23125,6,6
Real reference,,9311,0.55,4,5
Real reference,,9312,0.44375,3,10
Real reference,,9313,0.18125,8,8
Real reference,,9314,0.48125,5,13
Real reference,,9315,0.36875,5,5
Real reference,,9316,0.35625,5,8
Real reference,,9317,0.45,5,5
Real reference,,9318,0.475,3,4
Real reference,,9319,0.38125,7,7
Real reference,,9320,0.48125,3,7
Real reference,,9321,0.41875,4,6
Real reference,,9322,0.3375,5,6
Real reference,,9323,0.3625,4,9
Real reference,,9324,0.45625,4,4
Real reference,,9325,0.25,6,6
Real reference,,9326,0.4375,5,5
Real reference,,9327,0.36875,6,6
Real reference,,9328,0.36875,5,5
Real reference,,9329,0.49375,4,6
Real reference,,9330,0.46875,4,5
Real reference,,9331,0.3125,6,9
Real reference,,9332,0.3625,5,6
Real reference,,9333,0.325,5,5
Real reference,,9334,0.29375,5,8
Real reference,,9335,0.55,4,4
Real reference,,9336,0.4875,4,6
Real reference,,9337,0.3,6,6
Real reference,,9338,0.40625,5,5
Real reference,,9339,0.4625,4,6
Real reference,,9340,0.325,6,7
Real reference,,9341,0.4625,5,6
Real reference,,9342,0.425,5,9
Real reference,,9343,0.3,4,5
Real reference,,9344,0.45,4,7
Real reference,,9345,0.54375,3,5
Real reference,,9346,0.33125,6,6
Real reference,,9347,0.45,5,8
Real reference,,9348,0.375,4,4
Real reference,,9349,0.24375,9,9
Real reference,,9350,0.50625,4,6
Real reference,,9351,0.38125,5,9
Real reference,,9352,0.35,9,9
Real reference,,9353,0.3875,6,6
Real reference,,9354,0.39375,7,7
Real reference,,9355,0.36875,5,10
Real reference,,9356,0.40625,5,8
Real reference,,9357,0.4625,5,11
Real reference,,9358,0.4875,4,9
Real reference,,9359,0.4,4,7
Real reference,,9360,0.35,4,5
Real reference,,9361,0.36875,13,13
Real reference,,9362,0.3875,9,9
Real reference,,9363,0.39375,4,5
Real reference,,9364,0.33125,6,6
Real reference,,9365,0.4125,4,7
Real reference,,9366,0.38125,4,7
Real reference,,9367,0.31875,16,16
Real reference,,9368,0.575,4,6
Real reference,,9369,0.525,5,5
Real reference,,9370,0.425,7,7
Real reference,,9371,0.41875,7,7
Real reference,,9372,0.4375,4,6
Real reference,,9373,0.375,4,6
Real reference,,9374,0.4,6,7
Real reference,,9375,0.275,4,5
Real reference,,9376,0.375,6,9
Real reference,,9377,0.34375,5,6
Real reference,,9378,0.30625,23,23
Real reference,,9379,0.30625,7,7
Real reference,,9380,0.43125,5,5
Real reference,,9381,0.3625,5,8
Real reference,,9382,0.3375,4,4
Real reference,,9383,0.3375,8,8
Real reference,,9384,0.45,5,5
Real reference,,9385,0.375,4,6
Real reference,,9386,0.4125,6,6
Real reference,,9387,0.36875,5,10
Real reference,,9388,0.3875,6,6
Real reference,,9389,0.54375,4,4
Real reference,,9390,0.6,5,5
Real reference,,9391,0.14375,6,7
Real reference,,9392,0.29375,12,12
Real reference,,9393,0.45625,4,7
Real reference,,9394,0.4125,6,6
Real reference,,9395,0.4875,5,6
Real reference,,9396,0.4875,3,7
Real reference,,9397,0.3875,5,5
Real reference,,9398,0.4,4,4
Real reference,,9399,0.4375,8,8
Real reference,,9400,0.29375,6,7
Real reference,,9401,0.4375,4,8
Real reference,,9402,0.45,6,7
Real reference,,9403,0.28125,6,6
Real reference,,9404,0.5,4,7
Real reference,,9405,0.61875,5,7
Real reference,,9406,0.2625,9,9
Real reference,,9407,0.49375,4,6
Real reference,,9408,0.4875,3,7
Real reference,,9409,0.25,6,6
Real reference,,9410,0.4,5,7
Real reference,,9411,0.4875,4,4
Real reference,,9412,0.3,5,6
Real reference,,9413,0.3625,6,19
Real reference,,9414,0.24375,5,6
Real reference,,9415,0.33125,5,5
Real reference,,9416,0.4625,5,5
Real reference,,9417,0.425,5,6
Real reference,,9418,0.21875,8,8
Real reference,,9419,0.43125,4,7
Real reference,,9420,0.35625,5,5
Real reference,,9421,0.35625,4,5
Real reference,,9422,0.35625,6,8
Real reference,,9423,0.35,5,5
Real reference,,9424,0.4,4,5
Real reference,,9425,0.34375,5,6
Real reference,,9426,0.33125,5,7
Real reference,,9427,0.33125,6,6
Real reference,,9428,0.35625,6,6
Real reference,,9429,0.5125,4,5
Real reference,,9430,0.31875,6,6
Real reference,,9431,0.50625,4,7
Real reference,,9432,0.56875,4,8
Real reference,,9433,0.36875,5,5
Real reference,,9434,0.4,7,7
Real reference,,9435,0.41875,5,5
Real reference,,9436,0.35625,5,5
Real reference,,9437,0.49375,4,7
Real reference,,9438,0.54375,4,9
Real reference,,9439,0.2375,5,5
Real reference,,9440,0.525,10,10
Real reference,,9441,0.4625,6,6
Real reference,,9442,0.3875,4,5
Real reference,,9443,0.5,3,13
Real reference,,9444,0.40625,5,5
Real reference,,9445,0.35,8,8
Real reference,,9446,0.39375,7,8
Real reference,,9447,0.48125,4,11
Real reference,,9448,0.4875,4,9
Real reference,,9449,0.475,4,5
Real reference,,9450,0.38125,6,6
Real reference,,9451,0.35625,3,4
Real reference,,9452,0.4375,3,6
Real reference,,9453,0.35,3,6
Real reference,,9454,0.35625,5,5
Real reference,,9455,0.375,4,4
Real reference,,9456,0.48125,3,5
Real reference,,9457,0.30625,4,6
Real reference,,9458,0.475,6,6
Real reference,,9459,0.46875,4,6
Real reference,,9460,0.31875,9,9
Real reference,,9461,0.36875,4,6
Real reference,,9462,0.39375,5,6
Real reference,,9463,0.2375,9,11
Real reference,,9464,0.48125,3,6
Real reference,,9465,0.475,5,5
Real reference,,9466,0.3625,4,6
Real reference,,9467,0.46875,4,7
Real reference,,9468,0.4,5,7
Real reference,,9469,0.275,7,7
Real reference,,9470,0.3875,4,5
Real reference,,9471,0.38125,6,6
Real reference,,9472,0.2875,7,8
Real reference,,9473,0.325,5,12
Real reference,,9474,0.475,3,7
Real reference,,9475,0.2,7,7
Real reference,,9476,0.4625,4,8
Real reference,,9477,0.39375,4,5
Real reference,,9478,0.44375,3,5
Real reference,,9479,0.36875,10,10
Real reference,,9480,0.35,5,5
Real reference,,9481,0.2,7,7
Real reference,,9482,0.45,4,5
Real reference,,9483,0.34375,4,5
Real reference,,9484,0.28125,6,6
Real reference,,9485,0.46875,4,6
Real reference,,9486,0.3,5,5
Real reference,,9487,0.475,5,5
Real reference,,9488,0.3,5,5
Real reference,,9489,0.35,5,5
Real reference,,9490,0.4875,6,6
Real reference,,9491,0.4875,4,6
Real reference,,9492,0.34375,5,6
Real reference,,9493,0.375,4,7
Real reference,,9494,0.38125,7,7
Real reference,,9495,0.35625,9,9
Real reference,,9496,0.38125,5,12
Real reference,,9497,0.34375,6,6
Real reference,,9498,0.3125,4,5
Real reference,,9499,0.4125,5,9
Real reference,,9500,0.34375,5,5
Real reference,,9501,0.34375,5,5
Real reference,,9502,0.46875,5,6
Real reference,,9503,0.40625,5,6
Real reference,,9504,0.36875,5,5
Real reference,,9505,0.43125,4,5
Real reference,,9506,0.4875,3,5
Real reference,,9507,0.44375,6,6
Real reference,,9508,0.34375,4,10
Real reference,,9509,0.4625,4,7
Real reference,,9510,0.3125,5,5
Real reference,,9511,0.33125,5,5
Real reference,,9512,0.35,6,6
Real reference,,9513,0.3,7,8
Real reference,,9514,0.425,6,8
Real reference,,9515,0.2875,7,7
Real reference,,9516,0.2875,5,6
Real reference,,9517,0.4875,4,5
Real reference,,9518,0.3875,5,5
Real reference,,9519,0.38125,5,5
Real reference,,9520,0.45,3,6
Real reference,,9521,0.45625,3,4
Real reference,,9522,0.425,5,7
Real reference,,9523,0.425,8,8
Real reference,,9524,0.5125,6,6
Real reference,,9525,0.375,5,5
Real reference,,9526,0.5,4,4
Real reference,,9527,0.48125,5,6
Real reference,,9528,0.24375,13,13
Real reference,,9529,0.4375,4,5
Real reference,,9530,0.44375,3,7
Real reference,,9531,0.20625,6,7
Real reference,,9532,0.39375,5,5
Real reference,,9533,0.48125,6,7
Real reference,,9534,0.3125,7,7
Real reference,,9535,0.45,4,7
Real reference,,9536,0.3125,6,6
Real reference,,9537,0.3375,7,7
Real reference,,9538,0.4125,5,5
Real reference,,9539,0.4125,9,9
Real reference,,9540,0.36875,6,6
Real reference,,9541,0.4125,4,10
Real reference,,9542,0.55625,4,5
Real reference,,9543,0.31875,7,7
Real reference,,9544,0.48125,5,7
Real reference,,9545,0.5,5,6
Real reference,,9546,0.24375,7,7
Real reference,,9547,0.425,4,5
Real reference,,9548,0.4,3,4
Real reference,,9549,0.4125,4,4
Real reference,,9550,0.325,7,7
Real reference,,9551,0.3,5,9
Real reference,,9552,0.30625,11,11
Real reference,,9553,0.4625,3,7
Real reference,,9554,0.575,4,5
Real reference,,9555,0.35,4,5
Real reference,,9556,0.55,4,4
Real reference,,9557,0.4125,6,6
Real reference,,9558,0.36875,5,5
Real reference,,9559,0.38125,4,9
Real reference,,9560,0.36875,5,5
Real reference,,9561,0.425,5,7
Real reference,,9562,0.4375,5,6
Real reference,,9563,0.46875,3,6
Real reference,,9564,0.3125,7,7
Real reference,,9565,0.28125,9,9
Real reference,,9566,0.49375,5,5
Real reference,,9567,0.4625,4,4
Real reference,,9568,0.35625,5,5
Real reference,,9569,0.43125,4,4
Real reference,,9570,0.29375,8,8
Real reference,,9571,0.48125,5,15
Real reference,,9572,0.475,5,6
Real reference,,9573,0.35,7,7
Real reference,,9574,0.4,6,6
Real reference,,9575,0.41875,5,5
Real reference,,9576,0.39375,5,5
Real reference,,9577,0.3125,6,6
Real reference,,9578,0.4625,3,4
Real reference,,9579,0.425,5,5
Real reference,,9580,0.40625,10,10
Real reference,,9581,0.35,7,7
Real reference,,9582,0.3625,4,6
Real reference,,9583,0.51875,3,7
Real reference,,9584,0.49375,3,6
Real reference,,9585,0.375,11,11
Real reference,,9586,0.45,7,7
Real reference,,9587,0.35625,7,7
Real reference,,9588,0.2125,9,14
Real reference,,9589,0.45,6,6
Real reference,,9590,0.35,5,7
Real reference,,9591,0.31875,8,8
Real reference,,9592,0.5125,3,8
Real reference,,9593,0.53125,4,4
Real reference,,9594,0.26875,4,5
Real reference,,9595,0.2875,7,7
Real reference,,9596,0.4875,4,5
Real reference,,9597,0.3125,18,18
Real reference,,9598,0.425,4,6
Real reference,,9599,0.55,3,5
Real reference,,9600,0.2625,10,10
Real reference,,9601,0.41875,8,8
Real reference,,9602,0.35,8,8
Real reference,,9603,0.3,7,7
Real reference,,9604,0.4625,5,5
Real reference,,9605,0.4375,3,6
Real reference,,9606,0.26875,6,6
Real reference,,9607,0.5375,4,4
Real reference,,9608,0.46875,4,5
Real reference,,9609,0.33125,4,6
Real reference,,9610,0.3875,5,8
Real reference,,9611,0.45,4,5
Real reference,,9612,0.3375,7,7
Real reference,,9613,0.49375,5,9
Real reference,,9614,0.35,5,6
Real reference,,9615,0.25625,8,8
Real reference,,9616,0.4125,4,5
Real reference,,9617,0.475,4,4
Real reference,,9618,0.5,7,7
Real reference,,9619,0.325,4,6
Real reference,,9620,0.36875,8,8
Real reference,,9621,0.3875,4,4
Real reference,,9622,0.55625,3,6
Real reference,,9623,0.50625,4,5
Real reference,,9624,0.2875,7,7
Real reference,,9625,0.48125,3,8
Real reference,,9626,0.4625,5,5
Real reference,,9627,0.3125,7,7
Real reference,,9628,0.40625,6,14
Real reference,,9629,0.48125,4,6
Real reference,,9630,0.31875,7,7
Real reference,,9631,0.36875,4,4
Real reference,,9632,0.4625,5,5
Real reference,,9633,0.3375,5,5
Real reference,,9634,0.425,7,7
Real reference,,9635,0.375,4,5
Real reference,,9636,0.38125,6,6
Real reference,,9637,0.425,4,6
Real reference,,9638,0.3875,5,5
Real reference,,9639,0.2375,4,10
Real reference,,9640,0.3125,5,6
Real reference,,9641,0.4625,6,6
Real reference,,9642,0.3,4,5
Real reference,,9643,0.375,5,6
Real reference,,9644,0.34375,13,13
Real reference,,9645,0.325,6,6
Real reference,,9646,0.43125,4,4
Real reference,,9647,0.45,5,7
Real reference,,9648,0.26875,5,7
Real reference,,9649,0.3,4,5
Real reference,,9650,0.3375,5,5
Real reference,,9651,0.325,6,6
Real reference,,9652,0.34375,6,6
Real reference,,9653,0.35,5,5
Real reference,,9654,0.43125,5,6
Real reference,,9655,0.39375,8,8
Real reference,,9656,0.36875,6,6
Real reference,,9657,0.275,10,10
Real reference,,9658,0.4375,4,6
Real reference,,9659,0.35625,5,5
Real reference,,9660,0.41875,6,10
Real reference,,9661,0.46875,6,7
Real reference,,9662,0.39375,5,5
Real reference,,9663,0.34375,4,5
Real reference,,9664,0.375,3,7
Real reference,,9665,0.34375,7,7
Real reference,,9666,0.41875,7,7
Real reference,,9667,0.4,5,6
Real reference,,9668,0.4,3,6
Real reference,,9669,0.3375,8,8
Real reference,,9670,0.40625,4,5
Real reference,,9671,0.31875,5,7
Real reference,,9672,0.34375,8,8
Real reference,,9673,0.31875,5,8
Real reference,,9674,0.375,7,8
Real reference,,9675,0.31875,12,12
Real reference,,9676,0.475,3,4
Real reference,,9677,0.375,4,6
Real reference,,9678,0.39375,4,6
Real reference,,9679,0.425,4,6
Real reference,,9680,0.45625,4,4
Real reference,,9681,0.34375,8,9
Real reference,,9682,0.35,11,11
Real reference,,9683,0.44375,5,5
Real reference,,9684,0.25,5,6
Real reference,,9685,0.34375,8,8
Real reference,,9686,0.3625,5,5
Real reference,,9687,0.33125,5,10
Real reference,,9688,0.3625,7,7
Real reference,,9689,0.48125,5,5
Real reference,,9690,0.275,4,6
Real reference,,9691,0.375,5,7
Real reference,,9692,0.34375,13,13
Real reference,,9693,0.34375,9,9
Real reference,,9694,0.33125,5,5
Real reference,,9695,0.25625,6,6
Real reference,,9696,0.45625,4,7
Real reference,,9697,0.36875,5,6
Real reference,,9698,0.33125,5,7
Real reference,,9699,0.34375,6,7
Real reference,,9700,0.28125,17,17
Real reference,,9701,0.24375,12,12
Real reference,,9702,0.3625,5,8
Real reference,,9703,0.34375,6,7
Real reference,,9704,0.43125,6,6
Real reference,,9705,0.34375,5,7
Real reference,,9706,0.36875,6,6
Real reference,,9707,0.30625,7,7
Real reference,,9708,0.43125,9,9
Real reference,,9709,0.50625,6,6
Real reference,,9710,0.50625,4,5
Real reference,,9711,0.5,3,9
Real reference,,9712,0.3125,4,6
Real reference,,9713,0.36875,4,5
Real reference,,9714,0.43125,7,7
Real reference,,9715,0.4375,4,5
Real reference,,9716,0.4125,5,5
Real reference,,9717,0.425,4,6
Real reference,,9718,0.36875,5,7
Real reference,,9719,0.33125,7,8
Real reference,,9720,0.30625,5,5
Real reference,,9721,0.46875,4,6
Real reference,,9722,0.29375,6,6
Real reference,,9723,0.40625,4,5
Real reference,,9724,0.44375,4,6
Real reference,,9725,0.45625,5,5
Real reference,,9726,0.4375,5,5
Real reference,,9727,0.48125,3,5
Real reference,,9728,0.21875,17,17
Real reference,,9729,0.4625,6,6
Real reference,,9730,0.5375,3,4
Real reference,,9731,0.19375,6,7
Real reference,,9732,0.4375,3,7
Real reference,,9733,0.3625,6,6
Real reference,,9734,0.5375,5,12
Real reference,,9735,0.4875,4,13
Real reference,,9736,0.36875,5,5
Real reference,,9737,0.2625,10,10
Real reference,,9738,0.4,5,5
Real reference,,9739,0.25625,11,11
Real reference,,9740,0.25,6,6
Real reference,,9741,0.4875,5,5
Real reference,,9742,0.55625,4,5
Real reference,,9743,0.25,6,6
Real reference,,9744,0.35,5,8
Real reference,,9745,0.34375,6,6
Real reference,,9746,0.21875,6,6
Real reference,,9747,0.38125,7,7
Real reference,,9748,0.325,7,7
Real reference,,9749,0.43125,5,5
Real reference,,9750,0.45625,4,4
Real reference,,9751,0.525,4,5
Real reference,,9752,0.36875,5,5
Real reference,,9753,0.4,4,9
Real reference,,9754,0.39375,6,6
Real reference,,9755,0.28125,5,6
Real reference,,9756,0.425,3,7
Real reference,,9757,0.33125,5,8
Real reference,,9758,0.4625,7,7
Real reference,,9759,0.54375,4,4
Real reference,,9760,0.56875,3,4
Real reference,,9761,0.1875,5,5
Real reference,,9762,0.45,7,7
Real reference,,9763,0.5,5,8
Real reference,,9764,0.2625,9,9
Real reference,,9765,0.4125,5,9
Real reference,,9766,0.39375,5,6
Real reference,,9767,0.43125,6,6
Real reference,,9768,0.30625,5,6
Real reference,,9769,0.3625,8,8
Real reference,,9770,0.4125,10,10
Real reference,,9771,0.475,5,6
Real reference,,9772,0.45,5,5
Real reference,,9773,0.36875,5,6
Real reference,,9774,0.46875,4,11
Real reference,,9775,0.40625,5,14
Real reference,,9776,0.31875,5,5
Real reference,,9777,0.41875,7,7
Real reference,,9778,0.5125,4,6
Real reference,,9779,0.4125,4,5
Real reference,,9780,0.45,4,5
Real reference,,9781,0.46875,4,5
Real reference,,9782,0.35,6,6
Real reference,,9783,0.4,5,5
Real reference,,9784,0.39375,5,5
Real reference,,9785,0.4,7,7
Real reference,,9786,0.43125,8,8
Real reference,,9787,0.48125,3,5
Real reference,,9788,0.13125,6,6
Real reference,,9789,0.44375,3,6
Real reference,,9790,0.3875,4,5
Real reference,,9791,0.34375,8,8
Real reference,,9792,0.46875,4,5
Real reference,,9793,0.48125,4,4
Real reference,,9794,0.3875,7,12
Real reference,,9795,0.35,8,8
Real reference,,9796,0.375,5,6
Real reference,,9797,0.275,5,5
Real reference,,9798,0.33125,5,7
Real reference,,9799,0.35625,8,8
Real reference,,9800,0.25625,7,7
Real reference,,9801,0.45,3,5
Real reference,,9802,0.3125,15,15
Real reference,,9803,0.375,6,6
Real reference,,9804,0.45,5,5
Real reference,,9805,0.525,4,8
Real reference,,9806,0.26875,5,6
Real reference,,9807,0.425,5,6
Real reference,,9808,0.54375,4,7
Real reference,,9809,0.28125,6,6
Real reference,,9810,0.4875,4,7
Real reference,,9811,0.475,4,6
Real reference,,9812,0.3125,6,7
Real reference,,9813,0.35625,6,9
Real reference,,9814,0.39375,6,6
Real reference,,9815,0.23125,9,9
Real reference,,9816,0.45,4,7
Real reference,,9817,0.51875,4,4
Real reference,,9818,0.28125,5,7
Real reference,,9819,0.41875,4,4
Real reference,,9820,0.3,5,6
Real reference,,9821,0.4125,4,6
Real reference,,9822,0.44375,4,8
Real reference,,9823,0.4125,8,8
Real reference,,9824,0.28125,6,6
Real reference,,9825,0.3875,5,15
Real reference,,9826,0.3625,6,6
Real reference,,9827,0.39375,8,10
Real reference,,9828,0.4,6,8
Real reference,,9829,0.325,5,5
Real reference,,9830,0.3,7,9
Real reference,,9831,0.3625,4,5
Real reference,,9832,0.51875,3,7
Real reference,,9833,0.35625,7,7
Real reference,,9834,0.53125,4,7
Real reference,,9835,0.54375,5,6
Real reference,,9836,0.31875,6,6
Real reference,,9837,0.35625,6,6
Real reference,,9838,0.325,4,7
Real reference,,9839,0.3625,4,4
Real reference,,9840,0.36875,6,6
Real reference,,9841,0.40625,5,5
Real reference,,9842,0.23125,6,6
Real reference,,9843,0.46875,4,5
Real reference,,9844,0.35625,8,8
Real reference,,9845,0.26875,7,9
Real reference,,9846,0.3875,5,6
Real reference,,9847,0.48125,4,5
Real reference,,9848,0.425,4,4
Real reference,,9849,0.4625,4,8
Real reference,,9850,0.51875,4,5
Real reference,,9851,0.4125,7,7
Real reference,,9852,0.475,4,4
Real reference,,9853,0.50625,3,6
Real reference,,9854,0.3375,6,8
Real reference,,9855,0.3875,5,5
Real reference,,9856,0.3,4,5
Real reference,,9857,0.3875,6,6
Real reference,,9858,0.45625,3,7
Real reference,,9859,0.44375,3,7
Real reference,,9860,0.39375,4,6
Real reference,,9861,0.41875,4,18
Real reference,,9862,0.46875,4,5
Real reference,,9863,0.3375,8,8
Real reference,,9864,0.4125,4,9
Real reference,,9865,0.26875,4,15
Real reference,,9866,0.3875,6,6
Real reference,,9867,0.59375,4,6
Real reference,,9868,0.51875,4,6
Real reference,,9869,0.31875,9,9
Real reference,,9870,0.425,4,8
Real reference,,9871,0.34375,5,5
Real reference,,9872,0.40625,10,10
Real reference,,9873,0.46875,5,5
Real reference,,9874,0.50625,5,5
Real reference,,9875,0.45625,6,6
Real reference,,9876,0.375,4,6
Real reference,,9877,0.3875,4,5
Real reference,,9878,0.20625,6,8
Real reference,,9879,0.2875,15,15
Real reference,,9880,0.2875,9,9
Real reference,,9881,0.1875,9,9
Real reference,,9882,0.43125,6,6
Real reference,,9883,0.4375,5,5
Real reference,,9884,0.33125,7,7
Real reference,,9885,0.53125,3,6
Real reference,,9886,0.375,4,7
Real reference,,9887,0.3,5,5
Real reference,,9888,0.39375,18,18
Real reference,,9889,0.4875,6,6
Real reference,,9890,0.3375,7,7
Real reference,,9891,0.40625,4,6
Real reference,,9892,0.4875,4,5
Real reference,,9893,0.36875,6,6
Real reference,,9894,0.44375,4,4
Real reference,,9895,0.50625,4,6
Real reference,,9896,0.35,5,5
Real reference,,9897,0.35,5,5
Real reference,,9898,0.34375,4,5
Real reference,,9899,0.2875,5,5
Real reference,,9900,0.4625,4,5
Real reference,,9901,0.41875,4,7
Real reference,,9902,0.43125,6,6
Real reference,,9903,0.48125,6,9
Real reference,,9904,0.5,3,6
Real reference,,9905,0.3375,6,6
Real reference,,9906,0.4125,6,7
Real reference,,9907,0.4,5,6
Real reference,,9908,0.39375,8,8
Real reference,,9909,0.4375,3,5
Real reference,,9910,0.4875,3,5
Real reference,,9911,0.35,5,8
Real reference,,9912,0.4625,4,6
Real reference,,9913,0.44375,4,4
Real reference,,9914,0.4,5,5
Real reference,,9915,0.35625,11,11
Real reference,,9916,0.325,5,5
Real reference,,9917,0.4,6,6
Real reference,,9918,0.29375,12,12
Real reference,,9919,0.36875,5,7
Real reference,,9920,0.35,6,6
Real reference,,9921,0.46875,3,6
Real reference,,9922,0.40625,3,8
Real reference,,9923,0.2875,4,6
Real reference,,9924,0.35,8,8
Real reference,,9925,0.3,4,4
Real reference,,9926,0.35625,5,5
Real reference,,9927,0.44375,3,7
Real reference,,9928,0.4,5,5
Real reference,,9929,0.26875,7,7
Real reference,,9930,0.3625,7,8
Real reference,,9931,0.375,5,5
Real reference,,9932,0.19375,7,7
Real reference,,9933,0.4375,7,10
Real reference,,9934,0.3625,6,6
Real reference,,9935,0.39375,5,5
Real reference,,9936,0.43125,5,5
Real reference,,9937,0.43125,4,5
Real reference,,9938,0.3375,6,6
Real reference,,9939,0.45,15,15
Real reference,,9940,0.54375,5,5
Real reference,,9941,0.35625,5,5
Real reference,,9942,0.375,5,5
Real reference,,9943,0.325,4,4
Real reference,,9944,0.31875,5,7
Real reference,,9945,0.40625,6,6
Real reference,,9946,0.45,5,5
Real reference,,9947,0.2125,5,6
Real reference,,9948,0.4125,5,5
Real reference,,9949,0.48125,4,6
Real reference,,9950,0.2,6,7
Real reference,,9951,0.48125,3,4
Real reference,,9952,0.425,5,6
Real reference,,9953,0.35625,6,7
Real reference,,9954,0.3625,5,6
Real reference,,9955,0.45625,4,6
Real reference,,9956,0.3375,5,9
Real reference,,9957,0.45,6,6
Real reference,,9958,0.51875,3,7
Real reference,,9959,0.2875,6,6
Real reference,,9960,0.375,5,8
Real reference,,9961,0.25625,6,6
Real reference,,9962,0.3625,7,7
Real reference,,9963,0.425,5,7
Real reference,,9964,0.45,4,5
Real reference,,9965,0.4125,12,12
Real reference,,9966,0.31875,12,12
Real reference,,9967,0.35625,5,5
Real reference,,9968,0.29375,9,14
Real reference,,9969,0.325,5,5
Real reference,,9970,0.29375,6,6
Real reference,,9971,0.24375,7,7
Real reference,,9972,0.375,5,5
Real reference,,9973,0.53125,5,12
Real reference,,9974,0.25625,9,9
Real reference,,9975,0.36875,8,8
Real reference,,9976,0.38125,8,8
Real reference,,9977,0.31875,7,7
Real reference,,9978,0.45,4,7
Real reference,,9979,0.46875,6,6
Real reference,,9980,0.35625,7,7
Real reference,,9981,0.33125,6,6
Real reference,,9982,0.29375,7,8
Real reference,,9983,0.40625,4,5
Real reference,,9984,0.54375,5,5
Real reference,,9985,0.525,3,8
Real reference,,9986,0.225,9,9
Real reference,,9987,0.4,11,11
Real reference,,9988,0.3625,6,7
Real reference,,9989,0.36875,8,8
Real reference,,9990,0.4125,4,8
Real reference,,9991,0.4875,3,4
Real reference,,9992,0.40625,4,5
Real reference,,9993,0.35,5,8
Real reference,,9994,0.3625,7,7
Real reference,,9995,0.3375,6,7
Real reference,,9996,0.35,8,8
Real reference,,9997,0.55,3,6
Real reference,,9998,0.1875,8,8
Real reference,,9999,0.41875,6,10
Real reference,,10000,0.51875,5,8
Real reference,,10001,0.4375,7,7
Real reference,,10002,0.36875,5,9
Real reference,,10003,0.4375,7,7
Real reference,,10004,0.29375,5,6
Real reference,,10005,0.36875,8,8
Real reference,,10006,0.48125,4,4
Real reference,,10007,0.34375,3,5
Real reference,,10008,0.39375,4,5
Real reference,,10009,0.4625,5,6
Real reference,,10010,0.36875,4,5
Real reference,,10011,0.34375,6,6
Real reference,,10012,0.4,3,8
Real reference,,10013,0.25,10,10
Real reference,,10014,0.48125,6,6
Real reference,,10015,0.45,6,6
Real reference,,10016,0.2875,5,7
Real reference,,10017,0.5375,4,4
Real reference,,10018,0.4625,5,6
Real reference,,10019,0.36875,5,5
Real reference,,10020,0.36875,8,8
Real reference,,10021,0.36875,5,6
Real reference,,10022,0.24375,7,7
Real reference,,10023,0.43125,5,5
Real reference,,10024,0.5,3,5
Real reference,,10025,0.3625,6,6
Real reference,,10026,0.4,6,11
Real reference,,10027,0.4625,4,4
Real reference,,10028,0.45625,4,4
Real reference,,10029,0.43125,9,9
Real reference,,10030,0.4625,5,5
Real reference,,10031,0.3,5,5
Real reference,,10032,0.41875,4,7
Real reference,,10033,0.34375,4,4
Real reference,,10034,0.3625,4,5
Real reference,,10035,0.39375,5,5
Real reference,,10036,0.49375,3,8
Real reference,,10037,0.38125,8,8
Real reference,,10038,0.40625,6,49
Real reference,,10039,0.31875,5,6
Real reference,,10040,0.3,6,6
Real reference,,10041,0.38125,5,5
Real reference,,10042,0.34375,5,5
Real reference,,10043,0.425,5,5
Real reference,,10044,0.35,16,16
Real reference,,10045,0.31875,8,8
Real reference,,10046,0.23125,9,10
Real reference,,10047,0.45625,10,10
Real reference,,10048,0.44375,4,5
Real reference,,10049,0.26875,5,6
Real reference,,10050,0.375,5,10
Real reference,,10051,0.3875,6,9
Real reference,,10052,0.4125,3,6
Real reference,,10053,0.46875,5,6
Real reference,,10054,0.425,4,7
Real reference,,10055,0.3,9,9
Real reference,,10056,0.4125,9,9
Real reference,,10057,0.44375,4,5
Real reference,,10058,0.1625,5,5
Real reference,,10059,0.5375,5,7
Real reference,,10060,0.46875,4,6
Real reference,,10061,0.31875,7,7
Real reference,,10062,0.44375,6,6
Real reference,,10063,0.4625,5,5
Real reference,,10064,0.23125,10,10
Real reference,,10065,0.275,8,9
Real reference,,10066,0.55,4,6
Real reference,,10067,0.325,13,13
Real reference,,10068,0.33125,5,6
Real reference,,10069,0.375,4,6
Real reference,,10070,0.31875,5,7
Real reference,,10071,0.4,5,5
Real reference,,10072,0.38125,5,5
Real reference,,10073,0.25,5,7
Real reference,,10074,0.4625,7,7
Real reference,,10075,0.43125,4,5
Real reference,,10076,0.39375,6,6
Real reference,,10077,0.425,5,5
Real reference,,10078,0.375,3,5
Real reference,,10079,0.24375,12,12
Real reference,,10080,0.325,14,14
Real reference,,10081,0.3375,4,9
Real reference,,10082,0.4,5,5
Real reference,,10083,0.41875,6,6
Real reference,,10084,0.525,4,6
Real reference,,10085,0.4375,6,6
Real reference,,10086,0.45625,4,6
Real reference,,10087,0.525,4,4
Real reference,,10088,0.375,5,6
Real reference,,10089,0.3375,6,6
Real reference,,10090,0.35,4,7
Real reference,,10091,0.3375,4,5
Real reference,,10092,0.475,5,6
Real reference,,10093,0.3625,8,8
Real reference,,10094,0.34375,9,9
Real reference,,10095,0.425,10,10
Real reference,,10096,0.39375,6,6
Real reference,,10097,0.3625,6,6
Real reference,,10098,0.41875,4,12
Real reference,,10099,0.34375,6,6
Real reference,,10100,0.36875,10,10
Real reference,,10101,0.40625,10,10
Real reference,,10102,0.3625,17,17
Real reference,,10103,0.35625,6,14
Real reference,,10104,0.38125,4,8
Real reference,,10105,0.3875,15,15
Real reference,,10106,0.30625,7,7
Real reference,,10107,0.31875,5,12
Real reference,,10108,0.29375,9,9
Real reference,,10109,0.2625,6,6
Real reference,,10110,0.53125,3,5
Real reference,,10111,0.41875,4,5
Real reference,,10112,0.3125,5,7
Real reference,,10113,0.2625,5,7
Real reference,,10114,0.4,10,10
Real reference,,10115,0.33125,5,6
Real reference,,10116,0.28125,11,11
Real reference,,10117,0.525,4,8
Real reference,,10118,0.3125,9,9
Real reference,,10119,0.39375,4,6
Real reference,,10120,0.45,5,5
Real reference,,10121,0.35625,8,8
Real reference,,10122,0.325,4,6
Real reference,,10123,0.41875,5,5
Real reference,,10124,0.34375,5,6
Real reference,,10125,0.49375,4,7
Real reference,,10126,0.4375,4,7
Real reference,,10127,0.35625,8,8
Real reference,,10128,0.43125,9,12
Real reference,,10129,0.3125,8,8
Real reference,,10130,0.45625,3,5
Real reference,,10131,0.375,4,6
Real reference,,10132,0.23125,11,11
Real reference,,10133,0.3625,5,5
Real reference,,10134,0.475,6,13
Real reference,,10135,0.43125,3,4
Real reference,,10136,0.29375,11,11
Real reference,,10137,0.43125,4,9
Real reference,,10138,0.48125,5,5
Real reference,,10139,0.40625,6,6
Real reference,,10140,0.48125,4,5
Real reference,,10141,0.53125,4,4
Real reference,,10142,0.39375,6,7
Real reference,,10143,0.4375,4,5
Real reference,,10144,0.45625,3,7
Real reference,,10145,0.35,5,8
Real reference,,10146,0.5125,5,6
Real reference,,10147,0.4875,5,5
Real reference,,10148,0.325,4,5
Real reference,,10149,0.4375,4,5
Real reference,,10150,0.45,3,6
Real reference,,10151,0.30625,5,5
Real reference,,10152,0.425,11,11
Real reference,,10153,0.43125,4,5
Real reference,,10154,0.30625,4,5
Real reference,,10155,0.4375,6,6
Real reference,,10156,0.5,3,6
Real reference,,10157,0.31875,11,11
Real reference,,10158,0.275,9,9
Real reference,,10159,0.40625,10,10
Real reference,,10160,0.325,5,5
Real reference,,10161,0.4625,5,8
Real reference,,10162,0.325,5,5
Real reference,,10163,0.3125,9,9
Real reference,,10164,0.4875,4,5
Real reference,,10165,0.33125,5,5
Real reference,,10166,0.35625,5,7
Real reference,,10167,0.33125,8,8
Real reference,,10168,0.46875,5,5
Real reference,,10169,0.3,11,11
Real reference,,10170,0.41875,6,9
Real reference,,10171,0.45,5,6
Real reference,,10172,0.28125,9,9
Real reference,,10173,0.4125,13,13
Real reference,,10174,0.38125,4,6
Real reference,,10175,0.35625,10,10
Real reference,,10176,0.4625,5,8
Real reference,,10177,0.50625,5,5
Real reference,,10178,0.2875,7,7
Real reference,,10179,0.5,4,8
Real reference,,10180,0.375,5,5
Real reference,,10181,0.35625,6,6
Real reference,,10182,0.36875,5,8
Real reference,,10183,0.53125,3,5
Real reference,,10184,0.3375,10,10
Real reference,,10185,0.3375,5,5
Real reference,,10186,0.44375,8,8
Real reference,,10187,0.18125,7,9
Real reference,,10188,0.46875,11,11
Real reference,,10189,0.3125,6,6
Real reference,,10190,0.26875,8,8
Real reference,,10191,0.40625,5,7
Real reference,,10192,0.3625,4,5
Real reference,,10193,0.275,4,7
Real reference,,10194,0.5625,8,8
Real reference,,10195,0.41875,4,5
Real reference,,10196,0.38125,6,7
Real reference,,10197,0.43125,5,5
Real reference,,10198,0.425,5,5
Real reference,,10199,0.30625,10,10
Real reference,,10200,0.375,6,6
Real reference,,10201,0.4375,4,8
Real reference,,10202,0.275,11,11
Real reference,,10203,0.43125,9,9
Real reference,,10204,0.325,5,5
Real reference,,10205,0.41875,6,6
Real reference,,10206,0.4125,5,5
Real reference,,10207,0.5125,4,4
Real reference,,10208,0.3375,5,7
Real reference,,10209,0.43125,4,5
Real reference,,10210,0.375,4,6
Real reference,,10211,0.375,6,6
Real reference,,10212,0.41875,4,5
Real reference,,10213,0.41875,4,4
Real reference,,10214,0.2875,7,8
Real reference,,10215,0.34375,5,6
Real reference,,10216,0.33125,4,5
Real reference,,10217,0.33125,7,7
Real reference,,10218,0.35,6,8
Real reference,,10219,0.4875,5,5
Real reference,,10220,0.3,8,8
Real reference,,10221,0.50625,3,7
Real reference,,10222,0.49375,3,6
Real reference,,10223,0.33125,5,6
Real reference,,10224,0.3625,7,7
Real reference,,10225,0.31875,4,6
Real reference,,10226,0.34375,5,6
Real reference,,10227,0.34375,5,6
Real reference,,10228,0.35,10,10
Real reference,,10229,0.4,7,7
Real reference,,10230,0.3625,6,7
Real reference,,10231,0.35,7,7
Real reference,,10232,0.25,6,6
Real reference,,10233,0.36875,6,7
Real reference,,10234,0.34375,4,4
Real reference,,10235,0.34375,5,6
Real reference,,10236,0.46875,4,4
Real reference,,10237,0.45625,4,4
Real reference,,10238,0.40625,4,8
Real reference,,10239,0.31875,5,5
Real reference,,10240,0.31875,10,10
Real reference,,10241,0.31875,10,10
Real reference,,10242,0.4625,4,4
Real reference,,10243,0.43125,5,5
Real reference,,10244,0.33125,5,8
Real reference,,10245,0.3625,5,6
Real reference,,10246,0.34375,5,5
Real reference,,10247,0.26875,6,6
Real reference,,10248,0.53125,4,11
Real reference,,10249,0.475,4,7
Real reference,,10250,0.3875,5,9
Real reference,,10251,0.3625,7,7
Real reference,,10252,0.34375,7,7
Real reference,,10253,0.375,4,5
Real reference,,10254,0.375,4,4
Real reference,,10255,0.38125,4,4
Real reference,,10256,0.26875,5,5
Real reference,,10257,0.48125,5,15
Real reference,,10258,0.35625,7,7
Real reference,,10259,0.34375,14,14
Real reference,,10260,0.48125,4,5
Real reference,,10261,0.43125,4,5
Real reference,,10262,0.3,6,6
Real reference,,10263,0.34375,6,6
Real reference,,10264,0.4125,3,4
Real reference,,10265,0.39375,6,6
Real reference,,10266,0.36875,6,6
Real reference,,10267,0.3125,6,6
Real reference,,10268,0.2375,4,22
Real reference,,10269,0.4375,4,4
Real reference,,10270,0.475,4,5
Real reference,,10271,0.33125,6,6
Real reference,,10272,0.39375,5,5
Real reference,,10273,0.3375,5,7
Real reference,,10274,0.35,5,12
Real reference,,10275,0.39375,6,6
Real reference,,10276,0.34375,6,6
Real reference,,10277,0.19375,8,8
Real reference,,10278,0.33125,9,13
Real reference,,10279,0.325,5,5
Real reference,,10280,0.3125,4,5
Real reference,,10281,0.25,6,6
Real reference,,10282,0.30625,7,7
Real reference,,10283,0.2625,5,6
Real reference,,10284,0.5125,3,7
Real reference,,10285,0.45,5,5
Real reference,,10286,0.325,4,8
Real reference,,10287,0.4125,3,4
Real reference,,10288,0.50625,3,6
Real reference,,10289,0.375,9,9
Real reference,,10290,0.38125,7,7
Real reference,,10291,0.53125,5,5
Real reference,,10292,0.375,7,7
Real reference,,10293,0.46875,3,6
Real reference,,10294,0.34375,5,5
Real reference,,10295,0.44375,6,6
Real reference,,10296,0.39375,6,7
Real reference,,10297,0.31875,12,12
Real reference,,10298,0.28125,6,6
Real reference,,10299,0.3,5,8
Real reference,,10300,0.375,9,9
Real reference,,10301,0.25625,18,18
Real reference,,10302,0.45,4,8
Real reference,,10303,0.54375,5,6
Real reference,,10304,0.38125,16,16
Real reference,,10305,0.53125,5,5
Real reference,,10306,0.54375,3,6
Real reference,,10307,0.3,7,7
Real reference,,10308,0.40625,5,7
Real reference,,10309,0.4375,5,6
Real reference,,10310,0.35,7,7
Real reference,,10311,0.4125,5,8
Real reference,,10312,0.44375,4,4
Real reference,,10313,0.30625,7,7
Real reference,,10314,0.4125,4,6
Real reference,,10315,0.4625,3,4
Real reference,,10316,0.2875,4,7
Real reference,,10317,0.46875,4,8
Real reference,,10318,0.4625,6,6
Real reference,,10319,0.3,6,6
Real reference,,10320,0.325,8,8
Real reference,,10321,0.34375,6,6
Real reference,,10322,0.3125,6,6
Real reference,,10323,0.40625,5,7
Real reference,,10324,0.51875,4,6
Real reference,,10325,0.33125,6,7
Real reference,,10326,0.40625,4,5
Real reference,,10327,0.475,3,4
Real reference,,10328,0.30625,5,5
Real reference,,10329,0.45,5,5
Real reference,,10330,0.33125,5,5
Real reference,,10331,0.26875,6,6
Real reference,,10332,0.31875,5,5
Real reference,,10333,0.38125,3,4
Real reference,,10334,0.41875,6,7
Real reference,,10335,0.38125,4,6
Real reference,,10336,0.43125,5,5
Real reference,,10337,0.2625,11,11
Real reference,,10338,0.30625,4,6
Real reference,,10339,0.325,4,6
Real reference,,10340,0.35625,4,6
Real reference,,10341,0.3375,6,10
Real reference,,10342,0.4375,8,8
Real reference,,10343,0.25,5,5
Real reference,,10344,0.425,7,7
Real reference,,10345,0.48125,3,6
Real reference,,10346,0.2875,5,5
Real reference,,10347,0.44375,6,46
Real reference,,10348,0.48125,3,6
Real reference,,10349,0.3125,10,10
Real reference,,10350,0.3625,4,6
Real reference,,10351,0.36875,5,5
Real reference,,10352,0.2875,14,14
Real reference,,10353,0.4375,4,7
Real reference,,10354,0.34375,7,8
Real reference,,10355,0.31875,10,10
Real reference,,10356,0.39375,6,6
Real reference,,10357,0.44375,4,6
Real reference,,10358,0.24375,7,7
Real reference,,10359,0.4125,4,6
Real reference,,10360,0.3625,8,8
Real reference,,10361,0.26875,12,12
Real reference,,10362,0.4,5,9
Real reference,,10363,0.3,7,7
Real reference,,10364,0.1875,5,6
Real reference,,10365,0.3375,5,7
Real reference,,10366,0.39375,6,6
Real reference,,10367,0.3125,7,7
Real reference,,10368,0.36875,7,13
Real reference,,10369,0.3,7,7
Real reference,,10370,0.43125,5,7
Real reference,,10371,0.39375,5,9
Real reference,,10372,0.50625,4,5
Real reference,,10373,0.3125,10,10
Real reference,,10374,0.475,3,5
Real reference,,10375,0.39375,7,9
Real reference,,10376,0.425,5,6
Real reference,,10377,0.35625,6,15
Real reference,,10378,0.49375,4,4
Real reference,,10379,0.3875,5,7
Real reference,,10380,0.54375,6,6
Real reference,,10381,0.425,4,5
Real reference,,10382,0.3,12,12
Real reference,,10383,0.51875,3,5
Real reference,,10384,0.4375,3,7
Real reference,,10385,0.325,5,5
Real reference,,10386,0.56875,3,6
Real reference,,10387,0.4375,4,6
Real reference,,10388,0.45625,4,6
Real reference,,10389,0.43125,4,7
Real reference,,10390,0.46875,6,6
Real reference,,10391,0.2375,6,6
Real reference,,10392,0.25,14,14
Real reference,,10393,0.29375,8,8
Real reference,,10394,0.20625,6,7
Real reference,,10395,0.5,5,9
Real reference,,10396,0.375,7,7
Real reference,,10397,0.34375,6,6
Real reference,,10398,0.45,7,25
Real reference,,10399,0.54375,5,5
Real reference,,10400,0.3125,5,9
Real reference,,10401,0.30625,6,6
Real reference,,10402,0.28125,6,6
Real reference,,10403,0.30625,5,9
Real reference,,10404,0.45625,5,17
Real reference,,10405,0.38125,7,12
Real reference,,10406,0.49375,4,5
Real reference,,10407,0.475,6,6
Real reference,,10408,0.39375,5,6
Real reference,,10409,0.36875,7,7
Real reference,,10410,0.4125,4,5
Real reference,,10411,0.34375,8,8
Real reference,,10412,0.33125,5,8
Real reference,,10413,0.39375,5,5
Real reference,,10414,0.3625,6,6
Real reference,,10415,0.31875,4,6
Real reference,,10416,0.425,5,26
Real reference,,10417,0.4,6,6
Real reference,,10418,0.225,9,9
Real reference,,10419,0.4,13,13
Real reference,,10420,0.43125,4,8
Real reference,,10421,0.25,12,12
Real reference,,10422,0.4375,5,9
Real reference,,10423,0.36875,5,5
Real reference,,10424,0.26875,7,7
Real reference,,10425,0.4625,5,6
Real reference,,10426,0.4875,5,5
Real reference,,10427,0.25625,5,6
Real reference,,10428,0.425,4,4
Real reference,,10429,0.48125,4,5
Real reference,,10430,0.34375,4,5
Real reference,,10431,0.5,4,7
Real reference,,10432,0.5,4,5
Real reference,,10433,0.3,3,6
Real reference,,10434,0.325,4,5
Real reference,,10435,0.2875,11,11
Real reference,,10436,0.2875,5,7
Real reference,,10437,0.325,5,9
Real reference,,10438,0.55625,4,4
Real reference,,10439,0.3625,5,5
Real reference,,10440,0.35,6,11
Real reference,,10441,0.3125,6,9
Real reference,,10442,0.41875,6,6
Real reference,,10443,0.35625,10,10
Real reference,,10444,0.35625,5,5
Real reference,,10445,0.375,5,6
Real reference,,10446,0.475,4,5
Real reference,,10447,0.44375,6,7
Real reference,,10448,0.33125,6,6
Real reference,,10449,0.41875,8,8
Real reference,,10450,0.45625,5,6
Real reference,,10451,0.3,6,6
Real reference,,10452,0.4125,7,19
Real reference,,10453,0.4125,4,5
Real reference,,10454,0.29375,8,8
Real reference,,10455,0.34375,5,7
Real reference,,10456,0.25,11,11
Real reference,,10457,0.21875,6,7
Real reference,,10458,0.45625,5,6
Real reference,,10459,0.50625,4,5
Real reference,,10460,0.275,8,8
Real reference,,10461,0.2375,6,7
Real reference,,10462,0.1875,4,6
Real reference,,10463,0.28125,4,9
Real reference,,10464,0.45625,17,17
Real reference,,10465,0.50625,4,6
Real reference,,10466,0.3625,5,12
Real reference,,10467,0.375,5,7
Real reference,,10468,0.375,9,9
Real reference,,10469,0.33125,5,5
Real reference,,10470,0.35,6,7
Real reference,,10471,0.3625,10,10
Real reference,,10472,0.3625,5,5
Real reference,,10473,0.41875,4,7
Real reference,,10474,0.41875,6,6
Real reference,,10475,0.24375,7,7
Real reference,,10476,0.45625,4,6
Real reference,,10477,0.4875,3,6
Real reference,,10478,0.275,8,8
Real reference,,10479,0.39375,6,10
Real reference,,10480,0.48125,5,5
Real reference,,10481,0.21875,7,8
Real reference,,10482,0.3625,7,10
Real reference,,10483,0.4625,4,4
Real reference,,10484,0.34375,7,7
Real reference,,10485,0.4625,4,6
Real reference,,10486,0.4625,3,4
Real reference,,10487,0.34375,6,6
Real reference,,10488,0.35,7,7
Real reference,,10489,0.2875,8,8
Real reference,,10490,0.28125,7,7
Real reference,,10491,0.4,9,9
Real reference,,10492,0.45625,4,6
Real reference,,10493,0.41875,5,5
Real reference,,10494,0.45625,7,8
Real reference,,10495,0.44375,4,6
Real reference,,10496,0.3,10,10
Real reference,,10497,0.31875,7,7
Real reference,,10498,0.2875,9,9
Real reference,,10499,0.3625,5,5
Real reference,,10500,0.375,3,5
Real reference,,10501,0.33125,9,9
Real reference,,10502,0.36875,5,7
Real reference,,10503,0.325,6,6
Real reference,,10504,0.41875,4,4
Real reference,,10505,0.3,5,8
Real reference,,10506,0.4,5,7
Real reference,,10507,0.3375,4,5
Real reference,,10508,0.26875,6,6
Real reference,,10509,0.39375,5,11
Real reference,,10510,0.35625,5,5
Real reference,,10511,0.34375,6,6
Real reference,,10512,0.34375,10,10
Real reference,,10513,0.3625,5,5
Real reference,,10514,0.30625,6,6
Real reference,,10515,0.2875,7,7
Real reference,,10516,0.54375,5,5
Real reference,,10517,0.325,4,5
Real reference,,10518,0.36875,6,8
Real reference,,10519,0.41875,4,4
Real reference,,10520,0.2375,6,7
Real reference,,10521,0.43125,4,5
Real reference,,10522,0.30625,6,6
Real reference,,10523,0.2875,9,10
Real reference,,10524,0.30625,7,7
Real reference,,10525,0.23125,5,10
Real reference,,10526,0.24375,5,6
Real reference,,10527,0.48125,4,7
Real reference,,10528,0.4125,9,9
Real reference,,10529,0.33125,5,6
Real reference,,10530,0.45625,5,5
Real reference,,10531,0.41875,4,5
Real reference,,10532,0.33125,10,10
Real reference,,10533,0.375,10,10
Real reference,,10534,0.3625,5,5
Real reference,,10535,0.3625,5,6
Real reference,,10536,0.4875,3,7
Real reference,,10537,0.5125,3,5
Real reference,,10538,0.3875,9,9
Real reference,,10539,0.39375,6,6
Real reference,,10540,0.3375,9,9
Real reference,,10541,0.275,6,6
Real reference,,10542,0.41875,6,6
Real reference,,10543,0.31875,4,4
Real reference,,10544,0.39375,11,11
Real reference,,10545,0.33125,5,5
Real reference,,10546,0.30625,6,6
Real reference,,10547,0.35625,4,5
Real reference,,10548,0.34375,5,8
Real reference,,10549,0.35,6,6
Real reference,,10550,0.35625,5,5
Real reference,,10551,0.39375,11,11
Real reference,,10552,0.325,5,5
Real reference,,10553,0.39375,5,5
Real reference,,10554,0.4125,9,9
Real reference,,10555,0.38125,5,6
Real reference,,10556,0.35625,4,4
Real reference,,10557,0.43125,4,7
Real reference,,10558,0.3625,4,7
Real reference,,10559,0.4625,4,4
Real reference,,10560,0.50625,4,4
Real reference,,10561,0.50625,3,4
Real reference,,10562,0.36875,4,4
Real reference,,10563,0.425,8,8
Real reference,,10564,0.3375,4,9
Real reference,,10565,0.3875,6,6
Real reference,,10566,0.45625,5,5
Real reference,,10567,0.375,6,6
Real reference,,10568,0.3625,3,5
Real reference,,10569,0.525,4,7
Real reference,,10570,0.4875,6,6
Real reference,,10571,0.4375,4,4
Real reference,,10572,0.5,5,6
Real reference,,10573,0.5375,3,6
Real reference,,10574,0.26875,5,5
Real reference,,10575,0.35625,7,7
Real reference,,10576,0.4875,5,5
Real reference,,10577,0.26875,9,9
Real reference,,10578,0.36875,5,10
Real reference,,10579,0.28125,4,4
Real reference,,10580,0.3625,5,6
Real reference,,10581,0.38125,4,5
Real reference,,10582,0.41875,4,6
Real reference,,10583,0.26875,6,6
Real reference,,10584,0.33125,6,12
Real reference,,10585,0.4875,3,6
Real reference,,10586,0.225,8,8
Real reference,,10587,0.44375,5,5
Real reference,,10588,0.44375,3,7
Real reference,,10589,0.4125,4,4
Real reference,,10590,0.34375,4,6
Real reference,,10591,0.35625,4,5
Real reference,,10592,0.28125,5,21
Real reference,,10593,0.525,5,5
Real reference,,10594,0.575,4,4
Real reference,,10595,0.3625,7,7
Real reference,,10596,0.45,8,8
Real reference,,10597,0.475,3,7
Real reference,,10598,0.3875,8,8
Real reference,,10599,0.4625,3,6
Real reference,,10600,0.4625,4,4
Real reference,,10601,0.36875,5,6
Real reference,,10602,0.50625,4,5
Real reference,,10603,0.54375,4,4
Real reference,,10604,0.29375,10,10
Real reference,,10605,0.33125,8,8
Real reference,,10606,0.30625,5,12
Real reference,,10607,0.28125,9,9
Real reference,,10608,0.40625,5,15
Real reference,,10609,0.3875,5,5
Real reference,,10610,0.3125,10,10
Real reference,,10611,0.3125,7,7
Real reference,,10612,0.35625,4,6
Real reference,,10613,0.35625,5,6
Real reference,,10614,0.4875,3,4
Real reference,,10615,0.53125,3,7
Real reference,,10616,0.45625,4,7
Real reference,,10617,0.43125,4,5
Real reference,,10618,0.44375,5,5
Real reference,,10619,0.30625,5,5
Real reference,,10620,0.39375,6,6
Real reference,,10621,0.46875,4,5
Real reference,,10622,0.33125,6,6
Real reference,,10623,0.33125,5,8
Real reference,,10624,0.2875,6,6
Real reference,,10625,0.35625,5,6
Real reference,,10626,0.34375,5,7
Real reference,,10627,0.39375,5,6
Real reference,,10628,0.3,9,9
Real reference,,10629,0.39375,8,8
Real reference,,10630,0.43125,5,7
Real reference,,10631,0.35625,5,11
Real reference,,10632,0.4125,6,6
Real reference,,10633,0.41875,9,9
Real reference,,10634,0.34375,6,6
Real reference,,10635,0.4,4,5
Real reference,,10636,0.38125,4,5
Real reference,,10637,0.35,4,4
Real reference,,10638,0.38125,5,7
Real reference,,10639,0.33125,5,8
Real reference,,10640,0.30625,6,7
Real reference,,10641,0.43125,4,7
Real reference,,10642,0.50625,4,5
Real reference,,10643,0.34375,6,6
Real reference,,10644,0.38125,4,6
Real reference,,10645,0.375,4,9
Real reference,,10646,0.275,9,9
Real reference,,10647,0.54375,5,5
Real reference,,10648,0.35625,5,7
Real reference,,10649,0.40625,4,6
Real reference,,10650,0.3625,5,5
Real reference,,10651,0.5125,4,4
Real reference,,10652,0.29375,4,6
Real reference,,10653,0.3875,4,5
Real reference,,10654,0.3875,6,6
Real reference,,10655,0.45,5,6
Real reference,,10656,0.46875,5,10
Real reference,,10657,0.48125,4,4
Real reference,,10658,0.54375,5,6
Real reference,,10659,0.3875,3,4
Real reference,,10660,0.4625,3,6
Real reference,,10661,0.33125,8,8
Real reference,,10662,0.39375,4,8
Real reference,,10663,0.575,3,4
Real reference,,10664,0.3125,8,8
Real reference,,10665,0.50625,4,9
Real reference,,10666,0.625,4,5
Real reference,,10667,0.43125,4,4
Real reference,,10668,0.36875,5,6
Real reference,,10669,0.38125,4,5
Real reference,,10670,0.33125,6,6
Real reference,,10671,0.4625,6,7
Real reference,,10672,0.4375,5,10
Real reference,,10673,0.28125,7,7
Real reference,,10674,0.25625,11,11
Real reference,,10675,0.43125,8,8
Real reference,,10676,0.3375,5,6
Real reference,,10677,0.41875,5,5
Real reference,,10678,0.45625,5,7
Real reference,,10679,0.3125,8,8
Real reference,,10680,0.26875,6,7
Real reference,,10681,0.38125,7,7
Real reference,,10682,0.34375,6,8
Real reference,,10683,0.45,5,5
Real reference,,10684,0.49375,3,4
Real reference,,10685,0.325,6,6
Real reference,,10686,0.3625,7,7
Real reference,,10687,0.39375,5,5
Real reference,,10688,0.36875,5,8
Real reference,,10689,0.475,6,7
Real reference,,10690,0.4625,4,6
Real reference,,10691,0.34375,6,6
Real reference,,10692,0.45,3,6
Real reference,,10693,0.3875,4,5
Real reference,,10694,0.275,5,5
Real reference,,10695,0.25,10,10
Real reference,,10696,0.35625,8,11
Real reference,,10697,0.2625,7,7
Real reference,,10698,0.4,7,7
Real reference,,10699,0.48125,4,5
Real reference,,10700,0.23125,10,10
Real reference,,10701,0.33125,8,8
Real reference,,10702,0.4,5,8
Real reference,,10703,0.29375,7,7
Real reference,,10704,0.28125,6,6
Real reference,,10705,0.3,13,13
Real reference,,10706,0.31875,6,6
Real reference,,10707,0.4125,4,5
Real reference,,10708,0.3625,5,7
Real reference,,10709,0.25,7,7
Real reference,,10710,0.3875,5,6
Real reference,,10711,0.44375,5,7
Real reference,,10712,0.35,7,7
Real reference,,10713,0.40625,4,8
Real reference,,10714,0.39375,6,6
Real reference,,10715,0.4625,3,7
Real reference,,10716,0.51875,4,7
Real reference,,10717,0.5125,4,5
Real reference,,10718,0.2625,4,5
Real reference,,10719,0.4625,4,4
Real reference,,10720,0.36875,6,6
Real reference,,10721,0.38125,6,6
Real reference,,10722,0.425,8,8
Real reference,,10723,0.35,4,8
Real reference,,10724,0.35,5,5
Real reference,,10725,0.34375,5,5
Real reference,,10726,0.33125,9,9
Real reference,,10727,0.45625,5,6
Real reference,,10728,0.3625,5,7
Real reference,,10729,0.38125,6,6
Real reference,,10730,0.3375,7,7
Real reference,,10731,0.46875,6,7
Real reference,,10732,0.51875,3,7
Real reference,,10733,0.375,5,5
Real reference,,10734,0.44375,5,7
Real reference,,10735,0.3375,14,14
Real reference,,10736,0.35,5,5
Real reference,,10737,0.34375,6,6
Real reference,,10738,0.3125,6,6
Real reference,,10739,0.325,5,9
Real reference,,10740,0.2875,4,8
Real reference,,10741,0.39375,5,8
Real reference,,10742,0.36875,4,5
Real reference,,10743,0.49375,4,5
Real reference,,10744,0.53125,3,4
Real reference,,10745,0.2,10,10
Real reference,,10746,0.39375,4,9
Real reference,,10747,0.3875,5,6
Real reference,,10748,0.20625,7,7
Real reference,,10749,0.38125,5,5
Real reference,,10750,0.45625,4,5
Real reference,,10751,0.31875,5,5
Real reference,,10752,0.3375,4,5
Real reference,,10753,0.30625,5,5
Real reference,,10754,0.25625,9,9
Real reference,,10755,0.36875,7,7
Real reference,,10756,0.425,6,6
Real reference,,10757,0.31875,10,10
Real reference,,10758,0.33125,5,5
Real reference,,10759,0.3,5,5
Real reference,,10760,0.3625,5,5
Real reference,,10761,0.3625,5,7
Real reference,,10762,0.34375,7,7
Real reference,,10763,0.31875,4,5
Real reference,,10764,0.475,4,4
Real reference,,10765,0.475,4,4
Real reference,,10766,0.34375,6,6
Real reference,,10767,0.35,5,6
Real reference,,10768,0.35,8,8
Real reference,,10769,0.2625,4,5
Real reference,,10770,0.375,4,6
Real reference,,10771,0.4125,3,4
Real reference,,10772,0.41875,4,5
Real reference,,10773,0.48125,4,8
Real reference,,10774,0.45625,4,6
Real reference,,10775,0.275,6,6
Real reference,,10776,0.45625,5,5
Real reference,,10777,0.48125,4,4
Real reference,,10778,0.33125,16,16
Real reference,,10779,0.40625,5,5
Real reference,,10780,0.33125,5,7
Real reference,,10781,0.43125,6,6
Real reference,,10782,0.3875,5,8
Real reference,,10783,0.3875,5,8
Real reference,,10784,0.4125,6,6
Real reference,,10785,0.40625,5,5
Real reference,,10786,0.29375,18,18
Real reference,,10787,0.26875,5,6
Real reference,,10788,0.54375,4,5
Real reference,,10789,0.40625,4,6
Real reference,,10790,0.2875,9,9
Real reference,,10791,0.5,3,14
Real reference,,10792,0.5,4,5
Real reference,,10793,0.325,6,6
Real reference,,10794,0.45625,4,9
Real reference,,10795,0.3625,5,5
Real reference,,10796,0.325,4,7
Real reference,,10797,0.49375,4,8
Real reference,,10798,0.4375,3,5
Real reference,,10799,0.425,5,7
Real reference,,10800,0.375,5,9
Real reference,,10801,0.325,5,7
Real reference,,10802,0.35,8,8
Real reference,,10803,0.35625,5,5
Real reference,,10804,0.35,5,7
Real reference,,10805,0.2,8,8
Real reference,,10806,0.425,6,7
Real reference,,10807,0.45,3,5
Real reference,,10808,0.36875,5,5
Real reference,,10809,0.43125,4,6
Real reference,,10810,0.475,3,5
Real reference,,10811,0.24375,6,11
Real reference,,10812,0.5,3,7
Real reference,,10813,0.4875,3,7
Real reference,,10814,0.26875,6,6
Real reference,,10815,0.5,4,8
Real reference,,10816,0.48125,4,6
Real reference,,10817,0.24375,6,6
Real reference,,10818,0.40625,4,11
Real reference,,10819,0.35,7,7
Real reference,,10820,0.28125,8,8
Real reference,,10821,0.49375,4,5
Real reference,,10822,0.4875,5,6
Real reference,,10823,0.30625,7,7
Real reference,,10824,0.275,9,9
Real reference,,10825,0.43125,6,6
Real reference,,10826,0.3875,6,6
Real reference,,10827,0.40625,4,4
Real reference,,10828,0.3375,4,6
Real reference,,10829,0.28125,7,7
Real reference,,10830,0.4125,4,10
Real reference,,10831,0.4375,4,4
Real reference,,10832,0.45,5,5
Real reference,,10833,0.54375,4,7
Real reference,,10834,0.60625,5,5
Real reference,,10835,0.46875,4,5
Real reference,,10836,0.3625,5,5
Real reference,,10837,0.375,7,7
Real reference,,10838,0.2875,7,7
Real reference,,10839,0.4625,5,10
Real reference,,10840,0.45625,4,7
Real reference,,10841,0.31875,7,7
Real reference,,10842,0.3625,7,7
Real reference,,10843,0.36875,6,6
Real reference,,10844,0.36875,12,12
Real reference,,10845,0.35,6,12
Real reference,,10846,0.50625,4,9
Real reference,,10847,0.21875,14,14
Real reference,,10848,0.48125,4,5
Real reference,,10849,0.325,6,6
Real reference,,10850,0.3875,5,7
Real reference,,10851,0.35625,10,10
Real reference,,10852,0.34375,11,11
Real reference,,10853,0.31875,5,6
Real reference,,10854,0.4125,4,6
Real reference,,10855,0.44375,4,8
Real reference,,10856,0.2375,7,9
Real reference,,10857,0.40625,11,11
Real reference,,10858,0.49375,3,6
Real reference,,10859,0.2625,6,7
Real reference,,10860,0.3125,5,7
Real reference,,10861,0.35,5,8
Real reference,,10862,0.25,5,5
Real reference,,10863,0.375,6,16
Real reference,,10864,0.58125,5,5
Real reference,,10865,0.25,6,6
Real reference,,10866,0.46875,4,10
Real reference,,10867,0.38125,4,4
Real reference,,10868,0.3375,5,6
Real reference,,10869,0.475,5,7
Real reference,,10870,0.4,8,8
Real reference,,10871,0.44375,4,7
Real reference,,10872,0.49375,5,6
Real reference,,10873,0.5125,3,5
Real reference,,10874,0.2,16,16
Real reference,,10875,0.49375,7,7
Real reference,,10876,0.51875,3,5
Real reference,,10877,0.325,5,5
Real reference,,10878,0.45,6,6
Real reference,,10879,0.35,7,7
Real reference,,10880,0.25,9,9
Real reference,,10881,0.25,10,10
Real reference,,10882,0.36875,6,6
Real reference,,10883,0.3625,4,8
Real reference,,10884,0.425,5,5
Real reference,,10885,0.49375,4,4
Real reference,,10886,0.4,8,8
Real reference,,10887,0.5125,5,8
Real reference,,10888,0.30625,6,6
Real reference,,10889,0.2375,7,13
Real reference,,10890,0.3875,4,5
Real reference,,10891,0.3875,3,5
Real reference,,10892,0.36875,6,6
Real reference,,10893,0.125,10,10
Real reference,,10894,0.2375,9,9
Real reference,,10895,0.325,8,8
Real reference,,10896,0.46875,4,11
Real reference,,10897,0.43125,7,7
Real reference,,10898,0.36875,5,6
Real reference,,10899,0.39375,4,6
Real reference,,10900,0.41875,6,6
Real reference,,10901,0.325,5,6
Real reference,,10902,0.34375,5,6
Real reference,,10903,0.3625,5,6
Real reference,,10904,0.39375,8,8
Real reference,,10905,0.3375,5,8
Real reference,,10906,0.38125,4,4
Real reference,,10907,0.41875,7,7
Real reference,,10908,0.44375,5,5
Real reference,,10909,0.4,4,6
Real reference,,10910,0.45,5,5
Real reference,,10911,0.44375,4,8
Real reference,,10912,0.38125,5,5
Real reference,,10913,0.3125,10,10
Real reference,,10914,0.41875,4,7
Real reference,,10915,0.38125,4,5
Real reference,,10916,0.29375,4,8
Real reference,,10917,0.5,3,5
Real reference,,10918,0.45625,5,6
Real reference,,10919,0.40625,3,5
Real reference,,10920,0.36875,13,13
Real reference,,10921,0.31875,14,14
Real reference,,10922,0.31875,5,5
Real reference,,10923,0.425,7,7
Real reference,,10924,0.4375,3,6
Real reference,,10925,0.275,5,6
Real reference,,10926,0.375,6,6
Real reference,,10927,0.4125,4,5
Real reference,,10928,0.275,7,7
Real reference,,10929,0.41875,4,7
Real reference,,10930,0.34375,5,7
Real reference,,10931,0.3,4,6
Real reference,,10932,0.5375,4,6
Real reference,,10933,0.2,10,10
Real reference,,10934,0.5,4,6
Real reference,,10935,0.33125,7,13
Real reference,,10936,0.43125,6,6
Real reference,,10937,0.375,4,5
Real reference,,10938,0.4125,4,5
Real reference,,10939,0.51875,5,5
Real reference,,10940,0.4875,3,7
Real reference,,10941,0.40625,6,26
Real reference,,10942,0.4375,3,7
Real reference,,10943,0.33125,4,4
Real reference,,10944,0.475,4,12
Real reference,,10945,0.425,3,5
Real reference,,10946,0.36875,4,4
Real reference,,10947,0.4,4,7
Real reference,,10948,0.3875,4,7
Real reference,,10949,0.2875,9,9
Real reference,,10950,0.3875,5,6
Real reference,,10951,0.38125,6,6
Real reference,,10952,0.25625,8,8
Real reference,,10953,0.35625,6,6
Real reference,,10954,0.3,7,7
Real reference,,10955,0.21875,9,9
Real reference,,10956,0.51875,4,4
Real reference,,10957,0.45625,4,5
Real reference,,10958,0.35,11,11
Real reference,,10959,0.4125,6,7
Real reference,,10960,0.4875,4,6
Real reference,,10961,0.2875,9,9
Real reference,,10962,0.41875,6,6
Real reference,,10963,0.51875,5,6
Real reference,,10964,0.35625,6,6
Real reference,,10965,0.38125,8,8
Real reference,,10966,0.50625,4,6
Real reference,,10967,0.45,4,5
Real reference,,10968,0.3625,7,7
Real reference,,10969,0.3875,5,5
Real reference,,10970,0.34375,8,8
Real reference,,10971,0.36875,7,7
Real reference,,10972,0.425,4,4
Real reference,,10973,0.35625,5,5
Real reference,,10974,0.4,5,8
Real reference,,10975,0.30625,5,7
Real reference,,10976,0.3125,5,5
Real reference,,10977,0.4375,4,4
Real reference,,10978,0.675,5,5
Real reference,,10979,0.41875,9,25
Real reference,,10980,0.5625,3,5
Real reference,,10981,0.3375,4,5
Real reference,,10982,0.38125,5,5
Real reference,,10983,0.45,5,5
Real reference,,10984,0.31875,5,5
Real reference,,10985,0.225,10,10
Real reference,,10986,0.40625,8,8
Real reference,,10987,0.38125,5,5
Real reference,,10988,0.2875,7,7
Real reference,,10989,0.3875,6,9
Real reference,,10990,0.35625,6,6
Real reference,,10991,0.3875,5,5
Real reference,,10992,0.36875,7,7
Real reference,,10993,0.45,4,5
Real reference,,10994,0.36875,5,5
Real reference,,10995,0.36875,4,7
Real reference,,10996,0.3625,5,5
Real reference,,10997,0.34375,6,6
Real reference,,10998,0.36875,5,6
Real reference,,10999,0.3625,10,10
Real reference,,11000,0.38125,5,6
Real reference,,11001,0.4125,4,7
Real reference,,11002,0.49375,4,8
Real reference,,11003,0.41875,5,8
Real reference,,11004,0.40625,4,5
Real reference,,11005,0.325,6,6
Real reference,,11006,0.30625,7,7
Real reference,,11007,0.39375,7,12
Real reference,,11008,0.2875,8,8
Real reference,,11009,0.45625,3,6
Real reference,,11010,0.40625,5,7
Real reference,,11011,0.475,5,5
Real reference,,11012,0.28125,4,6
Real reference,,11013,0.3875,5,5
Real reference,,11014,0.38125,6,6
Real reference,,11015,0.3,6,6
Real reference,,11016,0.425,4,5
Real reference,,11017,0.3125,5,5
Real reference,,11018,0.3625,6,6
Real reference,,11019,0.375,15,15
Real reference,,11020,0.45625,5,5
Real reference,,11021,0.35625,5,6
Real reference,,11022,0.35625,6,6
Real reference,,11023,0.5125,3,4
Real reference,,11024,0.2875,5,9
Real reference,,11025,0.3125,6,6
Real reference,,11026,0.33125,8,8
Real reference,,11027,0.30625,4,6
Real reference,,11028,0.3375,5,7
Real reference,,11029,0.31875,4,4
Real reference,,11030,0.29375,6,7
Real reference,,11031,0.3875,6,6
Real reference,,11032,0.3125,6,6
Real reference,,11033,0.1875,8,8
Real reference,,11034,0.425,5,6
Real reference,,11035,0.38125,9,9
Real reference,,11036,0.28125,6,6
Real reference,,11037,0.2625,4,7
Real reference,,11038,0.3,5,5
Real reference,,11039,0.39375,4,7
Real reference,,11040,0.4125,4,6
Real reference,,11041,0.45625,4,5
Real reference,,11042,0.39375,6,6
Real reference,,11043,0.4625,4,5
Real reference,,11044,0.5625,3,5
Real reference,,11045,0.2875,4,5
Real reference,,11046,0.375,4,6
Real reference,,11047,0.46875,3,5
Real reference,,11048,0.30625,6,7
Real reference,,11049,0.38125,11,11
Real reference,,11050,0.525,3,6
Real reference,,11051,0.35625,4,7
Real reference,,11052,0.53125,3,5
Real reference,,11053,0.49375,4,6
Real reference,,11054,0.33125,5,5
Real reference,,11055,0.325,5,5
Real reference,,11056,0.33125,11,11
Real reference,,11057,0.3875,8,8
Real reference,,11058,0.3875,5,5
Real reference,,11059,0.41875,4,6
Real reference,,11060,0.425,5,13
Real reference,,11061,0.46875,5,5
Real reference,,11062,0.55625,3,5
Real reference,,11063,0.3,6,7
Real reference,,11064,0.2875,13,13
Real reference,,11065,0.46875,4,21
Real reference,,11066,0.35625,4,5
Real reference,,11067,0.3625,8,8
Real reference,,11068,0.4625,5,5
Real reference,,11069,0.29375,6,6
Real reference,,11070,0.45,3,7
Real reference,,11071,0.49375,5,7
Real reference,,11072,0.30625,4,5
Real reference,,11073,0.43125,7,7
Real reference,,11074,0.4875,5,6
Real reference,,11075,0.3,4,8
Real reference,,11076,0.525,3,5
Real reference,,11077,0.49375,4,5
Real reference,,11078,0.4625,6,6
Real reference,,11079,0.3875,4,9
Real reference,,11080,0.375,5,5
Real reference,,11081,0.35625,4,5
Real reference,,11082,0.4625,4,11
Real reference,,11083,0.2875,5,5
Real reference,,11084,0.2875,5,6
Real reference,,11085,0.3,5,7
Real reference,,11086,0.34375,4,5
Real reference,,11087,0.35625,10,10
Real reference,,11088,0.40625,4,4
Real reference,,11089,0.51875,3,5
Real reference,,11090,0.35,5,5
Real reference,,11091,0.4375,5,11
Real reference,,11092,0.4,5,12
Real reference,,11093,0.25625,6,11
Real reference,,11094,0.45625,5,5
Real reference,,11095,0.53125,4,6
Real reference,,11096,0.39375,4,6
Real reference,,11097,0.44375,8,8
Real reference,,11098,0.53125,3,7
Real reference,,11099,0.34375,5,6
Real reference,,11100,0.44375,3,7
Real reference,,11101,0.31875,5,6
Real reference,,11102,0.23125,11,11
Real reference,,11103,0.43125,6,7
Real reference,,11104,0.35,5,5
Real reference,,11105,0.425,4,8
Real reference,,11106,0.39375,9,19
Real reference,,11107,0.34375,9,9
Real reference,,11108,0.375,4,5
Real reference,,11109,0.44375,3,4
Real reference,,11110,0.5125,4,5
Real reference,,11111,0.3,6,6
Real reference,,11112,0.425,5,5
Real reference,,11113,0.46875,3,6
Real reference,,11114,0.31875,6,6
Real reference,,11115,0.34375,5,5
Real reference,,11116,0.3125,7,7
Real reference,,11117,0.225,5,8
Real reference,,11118,0.325,6,6
Real reference,,11119,0.35,9,10
Real reference,,11120,0.26875,6,6
Real reference,,11121,0.50625,4,5
Real reference,,11122,0.43125,5,5
Real reference,,11123,0.3875,6,6
Real reference,,11124,0.34375,5,8
Real reference,,11125,0.3125,6,6
Real reference,,11126,0.35,6,6
Real reference,,11127,0.3,6,7
Real reference,,11128,0.4625,3,5
Real reference,,11129,0.31875,13,13
Real reference,,11130,0.4,4,5
Real reference,,11131,0.35,7,7
Real reference,,11132,0.35,6,6
Real reference,,11133,0.45625,6,6
Real reference,,11134,0.55625,2,7
Real reference,,11135,0.34375,8,8
Real reference,,11136,0.34375,5,10
Real reference,,11137,0.3125,10,10
Real reference,,11138,0.525,3,5
Real reference,,11139,0.4875,4,4
Real reference,,11140,0.49375,3,5
Real reference,,11141,0.2875,7,7
Real reference,,11142,0.3125,8,11
Real reference,,11143,0.50625,5,5
Real reference,,11144,0.3125,6,6
Real reference,,11145,0.40625,10,13
Real reference,,11146,0.4875,4,8
Real reference,,11147,0.35625,5,6
Real reference,,11148,0.49375,4,4
Real reference,,11149,0.55625,3,5
Real reference,,11150,0.2375,6,7
Real reference,,11151,0.4875,4,6
Real reference,,11152,0.35625,4,5
Real reference,,11153,0.40625,15,15
Real reference,,11154,0.5875,4,4
Real reference,,11155,0.40625,4,5
Real reference,,11156,0.3,9,9
Real reference,,11157,0.55,5,5
Real reference,,11158,0.40625,4,6
Real reference,,11159,0.3875,5,5
Real reference,,11160,0.4,6,6
Real reference,,11161,0.34375,4,5
Real reference,,11162,0.3125,6,7
Real reference,,11163,0.44375,6,6
Real reference,,11164,0.31875,5,5
Real reference,,11165,0.38125,7,7
Real reference,,11166,0.43125,4,6
Real reference,,11167,0.525,5,5
Real reference,,11168,0.4,6,12
Real reference,,11169,0.39375,3,8
Real reference,,11170,0.31875,5,7
Real reference,,11171,0.24375,8,12
Real reference,,11172,0.4125,5,7
Real reference,,11173,0.51875,3,5
Real reference,,11174,0.29375,7,8
Real reference,,11175,0.44375,5,5
Real reference,,11176,0.45625,5,6
Real reference,,11177,0.39375,4,6
Real reference,,11178,0.425,3,6
Real reference,,11179,0.40625,4,5
Real reference,,11180,0.275,5,5
Real reference,,11181,0.40625,9,9
Real reference,,11182,0.4125,4,7
Real reference,,11183,0.2375,6,6
Real reference,,11184,0.4375,5,7
Real reference,,11185,0.36875,6,6
Real reference,,11186,0.33125,6,6
Real reference,,11187,0.39375,6,7
Real reference,,11188,0.31875,6,7
Real reference,,11189,0.41875,5,5
Real reference,,11190,0.3625,7,7
Real reference,,11191,0.3625,7,8
Real reference,,11192,0.4,4,7
Real reference,,11193,0.38125,5,7
Real reference,,11194,0.35,4,8
Real reference,,11195,0.3875,9,9
Real reference,,11196,0.38125,5,7
Real reference,,11197,0.40625,3,7
Real reference,,11198,0.2125,8,8
Real reference,,11199,0.31875,6,11
Real reference,,11200,0.3375,5,7
Real reference,,11201,0.40625,5,6
Real reference,,11202,0.45625,4,5
Real reference,,11203,0.5125,4,6
Real reference,,11204,0.425,6,8
Real reference,,11205,0.3625,5,5
Real reference,,11206,0.3125,8,8
Real reference,,11207,0.425,4,5
Real reference,,11208,0.475,5,5
Real reference,,11209,0.5125,4,5
Real reference,,11210,0.41875,5,6
Real reference,,11211,0.4125,5,5
Real reference,,11212,0.3875,4,4
Real reference,,11213,0.25625,5,5
Real reference,,11214,0.3625,4,6
Real reference,,11215,0.30625,7,7
Real reference,,11216,0.35,4,6
Real reference,,11217,0.45,5,6
Real reference,,11218,0.36875,4,9
Real reference,,11219,0.25,5,6
Real reference,,11220,0.31875,5,5
Real reference,,11221,0.56875,4,6
Real reference,,11222,0.34375,6,7
Real reference,,11223,0.5,5,5
Real reference,,11224,0.36875,4,5
Real reference,,11225,0.475,3,5
Real reference,,11226,0.375,6,9
Real reference,,11227,0.3125,6,6
Real reference,,11228,0.275,7,7
Real reference,,11229,0.425,3,6
Real reference,,11230,0.45,4,4
Real reference,,11231,0.3375,9,9
Real reference,,11232,0.3875,5,11
Real reference,,11233,0.36875,4,5
Real reference,,11234,0.25625,10,10
Real reference,,11235,0.41875,5,5
Real reference,,11236,0.3125,6,6
Real reference,,11237,0.48125,12,12
Real reference,,11238,0.425,5,19
Real reference,,11239,0.5,4,5
Real reference,,11240,0.3375,9,9
Real reference,,11241,0.45,3,4
Real reference,,11242,0.41875,4,5
Real reference,,11243,0.3375,5,9
Real reference,,11244,0.3375,5,8
Real reference,,11245,0.40625,4,5
Real reference,,11246,0.3875,5,5
Real reference,,11247,0.425,4,9
Real reference,,11248,0.3375,5,5
Real reference,,11249,0.40625,5,6
Real reference,,11250,0.34375,4,5
Real reference,,11251,0.4,4,6
Real reference,,11252,0.29375,5,7
Real reference,,11253,0.36875,9,11
Real reference,,11254,0.28125,10,10
Real reference,,11255,0.3125,5,6
Real reference,,11256,0.3625,4,20
Real reference,,11257,0.45,3,5
Real reference,,11258,0.425,5,8
Real reference,,11259,0.46875,7,8
Real reference,,11260,0.45625,5,6
Real reference,,11261,0.3625,5,5
Real reference,,11262,0.3875,5,6
Real reference,,11263,0.33125,5,7
Real reference,,11264,0.40625,4,5
Real reference,,11265,0.44375,3,5
Real reference,,11266,0.5125,3,6
Real reference,,11267,0.34375,8,8
Real reference,,11268,0.475,8,8
Real reference,,11269,0.3125,5,5
Real reference,,11270,0.28125,4,4
Real reference,,11271,0.44375,7,18
Real reference,,11272,0.54375,3,5
Real reference,,11273,0.25,5,5
Real reference,,11274,0.4,6,11
Real reference,,11275,0.425,3,7
Real reference,,11276,0.29375,5,7
Real reference,,11277,0.33125,8,8
Real reference,,11278,0.45625,3,5
Real reference,,11279,0.35,5,5
Real reference,,11280,0.51875,4,4
Real reference,,11281,0.53125,4,5
Real reference,,11282,0.31875,5,5
Real reference,,11283,0.45625,5,6
Real reference,,11284,0.51875,4,7
Real reference,,11285,0.35,4,5
Real reference,,11286,0.5,5,6
Real reference,,11287,0.50625,3,5
Real reference,,11288,0.38125,6,6
Real reference,,11289,0.39375,5,7
Real reference,,11290,0.55625,3,7
Real reference,,11291,0.36875,9,9
Real reference,,11292,0.54375,4,5
Real reference,,11293,0.45,4,6
Real reference,,11294,0.31875,7,7
Real reference,,11295,0.29375,9,9
Real reference,,11296,0.34375,4,9
Real reference,,11297,0.21875,6,6
Real reference,,11298,0.44375,5,25
Real reference,,11299,0.5875,5,5
Real reference,,11300,0.30625,7,7
Real reference,,11301,0.3625,5,7
Real reference,,11302,0.2625,5,8
Real reference,,11303,0.43125,5,5
Real reference,,11304,0.41875,5,5
Real reference,,11305,0.43125,6,6
Real reference,,11306,0.35,5,5
Real reference,,11307,0.41875,5,5
Real reference,,11308,0.45,4,6
Real reference,,11309,0.4625,4,7
Real reference,,11310,0.5375,3,7
Real reference,,11311,0.55625,3,7
Real reference,,11312,0.28125,7,7
Real reference,,11313,0.44375,5,5
Real reference,,11314,0.50625,4,5
Real reference,,11315,0.375,10,10
Real reference,,11316,0.5,7,9
Real reference,,11317,0.425,3,5
Real reference,,11318,0.35,7,7
Real reference,,11319,0.2875,16,16
Real reference,,11320,0.34375,7,7
Real reference,,11321,0.4625,4,5
Real reference,,11322,0.425,6,6
Real reference,,11323,0.4875,4,6
Real reference,,11324,0.25625,4,7
Real reference,,11325,0.30625,7,7
Real reference,,11326,0.325,7,7
Real reference,,11327,0.30625,6,6
Real reference,,11328,0.325,6,6
Real reference,,11329,0.375,5,5
Real reference,,11330,0.38125,5,6
Real reference,,11331,0.45,3,6
Real reference,,11332,0.46875,5,5
Real reference,,11333,0.31875,4,5
Real reference,,11334,0.3375,4,5
Real reference,,11335,0.44375,4,5
Real reference,,11336,0.30625,5,5
Real reference,,11337,0.475,4,7
Real reference,,11338,0.4625,5,6
Real reference,,11339,0.325,6,6
Real reference,,11340,0.36875,4,27
Real reference,,11341,0.35,10,10
Real reference,,11342,0.4,5,5
Real reference,,11343,0.35625,5,5
Real reference,,11344,0.30625,5,5
Real reference,,11345,0.425,4,7
Real reference,,11346,0.53125,4,5
Real reference,,11347,0.225,6,6
Real reference,,11348,0.38125,8,10
Real reference,,11349,0.35,10,10
Real reference,,11350,0.375,4,6
Real reference,,11351,0.43125,4,12
Real reference,,11352,0.44375,6,8
Real reference,,11353,0.41875,7,7
Real reference,,11354,0.4875,5,7
Real reference,,11355,0.5375,4,4
Real reference,,11356,0.35,6,6
Real reference,,11357,0.36875,5,6
Real reference,,11358,0.36875,5,6
Real reference,,11359,0.4375,5,12
Real reference,,11360,0.49375,6,6
Real reference,,11361,0.3125,6,6
Real reference,,11362,0.3,8,8
Real reference,,11363,0.39375,3,7
Real reference,,11364,0.50625,5,5
Real reference,,11365,0.4,7,7
Real reference,,11366,0.5,5,5
Real reference,,11367,0.4125,5,5
Real reference,,11368,0.275,19,19
Real reference,,11369,0.5125,5,5
Real reference,,11370,0.36875,5,5
Real reference,,11371,0.2875,4,5
Real reference,,11372,0.35,9,9
Real reference,,11373,0.3375,4,5
Real reference,,11374,0.34375,4,8
Real reference,,11375,0.48125,4,5
Real reference,,11376,0.51875,4,5
Real reference,,11377,0.20625,10,10
Real reference,,11378,0.46875,5,11
Real reference,,11379,0.4,5,6
Real reference,,11380,0.3875,5,5
Real reference,,11381,0.525,4,4
Real reference,,11382,0.5,3,4
Real reference,,11383,0.31875,4,9
Real reference,,11384,0.3625,7,7
Real reference,,11385,0.34375,9,9
Real reference,,11386,0.40625,6,6
Real reference,,11387,0.45625,5,7
Real reference,,11388,0.55625,4,4
Real reference,,11389,0.3375,5,6
Real reference,,11390,0.40625,3,7
Real reference,,11391,0.38125,7,7
Real reference,,11392,0.3125,6,6
Real reference,,11393,0.4,5,7
Real reference,,11394,0.475,3,5
Real reference,,11395,0.35625,5,8
Real reference,,11396,0.4625,4,7
Real reference,,11397,0.4125,3,5
Real reference,,11398,0.3375,5,7
Real reference,,11399,0.325,4,6
Real reference,,11400,0.35,5,6
Real reference,,11401,0.31875,11,11
Real reference,,11402,0.36875,6,6
Real reference,,11403,0.30625,10,10
Real reference,,11404,0.28125,7,7
Real reference,,11405,0.35,4,7
Real reference,,11406,0.43125,5,6
Real reference,,11407,0.31875,5,6
Real reference,,11408,0.325,8,8
Real reference,,11409,0.4125,6,6
Real reference,,11410,0.45,6,6
Real reference,,11411,0.33125,8,19
Real reference,,11412,0.4125,5,7
Real reference,,11413,0.325,9,9
Real reference,,11414,0.4,6,8
Real reference,,11415,0.425,4,5
Real reference,,11416,0.275,5,8
Real reference,,11417,0.41875,4,4
Real reference,,11418,0.3625,5,5
Real reference,,11419,0.20625,6,7
Real reference,,11420,0.5,4,6
Real reference,,11421,0.40625,4,8
Real reference,,11422,0.275,6,6
Real reference,,11423,0.5,6,11
Real reference,,11424,0.5125,4,5
Real reference,,11425,0.39375,4,6
Real reference,,11426,0.3625,8,8
Real reference,,11427,0.3375,5,7
Real reference,,11428,0.3,4,9
Real reference,,11429,0.49375,3,7
Real reference,,11430,0.50625,4,5
Real reference,,11431,0.45625,5,6
Real reference,,11432,0.45625,6,6
Real reference,,11433,0.3625,4,8
Real reference,,11434,0.425,7,7
Real reference,,11435,0.2875,4,5
Real reference,,11436,0.41875,4,5
Real reference,,11437,0.31875,9,9
Real reference,,11438,0.33125,5,5
Real reference,,11439,0.3875,5,6
Real reference,,11440,0.325,6,6
Real reference,,11441,0.30625,6,6
Real reference,,11442,0.28125,8,8
Real reference,,11443,0.35625,5,5
Real reference,,11444,0.43125,6,9
Real reference,,11445,0.35625,3,7
Real reference,,11446,0.3625,10,10
Real reference,,11447,0.3625,6,7
Real reference,,11448,0.38125,5,6
Real reference,,11449,0.3875,6,10
Real reference,,11450,0.44375,5,5
Real reference,,11451,0.49375,3,5
Real reference,,11452,0.3125,5,7
Real reference,,11453,0.3375,4,6
Real reference,,11454,0.43125,4,8
Real reference,,11455,0.45625,6,7
Real reference,,11456,0.35,5,6
Real reference,,11457,0.425,4,6
Real reference,,11458,0.3875,10,10
Real reference,,11459,0.425,3,6
Real reference,,11460,0.40625,6,6
Real reference,,11461,0.425,3,5
Real reference,,11462,0.4375,4,8
Real reference,,11463,0.36875,5,5
Real reference,,11464,0.25625,5,5
Real reference,,11465,0.41875,11,11
Real reference,,11466,0.525,5,6
Real reference,,11467,0.35625,5,5
Real reference,,11468,0.4125,3,5
Real reference,,11469,0.36875,6,6
Real reference,,11470,0.29375,9,9
Real reference,,11471,0.35625,7,8
Real reference,,11472,0.5125,4,5
Real reference,,11473,0.3875,8,8
Real reference,,11474,0.34375,4,7
Real reference,,11475,0.3125,6,8
Real reference,,11476,0.2875,13,13
Real reference,,11477,0.39375,5,5
Real reference,,11478,0.44375,4,5
Real reference,,11479,0.4125,5,5
Real reference,,11480,0.39375,5,13
Real reference,,11481,0.3375,5,5
Real reference,,11482,0.4125,12,12
Real reference,,11483,0.3375,7,7
Real reference,,11484,0.36875,4,4
Real reference,,11485,0.35,5,5
Real reference,,11486,0.4375,4,4
Real reference,,11487,0.3625,11,11
Real reference,,11488,0.35625,5,5
Real reference,,11489,0.425,6,8
Real reference,,11490,0.4375,5,6
Real reference,,11491,0.21875,6,6
Real reference,,11492,0.4125,4,6
Real reference,,11493,0.5,4,5
Real reference,,11494,0.3625,7,7
Real reference,,11495,0.46875,4,6
Real reference,,11496,0.40625,6,6
Real reference,,11497,0.30625,17,17
Real reference,,11498,0.34375,6,6
Real reference,,11499,0.29375,7,7
Real reference,,11500,0.36875,5,6
Real reference,,11501,0.33125,5,6
Real reference,,11502,0.3875,6,6
Real reference,,11503,0.38125,5,5
Real reference,,11504,0.3375,5,8
Real reference,,11505,0.43125,4,9
Real reference,,11506,0.35,8,8
Real reference,,11507,0.43125,4,8
Real reference,,11508,0.38125,5,7
Real reference,,11509,0.2875,7,7
Real reference,,11510,0.4375,8,8
Real reference,,11511,0.50625,3,5
Real reference,,11512,0.3875,6,6
Real reference,,11513,0.50625,4,4
Real reference,,11514,0.45625,3,4
Real reference,,11515,0.2375,9,9
Real reference,,11516,0.46875,6,6
Real reference,,11517,0.40625,3,5
Real reference,,11518,0.23125,7,8
Real reference,,11519,0.49375,4,10
Real reference,,11520,0.50625,4,6
Real reference,,11521,0.2625,8,8
Real reference,,11522,0.3625,9,11
Real reference,,11523,0.375,4,8
Real reference,,11524,0.34375,6,6
Real reference,,11525,0.5,3,4
Real reference,,11526,0.53125,4,6
Real reference,,11527,0.25625,7,7
Real reference,,11528,0.50625,6,6
Real reference,,11529,0.38125,4,7
Real reference,,11530,0.3875,6,24
Real reference,,11531,0.28125,7,7
Real reference,,11532,0.35,4,5
Real reference,,11533,0.36875,6,7
Real reference,,11534,0.4625,4,5
Real reference,,11535,0.5,7,7
Real reference,,11536,0.29375,5,7
Real reference,,11537,0.23125,10,10
Real reference,,11538,0.45,9,9
Real reference,,11539,0.2875,6,6
Real reference,,11540,0.3125,6,8
Real reference,,11541,0.4125,4,7
Real reference,,11542,0.41875,6,6
Real reference,,11543,0.39375,7,7
Real reference,,11544,0.4625,4,4
Real reference,,11545,0.2625,6,10
Real reference,,11546,0.4125,9,9
Real reference,,11547,0.33125,6,6
Real reference,,11548,0.28125,7,7
Real reference,,11549,0.33125,5,5
Real reference,,11550,0.3125,7,7
Real reference,,11551,0.475,4,5
Real reference,,11552,0.375,6,6
Real reference,,11553,0.36875,6,6
Real reference,,11554,0.28125,5,7
Real reference,,11555,0.38125,5,9
Real reference,,11556,0.325,6,6
Real reference,,11557,0.26875,6,6
Real reference,,11558,0.38125,4,15
Real reference,,11559,0.375,5,8
Real reference,,11560,0.375,4,5
Real reference,,11561,0.375,7,7
Real reference,,11562,0.38125,5,5
Real reference,,11563,0.3,6,6
Real reference,,11564,0.39375,3,7
Real reference,,11565,0.4375,4,4
Real reference,,11566,0.26875,5,7
Real reference,,11567,0.375,4,7
Real reference,,11568,0.3,4,7
Real reference,,11569,0.29375,9,9
Real reference,,11570,0.375,10,10
Real reference,,11571,0.38125,6,6
Real reference,,11572,0.36875,9,9
Real reference,,11573,0.40625,5,9
Real reference,,11574,0.3375,5,5
Real reference,,11575,0.18125,20,20
Real reference,,11576,0.3125,9,9
Real reference,,11577,0.4125,5,7
Real reference,,11578,0.28125,10,10
Real reference,,11579,0.29375,5,10
Real reference,,11580,0.45625,4,7
Real reference,,11581,0.3125,6,7
Real reference,,11582,0.38125,5,7
Real reference,,11583,0.36875,4,5
Real reference,,11584,0.43125,4,5
Real reference,,11585,0.43125,8,8
Real reference,,11586,0.34375,7,7
Real reference,,11587,0.31875,6,6
Real reference,,11588,0.275,6,8
Real reference,,11589,0.46875,4,7
Real reference,,11590,0.4,6,6
Real reference,,11591,0.45,4,5
Real reference,,11592,0.3875,7,7
Real reference,,11593,0.4125,5,5
Real reference,,11594,0.525,4,4
Real reference,,11595,0.36875,4,8
Real reference,,11596,0.30625,5,6
Real reference,,11597,0.375,7,8
Real reference,,11598,0.3,5,5
Real reference,,11599,0.1875,8,8
Real reference,,11600,0.5,4,4
Real reference,,11601,0.4,5,8
Real reference,,11602,0.44375,7,7
Real reference,,11603,0.41875,5,6
Real reference,,11604,0.33125,5,5
Real reference,,11605,0.3875,9,9
Real reference,,11606,0.31875,8,8
Real reference,,11607,0.38125,3,4
Real reference,,11608,0.2625,5,5
Real reference,,11609,0.5125,4,6
Real reference,,11610,0.5,4,5
Real reference,,11611,0.30625,6,6
Real reference,,11612,0.54375,3,6
Real reference,,11613,0.5625,4,6
Real reference,,11614,0.25,7,8
Real reference,,11615,0.25,5,7
Real reference,,11616,0.275,5,5
Real reference,,11617,0.46875,4,5
Real reference,,11618,0.46875,3,5
Real reference,,11619,0.55625,4,6
Real reference,,11620,0.18125,15,15
Real reference,,11621,0.49375,3,7
Real reference,,11622,0.45625,3,4
Real reference,,11623,0.21875,8,8
Real reference,,11624,0.375,5,6
Real reference,,11625,0.36875,7,7
Real reference,,11626,0.4,4,5
Real reference,,11627,0.4375,7,7
Real reference,,11628,0.325,9,9
Real reference,,11629,0.33125,5,5
Real reference,,11630,0.4875,3,19
Real reference,,11631,0.39375,6,6
Real reference,,11632,0.34375,6,9
Real reference,,11633,0.4625,4,5
Real reference,,11634,0.4875,5,5
Real reference,,11635,0.28125,6,6
Real reference,,11636,0.4875,5,5
Real reference,,11637,0.58125,4,4
Real reference,,11638,0.34375,5,5
Real reference,,11639,0.39375,6,8
Real reference,,11640,0.33125,11,11
Real reference,,11641,0.33125,7,7
Real reference,,11642,0.35,5,20
Real reference,,11643,0.3875,5,9
Real reference,,11644,0.325,5,5
Real reference,,11645,0.34375,4,5
Real reference,,11646,0.34375,12,12
Real reference,,11647,0.35625,5,5
Real reference,,11648,0.4375,5,9
Real reference,,11649,0.45625,3,5
Real reference,,11650,0.2875,16,16
Real reference,,11651,0.3625,6,6
Real reference,,11652,0.4125,5,5
Real reference,,11653,0.3,6,6
Real reference,,11654,0.39375,6,6
Real reference,,11655,0.425,4,13
Real reference,,11656,0.25625,19,19
Real reference,,11657,0.50625,6,6
Real reference,,11658,0.39375,4,5
Real reference,,11659,0.3,4,5
Real reference,,11660,0.49375,5,5
Real reference,,11661,0.43125,4,4
Real reference,,11662,0.2875,5,5
Real reference,,11663,0.375,6,9
Real reference,,11664,0.4375,5,6
Real reference,,11665,0.34375,7,7
Real reference,,11666,0.5375,5,5
Real reference,,11667,0.48125,6,6
Real reference,,11668,0.3375,8,8
Real reference,,11669,0.41875,5,6
Real reference,,11670,0.375,5,8
Real reference,,11671,0.2375,9,10
Real reference,,11672,0.35,5,7
Real reference,,11673,0.36875,4,4
Real reference,,11674,0.26875,9,9
Real reference,,11675,0.375,5,6
Real reference,,11676,0.4125,5,5
Real reference,,11677,0.3625,4,5
Real reference,,11678,0.35,8,8
Real reference,,11679,0.29375,6,6
Real reference,,11680,0.2625,11,11
Real reference,,11681,0.3375,7,7
Real reference,,11682,0.425,4,6
Real reference,,11683,0.2875,6,6
Real reference,,11684,0.39375,5,16
Real reference,,11685,0.35,7,7
Real reference,,11686,0.38125,4,6
Real reference,,11687,0.39375,6,11
Real reference,,11688,0.4875,3,4
Real reference,,11689,0.29375,4,4
Real reference,,11690,0.425,5,13
Real reference,,11691,0.54375,5,5
Real reference,,11692,0.2375,17,17
Real reference,,11693,0.5375,4,7
Real reference,,11694,0.50625,5,5
Real reference,,11695,0.3,6,7
Real reference,,11696,0.35,6,10
Real reference,,11697,0.475,3,4
Real reference,,11698,0.33125,6,6
Real reference,,11699,0.5,4,7
Real reference,,11700,0.53125,3,8
Real reference,,11701,0.23125,7,7
Real reference,,11702,0.4375,4,11
Real reference,,11703,0.43125,6,6
Real reference,,11704,0.31875,4,5
Real reference,,11705,0.40625,4,5
Real reference,,11706,0.4875,4,4
Real reference,,11707,0.3375,7,7
Real reference,,11708,0.45,5,5
Real reference,,11709,0.41875,5,5
Real reference,,11710,0.40625,4,4
Real reference,,11711,0.325,6,6
Real reference,,11712,0.2625,9,9
Real reference,,11713,0.44375,5,5
Real reference,,11714,0.5,5,6
Real reference,,11715,0.5125,4,4
Real reference,,11716,0.21875,9,9
Real reference,,11717,0.375,5,6
Real reference,,11718,0.3625,6,6
Real reference,,11719,0.39375,11,11
Real reference,,11720,0.34375,5,7
Real reference,,11721,0.35,4,5
Real reference,,11722,0.3125,6,7
Real reference,,11723,0.31875,11,11
Real reference,,11724,0.25625,7,7
Real reference,,11725,0.3375,5,5
Real reference,,11726,0.525,5,9
Real reference,,11727,0.51875,4,6
Real reference,,11728,0.21875,4,22
Real reference,,11729,0.49375,4,6
Real reference,,11730,0.31875,4,5
Real reference,,11731,0.20625,6,6
Real reference,,11732,0.41875,4,9
Real reference,,11733,0.4625,5,9
Real reference,,11734,0.2875,5,5
Real reference,,11735,0.39375,6,6
Real reference,,11736,0.43125,4,5
Real reference,,11737,0.34375,5,5
Real reference,,11738,0.375,4,8
Real reference,,11739,0.3375,6,6
Real reference,,11740,0.21875,14,14
Real reference,,11741,0.36875,5,5
Real reference,,11742,0.45,4,4
Real reference,,11743,0.33125,8,8
Real reference,,11744,0.4,5,6
Real reference,,11745,0.48125,4,6
Real reference,,11746,0.25,6,6
Real reference,,11747,0.4125,8,8
Real reference,,11748,0.36875,4,7
Real reference,,11749,0.375,6,6
Real reference,,11750,0.36875,4,7
Real reference,,11751,0.35625,4,5
Real reference,,11752,0.3625,4,4
Real reference,,11753,0.4,4,5
Real reference,,11754,0.24375,13,13
Real reference,,11755,0.31875,8,8
Real reference,,11756,0.275,5,6
Real reference,,11757,0.5,7,8
Real reference,,11758,0.34375,7,7
Real reference,,11759,0.3875,10,10
Real reference,,11760,0.49375,3,6
Real reference,,11761,0.36875,4,4
Real reference,,11762,0.5,4,5
Real reference,,11763,0.44375,5,5
Real reference,,11764,0.35625,6,19
Real reference,,11765,0.4125,3,5
Real reference,,11766,0.5,4,6
Real reference,,11767,0.21875,7,7
Real reference,,11768,0.29375,10,10
Real reference,,11769,0.2875,8,8
Real reference,,11770,0.3375,6,7
Real reference,,11771,0.2875,5,7
Real reference,,11772,0.35,4,6
Real reference,,11773,0.23125,7,7
Real reference,,11774,0.48125,5,5
Real reference,,11775,0.36875,4,5
Real reference,,11776,0.49375,5,5
Real reference,,11777,0.3875,5,5
Real reference,,11778,0.4,5,5
Real reference,,11779,0.4125,4,6
Real reference,,11780,0.425,4,9
Real reference,,11781,0.3125,6,7
Real reference,,11782,0.4375,4,12
Real reference,,11783,0.45,4,5
Real reference,,11784,0.1875,5,5
Real reference,,11785,0.49375,6,9
Real reference,,11786,0.50625,5,5
Real reference,,11787,0.41875,4,4
Real reference,,11788,0.53125,4,4
Real reference,,11789,0.38125,4,5
Real reference,,11790,0.3875,8,8
Real reference,,11791,0.35,4,7
Real reference,,11792,0.35,4,6
Real reference,,11793,0.23125,6,6
Real reference,,11794,0.4375,4,8
Real reference,,11795,0.5875,3,6
Real reference,,11796,0.4375,4,11
Real reference,,11797,0.46875,9,9
Real reference,,11798,0.50625,3,6
Real reference,,11799,0.31875,5,5
Real reference,,11800,0.40625,4,5
Real reference,,11801,0.31875,5,6
Real reference,,11802,0.45,4,5
Real reference,,11803,0.43125,6,6
Real reference,,11804,0.46875,3,6
Real reference,,11805,0.3,5,6
Real reference,,11806,0.40625,5,5
Real reference,,11807,0.375,5,5
Real reference,,11808,0.31875,6,6
Real reference,,11809,0.40625,6,7
Real reference,,11810,0.475,4,5
Real reference,,11811,0.4125,4,5
Real reference,,11812,0.55,4,5
Real reference,,11813,0.3875,4,7
Real reference,,11814,0.2375,5,5
Real reference,,11815,0.50625,3,7
Real reference,,11816,0.48125,4,6
Real reference,,11817,0.35625,5,5
Real reference,,11818,0.48125,4,4
Real reference,,11819,0.40625,4,5
Real reference,,11820,0.35625,6,6
Real reference,,11821,0.41875,4,15
Real reference,,11822,0.5375,5,9
Real reference,,11823,0.33125,6,9
Real reference,,11824,0.54375,4,6
Real reference,,11825,0.4625,4,5
Real reference,,11826,0.39375,5,5
Real reference,,11827,0.39375,5,8
Real reference,,11828,0.31875,4,5
Real reference,,11829,0.35,5,5
Real reference,,11830,0.49375,5,6
Real reference,,11831,0.45625,4,4
Real reference,,11832,0.35625,8,8
Real reference,,11833,0.53125,3,5
Real reference,,11834,0.55625,3,6
Real reference,,11835,0.2875,7,7
Real reference,,11836,0.38125,7,7
Real reference,,11837,0.55,4,4
Real reference,,11838,0.4,3,6
Real reference,,11839,0.4,5,8
Real reference,,11840,0.325,18,18
Real reference,,11841,0.40625,10,10
Real reference,,11842,0.35625,11,11
Real reference,,11843,0.3875,4,7
Real reference,,11844,0.3375,5,6
Real reference,,11845,0.4875,4,6
Real reference,,11846,0.51875,4,7
Real reference,,11847,0.43125,6,6
Real reference,,11848,0.43125,5,9
Real reference,,11849,0.375,4,13
Real reference,,11850,0.34375,6,6
Real reference,,11851,0.50625,12,12
Real reference,,11852,0.58125,4,5
Real reference,,11853,0.23125,8,8
Real reference,,11854,0.40625,7,7
Real reference,,11855,0.35625,5,8
Real reference,,11856,0.325,4,6
Real reference,,11857,0.3375,4,5
Real reference,,11858,0.55,4,5
Real reference,,11859,0.375,3,7
Real reference,,11860,0.44375,4,6
Real reference,,11861,0.53125,4,7
Real reference,,11862,0.38125,4,8
Real reference,,11863,0.45625,5,6
Real reference,,11864,0.4125,4,5
Real reference,,11865,0.3875,5,7
Real reference,,11866,0.5,4,8
Real reference,,11867,0.45,4,8
Real reference,,11868,0.3,5,5
Real reference,,11869,0.53125,5,5
Real reference,,11870,0.53125,4,5
Real reference,,11871,0.38125,5,5
Real reference,,11872,0.5375,3,6
Real reference,,11873,0.5,3,4
Real reference,,11874,0.31875,10,10
Real reference,,11875,0.45625,3,5
Real reference,,11876,0.5125,4,5
Real reference,,11877,0.29375,6,6
Real reference,,11878,0.375,6,6
Real reference,,11879,0.45625,3,6
Real reference,,11880,0.26875,4,6
Real reference,,11881,0.4,8,8
Real reference,,11882,0.49375,3,5
Real reference,,11883,0.325,5,5
Real reference,,11884,0.5125,5,5
Real reference,,11885,0.5375,4,6
Real reference,,11886,0.425,4,4
Real reference,,11887,0.35625,11,15
Real reference,,11888,0.34375,6,6
Real reference,,11889,0.34375,7,7
Real reference,,11890,0.45,5,5
Real reference,,11891,0.50625,4,5
Real reference,,11892,0.36875,5,5
Real reference,,11893,0.35625,4,9
Real reference,,11894,0.39375,5,5
Real reference,,11895,0.40625,5,10
Real reference,,11896,0.31875,3,6
Real reference,,11897,0.325,6,7
Real reference,,11898,0.3625,5,5
Real reference,,11899,0.3875,4,7
Real reference,,11900,0.50625,4,4
Real reference,,11901,0.38125,4,7
Real reference,,11902,0.4125,5,7
Real reference,,11903,0.35,4,8
Real reference,,11904,0.33125,6,6
Real reference,,11905,0.4,4,6
Real reference,,11906,0.48125,4,5
Real reference,,11907,0.425,4,4
Real reference,,11908,0.4875,4,5
Real reference,,11909,0.56875,5,5
Real reference,,11910,0.38125,4,5
Real reference,,11911,0.4375,4,7
Real reference,,11912,0.5625,3,7
Real reference,,11913,0.375,5,5
Real reference,,11914,0.375,7,7
Real reference,,11915,0.325,4,6
Real reference,,11916,0.425,4,4
Real reference,,11917,0.41875,4,5
Real reference,,11918,0.2875,7,7
Real reference,,11919,0.40625,5,5
Real reference,,11920,0.44375,6,6
Real reference,,11921,0.4625,4,6
Real reference,,11922,0.39375,8,8
Real reference,,11923,0.5375,10,10
Real reference,,11924,0.5125,4,5
Real reference,,11925,0.40625,8,9
Real reference,,11926,0.51875,5,5
Real reference,,11927,0.45,4,4
Real reference,,11928,0.35625,8,8
Real reference,,11929,0.5875,5,7
Real reference,,11930,0.56875,4,5
Real reference,,11931,0.39375,7,7
Real reference,,11932,0.48125,5,5
Real reference,,11933,0.4375,4,8
Real reference,,11934,0.44375,4,7
Real reference,,11935,0.4625,4,7
Real reference,,11936,0.46875,4,7
Real reference,,11937,0.49375,5,7
Real reference,,11938,0.5,5,7
Real reference,,11939,0.49375,5,7
Real reference,,11940,0.4875,5,7
Real reference,,11941,0.4875,5,7
Real reference,,11942,0.4875,5,7
Real reference,,11943,0.49375,5,7
Real reference,,11944,0.48125,5,7
Real reference,,11945,0.49375,5,7
Real reference,,11946,0.5,5,7
Real reference,,11947,0.50625,5,7
Real reference,,11948,0.50625,5,7
Real reference,,11949,0.33125,7,7
Real reference,,11950,0.325,7,7
Real reference,,11951,0.33125,7,7
Real reference,,11952,0.34375,7,7
Real reference,,11953,0.34375,7,7
Real reference,,11954,0.35,7,7
Real reference,,11955,0.34375,7,7
Real reference,,11956,0.33125,7,7
Real reference,,11957,0.3375,7,7
Real reference,,11958,0.34375,7,7
Real reference,,11959,0.31875,6,6
Real reference,,11960,0.31875,6,6
Real reference,,11961,0.3125,6,6
Real reference,,11962,0.325,6,6
Real reference,,11963,0.33125,6,6
Real reference,,11964,0.33125,6,6
Real reference,,11965,0.34375,6,6
Real reference,,11966,0.35625,6,6
Real reference,,11967,0.36875,6,6
Real reference,,11968,0.325,4,6
Real reference,,11969,0.325,4,6
Real reference,,11970,0.33125,4,5
Real reference,,11971,0.31875,4,5
Real reference,,11972,0.325,4,5
Real reference,,11973,0.30625,4,5
Real reference,,11974,0.3125,4,5
Real reference,,11975,0.30625,4,4
Real reference,,11976,0.31875,4,4
Real reference,,11977,0.31875,4,4
Real reference,,11978,0.325,4,4
Real reference,,11979,0.31875,4,4
Real reference,,11980,0.3125,4,4
Real reference,,11981,0.30625,5,5
Real reference,,11982,0.3125,5,5
Real reference,,11983,0.31875,5,5
DDPM,900,0,0.325,8,8
DDPM,900,1,0.41875,4,5
DDPM,900,2,0.41875,4,5
DDPM,900,3,0.24375,7,7
DDPM,900,4,0.375,7,7
DDPM,900,5,0.3,8,8
DDPM,900,6,0.38125,5,5
DDPM,900,7,0.28125,7,7
DDPM,900,8,0.4625,3,5
DDPM,900,9,0.49375,4,8
DDPM,900,10,0.50625,5,7
DDPM,900,11,0.4375,5,5
DDPM,900,12,0.26875,6,6
DDPM,900,13,0.31875,4,5
DDPM,900,14,0.33125,6,6
DDPM,900,15,0.51875,3,6
DDPM,900,16,0.19375,8,8
DDPM,900,17,0.4875,4,13
DDPM,900,18,0.40625,5,5
DDPM,900,19,0.38125,5,5
DDPM,900,20,0.45,4,6
DDPM,900,21,0.43125,4,6
DDPM,900,22,0.4625,4,7
DDPM,900,23,0.4,7,7
DDPM,900,24,0.3875,7,7
DDPM,900,25,0.35625,5,5
DDPM,900,26,0.5875,4,5
DDPM,900,27,0.28125,8,8
DDPM,900,28,0.40625,5,6
DDPM,900,29,0.4625,4,7
DDPM,900,30,0.25,11,11
DDPM,900,31,0.30625,8,8
DDPM,900,32,0.4125,6,6
DDPM,900,33,0.45625,3,4
DDPM,900,34,0.3375,6,6
DDPM,900,35,0.35625,10,10
DDPM,900,36,0.44375,4,5
DDPM,900,37,0.44375,5,6
DDPM,900,38,0.325,5,5
DDPM,900,39,0.50625,4,5
DDPM,900,40,0.45,4,10
DDPM,900,41,0.41875,5,6
DDPM,900,42,0.39375,11,11
DDPM,900,43,0.425,5,6
DDPM,900,44,0.48125,3,6
DDPM,900,45,0.45625,4,5
DDPM,900,46,0.50625,5,5
DDPM,900,47,0.375,5,5
DDPM,900,48,0.38125,5,5
DDPM,900,49,0.4,9,9
DDPM,900,50,0.38125,6,6
DDPM,900,51,0.375,6,6
DDPM,900,52,0.46875,4,4
DDPM,900,53,0.46875,6,6
DDPM,900,54,0.39375,4,4
DDPM,900,55,0.46875,3,5
DDPM,900,56,0.4875,3,7
DDPM,900,57,0.43125,4,5
DDPM,900,58,0.45,5,5
DDPM,900,59,0.50625,4,6
DDPM,900,60,0.39375,5,5
DDPM,900,61,0.3625,4,7
DDPM,900,62,0.48125,6,6
DDPM,900,63,0.39375,5,5
DDPM,900,64,0.49375,5,5
DDPM,900,65,0.38125,7,7
DDPM,900,66,0.38125,5,5
DDPM,900,67,0.375,5,7
DDPM,900,68,0.3625,7,7
DDPM,900,69,0.2875,5,5
DDPM,900,70,0.4125,5,9
DDPM,900,71,0.3625,6,6
DDPM,900,72,0.34375,7,7
DDPM,900,73,0.51875,3,6
DDPM,900,74,0.4,6,6
DDPM,900,75,0.36875,4,7
DDPM,900,76,0.33125,6,6
DDPM,900,77,0.3375,5,6
DDPM,900,78,0.35625,4,5
DDPM,900,79,0.5625,4,7
DDPM,900,80,0.4875,4,4
DDPM,900,81,0.4125,4,6
DDPM,900,82,0.48125,4,8
DDPM,900,83,0.3375,5,8
DDPM,900,84,0.39375,4,5
DDPM,900,85,0.35,6,6
DDPM,900,86,0.39375,6,6
DDPM,900,87,0.29375,4,6
DDPM,900,88,0.29375,6,6
DDPM,900,89,0.4125,4,9
DDPM,900,90,0.38125,5,7
DDPM,900,91,0.4375,4,5
DDPM,900,92,0.36875,5,5
DDPM,900,93,0.51875,5,5
DDPM,900,94,0.31875,6,6
DDPM,900,95,0.5625,5,7
DDPM,900,96,0.475,5,5
DDPM,900,97,0.31875,7,7
DDPM,900,98,0.5125,4,6
DDPM,900,99,0.4375,3,5
DDPM,900,100,0.44375,6,8
DDPM,900,101,0.5,5,6
DDPM,900,102,0.39375,7,7
DDPM,900,103,0.4875,6,6
DDPM,900,104,0.4125,4,7
DDPM,900,105,0.5,4,4
DDPM,900,106,0.34375,5,5
DDPM,900,107,0.39375,6,6
DDPM,900,108,0.30625,6,6
DDPM,900,109,0.5,4,5
DDPM,900,110,0.35,7,7
DDPM,900,111,0.3625,4,5
DDPM,900,112,0.4625,6,6
DDPM,900,113,0.53125,5,5
DDPM,900,114,0.4625,4,5
DDPM,900,115,0.50625,7,7
DDPM,900,116,0.36875,8,8
DDPM,900,117,0.35,5,7
DDPM,900,118,0.33125,4,5
DDPM,900,119,0.43125,4,7
DDPM,900,120,0.45625,5,6
DDPM,900,121,0.375,4,4
DDPM,900,122,0.4375,6,6
DDPM,900,123,0.3875,6,6
DDPM,900,124,0.3375,6,6
DDPM,900,125,0.4,4,7
DDPM,900,126,0.30625,4,5
DDPM,900,127,0.3875,5,8
DDPM,900,128,0.4125,6,6
DDPM,900,129,0.275,8,8
DDPM,900,130,0.44375,9,9
DDPM,900,131,0.4125,5,5
DDPM,900,132,0.19375,7,7
DDPM,900,133,0.375,5,7
DDPM,900,134,0.2375,6,6
DDPM,900,135,0.41875,5,5
DDPM,900,136,0.325,3,6
DDPM,900,137,0.38125,5,5
DDPM,900,138,0.425,4,4
DDPM,900,139,0.39375,4,5
DDPM,900,140,0.2125,6,6
DDPM,900,141,0.425,6,6
DDPM,900,142,0.4,4,8
DDPM,900,143,0.3375,7,7
DDPM,900,144,0.38125,6,6
DDPM,900,145,0.375,5,5
DDPM,900,146,0.3,5,5
DDPM,900,147,0.43125,5,7
DDPM,900,148,0.3375,7,7
DDPM,900,149,0.4375,4,6
DDPM,900,150,0.5125,4,5
DDPM,900,151,0.4625,4,6
DDPM,900,152,0.40625,7,7
DDPM,900,153,0.43125,6,6
DDPM,900,154,0.3,10,10
DDPM,900,155,0.5375,4,5
DDPM,900,156,0.54375,4,5
DDPM,900,157,0.5375,4,5
DDPM,900,158,0.48125,4,5
DDPM,900,159,0.3625,5,5
DDPM,900,160,0.5125,5,5
DDPM,900,161,0.38125,7,7
DDPM,900,162,0.36875,4,5
DDPM,900,163,0.325,5,6
DDPM,900,164,0.31875,12,12
DDPM,900,165,0.3,4,5
DDPM,900,166,0.4,5,5
DDPM,900,167,0.44375,4,9
DDPM,900,168,0.36875,5,7
DDPM,900,169,0.4375,4,5
DDPM,900,170,0.31875,7,7
DDPM,900,171,0.4625,4,5
DDPM,900,172,0.45,4,4
DDPM,900,173,0.49375,4,6
DDPM,900,174,0.4,6,6
DDPM,900,175,0.43125,5,5
DDPM,900,176,0.5125,6,7
DDPM,900,177,0.50625,5,5
DDPM,900,178,0.45,5,5
DDPM,900,179,0.38125,5,6
DDPM,900,180,0.35625,3,7
DDPM,900,181,0.4875,7,7
DDPM,900,182,0.41875,6,6
DDPM,900,183,0.41875,4,4
DDPM,900,184,0.375,5,6
DDPM,900,185,0.4875,6,6
DDPM,900,186,0.4625,4,4
DDPM,900,187,0.35,5,6
DDPM,900,188,0.46875,4,5
DDPM,900,189,0.51875,5,5
DDPM,900,190,0.41875,12,12
DDPM,900,191,0.35625,5,5
DDPM,900,192,0.50625,4,5
DDPM,900,193,0.36875,4,5
DDPM,900,194,0.43125,5,5
DDPM,900,195,0.44375,4,7
DDPM,900,196,0.45,5,6
DDPM,900,197,0.38125,5,5
DDPM,900,198,0.4,5,5
DDPM,900,199,0.5875,4,4
DDPM,900,200,0.4375,4,4
DDPM,900,201,0.575,3,5
DDPM,900,202,0.44375,4,5
DDPM,900,203,0.2875,4,4
DDPM,900,204,0.34375,7,7
DDPM,900,205,0.38125,10,10
DDPM,900,206,0.2875,6,6
DDPM,900,207,0.54375,4,5
DDPM,900,208,0.54375,5,6
DDPM,900,209,0.50625,4,5
DDPM,900,210,0.4875,4,5
DDPM,900,211,0.35625,8,8
DDPM,900,212,0.45,4,7
DDPM,900,213,0.49375,4,4
DDPM,900,214,0.36875,6,6
DDPM,900,215,0.3875,7,7
DDPM,900,216,0.4,3,5
DDPM,900,217,0.275,15,15
DDPM,900,218,0.49375,4,5
DDPM,900,219,0.425,5,5
DDPM,900,220,0.31875,6,6
DDPM,900,221,0.375,4,5
DDPM,900,222,0.3125,4,5
DDPM,900,223,0.50625,3,6
DDPM,900,224,0.35625,8,8
DDPM,900,225,0.41875,6,6
DDPM,900,226,0.3875,4,7
DDPM,900,227,0.49375,5,5
DDPM,900,228,0.36875,8,8
DDPM,900,229,0.375,4,5
DDPM,900,230,0.4875,4,6
DDPM,900,231,0.38125,4,7
DDPM,900,232,0.3,9,9
DDPM,900,233,0.3625,6,6
DDPM,900,234,0.4,7,7
DDPM,900,235,0.4375,3,7
DDPM,900,236,0.46875,3,9
DDPM,900,237,0.38125,7,7
DDPM,900,238,0.5,6,6
DDPM,900,239,0.50625,4,5
DDPM,900,240,0.45625,3,5
DDPM,900,241,0.36875,4,5
DDPM,900,242,0.325,8,8
DDPM,900,243,0.51875,4,7
DDPM,900,244,0.5125,5,6
DDPM,900,245,0.44375,4,6
DDPM,900,246,0.3875,6,9
DDPM,900,247,0.475,4,4
DDPM,900,248,0.39375,9,9
DDPM,900,249,0.375,7,7
DDPM,900,250,0.26875,7,7
DDPM,900,251,0.5125,6,6
DDPM,900,252,0.33125,5,5
DDPM,900,253,0.48125,5,7
DDPM,900,254,0.40625,4,4
DDPM,900,255,0.30625,5,5
DDPM,900,256,0.4875,5,8
DDPM,900,257,0.45,4,5
DDPM,900,258,0.45625,4,4
DDPM,900,259,0.4625,5,5
DDPM,900,260,0.35,6,6
DDPM,900,261,0.51875,5,5
DDPM,900,262,0.425,5,6
DDPM,900,263,0.2875,9,9
DDPM,900,264,0.3625,5,5
DDPM,900,265,0.4625,4,5
DDPM,900,266,0.5,4,8
DDPM,900,267,0.425,4,9
DDPM,900,268,0.40625,7,7
DDPM,900,269,0.49375,5,5
DDPM,900,270,0.4125,4,6
DDPM,900,271,0.4625,6,6
DDPM,900,272,0.425,4,5
DDPM,900,273,0.35625,5,6
DDPM,900,274,0.40625,6,6
DDPM,900,275,0.4,4,4
DDPM,900,276,0.33125,4,8
DDPM,900,277,0.4,4,6
DDPM,900,278,0.425,7,7
DDPM,900,279,0.55,5,5
DDPM,900,280,0.4125,4,4
DDPM,900,281,0.33125,5,6
DDPM,900,282,0.39375,5,7
DDPM,900,283,0.4625,3,5
DDPM,900,284,0.31875,4,6
DDPM,900,285,0.4125,7,8
DDPM,900,286,0.4125,4,5
DDPM,900,287,0.36875,5,5
DDPM,900,288,0.425,3,6
DDPM,900,289,0.4125,4,4
DDPM,900,290,0.36875,5,5
DDPM,900,291,0.53125,4,5
DDPM,900,292,0.38125,3,5
DDPM,900,293,0.4125,4,8
DDPM,900,294,0.525,3,6
DDPM,900,295,0.29375,10,10
DDPM,900,296,0.36875,4,7
DDPM,900,297,0.425,5,5
DDPM,900,298,0.25,16,16
DDPM,900,299,0.3625,5,5
DDPM,900,300,0.45625,13,13
DDPM,900,301,0.45,5,5
DDPM,900,302,0.425,5,5
DDPM,900,303,0.2375,5,5
DDPM,900,304,0.43125,4,5
DDPM,900,305,0.26875,6,8
DDPM,900,306,0.3125,4,7
DDPM,900,307,0.4375,4,5
DDPM,900,308,0.5,3,9
DDPM,900,309,0.4625,9,9
DDPM,900,310,0.325,7,7
DDPM,900,311,0.425,4,5
DDPM,900,312,0.36875,6,6
DDPM,900,313,0.425,5,6
DDPM,900,314,0.4875,4,7
DDPM,900,315,0.4,6,9
DDPM,900,316,0.39375,3,5
DDPM,900,317,0.41875,5,5
DDPM,900,318,0.4125,4,6
DDPM,900,319,0.41875,4,5
DDPM,900,320,0.40625,4,5
DDPM,900,321,0.41875,5,5
DDPM,900,322,0.3125,6,7
DDPM,900,323,0.45625,6,6
DDPM,900,324,0.36875,5,6
DDPM,900,325,0.50625,4,6
DDPM,900,326,0.39375,4,5
DDPM,900,327,0.5375,5,5
DDPM,900,328,0.45625,4,7
DDPM,900,329,0.3625,6,6
DDPM,900,330,0.4625,4,5
DDPM,900,331,0.30625,5,7
DDPM,900,332,0.45,4,6
DDPM,900,333,0.4875,4,5
DDPM,900,334,0.50625,4,5
DDPM,900,335,0.38125,5,7
DDPM,900,336,0.4625,4,9
DDPM,900,337,0.525,4,4
DDPM,900,338,0.45,5,7
DDPM,900,339,0.26875,5,7
DDPM,900,340,0.5,3,8
DDPM,900,341,0.35,5,6
DDPM,900,342,0.33125,5,7
DDPM,900,343,0.44375,3,5
DDPM,900,344,0.49375,5,5
DDPM,900,345,0.4125,6,6
DDPM,900,346,0.3125,5,8
DDPM,900,347,0.5375,5,5
DDPM,900,348,0.425,6,7
DDPM,900,349,0.40625,5,5
DDPM,900,350,0.26875,5,7
DDPM,900,351,0.44375,4,6
DDPM,900,352,0.46875,4,5
DDPM,900,353,0.35625,5,6
DDPM,900,354,0.425,4,4
DDPM,900,355,0.39375,4,5
DDPM,900,356,0.4125,6,6
DDPM,900,357,0.51875,4,5
DDPM,900,358,0.4875,4,5
DDPM,900,359,0.3,10,10
DDPM,900,360,0.4625,4,5
DDPM,900,361,0.3125,8,8
DDPM,900,362,0.5125,4,5
DDPM,900,363,0.50625,5,5
DDPM,900,364,0.3875,8,12
DDPM,900,365,0.49375,4,5
DDPM,900,366,0.325,5,5
DDPM,900,367,0.49375,5,5
DDPM,900,368,0.34375,5,5
DDPM,900,369,0.35625,6,6
DDPM,900,370,0.44375,5,7
DDPM,900,371,0.30625,9,9
DDPM,900,372,0.39375,5,7
DDPM,900,373,0.24375,8,8
DDPM,900,374,0.3375,4,5
DDPM,900,375,0.4875,6,6
DDPM,900,376,0.3375,5,5
DDPM,900,377,0.40625,4,5
DDPM,900,378,0.46875,3,4
DDPM,900,379,0.39375,5,5
DDPM,900,380,0.425,5,6
DDPM,900,381,0.4375,4,5
DDPM,900,382,0.3,11,11
DDPM,900,383,0.46875,5,6
DDPM,900,384,0.5375,4,4
DDPM,900,385,0.28125,7,7
DDPM,900,386,0.3625,5,5
DDPM,900,387,0.3125,7,7
DDPM,900,388,0.425,6,6
DDPM,900,389,0.275,6,7
DDPM,900,390,0.41875,5,5
DDPM,900,391,0.35,4,6
DDPM,900,392,0.40625,5,5
DDPM,900,393,0.44375,5,6
DDPM,900,394,0.53125,6,8
DDPM,900,395,0.4375,4,5
DDPM,900,396,0.50625,3,5
DDPM,900,397,0.44375,5,5
DDPM,900,398,0.60625,4,5
DDPM,900,399,0.525,3,5
DDPM,900,400,0.43125,6,6
DDPM,900,401,0.35,3,5
DDPM,900,402,0.29375,14,14
DDPM,900,403,0.4,4,5
DDPM,900,404,0.3875,5,5
DDPM,900,405,0.40625,4,6
DDPM,900,406,0.4875,4,5
DDPM,900,407,0.4125,8,8
DDPM,900,408,0.46875,5,5
DDPM,900,409,0.56875,4,5
DDPM,900,410,0.44375,4,6
DDPM,900,411,0.4625,4,5
DDPM,900,412,0.39375,5,5
DDPM,900,413,0.34375,5,5
DDPM,900,414,0.4875,4,5
DDPM,900,415,0.375,6,8
DDPM,900,416,0.39375,5,5
DDPM,900,417,0.3,8,8
DDPM,900,418,0.325,5,6
DDPM,900,419,0.2625,6,6
DDPM,900,420,0.475,5,5
DDPM,900,421,0.28125,12,12
DDPM,900,422,0.35,4,5
DDPM,900,423,0.3625,4,6
DDPM,900,424,0.54375,3,5
DDPM,900,425,0.43125,5,6
DDPM,900,426,0.525,4,5
DDPM,900,427,0.49375,4,5
DDPM,900,428,0.39375,5,6
DDPM,900,429,0.31875,6,6
DDPM,900,430,0.5,4,6
DDPM,900,431,0.5125,3,5
DDPM,900,432,0.3625,6,8
DDPM,900,433,0.4625,3,5
DDPM,900,434,0.375,4,6
DDPM,900,435,0.35,5,6
DDPM,900,436,0.45,4,6
DDPM,900,437,0.4,6,7
DDPM,900,438,0.50625,4,5
DDPM,900,439,0.4375,5,5
DDPM,900,440,0.2875,7,7
DDPM,900,441,0.39375,4,6
DDPM,900,442,0.38125,7,7
DDPM,900,443,0.3875,4,5
DDPM,900,444,0.5,3,4
DDPM,900,445,0.49375,3,8
DDPM,900,446,0.3,4,7
DDPM,900,447,0.44375,5,5
DDPM,900,448,0.39375,5,6
DDPM,900,449,0.40625,5,6
DDPM,900,450,0.44375,4,7
DDPM,900,451,0.56875,4,7
DDPM,900,452,0.5375,3,5
DDPM,900,453,0.40625,6,6
DDPM,900,454,0.525,4,4
DDPM,900,455,0.5125,3,8
DDPM,900,456,0.35625,5,5
DDPM,900,457,0.33125,4,4
DDPM,900,458,0.4625,5,5
DDPM,900,459,0.5125,5,5
DDPM,900,460,0.30625,7,7
DDPM,900,461,0.425,6,6
DDPM,900,462,0.325,6,7
DDPM,900,463,0.44375,5,6
DDPM,900,464,0.3875,4,13
DDPM,900,465,0.225,5,6
DDPM,900,466,0.35625,8,8
DDPM,900,467,0.45625,4,10
DDPM,900,468,0.35,7,7
DDPM,900,469,0.49375,5,5
DDPM,900,470,0.33125,6,6
DDPM,900,471,0.31875,6,6
DDPM,900,472,0.4375,4,6
DDPM,900,473,0.3,7,8
DDPM,900,474,0.34375,6,6
DDPM,900,475,0.40625,5,7
DDPM,900,476,0.49375,7,7
DDPM,900,477,0.30625,10,10
DDPM,900,478,0.25,6,7
DDPM,900,479,0.34375,5,6
DDPM,900,480,0.28125,11,11
DDPM,900,481,0.5,7,7
DDPM,900,482,0.45,3,5
DDPM,900,483,0.4875,5,5
DDPM,900,484,0.2,12,12
DDPM,900,485,0.45625,5,5
DDPM,900,486,0.2875,10,10
DDPM,900,487,0.46875,4,5
DDPM,900,488,0.45,3,4
DDPM,900,489,0.3875,3,6
DDPM,900,490,0.30625,4,7
DDPM,900,491,0.5,4,5
DDPM,900,492,0.36875,7,7
DDPM,900,493,0.2625,6,6
DDPM,900,494,0.40625,5,7
DDPM,900,495,0.33125,5,8
DDPM,900,496,0.43125,4,5
DDPM,900,497,0.4875,4,4
DDPM,900,498,0.53125,4,6
DDPM,900,499,0.44375,3,4
DDPM,900,500,0.51875,3,4
DDPM,900,501,0.41875,5,5
DDPM,900,502,0.4375,5,6
DDPM,900,503,0.50625,3,5
DDPM,900,504,0.41875,4,8
DDPM,900,505,0.48125,4,5
DDPM,900,506,0.3875,6,6
DDPM,900,507,0.3625,5,7
DDPM,900,508,0.35,5,5
DDPM,900,509,0.43125,5,6
DDPM,900,510,0.46875,4,10
DDPM,900,511,0.46875,5,6
DDPM,900,512,0.38125,5,7
DDPM,900,513,0.3,7,7
DDPM,900,514,0.29375,7,7
DDPM,900,515,0.40625,4,6
DDPM,900,516,0.46875,5,6
DDPM,900,517,0.31875,5,9
DDPM,900,518,0.45,5,6
DDPM,900,519,0.38125,5,6
DDPM,900,520,0.35,5,7
DDPM,900,521,0.375,5,6
DDPM,900,522,0.2625,10,10
DDPM,900,523,0.2875,6,6
DDPM,900,524,0.4875,4,4
DDPM,900,525,0.45625,5,6
DDPM,900,526,0.38125,6,6
DDPM,900,527,0.4,3,4
DDPM,900,528,0.4125,7,7
DDPM,900,529,0.3125,5,7
DDPM,900,530,0.49375,4,5
DDPM,900,531,0.36875,4,4
DDPM,900,532,0.4625,4,7
DDPM,900,533,0.4625,4,5
DDPM,900,534,0.39375,4,6
DDPM,900,535,0.49375,4,5
DDPM,900,536,0.4,6,6
DDPM,900,537,0.50625,4,7
DDPM,900,538,0.425,5,5
DDPM,900,539,0.5375,4,5
DDPM,900,540,0.4375,6,6
DDPM,900,541,0.48125,5,5
DDPM,900,542,0.425,7,7
DDPM,900,543,0.4625,3,5
DDPM,900,544,0.5625,5,6
DDPM,900,545,0.45,5,5
DDPM,900,546,0.5125,3,5
DDPM,900,547,0.4625,4,6
DDPM,900,548,0.3875,4,5
DDPM,900,549,0.525,3,4
DDPM,900,550,0.3125,5,7
DDPM,900,551,0.2625,5,5
DDPM,900,552,0.3625,7,7
DDPM,900,553,0.54375,4,4
DDPM,900,554,0.33125,7,7
DDPM,900,555,0.3625,6,6
DDPM,900,556,0.29375,6,9
DDPM,900,557,0.3125,4,5
DDPM,900,558,0.5,5,6
DDPM,900,559,0.3375,7,7
DDPM,900,560,0.40625,4,5
DDPM,900,561,0.3375,7,7
DDPM,900,562,0.41875,6,6
DDPM,900,563,0.425,4,6
DDPM,900,564,0.36875,4,4
DDPM,900,565,0.58125,3,5
DDPM,900,566,0.275,4,6
DDPM,900,567,0.2625,10,10
DDPM,900,568,0.40625,5,6
DDPM,900,569,0.50625,3,5
DDPM,900,570,0.4375,6,7
DDPM,900,571,0.275,8,8
DDPM,900,572,0.44375,5,6
DDPM,900,573,0.35,6,6
DDPM,900,574,0.38125,7,7
DDPM,900,575,0.36875,14,14
DDPM,900,576,0.51875,3,5
DDPM,900,577,0.43125,5,5
DDPM,900,578,0.39375,4,6
DDPM,900,579,0.3625,4,5
DDPM,900,580,0.46875,5,8
DDPM,900,581,0.3875,4,7
DDPM,900,582,0.38125,5,5
DDPM,900,583,0.4625,5,5
DDPM,900,584,0.575,3,5
DDPM,900,585,0.4375,5,5
DDPM,900,586,0.325,11,11
DDPM,900,587,0.3,4,7
DDPM,900,588,0.4375,4,5
DDPM,900,589,0.3375,4,5
DDPM,900,590,0.43125,5,5
DDPM,900,591,0.41875,5,5
DDPM,900,592,0.51875,3,5
DDPM,900,593,0.53125,4,4
DDPM,900,594,0.425,5,5
DDPM,900,595,0.4125,5,5
DDPM,900,596,0.5,4,9
DDPM,900,597,0.5375,4,7
DDPM,900,598,0.5,3,6
DDPM,900,599,0.3875,9,9
DDPM,900,600,0.49375,3,6
DDPM,900,601,0.3125,6,6
DDPM,900,602,0.49375,4,4
DDPM,900,603,0.25625,7,7
DDPM,900,604,0.325,3,7
DDPM,900,605,0.38125,4,7
DDPM,900,606,0.4,3,6
DDPM,900,607,0.48125,4,5
DDPM,900,608,0.5375,4,6
DDPM,900,609,0.5,4,4
DDPM,900,610,0.30625,5,7
DDPM,900,611,0.43125,5,5
DDPM,900,612,0.3625,5,5
DDPM,900,613,0.44375,4,5
DDPM,900,614,0.35625,6,6
DDPM,900,615,0.28125,9,9
DDPM,900,616,0.25625,4,5
DDPM,900,617,0.35,7,7
DDPM,900,618,0.4625,4,5
DDPM,900,619,0.38125,6,6
DDPM,900,620,0.43125,5,5
DDPM,900,621,0.35625,7,7
DDPM,900,622,0.44375,4,6
DDPM,900,623,0.45,6,6
DDPM,900,624,0.53125,3,6
DDPM,900,625,0.53125,4,4
DDPM,900,626,0.45,5,5
DDPM,900,627,0.40625,4,8
DDPM,900,628,0.375,5,5
DDPM,900,629,0.425,4,5
DDPM,900,630,0.28125,5,5
DDPM,900,631,0.39375,4,5
DDPM,900,632,0.425,5,5
DDPM,900,633,0.375,5,5
DDPM,900,634,0.51875,4,8
DDPM,900,635,0.4625,3,5
DDPM,900,636,0.4125,3,5
DDPM,900,637,0.36875,5,5
DDPM,900,638,0.41875,4,5
DDPM,900,639,0.25,7,7
DDPM,900,640,0.475,6,6
DDPM,900,641,0.41875,4,8
DDPM,900,642,0.58125,4,5
DDPM,900,643,0.5875,5,5
DDPM,900,644,0.5,5,5
DDPM,900,645,0.48125,5,6
DDPM,900,646,0.3875,6,6
DDPM,900,647,0.43125,4,6
DDPM,900,648,0.41875,5,7
DDPM,900,649,0.56875,4,4
DDPM,900,650,0.38125,5,5
DDPM,900,651,0.41875,5,7
DDPM,900,652,0.31875,5,8
DDPM,900,653,0.3,7,7
DDPM,900,654,0.4875,7,7
DDPM,900,655,0.38125,4,5
DDPM,900,656,0.4375,4,4
DDPM,900,657,0.5125,4,5
DDPM,900,658,0.3875,4,7
DDPM,900,659,0.34375,6,6
DDPM,900,660,0.3375,6,6
DDPM,900,661,0.34375,4,5
DDPM,900,662,0.3125,5,6
DDPM,900,663,0.31875,13,13
DDPM,900,664,0.4,6,6
DDPM,900,665,0.4,5,6
DDPM,900,666,0.4,5,5
DDPM,900,667,0.34375,6,6
DDPM,900,668,0.4625,5,7
DDPM,900,669,0.39375,4,5
DDPM,900,670,0.55625,4,4
DDPM,900,671,0.39375,5,5
DDPM,900,672,0.5,6,6
DDPM,900,673,0.3625,4,8
DDPM,900,674,0.46875,5,5
DDPM,900,675,0.38125,5,7
DDPM,900,676,0.475,4,6
DDPM,900,677,0.43125,3,4
DDPM,900,678,0.28125,6,6
DDPM,900,679,0.3375,6,6
DDPM,900,680,0.30625,6,6
DDPM,900,681,0.51875,4,5
DDPM,900,682,0.45625,7,7
DDPM,900,683,0.2875,5,5
DDPM,900,684,0.4,5,5
DDPM,900,685,0.375,9,9
DDPM,900,686,0.4,5,5
DDPM,900,687,0.425,4,6
DDPM,900,688,0.4375,5,5
DDPM,900,689,0.36875,7,7
DDPM,900,690,0.38125,5,5
DDPM,900,691,0.4,9,9
DDPM,900,692,0.40625,5,5
DDPM,900,693,0.45625,4,5
DDPM,900,694,0.5375,4,6
DDPM,900,695,0.49375,4,4
DDPM,900,696,0.275,6,6
DDPM,900,697,0.41875,4,7
DDPM,900,698,0.48125,6,6
DDPM,900,699,0.3375,5,6
DDPM,900,700,0.45625,7,7
DDPM,900,701,0.625,4,5
DDPM,900,702,0.525,3,5
DDPM,900,703,0.48125,8,9
DDPM,900,704,0.475,4,5
DDPM,900,705,0.4375,6,6
DDPM,900,706,0.3375,4,4
DDPM,900,707,0.38125,4,7
DDPM,900,708,0.41875,5,7
DDPM,900,709,0.375,5,5
DDPM,900,710,0.36875,3,6
DDPM,900,711,0.48125,5,6
DDPM,900,712,0.28125,5,5
DDPM,900,713,0.35,4,5
DDPM,900,714,0.43125,4,6
DDPM,900,715,0.4375,3,8
DDPM,900,716,0.50625,4,5
DDPM,900,717,0.36875,7,7
DDPM,900,718,0.55625,4,5
DDPM,900,719,0.54375,3,10
DDPM,900,720,0.45,5,5
DDPM,900,721,0.38125,4,5
DDPM,900,722,0.41875,7,7
DDPM,900,723,0.40625,4,5
DDPM,900,724,0.35,9,9
DDPM,900,725,0.51875,6,6
DDPM,900,726,0.4125,5,5
DDPM,900,727,0.56875,5,5
DDPM,900,728,0.4375,5,5
DDPM,900,729,0.425,5,5
DDPM,900,730,0.34375,5,5
DDPM,900,731,0.3125,5,7
DDPM,900,732,0.30625,8,8
DDPM,900,733,0.44375,5,6
DDPM,900,734,0.425,10,10
DDPM,900,735,0.3125,7,7
DDPM,900,736,0.2875,8,8
DDPM,900,737,0.34375,8,8
DDPM,900,738,0.23125,7,7
DDPM,900,739,0.44375,7,7
DDPM,900,740,0.4375,3,7
DDPM,900,741,0.44375,5,5
DDPM,900,742,0.3625,5,5
DDPM,900,743,0.3375,5,5
DDPM,900,744,0.48125,5,5
DDPM,900,745,0.49375,3,5
DDPM,900,746,0.45625,5,5
DDPM,900,747,0.45625,7,7
DDPM,900,748,0.275,5,5
DDPM,900,749,0.48125,5,6
DDPM,900,750,0.40625,5,5
DDPM,900,751,0.43125,4,5
DDPM,900,752,0.3625,5,5
DDPM,900,753,0.40625,7,7
DDPM,900,754,0.36875,4,8
DDPM,900,755,0.33125,7,7
DDPM,900,756,0.4375,4,6
DDPM,900,757,0.40625,4,5
DDPM,900,758,0.35625,6,6
DDPM,900,759,0.35625,11,11
DDPM,900,760,0.3,9,9
DDPM,900,761,0.4625,4,4
DDPM,900,762,0.35625,5,5
DDPM,900,763,0.55,3,6
DDPM,900,764,0.39375,5,6
DDPM,900,765,0.43125,4,5
DDPM,900,766,0.38125,6,8
DDPM,900,767,0.50625,5,6
DDPM,900,768,0.38125,5,5
DDPM,900,769,0.30625,5,7
DDPM,900,770,0.375,5,5
DDPM,900,771,0.38125,5,5
DDPM,900,772,0.33125,9,9
DDPM,900,773,0.5,4,4
DDPM,900,774,0.475,4,6
DDPM,900,775,0.4375,5,7
DDPM,900,776,0.21875,10,10
DDPM,900,777,0.25,6,6
DDPM,900,778,0.43125,4,7
DDPM,900,779,0.3625,5,5
DDPM,900,780,0.21875,15,15
DDPM,900,781,0.35,5,5
DDPM,900,782,0.45,4,7
DDPM,900,783,0.4625,4,5
DDPM,900,784,0.33125,5,6
DDPM,900,785,0.3375,5,6
DDPM,900,786,0.51875,5,5
DDPM,900,787,0.45,5,7
DDPM,900,788,0.26875,6,6
DDPM,900,789,0.53125,5,5
DDPM,900,790,0.4,6,6
DDPM,900,791,0.41875,4,5
DDPM,900,792,0.35,7,7
DDPM,900,793,0.5,4,5
DDPM,900,794,0.39375,4,5
DDPM,900,795,0.45,4,6
DDPM,900,796,0.26875,6,6
DDPM,900,797,0.3125,7,8
DDPM,900,798,0.38125,7,7
DDPM,900,799,0.375,7,7
DDPM,900,800,0.4875,4,8
DDPM,900,801,0.44375,4,5
DDPM,900,802,0.4625,5,5
DDPM,900,803,0.3625,5,5
DDPM,900,804,0.4125,5,5
DDPM,900,805,0.43125,6,6
DDPM,900,806,0.4875,5,5
DDPM,900,807,0.45625,6,6
DDPM,900,808,0.3375,5,7
DDPM,900,809,0.4375,5,5
DDPM,900,810,0.41875,6,7
DDPM,900,811,0.375,5,5
DDPM,900,812,0.36875,5,5
DDPM,900,813,0.35625,8,8
DDPM,900,814,0.475,4,4
DDPM,900,815,0.3625,4,5
DDPM,900,816,0.35625,6,6
DDPM,900,817,0.475,6,6
DDPM,900,818,0.40625,8,8
DDPM,900,819,0.45625,4,6
DDPM,900,820,0.375,7,7
DDPM,900,821,0.61875,4,5
DDPM,900,822,0.40625,4,4
DDPM,900,823,0.43125,4,6
DDPM,900,824,0.4,4,4
DDPM,900,825,0.35625,8,8
DDPM,900,826,0.45625,4,5
DDPM,900,827,0.4,5,6
DDPM,900,828,0.4125,5,5
DDPM,900,829,0.4125,4,5
DDPM,900,830,0.5125,3,5
DDPM,900,831,0.525,3,7
DDPM,900,832,0.35,4,5
DDPM,900,833,0.54375,4,5
DDPM,900,834,0.4125,4,6
DDPM,900,835,0.45,6,6
DDPM,900,836,0.41875,4,11
DDPM,900,837,0.3875,5,6
DDPM,900,838,0.29375,7,7
DDPM,900,839,0.45625,4,5
DDPM,900,840,0.44375,6,6
DDPM,900,841,0.41875,6,6
DDPM,900,842,0.43125,5,5
DDPM,900,843,0.48125,3,4
DDPM,900,844,0.44375,4,6
DDPM,900,845,0.4375,5,5
DDPM,900,846,0.46875,3,9
DDPM,900,847,0.425,5,8
DDPM,900,848,0.36875,6,6
DDPM,900,849,0.375,4,6
DDPM,900,850,0.45,4,6
DDPM,900,851,0.38125,5,7
DDPM,900,852,0.3625,6,7
DDPM,900,853,0.35,5,6
DDPM,900,854,0.43125,6,6
DDPM,900,855,0.38125,4,4
DDPM,900,856,0.4125,5,5
DDPM,900,857,0.48125,5,5
DDPM,900,858,0.49375,4,4
DDPM,900,859,0.49375,4,8
DDPM,900,860,0.375,8,8
DDPM,900,861,0.4875,4,5
DDPM,900,862,0.33125,7,7
DDPM,900,863,0.41875,5,8
DDPM,900,864,0.38125,6,6
DDPM,900,865,0.4625,4,6
DDPM,900,866,0.41875,6,6
DDPM,900,867,0.4,4,6
DDPM,900,868,0.40625,5,6
DDPM,900,869,0.48125,4,6
DDPM,900,870,0.4,6,6
DDPM,900,871,0.4875,6,6
DDPM,900,872,0.48125,5,5
DDPM,900,873,0.21875,8,8
DDPM,900,874,0.30625,12,12
DDPM,900,875,0.6,4,5
DDPM,900,876,0.34375,5,5
DDPM,900,877,0.41875,7,7
DDPM,900,878,0.3625,4,5
DDPM,900,879,0.45,5,7
DDPM,900,880,0.4125,6,6
DDPM,900,881,0.475,6,7
DDPM,900,882,0.41875,4,7
DDPM,900,883,0.51875,5,5
DDPM,900,884,0.44375,7,7
DDPM,900,885,0.5,4,7
DDPM,900,886,0.325,5,6
DDPM,900,887,0.35625,7,7
DDPM,900,888,0.4375,4,9
DDPM,900,889,0.35625,6,6
DDPM,900,890,0.44375,4,4
DDPM,900,891,0.43125,6,6
DDPM,900,892,0.46875,5,5
DDPM,900,893,0.35625,7,7
DDPM,900,894,0.43125,4,5
DDPM,900,895,0.51875,3,5
DDPM,900,896,0.38125,4,4
DDPM,900,897,0.54375,3,4
DDPM,900,898,0.4,5,5
DDPM,900,899,0.55,4,8
DDPM,900,900,0.30625,5,6
DDPM,900,901,0.45,4,7
DDPM,900,902,0.425,6,6
DDPM,900,903,0.53125,4,5
DDPM,900,904,0.40625,5,5
DDPM,900,905,0.3,6,6
DDPM,900,906,0.5125,4,4
DDPM,900,907,0.44375,4,5
DDPM,900,908,0.5125,3,5
DDPM,900,909,0.3875,5,9
DDPM,900,910,0.43125,7,7
DDPM,900,911,0.44375,4,4
DDPM,900,912,0.4125,6,6
DDPM,900,913,0.53125,5,6
DDPM,900,914,0.44375,8,8
DDPM,900,915,0.45,5,7
DDPM,900,916,0.425,11,11
DDPM,900,917,0.2375,7,7
DDPM,900,918,0.3625,4,5
DDPM,900,919,0.39375,5,6
DDPM,900,920,0.45625,4,6
DDPM,900,921,0.54375,5,5
DDPM,900,922,0.35625,5,6
DDPM,900,923,0.375,3,7
DDPM,900,924,0.36875,6,6
DDPM,900,925,0.475,8,8
DDPM,900,926,0.50625,4,6
DDPM,900,927,0.38125,5,5
DDPM,900,928,0.4,5,5
DDPM,900,929,0.4,6,6
DDPM,900,930,0.44375,4,6
DDPM,900,931,0.48125,4,5
DDPM,900,932,0.425,6,7
DDPM,900,933,0.5625,4,4
DDPM,900,934,0.35625,5,16
DDPM,900,935,0.45,5,7
DDPM,900,936,0.4375,5,6
DDPM,900,937,0.4,3,4
DDPM,900,938,0.3625,4,5
DDPM,900,939,0.4125,5,6
DDPM,900,940,0.36875,7,7
DDPM,900,941,0.38125,4,5
DDPM,900,942,0.45625,4,5
DDPM,900,943,0.38125,4,5
DDPM,900,944,0.3125,6,6
DDPM,900,945,0.4125,5,7
DDPM,900,946,0.48125,4,6
DDPM,900,947,0.36875,10,10
DDPM,900,948,0.33125,5,5
DDPM,900,949,0.34375,5,5
DDPM,900,950,0.3875,6,7
DDPM,900,951,0.4125,4,5
DDPM,900,952,0.48125,3,5
DDPM,900,953,0.45,4,4
DDPM,900,954,0.39375,9,9
DDPM,900,955,0.4625,4,6
DDPM,900,956,0.4625,4,6
DDPM,900,957,0.4125,8,8
DDPM,900,958,0.39375,6,6
DDPM,900,959,0.40625,5,7
DDPM,900,960,0.39375,6,6
DDPM,900,961,0.23125,7,7
DDPM,900,962,0.45625,4,4
DDPM,900,963,0.50625,5,7
DDPM,900,964,0.425,4,4
DDPM,900,965,0.39375,7,7
DDPM,900,966,0.49375,5,6
DDPM,900,967,0.3625,5,6
DDPM,900,968,0.50625,4,5
DDPM,900,969,0.4375,4,5
DDPM,900,970,0.48125,5,5
DDPM,900,971,0.3875,9,9
DDPM,900,972,0.30625,5,5
DDPM,900,973,0.33125,4,5
DDPM,900,974,0.4125,5,5
DDPM,900,975,0.46875,6,6
DDPM,900,976,0.28125,4,4
DDPM,900,977,0.36875,4,6
DDPM,900,978,0.48125,5,5
DDPM,900,979,0.5875,4,6
DDPM,900,980,0.4,4,5
DDPM,900,981,0.5375,4,6
DDPM,900,982,0.38125,7,7
DDPM,900,983,0.41875,6,6
DDPM,900,984,0.5125,4,5
DDPM,900,985,0.25,7,7
DDPM,900,986,0.46875,3,5
DDPM,900,987,0.4375,5,5
DDPM,900,988,0.45625,6,7
DDPM,900,989,0.20625,8,8
DDPM,900,990,0.3875,5,5
DDPM,900,991,0.325,5,5
DDPM,900,992,0.3375,4,5
DDPM,900,993,0.375,5,6
DDPM,900,994,0.50625,4,7
DDPM,900,995,0.43125,3,5
DDPM,900,996,0.30625,5,6
DDPM,900,997,0.3375,9,9
DDPM,900,998,0.475,3,11
DDPM,900,999,0.31875,6,6
DDPM,1800,0,0.3375,5,6
DDPM,1800,1,0.56875,3,5
DDPM,1800,2,0.35625,5,5
DDPM,1800,3,0.325,5,6
DDPM,1800,4,0.31875,5,5
DDPM,1800,5,0.45,5,5
DDPM,1800,6,0.43125,5,5
DDPM,1800,7,0.24375,5,8
DDPM,1800,8,0.49375,7,8
DDPM,1800,9,0.325,5,6
DDPM,1800,10,0.325,9,13
DDPM,1800,11,0.5625,6,6
DDPM,1800,12,0.45625,4,8
DDPM,1800,13,0.23125,10,10
DDPM,1800,14,0.325,8,8
DDPM,1800,15,0.36875,10,10
DDPM,1800,16,0.28125,6,6
DDPM,1800,17,0.225,8,8
DDPM,1800,18,0.4,10,10
DDPM,1800,19,0.3375,7,7
DDPM,1800,20,0.44375,3,4
DDPM,1800,21,0.48125,8,8
DDPM,1800,22,0.375,13,13
DDPM,1800,23,0.14375,9,9
DDPM,1800,24,0.29375,6,6
DDPM,1800,25,0.35625,5,5
DDPM,1800,26,0.4375,4,5
DDPM,1800,27,0.40625,5,6
DDPM,1800,28,0.25,6,6
DDPM,1800,29,0.3875,4,12
DDPM,1800,30,0.49375,4,7
DDPM,1800,31,0.4875,4,5
DDPM,1800,32,0.275,8,8
DDPM,1800,33,0.30625,6,9
DDPM,1800,34,0.39375,10,10
DDPM,1800,35,0.30625,6,6
DDPM,1800,36,0.475,3,7
DDPM,1800,37,0.4,7,7
DDPM,1800,38,0.3875,6,6
DDPM,1800,39,0.2375,7,7
DDPM,1800,40,0.30625,13,13
DDPM,1800,41,0.375,5,5
DDPM,1800,42,0.38125,8,8
DDPM,1800,43,0.28125,8,8
DDPM,1800,44,0.36875,6,6
DDPM,1800,45,0.38125,4,5
DDPM,1800,46,0.50625,3,4
DDPM,1800,47,0.45,4,6
DDPM,1800,48,0.45625,4,5
DDPM,1800,49,0.48125,5,7
DDPM,1800,50,0.375,4,6
DDPM,1800,51,0.41875,5,5
DDPM,1800,52,0.44375,4,4
DDPM,1800,53,0.3375,6,6
DDPM,1800,54,0.2625,5,6
DDPM,1800,55,0.26875,9,9
DDPM,1800,56,0.3625,6,6
DDPM,1800,57,0.2625,10,10
DDPM,1800,58,0.275,4,5
DDPM,1800,59,0.325,4,5
DDPM,1800,60,0.4875,5,6
DDPM,1800,61,0.375,6,6
DDPM,1800,62,0.35,4,4
DDPM,1800,63,0.3875,4,5
DDPM,1800,64,0.41875,4,15
DDPM,1800,65,0.4125,5,5
DDPM,1800,66,0.44375,4,7
DDPM,1800,67,0.41875,3,10
DDPM,1800,68,0.34375,5,11
DDPM,1800,69,0.25625,8,8
DDPM,1800,70,0.45,5,5
DDPM,1800,71,0.475,5,5
DDPM,1800,72,0.33125,8,8
DDPM,1800,73,0.3875,5,7
DDPM,1800,74,0.45,4,7
DDPM,1800,75,0.56875,4,5
DDPM,1800,76,0.25625,6,6
DDPM,1800,77,0.375,4,5
DDPM,1800,78,0.40625,5,5
DDPM,1800,79,0.30625,6,6
DDPM,1800,80,0.24375,7,7
DDPM,1800,81,0.4125,5,5
DDPM,1800,82,0.43125,6,6
DDPM,1800,83,0.3375,9,9
DDPM,1800,84,0.40625,5,5
DDPM,1800,85,0.3875,9,9
DDPM,1800,86,0.50625,3,6
DDPM,1800,87,0.375,5,7
DDPM,1800,88,0.4,6,6
DDPM,1800,89,0.3125,6,6
DDPM,1800,90,0.39375,5,6
DDPM,1800,91,0.3625,5,6
DDPM,1800,92,0.275,11,11
DDPM,1800,93,0.25625,8,8
DDPM,1800,94,0.33125,5,5
DDPM,1800,95,0.26875,6,7
DDPM,1800,96,0.4625,5,5
DDPM,1800,97,0.39375,5,5
DDPM,1800,98,0.50625,4,4
DDPM,1800,99,0.29375,9,9
DDPM,1800,100,0.4,5,6
DDPM,1800,101,0.31875,4,6
DDPM,1800,102,0.375,7,7
DDPM,1800,103,0.5125,3,6
DDPM,1800,104,0.25,6,8
DDPM,1800,105,0.4,5,5
DDPM,1800,106,0.375,4,7
DDPM,1800,107,0.4125,7,7
DDPM,1800,108,0.49375,4,6
DDPM,1800,109,0.31875,5,8
DDPM,1800,110,0.2875,7,7
DDPM,1800,111,0.25625,7,7
DDPM,1800,112,0.44375,5,6
DDPM,1800,113,0.44375,5,5
DDPM,1800,114,0.34375,7,7
DDPM,1800,115,0.35,6,6
DDPM,1800,116,0.2625,6,6
DDPM,1800,117,0.275,8,8
DDPM,1800,118,0.61875,3,5
DDPM,1800,119,0.36875,5,5
DDPM,1800,120,0.2875,8,8
DDPM,1800,121,0.26875,9,9
DDPM,1800,122,0.4625,6,6
DDPM,1800,123,0.35625,5,6
DDPM,1800,124,0.2,9,9
DDPM,1800,125,0.54375,4,8
DDPM,1800,126,0.45,5,6
DDPM,1800,127,0.36875,5,5
DDPM,1800,128,0.33125,5,6
DDPM,1800,129,0.4125,5,5
DDPM,1800,130,0.49375,7,7
DDPM,1800,131,0.38125,5,5
DDPM,1800,132,0.2,14,14
DDPM,1800,133,0.33125,5,6
DDPM,1800,134,0.35,5,6
DDPM,1800,135,0.41875,4,8
DDPM,1800,136,0.39375,5,7
DDPM,1800,137,0.34375,8,8
DDPM,1800,138,0.425,4,5
DDPM,1800,139,0.40625,7,7
DDPM,1800,140,0.41875,4,5
DDPM,1800,141,0.3,7,7
DDPM,1800,142,0.41875,4,5
DDPM,1800,143,0.3125,5,5
DDPM,1800,144,0.38125,5,9
DDPM,1800,145,0.2875,4,6
DDPM,1800,146,0.45625,4,7
DDPM,1800,147,0.3375,6,6
DDPM,1800,148,0.4625,4,6
DDPM,1800,149,0.5625,3,5
DDPM,1800,150,0.26875,9,9
DDPM,1800,151,0.375,5,5
DDPM,1800,152,0.35625,6,6
DDPM,1800,153,0.5,4,6
DDPM,1800,154,0.30625,8,8
DDPM,1800,155,0.43125,5,7
DDPM,1800,156,0.45625,5,5
DDPM,1800,157,0.46875,4,4
DDPM,1800,158,0.1125,10,10
DDPM,1800,159,0.35625,8,8
DDPM,1800,160,0.4125,8,8
DDPM,1800,161,0.48125,4,4
DDPM,1800,162,0.35,5,5
DDPM,1800,163,0.35,6,7
DDPM,1800,164,0.2875,9,9
DDPM,1800,165,0.34375,6,6
DDPM,1800,166,0.475,4,7
DDPM,1800,167,0.33125,4,9
DDPM,1800,168,0.3625,5,5
DDPM,1800,169,0.43125,5,6
DDPM,1800,170,0.275,8,8
DDPM,1800,171,0.2375,8,8
DDPM,1800,172,0.39375,5,7
DDPM,1800,173,0.5875,3,6
DDPM,1800,174,0.375,5,5
DDPM,1800,175,0.25625,6,6
DDPM,1800,176,0.40625,11,11
DDPM,1800,177,0.375,6,6
DDPM,1800,178,0.30625,7,7
DDPM,1800,179,0.275,5,6
DDPM,1800,180,0.4125,6,7
DDPM,1800,181,0.15625,9,9
DDPM,1800,182,0.45625,9,9
DDPM,1800,183,0.3375,7,7
DDPM,1800,184,0.4125,6,6
DDPM,1800,185,0.425,5,5
DDPM,1800,186,0.19375,11,11
DDPM,1800,187,0.29375,7,7
DDPM,1800,188,0.45,5,5
DDPM,1800,189,0.46875,5,9
DDPM,1800,190,0.39375,7,7
DDPM,1800,191,0.44375,5,5
DDPM,1800,192,0.3875,6,6
DDPM,1800,193,0.43125,4,5
DDPM,1800,194,0.3375,5,6
DDPM,1800,195,0.35,4,5
DDPM,1800,196,0.35625,7,7
DDPM,1800,197,0.225,7,7
DDPM,1800,198,0.34375,8,8
DDPM,1800,199,0.40625,4,6
DDPM,1800,200,0.25625,6,6
DDPM,1800,201,0.575,4,7
DDPM,1800,202,0.58125,3,4
DDPM,1800,203,0.23125,8,8
DDPM,1800,204,0.375,8,8
DDPM,1800,205,0.38125,5,6
DDPM,1800,206,0.3625,5,10
DDPM,1800,207,0.34375,7,7
DDPM,1800,208,0.41875,6,6
DDPM,1800,209,0.38125,5,6
DDPM,1800,210,0.28125,8,8
DDPM,1800,211,0.39375,5,6
DDPM,1800,212,0.325,6,6
DDPM,1800,213,0.45,5,5
DDPM,1800,214,0.325,5,6
DDPM,1800,215,0.48125,4,7
DDPM,1800,216,0.43125,4,9
DDPM,1800,217,0.3375,5,5
DDPM,1800,218,0.28125,10,10
DDPM,1800,219,0.375,9,11
DDPM,1800,220,0.3125,7,7
DDPM,1800,221,0.30625,6,6
DDPM,1800,222,0.4375,5,6
DDPM,1800,223,0.34375,10,10
DDPM,1800,224,0.21875,7,7
DDPM,1800,225,0.33125,5,5
DDPM,1800,226,0.40625,4,8
DDPM,1800,227,0.44375,3,5
DDPM,1800,228,0.275,7,7
DDPM,1800,229,0.43125,6,12
DDPM,1800,230,0.5125,4,5
DDPM,1800,231,0.30625,11,11
DDPM,1800,232,0.475,5,5
DDPM,1800,233,0.46875,4,8
DDPM,1800,234,0.25625,7,7
DDPM,1800,235,0.4125,8,8
DDPM,1800,236,0.4125,5,5
DDPM,1800,237,0.45625,6,6
DDPM,1800,238,0.31875,9,9
DDPM,1800,239,0.55625,4,6
DDPM,1800,240,0.39375,4,6
DDPM,1800,241,0.56875,3,5
DDPM,1800,242,0.3375,10,10
DDPM,1800,243,0.38125,7,7
DDPM,1800,244,0.43125,5,6
DDPM,1800,245,0.34375,6,7
DDPM,1800,246,0.38125,5,6
DDPM,1800,247,0.49375,5,9
DDPM,1800,248,0.39375,4,5
DDPM,1800,249,0.44375,3,5
DDPM,1800,250,0.33125,5,6
DDPM,1800,251,0.29375,9,9
DDPM,1800,252,0.3125,6,6
DDPM,1800,253,0.50625,4,5
DDPM,1800,254,0.39375,7,7
DDPM,1800,255,0.35625,5,6
DDPM,1800,256,0.41875,4,5
DDPM,1800,257,0.34375,4,9
DDPM,1800,258,0.45,8,8
DDPM,1800,259,0.26875,4,9
DDPM,1800,260,0.43125,5,5
DDPM,1800,261,0.35,4,5
DDPM,1800,262,0.3125,7,7
DDPM,1800,263,0.2875,5,6
DDPM,1800,264,0.3625,5,7
DDPM,1800,265,0.4,5,10
DDPM,1800,266,0.375,6,6
DDPM,1800,267,0.51875,4,4
DDPM,1800,268,0.41875,5,11
DDPM,1800,269,0.31875,6,6
DDPM,1800,270,0.2375,5,9
DDPM,1800,271,0.4625,4,4
DDPM,1800,272,0.33125,5,5
DDPM,1800,273,0.4,4,4
DDPM,1800,274,0.35625,6,6
DDPM,1800,275,0.45625,4,5
DDPM,1800,276,0.45625,3,5
DDPM,1800,277,0.325,6,6
DDPM,1800,278,0.40625,4,8
DDPM,1800,279,0.525,3,6
DDPM,1800,280,0.4125,5,11
DDPM,1800,281,0.4625,4,16
DDPM,1800,282,0.525,3,5
DDPM,1800,283,0.39375,4,5
DDPM,1800,284,0.30625,4,5
DDPM,1800,285,0.51875,3,6
DDPM,1800,286,0.525,4,6
DDPM,1800,287,0.375,7,7
DDPM,1800,288,0.36875,3,7
DDPM,1800,289,0.425,4,6
DDPM,1800,290,0.38125,5,5
DDPM,1800,291,0.35,8,10
DDPM,1800,292,0.35625,4,7
DDPM,1800,293,0.59375,5,5
DDPM,1800,294,0.36875,6,6
DDPM,1800,295,0.2875,6,6
DDPM,1800,296,0.45625,4,6
DDPM,1800,297,0.41875,5,11
DDPM,1800,298,0.4375,5,6
DDPM,1800,299,0.21875,11,11
DDPM,1800,300,0.325,4,5
DDPM,1800,301,0.46875,3,6
DDPM,1800,302,0.325,6,6
DDPM,1800,303,0.3875,6,9
DDPM,1800,304,0.4625,5,5
DDPM,1800,305,0.575,4,6
DDPM,1800,306,0.3,5,5
DDPM,1800,307,0.35,11,11
DDPM,1800,308,0.375,5,6
DDPM,1800,309,0.475,4,6
DDPM,1800,310,0.5,4,4
DDPM,1800,311,0.33125,5,5
DDPM,1800,312,0.325,6,6
DDPM,1800,313,0.31875,8,8
DDPM,1800,314,0.41875,5,7
DDPM,1800,315,0.20625,6,6
DDPM,1800,316,0.475,4,7
DDPM,1800,317,0.35625,6,6
DDPM,1800,318,0.425,4,4
DDPM,1800,319,0.35,5,5
DDPM,1800,320,0.3,4,6
DDPM,1800,321,0.25,6,6
DDPM,1800,322,0.4875,5,5
DDPM,1800,323,0.20625,8,8
DDPM,1800,324,0.4,4,8
DDPM,1800,325,0.45625,4,6
DDPM,1800,326,0.26875,7,7
DDPM,1800,327,0.29375,4,7
DDPM,1800,328,0.4375,4,5
DDPM,1800,329,0.46875,5,7
DDPM,1800,330,0.51875,4,6
DDPM,1800,331,0.35625,7,7
DDPM,1800,332,0.4875,5,5
DDPM,1800,333,0.35625,6,6
DDPM,1800,334,0.25625,6,6
DDPM,1800,335,0.36875,8,9
DDPM,1800,336,0.28125,7,7
DDPM,1800,337,0.3625,4,8
DDPM,1800,338,0.50625,4,5
DDPM,1800,339,0.3,8,8
DDPM,1800,340,0.35,8,11
DDPM,1800,341,0.31875,6,7
DDPM,1800,342,0.39375,4,7
DDPM,1800,343,0.35,4,4
DDPM,1800,344,0.25625,6,6
DDPM,1800,345,0.45,4,5
DDPM,1800,346,0.225,5,5
DDPM,1800,347,0.58125,3,5
DDPM,1800,348,0.4875,3,5
DDPM,1800,349,0.3625,6,7
DDPM,1800,350,0.53125,3,5
DDPM,1800,351,0.325,5,5
DDPM,1800,352,0.325,4,5
DDPM,1800,353,0.4125,4,7
DDPM,1800,354,0.4,6,6
DDPM,1800,355,0.4125,5,5
DDPM,1800,356,0.45625,5,5
DDPM,1800,357,0.34375,5,5
DDPM,1800,358,0.4625,5,5
DDPM,1800,359,0.225,5,5
DDPM,1800,360,0.41875,4,9
DDPM,1800,361,0.4375,3,5
DDPM,1800,362,0.25,8,8
DDPM,1800,363,0.4,6,6
DDPM,1800,364,0.34375,6,10
DDPM,1800,365,0.3625,7,7
DDPM,1800,366,0.3125,4,6
DDPM,1800,367,0.45,4,4
DDPM,1800,368,0.3625,6,6
DDPM,1800,369,0.2625,7,7
DDPM,1800,370,0.43125,4,6
DDPM,1800,371,0.31875,5,5
DDPM,1800,372,0.43125,8,8
DDPM,1800,373,0.5375,3,5
DDPM,1800,374,0.4125,5,5
DDPM,1800,375,0.40625,3,5
DDPM,1800,376,0.4125,4,5
DDPM,1800,377,0.43125,4,5
DDPM,1800,378,0.44375,3,5
DDPM,1800,379,0.41875,5,5
DDPM,1800,380,0.3125,5,7
DDPM,1800,381,0.35625,5,6
DDPM,1800,382,0.33125,8,8
DDPM,1800,383,0.54375,5,5
DDPM,1800,384,0.34375,5,5
DDPM,1800,385,0.34375,5,5
DDPM,1800,386,0.25,10,10
DDPM,1800,387,0.3625,9,9
DDPM,1800,388,0.24375,5,6
DDPM,1800,389,0.4875,3,5
DDPM,1800,390,0.35,6,6
DDPM,1800,391,0.35625,4,6
DDPM,1800,392,0.325,4,9
DDPM,1800,393,0.2375,7,7
DDPM,1800,394,0.525,4,5
DDPM,1800,395,0.25625,9,9
DDPM,1800,396,0.44375,5,6
DDPM,1800,397,0.41875,5,8
DDPM,1800,398,0.45,3,4
DDPM,1800,399,0.1875,8,8
DDPM,1800,400,0.4375,5,5
DDPM,1800,401,0.3375,5,6
DDPM,1800,402,0.49375,3,5
DDPM,1800,403,0.3,4,6
DDPM,1800,404,0.4125,5,7
DDPM,1800,405,0.41875,12,12
DDPM,1800,406,0.4,4,9
DDPM,1800,407,0.40625,5,6
DDPM,1800,408,0.3875,4,16
DDPM,1800,409,0.46875,7,7
DDPM,1800,410,0.375,3,9
DDPM,1800,411,0.34375,6,8
DDPM,1800,412,0.4375,4,5
DDPM,1800,413,0.40625,5,7
DDPM,1800,414,0.5,7,7
DDPM,1800,415,0.43125,6,6
DDPM,1800,416,0.46875,4,5
DDPM,1800,417,0.425,6,8
DDPM,1800,418,0.4875,5,5
DDPM,1800,419,0.36875,4,7
DDPM,1800,420,0.58125,4,5
DDPM,1800,421,0.34375,7,7
DDPM,1800,422,0.225,7,7
DDPM,1800,423,0.35625,5,5
DDPM,1800,424,0.4875,5,6
DDPM,1800,425,0.43125,4,4
DDPM,1800,426,0.2625,10,10
DDPM,1800,427,0.38125,5,7
DDPM,1800,428,0.4625,5,5
DDPM,1800,429,0.3875,4,7
DDPM,1800,430,0.43125,5,6
DDPM,1800,431,0.40625,5,5
DDPM,1800,432,0.25,8,8
DDPM,1800,433,0.23125,8,8
DDPM,1800,434,0.2125,10,10
DDPM,1800,435,0.2375,5,5
DDPM,1800,436,0.4125,4,9
DDPM,1800,437,0.575,3,5
DDPM,1800,438,0.40625,4,6
DDPM,1800,439,0.30625,6,6
DDPM,1800,440,0.5125,5,6
DDPM,1800,441,0.5375,3,5
DDPM,1800,442,0.4,4,5
DDPM,1800,443,0.4375,5,6
DDPM,1800,444,0.4625,4,6
DDPM,1800,445,0.40625,5,7
DDPM,1800,446,0.3125,7,7
DDPM,1800,447,0.4125,4,4
DDPM,1800,448,0.4125,8,8
DDPM,1800,449,0.40625,4,5
DDPM,1800,450,0.3375,6,6
DDPM,1800,451,0.29375,5,5
DDPM,1800,452,0.45,5,6
DDPM,1800,453,0.38125,6,6
DDPM,1800,454,0.16875,9,9
DDPM,1800,455,0.25,7,7
DDPM,1800,456,0.38125,7,7
DDPM,1800,457,0.4125,7,7
DDPM,1800,458,0.49375,5,6
DDPM,1800,459,0.375,5,5
DDPM,1800,460,0.24375,6,6
DDPM,1800,461,0.2375,9,9
DDPM,1800,462,0.45625,5,5
DDPM,1800,463,0.4125,5,6
DDPM,1800,464,0.44375,4,8
DDPM,1800,465,0.20625,7,7
DDPM,1800,466,0.36875,4,4
DDPM,1800,467,0.41875,6,6
DDPM,1800,468,0.325,4,5
DDPM,1800,469,0.2625,12,12
DDPM,1800,470,0.25625,5,7
DDPM,1800,471,0.19375,7,7
DDPM,1800,472,0.3875,4,8
DDPM,1800,473,0.4875,5,5
DDPM,1800,474,0.30625,4,5
DDPM,1800,475,0.3875,5,9
DDPM,1800,476,0.375,5,5
DDPM,1800,477,0.35625,3,5
DDPM,1800,478,0.35625,7,7
DDPM,1800,479,0.43125,4,11
DDPM,1800,480,0.39375,5,5
DDPM,1800,481,0.43125,4,5
DDPM,1800,482,0.38125,6,6
DDPM,1800,483,0.20625,7,7
DDPM,1800,484,0.21875,5,5
DDPM,1800,485,0.325,11,11
DDPM,1800,486,0.45,6,6
DDPM,1800,487,0.38125,5,6
DDPM,1800,488,0.325,4,6
DDPM,1800,489,0.2625,8,8
DDPM,1800,490,0.38125,4,5
DDPM,1800,491,0.30625,5,6
DDPM,1800,492,0.45,5,5
DDPM,1800,493,0.38125,6,6
DDPM,1800,494,0.275,9,9
DDPM,1800,495,0.3125,4,7
DDPM,1800,496,0.25625,8,8
DDPM,1800,497,0.31875,5,6
DDPM,1800,498,0.3375,5,5
DDPM,1800,499,0.475,6,6
DDPM,1800,500,0.45,5,5
DDPM,1800,501,0.2125,9,9
DDPM,1800,502,0.43125,5,5
DDPM,1800,503,0.4,5,6
DDPM,1800,504,0.525,4,4
DDPM,1800,505,0.3875,4,5
DDPM,1800,506,0.35625,7,7
DDPM,1800,507,0.31875,10,10
DDPM,1800,508,0.3125,5,5
DDPM,1800,509,0.34375,5,5
DDPM,1800,510,0.45,5,5
DDPM,1800,511,0.45,6,8
DDPM,1800,512,0.50625,5,5
DDPM,1800,513,0.45,4,5
DDPM,1800,514,0.4,6,6
DDPM,1800,515,0.33125,8,8
DDPM,1800,516,0.5125,4,5
DDPM,1800,517,0.35,4,4
DDPM,1800,518,0.5375,4,4
DDPM,1800,519,0.34375,6,8
DDPM,1800,520,0.275,6,6
DDPM,1800,521,0.41875,4,4
DDPM,1800,522,0.35,4,5
DDPM,1800,523,0.325,3,6
DDPM,1800,524,0.35625,5,5
DDPM,1800,525,0.475,4,5
DDPM,1800,526,0.41875,6,6
DDPM,1800,527,0.25,7,7
DDPM,1800,528,0.3625,5,5
DDPM,1800,529,0.3125,5,5
DDPM,1800,530,0.30625,8,8
DDPM,1800,531,0.4375,4,6
DDPM,1800,532,0.3125,5,5
DDPM,1800,533,0.325,5,7
DDPM,1800,534,0.4625,5,7
DDPM,1800,535,0.49375,5,8
DDPM,1800,536,0.30625,6,6
DDPM,1800,537,0.43125,4,6
DDPM,1800,538,0.4,4,9
DDPM,1800,539,0.30625,4,5
DDPM,1800,540,0.34375,5,6
DDPM,1800,541,0.28125,5,7
DDPM,1800,542,0.39375,5,6
DDPM,1800,543,0.23125,4,5
DDPM,1800,544,0.38125,5,7
DDPM,1800,545,0.36875,5,6
DDPM,1800,546,0.36875,5,6
DDPM,1800,547,0.36875,5,5
DDPM,1800,548,0.4625,4,4
DDPM,1800,549,0.25,8,8
DDPM,1800,550,0.15,8,8
DDPM,1800,551,0.34375,6,6
DDPM,1800,552,0.3,13,13
DDPM,1800,553,0.3625,8,8
DDPM,1800,554,0.34375,7,7
DDPM,1800,555,0.36875,4,6
DDPM,1800,556,0.45,4,6
DDPM,1800,557,0.34375,5,5
DDPM,1800,558,0.19375,6,6
DDPM,1800,559,0.4125,4,6
DDPM,1800,560,0.36875,6,6
DDPM,1800,561,0.225,13,13
DDPM,1800,562,0.33125,6,6
DDPM,1800,563,0.44375,6,6
DDPM,1800,564,0.625,3,5
DDPM,1800,565,0.4625,4,5
DDPM,1800,566,0.11875,11,11
DDPM,1800,567,0.41875,5,6
DDPM,1800,568,0.35625,13,13
DDPM,1800,569,0.4125,5,5
DDPM,1800,570,0.4125,3,8
DDPM,1800,571,0.45625,3,7
DDPM,1800,572,0.29375,6,6
DDPM,1800,573,0.49375,4,8
DDPM,1800,574,0.5125,4,11
DDPM,1800,575,0.34375,4,4
DDPM,1800,576,0.40625,4,4
DDPM,1800,577,0.53125,6,6
DDPM,1800,578,0.4375,4,11
DDPM,1800,579,0.34375,5,6
DDPM,1800,580,0.33125,5,5
DDPM,1800,581,0.53125,3,5
DDPM,1800,582,0.30625,16,16
DDPM,1800,583,0.49375,6,8
DDPM,1800,584,0.3875,7,7
DDPM,1800,585,0.46875,4,6
DDPM,1800,586,0.35625,4,5
DDPM,1800,587,0.53125,5,5
DDPM,1800,588,0.45625,4,5
DDPM,1800,589,0.40625,3,7
DDPM,1800,590,0.18125,8,8
DDPM,1800,591,0.4375,4,4
DDPM,1800,592,0.3875,5,6
DDPM,1800,593,0.275,5,5
DDPM,1800,594,0.45,6,6
DDPM,1800,595,0.44375,6,6
DDPM,1800,596,0.4,6,9
DDPM,1800,597,0.3875,3,8
DDPM,1800,598,0.51875,3,7
DDPM,1800,599,0.33125,6,6
DDPM,1800,600,0.43125,4,4
DDPM,1800,601,0.43125,4,5
DDPM,1800,602,0.33125,7,7
DDPM,1800,603,0.4375,4,7
DDPM,1800,604,0.3625,10,10
DDPM,1800,605,0.58125,4,6
DDPM,1800,606,0.23125,7,7
DDPM,1800,607,0.36875,6,6
DDPM,1800,608,0.325,7,7
DDPM,1800,609,0.50625,4,10
DDPM,1800,610,0.31875,7,7
DDPM,1800,611,0.2625,6,11
DDPM,1800,612,0.375,13,13
DDPM,1800,613,0.2625,9,9
DDPM,1800,614,0.475,4,6
DDPM,1800,615,0.34375,7,7
DDPM,1800,616,0.39375,5,6
DDPM,1800,617,0.55,5,5
DDPM,1800,618,0.275,5,8
DDPM,1800,619,0.34375,6,6
DDPM,1800,620,0.31875,5,10
DDPM,1800,621,0.275,12,12
DDPM,1800,622,0.4,5,6
DDPM,1800,623,0.26875,5,5
DDPM,1800,624,0.3625,5,5
DDPM,1800,625,0.375,6,6
DDPM,1800,626,0.38125,7,8
DDPM,1800,627,0.34375,4,9
DDPM,1800,628,0.25625,15,15
DDPM,1800,629,0.3375,6,6
DDPM,1800,630,0.4375,5,6
DDPM,1800,631,0.46875,5,7
DDPM,1800,632,0.45,6,6
DDPM,1800,633,0.46875,4,5
DDPM,1800,634,0.35625,8,8
DDPM,1800,635,0.34375,4,6
DDPM,1800,636,0.34375,5,6
DDPM,1800,637,0.33125,9,9
DDPM,1800,638,0.46875,4,6
DDPM,1800,639,0.4625,4,5
DDPM,1800,640,0.35625,5,5
DDPM,1800,641,0.325,5,7
DDPM,1800,642,0.275,9,9
DDPM,1800,643,0.38125,5,5
DDPM,1800,644,0.34375,5,5
DDPM,1800,645,0.46875,5,10
DDPM,1800,646,0.40625,6,6
DDPM,1800,647,0.4125,3,5
DDPM,1800,648,0.44375,7,7
DDPM,1800,649,0.3375,5,6
DDPM,1800,650,0.3375,4,4
DDPM,1800,651,0.30625,8,8
DDPM,1800,652,0.40625,5,5
DDPM,1800,653,0.45625,4,8
DDPM,1800,654,0.3375,5,5
DDPM,1800,655,0.45625,3,8
DDPM,1800,656,0.46875,5,5
DDPM,1800,657,0.2875,6,7
DDPM,1800,658,0.1625,9,9
DDPM,1800,659,0.29375,9,9
DDPM,1800,660,0.25,9,9
DDPM,1800,661,0.4125,5,6
DDPM,1800,662,0.49375,4,5
DDPM,1800,663,0.35,5,5
DDPM,1800,664,0.2125,6,6
DDPM,1800,665,0.3625,4,5
DDPM,1800,666,0.30625,11,11
DDPM,1800,667,0.2375,7,7
DDPM,1800,668,0.36875,8,8
DDPM,1800,669,0.41875,4,6
DDPM,1800,670,0.4125,4,5
DDPM,1800,671,0.2875,6,6
DDPM,1800,672,0.5125,3,7
DDPM,1800,673,0.36875,7,7
DDPM,1800,674,0.3375,6,6
DDPM,1800,675,0.5375,5,5
DDPM,1800,676,0.46875,5,6
DDPM,1800,677,0.39375,5,11
DDPM,1800,678,0.29375,7,7
DDPM,1800,679,0.525,3,4
DDPM,1800,680,0.25,9,9
DDPM,1800,681,0.2875,6,6
DDPM,1800,682,0.325,6,6
DDPM,1800,683,0.39375,10,10
DDPM,1800,684,0.3,8,8
DDPM,1800,685,0.46875,4,4
DDPM,1800,686,0.325,8,8
DDPM,1800,687,0.25,16,16
DDPM,1800,688,0.40625,4,5
DDPM,1800,689,0.4375,5,6
DDPM,1800,690,0.35625,5,5
DDPM,1800,691,0.425,4,5
DDPM,1800,692,0.36875,4,6
DDPM,1800,693,0.4,4,7
DDPM,1800,694,0.2125,5,5
DDPM,1800,695,0.3875,5,5
DDPM,1800,696,0.45,5,6
DDPM,1800,697,0.41875,4,6
DDPM,1800,698,0.43125,4,5
DDPM,1800,699,0.2375,16,16
DDPM,1800,700,0.34375,5,5
DDPM,1800,701,0.35625,5,6
DDPM,1800,702,0.2625,6,6
DDPM,1800,703,0.38125,6,6
DDPM,1800,704,0.30625,4,5
DDPM,1800,705,0.325,6,6
DDPM,1800,706,0.3625,4,6
DDPM,1800,707,0.3625,4,5
DDPM,1800,708,0.31875,4,6
DDPM,1800,709,0.35625,5,5
DDPM,1800,710,0.4,5,7
DDPM,1800,711,0.35625,6,6
DDPM,1800,712,0.4,7,7
DDPM,1800,713,0.35625,5,6
DDPM,1800,714,0.38125,4,7
DDPM,1800,715,0.375,3,7
DDPM,1800,716,0.2625,6,6
DDPM,1800,717,0.3,5,6
DDPM,1800,718,0.40625,4,6
DDPM,1800,719,0.38125,5,5
DDPM,1800,720,0.44375,4,8
DDPM,1800,721,0.46875,5,5
DDPM,1800,722,0.3875,9,9
DDPM,1800,723,0.3625,4,6
DDPM,1800,724,0.25625,6,7
DDPM,1800,725,0.2125,9,9
DDPM,1800,726,0.35,4,5
DDPM,1800,727,0.33125,6,14
DDPM,1800,728,0.24375,7,7
DDPM,1800,729,0.40625,10,10
DDPM,1800,730,0.5,3,6
DDPM,1800,731,0.3875,8,8
DDPM,1800,732,0.46875,4,8
DDPM,1800,733,0.45,4,4
DDPM,1800,734,0.275,5,7
DDPM,1800,735,0.36875,4,5
DDPM,1800,736,0.41875,4,6
DDPM,1800,737,0.25625,8,8
DDPM,1800,738,0.3625,4,12
DDPM,1800,739,0.44375,4,8
DDPM,1800,740,0.425,4,6
DDPM,1800,741,0.45625,4,6
DDPM,1800,742,0.3,6,6
DDPM,1800,743,0.4875,3,5
DDPM,1800,744,0.33125,15,15
DDPM,1800,745,0.3375,6,6
DDPM,1800,746,0.48125,4,5
DDPM,1800,747,0.1625,11,11
DDPM,1800,748,0.43125,6,6
DDPM,1800,749,0.475,3,14
DDPM,1800,750,0.35625,6,9
DDPM,1800,751,0.33125,7,9
DDPM,1800,752,0.40625,4,5
DDPM,1800,753,0.38125,5,5
DDPM,1800,754,0.30625,5,7
DDPM,1800,755,0.38125,15,15
DDPM,1800,756,0.49375,6,6
DDPM,1800,757,0.39375,4,4
DDPM,1800,758,0.48125,4,4
DDPM,1800,759,0.30625,11,11
DDPM,1800,760,0.29375,8,8
DDPM,1800,761,0.38125,5,5
DDPM,1800,762,0.35,4,5
DDPM,1800,763,0.1625,5,5
DDPM,1800,764,0.35625,3,6
DDPM,1800,765,0.34375,5,5
DDPM,1800,766,0.40625,5,8
DDPM,1800,767,0.43125,8,8
DDPM,1800,768,0.3375,5,7
DDPM,1800,769,0.2875,12,12
DDPM,1800,770,0.40625,6,6
DDPM,1800,771,0.31875,5,5
DDPM,1800,772,0.3375,5,6
DDPM,1800,773,0.375,7,7
DDPM,1800,774,0.28125,6,6
DDPM,1800,775,0.46875,5,8
DDPM,1800,776,0.3,9,9
DDPM,1800,777,0.2875,5,9
DDPM,1800,778,0.4375,4,12
DDPM,1800,779,0.46875,4,7
DDPM,1800,780,0.29375,9,9
DDPM,1800,781,0.4625,3,5
DDPM,1800,782,0.2875,5,8
DDPM,1800,783,0.36875,5,6
DDPM,1800,784,0.19375,4,7
DDPM,1800,785,0.36875,4,7
DDPM,1800,786,0.33125,4,4
DDPM,1800,787,0.44375,6,6
DDPM,1800,788,0.35625,5,7
DDPM,1800,789,0.41875,4,7
DDPM,1800,790,0.56875,3,4
DDPM,1800,791,0.425,6,6
DDPM,1800,792,0.3,7,7
DDPM,1800,793,0.29375,14,14
DDPM,1800,794,0.3125,6,6
DDPM,1800,795,0.325,7,7
DDPM,1800,796,0.375,7,7
DDPM,1800,797,0.45625,3,5
DDPM,1800,798,0.35,6,6
DDPM,1800,799,0.30625,7,7
DDPM,1800,800,0.31875,5,6
DDPM,1800,801,0.49375,4,5
DDPM,1800,802,0.3875,5,5
DDPM,1800,803,0.5,4,5
DDPM,1800,804,0.475,4,5
DDPM,1800,805,0.4,4,5
DDPM,1800,806,0.35625,4,5
DDPM,1800,807,0.31875,6,6
DDPM,1800,808,0.325,8,8
DDPM,1800,809,0.38125,4,6
DDPM,1800,810,0.50625,3,5
DDPM,1800,811,0.30625,6,6
DDPM,1800,812,0.29375,6,6
DDPM,1800,813,0.44375,5,5
DDPM,1800,814,0.44375,5,6
DDPM,1800,815,0.3625,8,8
DDPM,1800,816,0.34375,4,5
DDPM,1800,817,0.225,9,9
DDPM,1800,818,0.33125,6,6
DDPM,1800,819,0.35,5,5
DDPM,1800,820,0.36875,5,5
DDPM,1800,821,0.3625,6,6
DDPM,1800,822,0.44375,5,5
DDPM,1800,823,0.51875,5,5
DDPM,1800,824,0.3875,5,5
DDPM,1800,825,0.39375,5,5
DDPM,1800,826,0.35,5,6
DDPM,1800,827,0.5375,4,4
DDPM,1800,828,0.325,9,9
DDPM,1800,829,0.44375,3,9
DDPM,1800,830,0.49375,4,6
DDPM,1800,831,0.38125,7,7
DDPM,1800,832,0.325,5,6
DDPM,1800,833,0.4125,4,5
DDPM,1800,834,0.35625,9,9
DDPM,1800,835,0.21875,17,17
DDPM,1800,836,0.275,10,10
DDPM,1800,837,0.35625,7,7
DDPM,1800,838,0.49375,4,5
DDPM,1800,839,0.46875,4,5
DDPM,1800,840,0.39375,6,6
DDPM,1800,841,0.2125,10,10
DDPM,1800,842,0.4625,5,7
DDPM,1800,843,0.21875,5,5
DDPM,1800,844,0.43125,6,6
DDPM,1800,845,0.49375,3,14
DDPM,1800,846,0.375,5,5
DDPM,1800,847,0.4,3,4
DDPM,1800,848,0.36875,5,5
DDPM,1800,849,0.4375,4,5
DDPM,1800,850,0.49375,6,11
DDPM,1800,851,0.45,7,7
DDPM,1800,852,0.44375,4,7
DDPM,1800,853,0.54375,3,4
DDPM,1800,854,0.35625,4,5
DDPM,1800,855,0.2875,6,6
DDPM,1800,856,0.31875,6,6
DDPM,1800,857,0.50625,5,5
DDPM,1800,858,0.375,5,5
DDPM,1800,859,0.4875,5,7
DDPM,1800,860,0.35625,7,7
DDPM,1800,861,0.2,5,6
DDPM,1800,862,0.35625,5,5
DDPM,1800,863,0.39375,5,5
DDPM,1800,864,0.20625,6,6
DDPM,1800,865,0.30625,6,6
DDPM,1800,866,0.45,4,5
DDPM,1800,867,0.36875,5,5
DDPM,1800,868,0.375,9,9
DDPM,1800,869,0.29375,5,5
DDPM,1800,870,0.15625,10,10
DDPM,1800,871,0.14375,14,14
DDPM,1800,872,0.43125,4,6
DDPM,1800,873,0.35625,6,6
DDPM,1800,874,0.325,5,5
DDPM,1800,875,0.2125,9,9
DDPM,1800,876,0.3375,4,5
DDPM,1800,877,0.46875,4,5
DDPM,1800,878,0.2,4,7
DDPM,1800,879,0.45625,4,5
DDPM,1800,880,0.45625,5,6
DDPM,1800,881,0.35625,6,6
DDPM,1800,882,0.51875,4,4
DDPM,1800,883,0.40625,5,5
DDPM,1800,884,0.45625,4,4
DDPM,1800,885,0.4625,4,8
DDPM,1800,886,0.45,4,6
DDPM,1800,887,0.325,7,7
DDPM,1800,888,0.5,4,6
DDPM,1800,889,0.2875,10,10
DDPM,1800,890,0.325,5,7
DDPM,1800,891,0.54375,3,11
DDPM,1800,892,0.39375,4,5
DDPM,1800,893,0.3625,4,4
DDPM,1800,894,0.40625,5,5
DDPM,1800,895,0.38125,6,6
DDPM,1800,896,0.34375,5,5
DDPM,1800,897,0.60625,4,4
DDPM,1800,898,0.45625,5,7
DDPM,1800,899,0.38125,4,5
DDPM,1800,900,0.44375,5,5
DDPM,1800,901,0.36875,8,8
DDPM,1800,902,0.2375,6,7
DDPM,1800,903,0.48125,4,7
DDPM,1800,904,0.30625,5,6
DDPM,1800,905,0.325,7,7
DDPM,1800,906,0.4375,9,9
DDPM,1800,907,0.3125,7,7
DDPM,1800,908,0.35625,6,9
DDPM,1800,909,0.2375,9,9
DDPM,1800,910,0.28125,9,9
DDPM,1800,911,0.325,9,9
DDPM,1800,912,0.29375,6,6
DDPM,1800,913,0.51875,6,6
DDPM,1800,914,0.33125,4,4
DDPM,1800,915,0.31875,6,6
DDPM,1800,916,0.25,6,6
DDPM,1800,917,0.40625,4,4
DDPM,1800,918,0.5625,3,5
DDPM,1800,919,0.3625,4,5
DDPM,1800,920,0.46875,4,6
DDPM,1800,921,0.2,12,12
DDPM,1800,922,0.39375,4,5
DDPM,1800,923,0.4875,4,7
DDPM,1800,924,0.19375,5,5
DDPM,1800,925,0.33125,6,6
DDPM,1800,926,0.43125,7,8
DDPM,1800,927,0.34375,11,11
DDPM,1800,928,0.3375,4,5
DDPM,1800,929,0.4375,3,7
DDPM,1800,930,0.31875,10,10
DDPM,1800,931,0.3625,4,5
DDPM,1800,932,0.25,6,6
DDPM,1800,933,0.4375,3,6
DDPM,1800,934,0.43125,5,6
DDPM,1800,935,0.575,4,6
DDPM,1800,936,0.3875,4,6
DDPM,1800,937,0.35,5,7
DDPM,1800,938,0.325,5,6
DDPM,1800,939,0.44375,4,4
DDPM,1800,940,0.3,6,6
DDPM,1800,941,0.41875,4,8
DDPM,1800,942,0.18125,11,11
DDPM,1800,943,0.45,4,8
DDPM,1800,944,0.4875,4,5
DDPM,1800,945,0.23125,9,9
DDPM,1800,946,0.55625,4,5
DDPM,1800,947,0.51875,3,4
DDPM,1800,948,0.25,6,7
DDPM,1800,949,0.2875,6,6
DDPM,1800,950,0.175,6,6
DDPM,1800,951,0.25,11,11
DDPM,1800,952,0.325,4,5
DDPM,1800,953,0.575,3,5
DDPM,1800,954,0.26875,4,6
DDPM,1800,955,0.4,5,9
DDPM,1800,956,0.4125,6,6
DDPM,1800,957,0.3,4,5
DDPM,1800,958,0.4625,5,8
DDPM,1800,959,0.28125,16,16
DDPM,1800,960,0.30625,8,8
DDPM,1800,961,0.39375,6,6
DDPM,1800,962,0.3375,5,5
DDPM,1800,963,0.44375,8,8
DDPM,1800,964,0.28125,9,9
DDPM,1800,965,0.35625,6,7
DDPM,1800,966,0.325,8,8
DDPM,1800,967,0.39375,7,7
DDPM,1800,968,0.28125,5,5
DDPM,1800,969,0.45625,5,5
DDPM,1800,970,0.41875,5,7
DDPM,1800,971,0.45,3,7
DDPM,1800,972,0.44375,4,5
DDPM,1800,973,0.4,9,9
DDPM,1800,974,0.35,6,6
DDPM,1800,975,0.4,4,5
DDPM,1800,976,0.35625,8,8
DDPM,1800,977,0.50625,3,5
DDPM,1800,978,0.46875,4,7
DDPM,1800,979,0.34375,6,7
DDPM,1800,980,0.35625,7,9
DDPM,1800,981,0.34375,5,5
DDPM,1800,982,0.43125,5,5
DDPM,1800,983,0.50625,4,5
DDPM,1800,984,0.29375,8,8
DDPM,1800,985,0.3875,4,6
DDPM,1800,986,0.26875,6,6
DDPM,1800,987,0.34375,6,6
DDPM,1800,988,0.28125,6,6
DDPM,1800,989,0.36875,5,5
DDPM,1800,990,0.1625,6,6
DDPM,1800,991,0.43125,12,12
DDPM,1800,992,0.33125,5,5
DDPM,1800,993,0.23125,6,6
DDPM,1800,994,0.26875,8,8
DDPM,1800,995,0.40625,5,5
DDPM,1800,996,0.49375,5,11
DDPM,1800,997,0.375,3,5
DDPM,1800,998,0.525,4,7
DDPM,1800,999,0.60625,3,5
DDPM,2000,0,0.4125,4,4
DDPM,2000,1,0.3625,4,4
DDPM,2000,2,0.34375,4,6
DDPM,2000,3,0.425,5,5
DDPM,2000,4,0.375,6,6
DDPM,2000,5,0.29375,5,5
DDPM,2000,6,0.4875,3,6
DDPM,2000,7,0.4,4,5
DDPM,2000,8,0.28125,7,7
DDPM,2000,9,0.44375,3,7
DDPM,2000,10,0.48125,4,5
DDPM,2000,11,0.33125,4,11
DDPM,2000,12,0.5,4,4
DDPM,2000,13,0.4875,4,5
DDPM,2000,14,0.21875,7,7
DDPM,2000,15,0.48125,4,4
DDPM,2000,16,0.35625,5,5
DDPM,2000,17,0.36875,5,8
DDPM,2000,18,0.43125,5,7
DDPM,2000,19,0.575,4,6
DDPM,2000,20,0.475,4,6
DDPM,2000,21,0.36875,6,7
DDPM,2000,22,0.43125,5,8
DDPM,2000,23,0.38125,11,11
DDPM,2000,24,0.325,9,9
DDPM,2000,25,0.45,3,8
DDPM,2000,26,0.35,6,9
DDPM,2000,27,0.35625,5,5
DDPM,2000,28,0.43125,4,6
DDPM,2000,29,0.39375,5,5
DDPM,2000,30,0.31875,6,6
DDPM,2000,31,0.33125,7,7
DDPM,2000,32,0.41875,5,6
DDPM,2000,33,0.35625,6,6
DDPM,2000,34,0.25,8,8
DDPM,2000,35,0.46875,4,5
DDPM,2000,36,0.43125,7,9
DDPM,2000,37,0.41875,6,6
DDPM,2000,38,0.425,4,6
DDPM,2000,39,0.525,3,5
DDPM,2000,40,0.425,5,5
DDPM,2000,41,0.2875,6,7
DDPM,2000,42,0.29375,5,8
DDPM,2000,43,0.36875,7,7
DDPM,2000,44,0.4375,5,5
DDPM,2000,45,0.28125,6,6
DDPM,2000,46,0.3625,8,9
DDPM,2000,47,0.45,5,5
DDPM,2000,48,0.29375,6,6
DDPM,2000,49,0.225,8,8
DDPM,2000,50,0.5375,4,5
DDPM,2000,51,0.39375,5,5
DDPM,2000,52,0.5125,4,4
DDPM,2000,53,0.3625,8,8
DDPM,2000,54,0.25,7,7
DDPM,2000,55,0.325,5,5
DDPM,2000,56,0.45,3,5
DDPM,2000,57,0.28125,20,20
DDPM,2000,58,0.5,3,8
DDPM,2000,59,0.4125,5,5
DDPM,2000,60,0.49375,4,6
DDPM,2000,61,0.38125,6,7
DDPM,2000,62,0.28125,5,5
DDPM,2000,63,0.38125,5,5
DDPM,2000,64,0.45625,4,4
DDPM,2000,65,0.3625,5,5
DDPM,2000,66,0.325,7,7
DDPM,2000,67,0.45,4,6
DDPM,2000,68,0.35,7,7
DDPM,2000,69,0.2625,7,7
DDPM,2000,70,0.4625,4,6
DDPM,2000,71,0.4125,4,8
DDPM,2000,72,0.49375,4,7
DDPM,2000,73,0.3875,4,5
DDPM,2000,74,0.49375,4,5
DDPM,2000,75,0.40625,4,5
DDPM,2000,76,0.43125,3,6
DDPM,2000,77,0.39375,4,7
DDPM,2000,78,0.4125,5,8
DDPM,2000,79,0.475,5,6
DDPM,2000,80,0.41875,5,5
DDPM,2000,81,0.49375,3,5
DDPM,2000,82,0.19375,10,10
DDPM,2000,83,0.4625,4,7
DDPM,2000,84,0.525,3,7
DDPM,2000,85,0.46875,3,5
DDPM,2000,86,0.49375,5,6
DDPM,2000,87,0.5375,5,5
DDPM,2000,88,0.31875,4,5
DDPM,2000,89,0.475,4,8
DDPM,2000,90,0.51875,5,5
DDPM,2000,91,0.475,4,4
DDPM,2000,92,0.34375,11,11
DDPM,2000,93,0.28125,9,9
DDPM,2000,94,0.45,3,5
DDPM,2000,95,0.34375,5,5
DDPM,2000,96,0.44375,4,5
DDPM,2000,97,0.4625,4,4
DDPM,2000,98,0.46875,3,7
DDPM,2000,99,0.25625,5,7
DDPM,2000,100,0.35625,4,5
DDPM,2000,101,0.3625,6,6
DDPM,2000,102,0.325,10,10
DDPM,2000,103,0.44375,5,6
DDPM,2000,104,0.325,7,7
DDPM,2000,105,0.43125,4,5
DDPM,2000,106,0.53125,4,4
DDPM,2000,107,0.31875,6,6
DDPM,2000,108,0.39375,6,6
DDPM,2000,109,0.30625,8,8
DDPM,2000,110,0.175,6,6
DDPM,2000,111,0.4375,4,5
DDPM,2000,112,0.45,3,5
DDPM,2000,113,0.30625,5,5
DDPM,2000,114,0.35,7,7
DDPM,2000,115,0.36875,5,5
DDPM,2000,116,0.425,5,6
DDPM,2000,117,0.34375,4,4
DDPM,2000,118,0.3125,6,6
DDPM,2000,119,0.375,5,7
DDPM,2000,120,0.43125,4,5
DDPM,2000,121,0.55625,3,6
DDPM,2000,122,0.375,8,8
DDPM,2000,123,0.30625,8,8
DDPM,2000,124,0.35625,11,11
DDPM,2000,125,0.34375,5,7
DDPM,2000,126,0.49375,5,5
DDPM,2000,127,0.3625,5,5
DDPM,2000,128,0.3,5,6
DDPM,2000,129,0.38125,4,4
DDPM,2000,130,0.3625,5,5
DDPM,2000,131,0.30625,6,6
DDPM,2000,132,0.4125,4,6
DDPM,2000,133,0.34375,7,7
DDPM,2000,134,0.375,5,7
DDPM,2000,135,0.36875,6,14
DDPM,2000,136,0.475,4,5
DDPM,2000,137,0.36875,6,6
DDPM,2000,138,0.35625,8,8
DDPM,2000,139,0.26875,4,4
DDPM,2000,140,0.475,5,5
DDPM,2000,141,0.35,6,7
DDPM,2000,142,0.35625,6,6
DDPM,2000,143,0.325,4,5
DDPM,2000,144,0.46875,4,6
DDPM,2000,145,0.425,7,9
DDPM,2000,146,0.31875,12,12
DDPM,2000,147,0.4375,4,7
DDPM,2000,148,0.38125,7,7
DDPM,2000,149,0.3125,5,5
DDPM,2000,150,0.35,7,7
DDPM,2000,151,0.475,4,6
DDPM,2000,152,0.29375,16,16
DDPM,2000,153,0.25625,9,9
DDPM,2000,154,0.325,5,5
DDPM,2000,155,0.4625,4,6
DDPM,2000,156,0.375,7,7
DDPM,2000,157,0.425,7,7
DDPM,2000,158,0.36875,9,9
DDPM,2000,159,0.375,8,8
DDPM,2000,160,0.375,5,7
DDPM,2000,161,0.25,9,9
DDPM,2000,162,0.35625,7,7
DDPM,2000,163,0.5375,4,4
DDPM,2000,164,0.41875,5,5
DDPM,2000,165,0.44375,4,5
DDPM,2000,166,0.325,9,9
DDPM,2000,167,0.425,4,5
DDPM,2000,168,0.425,4,6
DDPM,2000,169,0.3,6,6
DDPM,2000,170,0.28125,6,7
DDPM,2000,171,0.4,4,5
DDPM,2000,172,0.4,7,7
DDPM,2000,173,0.39375,6,6
DDPM,2000,174,0.46875,4,4
DDPM,2000,175,0.4625,4,7
DDPM,2000,176,0.39375,5,7
DDPM,2000,177,0.43125,5,5
DDPM,2000,178,0.35625,6,6
DDPM,2000,179,0.4625,4,6
DDPM,2000,180,0.3,6,6
DDPM,2000,181,0.55625,3,5
DDPM,2000,182,0.3875,4,8
DDPM,2000,183,0.4375,5,5
DDPM,2000,184,0.5375,6,10
DDPM,2000,185,0.3625,6,6
DDPM,2000,186,0.30625,6,7
DDPM,2000,187,0.475,3,7
DDPM,2000,188,0.55,4,10
DDPM,2000,189,0.425,5,6
DDPM,2000,190,0.3625,5,5
DDPM,2000,191,0.325,6,6
DDPM,2000,192,0.33125,6,6
DDPM,2000,193,0.43125,5,5
DDPM,2000,194,0.43125,4,5
DDPM,2000,195,0.275,8,8
DDPM,2000,196,0.45625,4,6
DDPM,2000,197,0.38125,7,7
DDPM,2000,198,0.21875,6,7
DDPM,2000,199,0.46875,4,5
DDPM,2000,200,0.39375,4,7
DDPM,2000,201,0.35,5,5
DDPM,2000,202,0.425,3,5
DDPM,2000,203,0.36875,5,5
DDPM,2000,204,0.39375,5,6
DDPM,2000,205,0.2375,9,9
DDPM,2000,206,0.34375,9,9
DDPM,2000,207,0.3625,5,5
DDPM,2000,208,0.475,4,9
DDPM,2000,209,0.3,10,10
DDPM,2000,210,0.475,4,6
DDPM,2000,211,0.46875,6,7
DDPM,2000,212,0.475,4,4
DDPM,2000,213,0.35,6,6
DDPM,2000,214,0.325,5,5
DDPM,2000,215,0.36875,5,5
DDPM,2000,216,0.25,8,8
DDPM,2000,217,0.30625,5,5
DDPM,2000,218,0.4625,4,6
DDPM,2000,219,0.45625,5,7
DDPM,2000,220,0.4625,3,5
DDPM,2000,221,0.31875,8,8
DDPM,2000,222,0.40625,7,7
DDPM,2000,223,0.3375,5,5
DDPM,2000,224,0.4625,4,7
DDPM,2000,225,0.38125,4,4
DDPM,2000,226,0.2875,5,6
DDPM,2000,227,0.4125,4,5
DDPM,2000,228,0.525,4,6
DDPM,2000,229,0.425,6,6
DDPM,2000,230,0.425,8,8
DDPM,2000,231,0.4625,4,6
DDPM,2000,232,0.39375,4,5
DDPM,2000,233,0.50625,3,5
DDPM,2000,234,0.41875,5,5
DDPM,2000,235,0.425,4,5
DDPM,2000,236,0.35,6,7
DDPM,2000,237,0.55,3,5
DDPM,2000,238,0.325,5,5
DDPM,2000,239,0.55,6,6
DDPM,2000,240,0.4,4,9
DDPM,2000,241,0.29375,8,8
DDPM,2000,242,0.46875,5,5
DDPM,2000,243,0.45,4,5
DDPM,2000,244,0.48125,5,5
DDPM,2000,245,0.375,13,13
DDPM,2000,246,0.56875,5,5
DDPM,2000,247,0.45,3,4
DDPM,2000,248,0.35,6,6
DDPM,2000,249,0.38125,6,6
DDPM,2000,250,0.4,6,6
DDPM,2000,251,0.4375,5,5
DDPM,2000,252,0.5,5,8
DDPM,2000,253,0.3875,3,5
DDPM,2000,254,0.275,6,6
DDPM,2000,255,0.34375,6,6
DDPM,2000,256,0.225,8,8
DDPM,2000,257,0.28125,6,6
DDPM,2000,258,0.425,5,5
DDPM,2000,259,0.48125,5,5
DDPM,2000,260,0.26875,7,7
DDPM,2000,261,0.3875,4,4
DDPM,2000,262,0.31875,6,6
DDPM,2000,263,0.56875,4,5
DDPM,2000,264,0.41875,5,10
DDPM,2000,265,0.3125,5,5
DDPM,2000,266,0.4125,5,7
DDPM,2000,267,0.33125,4,6
DDPM,2000,268,0.3375,8,8
DDPM,2000,269,0.4,5,5
DDPM,2000,270,0.54375,4,8
DDPM,2000,271,0.3,8,8
DDPM,2000,272,0.4375,6,6
DDPM,2000,273,0.35,5,6
DDPM,2000,274,0.225,9,9
DDPM,2000,275,0.39375,5,6
DDPM,2000,276,0.35625,7,7
DDPM,2000,277,0.375,8,15
DDPM,2000,278,0.29375,8,8
DDPM,2000,279,0.375,4,5
DDPM,2000,280,0.39375,5,7
DDPM,2000,281,0.2875,21,21
DDPM,2000,282,0.5,3,4
DDPM,2000,283,0.2875,6,6
DDPM,2000,284,0.4125,5,5
DDPM,2000,285,0.35,6,6
DDPM,2000,286,0.55,7,7
DDPM,2000,287,0.31875,6,6
DDPM,2000,288,0.3625,7,7
DDPM,2000,289,0.43125,5,5
DDPM,2000,290,0.3875,5,8
DDPM,2000,291,0.375,6,6
DDPM,2000,292,0.475,6,6
DDPM,2000,293,0.45,6,6
DDPM,2000,294,0.125,7,7
DDPM,2000,295,0.5125,3,6
DDPM,2000,296,0.39375,11,11
DDPM,2000,297,0.4625,4,4
DDPM,2000,298,0.25,8,8
DDPM,2000,299,0.40625,4,6
DDPM,2000,300,0.3625,6,6
DDPM,2000,301,0.36875,6,6
DDPM,2000,302,0.425,3,5
DDPM,2000,303,0.38125,3,5
DDPM,2000,304,0.36875,5,5
DDPM,2000,305,0.29375,6,7
DDPM,2000,306,0.3125,8,8
DDPM,2000,307,0.4375,5,6
DDPM,2000,308,0.25625,7,7
DDPM,2000,309,0.31875,5,5
DDPM,2000,310,0.33125,5,7
DDPM,2000,311,0.35625,4,13
DDPM,2000,312,0.44375,4,5
DDPM,2000,313,0.49375,4,5
DDPM,2000,314,0.38125,5,6
DDPM,2000,315,0.375,4,8
DDPM,2000,316,0.43125,4,5
DDPM,2000,317,0.375,6,7
DDPM,2000,318,0.3625,7,7
DDPM,2000,319,0.3375,5,5
DDPM,2000,320,0.38125,5,6
DDPM,2000,321,0.4875,5,6
DDPM,2000,322,0.45625,5,6
DDPM,2000,323,0.3625,7,7
DDPM,2000,324,0.4,4,5
DDPM,2000,325,0.33125,7,7
DDPM,2000,326,0.3625,5,5
DDPM,2000,327,0.45,7,7
DDPM,2000,328,0.375,6,6
DDPM,2000,329,0.35,17,17
DDPM,2000,330,0.30625,10,10
DDPM,2000,331,0.43125,5,5
DDPM,2000,332,0.41875,7,8
DDPM,2000,333,0.31875,4,5
DDPM,2000,334,0.325,6,8
DDPM,2000,335,0.3,6,6
DDPM,2000,336,0.35,5,6
DDPM,2000,337,0.25625,5,5
DDPM,2000,338,0.29375,5,6
DDPM,2000,339,0.30625,7,7
DDPM,2000,340,0.41875,5,6
DDPM,2000,341,0.44375,6,6
DDPM,2000,342,0.48125,5,5
DDPM,2000,343,0.3,6,6
DDPM,2000,344,0.3125,4,6
DDPM,2000,345,0.425,7,7
DDPM,2000,346,0.4625,7,7
DDPM,2000,347,0.4,4,5
DDPM,2000,348,0.475,4,5
DDPM,2000,349,0.38125,5,5
DDPM,2000,350,0.3875,6,6
DDPM,2000,351,0.45625,4,4
DDPM,2000,352,0.3875,4,5
DDPM,2000,353,0.45,4,5
DDPM,2000,354,0.50625,2,12
DDPM,2000,355,0.30625,17,17
DDPM,2000,356,0.44375,4,5
DDPM,2000,357,0.54375,5,6
DDPM,2000,358,0.48125,4,4
DDPM,2000,359,0.425,5,8
DDPM,2000,360,0.4125,4,5
DDPM,2000,361,0.425,5,5
DDPM,2000,362,0.45625,5,5
DDPM,2000,363,0.31875,8,8
DDPM,2000,364,0.40625,4,6
DDPM,2000,365,0.28125,5,7
DDPM,2000,366,0.21875,25,25
DDPM,2000,367,0.49375,5,5
DDPM,2000,368,0.4375,5,7
DDPM,2000,369,0.30625,9,9
DDPM,2000,370,0.44375,6,6
DDPM,2000,371,0.36875,8,8
DDPM,2000,372,0.3125,11,11
DDPM,2000,373,0.4375,5,5
DDPM,2000,374,0.3875,5,5
DDPM,2000,375,0.46875,4,5
DDPM,2000,376,0.35,7,7
DDPM,2000,377,0.3875,6,7
DDPM,2000,378,0.425,4,5
DDPM,2000,379,0.475,5,5
DDPM,2000,380,0.3125,6,7
DDPM,2000,381,0.38125,4,5
DDPM,2000,382,0.275,11,11
DDPM,2000,383,0.39375,5,6
DDPM,2000,384,0.48125,4,7
DDPM,2000,385,0.41875,6,6
DDPM,2000,386,0.35,5,5
DDPM,2000,387,0.35,6,6
DDPM,2000,388,0.38125,6,10
DDPM,2000,389,0.2875,4,6
DDPM,2000,390,0.43125,6,9
DDPM,2000,391,0.43125,5,5
DDPM,2000,392,0.45625,4,4
DDPM,2000,393,0.46875,4,4
DDPM,2000,394,0.31875,5,5
DDPM,2000,395,0.35,5,6
DDPM,2000,396,0.4375,5,5
DDPM,2000,397,0.275,8,8
DDPM,2000,398,0.53125,3,6
DDPM,2000,399,0.38125,4,5
DDPM,2000,400,0.35,5,7
DDPM,2000,401,0.39375,5,6
DDPM,2000,402,0.3625,4,6
DDPM,2000,403,0.39375,8,8
DDPM,2000,404,0.3875,6,6
DDPM,2000,405,0.525,3,10
DDPM,2000,406,0.375,4,5
DDPM,2000,407,0.35,5,6
DDPM,2000,408,0.36875,4,4
DDPM,2000,409,0.2875,5,5
DDPM,2000,410,0.51875,5,5
DDPM,2000,411,0.4,6,11
DDPM,2000,412,0.4,4,5
DDPM,2000,413,0.29375,6,6
DDPM,2000,414,0.5375,5,5
DDPM,2000,415,0.33125,8,8
DDPM,2000,416,0.25625,10,10
DDPM,2000,417,0.3875,5,6
DDPM,2000,418,0.35625,4,4
DDPM,2000,419,0.375,6,6
DDPM,2000,420,0.4125,5,7
DDPM,2000,421,0.45625,6,6
DDPM,2000,422,0.33125,15,15
DDPM,2000,423,0.31875,7,7
DDPM,2000,424,0.51875,4,5
DDPM,2000,425,0.375,6,6
DDPM,2000,426,0.475,4,4
DDPM,2000,427,0.43125,6,6
DDPM,2000,428,0.38125,9,9
DDPM,2000,429,0.48125,3,5
DDPM,2000,430,0.425,4,5
DDPM,2000,431,0.4125,7,7
DDPM,2000,432,0.25,5,13
DDPM,2000,433,0.4625,5,8
DDPM,2000,434,0.475,4,6
DDPM,2000,435,0.45,3,6
DDPM,2000,436,0.2625,5,5
DDPM,2000,437,0.34375,4,5
DDPM,2000,438,0.31875,5,5
DDPM,2000,439,0.33125,5,7
DDPM,2000,440,0.33125,5,5
DDPM,2000,441,0.2125,5,6
DDPM,2000,442,0.38125,5,7
DDPM,2000,443,0.36875,6,6
DDPM,2000,444,0.20625,7,10
DDPM,2000,445,0.4,5,7
DDPM,2000,446,0.4,5,7
DDPM,2000,447,0.38125,11,11
DDPM,2000,448,0.4875,4,5
DDPM,2000,449,0.3375,8,8
DDPM,2000,450,0.3125,6,6
DDPM,2000,451,0.4125,5,7
DDPM,2000,452,0.33125,7,7
DDPM,2000,453,0.45,4,5
DDPM,2000,454,0.20625,8,8
DDPM,2000,455,0.3375,7,7
DDPM,2000,456,0.44375,4,5
DDPM,2000,457,0.3125,9,9
DDPM,2000,458,0.4,4,7
DDPM,2000,459,0.36875,4,5
DDPM,2000,460,0.5,5,5
DDPM,2000,461,0.38125,5,11
DDPM,2000,462,0.45625,5,6
DDPM,2000,463,0.28125,7,8
DDPM,2000,464,0.5,3,8
DDPM,2000,465,0.36875,4,5
DDPM,2000,466,0.1125,7,7
DDPM,2000,467,0.45,4,10
DDPM,2000,468,0.325,6,6
DDPM,2000,469,0.40625,5,9
DDPM,2000,470,0.35,6,6
DDPM,2000,471,0.225,13,13
DDPM,2000,472,0.4625,7,7
DDPM,2000,473,0.39375,5,6
DDPM,2000,474,0.475,5,7
DDPM,2000,475,0.39375,5,5
DDPM,2000,476,0.33125,9,9
DDPM,2000,477,0.46875,4,6
DDPM,2000,478,0.45,4,4
DDPM,2000,479,0.325,7,7
DDPM,2000,480,0.34375,6,6
DDPM,2000,481,0.46875,5,6
DDPM,2000,482,0.44375,4,6
DDPM,2000,483,0.4625,4,5
DDPM,2000,484,0.3875,6,6
DDPM,2000,485,0.4375,5,10
DDPM,2000,486,0.375,12,12
DDPM,2000,487,0.45,5,5
DDPM,2000,488,0.4125,4,7
DDPM,2000,489,0.4375,3,4
DDPM,2000,490,0.29375,4,5
DDPM,2000,491,0.5125,3,5
DDPM,2000,492,0.35,6,6
DDPM,2000,493,0.19375,7,7
DDPM,2000,494,0.3875,7,7
DDPM,2000,495,0.28125,8,8
DDPM,2000,496,0.4375,4,5
DDPM,2000,497,0.33125,8,8
DDPM,2000,498,0.45625,6,6
DDPM,2000,499,0.41875,6,8
DDPM,2000,500,0.4625,4,15
DDPM,2000,501,0.425,5,6
DDPM,2000,502,0.39375,6,6
DDPM,2000,503,0.3625,7,7
DDPM,2000,504,0.31875,5,5
DDPM,2000,505,0.3,7,7
DDPM,2000,506,0.35,15,15
DDPM,2000,507,0.36875,6,8
DDPM,2000,508,0.2875,4,8
DDPM,2000,509,0.49375,3,5
DDPM,2000,510,0.34375,6,6
DDPM,2000,511,0.475,5,6
DDPM,2000,512,0.54375,4,7
DDPM,2000,513,0.36875,5,5
DDPM,2000,514,0.31875,5,5
DDPM,2000,515,0.45625,4,4
DDPM,2000,516,0.30625,5,8
DDPM,2000,517,0.44375,7,7
DDPM,2000,518,0.36875,6,6
DDPM,2000,519,0.19375,18,18
DDPM,2000,520,0.375,4,5
DDPM,2000,521,0.45625,3,6
DDPM,2000,522,0.325,5,7
DDPM,2000,523,0.3375,5,5
DDPM,2000,524,0.3125,5,5
DDPM,2000,525,0.29375,8,8
DDPM,2000,526,0.41875,3,6
DDPM,2000,527,0.39375,6,6
DDPM,2000,528,0.35625,4,5
DDPM,2000,529,0.3375,6,8
DDPM,2000,530,0.4625,5,5
DDPM,2000,531,0.23125,7,7
DDPM,2000,532,0.35,6,6
DDPM,2000,533,0.375,5,5
DDPM,2000,534,0.20625,7,7
DDPM,2000,535,0.3125,5,5
DDPM,2000,536,0.5,4,6
DDPM,2000,537,0.31875,8,8
DDPM,2000,538,0.43125,4,6
DDPM,2000,539,0.41875,8,8
DDPM,2000,540,0.45625,4,8
DDPM,2000,541,0.31875,6,6
DDPM,2000,542,0.2625,6,6
DDPM,2000,543,0.43125,5,5
DDPM,2000,544,0.51875,5,5
DDPM,2000,545,0.45625,6,6
DDPM,2000,546,0.24375,8,8
DDPM,2000,547,0.275,16,16
DDPM,2000,548,0.35,7,7
DDPM,2000,549,0.5,4,4
DDPM,2000,550,0.3375,8,8
DDPM,2000,551,0.36875,3,6
DDPM,2000,552,0.56875,4,4
DDPM,2000,553,0.43125,4,4
DDPM,2000,554,0.5125,3,7
DDPM,2000,555,0.375,4,5
DDPM,2000,556,0.43125,6,6
DDPM,2000,557,0.43125,4,7
DDPM,2000,558,0.45,4,5
DDPM,2000,559,0.4,4,7
DDPM,2000,560,0.25,4,5
DDPM,2000,561,0.475,4,5
DDPM,2000,562,0.39375,3,4
DDPM,2000,563,0.51875,2,5
DDPM,2000,564,0.34375,5,6
DDPM,2000,565,0.43125,4,4
DDPM,2000,566,0.375,4,4
DDPM,2000,567,0.375,5,17
DDPM,2000,568,0.46875,4,5
DDPM,2000,569,0.39375,4,6
DDPM,2000,570,0.25,7,7
DDPM,2000,571,0.4625,7,7
DDPM,2000,572,0.43125,6,6
DDPM,2000,573,0.3,7,7
DDPM,2000,574,0.49375,4,7
DDPM,2000,575,0.5125,3,7
DDPM,2000,576,0.3,5,5
DDPM,2000,577,0.45,5,5
DDPM,2000,578,0.49375,3,6
DDPM,2000,579,0.4,4,7
DDPM,2000,580,0.525,4,5
DDPM,2000,581,0.2625,8,8
DDPM,2000,582,0.31875,5,5
DDPM,2000,583,0.5,3,8
DDPM,2000,584,0.33125,5,5
DDPM,2000,585,0.4625,4,5
DDPM,2000,586,0.3125,5,8
DDPM,2000,587,0.31875,11,11
DDPM,2000,588,0.36875,6,6
DDPM,2000,589,0.3875,4,5
DDPM,2000,590,0.44375,4,8
DDPM,2000,591,0.41875,4,5
DDPM,2000,592,0.4125,5,5
DDPM,2000,593,0.3875,5,5
DDPM,2000,594,0.35,7,7
DDPM,2000,595,0.26875,6,6
DDPM,2000,596,0.46875,4,5
DDPM,2000,597,0.35,5,8
DDPM,2000,598,0.45,4,8
DDPM,2000,599,0.35625,4,5
DDPM,2000,600,0.35,4,6
DDPM,2000,601,0.3625,6,6
DDPM,2000,602,0.48125,4,4
DDPM,2000,603,0.38125,4,5
DDPM,2000,604,0.24375,5,5
DDPM,2000,605,0.2875,6,7
DDPM,2000,606,0.45625,3,8
DDPM,2000,607,0.3375,6,6
DDPM,2000,608,0.36875,5,5
DDPM,2000,609,0.33125,6,7
DDPM,2000,610,0.375,5,5
DDPM,2000,611,0.35625,4,4
DDPM,2000,612,0.5,3,5
DDPM,2000,613,0.4375,5,8
DDPM,2000,614,0.35625,4,7
DDPM,2000,615,0.31875,5,5
DDPM,2000,616,0.375,4,5
DDPM,2000,617,0.3625,8,8
DDPM,2000,618,0.25625,6,6
DDPM,2000,619,0.26875,7,7
DDPM,2000,620,0.43125,5,5
DDPM,2000,621,0.33125,6,8
DDPM,2000,622,0.35,6,6
DDPM,2000,623,0.44375,4,4
DDPM,2000,624,0.3625,3,5
DDPM,2000,625,0.35,5,5
DDPM,2000,626,0.41875,4,6
DDPM,2000,627,0.41875,6,6
DDPM,2000,628,0.425,5,5
DDPM,2000,629,0.425,6,6
DDPM,2000,630,0.38125,6,6
DDPM,2000,631,0.4375,4,6
DDPM,2000,632,0.35,5,7
DDPM,2000,633,0.29375,4,6
DDPM,2000,634,0.38125,6,6
DDPM,2000,635,0.26875,5,5
DDPM,2000,636,0.4375,5,7
DDPM,2000,637,0.34375,4,6
DDPM,2000,638,0.425,5,5
DDPM,2000,639,0.3375,13,13
DDPM,2000,640,0.3625,5,5
DDPM,2000,641,0.34375,4,7
DDPM,2000,642,0.44375,4,9
DDPM,2000,643,0.38125,4,7
DDPM,2000,644,0.29375,7,7
DDPM,2000,645,0.35,7,7
DDPM,2000,646,0.375,5,5
DDPM,2000,647,0.46875,4,4
DDPM,2000,648,0.50625,5,9
DDPM,2000,649,0.475,3,4
DDPM,2000,650,0.40625,4,5
DDPM,2000,651,0.3125,5,5
DDPM,2000,652,0.2875,6,6
DDPM,2000,653,0.48125,5,7
DDPM,2000,654,0.3625,4,4
DDPM,2000,655,0.35,5,5
DDPM,2000,656,0.38125,4,7
DDPM,2000,657,0.375,7,7
DDPM,2000,658,0.5375,4,4
DDPM,2000,659,0.325,5,5
DDPM,2000,660,0.48125,4,6
DDPM,2000,661,0.50625,5,5
DDPM,2000,662,0.4,6,6
DDPM,2000,663,0.4625,4,6
DDPM,2000,664,0.53125,3,6
DDPM,2000,665,0.425,5,7
DDPM,2000,666,0.33125,4,4
DDPM,2000,667,0.38125,4,5
DDPM,2000,668,0.3,9,9
DDPM,2000,669,0.45,4,5
DDPM,2000,670,0.28125,15,15
DDPM,2000,671,0.36875,5,5
DDPM,2000,672,0.25,10,10
DDPM,2000,673,0.2625,6,6
DDPM,2000,674,0.425,4,5
DDPM,2000,675,0.41875,12,12
DDPM,2000,676,0.475,3,9
DDPM,2000,677,0.31875,5,6
DDPM,2000,678,0.3,10,10
DDPM,2000,679,0.35,6,6
DDPM,2000,680,0.3625,5,5
DDPM,2000,681,0.36875,10,10
DDPM,2000,682,0.48125,6,9
DDPM,2000,683,0.30625,6,6
DDPM,2000,684,0.48125,4,4
DDPM,2000,685,0.33125,5,5
DDPM,2000,686,0.4,5,14
DDPM,2000,687,0.36875,5,5
DDPM,2000,688,0.35,7,7
DDPM,2000,689,0.46875,4,8
DDPM,2000,690,0.3375,6,6
DDPM,2000,691,0.4375,6,6
DDPM,2000,692,0.4125,4,5
DDPM,2000,693,0.28125,6,7
DDPM,2000,694,0.41875,7,11
DDPM,2000,695,0.2375,6,6
DDPM,2000,696,0.44375,6,6
DDPM,2000,697,0.33125,7,7
DDPM,2000,698,0.4,7,7
DDPM,2000,699,0.4125,5,5
DDPM,2000,700,0.39375,7,7
DDPM,2000,701,0.35625,4,4
DDPM,2000,702,0.375,5,6
DDPM,2000,703,0.35625,4,4
DDPM,2000,704,0.23125,8,8
DDPM,2000,705,0.3375,7,9
DDPM,2000,706,0.3625,7,7
DDPM,2000,707,0.3,6,6
DDPM,2000,708,0.43125,5,9
DDPM,2000,709,0.26875,7,7
DDPM,2000,710,0.44375,3,4
DDPM,2000,711,0.33125,4,5
DDPM,2000,712,0.48125,3,10
DDPM,2000,713,0.325,5,7
DDPM,2000,714,0.53125,4,4
DDPM,2000,715,0.325,4,7
DDPM,2000,716,0.4125,8,8
DDPM,2000,717,0.5,3,8
DDPM,2000,718,0.55,3,7
DDPM,2000,719,0.34375,6,7
DDPM,2000,720,0.45,7,7
DDPM,2000,721,0.475,3,6
DDPM,2000,722,0.48125,5,5
DDPM,2000,723,0.25625,10,10
DDPM,2000,724,0.275,5,5
DDPM,2000,725,0.36875,5,6
DDPM,2000,726,0.34375,9,9
DDPM,2000,727,0.3625,5,6
DDPM,2000,728,0.4375,4,5
DDPM,2000,729,0.525,4,5
DDPM,2000,730,0.24375,6,6
DDPM,2000,731,0.4375,4,4
DDPM,2000,732,0.45,5,5
DDPM,2000,733,0.4,5,5
DDPM,2000,734,0.4875,4,5
DDPM,2000,735,0.49375,4,5
DDPM,2000,736,0.49375,5,5
DDPM,2000,737,0.46875,5,5
DDPM,2000,738,0.34375,5,5
DDPM,2000,739,0.2625,13,13
DDPM,2000,740,0.43125,4,7
DDPM,2000,741,0.2875,8,8
DDPM,2000,742,0.5375,3,5
DDPM,2000,743,0.41875,5,5
DDPM,2000,744,0.425,4,5
DDPM,2000,745,0.3375,7,7
DDPM,2000,746,0.36875,4,6
DDPM,2000,747,0.4625,4,8
DDPM,2000,748,0.38125,6,6
DDPM,2000,749,0.375,4,11
DDPM,2000,750,0.38125,6,6
DDPM,2000,751,0.3375,7,7
DDPM,2000,752,0.44375,4,4
DDPM,2000,753,0.48125,3,8
DDPM,2000,754,0.33125,5,5
DDPM,2000,755,0.44375,4,5
DDPM,2000,756,0.4,5,5
DDPM,2000,757,0.39375,6,6
DDPM,2000,758,0.38125,7,8
DDPM,2000,759,0.41875,5,6
DDPM,2000,760,0.3125,6,6
DDPM,2000,761,0.35625,5,5
DDPM,2000,762,0.34375,5,5
DDPM,2000,763,0.4,4,5
DDPM,2000,764,0.35,5,6
DDPM,2000,765,0.4375,4,6
DDPM,2000,766,0.425,4,5
DDPM,2000,767,0.26875,6,6
DDPM,2000,768,0.43125,5,6
DDPM,2000,769,0.3875,5,5
DDPM,2000,770,0.43125,5,7
DDPM,2000,771,0.325,6,6
DDPM,2000,772,0.30625,5,5
DDPM,2000,773,0.31875,7,7
DDPM,2000,774,0.2875,5,6
DDPM,2000,775,0.2,6,6
DDPM,2000,776,0.3625,4,7
DDPM,2000,777,0.29375,7,7
DDPM,2000,778,0.4125,6,6
DDPM,2000,779,0.30625,8,8
DDPM,2000,780,0.39375,6,6
DDPM,2000,781,0.33125,5,5
DDPM,2000,782,0.3375,7,8
DDPM,2000,783,0.46875,3,6
DDPM,2000,784,0.36875,4,6
DDPM,2000,785,0.5,4,5
DDPM,2000,786,0.31875,9,9
DDPM,2000,787,0.35,5,8
DDPM,2000,788,0.34375,5,5
DDPM,2000,789,0.375,6,9
DDPM,2000,790,0.3875,4,5
DDPM,2000,791,0.5,4,5
DDPM,2000,792,0.4125,5,5
DDPM,2000,793,0.35625,4,5
DDPM,2000,794,0.3875,6,6
DDPM,2000,795,0.45625,5,7
DDPM,2000,796,0.425,4,5
DDPM,2000,797,0.325,5,5
DDPM,2000,798,0.38125,5,9
DDPM,2000,799,0.4125,5,6
DDPM,2000,800,0.3125,10,10
DDPM,2000,801,0.53125,3,5
DDPM,2000,802,0.35,6,6
DDPM,2000,803,0.2875,6,6
DDPM,2000,804,0.45625,5,5
DDPM,2000,805,0.39375,4,5
DDPM,2000,806,0.3375,6,6
DDPM,2000,807,0.4,4,8
DDPM,2000,808,0.3625,5,5
DDPM,2000,809,0.31875,5,7
DDPM,2000,810,0.40625,5,6
DDPM,2000,811,0.425,4,7
DDPM,2000,812,0.39375,5,6
DDPM,2000,813,0.33125,6,6
DDPM,2000,814,0.4625,4,7
DDPM,2000,815,0.3875,5,5
DDPM,2000,816,0.4125,5,5
DDPM,2000,817,0.38125,5,5
DDPM,2000,818,0.38125,4,5
DDPM,2000,819,0.5,3,6
DDPM,2000,820,0.225,6,6
DDPM,2000,821,0.38125,7,7
DDPM,2000,822,0.34375,5,8
DDPM,2000,823,0.40625,5,5
DDPM,2000,824,0.2875,7,7
DDPM,2000,825,0.325,5,8
DDPM,2000,826,0.35625,4,5
DDPM,2000,827,0.35,4,6
DDPM,2000,828,0.36875,5,5
DDPM,2000,829,0.3125,7,7
DDPM,2000,830,0.4,4,5
DDPM,2000,831,0.4125,4,10
DDPM,2000,832,0.44375,4,4
DDPM,2000,833,0.425,6,7
DDPM,2000,834,0.44375,3,7
DDPM,2000,835,0.49375,10,10
DDPM,2000,836,0.275,6,6
DDPM,2000,837,0.625,5,5
DDPM,2000,838,0.24375,8,8
DDPM,2000,839,0.2875,5,6
DDPM,2000,840,0.325,6,6
DDPM,2000,841,0.4625,6,6
DDPM,2000,842,0.4125,5,6
DDPM,2000,843,0.36875,5,7
DDPM,2000,844,0.49375,7,7
DDPM,2000,845,0.30625,6,6
DDPM,2000,846,0.25625,6,6
DDPM,2000,847,0.425,7,7
DDPM,2000,848,0.425,5,6
DDPM,2000,849,0.46875,4,5
DDPM,2000,850,0.45,4,8
DDPM,2000,851,0.4625,3,6
DDPM,2000,852,0.3125,15,15
DDPM,2000,853,0.4,5,8
DDPM,2000,854,0.4,4,5
DDPM,2000,855,0.4125,6,7
DDPM,2000,856,0.4,4,4
DDPM,2000,857,0.36875,5,6
DDPM,2000,858,0.49375,6,6
DDPM,2000,859,0.4625,3,5
DDPM,2000,860,0.48125,4,5
DDPM,2000,861,0.44375,3,5
DDPM,2000,862,0.45,4,4
DDPM,2000,863,0.3125,16,16
DDPM,2000,864,0.33125,4,6
DDPM,2000,865,0.40625,6,6
DDPM,2000,866,0.325,6,9
DDPM,2000,867,0.48125,4,4
DDPM,2000,868,0.3125,5,5
DDPM,2000,869,0.4875,4,6
DDPM,2000,870,0.46875,5,5
DDPM,2000,871,0.36875,6,6
DDPM,2000,872,0.46875,6,6
DDPM,2000,873,0.39375,6,14
DDPM,2000,874,0.2625,6,6
DDPM,2000,875,0.36875,10,10
DDPM,2000,876,0.4,4,7
DDPM,2000,877,0.34375,5,5
DDPM,2000,878,0.35625,7,7
DDPM,2000,879,0.4625,4,12
DDPM,2000,880,0.3625,5,7
DDPM,2000,881,0.4,7,7
DDPM,2000,882,0.3375,6,6
DDPM,2000,883,0.35625,6,6
DDPM,2000,884,0.475,7,7
DDPM,2000,885,0.2875,11,11
DDPM,2000,886,0.44375,10,10
DDPM,2000,887,0.33125,6,6
DDPM,2000,888,0.4125,4,4
DDPM,2000,889,0.40625,8,8
DDPM,2000,890,0.44375,4,6
DDPM,2000,891,0.40625,5,7
DDPM,2000,892,0.4375,5,5
DDPM,2000,893,0.35625,7,11
DDPM,2000,894,0.3875,4,7
DDPM,2000,895,0.4125,4,7
DDPM,2000,896,0.325,5,6
DDPM,2000,897,0.25625,8,8
DDPM,2000,898,0.36875,10,10
DDPM,2000,899,0.4,7,7
DDPM,2000,900,0.46875,5,5
DDPM,2000,901,0.43125,4,6
DDPM,2000,902,0.34375,8,8
DDPM,2000,903,0.3625,5,5
DDPM,2000,904,0.475,4,5
DDPM,2000,905,0.225,8,8
DDPM,2000,906,0.4375,9,9
DDPM,2000,907,0.40625,4,5
DDPM,2000,908,0.4,3,4
DDPM,2000,909,0.29375,11,11
DDPM,2000,910,0.26875,6,8
DDPM,2000,911,0.46875,5,5
DDPM,2000,912,0.4,8,8
DDPM,2000,913,0.40625,5,5
DDPM,2000,914,0.38125,5,8
DDPM,2000,915,0.475,4,5
DDPM,2000,916,0.31875,5,6
DDPM,2000,917,0.4375,4,4
DDPM,2000,918,0.46875,3,5
DDPM,2000,919,0.3875,4,9
DDPM,2000,920,0.35625,4,7
DDPM,2000,921,0.4375,4,5
DDPM,2000,922,0.3375,5,5
DDPM,2000,923,0.44375,5,11
DDPM,2000,924,0.5,4,6
DDPM,2000,925,0.375,6,8
DDPM,2000,926,0.375,5,5
DDPM,2000,927,0.50625,4,4
DDPM,2000,928,0.4375,4,12
DDPM,2000,929,0.29375,6,6
DDPM,2000,930,0.41875,5,9
DDPM,2000,931,0.45625,4,8
DDPM,2000,932,0.425,4,8
DDPM,2000,933,0.51875,4,4
DDPM,2000,934,0.38125,5,15
DDPM,2000,935,0.36875,6,6
DDPM,2000,936,0.35,5,5
DDPM,2000,937,0.4875,4,5
DDPM,2000,938,0.3875,4,4
DDPM,2000,939,0.3875,4,6
DDPM,2000,940,0.35625,5,5
DDPM,2000,941,0.425,4,5
DDPM,2000,942,0.35625,5,5
DDPM,2000,943,0.31875,12,12
DDPM,2000,944,0.44375,4,7
DDPM,2000,945,0.35625,4,7
DDPM,2000,946,0.30625,5,5
DDPM,2000,947,0.39375,5,5
DDPM,2000,948,0.3125,10,10
DDPM,2000,949,0.35625,7,7
DDPM,2000,950,0.2625,8,8
DDPM,2000,951,0.46875,5,5
DDPM,2000,952,0.35625,5,6
DDPM,2000,953,0.29375,6,11
DDPM,2000,954,0.45,4,9
DDPM,2000,955,0.4,6,6
DDPM,2000,956,0.375,6,6
DDPM,2000,957,0.3125,5,5
DDPM,2000,958,0.36875,4,4
DDPM,2000,959,0.35625,6,6
DDPM,2000,960,0.375,4,4
DDPM,2000,961,0.35,10,10
DDPM,2000,962,0.34375,6,6
DDPM,2000,963,0.34375,5,5
DDPM,2000,964,0.3875,5,8
DDPM,2000,965,0.35,6,6
DDPM,2000,966,0.2875,5,7
DDPM,2000,967,0.50625,3,4
DDPM,2000,968,0.50625,4,7
DDPM,2000,969,0.375,5,7
DDPM,2000,970,0.45625,5,5
DDPM,2000,971,0.34375,7,7
DDPM,2000,972,0.4375,4,7
DDPM,2000,973,0.5625,5,6
DDPM,2000,974,0.4125,4,11
DDPM,2000,975,0.25625,5,5
DDPM,2000,976,0.325,7,7
DDPM,2000,977,0.3875,5,5
DDPM,2000,978,0.21875,10,10
DDPM,2000,979,0.43125,6,6
DDPM,2000,980,0.36875,7,7
DDPM,2000,981,0.49375,3,5
DDPM,2000,982,0.48125,5,5
DDPM,2000,983,0.39375,6,6
DDPM,2000,984,0.4375,4,4
DDPM,2000,985,0.50625,3,5
DDPM,2000,986,0.4375,5,5
DDPM,2000,987,0.325,6,6
DDPM,2000,988,0.3125,10,10
DDPM,2000,989,0.30625,10,10
DDPM,2000,990,0.375,4,6
DDPM,2000,991,0.33125,6,6
DDPM,2000,992,0.33125,9,9
DDPM,2000,993,0.25,6,6
DDPM,2000,994,0.48125,5,8
DDPM,2000,995,0.5125,9,9
DDPM,2000,996,0.44375,4,6
DDPM,2000,997,0.30625,5,5
DDPM,2000,998,0.48125,4,4
DDPM,2000,999,0.35,5,5
DiT,1050,0,0.33125,5,6
DiT,1050,1,0.44375,3,8
DiT,1050,2,0.36875,5,7
DiT,1050,3,0.45625,5,5
DiT,1050,4,0.44375,5,5
DiT,1050,5,0.475,4,5
DiT,1050,6,0.58125,4,6
DiT,1050,7,0.425,6,6
DiT,1050,8,0.36875,7,7
DiT,1050,9,0.38125,5,7
DiT,1050,10,0.43125,16,16
DiT,1050,11,0.5125,4,5
DiT,1050,12,0.38125,7,7
DiT,1050,13,0.2875,7,7
DiT,1050,14,0.3875,6,7
DiT,1050,15,0.3375,6,6
DiT,1050,16,0.54375,4,7
DiT,1050,17,0.575,6,6
DiT,1050,18,0.51875,3,6
DiT,1050,19,0.4,7,10
DiT,1050,20,0.36875,5,13
DiT,1050,21,0.3625,4,5
DiT,1050,22,0.4375,3,5
DiT,1050,23,0.525,8,8
DiT,1050,24,0.3875,5,7
DiT,1050,25,0.5375,5,16
DiT,1050,26,0.39375,5,7
DiT,1050,27,0.5375,5,5
DiT,1050,28,0.38125,5,5
DiT,1050,29,0.45625,6,6
DiT,1050,30,0.375,4,6
DiT,1050,31,0.49375,4,5
DiT,1050,32,0.48125,4,5
DiT,1050,33,0.23125,12,12
DiT,1050,34,0.40625,5,5
DiT,1050,35,0.2625,8,8
DiT,1050,36,0.5125,4,6
DiT,1050,37,0.46875,10,10
DiT,1050,38,0.50625,3,6
DiT,1050,39,0.44375,4,5
DiT,1050,40,0.36875,4,6
DiT,1050,41,0.56875,4,4
DiT,1050,42,0.43125,5,5
DiT,1050,43,0.2625,6,12
DiT,1050,44,0.28125,13,13
DiT,1050,45,0.39375,4,7
DiT,1050,46,0.51875,4,6
DiT,1050,47,0.43125,6,6
DiT,1050,48,0.48125,3,5
DiT,1050,49,0.4,4,6
DiT,1050,50,0.40625,4,4
DiT,1050,51,0.4375,6,6
DiT,1050,52,0.45625,4,6
DiT,1050,53,0.50625,3,4
DiT,1050,54,0.45625,6,7
DiT,1050,55,0.425,3,7
DiT,1050,56,0.41875,6,7
DiT,1050,57,0.25625,6,7
DiT,1050,58,0.46875,4,5
DiT,1050,59,0.40625,5,7
DiT,1050,60,0.4875,5,5
DiT,1050,61,0.4875,4,6
DiT,1050,62,0.4,5,5
DiT,1050,63,0.3875,6,6
DiT,1050,64,0.375,9,9
DiT,1050,65,0.50625,5,6
DiT,1050,66,0.40625,5,6
DiT,1050,67,0.46875,4,4
DiT,1050,68,0.5625,4,4
DiT,1050,69,0.475,4,6
DiT,1050,70,0.48125,5,5
DiT,1050,71,0.44375,3,4
DiT,1050,72,0.45625,4,7
DiT,1050,73,0.525,4,6
DiT,1050,74,0.46875,3,5
DiT,1050,75,0.43125,4,6
DiT,1050,76,0.35,6,7
DiT,1050,77,0.4125,5,5
DiT,1050,78,0.35,5,10
DiT,1050,79,0.45,6,6
DiT,1050,80,0.4875,5,8
DiT,1050,81,0.4375,6,6
DiT,1050,82,0.3875,6,6
DiT,1050,83,0.38125,5,7
DiT,1050,84,0.35625,5,5
DiT,1050,85,0.49375,4,7
DiT,1050,86,0.525,5,5
DiT,1050,87,0.4375,4,5
DiT,1050,88,0.36875,6,6
DiT,1050,89,0.3875,4,4
DiT,1050,90,0.3625,4,6
DiT,1050,91,0.38125,6,7
DiT,1050,92,0.44375,6,6
DiT,1050,93,0.2375,5,5
DiT,1050,94,0.35,5,6
DiT,1050,95,0.33125,8,8
DiT,1050,96,0.49375,4,4
DiT,1050,97,0.35625,17,17
DiT,1050,98,0.49375,6,6
DiT,1050,99,0.225,12,12
DiT,1050,100,0.50625,4,5
DiT,1050,101,0.39375,4,10
DiT,1050,102,0.40625,7,7
DiT,1050,103,0.40625,4,8
DiT,1050,104,0.5875,4,5
DiT,1050,105,0.2,6,6
DiT,1050,106,0.26875,6,6
DiT,1050,107,0.5,5,6
DiT,1050,108,0.39375,4,6
DiT,1050,109,0.4625,4,4
DiT,1050,110,0.4375,6,6
DiT,1050,111,0.5,4,6
DiT,1050,112,0.46875,4,6
DiT,1050,113,0.4125,5,7
DiT,1050,114,0.4875,3,6
DiT,1050,115,0.275,6,6
DiT,1050,116,0.28125,7,7
DiT,1050,117,0.50625,5,5
DiT,1050,118,0.5,3,4
DiT,1050,119,0.34375,12,12
DiT,1050,120,0.35,5,7
DiT,1050,121,0.4625,5,5
DiT,1050,122,0.5375,5,9
DiT,1050,123,0.39375,5,6
DiT,1050,124,0.35625,5,8
DiT,1050,125,0.43125,5,5
DiT,1050,126,0.4375,5,11
DiT,1050,127,0.54375,4,5
DiT,1050,128,0.38125,4,5
DiT,1050,129,0.3875,7,7
DiT,1050,130,0.41875,5,12
DiT,1050,131,0.4375,3,6
DiT,1050,132,0.5875,5,6
DiT,1050,133,0.55,4,5
DiT,1050,134,0.35,4,7
DiT,1050,135,0.1875,5,8
DiT,1050,136,0.39375,5,5
DiT,1050,137,0.53125,4,5
DiT,1050,138,0.56875,4,5
DiT,1050,139,0.45,5,5
DiT,1050,140,0.4125,3,6
DiT,1050,141,0.33125,10,10
DiT,1050,142,0.3125,5,7
DiT,1050,143,0.2625,10,10
DiT,1050,144,0.40625,4,7
DiT,1050,145,0.41875,4,13
DiT,1050,146,0.41875,4,6
DiT,1050,147,0.275,8,8
DiT,1050,148,0.34375,5,6
DiT,1050,149,0.4125,5,7
DiT,1050,150,0.55,4,5
DiT,1050,151,0.4125,5,5
DiT,1050,152,0.3875,5,5
DiT,1050,153,0.4125,4,7
DiT,1050,154,0.3875,3,5
DiT,1050,155,0.40625,4,5
DiT,1050,156,0.4,4,6
DiT,1050,157,0.31875,10,13
DiT,1050,158,0.4125,5,9
DiT,1050,159,0.5,5,5
DiT,1050,160,0.59375,5,6
DiT,1050,161,0.55625,4,5
DiT,1050,162,0.2875,7,7
DiT,1050,163,0.41875,6,7
DiT,1050,164,0.43125,6,6
DiT,1050,165,0.64375,4,6
DiT,1050,166,0.41875,4,6
DiT,1050,167,0.4,5,5
DiT,1050,168,0.45,3,6
DiT,1050,169,0.25,6,6
DiT,1050,170,0.41875,4,7
DiT,1050,171,0.34375,5,6
DiT,1050,172,0.46875,4,6
DiT,1050,173,0.55,3,7
DiT,1050,174,0.3875,7,7
DiT,1050,175,0.4125,5,5
DiT,1050,176,0.49375,4,7
DiT,1050,177,0.6,5,5
DiT,1050,178,0.5125,3,5
DiT,1050,179,0.25,7,7
DiT,1050,180,0.29375,11,11
DiT,1050,181,0.3375,9,9
DiT,1050,182,0.40625,4,4
DiT,1050,183,0.375,4,7
DiT,1050,184,0.41875,5,7
DiT,1050,185,0.475,4,7
DiT,1050,186,0.36875,6,6
DiT,1050,187,0.49375,3,7
DiT,1050,188,0.4625,3,13
DiT,1050,189,0.28125,8,8
DiT,1050,190,0.5375,3,4
DiT,1050,191,0.39375,6,6
DiT,1050,192,0.475,4,4
DiT,1050,193,0.55,5,5
DiT,1050,194,0.4375,4,6
DiT,1050,195,0.475,4,5
DiT,1050,196,0.54375,5,6
DiT,1050,197,0.35,4,5
DiT,1050,198,0.4,5,5
DiT,1050,199,0.25,15,15
DiT,1050,200,0.4125,5,6
DiT,1050,201,0.3,7,7
DiT,1050,202,0.49375,5,5
DiT,1050,203,0.41875,5,7
DiT,1050,204,0.44375,4,5
DiT,1050,205,0.5,5,6
DiT,1050,206,0.35625,7,7
DiT,1050,207,0.46875,4,6
DiT,1050,208,0.44375,5,6
DiT,1050,209,0.475,5,8
DiT,1050,210,0.3375,6,6
DiT,1050,211,0.44375,5,7
DiT,1050,212,0.38125,4,5
DiT,1050,213,0.38125,9,9
DiT,1050,214,0.46875,5,5
DiT,1050,215,0.58125,5,5
DiT,1050,216,0.45,5,6
DiT,1050,217,0.44375,5,7
DiT,1050,218,0.50625,4,6
DiT,1050,219,0.46875,6,6
DiT,1050,220,0.44375,6,6
DiT,1050,221,0.5,4,7
DiT,1050,222,0.30625,14,14
DiT,1050,223,0.425,7,7
DiT,1050,224,0.26875,7,7
DiT,1050,225,0.3875,6,6
DiT,1050,226,0.1875,14,14
DiT,1050,227,0.36875,5,5
DiT,1050,228,0.3125,7,7
DiT,1050,229,0.28125,6,6
DiT,1050,230,0.49375,4,5
DiT,1050,231,0.3125,7,7
DiT,1050,232,0.30625,7,7
DiT,1050,233,0.45625,4,5
DiT,1050,234,0.5375,3,5
DiT,1050,235,0.38125,5,5
DiT,1050,236,0.43125,4,5
DiT,1050,237,0.475,4,5
DiT,1050,238,0.5375,7,7
DiT,1050,239,0.43125,5,5
DiT,1050,240,0.48125,3,5
DiT,1050,241,0.43125,4,10
DiT,1050,242,0.38125,6,7
DiT,1050,243,0.55625,3,15
DiT,1050,244,0.33125,7,7
DiT,1050,245,0.48125,5,8
DiT,1050,246,0.43125,6,6
DiT,1050,247,0.3625,9,9
DiT,1050,248,0.45625,6,6
DiT,1050,249,0.51875,3,6
DiT,1050,250,0.3625,3,7
DiT,1050,251,0.4625,4,5
DiT,1050,252,0.425,5,5
DiT,1050,253,0.4125,5,7
DiT,1050,254,0.54375,5,5
DiT,1050,255,0.4875,4,5
DiT,1050,256,0.5,4,5
DiT,1050,257,0.475,5,8
DiT,1050,258,0.39375,6,6
DiT,1050,259,0.43125,5,7
DiT,1050,260,0.475,4,6
DiT,1050,261,0.3875,4,5
DiT,1050,262,0.4375,4,5
DiT,1050,263,0.50625,4,5
DiT,1050,264,0.4875,4,5
DiT,1050,265,0.35625,5,5
DiT,1050,266,0.5125,4,4
DiT,1050,267,0.33125,6,6
DiT,1050,268,0.5,3,6
DiT,1050,269,0.3875,10,10
DiT,1050,270,0.425,4,5
DiT,1050,271,0.3375,8,8
DiT,1050,272,0.19375,6,6
DiT,1050,273,0.375,6,6
DiT,1050,274,0.5375,7,7
DiT,1050,275,0.425,4,5
DiT,1050,276,0.63125,3,5
DiT,1050,277,0.23125,7,7
DiT,1050,278,0.50625,5,5
DiT,1050,279,0.46875,7,7
DiT,1050,280,0.3875,5,6
DiT,1050,281,0.4125,5,9
DiT,1050,282,0.4125,7,7
DiT,1050,283,0.55,3,6
DiT,1050,284,0.39375,4,4
DiT,1050,285,0.4375,5,10
DiT,1050,286,0.3875,6,9
DiT,1050,287,0.41875,4,9
DiT,1050,288,0.5875,5,5
DiT,1050,289,0.30625,7,7
DiT,1050,290,0.43125,5,7
DiT,1050,291,0.5375,5,5
DiT,1050,292,0.55625,5,7
DiT,1050,293,0.4375,4,6
DiT,1050,294,0.425,5,7
DiT,1050,295,0.53125,5,5
DiT,1050,296,0.43125,4,5
DiT,1050,297,0.3375,6,6
DiT,1050,298,0.39375,5,11
DiT,1050,299,0.5375,4,6
DiT,1050,300,0.5125,4,6
DiT,1050,301,0.45625,4,4
DiT,1050,302,0.25625,6,6
DiT,1050,303,0.4125,4,5
DiT,1050,304,0.23125,8,8
DiT,1050,305,0.525,4,6
DiT,1050,306,0.58125,5,5
DiT,1050,307,0.55625,4,5
DiT,1050,308,0.48125,6,6
DiT,1050,309,0.43125,4,7
DiT,1050,310,0.325,5,5
DiT,1050,311,0.49375,5,5
DiT,1050,312,0.46875,3,6
DiT,1050,313,0.3625,6,6
DiT,1050,314,0.425,3,9
DiT,1050,315,0.35625,6,7
DiT,1050,316,0.5375,4,4
DiT,1050,317,0.425,7,7
DiT,1050,318,0.2875,6,6
DiT,1050,319,0.49375,5,5
DiT,1050,320,0.36875,5,5
DiT,1050,321,0.39375,4,6
DiT,1050,322,0.56875,3,7
DiT,1050,323,0.45,4,5
DiT,1050,324,0.4375,9,9
DiT,1050,325,0.30625,5,5
DiT,1050,326,0.4625,4,4
DiT,1050,327,0.25625,8,8
DiT,1050,328,0.46875,3,8
DiT,1050,329,0.55625,4,6
DiT,1050,330,0.36875,4,5
DiT,1050,331,0.2375,7,7
DiT,1050,332,0.41875,4,8
DiT,1050,333,0.31875,4,5
DiT,1050,334,0.28125,11,11
DiT,1050,335,0.35625,6,6
DiT,1050,336,0.3375,10,10
DiT,1050,337,0.45,5,5
DiT,1050,338,0.325,4,6
DiT,1050,339,0.425,7,7
DiT,1050,340,0.4625,5,5
DiT,1050,341,0.5875,4,5
DiT,1050,342,0.325,10,10
DiT,1050,343,0.35625,5,5
DiT,1050,344,0.33125,6,6
DiT,1050,345,0.24375,8,8
DiT,1050,346,0.43125,5,6
DiT,1050,347,0.46875,5,5
DiT,1050,348,0.3375,5,5
DiT,1050,349,0.45625,8,8
DiT,1050,350,0.49375,3,4
DiT,1050,351,0.28125,5,5
DiT,1050,352,0.5375,3,4
DiT,1050,353,0.5125,4,6
DiT,1050,354,0.21875,4,4
DiT,1050,355,0.425,4,5
DiT,1050,356,0.3875,5,5
DiT,1050,357,0.54375,5,7
DiT,1050,358,0.5375,3,7
DiT,1050,359,0.31875,4,9
DiT,1050,360,0.3625,4,5
DiT,1050,361,0.4125,9,9
DiT,1050,362,0.48125,5,5
DiT,1050,363,0.54375,4,8
DiT,1050,364,0.35625,7,7
DiT,1050,365,0.43125,9,9
DiT,1050,366,0.55625,3,5
DiT,1050,367,0.51875,6,6
DiT,1050,368,0.475,4,5
DiT,1050,369,0.49375,7,7
DiT,1050,370,0.51875,3,7
DiT,1050,371,0.41875,4,5
DiT,1050,372,0.325,5,5
DiT,1050,373,0.54375,3,5
DiT,1050,374,0.5875,4,4
DiT,1050,375,0.46875,6,7
DiT,1050,376,0.5125,4,4
DiT,1050,377,0.4,4,7
DiT,1050,378,0.45,5,5
DiT,1050,379,0.375,5,8
DiT,1050,380,0.5625,4,7
DiT,1050,381,0.38125,11,11
DiT,1050,382,0.45625,14,14
DiT,1050,383,0.3375,6,8
DiT,1050,384,0.4625,4,5
DiT,1050,385,0.48125,6,8
DiT,1050,386,0.5,4,4
DiT,1050,387,0.48125,6,6
DiT,1050,388,0.40625,6,6
DiT,1050,389,0.4875,8,8
DiT,1050,390,0.46875,4,4
DiT,1050,391,0.44375,5,9
DiT,1050,392,0.33125,4,5
DiT,1050,393,0.45625,5,5
DiT,1050,394,0.3625,7,7
DiT,1050,395,0.35,7,7
DiT,1050,396,0.55625,2,7
DiT,1050,397,0.36875,4,6
DiT,1050,398,0.34375,6,7
DiT,1050,399,0.4625,4,5
DiT,1050,400,0.375,6,6
DiT,1050,401,0.34375,5,5
DiT,1050,402,0.49375,4,4
DiT,1050,403,0.3125,5,5
DiT,1050,404,0.40625,4,7
DiT,1050,405,0.35,5,6
DiT,1050,406,0.41875,5,5
DiT,1050,407,0.51875,5,5
DiT,1050,408,0.2875,5,7
DiT,1050,409,0.4,4,8
DiT,1050,410,0.24375,4,4
DiT,1050,411,0.53125,4,9
DiT,1050,412,0.45,5,7
DiT,1050,413,0.45625,4,7
DiT,1050,414,0.35625,9,9
DiT,1050,415,0.48125,4,5
DiT,1050,416,0.31875,7,7
DiT,1050,417,0.2875,6,6
DiT,1050,418,0.2875,9,9
DiT,1050,419,0.48125,5,5
DiT,1050,420,0.425,4,5
DiT,1050,421,0.49375,4,8
DiT,1050,422,0.45,4,4
DiT,1050,423,0.5875,4,5
DiT,1050,424,0.5,6,6
DiT,1050,425,0.4625,5,5
DiT,1050,426,0.36875,6,6
DiT,1050,427,0.39375,5,6
DiT,1050,428,0.4625,3,5
DiT,1050,429,0.35,7,7
DiT,1050,430,0.5375,6,6
DiT,1050,431,0.4875,5,5
DiT,1050,432,0.45,4,5
DiT,1050,433,0.5875,4,5
DiT,1050,434,0.375,6,6
DiT,1050,435,0.31875,12,12
DiT,1050,436,0.45625,5,5
DiT,1050,437,0.36875,5,7
DiT,1050,438,0.54375,4,6
DiT,1050,439,0.48125,5,5
DiT,1050,440,0.36875,7,7
DiT,1050,441,0.35,5,8
DiT,1050,442,0.40625,4,8
DiT,1050,443,0.40625,7,7
DiT,1050,444,0.4125,6,9
DiT,1050,445,0.525,4,4
DiT,1050,446,0.36875,9,9
DiT,1050,447,0.43125,4,5
DiT,1050,448,0.43125,10,10
DiT,1050,449,0.4875,5,9
DiT,1050,450,0.53125,4,5
DiT,1050,451,0.35,5,5
DiT,1050,452,0.3375,7,7
DiT,1050,453,0.275,4,4
DiT,1050,454,0.4125,8,8
DiT,1050,455,0.45625,7,7
DiT,1050,456,0.25625,6,7
DiT,1050,457,0.3625,4,5
DiT,1050,458,0.44375,4,5
DiT,1050,459,0.46875,4,6
DiT,1050,460,0.375,5,5
DiT,1050,461,0.3375,7,7
DiT,1050,462,0.49375,5,6
DiT,1050,463,0.525,5,5
DiT,1050,464,0.45,4,5
DiT,1050,465,0.44375,5,5
DiT,1050,466,0.4,5,7
DiT,1050,467,0.4375,7,7
DiT,1050,468,0.54375,5,5
DiT,1050,469,0.5375,5,6
DiT,1050,470,0.2875,12,12
DiT,1050,471,0.35,4,4
DiT,1050,472,0.425,6,9
DiT,1050,473,0.375,5,5
DiT,1050,474,0.46875,3,6
DiT,1050,475,0.4875,4,6
DiT,1050,476,0.3875,5,5
DiT,1050,477,0.30625,6,6
DiT,1050,478,0.45625,4,5
DiT,1050,479,0.45625,5,6
DiT,1050,480,0.525,3,4
DiT,1050,481,0.3625,5,5
DiT,1050,482,0.4125,9,9
DiT,1050,483,0.4625,5,6
DiT,1050,484,0.55625,4,7
DiT,1050,485,0.48125,5,8
DiT,1050,486,0.43125,4,5
DiT,1050,487,0.36875,7,7
DiT,1050,488,0.30625,15,15
DiT,1050,489,0.4,4,6
DiT,1050,490,0.4625,4,12
DiT,1050,491,0.4625,4,4
DiT,1050,492,0.5375,4,7
DiT,1050,493,0.36875,6,6
DiT,1050,494,0.45,6,6
DiT,1050,495,0.38125,4,4
DiT,1050,496,0.46875,5,5
DiT,1050,497,0.29375,6,6
DiT,1050,498,0.375,5,6
DiT,1050,499,0.325,6,6
DiT,1050,500,0.50625,4,4
DiT,1050,501,0.3875,6,8
DiT,1050,502,0.51875,4,6
DiT,1050,503,0.45,5,6
DiT,1050,504,0.4,5,5
DiT,1050,505,0.4,5,5
DiT,1050,506,0.5625,4,5
DiT,1050,507,0.45,4,5
DiT,1050,508,0.55,4,5
DiT,1050,509,0.2,6,11
DiT,1050,510,0.53125,3,6
DiT,1050,511,0.3875,5,5
DiT,1050,512,0.30625,6,6
DiT,1050,513,0.3875,5,8
DiT,1050,514,0.5375,5,5
DiT,1050,515,0.46875,4,8
DiT,1050,516,0.4125,4,5
DiT,1050,517,0.36875,5,5
DiT,1050,518,0.31875,8,8
DiT,1050,519,0.36875,4,6
DiT,1050,520,0.4,5,5
DiT,1050,521,0.3625,6,7
DiT,1050,522,0.31875,8,8
DiT,1050,523,0.4375,4,7
DiT,1050,524,0.46875,6,7
DiT,1050,525,0.5,4,4
DiT,1050,526,0.4375,5,5
DiT,1050,527,0.43125,5,5
DiT,1050,528,0.53125,4,4
DiT,1050,529,0.46875,4,4
DiT,1050,530,0.58125,4,5
DiT,1050,531,0.50625,4,5
DiT,1050,532,0.4125,6,6
DiT,1050,533,0.4375,4,5
DiT,1050,534,0.4375,5,6
DiT,1050,535,0.575,4,5
DiT,1050,536,0.48125,6,6
DiT,1050,537,0.425,4,6
DiT,1050,538,0.425,6,6
DiT,1050,539,0.3375,8,8
DiT,1050,540,0.33125,5,7
DiT,1050,541,0.4375,4,6
DiT,1050,542,0.21875,9,9
DiT,1050,543,0.46875,3,4
DiT,1050,544,0.48125,6,6
DiT,1050,545,0.41875,4,6
DiT,1050,546,0.35625,5,5
DiT,1050,547,0.3875,4,6
DiT,1050,548,0.425,6,6
DiT,1050,549,0.35625,12,12
DiT,1050,550,0.4125,9,9
DiT,1050,551,0.24375,8,8
DiT,1050,552,0.5625,4,5
DiT,1050,553,0.41875,5,7
DiT,1050,554,0.31875,5,5
DiT,1050,555,0.44375,4,5
DiT,1050,556,0.425,6,6
DiT,1050,557,0.4875,3,7
DiT,1050,558,0.44375,4,6
DiT,1050,559,0.31875,5,6
DiT,1050,560,0.525,5,6
DiT,1050,561,0.3625,4,6
DiT,1050,562,0.3875,4,7
DiT,1050,563,0.50625,3,6
DiT,1050,564,0.2,13,13
DiT,1050,565,0.49375,5,5
DiT,1050,566,0.575,4,8
DiT,1050,567,0.25625,7,7
DiT,1050,568,0.4,4,5
DiT,1050,569,0.375,7,7
DiT,1050,570,0.4,7,7
DiT,1050,571,0.3625,6,6
DiT,1050,572,0.29375,6,6
DiT,1050,573,0.3625,7,7
DiT,1050,574,0.475,5,6
DiT,1050,575,0.375,7,7
DiT,1050,576,0.525,5,5
DiT,1050,577,0.5625,4,5
DiT,1050,578,0.51875,4,6
DiT,1050,579,0.53125,4,6
DiT,1050,580,0.4125,6,6
DiT,1050,581,0.61875,3,5
DiT,1050,582,0.41875,4,5
DiT,1050,583,0.45625,5,7
DiT,1050,584,0.39375,5,7
DiT,1050,585,0.49375,4,6
DiT,1050,586,0.50625,4,6
DiT,1050,587,0.375,8,8
DiT,1050,588,0.25,8,8
DiT,1050,589,0.325,8,8
DiT,1050,590,0.425,4,6
DiT,1050,591,0.4,5,6
DiT,1050,592,0.4625,4,8
DiT,1050,593,0.38125,7,7
DiT,1050,594,0.25,5,5
DiT,1050,595,0.38125,5,5
DiT,1050,596,0.50625,7,7
DiT,1050,597,0.49375,6,6
DiT,1050,598,0.38125,6,6
DiT,1050,599,0.44375,4,5
DiT,1050,600,0.51875,4,5
DiT,1050,601,0.36875,6,6
DiT,1050,602,0.55625,4,7
DiT,1050,603,0.55,4,5
DiT,1050,604,0.44375,4,4
DiT,1050,605,0.425,7,7
DiT,1050,606,0.3375,9,9
DiT,1050,607,0.3875,6,6
DiT,1050,608,0.43125,6,8
DiT,1050,609,0.48125,5,6
DiT,1050,610,0.325,5,5
DiT,1050,611,0.45625,4,7
DiT,1050,612,0.23125,14,14
DiT,1050,613,0.4,7,9
DiT,1050,614,0.36875,6,6
DiT,1050,615,0.30625,9,9
DiT,1050,616,0.51875,4,6
DiT,1050,617,0.29375,7,7
DiT,1050,618,0.34375,3,4
DiT,1050,619,0.39375,5,5
DiT,1050,620,0.40625,5,7
DiT,1050,621,0.5125,3,7
DiT,1050,622,0.45625,7,7
DiT,1050,623,0.45625,3,5
DiT,1050,624,0.4125,4,8
DiT,1050,625,0.48125,7,7
DiT,1050,626,0.45625,4,5
DiT,1050,627,0.35,7,7
DiT,1050,628,0.4875,4,4
DiT,1050,629,0.475,3,7
DiT,1050,630,0.5375,5,5
DiT,1050,631,0.53125,6,6
DiT,1050,632,0.53125,5,5
DiT,1050,633,0.3875,5,5
DiT,1050,634,0.18125,7,7
DiT,1050,635,0.425,7,7
DiT,1050,636,0.44375,7,8
DiT,1050,637,0.5,4,6
DiT,1050,638,0.25,6,6
DiT,1050,639,0.54375,4,5
DiT,1050,640,0.55625,3,4
DiT,1050,641,0.55,5,5
DiT,1050,642,0.45625,4,6
DiT,1050,643,0.30625,9,9
DiT,1050,644,0.44375,5,10
DiT,1050,645,0.40625,7,7
DiT,1050,646,0.46875,4,5
DiT,1050,647,0.39375,5,6
DiT,1050,648,0.41875,4,5
DiT,1050,649,0.49375,4,4
DiT,1050,650,0.5,4,5
DiT,1050,651,0.36875,4,6
DiT,1050,652,0.525,3,4
DiT,1050,653,0.35625,9,9
DiT,1050,654,0.39375,8,8
DiT,1050,655,0.34375,7,7
DiT,1050,656,0.375,4,6
DiT,1050,657,0.5875,5,5
DiT,1050,658,0.49375,5,6
DiT,1050,659,0.53125,4,5
DiT,1050,660,0.43125,5,5
DiT,1050,661,0.36875,6,6
DiT,1050,662,0.35625,6,7
DiT,1050,663,0.4625,4,5
DiT,1050,664,0.41875,5,5
DiT,1050,665,0.43125,5,6
DiT,1050,666,0.30625,8,8
DiT,1050,667,0.475,3,10
DiT,1050,668,0.33125,4,5
DiT,1050,669,0.41875,8,8
DiT,1050,670,0.45625,4,6
DiT,1050,671,0.5875,5,5
DiT,1050,672,0.4375,8,8
DiT,1050,673,0.49375,6,9
DiT,1050,674,0.45625,5,5
DiT,1050,675,0.44375,5,7
DiT,1050,676,0.4875,4,4
DiT,1050,677,0.45,5,5
DiT,1050,678,0.31875,5,15
DiT,1050,679,0.36875,7,7
DiT,1050,680,0.43125,4,10
DiT,1050,681,0.25625,10,10
DiT,1050,682,0.38125,6,6
DiT,1050,683,0.5,4,6
DiT,1050,684,0.26875,10,10
DiT,1050,685,0.34375,5,10
DiT,1050,686,0.2375,5,7
DiT,1050,687,0.48125,4,5
DiT,1050,688,0.49375,4,5
DiT,1050,689,0.35625,6,8
DiT,1050,690,0.50625,4,6
DiT,1050,691,0.45,5,5
DiT,1050,692,0.44375,4,7
DiT,1050,693,0.475,4,5
DiT,1050,694,0.48125,5,5
DiT,1050,695,0.55625,4,5
DiT,1050,696,0.35625,4,9
DiT,1050,697,0.41875,5,9
DiT,1050,698,0.4625,5,6
DiT,1050,699,0.45625,4,5
DiT,1050,700,0.3,7,7
DiT,1050,701,0.4375,4,7
DiT,1050,702,0.43125,4,5
DiT,1050,703,0.53125,3,5
DiT,1050,704,0.4875,5,8
DiT,1050,705,0.4125,10,10
DiT,1050,706,0.45625,5,5
DiT,1050,707,0.3625,5,7
DiT,1050,708,0.4875,6,6
DiT,1050,709,0.5125,4,5
DiT,1050,710,0.39375,5,8
DiT,1050,711,0.56875,3,7
DiT,1050,712,0.45,6,8
DiT,1050,713,0.375,4,5
DiT,1050,714,0.525,4,5
DiT,1050,715,0.475,5,5
DiT,1050,716,0.5375,3,5
DiT,1050,717,0.45625,5,5
DiT,1050,718,0.35,8,8
DiT,1050,719,0.5875,4,4
DiT,1050,720,0.30625,5,7
DiT,1050,721,0.36875,6,6
DiT,1050,722,0.575,6,6
DiT,1050,723,0.60625,5,8
DiT,1050,724,0.44375,4,4
DiT,1050,725,0.4375,5,6
DiT,1050,726,0.475,6,6
DiT,1050,727,0.5125,3,4
DiT,1050,728,0.6,5,5
DiT,1050,729,0.40625,3,7
DiT,1050,730,0.3625,6,7
DiT,1050,731,0.4625,3,4
DiT,1050,732,0.4875,6,6
DiT,1050,733,0.28125,5,6
DiT,1050,734,0.28125,4,4
DiT,1050,735,0.53125,5,5
DiT,1050,736,0.44375,6,6
DiT,1050,737,0.44375,4,7
DiT,1050,738,0.25625,4,5
DiT,1050,739,0.45625,5,5
DiT,1050,740,0.21875,8,8
DiT,1050,741,0.3375,5,9
DiT,1050,742,0.45,6,6
DiT,1050,743,0.45,4,7
DiT,1050,744,0.34375,4,5
DiT,1050,745,0.3625,5,6
DiT,1050,746,0.3375,4,7
DiT,1050,747,0.39375,6,6
DiT,1050,748,0.43125,4,6
DiT,1050,749,0.50625,3,6
DiT,1050,750,0.44375,5,5
DiT,1050,751,0.2375,7,8
DiT,1050,752,0.49375,4,4
DiT,1050,753,0.31875,4,5
DiT,1050,754,0.30625,7,7
DiT,1050,755,0.25,5,5
DiT,1050,756,0.40625,4,8
DiT,1050,757,0.425,4,5
DiT,1050,758,0.375,5,5
DiT,1050,759,0.5,4,6
DiT,1050,760,0.45625,6,6
DiT,1050,761,0.5125,4,5
DiT,1050,762,0.5625,4,6
DiT,1050,763,0.45625,6,6
DiT,1050,764,0.31875,6,7
DiT,1050,765,0.34375,8,8
DiT,1050,766,0.48125,3,7
DiT,1050,767,0.40625,4,5
DiT,1050,768,0.46875,4,6
DiT,1050,769,0.30625,5,5
DiT,1050,770,0.40625,6,7
DiT,1050,771,0.50625,4,6
DiT,1050,772,0.53125,5,6
DiT,1050,773,0.475,4,6
DiT,1050,774,0.41875,5,5
DiT,1050,775,0.45,4,9
DiT,1050,776,0.45,5,6
DiT,1050,777,0.50625,3,8
DiT,1050,778,0.33125,6,6
DiT,1050,779,0.46875,4,5
DiT,1050,780,0.39375,5,5
DiT,1050,781,0.45,4,5
DiT,1050,782,0.53125,5,5
DiT,1050,783,0.41875,5,5
DiT,1050,784,0.49375,5,6
DiT,1050,785,0.36875,6,6
DiT,1050,786,0.5125,7,7
DiT,1050,787,0.41875,6,6
DiT,1050,788,0.375,7,8
DiT,1050,789,0.3125,4,5
DiT,1050,790,0.43125,4,5
DiT,1050,791,0.4125,7,7
DiT,1050,792,0.43125,3,11
DiT,1050,793,0.28125,7,7
DiT,1050,794,0.53125,4,9
DiT,1050,795,0.48125,5,6
DiT,1050,796,0.33125,5,5
DiT,1050,797,0.3625,5,7
DiT,1050,798,0.45625,4,5
DiT,1050,799,0.5125,4,5
DiT,1050,800,0.24375,6,6
DiT,1050,801,0.45625,4,10
DiT,1050,802,0.49375,3,5
DiT,1050,803,0.45,4,4
DiT,1050,804,0.33125,6,6
DiT,1050,805,0.49375,5,5
DiT,1050,806,0.35,5,6
DiT,1050,807,0.48125,5,8
DiT,1050,808,0.54375,6,6
DiT,1050,809,0.3875,4,5
DiT,1050,810,0.61875,3,6
DiT,1050,811,0.43125,5,5
DiT,1050,812,0.4125,4,7
DiT,1050,813,0.25625,6,6
DiT,1050,814,0.45,5,9
DiT,1050,815,0.46875,7,7
DiT,1050,816,0.4125,4,5
DiT,1050,817,0.35625,10,10
DiT,1050,818,0.31875,4,5
DiT,1050,819,0.45,5,5
DiT,1050,820,0.4,5,5
DiT,1050,821,0.5,4,5
DiT,1050,822,0.46875,3,6
DiT,1050,823,0.4125,6,6
DiT,1050,824,0.41875,4,7
DiT,1050,825,0.35625,4,4
DiT,1050,826,0.59375,4,4
DiT,1050,827,0.56875,2,5
DiT,1050,828,0.4125,5,6
DiT,1050,829,0.5625,7,7
DiT,1050,830,0.3625,5,5
DiT,1050,831,0.3875,6,6
DiT,1050,832,0.41875,8,8
DiT,1050,833,0.6375,6,8
DiT,1050,834,0.36875,7,7
DiT,1050,835,0.45,4,9
DiT,1050,836,0.39375,5,5
DiT,1050,837,0.3375,5,5
DiT,1050,838,0.48125,4,6
DiT,1050,839,0.4,5,5
DiT,1050,840,0.5875,4,5
DiT,1050,841,0.4125,9,10
DiT,1050,842,0.35,5,5
DiT,1050,843,0.375,4,6
DiT,1050,844,0.33125,5,5
DiT,1050,845,0.3625,4,9
DiT,1050,846,0.3375,4,6
DiT,1050,847,0.31875,5,5
DiT,1050,848,0.5,5,6
DiT,1050,849,0.49375,3,5
DiT,1050,850,0.41875,4,5
DiT,1050,851,0.48125,7,7
DiT,1050,852,0.33125,7,7
DiT,1050,853,0.4625,4,11
DiT,1050,854,0.45625,5,10
DiT,1050,855,0.2625,5,5
DiT,1050,856,0.4375,5,5
DiT,1050,857,0.425,4,5
DiT,1050,858,0.45625,6,6
DiT,1050,859,0.36875,5,6
DiT,1050,860,0.43125,4,20
DiT,1050,861,0.51875,3,7
DiT,1050,862,0.45625,5,7
DiT,1050,863,0.25,4,6
DiT,1050,864,0.55,4,5
DiT,1050,865,0.41875,4,8
DiT,1050,866,0.51875,3,5
DiT,1050,867,0.49375,4,6
DiT,1050,868,0.50625,5,5
DiT,1050,869,0.35,6,6
DiT,1050,870,0.46875,4,10
DiT,1050,871,0.34375,5,8
DiT,1050,872,0.275,6,9
DiT,1050,873,0.4625,3,4
DiT,1050,874,0.2125,7,7
DiT,1050,875,0.6125,4,6
DiT,1050,876,0.43125,4,5
DiT,1050,877,0.4375,5,5
DiT,1050,878,0.45625,5,5
DiT,1050,879,0.3875,4,4
DiT,1050,880,0.56875,3,4
DiT,1050,881,0.55,4,8
DiT,1050,882,0.425,5,10
DiT,1050,883,0.3375,4,5
DiT,1050,884,0.3375,6,6
DiT,1050,885,0.36875,7,7
DiT,1050,886,0.425,4,6
DiT,1050,887,0.48125,4,6
DiT,1050,888,0.4875,4,5
DiT,1050,889,0.45625,7,8
DiT,1050,890,0.39375,4,4
DiT,1050,891,0.3875,4,4
DiT,1050,892,0.50625,4,15
DiT,1050,893,0.425,5,7
DiT,1050,894,0.29375,4,6
DiT,1050,895,0.3875,5,5
DiT,1050,896,0.35,5,5
DiT,1050,897,0.3875,3,4
DiT,1050,898,0.5,3,7
DiT,1050,899,0.2125,10,10
DiT,1050,900,0.53125,4,5
DiT,1050,901,0.3875,5,6
DiT,1050,902,0.325,5,9
DiT,1050,903,0.375,6,6
DiT,1050,904,0.4875,4,6
DiT,1050,905,0.38125,6,6
DiT,1050,906,0.50625,3,6
DiT,1050,907,0.46875,5,6
DiT,1050,908,0.3875,3,4
DiT,1050,909,0.4,5,5
DiT,1050,910,0.48125,4,5
DiT,1050,911,0.5,4,6
DiT,1050,912,0.2375,8,8
DiT,1050,913,0.3,6,6
DiT,1050,914,0.38125,4,6
DiT,1050,915,0.225,6,6
DiT,1050,916,0.50625,4,5
DiT,1050,917,0.475,3,5
DiT,1050,918,0.41875,4,6
DiT,1050,919,0.4375,7,7
DiT,1050,920,0.41875,7,7
DiT,1050,921,0.45,3,5
DiT,1050,922,0.48125,4,6
DiT,1050,923,0.50625,4,4
DiT,1050,924,0.41875,4,6
DiT,1050,925,0.3375,7,7
DiT,1050,926,0.46875,4,4
DiT,1050,927,0.48125,3,6
DiT,1050,928,0.53125,4,5
DiT,1050,929,0.3875,4,4
DiT,1050,930,0.4625,5,5
DiT,1050,931,0.40625,6,6
DiT,1050,932,0.39375,5,5
DiT,1050,933,0.46875,4,4
DiT,1050,934,0.3625,5,7
DiT,1050,935,0.5125,5,6
DiT,1050,936,0.5625,3,5
DiT,1050,937,0.38125,7,7
DiT,1050,938,0.5,7,7
DiT,1050,939,0.3,6,6
DiT,1050,940,0.4625,6,6
DiT,1050,941,0.48125,4,5
DiT,1050,942,0.29375,12,12
DiT,1050,943,0.50625,4,5
DiT,1050,944,0.3375,5,8
DiT,1050,945,0.225,7,7
DiT,1050,946,0.34375,6,6
DiT,1050,947,0.3625,8,8
DiT,1050,948,0.26875,10,10
DiT,1050,949,0.4875,3,8
DiT,1050,950,0.325,8,8
DiT,1050,951,0.35,4,7
DiT,1050,952,0.44375,4,7
DiT,1050,953,0.3875,4,7
DiT,1050,954,0.4125,4,11
DiT,1050,955,0.33125,4,4
DiT,1050,956,0.40625,7,7
DiT,1050,957,0.3125,6,6
DiT,1050,958,0.28125,5,5
DiT,1050,959,0.51875,4,6
DiT,1050,960,0.4875,3,10
DiT,1050,961,0.41875,4,7
DiT,1050,962,0.43125,3,4
DiT,1050,963,0.35,12,12
DiT,1050,964,0.46875,4,8
DiT,1050,965,0.3875,5,6
DiT,1050,966,0.45,5,5
DiT,1050,967,0.50625,3,10
DiT,1050,968,0.5,4,5
DiT,1050,969,0.44375,3,6
DiT,1050,970,0.4875,4,6
DiT,1050,971,0.2875,13,13
DiT,1050,972,0.49375,3,5
DiT,1050,973,0.43125,5,5
DiT,1050,974,0.38125,3,7
DiT,1050,975,0.40625,5,6
DiT,1050,976,0.475,4,4
DiT,1050,977,0.5125,5,5
DiT,1050,978,0.31875,9,9
DiT,1050,979,0.45,4,8
DiT,1050,980,0.425,3,7
DiT,1050,981,0.4125,5,5
DiT,1050,982,0.45625,3,6
DiT,1050,983,0.45,3,6
DiT,1050,984,0.33125,5,6
DiT,1050,985,0.39375,6,6
DiT,1050,986,0.41875,4,7
DiT,1050,987,0.375,6,6
DiT,1050,988,0.41875,3,5
DiT,1050,989,0.5375,4,7
DiT,1050,990,0.56875,8,8
DiT,1050,991,0.39375,9,9
DiT,1050,992,0.2,9,9
DiT,1050,993,0.40625,4,5
DiT,1050,994,0.56875,4,10
DiT,1050,995,0.49375,5,8
DiT,1050,996,0.44375,8,8
DiT,1050,997,0.4125,5,6
DiT,1050,998,0.36875,6,6
DiT,1050,999,0.58125,4,4
