model,epoch,kmer,frequency
Real reference,,AAAAAA,0.00405110039192041
Real reference,,AAAAAC,0.0011025453292562125
Real reference,,AAAAAG,0.0011854515698350488
Real reference,,AAAAAT,0.0016075197036909427
Real reference,,AAAACA,0.001020177440888927
Real reference,,AAAACC,0.0007149317369395754
Real reference,,AAAACG,0.0004430638701063784
Real reference,,AAAACT,0.0007063181015547612
Real reference,,AAAAGA,0.0011558421981997503
Real reference,,AAAAGC,0.0004532925621258452
Real reference,,AAAAGG,0.00046728971962616824
Real reference,,AAAAGT,0.0006503294715534692
Real reference,,AAAATA,0.0012392867909901374
Real reference,,AAAATC,0.0009894913648305268
Real reference,,AAAATG,0.0007698436625177657
Real reference,,AAAATT,0.0011784529910848873
Real reference,,AAACAA,0.0010783194797364228
Real reference,,AAACAC,0.0004538309143373961
Real reference,,AAACAG,0.00038492183125888284
Real reference,,AAACAT,0.0005265084628967656
Real reference,,AAACCA,0.0006142598733795599
Real reference,,AAACCC,0.0006083379990525002
Real reference,,AAACCG,0.0003822300702011284
Real reference,,AAACCT,0.00043068176924070806
Real reference,,AAACGA,0.0004274516559714027
Real reference,,AAACGC,0.0002234161677936173
Real reference,,AAACGG,0.00020080537490848013
Real reference,,AAACGT,0.00023310650760153322
Real reference,,AAACTA,0.0004349885869331151
Real reference,,AAACTC,0.0005733451053016926
Real reference,,AAACTG,0.00026917610577544254
Real reference,,AAACTT,0.000636870666264697
Real reference,,AAAGAA,0.0011746845256040313
Real reference,,AAAGAC,0.0003865368878935355
Real reference,,AAAGAG,0.0005706533442439381
Real reference,,AAAGAT,0.0006917825918428873
Real reference,,AAAGCA,0.00034831388087342265
Real reference,,AAAGCC,0.00033647013221930317
Real reference,,AAAGCG,0.00014266333606098453
Real reference,,AAAGCT,0.0005286618717429691
Real reference,,AAAGGA,0.000449524096644989
Real reference,,AAAGGC,0.00022826133769757525
Real reference,,AAAGGG,0.00020349713596623455
Real reference,,AAAGGT,0.00027186786683319693
Real reference,,AAAGTA,0.0004139928506826306
Real reference,,AAAGTC,0.00037200137818166156
Real reference,,AAAGTG,0.00026863775356389164
Real reference,,AAAGTT,0.0006880141263620311
Real reference,,AAATAA,0.0011773762866617856
Real reference,,AAATAC,0.0003601576295275421
Real reference,,AAATAG,0.0003380851888539558
Real reference,,AAATAT,0.0008597484818467635
Real reference,,AAATCA,0.0007639217881907059
Real reference,,AAATCC,0.0005265084628967656
Real reference,,AAATCG,0.00041614625952883413
Real reference,,AAATCT,0.0008893578534820621
Real reference,,AAATGA,0.0004958223868383651
Real reference,,AAATGC,0.00020080537490848013
Real reference,,AAATGG,0.0005351220982815798
Real reference,,AAATGT,0.00046567466299151554
Real reference,,AAATTA,0.0008850510357896551
Real reference,,AAATTC,0.0007095482148240665
Real reference,,AAATTG,0.0006099530556871528
Real reference,,AAATTT,0.0011396916318532236
Real reference,,AACAAA,0.0011536887893535467
Real reference,,AACAAC,0.0005302769283776217
Real reference,,AACAAG,0.0004102243852017744
Real reference,,AACAAT,0.0005889573194366683
Real reference,,AACACA,0.0003962272277014514
Real reference,,AACACC,0.00020672724923553987
Real reference,,AACACG,0.00015935225461906197
Real reference,,AACACT,0.0002987854774107412
Real reference,,AACAGA,0.00043391188251001335
Real reference,,AACAGC,0.0001480468581764934
Real reference,,AACAGG,8.129118394418365e-05
Real reference,,AACAGT,0.0002411817907747965
Real reference,,AACATA,0.000309014169430208
Real reference,,AACATC,0.0002966320685645377
Real reference,,AACATG,0.0002379516775054912
Real reference,,AACATT,0.0004199147250096903
Real reference,,AACCAA,0.0006427925405917568
Real reference,,AACCAC,0.00027294457125629873
Real reference,,AACCAG,0.00021480253240880313
Real reference,,AACCAT,0.00033539342779620137
Real reference,,AACCCA,0.0003332400189499978
Real reference,,AACCCC,0.000140509927214781
Real reference,,AACCCG,0.00013028123519531417
Real reference,,AACCCT,0.00046728971962616824
Real reference,,AACCGA,0.0002637925836599337
Real reference,,AACCGC,0.00011143890779103321
Real reference,,AACCGG,0.00026110082260217925
Real reference,,AACCGT,0.00020242043154313277
Real reference,,AACCTA,0.00021318747577415048
Real reference,,AACCTC,0.0002993238296222921
Real reference,,AACCTG,0.00010713209009862613
Real reference,,AACCTT,0.0003348550755846505
Real reference,,AACGAA,0.00040161074981696026
Real reference,,AACGAC,0.00024279684740944916
Real reference,,AACGAG,0.00020080537490848013
Real reference,,AACGAT,0.0002632542314483828
Real reference,,AACGCA,0.00013889487058012833
Real reference,,AACGCC,0.00013620310952237391
Real reference,,AACGCG,8.882811490589603e-05
Real reference,,AACGCT,0.00010928549894482966
Real reference,,AACGGA,0.00019865196606227658
Real reference,,AACGGC,0.00016958094663852878
Real reference,,AACGGG,6.621732202075886e-05
Real reference,,AACGGT,0.00017334941211938497
Real reference,,AACGTA,0.00014266333606098453
Real reference,,AACGTC,0.00013512640509927214
Real reference,,AACGTG,0.0001297428829837633
Real reference,,AACGTT,0.000220186054524312
Real reference,,AACTAA,0.00038869029673973903
Real reference,,AACTAC,0.0001803479908695465
Real reference,,AACTAG,0.00014643180154184072
Real reference,,AACTAT,0.0002794047977949093
Real reference,,AACTCA,0.00034077694991171026
Real reference,,AACTCC,0.00025787070933287396
Real reference,,AACTCG,0.00018788492183125887
Real reference,,AACTCT,0.000477518411645635
Real reference,,AACTGA,0.00022180111115896464
Real reference,,AACTGC,8.828976269434515e-05
Real reference,,AACTGG,0.00012220595202205091
Real reference,,AACTGT,0.00018626986519660623
Real reference,,AACTTA,0.00027348292346784963
Real reference,,AACTTC,0.00038438347904733194
Real reference,,AACTTG,0.00029447865971833414
Real reference,,AACTTT,0.0006147982255911107
Real reference,,AAGAAA,0.0014772384684956287
Real reference,,AAGAAC,0.00043875705241397134
Real reference,,AAGAAG,0.0013448038244541108
Real reference,,AAGAAT,0.0005410439726086395
Real reference,,AAGACA,0.0003246263835651837
Real reference,,AAGACC,0.0001771178776002412
Real reference,,AAGACG,0.00031493604375726776
Real reference,,AAGACT,0.0002772513889487058
Real reference,,AAGAGA,0.0007483095740557302
Real reference,,AAGAGC,0.00023956673414014383
Real reference,,AAGAGG,0.0002756363323140531
Real reference,,AAGAGT,0.00032193462250742924
Real reference,,AAGATA,0.00041237779404797794
Real reference,,AAGATC,0.0004882854558766527
Real reference,,AAGATG,0.0004829019337611439
Real reference,,AAGATT,0.0006223351565528231
Real reference,,AAGCAA,0.00045921443645290496
Real reference,,AAGCAC,0.00012435936086825443
Real reference,,AAGCAG,0.00025356389164046686
Real reference,,AAGCAT,0.00020457384038933632
Real reference,,AAGCCA,0.0002675610491407899
Real reference,,AAGCCC,0.00026110082260217925
Real reference,,AAGCCG,0.00013243464404151772
Real reference,,AAGCCT,0.00019972867048537835
Real reference,,AAGCGA,0.0001771178776002412
Real reference,,AAGCGC,5.975709548214824e-05
Real reference,,AAGCGG,9.098152375209957e-05
Real reference,,AAGCGT,0.00012112924759894914
Real reference,,AAGCTA,0.0002885567853912744
Real reference,,AAGCTC,0.00040591756750936735
Real reference,,AAGCTG,0.00025410224385201776
Real reference,,AAGCTT,0.0006024161247254404
Real reference,,AAGGAA,0.0005049743744347302
Real reference,,AAGGAC,0.00014912356259959517
Real reference,,AAGGAG,0.000309014169430208
Real reference,,AAGGAT,0.0002664843447176881
Real reference,,AAGGCA,0.00012489771307980533
Real reference,,AAGGCC,0.0001765795253886903
Real reference,,AAGGCG,0.00010121021577156639
Real reference,,AAGGCT,0.0001625823678883673
Real reference,,AAGGGA,0.00017334941211938497
Real reference,,AAGGGC,6.998578750161505e-05
Real reference,,AAGGGG,6.729402644386063e-05
Real reference,,AAGGGT,0.0001771178776002412
Real reference,,AAGGTA,0.00014212498384943365
Real reference,,AAGGTC,0.00015073861923424781
Real reference,,AAGGTG,0.00016473577673457081
Real reference,,AAGGTT,0.0002804815022180111
Real reference,,AAGTAA,0.0003816917179895775
Real reference,,AAGTAC,0.0001550454369266549
Real reference,,AAGTAG,0.00020618889702398897
Real reference,,AAGTAT,0.00025679400490977215
Real reference,,AAGTCA,0.0003337783711615487
Real reference,,AAGTCC,0.00015773719798440933
Real reference,,AAGTCG,0.00015666049356130755
Real reference,,AAGTCT,0.0003176278048150222
Real reference,,AAGTGA,0.0002524871872173651
Real reference,,AAGTGC,7.21391963478186e-05
Real reference,,AAGTGG,0.00018896162625436065
Real reference,,AAGTGT,0.00023149145096688058
Real reference,,AAGTTA,0.00032570308798828544
Real reference,,AAGTTC,0.0003133209871226151
Real reference,,AAGTTG,0.00032677979241138724
Real reference,,AAGTTT,0.0007283905422283475
Real reference,,AATAAA,0.0011671475946423188
Real reference,,AATAAC,0.0003127826349110642
Real reference,,AATAAG,0.00035531245962358414
Real reference,,AATAAT,0.0008409061544424824
Real reference,,AATACA,0.00033054825789224343
Real reference,,AATACC,0.00015343038029200223
Real reference,,AATACG,0.00014266333606098453
Real reference,,AATACT,0.00024333519962100006
Real reference,,AATAGA,0.00029340195529523234
Real reference,,AATAGC,0.0001399715750032301
Real reference,,AATAGG,0.00010605538567552435
Real reference,,AATAGT,0.00027240621904474783
Real reference,,AATATA,0.0005835737973211594
Real reference,,AATATC,0.0003752314914509669
Real reference,,AATATG,0.0003041689995262501
Real reference,,AATATT,0.0007240837245359404
Real reference,,AATCAA,0.000796222920883759
Real reference,,AATCAC,0.0003526206985658297
Real reference,,AATCAG,0.0003617726861621948
Real reference,,AATCAT,0.0006056462379947457
Real reference,,AATCCA,0.00048074852491494037
Real reference,,AATCCC,0.00024387355183255093
Real reference,,AATCCG,0.00027886644558335847
Real reference,,AATCCT,0.0004064559197209182
Real reference,,AATCGA,0.0004613678452991085
Real reference,,AATCGC,0.00019596020500452216
Real reference,,AATCGG,0.0002465653128903054
Real reference,,AATCGT,0.00030793746500710627
Real reference,,AATCTA,0.0004322968258753607
Real reference,,AATCTC,0.000927580860502175
Real reference,,AATCTG,0.00044252551789482754
Real reference,,AATCTT,0.0007935311598260045
Real reference,,AATGAA,0.0004532925621258452
Real reference,,AATGAC,0.00019326844394676774
Real reference,,AATGAG,0.00023256815538998235
Real reference,,AATGAT,0.00040753262414402
Real reference,,AATGCA,0.0001620440156768164
Real reference,,AATGCC,0.00010390197682932082
Real reference,,AATGCG,7.59076618286748e-05
Real reference,,AATGCT,0.000154507084715104
Real reference,,AATGGA,0.0003999956931823076
Real reference,,AATGGC,0.00040537921529781645
Real reference,,AATGGG,0.0003246263835651837
Real reference,,AATGGT,0.00028317326327576556
Real reference,,AATGTA,0.00023202980317843145
Real reference,,AATGTC,0.0002379516775054912
Real reference,,AATGTG,0.00020026702269692923
Real reference,,AATGTT,0.00043821870020242044
Real reference,,AATTAA,0.0008538266075197037
Real reference,,AATTAC,0.0003580042206813386
Real reference,,AATTAG,0.0004575993798182523
Real reference,,AATTAT,0.0006449459494379603
Real reference,,AATTCA,0.0005954175459752789
Real reference,,AATTCC,0.00040430251087471465
Real reference,,AATTCG,0.0003779232525087213
Real reference,,AATTCT,0.0006309487919376373
Real reference,,AATTGA,0.0005658081743399802
Real reference,,AATTGC,0.00022933804212067703
Real reference,,AATTGG,0.00038869029673973903
Real reference,,AATTGT,0.0004979757956845687
Real reference,,AATTTA,0.0007090098626125156
Real reference,,AATTTC,0.0009593436409836771
Real reference,,AATTTG,0.000791377750979801
Real reference,,AATTTT,0.0013055041130108963
Real reference,,ACAAAA,0.001203755545027779
Real reference,,ACAAAC,0.0004150695551057324
Real reference,,ACAAAG,0.0004150695551057324
Real reference,,ACAAAT,0.0005905723760713209
Real reference,,ACAACA,0.0005275851673198674
Real reference,,ACAACC,0.0001948835005814204
Real reference,,ACAACG,0.00017980963865799561
Real reference,,ACAACT,0.00023741332529394032
Real reference,,ACAAGA,0.00040807097635557084
Real reference,,ACAAGC,0.00020403548817778542
Real reference,,ACAAGG,0.00017927128644644471
Real reference,,ACAAGT,0.0002772513889487058
Real reference,,ACAATA,0.0003100908738533098
Real reference,,ACAATC,0.0003413153021232611
Real reference,,ACAATG,0.00028640337654507086
Real reference,,ACAATT,0.0004522158577027434
Real reference,,ACACAA,0.00040430251087471465
Real reference,,ACACAC,0.000327856496834489
Real reference,,ACACAG,0.0001663508333692235
Real reference,,ACACAT,0.000262177527025281
Real reference,,ACACCA,0.00021049571471639606
Real reference,,ACACCC,7.483095740557302e-05
Real reference,,ACACCG,0.00012866617856066153
Real reference,,ACACCT,0.00011843748654119471
Real reference,,ACACGA,0.0001442783926956372
Real reference,,ACACGC,8.29062405788363e-05
Real reference,,ACACGG,8.344459279038718e-05
Real reference,,ACACGT,0.00023633662087083854
Real reference,,ACACTA,0.0001868082174081571
Real reference,,ACACTC,0.00020995736250484516
Real reference,,ACACTG,0.00012059089538739825
Real reference,,ACACTT,0.0002874800809681726
Real reference,,ACAGAA,0.000313859339334166
Real reference,,ACAGAC,0.0001152073732718894
Real reference,,ACAGAG,0.00035908092510444033
Real reference,,ACAGAT,0.0002519488350058142
Real reference,,ACAGCA,0.00011682242990654206
Real reference,,ACAGCC,7.267754855936949e-05
Real reference,,ACAGCG,7.052413971316594e-05
Real reference,,ACAGCT,0.0001480468581764934
Real reference,,ACAGGA,8.021447952108187e-05
Real reference,,ACAGGC,5.7065334424393814e-05
Real reference,,ACAGGG,3.499289375080753e-05
Real reference,,ACAGGT,6.514061759765709e-05
Real reference,,ACAGTA,0.00015343038029200223
Real reference,,ACAGTC,0.00012112924759894914
Real reference,,ACAGTG,0.0001437400404840863
Real reference,,ACAGTT,0.00019165338731211507
Real reference,,ACATAA,0.00033539342779620137
Real reference,,ACATAC,0.00015020026702269694
Real reference,,ACATAG,0.00012005254317584737
Real reference,,ACATAT,0.0002799431500064602
Real reference,,ACATCA,0.0002837116154873164
Real reference,,ACATCC,0.00013674146173392481
Real reference,,ACATCG,0.0001625823678883673
Real reference,,ACATCT,0.00025679400490977215
Real reference,,ACATGA,0.00020834230587019251
Real reference,,ACATGC,9.421163702140489e-05
Real reference,,ACATGG,0.00016742753779232526
Real reference,,ACATGT,0.00022072440673586287
Real reference,,ACATTA,0.00028155820664111286
Real reference,,ACATTC,0.00021480253240880313
Real reference,,ACATTG,0.00018142469529264826
Real reference,,ACATTT,0.0004484473922218872
Real reference,,ACCAAA,0.0007321590077092036
Real reference,,ACCAAC,0.000276174684525604
Real reference,,ACCAAG,0.00017765622981179207
Real reference,,ACCAAT,0.00039676557991300226
Real reference,,ACCACA,0.0002379516775054912
Real reference,,ACCACC,0.000341853654334812
Real reference,,ACCACG,9.851845471381197e-05
Real reference,,ACCACT,0.0001835781041388518
Real reference,,ACCAGA,0.0002460269606787545
Real reference,,ACCAGC,0.00010874714673327877
Real reference,,ACCAGG,5.814203884749559e-05
Real reference,,ACCAGT,0.0001254360652913562
Real reference,,ACCATA,0.00017173435548473233
Real reference,,ACCATC,0.00026433093587148454
Real reference,,ACCATG,0.00018196304750419913
Real reference,,ACCATT,0.0002874800809681726
Real reference,,ACCCAA,0.00031439769154571686
Real reference,,ACCCAC,0.00015020026702269694
Real reference,,ACCCAG,8.452129721348895e-05
Real reference,,ACCCAT,0.00018896162625436065
Real reference,,ACCCCA,0.00012059089538739825
Real reference,,ACCCCC,5.222016452043585e-05
Real reference,,ACCCCG,3.499289375080753e-05
Real reference,,ACCCCT,8.452129721348895e-05
Real reference,,ACCCGA,0.00014912356259959517
Real reference,,ACCCGC,4.6836642404927e-05
Real reference,,ACCCGG,7.967612730953099e-05
Real reference,,ACCCGT,6.890908307851328e-05
Real reference,,ACCCTA,0.00032677979241138724
Real reference,,ACCCTC,0.00016473577673457081
Real reference,,ACCCTG,5.114346009733408e-05
Real reference,,ACCCTT,0.00021426418019725225
Real reference,,ACCGAA,0.0002347215642361859
Real reference,,ACCGAC,0.00013943322279167923
Real reference,,ACCGAG,0.00010336362461776993
Real reference,,ACCGAT,0.00019219173952366597
Real reference,,ACCGCA,8.344459279038718e-05
Real reference,,ACCGCC,0.00013458805288772127
Real reference,,ACCGCG,4.252982471251992e-05
Real reference,,ACCGCT,9.421163702140489e-05
Real reference,,ACCGGA,0.00029071019423747795
Real reference,,ACCGGC,0.00012651276971445798
Real reference,,ACCGGG,6.244885653990267e-05
Real reference,,ACCGGT,0.00021480253240880313
Real reference,,ACCGTA,0.00013458805288772127
Real reference,,ACCGTC,0.00022933804212067703
Real reference,,ACCGTG,9.582669365605753e-05
Real reference,,ACCGTT,0.00022233946337051551
Real reference,,ACCTAA,0.0002239545200051682
Real reference,,ACCTAC,9.636504586760842e-05
Real reference,,ACCTAG,8.236788836728541e-05
Real reference,,ACCTAT,0.00012166759981050003
Real reference,,ACCTCA,0.0001975752616391748
Real reference,,ACCTCC,0.00020618889702398897
Real reference,,ACCTCG,9.636504586760842e-05
Real reference,,ACCTCT,0.0002524871872173651
Real reference,,ACCTGA,0.00011359231663723674
Real reference,,ACCTGC,5.2758516731986734e-05
Real reference,,ACCTGG,6.191050432835178e-05
Real reference,,ACCTGT,9.74417502907102e-05
Real reference,,ACCTTA,0.00018842327404280977
Real reference,,ACCTTC,0.0002917868986605797
Real reference,,ACCTTG,0.00012059089538739825
Real reference,,ACCTTT,0.00029770877298763944
Real reference,,ACGAAA,0.0003628493905852965
Real reference,,ACGAAC,0.00016096731125371462
Real reference,,ACGAAG,0.000313859339334166
Real reference,,ACGAAT,0.00025302553942891596
Real reference,,ACGACA,0.00018411645635040268
Real reference,,ACGACC,0.00011305396442568585
Real reference,,ACGACG,0.00029824712519919034
Real reference,,ACGACT,0.00013620310952237391
Real reference,,ACGAGA,0.00021910935010121022
Real reference,,ACGAGC,0.00010605538567552435
Real reference,,ACGAGG,0.00012812782634911065
Real reference,,ACGAGT,0.00015073861923424781
Real reference,,ACGATA,0.0001372798139454757
Real reference,,ACGATC,0.00021803264567810845
Real reference,,ACGATG,0.00021480253240880313
Real reference,,ACGATT,0.00029824712519919034
Real reference,,ACGCAA,0.0001335113484646195
Real reference,,ACGCAC,6.729402644386063e-05
Real reference,,ACGCAG,8.775141048279426e-05
Real reference,,ACGCAT,8.452129721348895e-05
Real reference,,ACGCCA,0.00010121021577156639
Real reference,,ACGCCC,2.9071019423747794e-05
Real reference,,ACGCCG,0.0001663508333692235
Real reference,,ACGCCT,7.21391963478186e-05
Real reference,,ACGCGA,6.191050432835178e-05
Real reference,,ACGCGC,8.613635384814161e-05
Real reference,,ACGCGG,5.4911925578190274e-05
Real reference,,ACGCGT,8.021447952108187e-05
Real reference,,ACGCTA,8.021447952108187e-05
Real reference,,ACGCTC,8.990481932899781e-05
Real reference,,ACGCTG,7.483095740557302e-05
Real reference,,ACGCTT,0.00015719884577285843
Real reference,,ACGGAA,0.00017065765106163055
Real reference,,ACGGAC,7.21391963478186e-05
Real reference,,ACGGAG,0.00019434514836986951
Real reference,,ACGGAT,0.00016042895904216375
Real reference,,ACGGCA,9.098152375209957e-05
Real reference,,ACGGCC,7.806107067487833e-05
Real reference,,ACGGCG,0.00021695594125500667
Real reference,,ACGGCT,0.0001152073732718894
Real reference,,ACGGGA,6.890908307851328e-05
Real reference,,ACGGGC,3.391618932770576e-05
Real reference,,ACGGGG,1.9919031827382747e-05
Real reference,,ACGGGT,5.006675567423231e-05
Real reference,,ACGGTA,8.775141048279426e-05
Real reference,,ACGGTC,8.828976269434515e-05
Real reference,,ACGGTG,0.00020403548817778542
Real reference,,ACGGTT,0.00016473577673457081
Real reference,,ACGTAA,0.00016096731125371462
Real reference,,ACGTAC,6.406391317455533e-05
Real reference,,ACGTAG,8.29062405788363e-05
Real reference,,ACGTAT,0.00013081958740686507
Real reference,,ACGTCA,0.00019919031827382748
Real reference,,ACGTCC,5.545027778974116e-05
Real reference,,ACGTCG,0.00014589344933028985
Real reference,,ACGTCT,8.559800163659073e-05
Real reference,,ACGTGA,0.0001399715750032301
Real reference,,ACGTGC,5.76036866359447e-05
Real reference,,ACGTGG,0.00017550282096558852
Real reference,,ACGTGT,0.00024279684740944916
Real reference,,ACGTTA,0.00015073861923424781
Real reference,,ACGTTC,0.00011843748654119471
Real reference,,ACGTTG,0.0001399715750032301
Real reference,,ACGTTT,0.0002546405960635686
Real reference,,ACTAAA,0.00044091046126017484
Real reference,,ACTAAC,0.00015666049356130755
Real reference,,ACTAAG,0.00012005254317584737
Real reference,,ACTAAT,0.00033108661010379433
Real reference,,ACTACA,0.00018626986519660623
Real reference,,ACTACC,0.00010121021577156639
Real reference,,ACTACG,0.00010551703346397347
Real reference,,ACTACT,0.00022072440673586287
Real reference,,ACTAGA,0.000140509927214781
Real reference,,ACTAGC,7.21391963478186e-05
Real reference,,ACTAGG,7.321590077092036e-05
Real reference,,ACTAGT,0.00015235367586890046
Real reference,,ACTATA,0.00020403548817778542
Real reference,,ACTATC,0.00017550282096558852
Real reference,,ACTATG,0.0001442783926956372
Real reference,,ACTATT,0.0002675610491407899
Real reference,,ACTCAA,0.0003413153021232611
Real reference,,ACTCAC,0.00018788492183125887
Real reference,,ACTCAG,0.0001690425944269779
Real reference,,ACTCAT,0.00025733235712132306
Real reference,,ACTCCA,0.00023364485981308412
Real reference,,ACTCCC,9.259658038675223e-05
Real reference,,ACTCCG,0.00015666049356130755
Real reference,,ACTCCT,0.0002056505448124381
Real reference,,ACTCGA,0.00017980963865799561
Real reference,,ACTCGC,0.00011951419096429648
Real reference,,ACTCGG,9.3673284809854e-05
Real reference,,ACTCGT,0.00019219173952366597
Real reference,,ACTCTA,0.0002094190102932943
Real reference,,ACTCTC,0.0005275851673198674
Real reference,,ACTCTG,0.00023687497308238941
Real reference,,ACTCTT,0.0005028209655885266
Real reference,,ACTGAA,0.00023956673414014383
Real reference,,ACTGAC,8.452129721348895e-05
Real reference,,ACTGAG,0.00011359231663723674
Real reference,,ACTGAT,0.00021372582798570135
Real reference,,ACTGCA,7.536930961712391e-05
Real reference,,ACTGCC,6.675567423230975e-05
Real reference,,ACTGCG,5.4911925578190274e-05
Real reference,,ACTGCT,0.00011736078211809295
Real reference,,ACTGGA,0.00011305396442568585
Real reference,,ACTGGC,5.9218743270597354e-05
Real reference,,ACTGGG,7.375425298247125e-05
Real reference,,ACTGGT,0.000140509927214781
Real reference,,ACTGTA,0.00016312072009991817
Real reference,,ACTGTC,0.00010713209009862613
Real reference,,ACTGTG,0.00012005254317584737
Real reference,,ACTGTT,0.0002600241181790775
Real reference,,ACTTAA,0.00027186786683319693
Real reference,,ACTTAC,0.00017550282096558852
Real reference,,ACTTAG,0.00012812782634911065
Real reference,,ACTTAT,0.00025679400490977215
Real reference,,ACTTCA,0.00034346871096946466
Real reference,,ACTTCC,0.0002406434385632456
Real reference,,ACTTCG,0.000187346569619708
Real reference,,ACTTCT,0.000449524096644989
Real reference,,ACTTGA,0.00027186786683319693
Real reference,,ACTTGC,0.0001297428829837633
Real reference,,ACTTGG,0.00019865196606227658
Real reference,,ACTTGT,0.000341853654334812
Real reference,,ACTTTA,0.00036392609500839827
Real reference,,ACTTTC,0.0004274516559714027
Real reference,,ACTTTG,0.00035100564193117704
Real reference,,ACTTTT,0.0006734786166501572
Real reference,,AGAAAA,0.0013232697359920754
Real reference,,AGAAAC,0.0006271803264567811
Real reference,,AGAAAG,0.0006401007795340023
Real reference,,AGAAAT,0.0006546362892458763
Real reference,,AGAACA,0.0003660795038546018
Real reference,,AGAACC,0.00025733235712132306
Real reference,,AGAACG,0.0001512769714457987
Real reference,,AGAACT,0.00021372582798570135
Real reference,,AGAAGA,0.0014853137516688919
Real reference,,AGAAGC,0.0004527542099142943
Real reference,,AGAAGG,0.0003084758172186571
Real reference,,AGAAGT,0.0003095525216417589
Real reference,,AGAATA,0.0003004005340453939
Real reference,,AGAATC,0.0005238167018390111
Real reference,,AGAATG,0.00023525991644773677
Real reference,,AGAATT,0.00048074852491494037
Real reference,,AGACAA,0.00038438347904733194
Real reference,,AGACAC,0.00015666049356130755
Real reference,,AGACAG,0.00014481674490718807
Real reference,,AGACAT,0.00019865196606227658
Real reference,,AGACCA,0.00014697015375339162
Real reference,,AGACCC,8.021447952108187e-05
Real reference,,AGACCG,6.191050432835178e-05
Real reference,,AGACCT,9.205822817520134e-05
Real reference,,AGACGA,0.00024387355183255093
Real reference,,AGACGC,6.783237865541152e-05
Real reference,,AGACGG,8.559800163659073e-05
Real reference,,AGACGT,8.667470605969249e-05
Real reference,,AGACTA,0.0001658124811576726
Real reference,,AGACTC,0.00019919031827382748
Real reference,,AGACTG,0.00010174856798311727
Real reference,,AGACTT,0.00027832809337180757
Real reference,,AGAGAA,0.0008511348464619493
Real reference,,AGAGAC,0.00019542185279297126
Real reference,,AGAGAG,0.0009361944958869891
Real reference,,AGAGAT,0.0005916490804944226
Real reference,,AGAGCA,0.00020403548817778542
Real reference,,AGAGCC,0.00013458805288772127
Real reference,,AGAGCG,9.690339807915931e-05
Real reference,,AGAGCT,0.0003036306473146992
Real reference,,AGAGGA,0.00036823291270080536
Real reference,,AGAGGC,0.00013081958740686507
Real reference,,AGAGGG,0.00011305396442568585
Real reference,,AGAGGT,0.00017011929885007968
Real reference,,AGAGTA,0.00019703690942762393
Real reference,,AGAGTC,0.00021103406692794693
Real reference,,AGAGTG,0.00017927128644644471
Real reference,,AGAGTT,0.00035908092510444033
Real reference,,AGATAA,0.0003962272277014514
Real reference,,AGATAC,0.00016796589000387613
Real reference,,AGATAG,0.00020995736250484516
Real reference,,AGATAT,0.00039299711443214607
Real reference,,AGATCA,0.0003676945604892545
Real reference,,AGATCC,0.000327856496834489
Real reference,,AGATCG,0.00028155820664111286
Real reference,,AGATCT,0.0005954175459752789
Real reference,,AGATGA,0.00042260648606744477
Real reference,,AGATGC,0.0001475085059649425
Real reference,,AGATGG,0.00031493604375726776
Real reference,,AGATGT,0.00023687497308238941
Real reference,,AGATTA,0.00037630819587406865
Real reference,,AGATTC,0.0006476377104957147
Real reference,,AGATTG,0.00032354967914208194
Real reference,,AGATTT,0.000781687411171885
Real reference,,AGCAAA,0.00044575563116413283
Real reference,,AGCAAC,0.00020834230587019251
Real reference,,AGCAAG,0.0001948835005814204
Real reference,,AGCAAT,0.00025410224385201776
Real reference,,AGCACA,0.00011305396442568585
Real reference,,AGCACC,8.721305827124337e-05
Real reference,,AGCACG,5.222016452043585e-05
Real reference,,AGCACT,6.890908307851328e-05
Real reference,,AGCAGA,0.0002557173004866704
Real reference,,AGCAGC,0.00024010508635169474
Real reference,,AGCAGG,5.4911925578190274e-05
Real reference,,AGCAGT,0.00010336362461776993
Real reference,,AGCATA,0.00010013351134846461
Real reference,,AGCATC,0.00015773719798440933
Real reference,,AGCATG,9.959515913691374e-05
Real reference,,AGCATT,0.00015073861923424781
Real reference,,AGCCAA,0.00024172014298634738
Real reference,,AGCCAC,0.0001728110599078341
Real reference,,AGCCAG,8.236788836728541e-05
Real reference,,AGCCAT,0.0001948835005814204
Real reference,,AGCCCA,0.0002767130367371549
Real reference,,AGCCCC,5.2758516731986734e-05
Real reference,,AGCCCG,4.468323355872346e-05
Real reference,,AGCCCT,8.990481932899781e-05
Real reference,,AGCCGA,0.00012166759981050003
Real reference,,AGCCGC,0.0001006718635600155
Real reference,,AGCCGG,8.882811490589603e-05
Real reference,,AGCCGT,0.00012435936086825443
Real reference,,AGCCTA,0.00010551703346397347
Real reference,,AGCCTC,0.0001442783926956372
Real reference,,AGCCTG,6.406391317455533e-05
Real reference,,AGCCTT,0.00015073861923424781
Real reference,,AGCGAA,0.0001512769714457987
Real reference,,AGCGAC,0.00010228692019466816
Real reference,,AGCGAG,0.00010551703346397347
Real reference,,AGCGAT,0.0001550454369266549
Real reference,,AGCGCA,3.391618932770576e-05
Real reference,,AGCGCC,5.006675567423231e-05
Real reference,,AGCGCG,3.9838063654765494e-05
Real reference,,AGCGCT,3.068607605840045e-05
Real reference,,AGCGGA,8.021447952108187e-05
Real reference,,AGCGGC,7.429260519402213e-05
Real reference,,AGCGGG,2.9071019423747794e-05
Real reference,,AGCGGT,7.59076618286748e-05
Real reference,,AGCGTA,6.567896980920797e-05
Real reference,,AGCGTC,8.936646711744692e-05
Real reference,,AGCGTG,7.21391963478186e-05
Real reference,,AGCGTT,0.00011090055557948232
Real reference,,AGCTAA,0.0002912485464490288
Real reference,,AGCTAC,0.00017442611654248675
Real reference,,AGCTAG,0.0001518153236573496
Real reference,,AGCTAT,0.0001830397519273009
Real reference,,AGCTCA,0.0003047073517378009
Real reference,,AGCTCC,0.00025356389164046686
Real reference,,AGCTCG,0.00017388776433093587
Real reference,,AGCTCT,0.00038707524010508633
Real reference,,AGCTGA,0.0002476420173134071
Real reference,,AGCTGC,0.00015073861923424781
Real reference,,AGCTGG,0.00013620310952237391
Real reference,,AGCTGT,0.00017927128644644471
Real reference,,AGCTTA,0.00028209655885266376
Real reference,,AGCTTC,0.0005507343124165554
Real reference,,AGCTTG,0.00026110082260217925
Real reference,,AGCTTT,0.0005232783496274603
Real reference,,AGGAAA,0.0004715965373185753
Real reference,,AGGAAC,0.00017604117317713942
Real reference,,AGGAAG,0.00041668461174038503
Real reference,,AGGAAT,0.00024925707394805977
Real reference,,AGGACA,0.00012005254317584737
Real reference,,AGGACC,7.483095740557302e-05
Real reference,,AGGACG,7.91377750979801e-05
Real reference,,AGGACT,0.00010497868125242258
Real reference,,AGGAGA,0.0003450837676041173
Real reference,,AGGAGC,0.00016150566346526552
Real reference,,AGGAGG,0.0002449502562556527
Real reference,,AGGAGT,0.00011359231663723674
Real reference,,AGGATA,0.00015343038029200223
Real reference,,AGGATC,0.00019703690942762393
Real reference,,AGGATG,0.00014212498384943365
Real reference,,AGGATT,0.00026486928808303544
Real reference,,AGGCAA,0.00015020026702269694
Real reference,,AGGCAC,5.2758516731986734e-05
Real reference,,AGGCAG,6.352556096300444e-05
Real reference,,AGGCAT,6.0833799905250014e-05
Real reference,,AGGCCA,9.636504586760842e-05
Real reference,,AGGCCC,0.0001975752616391748
Real reference,,AGGCCG,5.598863000129205e-05
Real reference,,AGGCCT,7.859942288642921e-05
Real reference,,AGGCGA,8.990481932899781e-05
Real reference,,AGGCGC,3.714630259701107e-05
Real reference,,AGGCGG,8.29062405788363e-05
Real reference,,AGGCGT,5.222016452043585e-05
Real reference,,AGGCTA,9.905680692536285e-05
Real reference,,AGGCTC,9.421163702140489e-05
Real reference,,AGGCTG,7.59076618286748e-05
Real reference,,AGGCTT,0.00016688918558077436
Real reference,,AGGGAA,0.00016042895904216375
Real reference,,AGGGAC,6.621732202075886e-05
Real reference,,AGGGAG,9.851845471381197e-05
Real reference,,AGGGAT,0.00012489771307980533
Real reference,,AGGGCA,5.598863000129205e-05
Real reference,,AGGGCC,3.60695981739093e-05
Real reference,,AGGGCG,2.1534088462035404e-05
Real reference,,AGGGCT,8.075283173263276e-05
Real reference,,AGGGGA,7.21391963478186e-05
Real reference,,AGGGGC,3.5531245962358414e-05
Real reference,,AGGGGG,2.6379258365993367e-05
Real reference,,AGGGGT,6.890908307851328e-05
Real reference,,AGGGTA,0.0001044403290408717
Real reference,,AGGGTC,6.244885653990267e-05
Real reference,,AGGGTG,5.329686894353762e-05
Real reference,,AGGGTT,0.0004468323355872346
Real reference,,AGGTAA,0.00013028123519531417
Real reference,,AGGTAC,6.944743529006417e-05
Real reference,,AGGTAG,7.052413971316594e-05
Real reference,,AGGTAT,8.613635384814161e-05
Real reference,,AGGTCA,0.00014481674490718807
Real reference,,AGGTCC,7.59076618286748e-05
Real reference,,AGGTCG,8.505964942503984e-05
Real reference,,AGGTCT,9.205822817520134e-05
Real reference,,AGGTGA,0.00014858521038804427
Real reference,,AGGTGC,4.468323355872346e-05
Real reference,,AGGTGG,0.00012166759981050003
Real reference,,AGGTGT,0.00010767044231017701
Real reference,,AGGTTA,0.00017011929885007968
Real reference,,AGGTTC,0.0001690425944269779
Real reference,,AGGTTG,0.00013889487058012833
Real reference,,AGGTTT,0.0003752314914509669
Real reference,,AGTAAA,0.0004150695551057324
Real reference,,AGTAAC,0.00018573151298505535
Real reference,,AGTAAG,0.00014912356259959517
Real reference,,AGTAAT,0.00028209655885266376
Real reference,,AGTACA,0.00013404970067617037
Real reference,,AGTACC,7.698436625177657e-05
Real reference,,AGTACG,7.267754855936949e-05
Real reference,,AGTACT,0.00013835651836857746
Real reference,,AGTAGA,0.00020995736250484516
Real reference,,AGTAGC,0.00010497868125242258
Real reference,,AGTAGG,7.106249192471683e-05
Real reference,,AGTAGT,0.0002164175890434558
Real reference,,AGTATA,0.00019326844394676774
Real reference,,AGTATC,0.00016042895904216375
Real reference,,AGTATG,0.0001152073732718894
Real reference,,AGTATT,0.00022826133769757525
Real reference,,AGTCAA,0.000360695981739093
Real reference,,AGTCAC,0.00017119600327318145
Real reference,,AGTCAG,0.00012166759981050003
Real reference,,AGTCAT,0.00021857099788965932
Real reference,,AGTCCA,0.00015719884577285843
Real reference,,AGTCCC,7.752271846332745e-05
Real reference,,AGTCCG,7.859942288642921e-05
Real reference,,AGTCCT,0.00011843748654119471
Real reference,,AGTCGA,0.00012866617856066153
Real reference,,AGTCGC,8.452129721348895e-05
Real reference,,AGTCGG,8.882811490589603e-05
Real reference,,AGTCGT,0.0001372798139454757
Real reference,,AGTCTA,0.000154507084715104
Real reference,,AGTCTC,0.0003170894526034713
Real reference,,AGTCTG,0.0001329729962530686
Real reference,,AGTCTT,0.00030147723846849563
Real reference,,AGTGAA,0.00027778974116025667
Real reference,,AGTGAC,0.0001335113484646195
Real reference,,AGTGAG,0.00017065765106163055
Real reference,,AGTGAT,0.0002454886084672036
Real reference,,AGTGCA,6.514061759765709e-05
Real reference,,AGTGCC,5.437357336663939e-05
Real reference,,AGTGCG,3.7684654808561954e-05
Real reference,,AGTGCT,6.890908307851328e-05
Real reference,,AGTGGA,0.000187346569619708
Real reference,,AGTGGC,0.00011789913432964382
Real reference,,AGTGGG,0.00010659373788707524
Real reference,,AGTGGT,0.00016527412894612171
Real reference,,AGTGTA,0.0001329729962530686
Real reference,,AGTGTC,0.00011251561221413498
Real reference,,AGTGTG,0.00013404970067617037
Real reference,,AGTGTT,0.00028317326327576556
Real reference,,AGTTAA,0.00025302553942891596
Real reference,,AGTTAC,0.0001765795253886903
Real reference,,AGTTAG,0.00018250139971575003
Real reference,,AGTTAT,0.0002659459925061372
Real reference,,AGTTCA,0.00023310650760153322
Real reference,,AGTTCC,0.00020295878375468367
Real reference,,AGTTCG,0.00014481674490718807
Real reference,,AGTTCT,0.00030632240837245357
Real reference,,AGTTGA,0.00028586502433351996
Real reference,,AGTTGC,0.00013189629182996685
Real reference,,AGTTGG,0.00017388776433093587
Real reference,,AGTTGT,0.0002514104827942633
Real reference,,AGTTTA,0.0003536974029889315
Real reference,,AGTTTC,0.0006185666910719669
Real reference,,AGTTTG,0.000369847969335458
Real reference,,AGTTTT,0.0008371376889616263
Real reference,,ATAAAA,0.0010966234549291529
Real reference,,ATAAAC,0.0004182996683750377
Real reference,,ATAAAG,0.0004188380205865886
Real reference,,ATAAAT,0.0007289288944398983
Real reference,,ATAACA,0.00032731814462293814
Real reference,,ATAACC,0.00020457384038933632
Real reference,,ATAACG,0.000140509927214781
Real reference,,ATAACT,0.0002476420173134071
Real reference,,ATAAGA,0.00038815194452818813
Real reference,,ATAAGC,0.00017442611654248675
Real reference,,ATAAGG,0.00014966191481114604
Real reference,,ATAAGT,0.00024225849519789828
Real reference,,ATAATA,0.0005981093070330333
Real reference,,ATAATC,0.00038330677462423014
Real reference,,ATAATG,0.0003047073517378009
Real reference,,ATAATT,0.0007262371333821439
Real reference,,ATACAA,0.00036392609500839827
Real reference,,ATACAC,0.000187346569619708
Real reference,,ATACAG,0.00013028123519531417
Real reference,,ATACAT,0.00027186786683319693
Real reference,,ATACCA,0.0001512769714457987
Real reference,,ATACCC,9.151987596365045e-05
Real reference,,ATACCG,8.29062405788363e-05
Real reference,,ATACCT,0.00011843748654119471
Real reference,,ATACGA,0.00014697015375339162
Real reference,,ATACGC,7.052413971316594e-05
Real reference,,ATACGG,9.151987596365045e-05
Real reference,,ATACGT,0.00012059089538739825
Real reference,,ATACTA,0.00019273009173521684
Real reference,,ATACTC,0.00017334941211938497
Real reference,,ATACTG,0.00012059089538739825
Real reference,,ATACTT,0.000262177527025281
Real reference,,ATAGAA,0.0003133209871226151
Real reference,,ATAGAC,0.00012758947413755975
Real reference,,ATAGAG,0.00022180111115896464
Real reference,,ATAGAT,0.00031924286144967485
Real reference,,ATAGCA,0.00011466902106033851
Real reference,,ATAGCC,8.613635384814161e-05
Real reference,,ATAGCG,6.621732202075886e-05
Real reference,,ATAGCT,0.0001663508333692235
Real reference,,ATAGGA,0.00012166759981050003
Real reference,,ATAGGC,7.59076618286748e-05
Real reference,,ATAGGG,6.0833799905250014e-05
Real reference,,ATAGGT,8.344459279038718e-05
Real reference,,ATAGTA,0.00020349713596623455
Real reference,,ATAGTC,0.0001512769714457987
Real reference,,ATAGTG,0.00013512640509927214
Real reference,,ATAGTT,0.00028694172875662176
Real reference,,ATATAA,0.0005604246522244714
Real reference,,ATATAC,0.00027294457125629873
Real reference,,ATATAG,0.000248180369524958
Real reference,,ATATAT,0.0008495197898272966
Real reference,,ATATCA,0.00035531245962358414
Real reference,,ATATCC,0.00019649855721607303
Real reference,,ATATCG,0.0001512769714457987
Real reference,,ATATCT,0.0003897670011628408
Real reference,,ATATGA,0.00029017184202592705
Real reference,,ATATGC,0.0001292045307722124
Real reference,,ATATGG,0.00025410224385201776
Real reference,,ATATGT,0.0002923252508721306
Real reference,,ATATTA,0.0004882854558766527
Real reference,,ATATTC,0.00037200137818166156
Real reference,,ATATTG,0.00029394030750678324
Real reference,,ATATTT,0.0008236788836728542
Real reference,,ATCAAA,0.0008495197898272966
Real reference,,ATCAAC,0.0003633877427968474
Real reference,,ATCAAG,0.00030686076058400447
Real reference,,ATCAAT,0.0005824970928980576
Real reference,,ATCACA,0.000309014169430208
Real reference,,ATCACC,0.00026163917481373015
Real reference,,ATCACG,0.00013620310952237391
Real reference,,ATCACT,0.00032301132693053104
Real reference,,ATCAGA,0.0004193763727981395
Real reference,,ATCAGC,0.000201343727120031
Real reference,,ATCAGG,0.00011143890779103321
Real reference,,ATCAGT,0.00022126275894741377
Real reference,,ATCATA,0.0003100908738533098
Real reference,,ATCATC,0.0007693053103062147
Real reference,,ATCATG,0.00028317326327576556
Real reference,,ATCATT,0.0005033593178000775
Real reference,,ATCCAA,0.0005442740858779448
Real reference,,ATCCAC,0.00024871872173650887
Real reference,,ATCCAG,0.00019003833067746242
Real reference,,ATCCAT,0.0003612343339506439
Real reference,,ATCCCA,0.00021749429346655755
Real reference,,ATCCCC,0.00011628407769499117
Real reference,,ATCCCG,9.798010250226108e-05
Real reference,,ATCCCT,0.00019542185279297126
Real reference,,ATCCGA,0.0003057840561609027
Real reference,,ATCCGC,0.0001119772600025841
Real reference,,ATCCGG,0.0001372798139454757
Real reference,,ATCCGT,0.00018896162625436065
Real reference,,ATCCTA,0.0001868082174081571
Real reference,,ATCCTC,0.00042206813385589387
Real reference,,ATCCTG,0.00012382100865670356
Real reference,,ATCCTT,0.00040537921529781645
Real reference,,ATCGAA,0.0004430638701063784
Real reference,,ATCGAC,0.0001728110599078341
Real reference,,ATCGAG,0.00021426418019725225
Real reference,,ATCGAT,0.0004468323355872346
Real reference,,ATCGCA,0.0001232826564451527
Real reference,,ATCGCC,0.0001808863430810974
Real reference,,ATCGCG,7.59076618286748e-05
Real reference,,ATCGCT,0.00019057668288901332
Real reference,,ATCGGA,0.00036392609500839827
Real reference,,ATCGGC,0.00013512640509927214
Real reference,,ATCGGG,9.313493259830311e-05
Real reference,,ATCGGT,0.00018465480856195358
Real reference,,ATCGTA,0.0001728110599078341
Real reference,,ATCGTC,0.0002842499676988673
Real reference,,ATCGTG,0.00015289202808045136
Real reference,,ATCGTT,0.0003703863215470089
Real reference,,ATCTAA,0.0004290667126060554
Real reference,,ATCTAC,0.00024441190404410183
Real reference,,ATCTAG,0.00021803264567810845
Real reference,,ATCTAT,0.00034777552866187175
Real reference,,ATCTCA,0.0005905723760713209
Real reference,,ATCTCC,0.0005862655583789138
Real reference,,ATCTCG,0.0002923252508721306
Real reference,,ATCTCT,0.0010901632283905423
Real reference,,ATCTGA,0.00045921443645290496
Real reference,,ATCTGC,0.00018788492183125887
Real reference,,ATCTGG,0.0002519488350058142
Real reference,,ATCTGT,0.0003623110383737456
Real reference,,ATCTTA,0.0003913820577974934
Real reference,,ATCTTC,0.0009846461949265689
Real reference,,ATCTTG,0.0003316249623153452
Real reference,,ATCTTT,0.0007757655368448253
Real reference,,ATGAAA,0.0005351220982815798
Real reference,,ATGAAC,0.00021480253240880313
Real reference,,ATGAAG,0.00037200137818166156
Real reference,,ATGAAT,0.00038330677462423014
Real reference,,ATGACA,0.00017173435548473233
Real reference,,ATGACC,0.00012112924759894914
Real reference,,ATGACG,0.00018196304750419913
Real reference,,ATGACT,0.00017873293423489384
Real reference,,ATGAGA,0.0002804815022180111
Real reference,,ATGAGC,0.00013404970067617037
Real reference,,ATGAGG,0.0001254360652913562
Real reference,,ATGAGT,0.00020726560144709074
Real reference,,ATGATA,0.00030147723846849563
Real reference,,ATGATC,0.0002885567853912744
Real reference,,ATGATG,0.0004236831904905465
Real reference,,ATGATT,0.0005383522115508851
Real reference,,ATGCAA,0.00021049571471639606
Real reference,,ATGCAC,6.567896980920797e-05
Real reference,,ATGCAG,0.00010767044231017701
Real reference,,ATGCAT,0.00015612214134975665
Real reference,,ATGCCA,0.00011682242990654206
Real reference,,ATGCCC,5.114346009733408e-05
Real reference,,ATGCCG,6.890908307851328e-05
Real reference,,ATGCCT,9.959515913691374e-05
Real reference,,ATGCGA,8.990481932899781e-05
Real reference,,ATGCGC,3.176278048150222e-05
Real reference,,ATGCGG,5.329686894353762e-05
Real reference,,ATGCGT,9.3673284809854e-05
Real reference,,ATGCTA,0.00012059089538739825
Real reference,,ATGCTC,0.00017227270769628323
Real reference,,ATGCTG,0.00011413066884878763
Real reference,,ATGCTT,0.00025787070933287396
Real reference,,ATGGAA,0.00037953830914337394
Real reference,,ATGGAC,0.00017011929885007968
Real reference,,ATGGAG,0.0003375468366424049
Real reference,,ATGGAT,0.000374693139239416
Real reference,,ATGGCA,0.00017442611654248675
Real reference,,ATGGCC,0.00015073861923424781
Real reference,,ATGGCG,0.0003423920065463629
Real reference,,ATGGCT,0.00030686076058400447
Real reference,,ATGGGA,0.00018788492183125887
Real reference,,ATGGGC,0.0002664843447176881
Real reference,,ATGGGG,0.00010336362461776993
Real reference,,ATGGGT,0.0002551789482751195
Real reference,,ATGGTA,0.00014643180154184072
Real reference,,ATGGTC,0.00014212498384943365
Real reference,,ATGGTG,0.00023687497308238941
Real reference,,ATGGTT,0.00033054825789224343
Real reference,,ATGTAA,0.0002637925836599337
Real reference,,ATGTAC,0.00012005254317584737
Real reference,,ATGTAG,0.00013835651836857746
Real reference,,ATGTAT,0.00025033377837116157
Real reference,,ATGTCA,0.00022772298548602438
Real reference,,ATGTCC,0.0001259744175029071
Real reference,,ATGTCG,0.0001475085059649425
Real reference,,ATGTCT,0.00028909513760282525
Real reference,,ATGTGA,0.0002384900297170421
Real reference,,ATGTGC,7.644601404022568e-05
Real reference,,ATGTGG,0.00017819458202334294
Real reference,,ATGTGT,0.00024979542615961067
Real reference,,ATGTTA,0.000276174684525604
Real reference,,ATGTTC,0.0002880184331797235
Real reference,,ATGTTG,0.00031116757827641156
Real reference,,ATGTTT,0.000552349369051208
Real reference,,ATTAAA,0.0008215254748266506
Real reference,,ATTAAC,0.0003095525216417589
Real reference,,ATTAAG,0.00030632240837245357
Real reference,,ATTAAT,0.0006379473706877987
Real reference,,ATTACA,0.0003569275162582368
Real reference,,ATTACC,0.00022287781558206641
Real reference,,ATTACG,0.00017173435548473233
Real reference,,ATTACT,0.0003289332012575908
Real reference,,ATTAGA,0.00037630819587406865
Real reference,,ATTAGC,0.00018896162625436065
Real reference,,ATTAGG,0.00026540764029458634
Real reference,,ATTAGT,0.00033916189327705756
Real reference,,ATTATA,0.00043014341702915716
Real reference,,ATTATC,0.0003951505232783496
Real reference,,ATTATG,0.0003197812136612257
Real reference,,ATTATT,0.0007886859899220466
Real reference,,ATTCAA,0.0006481760627072656
Real reference,,ATTCAC,0.0003343167233730996
Real reference,,ATTCAG,0.00026540764029458634
Real reference,,ATTCAT,0.000543197381454843
Real reference,,ATTCCA,0.0003628493905852965
Real reference,,ATTCCC,0.00020403548817778542
Real reference,,ATTCCG,0.0002454886084672036
Real reference,,ATTCCT,0.00038707524010508633
Real reference,,ATTCGA,0.00043014341702915716
Real reference,,ATTCGC,0.0001765795253886903
Real reference,,ATTCGG,0.00018411645635040268
Real reference,,ATTCGT,0.00034400706318101556
Real reference,,ATTCTA,0.00034077694991171026
Real reference,,ATTCTC,0.0007310823032861019
Real reference,,ATTCTG,0.00035908092510444033
Real reference,,ATTCTT,0.0007531547439596881
Real reference,,ATTGAA,0.0005706533442439381
Real reference,,ATTGAC,0.0002126491235625996
Real reference,,ATTGAG,0.00029071019423747795
Real reference,,ATTGAT,0.0006040311813600931
Real reference,,ATTGCA,0.00018519316077350445
Real reference,,ATTGCC,0.00012059089538739825
Real reference,,ATTGCG,0.00010121021577156639
Real reference,,ATTGCT,0.00028586502433351996
Real reference,,ATTGGA,0.0003423920065463629
Real reference,,ATTGGC,0.0001297428829837633
Real reference,,ATTGGG,0.000281019854429562
Real reference,,ATTGGT,0.00034346871096946466
Real reference,,ATTGTA,0.0002917868986605797
Real reference,,ATTGTC,0.0002557173004866704
Real reference,,ATTGTG,0.00027186786683319693
Real reference,,ATTGTT,0.0006314871441491882
Real reference,,ATTTAA,0.0005684999353977346
Real reference,,ATTTAC,0.0003386235410655067
Real reference,,ATTTAG,0.0003989189887592058
Real reference,,ATTTAT,0.0007154700891511262
Real reference,,ATTTCA,0.0007418493475171196
Real reference,,ATTTCC,0.00046728971962616824
Real reference,,ATTTCG,0.00047967182049183857
Real reference,,ATTTCT,0.001002950170119299
Real reference,,ATTTGA,0.0007456178129979758
Real reference,,ATTTGC,0.00030147723846849563
Real reference,,ATTTGG,0.0005555794823205133
Real reference,,ATTTGT,0.0006917825918428873
Real reference,,ATTTTA,0.0008683621172315775
Real reference,,ATTTTC,0.0009905680692536285
Real reference,,ATTTTG,0.0009916447736767302
Real reference,,ATTTTT,0.0015068478401309272
Real reference,,CAAAAA,0.0013286532581075843
Real reference,,CAAAAC,0.0007709203669408674
Real reference,,CAAAAG,0.0005248934062621129
Real reference,,CAAAAT,0.0009125069985787502
Real reference,,CAAACA,0.0004909772169344071
Real reference,,CAAACC,0.00045490761876049786
Real reference,,CAAACG,0.0002164175890434558
Real reference,,CAAACT,0.0003865368878935355
Real reference,,CAAAGA,0.0005545027778974116
Real reference,,CAAAGC,0.00036446444721994917
Real reference,,CAAAGG,0.0002476420173134071
Real reference,,CAAAGT,0.0003827684224126793
Real reference,,CAAATA,0.00046567466299151554
Real reference,,CAAATC,0.0006470993582841639
Real reference,,CAAATG,0.0002842499676988673
Real reference,,CAAATT,0.0007407726430940178
Real reference,,CAACAA,0.0007192385546319825
Real reference,,CAACAC,0.0002707911624100952
Real reference,,CAACAG,0.0001975752616391748
Real reference,,CAACAT,0.00028640337654507086
Real reference,,CAACCA,0.000313859339334166
Real reference,,CAACCC,0.0001399715750032301
Real reference,,CAACCG,0.0001232826564451527
Real reference,,CAACCT,0.00019165338731211507
Real reference,,CAACGA,0.0002767130367371549
Real reference,,CAACGC,0.0001259744175029071
Real reference,,CAACGG,0.00019865196606227658
Real reference,,CAACGT,0.00016042895904216375
Real reference,,CAACTA,0.00018465480856195358
Real reference,,CAACTC,0.00025787070933287396
Real reference,,CAACTG,0.0001119772600025841
Real reference,,CAACTT,0.0003574658684697877
Real reference,,CAAGAA,0.0005625780610706749
Real reference,,CAAGAC,0.00018465480856195358
Real reference,,CAAGAG,0.00024387355183255093
Real reference,,CAAGAT,0.00034023859770015936
Real reference,,CAAGCA,0.0001835781041388518
Real reference,,CAAGCC,0.0001625823678883673
Real reference,,CAAGCG,9.313493259830311e-05
Real reference,,CAAGCT,0.00031547439596881866
Real reference,,CAAGGA,0.00023095309875532967
Real reference,,CAAGGC,0.0001227443042336018
Real reference,,CAAGGG,9.205822817520134e-05
Real reference,,CAAGGT,0.00013781816615702656
Real reference,,CAAGTA,0.00018896162625436065
Real reference,,CAAGTC,0.00025033377837116157
Real reference,,CAAGTG,0.00016527412894612171
Real reference,,CAAGTT,0.00036877126491235626
Real reference,,CAATAA,0.00045436926654894696
Real reference,,CAATAC,0.000168504242215427
Real reference,,CAATAG,0.0001663508333692235
Real reference,,CAATAT,0.0003208579180843275
Real reference,,CAATCA,0.0004565226753951505
Real reference,,CAATCC,0.0002804815022180111
Real reference,,CAATCG,0.00024871872173650887
Real reference,,CAATCT,0.0005534260734743098
Real reference,,CAATGA,0.00026056247039062835
Real reference,,CAATGC,0.0001044403290408717
Real reference,,CAATGG,0.0003569275162582368
Real reference,,CAATGT,0.0002121107713510487
Real reference,,CAATTA,0.00038707524010508633
Real reference,,CAATTC,0.0005028209655885266
Real reference,,CAATTG,0.00028909513760282525
Real reference,,CAATTT,0.0008409061544424824
Real reference,,CACAAA,0.0005038976700116284
Real reference,,CACAAC,0.0002406434385632456
Real reference,,CACAAG,0.00023579826865928764
Real reference,,CACAAT,0.0002804815022180111
Real reference,,CACACA,0.0003703863215470089
Real reference,,CACACC,0.00013943322279167923
Real reference,,CACACG,0.00012435936086825443
Real reference,,CACACT,0.00018949997846591155
Real reference,,CACAGA,0.00020618889702398897
Real reference,,CACAGC,0.00010659373788707524
Real reference,,CACAGG,5.437357336663939e-05
Real reference,,CACAGT,0.0001292045307722124
Real reference,,CACATA,0.0002018820793315819
Real reference,,CACATC,0.00021426418019725225
Real reference,,CACATG,0.0001620440156768164
Real reference,,CACATT,0.0002411817907747965
Real reference,,CACCAA,0.00037953830914337394
Real reference,,CACCAC,0.00034023859770015936
Real reference,,CACCAG,0.00012812782634911065
Real reference,,CACCAT,0.0002750979801025023
Real reference,,CACCCA,0.00011789913432964382
Real reference,,CACCCC,5.2758516731986734e-05
Real reference,,CACCCG,4.4144881347172574e-05
Real reference,,CACCCT,7.91377750979801e-05
Real reference,,CACCGA,0.00021103406692794693
Real reference,,CACCGC,0.0001620440156768164
Real reference,,CACCGG,0.00021803264567810845
Real reference,,CACCGT,0.0002702528101985443
Real reference,,CACCTA,9.959515913691374e-05
Real reference,,CACCTC,0.00018196304750419913
Real reference,,CACCTG,8.613635384814161e-05
Real reference,,CACCTT,0.00020726560144709074
Real reference,,CACGAA,0.00018142469529264826
Real reference,,CACGAC,0.0001227443042336018
Real reference,,CACGAG,0.0001254360652913562
Real reference,,CACGAT,0.00013889487058012833
Real reference,,CACGCA,7.806107067487833e-05
Real reference,,CACGCC,6.890908307851328e-05
Real reference,,CACGCG,8.398294500193807e-05
Real reference,,CACGCT,8.344459279038718e-05
Real reference,,CACGGA,9.798010250226108e-05
Real reference,,CACGGC,0.00010336362461776993
Real reference,,CACGGG,3.068607605840045e-05
Real reference,,CACGGT,8.775141048279426e-05
Real reference,,CACGTA,0.00011843748654119471
Real reference,,CACGTC,0.0001329729962530686
Real reference,,CACGTG,0.0002713295146216461
Real reference,,CACGTT,0.0001372798139454757
Real reference,,CACTAA,0.00022879968990912616
Real reference,,CACTAC,0.00013404970067617037
Real reference,,CACTAG,9.313493259830311e-05
Real reference,,CACTAT,0.00017980963865799561
Real reference,,CACTCA,0.0002239545200051682
Real reference,,CACTCC,0.00015612214134975665
Real reference,,CACTCG,0.00013028123519531417
Real reference,,CACTCT,0.0003536974029889315
Real reference,,CACTGA,0.00016527412894612171
Real reference,,CACTGC,8.452129721348895e-05
Real reference,,CACTGG,9.905680692536285e-05
Real reference,,CACTGT,0.00015666049356130755
Real reference,,CACTTA,0.00017873293423489384
Real reference,,CACTTC,0.0003386235410655067
Real reference,,CACTTG,0.00019919031827382748
Real reference,,CACTTT,0.00038869029673973903
Real reference,,CAGAAA,0.0004715965373185753
Real reference,,CAGAAC,0.00018896162625436065
Real reference,,CAGAAG,0.00028909513760282525
Real reference,,CAGAAT,0.00027294457125629873
Real reference,,CAGACA,0.00016688918558077436
Real reference,,CAGACC,0.00010874714673327877
Real reference,,CAGACG,9.04431715405487e-05
Real reference,,CAGACT,0.00010767044231017701
Real reference,,CAGAGA,0.0004575993798182523
Real reference,,CAGAGC,0.0001830397519273009
Real reference,,CAGAGG,0.00016042895904216375
Real reference,,CAGAGT,0.00019273009173521684
Real reference,,CAGATA,0.000187346569619708
Real reference,,CAGATC,0.00035477410741203324
Real reference,,CAGATG,0.00015666049356130755
Real reference,,CAGATT,0.0004436022223179293
Real reference,,CAGCAA,0.00020457384038933632
Real reference,,CAGCAC,6.244885653990267e-05
Real reference,,CAGCAG,0.0001728110599078341
Real reference,,CAGCAT,8.667470605969249e-05
Real reference,,CAGCCA,0.00013674146173392481
Real reference,,CAGCCC,5.545027778974116e-05
Real reference,,CAGCCG,0.00010713209009862613
Real reference,,CAGCCT,9.098152375209957e-05
Real reference,,CAGCGA,0.0001297428829837633
Real reference,,CAGCGC,3.5531245962358414e-05
Real reference,,CAGCGG,6.191050432835178e-05
Real reference,,CAGCGT,7.644601404022568e-05
Real reference,,CAGCTA,0.0001588139024075111
Real reference,,CAGCTC,0.0002406434385632456
Real reference,,CAGCTG,0.0001335113484646195
Real reference,,CAGCTT,0.00028155820664111286
Real reference,,CAGGAA,0.00014266333606098453
Real reference,,CAGGAC,4.952840346268143e-05
Real reference,,CAGGAG,9.259658038675223e-05
Real reference,,CAGGAT,9.151987596365045e-05
Real reference,,CAGGCA,4.8451699039579654e-05
Real reference,,CAGGCC,6.244885653990267e-05
Real reference,,CAGGCG,4.145312028941815e-05
Real reference,,CAGGCT,6.406391317455533e-05
Real reference,,CAGGGA,5.7065334424393814e-05
Real reference,,CAGGGC,2.9609371635298677e-05
Real reference,,CAGGGG,2.7994315000646024e-05
Real reference,,CAGGGT,4.575993798182523e-05
Real reference,,CAGGTA,4.306817692407081e-05
Real reference,,CAGGTC,6.029544769369913e-05
Real reference,,CAGGTG,6.13721521168009e-05
Real reference,,CAGGTT,0.00010767044231017701
Real reference,,CAGTAA,0.00016958094663852878
Real reference,,CAGTAC,7.967612730953099e-05
Real reference,,CAGTAG,8.882811490589603e-05
Real reference,,CAGTAT,0.00010713209009862613
Real reference,,CAGTCA,0.00013943322279167923
Real reference,,CAGTCC,7.967612730953099e-05
Real reference,,CAGTCG,7.644601404022568e-05
Real reference,,CAGTCT,0.00016958094663852878
Real reference,,CAGTGA,0.00017765622981179207
Real reference,,CAGTGC,4.6836642404927e-05
Real reference,,CAGTGG,0.00012489771307980533
Real reference,,CAGTGT,0.00010551703346397347
Real reference,,CAGTTA,0.00012220595202205091
Real reference,,CAGTTC,0.0001582755501959602
Real reference,,CAGTTG,0.00011413066884878763
Real reference,,CAGTTT,0.00034346871096946466
Real reference,,CATAAA,0.00043391188251001335
Real reference,,CATAAC,0.00017927128644644471
Real reference,,CATAAG,0.00016419742452301994
Real reference,,CATAAT,0.0003133209871226151
Real reference,,CATACA,0.00017442611654248675
Real reference,,CATACC,8.021447952108187e-05
Real reference,,CATACG,6.567896980920797e-05
Real reference,,CATACT,0.00011843748654119471
Real reference,,CATAGA,0.00018842327404280977
Real reference,,CATAGC,9.798010250226108e-05
Real reference,,CATAGG,4.8451699039579654e-05
Real reference,,CATAGT,0.0001292045307722124
Real reference,,CATATA,0.00031170593048796246
Real reference,,CATATC,0.0002158792368319049
Real reference,,CATATG,0.00015396873250355313
Real reference,,CATATT,0.00029770877298763944
Real reference,,CATCAA,0.0004430638701063784
Real reference,,CATCAC,0.0003321633145268961
Real reference,,CATCAG,0.00019003833067746242
Real reference,,CATCAT,0.0005475041991472501
Real reference,,CATCCA,0.00023633662087083854
Real reference,,CATCCC,0.00012435936086825443
Real reference,,CATCCG,0.00010336362461776993
Real reference,,CATCCT,0.00019649855721607303
Real reference,,CATCGA,0.00028263491106421466
Real reference,,CATCGC,0.0001518153236573496
Real reference,,CATCGG,0.0001690425944269779
Real reference,,CATCGT,0.00026863775356389164
Real reference,,CATCTA,0.00019165338731211507
Real reference,,CATCTC,0.0005254317584736638
Real reference,,CATCTG,0.00017604117317713942
Real reference,,CATCTT,0.0006024161247254404
Real reference,,CATGAA,0.0002589474137559757
Real reference,,CATGAC,0.00012866617856066153
Real reference,,CATGAG,0.00011251561221413498
Real reference,,CATGAT,0.00021695594125500667
Real reference,,CATGCA,9.205822817520134e-05
Real reference,,CATGCC,7.375425298247125e-05
Real reference,,CATGCG,4.522158577027435e-05
Real reference,,CATGCT,0.00011951419096429648
Real reference,,CATGGA,0.0002874800809681726
Real reference,,CATGGC,0.00022503122442826996
Real reference,,CATGGG,0.000140509927214781
Real reference,,CATGGT,0.00014535509711873897
Real reference,,CATGTA,0.00016473577673457081
Real reference,,CATGTC,0.00018949997846591155
Real reference,,CATGTG,0.0001728110599078341
Real reference,,CATGTT,0.0002960937163529868
Real reference,,CATTAA,0.00037307808260476336
Real reference,,CATTAC,0.0002051121926008872
Real reference,,CATTAG,0.0001663508333692235
Real reference,,CATTAT,0.0003165511003919204
Real reference,,CATTCA,0.0002837116154873164
Real reference,,CATTCC,0.00016150566346526552
Real reference,,CATTCG,0.00013243464404151772
Real reference,,CATTCT,0.00033916189327705756
Real reference,,CATTGA,0.000299862181833843
Real reference,,CATTGC,0.00013835651836857746
Real reference,,CATTGG,0.00015773719798440933
Real reference,,CATTGT,0.0002471036651018562
Real reference,,CATTTA,0.0003176278048150222
Real reference,,CATTTC,0.0004909772169344071
Real reference,,CATTTG,0.0003030922951031483
Real reference,,CATTTT,0.000782225763383436
Real reference,,CCAAAA,0.0008543649597312546
Real reference,,CCAAAC,0.00044198716568327664
Real reference,,CCAAAG,0.0003321633145268961
Real reference,,CCAAAT,0.0005367371549162324
Real reference,,CCAACA,0.00028532667212196906
Real reference,,CCAACC,0.00017604117317713942
Real reference,,CCAACG,0.00019273009173521684
Real reference,,CCAACT,0.0002164175890434558
Real reference,,CCAAGA,0.00025733235712132306
Real reference,,CCAAGC,0.00016473577673457081
Real reference,,CCAAGG,0.0001082087945217279
Real reference,,CCAAGT,0.00019972867048537835
Real reference,,CCAATA,0.00030093888625694473
Real reference,,CCAATC,0.0003827684224126793
Real reference,,CCAATG,0.00018196304750419913
Real reference,,CCAATT,0.0004925922735690598
Real reference,,CCACAA,0.00029017184202592705
Real reference,,CCACAC,0.000168504242215427
Real reference,,CCACAG,0.00010282527240621905
Real reference,,CCACAT,0.00018142469529264826
Real reference,,CCACCA,0.00040860932856712174
Real reference,,CCACCC,8.344459279038718e-05
Real reference,,CCACCG,0.00032570308798828544
Real reference,,CCACCT,0.00017550282096558852
Real reference,,CCACGA,0.00013781816615702656
Real reference,,CCACGC,6.783237865541152e-05
Real reference,,CCACGG,8.452129721348895e-05
Real reference,,CCACGT,0.00020780395365864164
Real reference,,CCACTA,0.00015289202808045136
Real reference,,CCACTC,0.00019273009173521684
Real reference,,CCACTG,0.00011251561221413498
Real reference,,CCACTT,0.00025410224385201776
Real reference,,CCAGAA,0.0002772513889487058
Real reference,,CCAGAC,8.990481932899781e-05
Real reference,,CCAGAG,0.00017065765106163055
Real reference,,CCAGAT,0.00023687497308238941
Real reference,,CCAGCA,8.344459279038718e-05
Real reference,,CCAGCC,6.191050432835178e-05
Real reference,,CCAGCG,5.9218743270597354e-05
Real reference,,CCAGCT,0.00015073861923424781
Real reference,,CCAGGA,8.613635384814161e-05
Real reference,,CCAGGC,4.037641586631638e-05
Real reference,,CCAGGG,2.9071019423747794e-05
Real reference,,CCAGGT,5.9218743270597354e-05
Real reference,,CCAGTA,7.859942288642921e-05
Real reference,,CCAGTC,9.582669365605753e-05
Real reference,,CCAGTG,8.129118394418365e-05
Real reference,,CCAGTT,0.00014158663163788278
Real reference,,CCATAA,0.00024871872173650887
Real reference,,CCATAC,9.959515913691374e-05
Real reference,,CCATAG,9.421163702140489e-05
Real reference,,CCATAT,0.0002018820793315819
Real reference,,CCATCA,0.00028586502433351996
Real reference,,CCATCC,0.00012489771307980533
Real reference,,CCATCG,0.00017927128644644471
Real reference,,CCATCT,0.0003526206985658297
Real reference,,CCATGA,0.00016419742452301994
Real reference,,CCATGC,6.514061759765709e-05
Real reference,,CCATGG,0.0002842499676988673
Real reference,,CCATGT,0.0001728110599078341
Real reference,,CCATTA,0.0002987854774107412
Real reference,,CCATTC,0.0002094190102932943
Real reference,,CCATTG,0.0002465653128903054
Real reference,,CCATTT,0.0005071277832809337
Real reference,,CCCAAA,0.0005087428399155864
Real reference,,CCCAAC,0.0001728110599078341
Real reference,,CCCAAG,0.00013135793961841595
Real reference,,CCCAAT,0.00032947155346914163
Real reference,,CCCACA,0.00013674146173392481
Real reference,,CCCACC,0.00015020026702269694
Real reference,,CCCACG,7.536930961712391e-05
Real reference,,CCCACT,0.00014481674490718807
Real reference,,CCCAGA,0.00015020026702269694
Real reference,,CCCAGC,5.114346009733408e-05
Real reference,,CCCAGG,3.283948490460399e-05
Real reference,,CCCAGT,6.352556096300444e-05
Real reference,,CCCATA,0.00016688918558077436
Real reference,,CCCATC,0.00017119600327318145
Real reference,,CCCATG,9.205822817520134e-05
Real reference,,CCCATT,0.0003197812136612257
Real reference,,CCCCAA,0.00019703690942762393
Real reference,,CCCCAC,0.0001082087945217279
Real reference,,CCCCAG,4.252982471251992e-05
Real reference,,CCCCAT,9.421163702140489e-05
Real reference,,CCCCCA,7.859942288642921e-05
Real reference,,CCCCCC,2.2610792885137174e-05
Real reference,,CCCCCG,2.5840906154442484e-05
Real reference,,CCCCCT,5.383522115508851e-05
Real reference,,CCCCGA,5.383522115508851e-05
Real reference,,CCCCGC,2.8532667212196907e-05
Real reference,,CCCCGG,3.3377837116154874e-05
Real reference,,CCCCGT,3.283948490460399e-05
Real reference,,CCCCTA,6.0833799905250014e-05
Real reference,,CCCCTC,8.721305827124337e-05
Real reference,,CCCCTG,4.6836642404927e-05
Real reference,,CCCCTT,0.00012005254317584737
Real reference,,CCCGAA,0.00010874714673327877
Real reference,,CCCGAC,0.00010282527240621905
Real reference,,CCCGAG,6.406391317455533e-05
Real reference,,CCCGAT,0.00011305396442568585
Real reference,,CCCGCA,3.3377837116154874e-05
Real reference,,CCCGCC,7.267754855936949e-05
Real reference,,CCCGCG,3.445454153925664e-05
Real reference,,CCCGCT,4.899005125113054e-05
Real reference,,CCCGGA,8.990481932899781e-05
Real reference,,CCCGGC,4.899005125113054e-05
Real reference,,CCCGGG,2.9071019423747794e-05
Real reference,,CCCGGT,8.505964942503984e-05
Real reference,,CCCGTA,4.575993798182523e-05
Real reference,,CCCGTC,6.191050432835178e-05
Real reference,,CCCGTG,3.660795038546018e-05
Real reference,,CCCGTT,9.74417502907102e-05
Real reference,,CCCTAA,0.0003176278048150222
Real reference,,CCCTAC,7.429260519402213e-05
Real reference,,CCCTAG,0.00013943322279167923
Real reference,,CCCTAT,8.29062405788363e-05
Real reference,,CCCTCA,0.00012651276971445798
Real reference,,CCCTCC,0.00015666049356130755
Real reference,,CCCTCG,8.775141048279426e-05
Real reference,,CCCTCT,0.00024441190404410183
Real reference,,CCCTGA,8.721305827124337e-05
Real reference,,CCCTGC,4.037641586631638e-05
Real reference,,CCCTGG,3.176278048150222e-05
Real reference,,CCCTGT,6.244885653990267e-05
Real reference,,CCCTTA,0.00012005254317584737
Real reference,,CCCTTC,0.00021857099788965932
Real reference,,CCCTTG,8.129118394418365e-05
Real reference,,CCCTTT,0.0002880184331797235
Real reference,,CCGAAA,0.00024225849519789828
Real reference,,CCGAAC,0.00011951419096429648
Real reference,,CCGAAG,0.00014481674490718807
Real reference,,CCGAAT,0.00020080537490848013
Real reference,,CCGACA,0.0001588139024075111
Real reference,,CCGACC,0.00012866617856066153
Real reference,,CCGACG,0.00020618889702398897
Real reference,,CCGACT,0.0001189758387527456
Real reference,,CCGAGA,0.00015343038029200223
Real reference,,CCGAGC,8.344459279038718e-05
Real reference,,CCGAGG,6.621732202075886e-05
Real reference,,CCGAGT,0.00012382100865670356
Real reference,,CCGATA,0.00012758947413755975
Real reference,,CCGATC,0.00031062922606486066
Real reference,,CCGATG,0.00018573151298505535
Real reference,,CCGATT,0.0003612343339506439
Real reference,,CCGCAA,0.00011951419096429648
Real reference,,CCGCAC,4.468323355872346e-05
Real reference,,CCGCAG,7.052413971316594e-05
Real reference,,CCGCAT,6.567896980920797e-05
Real reference,,CCGCCA,0.00016365907231146907
Real reference,,CCGCCC,2.4225849519789827e-05
Real reference,,CCGCCG,0.00036500279943150007
Real reference,,CCGCCT,0.00011736078211809295
Real reference,,CCGCGA,6.029544769369913e-05
Real reference,,CCGCGC,2.3687497308238944e-05
Real reference,,CCGCGG,4.6298290193376114e-05
Real reference,,CCGCGT,6.352556096300444e-05
Real reference,,CCGCTA,7.052413971316594e-05
Real reference,,CCGCTC,9.151987596365045e-05
Real reference,,CCGCTG,7.91377750979801e-05
Real reference,,CCGCTT,0.0001475085059649425
Real reference,,CCGGAA,0.0002471036651018562
Real reference,,CCGGAC,7.267754855936949e-05
Real reference,,CCGGAG,0.0002756363323140531
Real reference,,CCGGAT,0.00015989060683061285
Real reference,,CCGGCA,8.882811490589603e-05
Real reference,,CCGGCC,6.783237865541152e-05
Real reference,,CCGGCG,0.00026110082260217925
Real reference,,CCGGCT,9.74417502907102e-05
Real reference,,CCGGGA,0.00010336362461776993
Real reference,,CCGGGC,1.9380679615831863e-05
Real reference,,CCGGGG,2.6379258365993367e-05
Real reference,,CCGGGT,6.0833799905250014e-05
Real reference,,CCGGTA,0.00010551703346397347
Real reference,,CCGGTC,0.00011090055557948232
Real reference,,CCGGTG,0.00020457384038933632
Real reference,,CCGGTT,0.0003041689995262501
Real reference,,CCGTAA,0.00013835651836857746
Real reference,,CCGTAC,9.421163702140489e-05
Real reference,,CCGTAG,7.375425298247125e-05
Real reference,,CCGTAT,0.00011251561221413498
Real reference,,CCGTCA,0.00020349713596623455
Real reference,,CCGTCC,0.00012220595202205091
Real reference,,CCGTCG,0.0003170894526034713
Real reference,,CCGTCT,0.00014104827942633188
Real reference,,CCGTGA,0.000140509927214781
Real reference,,CCGTGC,4.360652913562169e-05
Real reference,,CCGTGG,8.236788836728541e-05
Real reference,,CCGTGT,0.00010767044231017701
Real reference,,CCGTTA,0.00017173435548473233
Real reference,,CCGTTC,0.00015935225461906197
Real reference,,CCGTTG,0.00018196304750419913
Real reference,,CCGTTT,0.00030686076058400447
Real reference,,CCTAAA,0.00034023859770015936
Real reference,,CCTAAC,0.00016473577673457081
Real reference,,CCTAAG,0.00012112924759894914
Real reference,,CCTAAT,0.0003100908738533098
Real reference,,CCTACA,0.00010013351134846461
Real reference,,CCTACC,9.04431715405487e-05
Real reference,,CCTACG,6.783237865541152e-05
Real reference,,CCTACT,0.00012382100865670356
Real reference,,CCTAGA,0.00013189629182996685
Real reference,,CCTAGC,8.452129721348895e-05
Real reference,,CCTAGG,5.814203884749559e-05
Real reference,,CCTAGT,9.582669365605753e-05
Real reference,,CCTATA,0.00011251561221413498
Real reference,,CCTATC,0.00010874714673327877
Real reference,,CCTATG,8.021447952108187e-05
Real reference,,CCTATT,0.00014697015375339162
Real reference,,CCTCAA,0.00031493604375726776
Real reference,,CCTCAC,0.00020080537490848013
Real reference,,CCTCAG,0.00015289202808045136
Real reference,,CCTCAT,0.00021426418019725225
Real reference,,CCTCCA,0.00029770877298763944
Real reference,,CCTCCC,0.0001254360652913562
Real reference,,CCTCCG,0.000309014169430208
Real reference,,CCTCCT,0.0004726732417416771
Real reference,,CCTCGA,0.00017011929885007968
Real reference,,CCTCGC,0.00010928549894482966
Real reference,,CCTCGG,8.129118394418365e-05
Real reference,,CCTCGT,0.000168504242215427
Real reference,,CCTCTA,0.00018842327404280977
Real reference,,CCTCTC,0.0005684999353977346
Real reference,,CCTCTG,0.0002627158792368319
Real reference,,CCTCTT,0.0005324303372238253
Real reference,,CCTGAA,0.00015235367586890046
Real reference,,CCTGAC,7.106249192471683e-05
Real reference,,CCTGAG,0.00010605538567552435
Real reference,,CCTGAT,0.00014266333606098453
Real reference,,CCTGCA,5.76036866359447e-05
Real reference,,CCTGCC,3.5531245962358414e-05
Real reference,,CCTGCG,5.2758516731986734e-05
Real reference,,CCTGCT,8.182953615573453e-05
Real reference,,CCTGGA,8.775141048279426e-05
Real reference,,CCTGGC,4.037641586631638e-05
Real reference,,CCTGGG,4.252982471251992e-05
Real reference,,CCTGGT,7.859942288642921e-05
Real reference,,CCTGTA,6.567896980920797e-05
Real reference,,CCTGTC,7.644601404022568e-05
Real reference,,CCTGTG,6.944743529006417e-05
Real reference,,CCTGTT,0.00014535509711873897
Real reference,,CCTTAA,0.00024387355183255093
Real reference,,CCTTAC,0.00015289202808045136
Real reference,,CCTTAG,0.00010659373788707524
Real reference,,CCTTAT,0.00024979542615961067
Real reference,,CCTTCA,0.0003170894526034713
Real reference,,CCTTCC,0.0002740212756794005
Real reference,,CCTTCG,0.00018626986519660623
Real reference,,CCTTCT,0.000622873508764374
Real reference,,CCTTGA,0.00015773719798440933
Real reference,,CCTTGC,9.582669365605753e-05
Real reference,,CCTTGG,0.00012220595202205091
Real reference,,CCTTGT,0.00021103406692794693
Real reference,,CCTTTA,0.0002476420173134071
Real reference,,CCTTTC,0.0003531590507773806
Real reference,,CCTTTG,0.0002546405960635686
Real reference,,CCTTTT,0.0006099530556871528
Real reference,,CGAAAA,0.00041291614625952884
Real reference,,CGAAAC,0.0002874800809681726
Real reference,,CGAAAG,0.00020618889702398897
Real reference,,CGAAAT,0.00034023859770015936
Real reference,,CGAACA,0.00014589344933028985
Real reference,,CGAACC,0.00017604117317713942
Real reference,,CGAACG,8.613635384814161e-05
Real reference,,CGAACT,0.0001227443042336018
Real reference,,CGAAGA,0.00047428829837632973
Real reference,,CGAAGC,0.0001975752616391748
Real reference,,CGAAGG,0.00012812782634911065
Real reference,,CGAAGT,0.0001189758387527456
Real reference,,CGAATA,0.00015935225461906197
Real reference,,CGAATC,0.00038492183125888284
Real reference,,CGAATG,9.205822817520134e-05
Real reference,,CGAATT,0.00039353546664369697
Real reference,,CGACAA,0.0002411817907747965
Real reference,,CGACAC,0.0001232826564451527
Real reference,,CGACAG,9.313493259830311e-05
Real reference,,CGACAT,0.0001437400404840863
Real reference,,CGACCA,0.00014104827942633188
Real reference,,CGACCC,0.00011305396442568585
Real reference,,CGACCG,7.321590077092036e-05
Real reference,,CGACCT,8.505964942503984e-05
Real reference,,CGACGA,0.00039353546664369697
Real reference,,CGACGC,0.00012812782634911065
Real reference,,CGACGG,0.00020403548817778542
Real reference,,CGACGT,0.00015666049356130755
Real reference,,CGACTA,0.00010013351134846461
Real reference,,CGACTC,0.000168504242215427
Real reference,,CGACTG,6.890908307851328e-05
Real reference,,CGACTT,0.0001663508333692235
Real reference,,CGAGAA,0.000327856496834489
Real reference,,CGAGAC,7.052413971316594e-05
Real reference,,CGAGAG,0.00019165338731211507
Real reference,,CGAGAT,0.00022449287221671906
Real reference,,CGAGCA,0.00010497868125242258
Real reference,,CGAGCC,8.990481932899781e-05
Real reference,,CGAGCG,5.2758516731986734e-05
Real reference,,CGAGCT,0.00019165338731211507
Real reference,,CGAGGA,0.0001835781041388518
Real reference,,CGAGGC,7.375425298247125e-05
Real reference,,CGAGGG,4.952840346268143e-05
Real reference,,CGAGGT,8.075283173263276e-05
Real reference,,CGAGTA,0.00010659373788707524
Real reference,,CGAGTC,0.00014589344933028985
Real reference,,CGAGTG,8.882811490589603e-05
Real reference,,CGAGTT,0.0002196477023127611
Real reference,,CGATAA,0.00021749429346655755
Real reference,,CGATAC,0.00010390197682932082
Real reference,,CGATAG,8.936646711744692e-05
Real reference,,CGATAT,0.00016042895904216375
Real reference,,CGATCA,0.00025410224385201776
Real reference,,CGATCC,0.00023310650760153322
Real reference,,CGATCG,0.0001981136138507257
Real reference,,CGATCT,0.0004037641586631638
Real reference,,CGATGA,0.0003165511003919204
Real reference,,CGATGC,0.0001372798139454757
Real reference,,CGATGG,0.00019326844394676774
Real reference,,CGATGT,0.00016365907231146907
Real reference,,CGATTA,0.00025679400490977215
Real reference,,CGATTC,0.000520048236358155
Real reference,,CGATTG,0.0002051121926008872
Real reference,,CGATTT,0.0006955510573237435
Real reference,,CGCAAA,0.00017011929885007968
Real reference,,CGCAAC,9.690339807915931e-05
Real reference,,CGCAAG,8.344459279038718e-05
Real reference,,CGCAAT,0.00010013351134846461
Real reference,,CGCACA,5.7065334424393814e-05
Real reference,,CGCACC,5.114346009733408e-05
Real reference,,CGCACG,4.468323355872346e-05
Real reference,,CGCACT,5.437357336663939e-05
Real reference,,CGCAGA,0.00010928549894482966
Real reference,,CGCAGC,9.690339807915931e-05
Real reference,,CGCAGG,3.714630259701107e-05
Real reference,,CGCAGT,6.029544769369913e-05
Real reference,,CGCATA,4.6836642404927e-05
Real reference,,CGCATC,0.00011305396442568585
Real reference,,CGCATG,4.6836642404927e-05
Real reference,,CGCATT,8.129118394418365e-05
Real reference,,CGCCAA,0.00012758947413755975
Real reference,,CGCCAC,0.0001663508333692235
Real reference,,CGCCAG,5.006675567423231e-05
Real reference,,CGCCAT,0.00015020026702269694
Real reference,,CGCCCA,3.499289375080753e-05
Real reference,,CGCCCC,2.2072440673586287e-05
Real reference,,CGCCCG,1.0767044231017702e-05
Real reference,,CGCCCT,2.7994315000646024e-05
Real reference,,CGCCGA,0.00019542185279297126
Real reference,,CGCCGC,0.00027240621904474783
Real reference,,CGCCGG,0.0002600241181790775
Real reference,,CGCCGT,0.00030201559068004653
Real reference,,CGCCTA,3.9838063654765494e-05
Real reference,,CGCCTC,0.00015989060683061285
Real reference,,CGCCTG,4.360652913562169e-05
Real reference,,CGCCTT,0.00012705112192600888
Real reference,,CGCGAA,7.59076618286748e-05
Real reference,,CGCGAC,4.899005125113054e-05
Real reference,,CGCGAG,5.652698221284293e-05
Real reference,,CGCGAT,8.182953615573453e-05
Real reference,,CGCGCA,2.5302553942891597e-05
Real reference,,CGCGCC,5.652698221284293e-05
Real reference,,CGCGCG,2.8532667212196907e-05
Real reference,,CGCGCT,5.8680391059046474e-05
Real reference,,CGCGGA,5.0605107885783194e-05
Real reference,,CGCGGC,6.406391317455533e-05
Real reference,,CGCGGG,1.830397519273009e-05
Real reference,,CGCGGT,4.952840346268143e-05
Real reference,,CGCGTA,4.737499461647789e-05
Real reference,,CGCGTC,7.21391963478186e-05
Real reference,,CGCGTG,7.375425298247125e-05
Real reference,,CGCGTT,0.00010174856798311727
Real reference,,CGCTAA,0.00011682242990654206
Real reference,,CGCTAC,6.998578750161505e-05
Real reference,,CGCTAG,4.952840346268143e-05
Real reference,,CGCTAT,7.806107067487833e-05
Real reference,,CGCTCA,8.129118394418365e-05
Real reference,,CGCTCC,9.690339807915931e-05
Real reference,,CGCTCG,7.536930961712391e-05
Real reference,,CGCTCT,0.00019380679615831861
Real reference,,CGCTGA,0.00010767044231017701
Real reference,,CGCTGC,8.721305827124337e-05
Real reference,,CGCTGG,6.944743529006417e-05
Real reference,,CGCTGT,9.04431715405487e-05
Real reference,,CGCTTA,9.3673284809854e-05
Real reference,,CGCTTC,0.0002885567853912744
Real reference,,CGCTTG,8.452129721348895e-05
Real reference,,CGCTTT,0.000220186054524312
Real reference,,CGGAAA,0.00031816615702657305
Real reference,,CGGAAC,0.00010767044231017701
Real reference,,CGGAAG,0.000168504242215427
Real reference,,CGGAAT,0.00020618889702398897
Real reference,,CGGACA,7.375425298247125e-05
Real reference,,CGGACC,6.890908307851328e-05
Real reference,,CGGACG,6.13721521168009e-05
Real reference,,CGGACT,6.352556096300444e-05
Real reference,,CGGAGA,0.0003779232525087213
Real reference,,CGGAGC,0.00018626986519660623
Real reference,,CGGAGG,0.00021857099788965932
Real reference,,CGGAGT,0.00013028123519531417
Real reference,,CGGATA,0.00011143890779103321
Real reference,,CGGATC,0.00024387355183255093
Real reference,,CGGATG,8.775141048279426e-05
Real reference,,CGGATT,0.00024979542615961067
Real reference,,CGGCAA,0.00013835651836857746
Real reference,,CGGCAC,5.4911925578190274e-05
Real reference,,CGGCAG,6.029544769369913e-05
Real reference,,CGGCAT,6.729402644386063e-05
Real reference,,CGGCCA,9.151987596365045e-05
Real reference,,CGGCCC,6.298720875145355e-05
Real reference,,CGGCCG,6.352556096300444e-05
Real reference,,CGGCCT,4.1991472500969034e-05
Real reference,,CGGCGA,0.00034077694991171026
Real reference,,CGGCGC,9.74417502907102e-05
Real reference,,CGGCGG,0.00029447865971833414
Real reference,,CGGCGT,0.0001475085059649425
Real reference,,CGGCTA,8.182953615573453e-05
Real reference,,CGGCTC,0.00012866617856066153
Real reference,,CGGCTG,9.259658038675223e-05
Real reference,,CGGCTT,0.0001292045307722124
Real reference,,CGGGAA,0.0001658124811576726
Real reference,,CGGGAC,4.360652913562169e-05
Real reference,,CGGGAG,5.9218743270597354e-05
Real reference,,CGGGAT,7.644601404022568e-05
Real reference,,CGGGCA,1.615056634652655e-05
Real reference,,CGGGCC,3.176278048150222e-05
Real reference,,CGGGCG,1.830397519273009e-05
Real reference,,CGGGCT,3.391618932770576e-05
Real reference,,CGGGGA,4.145312028941815e-05
Real reference,,CGGGGC,1.615056634652655e-05
Real reference,,CGGGGG,1.3997157500323012e-05
Real reference,,CGGGGT,1.9919031827382747e-05
Real reference,,CGGGTA,4.306817692407081e-05
Real reference,,CGGGTC,0.00010121021577156639
Real reference,,CGGGTG,3.23011326930531e-05
Real reference,,CGGGTT,0.00011359231663723674
Real reference,,CGGTAA,0.00013243464404151772
Real reference,,CGGTAC,7.59076618286748e-05
Real reference,,CGGTAG,6.675567423230975e-05
Real reference,,CGGTAT,6.998578750161505e-05
Real reference,,CGGTCA,0.0001259744175029071
Real reference,,CGGTCC,7.967612730953099e-05
Real reference,,CGGTCG,5.545027778974116e-05
Real reference,,CGGTCT,6.514061759765709e-05
Real reference,,CGGTGA,0.00025410224385201776
Real reference,,CGGTGC,7.483095740557302e-05
Real reference,,CGGTGG,0.00027294457125629873
Real reference,,CGGTGT,0.00013620310952237391
Real reference,,CGGTTA,0.00016688918558077436
Real reference,,CGGTTC,0.00021910935010121022
Real reference,,CGGTTG,0.00010874714673327877
Real reference,,CGGTTT,0.0003623110383737456
Real reference,,CGTAAA,0.00020403548817778542
Real reference,,CGTAAC,0.00011090055557948232
Real reference,,CGTAAG,9.528834144450666e-05
Real reference,,CGTAAT,0.00019273009173521684
Real reference,,CGTACA,7.321590077092036e-05
Real reference,,CGTACC,7.967612730953099e-05
Real reference,,CGTACG,7.267754855936949e-05
Real reference,,CGTACT,8.667470605969249e-05
Real reference,,CGTAGA,0.00013674146173392481
Real reference,,CGTAGC,8.613635384814161e-05
Real reference,,CGTAGG,4.6836642404927e-05
Real reference,,CGTAGT,8.667470605969249e-05
Real reference,,CGTATA,0.00013028123519531417
Real reference,,CGTATC,0.0001518153236573496
Real reference,,CGTATG,8.452129721348895e-05
Real reference,,CGTATT,0.000168504242215427
Real reference,,CGTCAA,0.0002659459925061372
Real reference,,CGTCAC,0.00022503122442826996
Real reference,,CGTCAG,0.00011843748654119471
Real reference,,CGTCAT,0.00021372582798570135
Real reference,,CGTCCA,0.0001119772600025841
Real reference,,CGTCCC,9.151987596365045e-05
Real reference,,CGTCCG,8.990481932899781e-05
Real reference,,CGTCCT,0.00013243464404151772
Real reference,,CGTCGA,0.00026163917481373015
Real reference,,CGTCGC,0.00020026702269692923
Real reference,,CGTCGG,0.00017334941211938497
Real reference,,CGTCGT,0.00034669882423876995
Real reference,,CGTCTA,0.00012382100865670356
Real reference,,CGTCTC,0.0
Real reference,,CGTCTG,0.00012220595202205091
Real reference,,CGTCTT,0.0004236831904905465
Real reference,,CGTGAA,0.000187346569619708
Real reference,,CGTGAC,0.00011466902106033851
Real reference,,CGTGAG,0.00011413066884878763
Real reference,,CGTGAT,0.00015719884577285843
Real reference,,CGTGCA,5.329686894353762e-05
Real reference,,CGTGCC,5.383522115508851e-05
Real reference,,CGTGCG,4.145312028941815e-05
Real reference,,CGTGCT,9.259658038675223e-05
Real reference,,CGTGGA,0.0001620440156768164
Real reference,,CGTGGC,0.00014158663163788278
Real reference,,CGTGGG,5.975709548214824e-05
Real reference,,CGTGGT,0.00011359231663723674
Real reference,,CGTGTA,0.0001335113484646195
Real reference,,CGTGTC,0.0001981136138507257
Real reference,,CGTGTG,0.00012112924759894914
Real reference,,CGTGTT,0.00023633662087083854
Real reference,,CGTTAA,0.00021372582798570135
Real reference,,CGTTAC,0.00017227270769628323
Real reference,,CGTTAG,0.00012382100865670356
Real reference,,CGTTAT,0.00016312072009991817
Real reference,,CGTTCA,0.0001512769714457987
Real reference,,CGTTCC,0.00013674146173392481
Real reference,,CGTTCG,9.421163702140489e-05
Real reference,,CGTTCT,0.00022879968990912616
Real reference,,CGTTGA,0.00029340195529523234
Real reference,,CGTTGC,0.00013243464404151772
Real reference,,CGTTGG,0.00015289202808045136
Real reference,,CGTTGT,0.0002018820793315819
Real reference,,CGTTTA,0.00025356389164046686
Real reference,,CGTTTC,0.0004182996683750377
Real reference,,CGTTTG,0.00023902838192859296
Real reference,,CGTTTT,0.0005501959602050046
Real reference,,CTAAAA,0.0005781902752056505
Real reference,,CTAAAC,0.0003531590507773806
Real reference,,CTAAAG,0.0002772513889487058
Real reference,,CTAAAT,0.00039784228433610406
Real reference,,CTAACA,0.00018411645635040268
Real reference,,CTAACC,0.00016365907231146907
Real reference,,CTAACG,0.00010713209009862613
Real reference,,CTAACT,0.00019273009173521684
Real reference,,CTAAGA,0.00020834230587019251
Real reference,,CTAAGC,0.000140509927214781
Real reference,,CTAAGG,9.259658038675223e-05
Real reference,,CTAAGT,0.00014643180154184072
Real reference,,CTAATA,0.0002524871872173651
Real reference,,CTAATC,0.0003499289375080753
Real reference,,CTAATG,0.00020080537490848013
Real reference,,CTAATT,0.000534045393858478
Real reference,,CTACAA,0.00026486928808303544
Real reference,,CTACAC,0.0001512769714457987
Real reference,,CTACAG,0.00010874714673327877
Real reference,,CTACAT,0.00015289202808045136
Real reference,,CTACCA,0.0001550454369266549
Real reference,,CTACCC,8.452129721348895e-05
Real reference,,CTACCG,0.0001044403290408717
Real reference,,CTACCT,0.0001335113484646195
Real reference,,CTACGA,0.00015612214134975665
Real reference,,CTACGC,8.775141048279426e-05
Real reference,,CTACGG,9.905680692536285e-05
Real reference,,CTACGT,9.636504586760842e-05
Real reference,,CTACTA,0.00019219173952366597
Real reference,,CTACTC,0.00024172014298634738
Real reference,,CTACTG,0.0001372798139454757
Real reference,,CTACTT,0.000299862181833843
Real reference,,CTAGAA,0.0002088806580817434
Real reference,,CTAGAC,8.721305827124337e-05
Real reference,,CTAGAG,0.00013404970067617037
Real reference,,CTAGAT,0.00022449287221671906
Real reference,,CTAGCA,6.352556096300444e-05
Real reference,,CTAGCC,7.267754855936949e-05
Real reference,,CTAGCG,4.6298290193376114e-05
Real reference,,CTAGCT,0.0001658124811576726
Real reference,,CTAGGA,9.098152375209957e-05
Real reference,,CTAGGC,4.8451699039579654e-05
Real reference,,CTAGGG,0.00015719884577285843
Real reference,,CTAGGT,9.798010250226108e-05
Real reference,,CTAGTA,0.00012005254317584737
Real reference,,CTAGTC,0.00011090055557948232
Real reference,,CTAGTG,0.00010174856798311727
Real reference,,CTAGTT,0.00023525991644773677
Real reference,,CTATAA,0.00024387355183255093
Real reference,,CTATAC,0.00010982385115638055
Real reference,,CTATAG,0.0001232826564451527
Real reference,,CTATAT,0.0002594857659675266
Real reference,,CTATCA,0.00019919031827382748
Real reference,,CTATCC,0.00013781816615702656
Real reference,,CTATCG,0.00011466902106033851
Real reference,,CTATCT,0.0003714630259701107
Real reference,,CTATGA,0.0001663508333692235
Real reference,,CTATGC,8.075283173263276e-05
Real reference,,CTATGG,0.00017873293423489384
Real reference,,CTATGT,0.0001663508333692235
Real reference,,CTATTA,0.00021372582798570135
Real reference,,CTATTC,0.0002051121926008872
Real reference,,CTATTG,0.00022287781558206641
Real reference,,CTATTT,0.0004193763727981395
Real reference,,CTCAAA,0.0006250269176105776
Real reference,,CTCAAC,0.00027778974116025667
Real reference,,CTCAAG,0.0003133209871226151
Real reference,,CTCAAT,0.0004538309143373961
Real reference,,CTCACA,0.00024333519962100006
Real reference,,CTCACC,0.000248180369524958
Real reference,,CTCACG,0.00014158663163788278
Real reference,,CTCACT,0.000332701666738447
Real reference,,CTCAGA,0.00034723717645032085
Real reference,,CTCAGC,0.0002196477023127611
Real reference,,CTCAGG,0.00010605538567552435
Real reference,,CTCAGT,0.00018519316077350445
Real reference,,CTCATA,0.00021480253240880313
Real reference,,CTCATC,0.0004565226753951505
Real reference,,CTCATG,0.00019273009173521684
Real reference,,CTCATT,0.0003332400189499978
Real reference,,CTCCAA,0.00044252551789482754
Real reference,,CTCCAC,0.0003456221198156682
Real reference,,CTCCAG,0.00018573151298505535
Real reference,,CTCCAT,0.00037684654808561955
Real reference,,CTCCCA,0.00020349713596623455
Real reference,,CTCCCC,9.259658038675223e-05
Real reference,,CTCCCG,0.00011251561221413498
Real reference,,CTCCCT,0.00022126275894741377
Real reference,,CTCCGA,0.00038330677462423014
Real reference,,CTCCGC,0.00024387355183255093
Real reference,,CTCCGG,0.000309014169430208
Real reference,,CTCCGT,0.00032677979241138724
Real reference,,CTCCTA,0.0001808863430810974
Real reference,,CTCCTC,0.0007456178129979758
Real reference,,CTCCTG,0.000168504242215427
Real reference,,CTCCTT,0.0005954175459752789
Real reference,,CTCGAA,0.0002632542314483828
Real reference,,CTCGAC,0.00015343038029200223
Real reference,,CTCGAG,0.00017819458202334294
Real reference,,CTCGAT,0.00034454541539256646
Real reference,,CTCGCA,8.882811490589603e-05
Real reference,,CTCGCC,0.0002051121926008872
Real reference,,CTCGCG,7.806107067487833e-05
Real reference,,CTCGCT,0.00020995736250484516
Real reference,,CTCGGA,0.00015612214134975665
Real reference,,CTCGGC,0.00010982385115638055
Real reference,,CTCGGG,5.329686894353762e-05
Real reference,,CTCGGT,0.00010874714673327877
Real reference,,CTCGTA,0.00013781816615702656
Real reference,,CTCGTC,0.0002772513889487058
Real reference,,CTCGTG,0.00016958094663852878
Real reference,,CTCGTT,0.00029286360308368144
Real reference,,CTCTAA,0.0003574658684697877
Real reference,,CTCTAC,0.00026917610577544254
Real reference,,CTCTAG,0.00020349713596623455
Real reference,,CTCTAT,0.00039730393212455316
Real reference,,CTCTCA,0.0006191050432835178
Real reference,,CTCTCC,0.0006605581635729359
Real reference,,CTCTCG,0.0003919204100090443
Real reference,,CTCTCT,0.0023246048494767217
Real reference,,CTCTGA,0.0003666178560661527
Real reference,,CTCTGC,0.0003348550755846505
Real reference,,CTCTGG,0.00019219173952366597
Real reference,,CTCTGT,0.0006169516344373142
Real reference,,CTCTTA,0.0004193763727981395
Real reference,,CTCTTC,0.0011746845256040313
Real reference,,CTCTTG,0.0003789999569318231
Real reference,,CTCTTT,0.0010589388001205908
Real reference,,CTGAAA,0.00038815194452818813
Real reference,,CTGAAC,0.0001232826564451527
Real reference,,CTGAAG,0.00024279684740944916
Real reference,,CTGAAT,0.00033647013221930317
Real reference,,CTGACA,0.00010390197682932082
Real reference,,CTGACC,9.04431715405487e-05
Real reference,,CTGACG,0.00010336362461776993
Real reference,,CTGACT,0.00012651276971445798
Real reference,,CTGAGA,0.00026809940135234073
Real reference,,CTGAGC,0.00011090055557948232
Real reference,,CTGAGG,9.959515913691374e-05
Real reference,,CTGAGT,0.00017496446875403765
Real reference,,CTGATA,0.0001948835005814204
Real reference,,CTGATC,0.0002675610491407899
Real reference,,CTGATG,0.00019919031827382748
Real reference,,CTGATT,0.0005006675567423231
Real reference,,CTGCAA,0.0002239545200051682
Real reference,,CTGCAC,6.675567423230975e-05
Real reference,,CTGCAG,8.398294500193807e-05
Real reference,,CTGCAT,0.00010605538567552435
Real reference,,CTGCCA,9.313493259830311e-05
Real reference,,CTGCCC,4.145312028941815e-05
Real reference,,CTGCCG,7.698436625177657e-05
Real reference,,CTGCCT,7.91377750979801e-05
Real reference,,CTGCGA,0.00013620310952237391
Real reference,,CTGCGC,4.6836642404927e-05
Real reference,,CTGCGG,6.729402644386063e-05
Real reference,,CTGCGT,9.528834144450666e-05
Real reference,,CTGCTA,0.0001189758387527456
Real reference,,CTGCTC,0.0002126491235625996
Real reference,,CTGCTG,0.00015289202808045136
Real reference,,CTGCTT,0.000332701666738447
Real reference,,CTGGAA,0.00020995736250484516
Real reference,,CTGGAC,7.106249192471683e-05
Real reference,,CTGGAG,0.00014912356259959517
Real reference,,CTGGAT,0.00019165338731211507
Real reference,,CTGGCA,4.8451699039579654e-05
Real reference,,CTGGCC,6.029544769369913e-05
Real reference,,CTGGCG,6.406391317455533e-05
Real reference,,CTGGCT,9.851845471381197e-05
Real reference,,CTGGGA,0.00012220595202205091
Real reference,,CTGGGC,7.375425298247125e-05
Real reference,,CTGGGG,5.814203884749559e-05
Real reference,,CTGGGT,0.00017927128644644471
Real reference,,CTGGTA,8.990481932899781e-05
Real reference,,CTGGTC,0.00011359231663723674
Real reference,,CTGGTG,0.00016312072009991817
Real reference,,CTGGTT,0.00026433093587148454
Real reference,,CTGTAA,0.00019972867048537835
Real reference,,CTGTAC,8.667470605969249e-05
Real reference,,CTGTAG,0.0001119772600025841
Real reference,,CTGTAT,0.00018842327404280977
Real reference,,CTGTCA,0.00013189629182996685
Real reference,,CTGTCC,8.452129721348895e-05
Real reference,,CTGTCG,8.990481932899781e-05
Real reference,,CTGTCT,0.0002627158792368319
Real reference,,CTGTGA,0.0002056505448124381
Real reference,,CTGTGC,4.8451699039579654e-05
Real reference,,CTGTGG,0.00011359231663723674
Real reference,,CTGTGT,0.00022503122442826996
Real reference,,CTGTTA,0.00020672724923553987
Real reference,,CTGTTC,0.00028532667212196906
Real reference,,CTGTTG,0.00026917610577544254
Real reference,,CTGTTT,0.0006492527671303674
Real reference,,CTTAAA,0.00047482665058788063
Real reference,,CTTAAC,0.00021480253240880313
Real reference,,CTTAAG,0.00020349713596623455
Real reference,,CTTAAT,0.00038492183125888284
Real reference,,CTTACA,0.00021426418019725225
Real reference,,CTTACC,0.00018250139971575003
Real reference,,CTTACG,0.00015396873250355313
Real reference,,CTTACT,0.00028586502433351996
Real reference,,CTTAGA,0.00021749429346655755
Real reference,,CTTAGC,0.00014320168827253543
Real reference,,CTTAGG,0.0001259744175029071
Real reference,,CTTAGT,0.00018573151298505535
Real reference,,CTTATA,0.0002713295146216461
Real reference,,CTTATC,0.00039353546664369697
Real reference,,CTTATG,0.0002266462810629226
Real reference,,CTTATT,0.0004182996683750377
Real reference,,CTTCAA,0.0007289288944398983
Real reference,,CTTCAC,0.000492053921357509
Real reference,,CTTCAG,0.00029017184202592705
Real reference,,CTTCAT,0.0006153365778026616
Real reference,,CTTCCA,0.0003962272277014514
Real reference,,CTTCCC,0.00029017184202592705
Real reference,,CTTCCG,0.0002600241181790775
Real reference,,CTTCCT,0.0007946078642491063
Real reference,,CTTCGA,0.0004252982471251992
Real reference,,CTTCGC,0.00020726560144709074
Real reference,,CTTCGG,0.00014535509711873897
Real reference,,CTTCGT,0.00046190619751065935
Real reference,,CTTCTA,0.00046836642404927
Real reference,,CTTCTC,0.0013824884792626728
Real reference,,CTTCTG,0.00043014341702915716
Real reference,,CTTCTT,0.0023493690512080626
Real reference,,CTTGAA,0.00036930961712390716
Real reference,,CTTGAC,0.0001690425944269779
Real reference,,CTTGAG,0.0002094190102932943
Real reference,,CTTGAT,0.0003569275162582368
Real reference,,CTTGCA,0.00013189629182996685
Real reference,,CTTGCC,0.00012220595202205091
Real reference,,CTTGCG,8.775141048279426e-05
Real reference,,CTTGCT,0.0002627158792368319
Real reference,,CTTGGA,0.00021480253240880313
Real reference,,CTTGGC,0.0001335113484646195
Real reference,,CTTGGG,0.00013566475731082304
Real reference,,CTTGGT,0.00024010508635169474
Real reference,,CTTGTA,0.0002094190102932943
Real reference,,CTTGTC,0.0002772513889487058
Real reference,,CTTGTG,0.0002600241181790775
Real reference,,CTTGTT,0.0005512726646281062
Real reference,,CTTTAA,0.00044091046126017484
Real reference,,CTTTAC,0.00029286360308368144
Real reference,,CTTTAG,0.000295017011929885
Real reference,,CTTTAT,0.0004882854558766527
Real reference,,CTTTCA,0.0004640596063568629
Real reference,,CTTTCC,0.0003789999569318231
Real reference,,CTTTCG,0.00027886644558335847
Real reference,,CTTTCT,0.0010707825487747103
Real reference,,CTTTGA,0.0005135880098195443
Real reference,,CTTTGC,0.00025356389164046686
Real reference,,CTTTGG,0.0003289332012575908
Real reference,,CTTTGT,0.0005426590292432922
Real reference,,CTTTTA,0.0005399672681855377
Real reference,,CTTTTC,0.0007160084413626772
Real reference,,CTTTTG,0.000669710151169301
Real reference,,CTTTTT,0.0012753563891640468
Real reference,,GAAAAA,0.0012322882122399758
Real reference,,GAAAAC,0.0005038976700116284
Real reference,,GAAAAG,0.0005265084628967656
Real reference,,GAAAAT,0.0007806107067487834
Real reference,,GAAACA,0.000492053921357509
Real reference,,GAAACC,0.0003956888754899005
Real reference,,GAAACG,0.00023633662087083854
Real reference,,GAAACT,0.0004753650027994315
Real reference,,GAAAGA,0.0006239502131874758
Real reference,,GAAAGC,0.00028155820664111286
Real reference,,GAAAGG,0.00022772298548602438
Real reference,,GAAAGT,0.00032731814462293814
Real reference,,GAAATA,0.0003779232525087213
Real reference,,GAAATC,0.0005184331797235024
Real reference,,GAAATG,0.00032677979241138724
Real reference,,GAAATT,0.0007052413971316594
Real reference,,GAACAA,0.0004430638701063784
Real reference,,GAACAC,0.0001512769714457987
Real reference,,GAACAG,0.00016312072009991817
Real reference,,GAACAT,0.00018626986519660623
Real reference,,GAACCA,0.00026863775356389164
Real reference,,GAACCC,0.00015020026702269694
Real reference,,GAACCG,0.00017980963865799561
Real reference,,GAACCT,0.00015020026702269694
Real reference,,GAACGA,0.00018842327404280977
Real reference,,GAACGC,5.222016452043585e-05
Real reference,,GAACGG,8.775141048279426e-05
Real reference,,GAACGT,9.313493259830311e-05
Real reference,,GAACTA,0.0001442783926956372
Real reference,,GAACTC,0.00020834230587019251
Real reference,,GAACTG,0.00011736078211809295
Real reference,,GAACTT,0.0002465653128903054
Real reference,,GAAGAA,0.0015348421551315732
Real reference,,GAAGAC,0.0003816917179895775
Real reference,,GAAGAG,0.0005475041991472501
Real reference,,GAAGAT,0.0006691717989577501
Real reference,,GAAGCA,0.0003348550755846505
Real reference,,GAAGCC,0.00020618889702398897
Real reference,,GAAGCG,0.000140509927214781
Real reference,,GAAGCT,0.00047105818510702444
Real reference,,GAAGGA,0.00036877126491235626
Real reference,,GAAGGC,0.00012112924759894914
Real reference,,GAAGGG,0.00010174856798311727
Real reference,,GAAGGT,0.0001911150351005642
Real reference,,GAAGTA,0.00018842327404280977
Real reference,,GAAGTC,0.00019326844394676774
Real reference,,GAAGTG,0.00018250139971575003
Real reference,,GAAGTT,0.0003413153021232611
Real reference,,GAATAA,0.0003321633145268961
Real reference,,GAATAC,0.00013404970067617037
Real reference,,GAATAG,0.00012112924759894914
Real reference,,GAATAT,0.00031816615702657305
Real reference,,GAATCA,0.00045975278866445586
Real reference,,GAATCC,0.00032301132693053104
Real reference,,GAATCG,0.0003041689995262501
Real reference,,GAATCT,0.0006589431069382833
Real reference,,GAATGA,0.0002454886084672036
Real reference,,GAATGC,8.129118394418365e-05
Real reference,,GAATGG,0.0001765795253886903
Real reference,,GAATGT,0.00016365907231146907
Real reference,,GAATTA,0.0003461604720272191
Real reference,,GAATTC,0.00038492183125888284
Real reference,,GAATTG,0.00038007666135492484
Real reference,,GAATTT,0.000749386278478832
Real reference,,GACAAA,0.00044091046126017484
Real reference,,GACAAC,0.00018842327404280977
Real reference,,GACAAG,0.00020026702269692923
Real reference,,GACAAT,0.00021103406692794693
Real reference,,GACACA,0.00014589344933028985
Real reference,,GACACC,7.806107067487833e-05
Real reference,,GACACG,0.00013028123519531417
Real reference,,GACACT,0.0001297428829837633
Real reference,,GACAGA,0.0001808863430810974
Real reference,,GACAGC,7.644601404022568e-05
Real reference,,GACAGG,4.1991472500969034e-05
Real reference,,GACAGT,9.74417502907102e-05
Real reference,,GACATA,0.0001232826564451527
Real reference,,GACATC,0.0001442783926956372
Real reference,,GACATG,0.00014158663163788278
Real reference,,GACATT,0.00019273009173521684
Real reference,,GACCAA,0.0002519488350058142
Real reference,,GACCAC,0.00011036220336793143
Real reference,,GACCAG,9.905680692536285e-05
Real reference,,GACCAT,0.0001254360652913562
Real reference,,GACCCA,0.00014266333606098453
Real reference,,GACCCC,5.114346009733408e-05
Real reference,,GACCCG,0.00011251561221413498
Real reference,,GACCCT,7.644601404022568e-05
Real reference,,GACCGA,7.752271846332745e-05
Real reference,,GACCGC,3.391618932770576e-05
Real reference,,GACCGG,8.344459279038718e-05
Real reference,,GACCGT,8.559800163659073e-05
Real reference,,GACCTA,0.00010013351134846461
Real reference,,GACCTC,0.00010659373788707524
Real reference,,GACCTG,5.2758516731986734e-05
Real reference,,GACCTT,0.00014320168827253543
Real reference,,GACGAA,0.0003240880313536328
Real reference,,GACGAC,0.0002471036651018562
Real reference,,GACGAG,0.00015989060683061285
Real reference,,GACGAT,0.0002584090615444248
Real reference,,GACGCA,7.59076618286748e-05
Real reference,,GACGCC,8.29062405788363e-05
Real reference,,GACGCG,5.975709548214824e-05
Real reference,,GACGCT,0.0001044403290408717
Real reference,,GACGGA,0.00016312072009991817
Real reference,,GACGGC,0.00012812782634911065
Real reference,,GACGGG,3.9838063654765494e-05
Real reference,,GACGGT,0.00015020026702269694
Real reference,,GACGTA,6.890908307851328e-05
Real reference,,GACGTC,0.00012651276971445798
Real reference,,GACGTG,0.00010659373788707524
Real reference,,GACGTT,0.00014697015375339162
Real reference,,GACTAA,0.00016419742452301994
Real reference,,GACTAC,0.00010982385115638055
Real reference,,GACTAG,8.505964942503984e-05
Real reference,,GACTAT,0.0001259744175029071
Real reference,,GACTCA,0.0001771178776002412
Real reference,,GACTCC,0.0001254360652913562
Real reference,,GACTCG,0.00012812782634911065
Real reference,,GACTCT,0.00026433093587148454
Real reference,,GACTGA,0.00011682242990654206
Real reference,,GACTGC,6.13721521168009e-05
Real reference,,GACTGG,6.298720875145355e-05
Real reference,,GACTGT,0.00010551703346397347
Real reference,,GACTTA,0.00014104827942633188
Real reference,,GACTTC,0.00020026702269692923
Real reference,,GACTTG,0.0001975752616391748
Real reference,,GACTTT,0.00036823291270080536
Real reference,,GAGAAA,0.0008376760411731772
Real reference,,GAGAAC,0.0002261079288513717
Real reference,,GAGAAG,0.0006670183901115466
Real reference,,GAGAAT,0.0004689047762608209
Real reference,,GAGACA,0.00024225849519789828
Real reference,,GAGACC,0.0
Real reference,,GAGACG,0.0
Real reference,,GAGACT,0.00022072440673586287
Real reference,,GAGAGA,0.0009916447736767302
Real reference,,GAGAGC,0.00020672724923553987
Real reference,,GAGAGG,0.00022503122442826996
Real reference,,GAGAGT,0.00027240621904474783
Real reference,,GAGATA,0.00029824712519919034
Real reference,,GAGATC,0.00039407381885524787
Real reference,,GAGATG,0.00030686076058400447
Real reference,,GAGATT,0.0005814203884749559
Real reference,,GAGCAA,0.00025033377837116157
Real reference,,GAGCAC,6.837073086696241e-05
Real reference,,GAGCAG,0.00013674146173392481
Real reference,,GAGCAT,0.00011251561221413498
Real reference,,GAGCCA,0.00014912356259959517
Real reference,,GAGCCC,7.698436625177657e-05
Real reference,,GAGCCG,0.00011359231663723674
Real reference,,GAGCCT,9.313493259830311e-05
Real reference,,GAGCGA,0.0001044403290408717
Real reference,,GAGCGC,3.1224428269951334e-05
Real reference,,GAGCGG,5.652698221284293e-05
Real reference,,GAGCGT,7.752271846332745e-05
Real reference,,GAGCTA,0.000187346569619708
Real reference,,GAGCTC,0.00026809940135234073
Real reference,,GAGCTG,0.00018465480856195358
Real reference,,GAGCTT,0.0003903053533743917
Real reference,,GAGGAA,0.00046728971962616824
Real reference,,GAGGAC,0.00011951419096429648
Real reference,,GAGGAG,0.00037307808260476336
Real reference,,GAGGAT,0.00024979542615961067
Real reference,,GAGGCA,9.798010250226108e-05
Real reference,,GAGGCC,7.967612730953099e-05
Real reference,,GAGGCG,8.667470605969249e-05
Real reference,,GAGGCT,0.00012758947413755975
Real reference,,GAGGGA,0.00012812782634911065
Real reference,,GAGGGC,3.0147723846849564e-05
Real reference,,GAGGGG,6.0833799905250014e-05
Real reference,,GAGGGT,8.075283173263276e-05
Real reference,,GAGGTA,9.205822817520134e-05
Real reference,,GAGGTC,8.613635384814161e-05
Real reference,,GAGGTG,0.00011628407769499117
Real reference,,GAGGTT,0.000234183212024635
Real reference,,GAGTAA,0.00018196304750419913
Real reference,,GAGTAC,9.798010250226108e-05
Real reference,,GAGTAG,0.0001189758387527456
Real reference,,GAGTAT,0.00015935225461906197
Real reference,,GAGTCA,0.00021372582798570135
Real reference,,GAGTCC,0.00010874714673327877
Real reference,,GAGTCG,0.00012005254317584737
Real reference,,GAGTCT,0.00021157241913949784
Real reference,,GAGTGA,0.0001868082174081571
Real reference,,GAGTGC,4.952840346268143e-05
Real reference,,GAGTGG,0.00012489771307980533
Real reference,,GAGTGT,0.00014266333606098453
Real reference,,GAGTTA,0.0002018820793315819
Real reference,,GAGTTC,0.00022126275894741377
Real reference,,GAGTTG,0.000187346569619708
Real reference,,GAGTTT,0.0005281235195314182
Real reference,,GATAAA,0.00043875705241397134
Real reference,,GATAAC,0.00020726560144709074
Real reference,,GATAAG,0.00024441190404410183
Real reference,,GATAAT,0.0003563891640466859
Real reference,,GATACA,0.00016473577673457081
Real reference,,GATACC,9.74417502907102e-05
Real reference,,GATACG,0.00010282527240621905
Real reference,,GATACT,0.0001620440156768164
Real reference,,GATAGA,0.00022556957663982083
Real reference,,GATAGC,8.29062405788363e-05
Real reference,,GATAGG,9.3673284809854e-05
Real reference,,GATAGT,0.0001442783926956372
Real reference,,GATATA,0.00024333519962100006
Real reference,,GATATC,0.00022449287221671906
Real reference,,GATATG,0.0002094190102932943
Real reference,,GATATT,0.0003913820577974934
Real reference,,GATCAA,0.000440372109048624
Real reference,,GATCAC,0.000168504242215427
Real reference,,GATCAG,0.00022987639433222793
Real reference,,GATCAT,0.0003343167233730996
Real reference,,GATCCA,0.000337008484430854
Real reference,,GATCCC,0.00014212498384943365
Real reference,,GATCCG,0.00022556957663982083
Real reference,,GATCCT,0.0002912485464490288
Real reference,,GATCGA,0.00031116757827641156
Real reference,,GATCGC,0.00012112924759894914
Real reference,,GATCGG,0.00023687497308238941
Real reference,,GATCGT,0.0002164175890434558
Real reference,,GATCTA,0.0003165511003919204
Real reference,,GATCTC,0.0005706533442439381
Real reference,,GATCTG,0.0003951505232783496
Real reference,,GATCTT,0.0005335070416469271
Real reference,,GATGAA,0.0004565226753951505
Real reference,,GATGAC,0.00021157241913949784
Real reference,,GATGAG,0.00025733235712132306
Real reference,,GATGAT,0.0005808820362634049
Real reference,,GATGCA,0.00014697015375339162
Real reference,,GATGCC,8.667470605969249e-05
Real reference,,GATGCG,8.236788836728541e-05
Real reference,,GATGCT,0.00023149145096688058
Real reference,,GATGGA,0.0002912485464490288
Real reference,,GATGGC,0.00018250139971575003
Real reference,,GATGGG,0.0001830397519273009
Real reference,,GATGGT,0.00021695594125500667
Real reference,,GATGTA,0.00012005254317584737
Real reference,,GATGTC,0.00017927128644644471
Real reference,,GATGTG,0.00018196304750419913
Real reference,,GATGTT,0.0003251647357767346
Real reference,,GATTAA,0.00036823291270080536
Real reference,,GATTAC,0.000262177527025281
Real reference,,GATTAG,0.0003213962702958784
Real reference,,GATTAT,0.00038869029673973903
Real reference,,GATTCA,0.0005464274947241483
Real reference,,GATTCC,0.0003913820577974934
Real reference,,GATTCG,0.00042583659933675006
Real reference,,GATTCT,0.000796222920883759
Real reference,,GATTGA,0.00042691330375985186
Real reference,,GATTGC,0.00016365907231146907
Real reference,,GATTGG,0.00026809940135234073
Real reference,,GATTGT,0.00034400706318101556
Real reference,,GATTTA,0.00045113915327964167
Real reference,,GATTTC,0.0007418493475171196
Real reference,,GATTTG,0.0007170851457857789
Real reference,,GATTTT,0.001105237090313967
Real reference,,GCAAAA,0.0004904388647228563
Real reference,,GCAAAC,0.0001808863430810974
Real reference,,GCAAAG,0.00024010508635169474
Real reference,,GCAAAT,0.0002659459925061372
Real reference,,GCAACA,0.00022772298548602438
Real reference,,GCAACC,0.0001082087945217279
Real reference,,GCAACG,9.690339807915931e-05
Real reference,,GCAACT,0.00014158663163788278
Real reference,,GCAAGA,0.0001948835005814204
Real reference,,GCAAGC,0.00010174856798311727
Real reference,,GCAAGG,7.806107067487833e-05
Real reference,,GCAAGT,0.00014320168827253543
Real reference,,GCAATA,0.00013674146173392481
Real reference,,GCAATC,0.00017065765106163055
Real reference,,GCAATG,0.00013458805288772127
Real reference,,GCAATT,0.00025302553942891596
Real reference,,GCACAA,0.0001259744175029071
Real reference,,GCACAC,6.837073086696241e-05
Real reference,,GCACAG,4.737499461647789e-05
Real reference,,GCACAT,7.21391963478186e-05
Real reference,,GCACCA,9.798010250226108e-05
Real reference,,GCACCC,2.2610792885137174e-05
Real reference,,GCACCG,8.129118394418365e-05
Real reference,,GCACCT,4.6836642404927e-05
Real reference,,GCACGA,6.729402644386063e-05
Real reference,,GCACGC,4.091476807786727e-05
Real reference,,GCACGG,3.0147723846849564e-05
Real reference,,GCACGT,5.4911925578190274e-05
Real reference,,GCACTA,5.545027778974116e-05
Real reference,,GCACTC,5.222016452043585e-05
Real reference,,GCACTG,4.522158577027435e-05
Real reference,,GCACTT,7.806107067487833e-05
Real reference,,GCAGAA,0.00019434514836986951
Real reference,,GCAGAC,8.344459279038718e-05
Real reference,,GCAGAG,0.00018519316077350445
Real reference,,GCAGAT,0.0001625823678883673
Real reference,,GCAGCA,0.00016419742452301994
Real reference,,GCAGCC,9.313493259830311e-05
Real reference,,GCAGCG,7.967612730953099e-05
Real reference,,GCAGCT,0.00017980963865799561
Real reference,,GCAGGA,6.729402644386063e-05
Real reference,,GCAGGC,3.1224428269951334e-05
Real reference,,GCAGGG,2.3149145096688057e-05
Real reference,,GCAGGT,3.9838063654765494e-05
Real reference,,GCAGTA,6.621732202075886e-05
Real reference,,GCAGTC,6.675567423230975e-05
Real reference,,GCAGTG,6.837073086696241e-05
Real reference,,GCAGTT,9.690339807915931e-05
Real reference,,GCATAA,0.00012059089538739825
Real reference,,GCATAC,3.714630259701107e-05
Real reference,,GCATAG,5.652698221284293e-05
Real reference,,GCATAT,0.00011305396442568585
Real reference,,GCATCA,0.0001690425944269779
Real reference,,GCATCC,7.429260519402213e-05
Real reference,,GCATCG,9.04431715405487e-05
Real reference,,GCATCT,0.00016688918558077436
Real reference,,GCATGA,9.851845471381197e-05
Real reference,,GCATGC,5.168181230888497e-05
Real reference,,GCATGG,6.783237865541152e-05
Real reference,,GCATGT,0.00010174856798311727
Real reference,,GCATTA,0.00011359231663723674
Real reference,,GCATTC,9.798010250226108e-05
Real reference,,GCATTG,9.421163702140489e-05
Real reference,,GCATTT,0.00019596020500452216
Real reference,,GCCAAA,0.0002713295146216461
Real reference,,GCCAAC,0.00010874714673327877
Real reference,,GCCAAG,0.00013512640509927214
Real reference,,GCCAAT,0.00015558378913820578
Real reference,,GCCACA,0.00011628407769499117
Real reference,,GCCACC,0.00018196304750419913
Real reference,,GCCACG,0.00013404970067617037
Real reference,,GCCACT,0.00012005254317584737
Real reference,,GCCAGA,0.00010121021577156639
Real reference,,GCCAGC,5.168181230888497e-05
Real reference,,GCCAGG,3.283948490460399e-05
Real reference,,GCCAGT,5.383522115508851e-05
Real reference,,GCCATA,7.859942288642921e-05
Real reference,,GCCATC,0.0001372798139454757
Real reference,,GCCATG,0.00015773719798440933
Real reference,,GCCATT,0.0001948835005814204
Real reference,,GCCCAA,0.00029071019423747795
Real reference,,GCCCAC,8.344459279038718e-05
Real reference,,GCCCAG,6.621732202075886e-05
Real reference,,GCCCAT,0.00026809940135234073
Real reference,,GCCCCA,6.029544769369913e-05
Real reference,,GCCCCC,1.5073861923424782e-05
Real reference,,GCCCCG,1.6688918558077437e-05
Real reference,,GCCCCT,4.360652913562169e-05
Real reference,,GCCCGA,3.445454153925664e-05
Real reference,,GCCCGC,1.7765622981179207e-05
Real reference,,GCCCGG,2.0457384038933634e-05
Real reference,,GCCCGT,4.037641586631638e-05
Real reference,,GCCCTA,6.944743529006417e-05
Real reference,,GCCCTC,5.652698221284293e-05
Real reference,,GCCCTG,2.9071019423747794e-05
Real reference,,GCCCTT,7.59076618286748e-05
Real reference,,GCCGAA,0.00012489771307980533
Real reference,,GCCGAC,0.00011628407769499117
Real reference,,GCCGAG,0.0001006718635600155
Real reference,,GCCGAT,0.00014966191481114604
Real reference,,GCCGCA,8.559800163659073e-05
Real reference,,GCCGCC,0.0002196477023127611
Real reference,,GCCGCG,6.191050432835178e-05
Real reference,,GCCGCT,0.0001152073732718894
Real reference,,GCCGGA,0.00022718463327447348
Real reference,,GCCGGC,0.00010121021577156639
Real reference,,GCCGGG,4.360652913562169e-05
Real reference,,GCCGGT,0.00012220595202205091
Real reference,,GCCGTA,9.798010250226108e-05
Real reference,,GCCGTC,0.00021372582798570135
Real reference,,GCCGTG,0.00011305396442568585
Real reference,,GCCGTT,0.00019596020500452216
Real reference,,GCCTAA,0.00013889487058012833
Real reference,,GCCTAC,5.814203884749559e-05
Real reference,,GCCTAG,4.1991472500969034e-05
Real reference,,GCCTAT,7.806107067487833e-05
Real reference,,GCCTCA,0.00012005254317584737
Real reference,,GCCTCC,0.0001437400404840863
Real reference,,GCCTCG,7.160084413626771e-05
Real reference,,GCCTCT,0.00019326844394676774
Real reference,,GCCTGA,6.837073086696241e-05
Real reference,,GCCTGC,3.283948490460399e-05
Real reference,,GCCTGG,4.6298290193376114e-05
Real reference,,GCCTGT,4.575993798182523e-05
Real reference,,GCCTTA,0.00010874714673327877
Real reference,,GCCTTC,0.0001437400404840863
Real reference,,GCCTTG,0.00011413066884878763
Real reference,,GCCTTT,0.0002158792368319049
Real reference,,GCGAAA,0.00019273009173521684
Real reference,,GCGAAC,5.7065334424393814e-05
Real reference,,GCGAAG,0.00015666049356130755
Real reference,,GCGAAT,0.00013889487058012833
Real reference,,GCGACA,8.667470605969249e-05
Real reference,,GCGACC,4.522158577027435e-05
Real reference,,GCGACG,0.0001588139024075111
Real reference,,GCGACT,9.528834144450666e-05
Real reference,,GCGAGA,0.00013620310952237391
Real reference,,GCGAGC,7.321590077092036e-05
Real reference,,GCGAGG,6.621732202075886e-05
Real reference,,GCGAGT,9.528834144450666e-05
Real reference,,GCGATA,9.798010250226108e-05
Real reference,,GCGATC,0.0001254360652913562
Real reference,,GCGATG,0.00014266333606098453
Real reference,,GCGATT,0.00023525991644773677
Real reference,,GCGCAA,5.7065334424393814e-05
Real reference,,GCGCAC,2.2610792885137174e-05
Real reference,,GCGCAG,3.283948490460399e-05
Real reference,,GCGCAT,3.714630259701107e-05
Real reference,,GCGCCA,6.244885653990267e-05
Real reference,,GCGCCC,1.0228692019466817e-05
Real reference,,GCGCCG,0.00011251561221413498
Real reference,,GCGCCT,5.222016452043585e-05
Real reference,,GCGCGA,3.176278048150222e-05
Real reference,,GCGCGC,1.0767044231017702e-05
Real reference,,GCGCGG,1.830397519273009e-05
Real reference,,GCGCGT,6.191050432835178e-05
Real reference,,GCGCTA,3.068607605840045e-05
Real reference,,GCGCTC,4.306817692407081e-05
Real reference,,GCGCTG,3.391618932770576e-05
Real reference,,GCGCTT,8.398294500193807e-05
Real reference,,GCGGAA,9.74417502907102e-05
Real reference,,GCGGAC,2.6379258365993367e-05
Real reference,,GCGGAG,0.00015235367586890046
Real reference,,GCGGAT,0.00011143890779103321
Real reference,,GCGGCA,6.837073086696241e-05
Real reference,,GCGGCC,3.7684654808561954e-05
Real reference,,GCGGCG,0.00023579826865928764
Real reference,,GCGGCT,9.690339807915931e-05
Real reference,,GCGGGA,6.029544769369913e-05
Real reference,,GCGGGC,1.615056634652655e-05
Real reference,,GCGGGG,1.5073861923424782e-05
Real reference,,GCGGGT,3.499289375080753e-05
Real reference,,GCGGTA,4.6298290193376114e-05
Real reference,,GCGGTC,3.714630259701107e-05
Real reference,,GCGGTG,0.00014481674490718807
Real reference,,GCGGTT,0.00011305396442568585
Real reference,,GCGTAA,7.321590077092036e-05
Real reference,,GCGTAC,3.876135923166373e-05
Real reference,,GCGTAG,5.0605107885783194e-05
Real reference,,GCGTAT,7.052413971316594e-05
Real reference,,GCGTCA,0.00011736078211809295
Real reference,,GCGTCC,3.876135923166373e-05
Real reference,,GCGTCG,0.00012812782634911065
Real reference,,GCGTCT,9.528834144450666e-05
Real reference,,GCGTGA,8.775141048279426e-05
Real reference,,GCGTGC,3.1224428269951334e-05
Real reference,,GCGTGG,5.598863000129205e-05
Real reference,,GCGTGT,8.613635384814161e-05
Real reference,,GCGTTA,9.098152375209957e-05
Real reference,,GCGTTC,7.21391963478186e-05
Real reference,,GCGTTG,0.00011682242990654206
Real reference,,GCGTTT,0.00023525991644773677
Real reference,,GCTAAA,0.00029017184202592705
Real reference,,GCTAAC,0.00010928549894482966
Real reference,,GCTAAG,0.0001399715750032301
Real reference,,GCTAAT,0.0002196477023127611
Real reference,,GCTACA,0.00011951419096429648
Real reference,,GCTACC,8.452129721348895e-05
Real reference,,GCTACG,8.613635384814161e-05
Real reference,,GCTACT,0.00016688918558077436
Real reference,,GCTAGA,0.00011251561221413498
Real reference,,GCTAGC,5.9218743270597354e-05
Real reference,,GCTAGG,8.559800163659073e-05
Real reference,,GCTAGT,8.667470605969249e-05
Real reference,,GCTATA,0.00010551703346397347
Real reference,,GCTATC,0.00011951419096429648
Real reference,,GCTATG,0.0001292045307722124
Real reference,,GCTATT,0.00017927128644644471
Real reference,,GCTCAA,0.0002837116154873164
Real reference,,GCTCAC,0.00012758947413755975
Real reference,,GCTCAG,0.00014858521038804427
Real reference,,GCTCAT,0.00015020026702269694
Real reference,,GCTCCA,0.00018196304750419913
Real reference,,GCTCCC,6.0833799905250014e-05
Real reference,,GCTCCG,0.0001835781041388518
Real reference,,GCTCCT,0.00021480253240880313
Real reference,,GCTCGA,0.00015773719798440933
Real reference,,GCTCGC,8.075283173263276e-05
Real reference,,GCTCGG,6.46022653861062e-05
Real reference,,GCTCGT,0.0001550454369266549
Real reference,,GCTCTA,0.00014320168827253543
Real reference,,GCTCTC,0.00035908092510444033
Real reference,,GCTCTG,0.0002234161677936173
Real reference,,GCTCTT,0.00036930961712390716
Real reference,,GCTGAA,0.0001911150351005642
Real reference,,GCTGAC,9.528834144450666e-05
Real reference,,GCTGAG,0.00015773719798440933
Real reference,,GCTGAT,0.0002234161677936173
Real reference,,GCTGCA,0.00010497868125242258
Real reference,,GCTGCC,6.352556096300444e-05
Real reference,,GCTGCG,0.00010228692019466816
Real reference,,GCTGCT,0.00022556957663982083
Real reference,,GCTGGA,0.00013566475731082304
Real reference,,GCTGGC,5.437357336663939e-05
Real reference,,GCTGGG,5.814203884749559e-05
Real reference,,GCTGGT,0.00011736078211809295
Real reference,,GCTGTA,7.644601404022568e-05
Real reference,,GCTGTC,9.474998923295577e-05
Real reference,,GCTGTG,0.00010928549894482966
Real reference,,GCTGTT,0.00021372582798570135
Real reference,,GCTTAA,0.00023525991644773677
Real reference,,GCTTAC,0.0001372798139454757
Real reference,,GCTTAG,0.00013674146173392481
Real reference,,GCTTAT,0.00024871872173650887
Real reference,,GCTTCA,0.00036554115164305097
Real reference,,GCTTCC,0.00026971445798699344
Real reference,,GCTTCG,0.00022987639433222793
Real reference,,GCTTCT,0.0006707868555924027
Real reference,,GCTTGA,0.00022287781558206641
Real reference,,GCTTGC,0.00011736078211809295
Real reference,,GCTTGG,0.00014158663163788278
Real reference,,GCTTGT,0.0001868082174081571
Real reference,,GCTTTA,0.00026540764029458634
Real reference,,GCTTTC,0.000337008484430854
Real reference,,GCTTTG,0.0003289332012575908
Real reference,,GCTTTT,0.0005550411301089625
Real reference,,GGAAAA,0.0005684999353977346
Real reference,,GGAAAC,0.0003122442826995133
Real reference,,GGAAAG,0.0002707911624100952
Real reference,,GGAAAT,0.00034723717645032085
Real reference,,GGAACA,0.0001808863430810974
Real reference,,GGAACC,0.0001372798139454757
Real reference,,GGAACG,8.990481932899781e-05
Real reference,,GGAACT,0.00017065765106163055
Real reference,,GGAAGA,0.000524355054050562
Real reference,,GGAAGC,0.0002088806580817434
Real reference,,GGAAGG,0.00014266333606098453
Real reference,,GGAAGT,0.00018411645635040268
Real reference,,GGAATA,0.00017065765106163055
Real reference,,GGAATC,0.00034669882423876995
Real reference,,GGAATG,0.00012005254317584737
Real reference,,GGAATT,0.00032570308798828544
Real reference,,GGACAA,0.0001658124811576726
Real reference,,GGACAC,7.21391963478186e-05
Real reference,,GGACAG,6.675567423230975e-05
Real reference,,GGACAT,8.398294500193807e-05
Real reference,,GGACCA,0.00010982385115638055
Real reference,,GGACCC,7.483095740557302e-05
Real reference,,GGACCG,5.9218743270597354e-05
Real reference,,GGACCT,8.775141048279426e-05
Real reference,,GGACGA,0.00011682242990654206
Real reference,,GGACGC,4.6298290193376114e-05
Real reference,,GGACGG,6.890908307851328e-05
Real reference,,GGACGT,5.0605107885783194e-05
Real reference,,GGACTA,6.621732202075886e-05
Real reference,,GGACTC,0.00010390197682932082
Real reference,,GGACTG,5.168181230888497e-05
Real reference,,GGACTT,0.0001475085059649425
Real reference,,GGAGAA,0.0005367371549162324
Real reference,,GGAGAC,0.00010390197682932082
Real reference,,GGAGAG,0.0002842499676988673
Real reference,,GGAGAT,0.00036446444721994917
Real reference,,GGAGCA,0.00013135793961841595
Real reference,,GGAGCC,0.00011143890779103321
Real reference,,GGAGCG,5.975709548214824e-05
Real reference,,GGAGCT,0.00027186786683319693
Real reference,,GGAGGA,0.0004150695551057324
Real reference,,GGAGGC,0.00010390197682932082
Real reference,,GGAGGG,6.46022653861062e-05
Real reference,,GGAGGT,0.0001588139024075111
Real reference,,GGAGTA,0.00010767044231017701
Real reference,,GGAGTC,0.00011789913432964382
Real reference,,GGAGTG,7.752271846332745e-05
Real reference,,GGAGTT,0.00021318747577415048
Real reference,,GGATAA,0.00021426418019725225
Real reference,,GGATAC,0.00010121021577156639
Real reference,,GGATAG,8.075283173263276e-05
Real reference,,GGATAT,0.00018519316077350445
Real reference,,GGATCA,0.00021103406692794693
Real reference,,GGATCC,0.00020403548817778542
Real reference,,GGATCG,0.00015073861923424781
Real reference,,GGATCT,0.0003332400189499978
Real reference,,GGATGA,0.0001948835005814204
Real reference,,GGATGC,8.182953615573453e-05
Real reference,,GGATGG,0.00011789913432964382
Real reference,,GGATGT,0.00011951419096429648
Real reference,,GGATTA,0.00021318747577415048
Real reference,,GGATTC,0.00034400706318101556
Real reference,,GGATTG,0.000220186054524312
Real reference,,GGATTT,0.0004995908523192213
Real reference,,GGCAAA,0.00024010508635169474
Real reference,,GGCAAC,0.00011628407769499117
Real reference,,GGCAAG,0.00010767044231017701
Real reference,,GGCAAT,0.00012489771307980533
Real reference,,GGCACA,5.814203884749559e-05
Real reference,,GGCACC,4.575993798182523e-05
Real reference,,GGCACG,4.737499461647789e-05
Real reference,,GGCACT,4.737499461647789e-05
Real reference,,GGCAGA,0.0001082087945217279
Real reference,,GGCAGC,6.191050432835178e-05
Real reference,,GGCAGG,3.0147723846849564e-05
Real reference,,GGCAGT,4.737499461647789e-05
Real reference,,GGCATA,6.13721521168009e-05
Real reference,,GGCATC,8.452129721348895e-05
Real reference,,GGCATG,7.321590077092036e-05
Real reference,,GGCATT,8.505964942503984e-05
Real reference,,GGCCAA,0.00016042895904216375
Real reference,,GGCCAC,9.151987596365045e-05
Real reference,,GGCCAG,5.545027778974116e-05
Real reference,,GGCCAT,9.582669365605753e-05
Real reference,,GGCCCA,0.0003176278048150222
Real reference,,GGCCCC,2.4225849519789827e-05
Real reference,,GGCCCG,3.1224428269951334e-05
Real reference,,GGCCCT,3.714630259701107e-05
Real reference,,GGCCGA,7.536930961712391e-05
Real reference,,GGCCGC,5.114346009733408e-05
Real reference,,GGCCGG,6.837073086696241e-05
Real reference,,GGCCGT,9.313493259830311e-05
Real reference,,GGCCTA,9.528834144450666e-05
Real reference,,GGCCTC,8.236788836728541e-05
Real reference,,GGCCTG,4.8451699039579654e-05
Real reference,,GGCCTT,0.00014966191481114604
Real reference,,GGCGAA,0.00019596020500452216
Real reference,,GGCGAC,0.000154507084715104
Real reference,,GGCGAG,0.00013189629182996685
Real reference,,GGCGAT,0.00019919031827382748
Real reference,,GGCGCA,4.737499461647789e-05
Real reference,,GGCGCC,7.644601404022568e-05
Real reference,,GGCGCG,3.283948490460399e-05
Real reference,,GGCGCT,6.029544769369913e-05
Real reference,,GGCGGA,0.00019542185279297126
Real reference,,GGCGGC,0.0002121107713510487
Real reference,,GGCGGG,5.222016452043585e-05
Real reference,,GGCGGT,0.0001480468581764934
Real reference,,GGCGTA,5.652698221284293e-05
Real reference,,GGCGTC,0.00012112924759894914
Real reference,,GGCGTG,5.0605107885783194e-05
Real reference,,GGCGTT,0.00014697015375339162
Real reference,,GGCTAA,0.00016096731125371462
Real reference,,GGCTAC,9.205822817520134e-05
Real reference,,GGCTAG,6.298720875145355e-05
Real reference,,GGCTAT,0.00013081958740686507
Real reference,,GGCTCA,0.00013243464404151772
Real reference,,GGCTCC,0.00010013351134846461
Real reference,,GGCTCG,9.205822817520134e-05
Real reference,,GGCTCT,0.00018788492183125887
Real reference,,GGCTGA,0.00011682242990654206
Real reference,,GGCTGC,0.00010713209009862613
Real reference,,GGCTGG,6.783237865541152e-05
Real reference,,GGCTGT,8.29062405788363e-05
Real reference,,GGCTTA,0.00015289202808045136
Real reference,,GGCTTC,0.0002379516775054912
Real reference,,GGCTTG,0.00011789913432964382
Real reference,,GGCTTT,0.000295017011929885
Real reference,,GGGAAA,0.00028586502433351996
Real reference,,GGGAAC,9.313493259830311e-05
Real reference,,GGGAAG,0.0001765795253886903
Real reference,,GGGAAT,0.00015719884577285843
Real reference,,GGGACA,6.46022653861062e-05
Real reference,,GGGACC,5.598863000129205e-05
Real reference,,GGGACG,4.252982471251992e-05
Real reference,,GGGACT,6.621732202075886e-05
Real reference,,GGGAGA,0.0001512769714457987
Real reference,,GGGAGC,5.0605107885783194e-05
Real reference,,GGGAGG,8.236788836728541e-05
Real reference,,GGGAGT,6.621732202075886e-05
Real reference,,GGGATA,8.936646711744692e-05
Real reference,,GGGATC,0.0001082087945217279
Real reference,,GGGATG,9.851845471381197e-05
Real reference,,GGGATT,0.00022556957663982083
Real reference,,GGGCAA,9.474998923295577e-05
Real reference,,GGGCAC,2.7994315000646024e-05
Real reference,,GGGCAG,3.068607605840045e-05
Real reference,,GGGCAT,5.222016452043585e-05
Real reference,,GGGCCA,9.04431715405487e-05
Real reference,,GGGCCC,5.4911925578190274e-05
Real reference,,GGGCCG,5.9218743270597354e-05
Real reference,,GGGCCT,0.0001620440156768164
Real reference,,GGGCGA,3.068607605840045e-05
Real reference,,GGGCGC,1.1843748654119472e-05
Real reference,,GGGCGG,2.3687497308238944e-05
Real reference,,GGGCGT,3.3377837116154874e-05
Real reference,,GGGCTA,8.721305827124337e-05
Real reference,,GGGCTC,6.890908307851328e-05
Real reference,,GGGCTG,5.8680391059046474e-05
Real reference,,GGGCTT,0.0002196477023127611
Real reference,,GGGGAA,0.00013028123519531417
Real reference,,GGGGAC,3.391618932770576e-05
Real reference,,GGGGAG,5.7065334424393814e-05
Real reference,,GGGGAT,0.00010013351134846461
Real reference,,GGGGCA,4.6836642404927e-05
Real reference,,GGGGCC,2.0995736250484517e-05
Real reference,,GGGGCG,1.8842327404280977e-05
Real reference,,GGGGCT,4.091476807786727e-05
Real reference,,GGGGGA,5.4911925578190274e-05
Real reference,,GGGGGC,2.0457384038933634e-05
Real reference,,GGGGGG,3.068607605840045e-05
Real reference,,GGGGGT,3.23011326930531e-05
Real reference,,GGGGTA,4.6298290193376114e-05
Real reference,,GGGGTC,3.7684654808561954e-05
Real reference,,GGGGTG,4.037641586631638e-05
Real reference,,GGGGTT,0.0001335113484646195
Real reference,,GGGTAA,0.0001232826564451527
Real reference,,GGGTAC,4.575993798182523e-05
Real reference,,GGGTAG,5.114346009733408e-05
Real reference,,GGGTAT,0.00010982385115638055
Real reference,,GGGTCA,0.0001254360652913562
Real reference,,GGGTCC,5.4911925578190274e-05
Real reference,,GGGTCG,8.936646711744692e-05
Real reference,,GGGTCT,0.00010121021577156639
Real reference,,GGGTGA,8.452129721348895e-05
Real reference,,GGGTGC,2.9071019423747794e-05
Real reference,,GGGTGG,5.598863000129205e-05
Real reference,,GGGTGT,6.567896980920797e-05
Real reference,,GGGTTA,0.00014266333606098453
Real reference,,GGGTTC,0.00017873293423489384
Real reference,,GGGTTG,0.0001232826564451527
Real reference,,GGGTTT,0.0007370041776131617
Real reference,,GGTAAA,0.00025733235712132306
Real reference,,GGTAAC,0.00011951419096429648
Real reference,,GGTAAG,8.882811490589603e-05
Real reference,,GGTAAT,0.00016527412894612171
Real reference,,GGTACA,8.936646711744692e-05
Real reference,,GGTACC,5.437357336663939e-05
Real reference,,GGTACG,6.998578750161505e-05
Real reference,,GGTACT,8.882811490589603e-05
Real reference,,GGTAGA,0.0001189758387527456
Real reference,,GGTAGC,6.567896980920797e-05
Real reference,,GGTAGG,4.8451699039579654e-05
Real reference,,GGTAGT,8.021447952108187e-05
Real reference,,GGTATA,0.00010390197682932082
Real reference,,GGTATC,9.421163702140489e-05
Real reference,,GGTATG,7.698436625177657e-05
Real reference,,GGTATT,0.00015935225461906197
Real reference,,GGTCAA,0.00025033377837116157
Real reference,,GGTCAC,0.00013620310952237391
Real reference,,GGTCAG,9.905680692536285e-05
Real reference,,GGTCAT,0.00012435936086825443
Real reference,,GGTCCA,0.0001254360652913562
Real reference,,GGTCCC,6.783237865541152e-05
Real reference,,GGTCCG,6.406391317455533e-05
Real reference,,GGTCCT,9.690339807915931e-05
Real reference,,GGTCGA,0.00011090055557948232
Real reference,,GGTCGC,4.952840346268143e-05
Real reference,,GGTCGG,8.667470605969249e-05
Real reference,,GGTCGT,0.00011413066884878763
Real reference,,GGTCTA,0.00011682242990654206
Real reference,,GGTCTC,0.0
Real reference,,GGTCTG,9.528834144450666e-05
Real reference,,GGTCTT,0.00022287781558206641
Real reference,,GGTGAA,0.00029394030750678324
Real reference,,GGTGAC,0.00012220595202205091
Real reference,,GGTGAG,0.00013189629182996685
Real reference,,GGTGAT,0.0002594857659675266
Real reference,,GGTGCA,5.0605107885783194e-05
Real reference,,GGTGCC,3.929971144321461e-05
Real reference,,GGTGCG,4.6836642404927e-05
Real reference,,GGTGCT,0.00010982385115638055
Real reference,,GGTGGA,0.00024871872173650887
Real reference,,GGTGGC,0.00014535509711873897
Real reference,,GGTGGG,0.0001006718635600155
Real reference,,GGTGGT,0.00028317326327576556
Real reference,,GGTGTA,9.151987596365045e-05
Real reference,,GGTGTC,0.00010228692019466816
Real reference,,GGTGTG,8.775141048279426e-05
Real reference,,GGTGTT,0.0002745596278909514
Real reference,,GGTTAA,0.00026163917481373015
Real reference,,GGTTAC,0.00015020026702269694
Real reference,,GGTTAG,0.00014104827942633188
Real reference,,GGTTAT,0.00021534088462035403
Real reference,,GGTTCA,0.0002234161677936173
Real reference,,GGTTCC,0.0001663508333692235
Real reference,,GGTTCG,0.000168504242215427
Real reference,,GGTTCT,0.00035046728971962614
Real reference,,GGTTGA,0.0002056505448124381
Real reference,,GGTTGC,9.74417502907102e-05
Real reference,,GGTTGG,0.0001512769714457987
Real reference,,GGTTGT,0.0001835781041388518
Real reference,,GGTTTA,0.00043821870020242044
Real reference,,GGTTTC,0.0005071277832809337
Real reference,,GGTTTG,0.00038815194452818813
Real reference,,GGTTTT,0.0008182953615573453
Real reference,,GTAAAA,0.000473211593953228
Real reference,,GTAAAC,0.00021695594125500667
Real reference,,GTAAAG,0.00021534088462035403
Real reference,,GTAAAT,0.000332701666738447
Real reference,,GTAACA,0.00021103406692794693
Real reference,,GTAACC,0.00013566475731082304
Real reference,,GTAACG,0.00011090055557948232
Real reference,,GTAACT,0.000168504242215427
Real reference,,GTAAGA,0.00020295878375468367
Real reference,,GTAAGC,9.851845471381197e-05
Real reference,,GTAAGG,6.890908307851328e-05
Real reference,,GTAAGT,9.905680692536285e-05
Real reference,,GTAATA,0.000234183212024635
Real reference,,GTAATC,0.00023095309875532967
Real reference,,GTAATG,0.00015235367586890046
Real reference,,GTAATT,0.00040430251087471465
Real reference,,GTACAA,0.00017065765106163055
Real reference,,GTACAC,0.0001006718635600155
Real reference,,GTACAG,6.783237865541152e-05
Real reference,,GTACAT,0.00010336362461776993
Real reference,,GTACCA,0.0001006718635600155
Real reference,,GTACCC,5.006675567423231e-05
Real reference,,GTACCG,8.29062405788363e-05
Real reference,,GTACCT,6.944743529006417e-05
Real reference,,GTACGA,0.00010767044231017701
Real reference,,GTACGC,3.499289375080753e-05
Real reference,,GTACGG,8.667470605969249e-05
Real reference,,GTACGT,7.052413971316594e-05
Real reference,,GTACTA,0.0001152073732718894
Real reference,,GTACTC,0.00011789913432964382
Real reference,,GTACTG,8.344459279038718e-05
Real reference,,GTACTT,0.00016312072009991817
Real reference,,GTAGAA,0.0002266462810629226
Real reference,,GTAGAC,9.3673284809854e-05
Real reference,,GTAGAG,0.00015020026702269694
Real reference,,GTAGAT,0.0002018820793315819
Real reference,,GTAGCA,9.74417502907102e-05
Real reference,,GTAGCC,6.514061759765709e-05
Real reference,,GTAGCG,5.2758516731986734e-05
Real reference,,GTAGCT,0.00017765622981179207
Real reference,,GTAGGA,8.667470605969249e-05
Real reference,,GTAGGC,3.9838063654765494e-05
Real reference,,GTAGGG,4.252982471251992e-05
Real reference,,GTAGGT,6.406391317455533e-05
Real reference,,GTAGTA,0.00017496446875403765
Real reference,,GTAGTC,8.936646711744692e-05
Real reference,,GTAGTG,9.798010250226108e-05
Real reference,,GTAGTT,0.00020242043154313277
Real reference,,GTATAA,0.00020995736250484516
Real reference,,GTATAC,0.00011305396442568585
Real reference,,GTATAG,0.00010982385115638055
Real reference,,GTATAT,0.0002600241181790775
Real reference,,GTATCA,0.00016419742452301994
Real reference,,GTATCC,0.00010982385115638055
Real reference,,GTATCG,0.0001259744175029071
Real reference,,GTATCT,0.000234183212024635
Real reference,,GTATGA,0.00015935225461906197
Real reference,,GTATGC,6.46022653861062e-05
Real reference,,GTATGG,9.851845471381197e-05
Real reference,,GTATGT,0.0001372798139454757
Real reference,,GTATTA,0.0001981136138507257
Real reference,,GTATTC,0.00015343038029200223
Real reference,,GTATTG,0.00017927128644644471
Real reference,,GTATTT,0.00035477410741203324
Real reference,,GTCAAA,0.000449524096644989
Real reference,,GTCAAC,0.00024441190404410183
Real reference,,GTCAAG,0.0002196477023127611
Real reference,,GTCAAT,0.00027886644558335847
Real reference,,GTCACA,0.0001981136138507257
Real reference,,GTCACC,0.00019219173952366597
Real reference,,GTCACG,0.0001254360652913562
Real reference,,GTCACT,0.00020672724923553987
Real reference,,GTCAGA,0.00019542185279297126
Real reference,,GTCAGC,9.74417502907102e-05
Real reference,,GTCAGG,6.729402644386063e-05
Real reference,,GTCAGT,9.582669365605753e-05
Real reference,,GTCATA,0.00013243464404151772
Real reference,,GTCATC,0.0002745596278909514
Real reference,,GTCATG,0.00014912356259959517
Real reference,,GTCATT,0.00023149145096688058
Real reference,,GTCCAA,0.00021103406692794693
Real reference,,GTCCAC,0.0001329729962530686
Real reference,,GTCCAG,7.859942288642921e-05
Real reference,,GTCCAT,0.00014158663163788278
Real reference,,GTCCCA,0.0001082087945217279
Real reference,,GTCCCC,6.13721521168009e-05
Real reference,,GTCCCG,5.9218743270597354e-05
Real reference,,GTCCCT,0.0001044403290408717
Real reference,,GTCCGA,0.00012435936086825443
Real reference,,GTCCGC,4.145312028941815e-05
Real reference,,GTCCGG,6.998578750161505e-05
Real reference,,GTCCGT,7.967612730953099e-05
Real reference,,GTCCTA,8.828976269434515e-05
Real reference,,GTCCTC,0.00018465480856195358
Real reference,,GTCCTG,6.783237865541152e-05
Real reference,,GTCCTT,0.0001663508333692235
Real reference,,GTCGAA,0.00020618889702398897
Real reference,,GTCGAC,0.00011736078211809295
Real reference,,GTCGAG,0.00013028123519531417
Real reference,,GTCGAT,0.00021480253240880313
Real reference,,GTCGCA,7.644601404022568e-05
Real reference,,GTCGCC,0.00013512640509927214
Real reference,,GTCGCG,5.329686894353762e-05
Real reference,,GTCGCT,0.0001518153236573496
Real reference,,GTCGGA,0.00018573151298505535
Real reference,,GTCGGC,9.259658038675223e-05
Real reference,,GTCGGG,6.0833799905250014e-05
Real reference,,GTCGGT,0.0001329729962530686
Real reference,,GTCGTA,0.00012758947413755975
Real reference,,GTCGTC,0.000267022696929239
Real reference,,GTCGTG,0.00012220595202205091
Real reference,,GTCGTT,0.00026486928808303544
Real reference,,GTCTAA,0.0001911150351005642
Real reference,,GTCTAC,0.00013620310952237391
Real reference,,GTCTAG,9.313493259830311e-05
Real reference,,GTCTAT,0.00017334941211938497
Real reference,,GTCTCA,0.00015719884577285843
Real reference,,GTCTCC,0.00016688918558077436
Real reference,,GTCTCG,8.828976269434515e-05
Real reference,,GTCTCT,0.00033647013221930317
Real reference,,GTCTGA,0.00020726560144709074
Real reference,,GTCTGC,0.00010013351134846461
Real reference,,GTCTGG,0.00010551703346397347
Real reference,,GTCTGT,0.00014481674490718807
Real reference,,GTCTTA,0.00019542185279297126
Real reference,,GTCTTC,0.0005647314699168784
Real reference,,GTCTTG,0.0001948835005814204
Real reference,,GTCTTT,0.00046998148068392264
Real reference,,GTGAAA,0.0003946121710667987
Real reference,,GTGAAC,0.00012435936086825443
Real reference,,GTGAAG,0.0003203195658727766
Real reference,,GTGAAT,0.00027832809337180757
Real reference,,GTGACA,0.00014158663163788278
Real reference,,GTGACC,9.905680692536285e-05
Real reference,,GTGACG,0.000140509927214781
Real reference,,GTGACT,0.00014589344933028985
Real reference,,GTGAGA,0.00025033377837116157
Real reference,,GTGAGC,0.00010174856798311727
Real reference,,GTGAGG,9.959515913691374e-05
Real reference,,GTGAGT,0.00012866617856066153
Real reference,,GTGATA,0.00018465480856195358
Real reference,,GTGATC,0.0002088806580817434
Real reference,,GTGATG,0.00022556957663982083
Real reference,,GTGATT,0.00040537921529781645
Real reference,,GTGCAA,9.798010250226108e-05
Real reference,,GTGCAC,3.9838063654765494e-05
Real reference,,GTGCAG,5.545027778974116e-05
Real reference,,GTGCAT,6.406391317455533e-05
Real reference,,GTGCCA,5.8680391059046474e-05
Real reference,,GTGCCC,3.0147723846849564e-05
Real reference,,GTGCCG,6.0833799905250014e-05
Real reference,,GTGCCT,5.114346009733408e-05
Real reference,,GTGCGA,5.8680391059046474e-05
Real reference,,GTGCGC,1.830397519273009e-05
Real reference,,GTGCGG,4.037641586631638e-05
Real reference,,GTGCGT,5.598863000129205e-05
Real reference,,GTGCTA,7.375425298247125e-05
Real reference,,GTGCTC,0.00010282527240621905
Real reference,,GTGCTG,6.998578750161505e-05
Real reference,,GTGCTT,0.0001620440156768164
Real reference,,GTGGAA,0.00026110082260217925
Real reference,,GTGGAC,9.959515913691374e-05
Real reference,,GTGGAG,0.0002384900297170421
Real reference,,GTGGAT,0.00022826133769757525
Real reference,,GTGGCA,0.00013404970067617037
Real reference,,GTGGCC,8.344459279038718e-05
Real reference,,GTGGCG,0.0001232826564451527
Real reference,,GTGGCT,0.00018142469529264826
Real reference,,GTGGGA,0.00013135793961841595
Real reference,,GTGGGC,8.398294500193807e-05
Real reference,,GTGGGG,6.46022653861062e-05
Real reference,,GTGGGT,0.00012382100865670356
Real reference,,GTGGTA,0.00012489771307980533
Real reference,,GTGGTC,0.00013674146173392481
Real reference,,GTGGTG,0.00026163917481373015
Real reference,,GTGGTT,0.0002632542314483828
Real reference,,GTGTAA,0.00020457384038933632
Real reference,,GTGTAC,0.00010174856798311727
Real reference,,GTGTAG,0.00011413066884878763
Real reference,,GTGTAT,0.00018626986519660623
Real reference,,GTGTCA,0.0001830397519273009
Real reference,,GTGTCC,8.613635384814161e-05
Real reference,,GTGTCG,0.00011628407769499117
Real reference,,GTGTCT,0.00022879968990912616
Real reference,,GTGTGA,0.0002018820793315819
Real reference,,GTGTGC,5.437357336663939e-05
Real reference,,GTGTGG,0.0001189758387527456
Real reference,,GTGTGT,0.0002794047977949093
Real reference,,GTGTTA,0.0002088806580817434
Real reference,,GTGTTC,0.0002702528101985443
Real reference,,GTGTTG,0.0003084758172186571
Real reference,,GTGTTT,0.0005297385761660709
Real reference,,GTTAAA,0.0003913820577974934
Real reference,,GTTAAC,0.0001835781041388518
Real reference,,GTTAAG,0.00019542185279297126
Real reference,,GTTAAT,0.00032354967914208194
Real reference,,GTTACA,0.00021426418019725225
Real reference,,GTTACC,0.00014104827942633188
Real reference,,GTTACG,0.00013189629182996685
Real reference,,GTTACT,0.00024387355183255093
Real reference,,GTTAGA,0.00022772298548602438
Real reference,,GTTAGC,0.00011736078211809295
Real reference,,GTTAGG,0.0001372798139454757
Real reference,,GTTAGT,0.00018142469529264826
Real reference,,GTTATA,0.00020780395365864164
Real reference,,GTTATC,0.0002454886084672036
Real reference,,GTTATG,0.00020349713596623455
Real reference,,GTTATT,0.00035961927731599123
Real reference,,GTTCAA,0.00034777552866187175
Real reference,,GTTCAC,0.00019380679615831861
Real reference,,GTTCAG,0.0001518153236573496
Real reference,,GTTCAT,0.0003084758172186571
Real reference,,GTTCCA,0.00021534088462035403
Real reference,,GTTCCC,0.00010874714673327877
Real reference,,GTTCCG,0.00015935225461906197
Real reference,,GTTCCT,0.00029340195529523234
Real reference,,GTTCGA,0.00022987639433222793
Real reference,,GTTCGC,7.536930961712391e-05
Real reference,,GTTCGG,0.00012059089538739825
Real reference,,GTTCGT,0.00020349713596623455
Real reference,,GTTCTA,0.0001911150351005642
Real reference,,GTTCTC,0.00038330677462423014
Real reference,,GTTCTG,0.00026110082260217925
Real reference,,GTTCTT,0.0006427925405917568
Real reference,,GTTGAA,0.00039838063654765496
Real reference,,GTTGAC,0.00020726560144709074
Real reference,,GTTGAG,0.00020726560144709074
Real reference,,GTTGAT,0.0004678280718377191
Real reference,,GTTGCA,0.00015073861923424781
Real reference,,GTTGCC,0.00010551703346397347
Real reference,,GTTGCG,8.667470605969249e-05
Real reference,,GTTGCT,0.00025733235712132306
Real reference,,GTTGGA,0.00024925707394805977
Real reference,,GTTGGC,0.00010659373788707524
Real reference,,GTTGGG,0.00016042895904216375
Real reference,,GTTGGT,0.00026056247039062835
Real reference,,GTTGTA,0.00019273009173521684
Real reference,,GTTGTC,0.00018626986519660623
Real reference,,GTTGTG,0.0002471036651018562
Real reference,,GTTGTT,0.00059003402385977
Real reference,,GTTTAA,0.0004522158577027434
Real reference,,GTTTAC,0.0002460269606787545
Real reference,,GTTTAG,0.00036392609500839827
Real reference,,GTTTAT,0.000492053921357509
Real reference,,GTTTCA,0.0005588095955898186
Real reference,,GTTTCC,0.00040968603299022354
Real reference,,GTTTCG,0.0003633877427968474
Real reference,,GTTTCT,0.001002411817907748
Real reference,,GTTTGA,0.00047428829837632973
Real reference,,GTTTGC,0.0001948835005814204
Real reference,,GTTTGG,0.00040430251087471465
Real reference,,GTTTGT,0.0005098195443386882
Real reference,,GTTTTA,0.0006008010680907878
Real reference,,GTTTTC,0.0007407726430940178
Real reference,,GTTTTG,0.0009017399543477325
Real reference,,GTTTTT,0.0012392867909901374
Real reference,,TAAAAA,0.0013125026917610578
Real reference,,TAAAAC,0.0004974374434730177
Real reference,,TAAAAG,0.0004855936948188983
Real reference,,TAAAAT,0.0008748223437701882
Real reference,,TAAACA,0.0004290667126060554
Real reference,,TAAACC,0.00047105818510702444
Real reference,,TAAACG,0.00018896162625436065
Real reference,,TAAACT,0.00034400706318101556
Real reference,,TAAAGA,0.000482363581549593
Real reference,,TAAAGC,0.00025733235712132306
Real reference,,TAAAGG,0.0002126491235625996
Real reference,,TAAAGT,0.0003913820577974934
Real reference,,TAAATA,0.000655712993668978
Real reference,,TAAATC,0.00043768034799086954
Real reference,,TAAATG,0.00031870450923812395
Real reference,,TAAATT,0.000721391963478186
Real reference,,TAACAA,0.00044144881347172574
Real reference,,TAACAC,0.00018196304750419913
Real reference,,TAACAG,0.00016042895904216375
Real reference,,TAACAT,0.0002664843447176881
Real reference,,TAACCA,0.00026863775356389164
Real reference,,TAACCC,0.00017604117317713942
Real reference,,TAACCG,0.00015073861923424781
Real reference,,TAACCT,0.00018196304750419913
Real reference,,TAACGA,0.00021534088462035403
Real reference,,TAACGC,7.644601404022568e-05
Real reference,,TAACGG,0.0001227443042336018
Real reference,,TAACGT,0.00013889487058012833
Real reference,,TAACTA,0.00023149145096688058
Real reference,,TAACTC,0.00022233946337051551
Real reference,,TAACTG,0.00011951419096429648
Real reference,,TAACTT,0.00032247297471898014
Real reference,,TAAGAA,0.0005205865885697059
Real reference,,TAAGAC,0.00013620310952237391
Real reference,,TAAGAG,0.0002239545200051682
Real reference,,TAAGAT,0.00030093888625694473
Real reference,,TAAGCA,0.00017442611654248675
Real reference,,TAAGCC,0.00015558378913820578
Real reference,,TAAGCG,7.160084413626771e-05
Real reference,,TAAGCT,0.00023310650760153322
Real reference,,TAAGGA,0.00018250139971575003
Real reference,,TAAGGC,9.151987596365045e-05
Real reference,,TAAGGG,9.04431715405487e-05
Real reference,,TAAGGT,0.00013943322279167923
Real reference,,TAAGTA,0.0002051121926008872
Real reference,,TAAGTC,0.0001512769714457987
Real reference,,TAAGTG,0.00013189629182996685
Real reference,,TAAGTT,0.00029770877298763944
Real reference,,TAATAA,0.0007090098626125156
Real reference,,TAATAC,0.00020295878375468367
Real reference,,TAATAG,0.00018465480856195358
Real reference,,TAATAT,0.0004882854558766527
Real reference,,TAATCA,0.0004285283603945045
Real reference,,TAATCC,0.0002750979801025023
Real reference,,TAATCG,0.00024172014298634738
Real reference,,TAATCT,0.0005028209655885266
Real reference,,TAATGA,0.00028317326327576556
Real reference,,TAATGC,0.00010982385115638055
Real reference,,TAATGG,0.0003413153021232611
Real reference,,TAATGT,0.00026110082260217925
Real reference,,TAATTA,0.000688552478573582
Real reference,,TAATTC,0.0004150695551057324
Real reference,,TAATTG,0.00040430251087471465
Real reference,,TAATTT,0.0010384814160816574
Real reference,,TACAAA,0.0005173564753004006
Real reference,,TACAAC,0.00018465480856195358
Real reference,,TACAAG,0.00022287781558206641
Real reference,,TACAAT,0.0003036306473146992
Real reference,,TACACA,0.000248180369524958
Real reference,,TACACC,0.00010767044231017701
Real reference,,TACACG,0.00013243464404151772
Real reference,,TACACT,0.00018142469529264826
Real reference,,TACAGA,0.0002196477023127611
Real reference,,TACAGC,7.698436625177657e-05
Real reference,,TACAGG,5.975709548214824e-05
Real reference,,TACAGT,0.00013889487058012833
Real reference,,TACATA,0.0002524871872173651
Real reference,,TACATC,0.0001803479908695465
Real reference,,TACATG,0.00014966191481114604
Real reference,,TACATT,0.0002675610491407899
Real reference,,TACCAA,0.0003030922951031483
Real reference,,TACCAC,0.0001372798139454757
Real reference,,TACCAG,9.528834144450666e-05
Real reference,,TACCAT,0.00017334941211938497
Real reference,,TACCCA,0.00014535509711873897
Real reference,,TACCCC,5.006675567423231e-05
Real reference,,TACCCG,5.76036866359447e-05
Real reference,,TACCCT,0.00013404970067617037
Real reference,,TACCGA,0.00011843748654119471
Real reference,,TACCGC,4.468323355872346e-05
Real reference,,TACCGG,0.00013404970067617037
Real reference,,TACCGT,0.0001227443042336018
Real reference,,TACCTA,0.00010982385115638055
Real reference,,TACCTC,0.0001625823678883673
Real reference,,TACCTG,7.91377750979801e-05
Real reference,,TACCTT,0.0002094190102932943
Real reference,,TACGAA,0.0001835781041388518
Real reference,,TACGAC,0.00011682242990654206
Real reference,,TACGAG,0.00011789913432964382
Real reference,,TACGAT,0.00020834230587019251
Real reference,,TACGCA,7.91377750979801e-05
Real reference,,TACGCC,8.236788836728541e-05
Real reference,,TACGCG,5.114346009733408e-05
Real reference,,TACGCT,0.00010551703346397347
Real reference,,TACGGA,0.0001372798139454757
Real reference,,TACGGC,0.00010174856798311727
Real reference,,TACGGG,3.714630259701107e-05
Real reference,,TACGGT,0.00013189629182996685
Real reference,,TACGTA,0.00010982385115638055
Real reference,,TACGTC,9.313493259830311e-05
Real reference,,TACGTG,0.00010713209009862613
Real reference,,TACGTT,0.00016042895904216375
Real reference,,TACTAA,0.0002632542314483828
Real reference,,TACTAC,0.00019003833067746242
Real reference,,TACTAG,0.0001152073732718894
Real reference,,TACTAT,0.00020295878375468367
Real reference,,TACTCA,0.00021695594125500667
Real reference,,TACTCC,0.00014858521038804427
Real reference,,TACTCG,0.00014158663163788278
Real reference,,TACTCT,0.00038007666135492484
Real reference,,TACTGA,0.00015020026702269694
Real reference,,TACTGC,8.344459279038718e-05
Real reference,,TACTGG,0.00010228692019466816
Real reference,,TACTGT,0.000201343727120031
Real reference,,TACTTA,0.00023956673414014383
Real reference,,TACTTC,0.000299862181833843
Real reference,,TACTTG,0.00025302553942891596
Real reference,,TACTTT,0.00044521727895258193
Real reference,,TAGAAA,0.0004645979585684138
Real reference,,TAGAAC,0.00013620310952237391
Real reference,,TAGAAG,0.00024979542615961067
Real reference,,TAGAAT,0.00026110082260217925
Real reference,,TAGACA,0.00014858521038804427
Real reference,,TAGACC,9.205822817520134e-05
Real reference,,TAGACG,8.021447952108187e-05
Real reference,,TAGACT,0.000140509927214781
Real reference,,TAGAGA,0.0003741547870278651
Real reference,,TAGAGC,0.00010659373788707524
Real reference,,TAGAGG,0.00012112924759894914
Real reference,,TAGAGT,0.00016365907231146907
Real reference,,TAGATA,0.000267022696929239
Real reference,,TAGATC,0.000337008484430854
Real reference,,TAGATG,0.00017442611654248675
Real reference,,TAGATT,0.0004829019337611439
Real reference,,TAGCAA,0.0001911150351005642
Real reference,,TAGCAC,6.675567423230975e-05
Real reference,,TAGCAG,8.667470605969249e-05
Real reference,,TAGCAT,0.0001044403290408717
Real reference,,TAGCCA,0.00013458805288772127
Real reference,,TAGCCC,7.160084413626771e-05
Real reference,,TAGCCG,8.182953615573453e-05
Real reference,,TAGCCT,8.075283173263276e-05
Real reference,,TAGCGA,0.00010282527240621905
Real reference,,TAGCGC,2.8532667212196907e-05
Real reference,,TAGCGG,5.114346009733408e-05
Real reference,,TAGCGT,6.406391317455533e-05
Real reference,,TAGCTA,0.00016742753779232526
Real reference,,TAGCTC,0.00020295878375468367
Real reference,,TAGCTG,0.0001437400404840863
Real reference,,TAGCTT,0.0003456221198156682
Real reference,,TAGGAA,0.00019865196606227658
Real reference,,TAGGAC,6.46022653861062e-05
Real reference,,TAGGAG,9.04431715405487e-05
Real reference,,TAGGAT,0.0001550454369266549
Real reference,,TAGGCA,5.7065334424393814e-05
Real reference,,TAGGCC,0.00010767044231017701
Real reference,,TAGGCG,3.391618932770576e-05
Real reference,,TAGGCT,8.129118394418365e-05
Real reference,,TAGGGA,9.313493259830311e-05
Real reference,,TAGGGC,6.514061759765709e-05
Real reference,,TAGGGG,4.737499461647789e-05
Real reference,,TAGGGT,0.00036877126491235626
Real reference,,TAGGTA,8.021447952108187e-05
Real reference,,TAGGTC,9.851845471381197e-05
Real reference,,TAGGTG,7.859942288642921e-05
Real reference,,TAGGTT,0.0002347215642361859
Real reference,,TAGTAA,0.00029447865971833414
Real reference,,TAGTAC,9.259658038675223e-05
Real reference,,TAGTAG,0.00018519316077350445
Real reference,,TAGTAT,0.00017334941211938497
Real reference,,TAGTCA,0.00018142469529264826
Real reference,,TAGTCC,8.936646711744692e-05
Real reference,,TAGTCG,8.990481932899781e-05
Real reference,,TAGTCT,0.00020672724923553987
Real reference,,TAGTGA,0.00020726560144709074
Real reference,,TAGTGC,5.652698221284293e-05
Real reference,,TAGTGG,0.00014158663163788278
Real reference,,TAGTGT,0.00017980963865799561
Real reference,,TAGTTA,0.0002261079288513717
Real reference,,TAGTTC,0.00019273009173521684
Real reference,,TAGTTG,0.00021749429346655755
Real reference,,TAGTTT,0.0005738834575132435
Real reference,,TATAAA,0.0006212584521297213
Real reference,,TATAAC,0.00021910935010121022
Real reference,,TATAAG,0.00019219173952366597
Real reference,,TATAAT,0.0004985141478961195
Real reference,,TATACA,0.0002837116154873164
Real reference,,TATACC,0.00011305396442568585
Real reference,,TATACG,0.00012220595202205091
Real reference,,TATACT,0.00022233946337051551
Real reference,,TATAGA,0.00027186786683319693
Real reference,,TATAGC,0.0001152073732718894
Real reference,,TATAGG,9.313493259830311e-05
Real reference,,TATAGT,0.00023310650760153322
Real reference,,TATATA,0.0007881476377104957
Real reference,,TATATC,0.00027294457125629873
Real reference,,TATATG,0.0002960937163529868
Real reference,,TATATT,0.0005679615831861838
Real reference,,TATCAA,0.00041722296395193593
Real reference,,TATCAC,0.00017550282096558852
Real reference,,TATCAG,0.00017496446875403765
Real reference,,TATCAT,0.0003773849002971704
Real reference,,TATCCA,0.0002955553641414359
Real reference,,TATCCC,0.00011736078211809295
Real reference,,TATCCG,0.0001297428829837633
Real reference,,TATCCT,0.00024279684740944916
Real reference,,TATCGA,0.000220186054524312
Real reference,,TATCGC,0.00010282527240621905
Real reference,,TATCGG,0.0001254360652913562
Real reference,,TATCGT,0.00019003833067746242
Real reference,,TATCTA,0.000299862181833843
Real reference,,TATCTC,0.0005324303372238253
Real reference,,TATCTG,0.0002449502562556527
Real reference,,TATCTT,0.0005545027778974116
Real reference,,TATGAA,0.00033593178000775227
Real reference,,TATGAC,0.00012005254317584737
Real reference,,TATGAG,0.00014535509711873897
Real reference,,TATGAT,0.00034400706318101556
Real reference,,TATGCA,0.0001399715750032301
Real reference,,TATGCC,7.267754855936949e-05
Real reference,,TATGCG,6.729402644386063e-05
Real reference,,TATGCT,0.0001620440156768164
Real reference,,TATGGA,0.00028909513760282525
Real reference,,TATGGC,0.00016096731125371462
Real reference,,TATGGG,0.00016419742452301994
Real reference,,TATGGT,0.00021372582798570135
Real reference,,TATGTA,0.00025410224385201776
Real reference,,TATGTC,0.00017819458202334294
Real reference,,TATGTG,0.00018626986519660623
Real reference,,TATGTT,0.0003676945604892545
Real reference,,TATTAA,0.0004818252293380421
Real reference,,TATTAC,0.0002514104827942633
Real reference,,TATTAG,0.00022556957663982083
Real reference,,TATTAT,0.0005819587406865067
Real reference,,TATTCA,0.0003628493905852965
Real reference,,TATTCC,0.00023956673414014383
Real reference,,TATTCG,0.0001948835005814204
Real reference,,TATTCT,0.0004182996683750377
Real reference,,TATTGA,0.0003865368878935355
Real reference,,TATTGC,0.00016419742452301994
Real reference,,TATTGG,0.00028263491106421466
Real reference,,TATTGT,0.00036392609500839827
Real reference,,TATTTA,0.0005442740858779448
Real reference,,TATTTC,0.0005055127266462811
Real reference,,TATTTG,0.0004850553426073474
Real reference,,TATTTT,0.0011687626512769714
Real reference,,TCAAAA,0.0009814160816572633
Real reference,,TCAAAC,0.0005087428399155864
Real reference,,TCAAAG,0.0005588095955898186
Real reference,,TCAAAT,0.0007445411085748741
Real reference,,TCAACA,0.00042691330375985186
Real reference,,TCAACC,0.00028909513760282525
Real reference,,TCAACG,0.00029447865971833414
Real reference,,TCAACT,0.0003176278048150222
Real reference,,TCAAGA,0.000473211593953228
Real reference,,TCAAGC,0.00028317326327576556
Real reference,,TCAAGG,0.00021910935010121022
Real reference,,TCAAGT,0.00034831388087342265
Real reference,,TCAATA,0.0003623110383737456
Real reference,,TCAATC,0.0006444075972264094
Real reference,,TCAATG,0.0003316249623153452
Real reference,,TCAATT,0.0008182953615573453
Real reference,,TCACAA,0.0004392954046255222
Real reference,,TCACAC,0.0002584090615444248
Real reference,,TCACAG,0.00018142469529264826
Real reference,,TCACAT,0.0003036306473146992
Real reference,,TCACCA,0.00040214910202851116
Real reference,,TCACCC,0.00011413066884878763
Real reference,,TCACCG,0.0003240880313536328
Real reference,,TCACCT,0.0002384900297170421
Real reference,,TCACGA,0.00021803264567810845
Real reference,,TCACGC,0.0001254360652913562
Real reference,,TCACGG,0.00012382100865670356
Real reference,,TCACGT,0.00016419742452301994
Real reference,,TCACTA,0.0002406434385632456
Real reference,,TCACTC,0.00040968603299022354
Real reference,,TCACTG,0.00022826133769757525
Real reference,,TCACTT,0.0004850553426073474
Real reference,,TCAGAA,0.0004317584736638098
Real reference,,TCAGAC,0.00018465480856195358
Real reference,,TCAGAG,0.00027832809337180757
Real reference,,TCAGAT,0.000492053921357509
Real reference,,TCAGCA,0.00016473577673457081
Real reference,,TCAGCC,0.00016150566346526552
Real reference,,TCAGCG,9.3673284809854e-05
Real reference,,TCAGCT,0.0003386235410655067
Real reference,,TCAGGA,0.0001437400404840863
Real reference,,TCAGGC,8.990481932899781e-05
Real reference,,TCAGGG,7.160084413626771e-05
Real reference,,TCAGGT,0.00010928549894482966
Real reference,,TCAGTA,0.0001442783926956372
Real reference,,TCAGTC,0.00017765622981179207
Real reference,,TCAGTG,0.00016473577673457081
Real reference,,TCAGTT,0.00030793746500710627
Real reference,,TCATAA,0.0003779232525087213
Real reference,,TCATAC,0.00015073861923424781
Real reference,,TCATAG,0.00018949997846591155
Real reference,,TCATAT,0.00038384512683578104
Real reference,,TCATCA,0.0007703820147293165
Real reference,,TCATCC,0.0003251647357767346
Real reference,,TCATCG,0.00043714199577931864
Real reference,,TCATCT,0.0007219303156897369
Real reference,,TCATGA,0.000248180369524958
Real reference,,TCATGC,0.0001189758387527456
Real reference,,TCATGG,0.00027886644558335847
Real reference,,TCATGT,0.00032731814462293814
Real reference,,TCATTA,0.00036930961712390716
Real reference,,TCATTC,0.0003956888754899005
Real reference,,TCATTG,0.0003208579180843275
Real reference,,TCATTT,0.0007423876997286705
Real reference,,TCCAAA,0.0006449459494379603
Real reference,,TCCAAC,0.0003165511003919204
Real reference,,TCCAAG,0.00028963348981437615
Real reference,,TCCAAT,0.00047967182049183857
Real reference,,TCCACA,0.0002551789482751195
Real reference,,TCCACC,0.00032301132693053104
Real reference,,TCCACG,0.00018842327404280977
Real reference,,TCCACT,0.00026863775356389164
Real reference,,TCCAGA,0.00027778974116025667
Real reference,,TCCAGC,0.00014212498384943365
Real reference,,TCCAGG,9.313493259830311e-05
Real reference,,TCCAGT,0.0001582755501959602
Real reference,,TCCATA,0.00022987639433222793
Real reference,,TCCATC,0.00036930961712390716
Real reference,,TCCATG,0.00025356389164046686
Real reference,,TCCATT,0.0004575993798182523
Real reference,,TCCCAA,0.000341853654334812
Real reference,,TCCCAC,0.00016527412894612171
Real reference,,TCCCAG,0.00010228692019466816
Real reference,,TCCCAT,0.00020080537490848013
Real reference,,TCCCCA,0.00018250139971575003
Real reference,,TCCCCC,9.04431715405487e-05
Real reference,,TCCCCG,7.160084413626771e-05
Real reference,,TCCCCT,0.0001335113484646195
Real reference,,TCCCGA,0.00014912356259959517
Real reference,,TCCCGC,9.690339807915931e-05
Real reference,,TCCCGG,0.00011789913432964382
Real reference,,TCCCGT,0.00010121021577156639
Real reference,,TCCCTA,0.0001582755501959602
Real reference,,TCCCTC,0.000309014169430208
Real reference,,TCCCTG,9.690339807915931e-05
Real reference,,TCCCTT,0.00029717042077608854
Real reference,,TCCGAA,0.00024225849519789828
Real reference,,TCCGAC,0.0002594857659675266
Real reference,,TCCGAG,0.0001588139024075111
Real reference,,TCCGAT,0.0005313536328007235
Real reference,,TCCGCA,9.582669365605753e-05
Real reference,,TCCGCC,0.0002476420173134071
Real reference,,TCCGCG,5.598863000129205e-05
Real reference,,TCCGCT,0.0001335113484646195
Real reference,,TCCGGA,0.00014912356259959517
Real reference,,TCCGGC,0.00023579826865928764
Real reference,,TCCGGG,7.536930961712391e-05
Real reference,,TCCGGT,0.00030093888625694473
Real reference,,TCCGTA,0.000140509927214781
Real reference,,TCCGTC,0.0002847883199104182
Real reference,,TCCGTG,0.00013028123519531417
Real reference,,TCCGTT,0.00030739911279555537
Real reference,,TCCTAA,0.0002551789482751195
Real reference,,TCCTAC,0.00015289202808045136
Real reference,,TCCTAG,0.00010767044231017701
Real reference,,TCCTAT,0.00016527412894612171
Real reference,,TCCTCA,0.000435526939144666
Real reference,,TCCTCC,0.000697704466169947
Real reference,,TCCTCG,0.00027240621904474783
Real reference,,TCCTCT,0.0008645936517507214
Real reference,,TCCTGA,0.0002018820793315819
Real reference,,TCCTGC,0.00010336362461776993
Real reference,,TCCTGG,0.00010982385115638055
Real reference,,TCCTGT,0.0001512769714457987
Real reference,,TCCTTA,0.0003348550755846505
Real reference,,TCCTTC,0.0007477712218441794
Real reference,,TCCTTG,0.000267022696929239
Real reference,,TCCTTT,0.0006540979370343253
Real reference,,TCGAAA,0.00044575563116413283
Real reference,,TCGAAC,0.0001911150351005642
Real reference,,TCGAAG,0.0003030922951031483
Real reference,,TCGAAT,0.00043768034799086954
Real reference,,TCGACA,0.00017011929885007968
Real reference,,TCGACC,0.0001254360652913562
Real reference,,TCGACG,0.0002158792368319049
Real reference,,TCGACT,0.00015289202808045136
Real reference,,TCGAGA,0.00030686076058400447
Real reference,,TCGAGC,0.00017550282096558852
Real reference,,TCGAGG,0.00012812782634911065
Real reference,,TCGAGT,0.00019165338731211507
Real reference,,TCGATA,0.00020618889702398897
Real reference,,TCGATC,0.0004392954046255222
Real reference,,TCGATG,0.0002675610491407899
Real reference,,TCGATT,0.0007881476377104957
Real reference,,TCGCAA,0.00014104827942633188
Real reference,,TCGCAC,7.21391963478186e-05
Real reference,,TCGCAG,0.00011036220336793143
Real reference,,TCGCAT,0.00010174856798311727
Real reference,,TCGCCA,0.000168504242215427
Real reference,,TCGCCC,3.23011326930531e-05
Real reference,,TCGCCG,0.00038707524010508633
Real reference,,TCGCCT,0.0001297428829837633
Real reference,,TCGCGA,0.00010928549894482966
Real reference,,TCGCGC,4.791334682802877e-05
Real reference,,TCGCGG,6.244885653990267e-05
Real reference,,TCGCGT,9.04431715405487e-05
Real reference,,TCGCTA,0.00013404970067617037
Real reference,,TCGCTC,0.000220186054524312
Real reference,,TCGCTG,0.00017065765106163055
Real reference,,TCGCTT,0.000299862181833843
Real reference,,TCGGAA,0.0002842499676988673
Real reference,,TCGGAC,9.528834144450666e-05
Real reference,,TCGGAG,0.0002912485464490288
Real reference,,TCGGAT,0.0002632542314483828
Real reference,,TCGGCA,7.59076618286748e-05
Real reference,,TCGGCC,7.698436625177657e-05
Real reference,,TCGGCG,0.00016688918558077436
Real reference,,TCGGCT,0.0001232826564451527
Real reference,,TCGGGA,0.00011090055557948232
Real reference,,TCGGGC,2.9071019423747794e-05
Real reference,,TCGGGG,3.1224428269951334e-05
Real reference,,TCGGGT,0.0001442783926956372
Real reference,,TCGGTA,0.00010551703346397347
Real reference,,TCGGTC,9.151987596365045e-05
Real reference,,TCGGTG,0.0001835781041388518
Real reference,,TCGGTT,0.00028317326327576556
Real reference,,TCGTAA,0.00022879968990912616
Real reference,,TCGTAC,0.00011789913432964382
Real reference,,TCGTAG,0.00015073861923424781
Real reference,,TCGTAT,0.0002196477023127611
Real reference,,TCGTCA,0.0003025539428915974
Real reference,,TCGTCC,0.00020780395365864164
Real reference,,TCGTCG,0.0003913820577974934
Real reference,,TCGTCT,0.00035100564193117704
Real reference,,TCGTGA,0.0002056505448124381
Real reference,,TCGTGC,0.00010982385115638055
Real reference,,TCGTGG,0.0001625823678883673
Real reference,,TCGTGT,0.0002508721305827124
Real reference,,TCGTTA,0.00026163917481373015
Real reference,,TCGTTC,0.0002627158792368319
Real reference,,TCGTTG,0.00034023859770015936
Real reference,,TCGTTT,0.0006691717989577501
Real reference,,TCTAAA,0.000534045393858478
Real reference,,TCTAAC,0.0002164175890434558
Real reference,,TCTAAG,0.0002056505448124381
Real reference,,TCTAAT,0.00048021017270338947
Real reference,,TCTACA,0.00027294457125629873
Real reference,,TCTACC,0.000201343727120031
Real reference,,TCTACG,0.00018142469529264826
Real reference,,TCTACT,0.000360695981739093
Real reference,,TCTAGA,0.0002637925836599337
Real reference,,TCTAGC,0.00013458805288772127
Real reference,,TCTAGG,0.0001771178776002412
Real reference,,TCTAGT,0.00023256815538998235
Real reference,,TCTATA,0.0003122442826995133
Real reference,,TCTATC,0.0004182996683750377
Real reference,,TCTATG,0.00023633662087083854
Real reference,,TCTATT,0.0004694431284723718
Real reference,,TCTCAA,0.0007332357121323054
Real reference,,TCTCAC,0.000449524096644989
Real reference,,TCTCAG,0.00038492183125888284
Real reference,,TCTCAT,0.0005711916964554891
Real reference,,TCTCCA,0.000632025496360739
Real reference,,TCTCCC,0.00034723717645032085
Real reference,,TCTCCG,0.0006153365778026616
Real reference,,TCTCCT,0.0007870709332873939
Real reference,,TCTCGA,0.00043391188251001335
Real reference,,TCTCGC,0.0002767130367371549
Real reference,,TCTCGG,0.00019057668288901332
Real reference,,TCTCGT,0.0003628493905852965
Real reference,,TCTCTA,0.0006842456608811749
Real reference,,TCTCTC,0.0025243335199621
Real reference,,TCTCTG,0.0007859942288642921
Real reference,,TCTCTT,0.0016215168611912658
Real reference,,TCTGAA,0.0005092811921271372
Real reference,,TCTGAC,0.00017334941211938497
Real reference,,TCTGAG,0.00027778974116025667
Real reference,,TCTGAT,0.0005814203884749559
Real reference,,TCTGCA,0.00023956673414014383
Real reference,,TCTGCC,0.00012705112192600888
Real reference,,TCTGCG,0.00013781816615702656
Real reference,,TCTGCT,0.00038761359231663723
Real reference,,TCTGGA,0.00028909513760282525
Real reference,,TCTGGC,0.00011789913432964382
Real reference,,TCTGGG,0.0002600241181790775
Real reference,,TCTGGT,0.00029447865971833414
Real reference,,TCTGTA,0.0002799431500064602
Real reference,,TCTGTC,0.0002885567853912744
Real reference,,TCTGTG,0.00029340195529523234
Real reference,,TCTGTT,0.0007919161031913519
Real reference,,TCTTAA,0.00052920022395452
Real reference,,TCTTAC,0.00036877126491235626
Real reference,,TCTTAG,0.00030147723846849563
Real reference,,TCTTAT,0.0005507343124165554
Real reference,,TCTTCA,0.0011036220336793144
Real reference,,TCTTCC,0.0009518067100219648
Real reference,,TCTTCG,0.0006347172574184935
Real reference,,TCTTCT,0.0028726474008355226
Real reference,,TCTTGA,0.0004500624488565399
Real reference,,TCTTGC,0.0002589474137559757
Real reference,,TCTTGG,0.00026163917481373015
Real reference,,TCTTGT,0.0005604246522244714
Real reference,,TCTTTA,0.0006433308928033076
Real reference,,TCTTTC,0.0010756277186786682
Real reference,,TCTTTG,0.000702549636073905
Real reference,,TCTTTT,0.001358262629742883
Real reference,,TGAAAA,0.000739695938670916
Real reference,,TGAAAC,0.000369847969335458
Real reference,,TGAAAG,0.0003456221198156682
Real reference,,TGAAAT,0.0005846505017442612
Real reference,,TGAACA,0.00024925707394805977
Real reference,,TGAACC,0.00017980963865799561
Real reference,,TGAACG,9.313493259830311e-05
Real reference,,TGAACT,0.00020834230587019251
Real reference,,TGAAGA,0.0006438692450148585
Real reference,,TGAAGC,0.0002960937163529868
Real reference,,TGAAGG,0.0002018820793315819
Real reference,,TGAAGT,0.00029286360308368144
Real reference,,TGAATA,0.0002745596278909514
Real reference,,TGAATC,0.0004942073302037124
Real reference,,TGAATG,0.00021803264567810845
Real reference,,TGAATT,0.0006621732202075887
Real reference,,TGACAA,0.0002471036651018562
Real reference,,TGACAC,0.0001329729962530686
Real reference,,TGACAG,9.04431715405487e-05
Real reference,,TGACAT,0.00017819458202334294
Real reference,,TGACCA,0.00018788492183125887
Real reference,,TGACCC,0.00011789913432964382
Real reference,,TGACCG,8.721305827124337e-05
Real reference,,TGACCT,0.00013404970067617037
Real reference,,TGACGA,0.00023310650760153322
Real reference,,TGACGC,8.129118394418365e-05
Real reference,,TGACGG,0.00012059089538739825
Real reference,,TGACGT,0.00015343038029200223
Real reference,,TGACTA,0.00015666049356130755
Real reference,,TGACTC,0.00022556957663982083
Real reference,,TGACTG,0.0001254360652913562
Real reference,,TGACTT,0.0003203195658727766
Real reference,,TGAGAA,0.00048451699039579656
Real reference,,TGAGAC,9.636504586760842e-05
Real reference,,TGAGAG,0.00027886644558335847
Real reference,,TGAGAT,0.00040214910202851116
Real reference,,TGAGCA,0.0001292045307722124
Real reference,,TGAGCC,9.905680692536285e-05
Real reference,,TGAGCG,5.8680391059046474e-05
Real reference,,TGAGCT,0.00026163917481373015
Real reference,,TGAGGA,0.0002384900297170421
Real reference,,TGAGGC,8.505964942503984e-05
Real reference,,TGAGGG,7.160084413626771e-05
Real reference,,TGAGGT,0.00011951419096429648
Real reference,,TGAGTA,0.0001480468581764934
Real reference,,TGAGTC,0.00017980963865799561
Real reference,,TGAGTG,0.00015935225461906197
Real reference,,TGAGTT,0.0003488522330849735
Real reference,,TGATAA,0.0004177613161634868
Real reference,,TGATAC,0.00015289202808045136
Real reference,,TGATAG,0.0001658124811576726
Real reference,,TGATAT,0.0003332400189499978
Real reference,,TGATCA,0.00033970024548860846
Real reference,,TGATCC,0.00022933804212067703
Real reference,,TGATCG,0.0002557173004866704
Real reference,,TGATCT,0.0004958223868383651
Real reference,,TGATGA,0.000576036866359447
Real reference,,TGATGC,0.00017765622981179207
Real reference,,TGATGG,0.00024925707394805977
Real reference,,TGATGT,0.0002912485464490288
Real reference,,TGATTA,0.0004936689779921616
Real reference,,TGATTC,0.0006540979370343253
Real reference,,TGATTG,0.00045867608424135406
Real reference,,TGATTT,0.001044403290408717
Real reference,,TGCAAA,0.0003170894526034713
Real reference,,TGCAAC,0.0001512769714457987
Real reference,,TGCAAG,0.00013135793961841595
Real reference,,TGCAAT,0.00021426418019725225
Real reference,,TGCACA,8.559800163659073e-05
Real reference,,TGCACC,6.567896980920797e-05
Real reference,,TGCACG,4.8451699039579654e-05
Real reference,,TGCACT,6.191050432835178e-05
Real reference,,TGCAGA,0.00015343038029200223
Real reference,,TGCAGC,0.00011843748654119471
Real reference,,TGCAGG,3.9838063654765494e-05
Real reference,,TGCAGT,8.667470605969249e-05
Real reference,,TGCATA,0.00012112924759894914
Real reference,,TGCATC,0.00014858521038804427
Real reference,,TGCATG,0.00010174856798311727
Real reference,,TGCATT,0.00018196304750419913
Real reference,,TGCCAA,0.0001442783926956372
Real reference,,TGCCAC,0.00012220595202205091
Real reference,,TGCCAG,4.952840346268143e-05
Real reference,,TGCCAT,0.00012651276971445798
Real reference,,TGCCCA,8.236788836728541e-05
Real reference,,TGCCCC,3.5531245962358414e-05
Real reference,,TGCCCG,2.5840906154442484e-05
Real reference,,TGCCCT,7.429260519402213e-05
Real reference,,TGCCGA,0.00010013351134846461
Real reference,,TGCCGC,5.9218743270597354e-05
Real reference,,TGCCGG,7.967612730953099e-05
Real reference,,TGCCGT,0.00010174856798311727
Real reference,,TGCCTA,7.483095740557302e-05
Real reference,,TGCCTC,0.00014212498384943365
Real reference,,TGCCTG,3.876135923166373e-05
Real reference,,TGCCTT,0.0001582755501959602
Real reference,,TGCGAA,0.00011789913432964382
Real reference,,TGCGAC,7.967612730953099e-05
Real reference,,TGCGAG,7.698436625177657e-05
Real reference,,TGCGAT,0.00016365907231146907
Real reference,,TGCGCA,4.252982471251992e-05
Real reference,,TGCGCC,5.383522115508851e-05
Real reference,,TGCGCG,1.9919031827382747e-05
Real reference,,TGCGCT,4.1991472500969034e-05
Real reference,,TGCGGA,5.8680391059046474e-05
Real reference,,TGCGGC,8.559800163659073e-05
Real reference,,TGCGGG,2.7455962789095137e-05
Real reference,,TGCGGT,6.783237865541152e-05
Real reference,,TGCGTA,6.352556096300444e-05
Real reference,,TGCGTC,9.959515913691374e-05
Real reference,,TGCGTG,6.621732202075886e-05
Real reference,,TGCGTT,0.00015666049356130755
Real reference,,TGCTAA,0.00018949997846591155
Real reference,,TGCTAC,0.00012059089538739825
Real reference,,TGCTAG,8.129118394418365e-05
Real reference,,TGCTAT,0.0001437400404840863
Real reference,,TGCTCA,0.00019596020500452216
Real reference,,TGCTCC,0.00018896162625436065
Real reference,,TGCTCG,0.0001189758387527456
Real reference,,TGCTCT,0.000327856496834489
Real reference,,TGCTGA,0.00019649855721607303
Real reference,,TGCTGC,0.00014912356259959517
Real reference,,TGCTGG,9.098152375209957e-05
Real reference,,TGCTGT,0.00014104827942633188
Real reference,,TGCTTA,0.0002304147465437788
Real reference,,TGCTTC,0.00045060080106809077
Real reference,,TGCTTG,0.00020457384038933632
Real reference,,TGCTTT,0.0004527542099142943
Real reference,,TGGAAA,0.00042314483827899567
Real reference,,TGGAAC,0.0002051121926008872
Real reference,,TGGAAG,0.00030147723846849563
Real reference,,TGGAAT,0.00035154399414272794
Real reference,,TGGACA,0.00013135793961841595
Real reference,,TGGACC,0.0001329729962530686
Real reference,,TGGACG,9.74417502907102e-05
Real reference,,TGGACT,0.00013620310952237391
Real reference,,TGGAGA,0.0004145312028941815
Real reference,,TGGAGC,0.00017604117317713942
Real reference,,TGGAGG,0.00019865196606227658
Real reference,,TGGAGT,0.00020726560144709074
Real reference,,TGGATA,0.00023095309875532967
Real reference,,TGGATC,0.00035100564193117704
Real reference,,TGGATG,0.00018573151298505535
Real reference,,TGGATT,0.0005399672681855377
Real reference,,TGGCAA,0.00020834230587019251
Real reference,,TGGCAC,6.352556096300444e-05
Real reference,,TGGCAG,9.636504586760842e-05
Real reference,,TGGCAT,0.0001232826564451527
Real reference,,TGGCCA,0.00012651276971445798
Real reference,,TGGCCC,9.74417502907102e-05
Real reference,,TGGCCG,0.00010982385115638055
Real reference,,TGGCCT,9.421163702140489e-05
Real reference,,TGGCGA,0.00021695594125500667
Real reference,,TGGCGC,6.837073086696241e-05
Real reference,,TGGCGG,0.00020995736250484516
Real reference,,TGGCGT,0.0001437400404840863
Real reference,,TGGCTA,0.0001771178776002412
Real reference,,TGGCTC,0.000220186054524312
Real reference,,TGGCTG,0.00014858521038804427
Real reference,,TGGCTT,0.00029071019423747795
Real reference,,TGGGAA,0.00025787070933287396
Real reference,,TGGGAC,8.721305827124337e-05
Real reference,,TGGGAG,0.00013620310952237391
Real reference,,TGGGAT,0.000220186054524312
Real reference,,TGGGCA,8.613635384814161e-05
Real reference,,TGGGCC,0.0002756363323140531
Real reference,,TGGGCG,4.037641586631638e-05
Real reference,,TGGGCT,0.00027886644558335847
Real reference,,TGGGGA,0.0001518153236573496
Real reference,,TGGGGC,5.652698221284293e-05
Real reference,,TGGGGG,6.729402644386063e-05
Real reference,,TGGGGT,0.00013781816615702656
Real reference,,TGGGTA,0.00013674146173392481
Real reference,,TGGGTC,0.00016958094663852878
Real reference,,TGGGTG,0.0001082087945217279
Real reference,,TGGGTT,0.0004850553426073474
Real reference,,TGGTAA,0.0002449502562556527
Real reference,,TGGTAC,0.00011466902106033851
Real reference,,TGGTAG,0.00012651276971445798
Real reference,,TGGTAT,0.00017173435548473233
Real reference,,TGGTCA,0.00021695594125500667
Real reference,,TGGTCC,0.00014589344933028985
Real reference,,TGGTCG,0.0001329729962530686
Real reference,,TGGTCT,0.0001771178776002412
Real reference,,TGGTGA,0.0003251647357767346
Real reference,,TGGTGC,9.851845471381197e-05
Real reference,,TGGTGG,0.0003289332012575908
Real reference,,TGGTGT,0.000248180369524958
Real reference,,TGGTTA,0.00029017184202592705
Real reference,,TGGTTC,0.0003386235410655067
Real reference,,TGGTTG,0.0002632542314483828
Real reference,,TGGTTT,0.0006912442396313364
Real reference,,TGTAAA,0.00036446444721994917
Real reference,,TGTAAC,0.00020834230587019251
Real reference,,TGTAAG,0.00013512640509927214
Real reference,,TGTAAT,0.00038007666135492484
Real reference,,TGTACA,0.0001437400404840863
Real reference,,TGTACC,9.3673284809854e-05
Real reference,,TGTACG,8.452129721348895e-05
Real reference,,TGTACT,0.0001663508333692235
Real reference,,TGTAGA,0.00020995736250484516
Real reference,,TGTAGC,0.00013674146173392481
Real reference,,TGTAGG,6.621732202075886e-05
Real reference,,TGTAGT,0.00018250139971575003
Real reference,,TGTATA,0.00026863775356389164
Real reference,,TGTATC,0.00022933804212067703
Real reference,,TGTATG,0.00018573151298505535
Real reference,,TGTATT,0.0003332400189499978
Real reference,,TGTCAA,0.0003084758172186571
Real reference,,TGTCAC,0.00018788492183125887
Real reference,,TGTCAG,0.0001152073732718894
Real reference,,TGTCAT,0.00022987639433222793
Real reference,,TGTCCA,0.00016796589000387613
Real reference,,TGTCCC,9.582669365605753e-05
Real reference,,TGTCCG,8.398294500193807e-05
Real reference,,TGTCCT,0.0001582755501959602
Real reference,,TGTCGA,0.00016796589000387613
Real reference,,TGTCGC,8.344459279038718e-05
Real reference,,TGTCGG,0.00012435936086825443
Real reference,,TGTCGT,0.00018573151298505535
Real reference,,TGTCTA,0.00020026702269692923
Real reference,,TGTCTC,0.0004360652913562169
Real reference,,TGTCTG,0.00020672724923553987
Real reference,,TGTCTT,0.00047482665058788063
Real reference,,TGTGAA,0.00035854257289288943
Real reference,,TGTGAC,0.00015558378913820578
Real reference,,TGTGAG,0.00016419742452301994
Real reference,,TGTGAT,0.0003660795038546018
Real reference,,TGTGCA,8.775141048279426e-05
Real reference,,TGTGCC,5.329686894353762e-05
Real reference,,TGTGCG,4.8451699039579654e-05
Real reference,,TGTGCT,0.00013620310952237391
Real reference,,TGTGGA,0.00023256815538998235
Real reference,,TGTGGC,0.00011466902106033851
Real reference,,TGTGGG,0.00013620310952237391
Real reference,,TGTGGT,0.00022718463327447348
Real reference,,TGTGTA,0.0002519488350058142
Real reference,,TGTGTC,0.00020403548817778542
Real reference,,TGTGTG,0.0003176278048150222
Real reference,,TGTGTT,0.0005238167018390111
Real reference,,TGTTAA,0.0003660795038546018
Real reference,,TGTTAC,0.00023256815538998235
Real reference,,TGTTAG,0.00021695594125500667
Real reference,,TGTTAT,0.0003703863215470089
Real reference,,TGTTCA,0.00039407381885524787
Real reference,,TGTTCC,0.0002713295146216461
Real reference,,TGTTCG,0.0002239545200051682
Real reference,,TGTTCT,0.0005927257849175244
Real reference,,TGTTGA,0.000496360739049916
Real reference,,TGTTGC,0.00023956673414014383
Real reference,,TGTTGG,0.00030093888625694473
Real reference,,TGTTGT,0.0005787286274172015
Real reference,,TGTTTA,0.0005071277832809337
Real reference,,TGTTTC,0.0007940695120375555
Real reference,,TGTTTG,0.0005862655583789138
Real reference,,TGTTTT,0.0012748180369524958
Real reference,,TTAAAA,0.0010217924975235797
Real reference,,TTAAAC,0.000440372109048624
Real reference,,TTAAAG,0.0004328351780869116
Real reference,,TTAAAT,0.000674555321073259
Real reference,,TTAACA,0.000332701666738447
Real reference,,TTAACC,0.00027294457125629873
Real reference,,TTAACG,0.0001948835005814204
Real reference,,TTAACT,0.0002912485464490288
Real reference,,TTAAGA,0.0003827684224126793
Real reference,,TTAAGC,0.000220186054524312
Real reference,,TTAAGG,0.00019219173952366597
Real reference,,TTAAGT,0.00029824712519919034
Real reference,,TTAATA,0.000496360739049916
Real reference,,TTAATC,0.0004818252293380421
Real reference,,TTAATG,0.00033539342779620137
Real reference,,TTAATT,0.0008796675136741462
Real reference,,TTACAA,0.0004285283603945045
Real reference,,TTACAC,0.00022987639433222793
Real reference,,TTACAG,0.00018949997846591155
Real reference,,TTACAT,0.00032354967914208194
Real reference,,TTACCA,0.0003004005340453939
Real reference,,TTACCC,0.00015935225461906197
Real reference,,TTACCG,0.00014858521038804427
Real reference,,TTACCT,0.00024010508635169474
Real reference,,TTACGA,0.00021534088462035403
Real reference,,TTACGC,0.00012489771307980533
Real reference,,TTACGG,0.00013028123519531417
Real reference,,TTACGT,0.00018250139971575003
Real reference,,TTACTA,0.0002702528101985443
Real reference,,TTACTC,0.00035208234635427884
Real reference,,TTACTG,0.0001948835005814204
Real reference,,TTACTT,0.0005125113053964426
Real reference,,TTAGAA,0.0003617726861621948
Real reference,,TTAGAC,0.000154507084715104
Real reference,,TTAGAG,0.00025679400490977215
Real reference,,TTAGAT,0.0005168181230888496
Real reference,,TTAGCA,0.00017334941211938497
Real reference,,TTAGCC,0.00014589344933028985
Real reference,,TTAGCG,7.91377750979801e-05
Real reference,,TTAGCT,0.00035585081183513504
Real reference,,TTAGGA,0.0002126491235625996
Real reference,,TTAGGC,0.00011359231663723674
Real reference,,TTAGGG,0.0003165511003919204
Real reference,,TTAGGT,0.0002454886084672036
Real reference,,TTAGTA,0.0002476420173134071
Real reference,,TTAGTC,0.0002158792368319049
Real reference,,TTAGTG,0.000248180369524958
Real reference,,TTAGTT,0.00048720875145355096
Real reference,,TTATAA,0.0005141263620310953
Real reference,,TTATAC,0.00024333519962100006
Real reference,,TTATAG,0.00022987639433222793
Real reference,,TTATAT,0.0005561178345320643
Real reference,,TTATCA,0.00042314483827899567
Real reference,,TTATCC,0.00034077694991171026
Real reference,,TTATCG,0.0002449502562556527
Real reference,,TTATCT,0.0006293337353029847
Real reference,,TTATGA,0.0003348550755846505
Real reference,,TTATGC,0.00016958094663852878
Real reference,,TTATGG,0.00029770877298763944
Real reference,,TTATGT,0.00038761359231663723
Real reference,,TTATTA,0.0006352556096300444
Real reference,,TTATTC,0.0004818252293380421
Real reference,,TTATTG,0.0004979757956845687
Real reference,,TTATTT,0.0010993152159869072
Real reference,,TTCAAA,0.0008694388216546793
Real reference,,TTCAAC,0.0004392954046255222
Real reference,,TTCAAG,0.00048344028597269476
Real reference,,TTCAAT,0.0008371376889616263
Real reference,,TTCACA,0.00043068176924070806
Real reference,,TTCACC,0.00037253973039321246
Real reference,,TTCACG,0.00023256815538998235
Real reference,,TTCACT,0.0005049743744347302
Real reference,,TTCAGA,0.0004236831904905465
Real reference,,TTCAGC,0.0002384900297170421
Real reference,,TTCAGG,0.00013028123519531417
Real reference,,TTCAGT,0.000295017011929885
Real reference,,TTCATA,0.00044467892674103103
Real reference,,TTCATC,0.0007574615616520952
Real reference,,TTCATG,0.00034669882423876995
Real reference,,TTCATT,0.000758538266075197
Real reference,,TTCCAA,0.0005367371549162324
Real reference,,TTCCAC,0.0003052457039493518
Real reference,,TTCCAG,0.0002158792368319049
Real reference,,TTCCAT,0.0004247598949136483
Real reference,,TTCCCA,0.0002794047977949093
Real reference,,TTCCCC,0.00020780395365864164
Real reference,,TTCCCG,0.00019434514836986951
Real reference,,TTCCCT,0.00034077694991171026
Real reference,,TTCCGA,0.00037684654808561955
Real reference,,TTCCGC,0.00013889487058012833
Real reference,,TTCCGG,0.0002524871872173651
Real reference,,TTCCGT,0.00026971445798699344
Real reference,,TTCCTA,0.00022503122442826996
Real reference,,TTCCTC,0.0009108919419440975
Real reference,,TTCCTG,0.00020672724923553987
Real reference,,TTCCTT,0.0008296007579999138
Real reference,,TTCGAA,0.0004694431284723718
Real reference,,TTCGAC,0.0002196477023127611
Real reference,,TTCGAG,0.0002842499676988673
Real reference,,TTCGAT,0.0007014729316508032
Real reference,,TTCGCA,0.00013889487058012833
Real reference,,TTCGCC,0.00019703690942762393
Real reference,,TTCGCG,0.00010282527240621905
Real reference,,TTCGCT,0.00027294457125629873
Real reference,,TTCGGA,0.00022879968990912616
Real reference,,TTCGGC,0.00010982385115638055
Real reference,,TTCGGG,0.00010767044231017701
Real reference,,TTCGGT,0.00023633662087083854
Real reference,,TTCGTA,0.00027778974116025667
Real reference,,TTCGTC,0.00042583659933675006
Real reference,,TTCGTG,0.00028263491106421466
Real reference,,TTCGTT,0.0006131831689564581
Real reference,,TTCTAA,0.0004575993798182523
Real reference,,TTCTAC,0.00036392609500839827
Real reference,,TTCTAG,0.00029717042077608854
Real reference,,TTCTAT,0.0005173564753004006
Real reference,,TTCTCA,0.0007693053103062147
Real reference,,TTCTCC,0.0009598819931952281
Real reference,,TTCTCG,0.0004893621602997545
Real reference,,TTCTCT,0.0018460097334079848
Real reference,,TTCTGA,0.0005098195443386882
Real reference,,TTCTGC,0.0002702528101985443
Real reference,,TTCTGG,0.00040860932856712174
Real reference,,TTCTGT,0.0005324303372238253
Real reference,,TTCTTA,0.0007450794607864249
Real reference,,TTCTTC,0.0028301175761230027
Real reference,,TTCTTG,0.0006304104397260864
Real reference,,TTCTTT,0.0014691631853223652
Real reference,,TTGAAA,0.000716546793574228
Real reference,,TTGAAC,0.0002659459925061372
Real reference,,TTGAAG,0.0004995908523192213
Real reference,,TTGAAT,0.0006540979370343253
Real reference,,TTGACA,0.00023256815538998235
Real reference,,TTGACC,0.00021103406692794693
Real reference,,TTGACG,0.00016042895904216375
Real reference,,TTGACT,0.00037576984366251775
Real reference,,TTGAGA,0.0004645979585684138
Real reference,,TTGAGC,0.00020026702269692923
Real reference,,TTGAGG,0.00019165338731211507
Real reference,,TTGAGT,0.00032570308798828544
Real reference,,TTGATA,0.00039299711443214607
Real reference,,TTGATC,0.0005561178345320643
Real reference,,TTGATG,0.0004473706877987855
Real reference,,TTGATT,0.0012145225892587967
Real reference,,TTGCAA,0.00028155820664111286
Real reference,,TTGCAC,9.04431715405487e-05
Real reference,,TTGCAG,0.0001518153236573496
Real reference,,TTGCAT,0.00022933804212067703
Real reference,,TTGCCA,0.00017388776433093587
Real reference,,TTGCCC,9.528834144450666e-05
Real reference,,TTGCCG,0.0001329729962530686
Real reference,,TTGCCT,0.00018465480856195358
Real reference,,TTGCGA,0.000154507084715104
Real reference,,TTGCGC,6.029544769369913e-05
Real reference,,TTGCGG,7.752271846332745e-05
Real reference,,TTGCGT,0.00014266333606098453
Real reference,,TTGCTA,0.00022072440673586287
Real reference,,TTGCTC,0.00034293035875791376
Real reference,,TTGCTG,0.0002406434385632456
Real reference,,TTGCTT,0.0005841121495327102
Real reference,,TTGGAA,0.0004328351780869116
Real reference,,TTGGAC,0.00015719884577285843
Real reference,,TTGGAG,0.0002740212756794005
Real reference,,TTGGAT,0.0005146647142426461
Real reference,,TTGGCA,0.00013243464404151772
Real reference,,TTGGCC,0.00013674146173392481
Real reference,,TTGGCG,0.00010659373788707524
Real reference,,TTGGCT,0.0002519488350058142
Real reference,,TTGGGA,0.0002584090615444248
Real reference,,TTGGGC,0.0002589474137559757
Real reference,,TTGGGG,0.00019057668288901332
Real reference,,TTGGGT,0.00033916189327705756
Real reference,,TTGGTA,0.0003004005340453939
Real reference,,TTGGTC,0.0002804815022180111
Real reference,,TTGGTG,0.0003413153021232611
Real reference,,TTGGTT,0.0007262371333821439
Real reference,,TTGTAA,0.0004150695551057324
Real reference,,TTGTAC,0.00017873293423489384
Real reference,,TTGTAG,0.00022933804212067703
Real reference,,TTGTAT,0.00038869029673973903
Real reference,,TTGTCA,0.00030201559068004653
Real reference,,TTGTCC,0.00021049571471639606
Real reference,,TTGTCG,0.00020995736250484516
Real reference,,TTGTCT,0.0005351220982815798
Real reference,,TTGTGA,0.00040214910202851116
Real reference,,TTGTGC,0.0001480468581764934
Real reference,,TTGTGG,0.0002987854774107412
Real reference,,TTGTGT,0.0005442740858779448
Real reference,,TTGTTA,0.0005022826133769758
Real reference,,TTGTTC,0.0006390240751109005
Real reference,,TTGTTG,0.0007316206554976528
Real reference,,TTGTTT,0.0014341702915715577
Real reference,,TTTAAA,0.0008812825703087988
Real reference,,TTTAAC,0.00038492183125888284
Real reference,,TTTAAG,0.0003892286489512899
Real reference,,TTTAAT,0.0008468280287695422
Real reference,,TTTACA,0.00038815194452818813
Real reference,,TTTACC,0.0003036306473146992
Real reference,,TTTACG,0.00020026702269692923
Real reference,,TTTACT,0.0004715965373185753
Real reference,,TTTAGA,0.0004678280718377191
Real reference,,TTTAGC,0.00030632240837245357
Real reference,,TTTAGG,0.00035908092510444033
Real reference,,TTTAGT,0.0004925922735690598
Real reference,,TTTATA,0.0006309487919376373
Real reference,,TTTATC,0.0006061845902062966
Real reference,,TTTATG,0.00044198716568327664
Real reference,,TTTATT,0.0011493819716611397
Real reference,,TTTCAA,0.0008974331366553254
Real reference,,TTTCAC,0.000519509884146604
Real reference,,TTTCAG,0.00038492183125888284
Real reference,,TTTCAT,0.0008403678022309316
Real reference,,TTTCCA,0.0005146647142426461
Real reference,,TTTCCC,0.0004188380205865886
Real reference,,TTTCCG,0.00037576984366251775
Real reference,,TTTCCT,0.0006987811705930488
Real reference,,TTTCGA,0.0005808820362634049
Real reference,,TTTCGC,0.00024979542615961067
Real reference,,TTTCGG,0.000234183212024635
Real reference,,TTTCGT,0.0005835737973211594
Real reference,,TTTCTA,0.000632025496360739
Real reference,,TTTCTC,0.0015622981179206684
Real reference,,TTTCTG,0.0006756320254963608
Real reference,,TTTCTT,0.0019224557474482105
Real reference,,TTTGAA,0.0008048365562685732
Real reference,,TTTGAC,0.0003908437055859425
Real reference,,TTTGAG,0.0004759033550109824
Real reference,,TTTGAT,0.0011924501485852104
Real reference,,TTTGCA,0.0002837116154873164
Real reference,,TTTGCC,0.0002384900297170421
Real reference,,TTTGCG,0.00015935225461906197
Real reference,,TTTGCT,0.0005830354451096085
Real reference,,TTTGGA,0.0005781902752056505
Real reference,,TTTGGC,0.00025733235712132306
Real reference,,TTTGGG,0.000473211593953228
Real reference,,TTTGGT,0.0008016064429992679
Real reference,,TTTGTA,0.0005146647142426461
Real reference,,TTTGTC,0.0005394289159739869
Real reference,,TTTGTG,0.000618028338860416
Real reference,,TTTGTT,0.001531612041862268
Real reference,,TTTTAA,0.0010379430638701064
Real reference,,TTTTAC,0.0004861320470304492
Real reference,,TTTTAG,0.0005733451053016926
Real reference,,TTTTAT,0.0011386149274301219
Real reference,,TTTTCA,0.0008705155260777811
Real reference,,TTTTCC,0.0007542314483827899
Real reference,,TTTTCG,0.0005286618717429691
Real reference,,TTTTCT,0.0017124983849433654
Real reference,,TTTTGA,0.0011305396442568586
Real reference,,TTTTGC,0.0005108962487617899
Real reference,,TTTTGG,0.000824217235884405
Real reference,,TTTTGT,0.0014643180154184073
Real reference,,TTTTTA,0.001213445884835695
Real reference,,TTTTTC,0.0014158663163788276
Real reference,,TTTTTG,0.0013835651836857745
Real reference,,TTTTTT,0.0037393944614324474
DDPM,900,AAAAAA,0.0025870967741935483
DDPM,900,AAAAAC,0.0008516129032258065
DDPM,900,AAAAAG,0.0009419354838709678
DDPM,900,AAAAAT,0.0012064516129032259
DDPM,900,AAAACA,0.0009225806451612903
DDPM,900,AAAACC,0.0005741935483870968
DDPM,900,AAAACG,0.00041935483870967743
DDPM,900,AAAACT,0.0006
DDPM,900,AAAAGA,0.0009741935483870967
DDPM,900,AAAAGC,0.0003935483870967742
DDPM,900,AAAAGG,0.0004064516129032258
DDPM,900,AAAAGT,0.0005870967741935484
DDPM,900,AAAATA,0.0007483870967741936
DDPM,900,AAAATC,0.000767741935483871
DDPM,900,AAAATG,0.0005741935483870968
DDPM,900,AAAATT,0.0009354838709677419
DDPM,900,AAACAA,0.0008838709677419354
DDPM,900,AAACAC,0.000432258064516129
DDPM,900,AAACAG,0.00036774193548387097
DDPM,900,AAACAT,0.0004838709677419355
DDPM,900,AAACCA,0.0006258064516129032
DDPM,900,AAACCC,0.0004064516129032258
DDPM,900,AAACCG,0.0003935483870967742
DDPM,900,AAACCT,0.00038064516129032255
DDPM,900,AAACGA,0.00036129032258064514
DDPM,900,AAACGC,0.00021935483870967742
DDPM,900,AAACGG,0.00029032258064516127
DDPM,900,AAACGT,0.0003741935483870968
DDPM,900,AAACTA,0.00030967741935483873
DDPM,900,AAACTC,0.0006
DDPM,900,AAACTG,0.0002645161290322581
DDPM,900,AAACTT,0.0006064516129032258
DDPM,900,AAAGAA,0.0009225806451612903
DDPM,900,AAAGAC,0.00034838709677419355
DDPM,900,AAAGAG,0.0004967741935483871
DDPM,900,AAAGAT,0.0007225806451612903
DDPM,900,AAAGCA,0.00029032258064516127
DDPM,900,AAAGCC,0.00023870967741935483
DDPM,900,AAAGCG,0.0001870967741935484
DDPM,900,AAAGCT,0.0004
DDPM,900,AAAGGA,0.0003870967741935484
DDPM,900,AAAGGC,0.0002
DDPM,900,AAAGGG,0.0002451612903225806
DDPM,900,AAAGGT,0.0003870967741935484
DDPM,900,AAAGTA,0.00034838709677419355
DDPM,900,AAAGTC,0.00036129032258064514
DDPM,900,AAAGTG,0.00030967741935483873
DDPM,900,AAAGTT,0.00047741935483870966
DDPM,900,AAATAA,0.0006967741935483871
DDPM,900,AAATAC,0.00034193548387096773
DDPM,900,AAATAG,0.00034838709677419355
DDPM,900,AAATAT,0.00046451612903225807
DDPM,900,AAATCA,0.0006709677419354838
DDPM,900,AAATCC,0.0004709677419354839
DDPM,900,AAATCG,0.00045806451612903225
DDPM,900,AAATCT,0.0006516129032258064
DDPM,900,AAATGA,0.00047741935483870966
DDPM,900,AAATGC,0.00023225806451612904
DDPM,900,AAATGG,0.0004838709677419355
DDPM,900,AAATGT,0.0003741935483870968
DDPM,900,AAATTA,0.0006516129032258064
DDPM,900,AAATTC,0.0006064516129032258
DDPM,900,AAATTG,0.0006064516129032258
DDPM,900,AAATTT,0.001
DDPM,900,AACAAA,0.0009032258064516129
DDPM,900,AACAAC,0.00042580645161290325
DDPM,900,AACAAG,0.0003354838709677419
DDPM,900,AACAAT,0.0003870967741935484
DDPM,900,AACACA,0.00029032258064516127
DDPM,900,AACACC,0.00021290322580645163
DDPM,900,AACACG,0.0001935483870967742
DDPM,900,AACACT,0.00023870967741935483
DDPM,900,AACAGA,0.0003741935483870968
DDPM,900,AACAGC,0.0001870967741935484
DDPM,900,AACAGG,0.00016774193548387096
DDPM,900,AACAGT,0.00023225806451612904
DDPM,900,AACATA,0.0003548387096774194
DDPM,900,AACATC,0.0002838709677419355
DDPM,900,AACATG,0.0002451612903225806
DDPM,900,AACATT,0.00036129032258064514
DDPM,900,AACCAA,0.0006580645161290323
DDPM,900,AACCAC,0.00034838709677419355
DDPM,900,AACCAG,0.00021935483870967742
DDPM,900,AACCAT,0.00030967741935483873
DDPM,900,AACCCA,0.0003354838709677419
DDPM,900,AACCCC,0.00017419354838709678
DDPM,900,AACCCG,0.0001225806451612903
DDPM,900,AACCCT,0.00018064516129032257
DDPM,900,AACCGA,0.00036774193548387097
DDPM,900,AACCGC,0.00011612903225806452
DDPM,900,AACCGG,0.0002967741935483871
DDPM,900,AACCGT,0.0002064516129032258
DDPM,900,AACCTA,0.00022580645161290321
DDPM,900,AACCTC,0.00023870967741935483
DDPM,900,AACCTG,0.00021290322580645163
DDPM,900,AACCTT,0.0002967741935483871
DDPM,900,AACGAA,0.0003161290322580645
DDPM,900,AACGAC,0.00021935483870967742
DDPM,900,AACGAG,0.00012903225806451613
DDPM,900,AACGAT,0.00022580645161290321
DDPM,900,AACGCA,0.0001225806451612903
DDPM,900,AACGCC,0.00010967741935483871
DDPM,900,AACGCG,0.0001032258064516129
DDPM,900,AACGCT,0.0001935483870967742
DDPM,900,AACGGA,0.0002838709677419355
DDPM,900,AACGGC,0.00017419354838709678
DDPM,900,AACGGG,8.387096774193548e-05
DDPM,900,AACGGT,0.0002064516129032258
DDPM,900,AACGTA,0.00021290322580645163
DDPM,900,AACGTC,0.00014193548387096775
DDPM,900,AACGTG,0.00023225806451612904
DDPM,900,AACGTT,0.00023225806451612904
DDPM,900,AACTAA,0.0003225806451612903
DDPM,900,AACTAC,0.00014838709677419355
DDPM,900,AACTAG,0.00014838709677419355
DDPM,900,AACTAT,0.00029032258064516127
DDPM,900,AACTCA,0.00045806451612903225
DDPM,900,AACTCC,0.00036129032258064514
DDPM,900,AACTCG,0.00023225806451612904
DDPM,900,AACTCT,0.0004
DDPM,900,AACTGA,0.0002967741935483871
DDPM,900,AACTGC,0.00010967741935483871
DDPM,900,AACTGG,0.0002064516129032258
DDPM,900,AACTGT,0.00027096774193548386
DDPM,900,AACTTA,0.0002967741935483871
DDPM,900,AACTTC,0.00046451612903225807
DDPM,900,AACTTG,0.0003032258064516129
DDPM,900,AACTTT,0.00046451612903225807
DDPM,900,AAGAAA,0.0010967741935483872
DDPM,900,AAGAAC,0.0004129032258064516
DDPM,900,AAGAAG,0.0010064516129032258
DDPM,900,AAGAAT,0.0005612903225806451
DDPM,900,AAGACA,0.00036774193548387097
DDPM,900,AAGACC,0.0001935483870967742
DDPM,900,AAGACG,0.0002838709677419355
DDPM,900,AAGACT,0.0002967741935483871
DDPM,900,AAGAGA,0.0007419354838709677
DDPM,900,AAGAGC,0.00021935483870967742
DDPM,900,AAGAGG,0.0002645161290322581
DDPM,900,AAGAGT,0.0003225806451612903
DDPM,900,AAGATA,0.0004
DDPM,900,AAGATC,0.0005161290322580645
DDPM,900,AAGATG,0.0005483870967741936
DDPM,900,AAGATT,0.0006516129032258064
DDPM,900,AAGCAA,0.0004064516129032258
DDPM,900,AAGCAC,0.00016774193548387096
DDPM,900,AAGCAG,0.0003161290322580645
DDPM,900,AAGCAT,0.00021935483870967742
DDPM,900,AAGCCA,0.0002064516129032258
DDPM,900,AAGCCC,0.00013548387096774193
DDPM,900,AAGCCG,0.00021935483870967742
DDPM,900,AAGCCT,0.0001935483870967742
DDPM,900,AAGCGA,0.00014838709677419355
DDPM,900,AAGCGC,9.032258064516129e-05
DDPM,900,AAGCGG,0.0001870967741935484
DDPM,900,AAGCGT,0.00016129032258064516
DDPM,900,AAGCTA,0.00025161290322580645
DDPM,900,AAGCTC,0.0003225806451612903
DDPM,900,AAGCTG,0.00027096774193548386
DDPM,900,AAGCTT,0.0005419354838709677
DDPM,900,AAGGAA,0.00045161290322580643
DDPM,900,AAGGAC,0.00018064516129032257
DDPM,900,AAGGAG,0.0004129032258064516
DDPM,900,AAGGAT,0.0003161290322580645
DDPM,900,AAGGCA,0.00017419354838709678
DDPM,900,AAGGCC,0.0001225806451612903
DDPM,900,AAGGCG,0.00014838709677419355
DDPM,900,AAGGCT,0.00016129032258064516
DDPM,900,AAGGGA,0.00022580645161290321
DDPM,900,AAGGGC,0.00013548387096774193
DDPM,900,AAGGGG,0.0001032258064516129
DDPM,900,AAGGGT,0.00016129032258064516
DDPM,900,AAGGTA,0.00016129032258064516
DDPM,900,AAGGTC,0.00018064516129032257
DDPM,900,AAGGTG,0.0003548387096774194
DDPM,900,AAGGTT,0.0003548387096774194
DDPM,900,AAGTAA,0.00032903225806451614
DDPM,900,AAGTAC,0.00012903225806451613
DDPM,900,AAGTAG,0.00025161290322580645
DDPM,900,AAGTAT,0.00023225806451612904
DDPM,900,AAGTCA,0.00025806451612903227
DDPM,900,AAGTCC,9.67741935483871e-05
DDPM,900,AAGTCG,0.00023870967741935483
DDPM,900,AAGTCT,0.0003161290322580645
DDPM,900,AAGTGA,0.00032903225806451614
DDPM,900,AAGTGC,0.0001032258064516129
DDPM,900,AAGTGG,0.0003548387096774194
DDPM,900,AAGTGT,0.0002
DDPM,900,AAGTTA,0.00021935483870967742
DDPM,900,AAGTTC,0.0003161290322580645
DDPM,900,AAGTTG,0.0003548387096774194
DDPM,900,AAGTTT,0.0005032258064516129
DDPM,900,AATAAA,0.0007870967741935484
DDPM,900,AATAAC,0.0003032258064516129
DDPM,900,AATAAG,0.0003161290322580645
DDPM,900,AATAAT,0.00045161290322580643
DDPM,900,AATACA,0.0004129032258064516
DDPM,900,AATACC,0.0002
DDPM,900,AATACG,0.00011612903225806452
DDPM,900,AATACT,0.0002064516129032258
DDPM,900,AATAGA,0.00032903225806451614
DDPM,900,AATAGC,0.00017419354838709678
DDPM,900,AATAGG,0.00016129032258064516
DDPM,900,AATAGT,0.00030967741935483873
DDPM,900,AATATA,0.0003548387096774194
DDPM,900,AATATC,0.00023870967741935483
DDPM,900,AATATG,0.0002645161290322581
DDPM,900,AATATT,0.00045161290322580643
DDPM,900,AATCAA,0.0006129032258064516
DDPM,900,AATCAC,0.00041935483870967743
DDPM,900,AATCAG,0.00030967741935483873
DDPM,900,AATCAT,0.00044516129032258066
DDPM,900,AATCCA,0.00046451612903225807
DDPM,900,AATCCC,0.00021290322580645163
DDPM,900,AATCCG,0.0002967741935483871
DDPM,900,AATCCT,0.0003741935483870968
DDPM,900,AATCGA,0.00046451612903225807
DDPM,900,AATCGC,0.0001935483870967742
DDPM,900,AATCGG,0.0003354838709677419
DDPM,900,AATCGT,0.00038064516129032255
DDPM,900,AATCTA,0.0003870967741935484
DDPM,900,AATCTC,0.0006387096774193549
DDPM,900,AATCTG,0.00046451612903225807
DDPM,900,AATCTT,0.0005225806451612903
DDPM,900,AATGAA,0.0005741935483870968
DDPM,900,AATGAC,0.0001935483870967742
DDPM,900,AATGAG,0.0002
DDPM,900,AATGAT,0.000432258064516129
DDPM,900,AATGCA,0.0001870967741935484
DDPM,900,AATGCC,0.00010967741935483871
DDPM,900,AATGCG,8.387096774193548e-05
DDPM,900,AATGCT,0.00021290322580645163
DDPM,900,AATGGA,0.0004064516129032258
DDPM,900,AATGGC,0.0002967741935483871
DDPM,900,AATGGG,0.0002774193548387097
DDPM,900,AATGGT,0.00045161290322580643
DDPM,900,AATGTA,0.00015483870967741937
DDPM,900,AATGTC,0.00018064516129032257
DDPM,900,AATGTG,0.00027096774193548386
DDPM,900,AATGTT,0.0003354838709677419
DDPM,900,AATTAA,0.0005741935483870968
DDPM,900,AATTAC,0.00025806451612903227
DDPM,900,AATTAG,0.0004838709677419355
DDPM,900,AATTAT,0.00045806451612903225
DDPM,900,AATTCA,0.0005548387096774194
DDPM,900,AATTCC,0.0003161290322580645
DDPM,900,AATTCG,0.0002838709677419355
DDPM,900,AATTCT,0.0005419354838709677
DDPM,900,AATTGA,0.00045806451612903225
DDPM,900,AATTGC,0.00025806451612903227
DDPM,900,AATTGG,0.00046451612903225807
DDPM,900,AATTGT,0.000535483870967742
DDPM,900,AATTTA,0.0005161290322580645
DDPM,900,AATTTC,0.0008258064516129032
DDPM,900,AATTTG,0.0007161290322580645
DDPM,900,AATTTT,0.0009741935483870967
DDPM,900,ACAAAA,0.0008838709677419354
DDPM,900,ACAAAC,0.00041935483870967743
DDPM,900,ACAAAG,0.0004
DDPM,900,ACAAAT,0.0005032258064516129
DDPM,900,ACAACA,0.00021935483870967742
DDPM,900,ACAACC,0.00023870967741935483
DDPM,900,ACAACG,0.00025161290322580645
DDPM,900,ACAACT,0.0002451612903225806
DDPM,900,ACAAGA,0.00025806451612903227
DDPM,900,ACAAGC,0.0002064516129032258
DDPM,900,ACAAGG,0.00023870967741935483
DDPM,900,ACAAGT,0.00018064516129032257
DDPM,900,ACAATA,0.00021935483870967742
DDPM,900,ACAATC,0.0003870967741935484
DDPM,900,ACAATG,0.0002645161290322581
DDPM,900,ACAATT,0.0004
DDPM,900,ACACAA,0.0002645161290322581
DDPM,900,ACACAC,0.00025161290322580645
DDPM,900,ACACAG,0.00016774193548387096
DDPM,900,ACACAT,0.00021290322580645163
DDPM,900,ACACCA,0.0002064516129032258
DDPM,900,ACACCC,9.032258064516129e-05
DDPM,900,ACACCG,0.00016774193548387096
DDPM,900,ACACCT,0.00014193548387096775
DDPM,900,ACACGA,0.0002774193548387097
DDPM,900,ACACGC,7.096774193548388e-05
DDPM,900,ACACGG,0.00012903225806451613
DDPM,900,ACACGT,0.00014193548387096775
DDPM,900,ACACTA,0.00014193548387096775
DDPM,900,ACACTC,0.0002451612903225806
DDPM,900,ACACTG,0.00013548387096774193
DDPM,900,ACACTT,0.0002451612903225806
DDPM,900,ACAGAA,0.0003161290322580645
DDPM,900,ACAGAC,0.0001225806451612903
DDPM,900,ACAGAG,0.0002451612903225806
DDPM,900,ACAGAT,0.0003032258064516129
DDPM,900,ACAGCA,0.00014193548387096775
DDPM,900,ACAGCC,7.096774193548388e-05
DDPM,900,ACAGCG,0.00013548387096774193
DDPM,900,ACAGCT,0.0002
DDPM,900,ACAGGA,0.00016774193548387096
DDPM,900,ACAGGC,8.387096774193548e-05
DDPM,900,ACAGGG,0.00010967741935483871
DDPM,900,ACAGGT,7.741935483870968e-05
DDPM,900,ACAGTA,0.00014193548387096775
DDPM,900,ACAGTC,0.00014193548387096775
DDPM,900,ACAGTG,0.00018064516129032257
DDPM,900,ACAGTT,0.00021935483870967742
DDPM,900,ACATAA,0.0003032258064516129
DDPM,900,ACATAC,0.00010967741935483871
DDPM,900,ACATAG,0.00014193548387096775
DDPM,900,ACATAT,0.00025806451612903227
DDPM,900,ACATCA,0.0002967741935483871
DDPM,900,ACATCC,0.00015483870967741937
DDPM,900,ACATCG,0.0001935483870967742
DDPM,900,ACATCT,0.00023225806451612904
DDPM,900,ACATGA,0.00027096774193548386
DDPM,900,ACATGC,6.451612903225807e-05
DDPM,900,ACATGG,0.00021290322580645163
DDPM,900,ACATGT,0.00016774193548387096
DDPM,900,ACATTA,0.0001870967741935484
DDPM,900,ACATTC,0.0001935483870967742
DDPM,900,ACATTG,0.0002451612903225806
DDPM,900,ACATTT,0.0004129032258064516
DDPM,900,ACCAAA,0.0006
DDPM,900,ACCAAC,0.0002774193548387097
DDPM,900,ACCAAG,0.00023225806451612904
DDPM,900,ACCAAT,0.0003935483870967742
DDPM,900,ACCACA,0.0003161290322580645
DDPM,900,ACCACC,0.00025161290322580645
DDPM,900,ACCACG,0.00013548387096774193
DDPM,900,ACCACT,0.00022580645161290321
DDPM,900,ACCAGA,0.0001935483870967742
DDPM,900,ACCAGC,8.387096774193548e-05
DDPM,900,ACCAGG,0.00010967741935483871
DDPM,900,ACCAGT,0.00014193548387096775
DDPM,900,ACCATA,0.00013548387096774193
DDPM,900,ACCATC,0.00029032258064516127
DDPM,900,ACCATG,0.00018064516129032257
DDPM,900,ACCATT,0.0002774193548387097
DDPM,900,ACCCAA,0.00030967741935483873
DDPM,900,ACCCAC,0.00016774193548387096
DDPM,900,ACCCAG,9.67741935483871e-05
DDPM,900,ACCCAT,0.00017419354838709678
DDPM,900,ACCCCA,9.032258064516129e-05
DDPM,900,ACCCCC,5.161290322580645e-05
DDPM,900,ACCCCG,5.806451612903226e-05
DDPM,900,ACCCCT,8.387096774193548e-05
DDPM,900,ACCCGA,0.00011612903225806452
DDPM,900,ACCCGC,5.806451612903226e-05
DDPM,900,ACCCGG,7.096774193548388e-05
DDPM,900,ACCCGT,0.00010967741935483871
DDPM,900,ACCCTA,0.00013548387096774193
DDPM,900,ACCCTC,0.0001032258064516129
DDPM,900,ACCCTG,7.096774193548388e-05
DDPM,900,ACCCTT,0.00014838709677419355
DDPM,900,ACCGAA,0.00025806451612903227
DDPM,900,ACCGAC,0.00018064516129032257
DDPM,900,ACCGAG,0.00017419354838709678
DDPM,900,ACCGAT,0.00022580645161290321
DDPM,900,ACCGCA,8.387096774193548e-05
DDPM,900,ACCGCC,0.00015483870967741937
DDPM,900,ACCGCG,5.161290322580645e-05
DDPM,900,ACCGCT,0.00010967741935483871
DDPM,900,ACCGGA,0.00034838709677419355
DDPM,900,ACCGGC,0.00016129032258064516
DDPM,900,ACCGGG,7.741935483870968e-05
DDPM,900,ACCGGT,0.00015483870967741937
DDPM,900,ACCGTA,0.00011612903225806452
DDPM,900,ACCGTC,0.00012903225806451613
DDPM,900,ACCGTG,0.00012903225806451613
DDPM,900,ACCGTT,0.00016129032258064516
DDPM,900,ACCTAA,0.00023870967741935483
DDPM,900,ACCTAC,0.0001032258064516129
DDPM,900,ACCTAG,7.741935483870968e-05
DDPM,900,ACCTAT,0.00014193548387096775
DDPM,900,ACCTCA,0.00025161290322580645
DDPM,900,ACCTCC,0.00018064516129032257
DDPM,900,ACCTCG,0.00011612903225806452
DDPM,900,ACCTCT,0.0001870967741935484
DDPM,900,ACCTGA,0.00014193548387096775
DDPM,900,ACCTGC,5.161290322580645e-05
DDPM,900,ACCTGG,7.741935483870968e-05
DDPM,900,ACCTGT,0.00016129032258064516
DDPM,900,ACCTTA,0.00016129032258064516
DDPM,900,ACCTTC,0.00023870967741935483
DDPM,900,ACCTTG,0.00015483870967741937
DDPM,900,ACCTTT,0.0002645161290322581
DDPM,900,ACGAAA,0.0003870967741935484
DDPM,900,ACGAAC,0.00010967741935483871
DDPM,900,ACGAAG,0.0003354838709677419
DDPM,900,ACGAAT,0.00021935483870967742
DDPM,900,ACGACA,0.00014838709677419355
DDPM,900,ACGACC,0.00012903225806451613
DDPM,900,ACGACG,0.0002645161290322581
DDPM,900,ACGACT,0.00016129032258064516
DDPM,900,ACGAGA,0.00022580645161290321
DDPM,900,ACGAGC,8.387096774193548e-05
DDPM,900,ACGAGG,0.00014838709677419355
DDPM,900,ACGAGT,0.00013548387096774193
DDPM,900,ACGATA,0.00014193548387096775
DDPM,900,ACGATC,0.00025806451612903227
DDPM,900,ACGATG,0.00027096774193548386
DDPM,900,ACGATT,0.00025806451612903227
DDPM,900,ACGCAA,0.00012903225806451613
DDPM,900,ACGCAC,9.67741935483871e-05
DDPM,900,ACGCAG,7.741935483870968e-05
DDPM,900,ACGCAT,5.161290322580645e-05
DDPM,900,ACGCCA,9.67741935483871e-05
DDPM,900,ACGCCC,5.806451612903226e-05
DDPM,900,ACGCCG,0.00014838709677419355
DDPM,900,ACGCCT,3.2258064516129034e-05
DDPM,900,ACGCGA,7.741935483870968e-05
DDPM,900,ACGCGC,3.2258064516129034e-05
DDPM,900,ACGCGG,8.387096774193548e-05
DDPM,900,ACGCGT,7.096774193548388e-05
DDPM,900,ACGCTA,0.0001032258064516129
DDPM,900,ACGCTC,0.00014193548387096775
DDPM,900,ACGCTG,0.00012903225806451613
DDPM,900,ACGCTT,0.00016129032258064516
DDPM,900,ACGGAA,0.00027096774193548386
DDPM,900,ACGGAC,9.67741935483871e-05
DDPM,900,ACGGAG,0.0002967741935483871
DDPM,900,ACGGAT,0.00016774193548387096
DDPM,900,ACGGCA,9.67741935483871e-05
DDPM,900,ACGGCC,0.0001032258064516129
DDPM,900,ACGGCG,0.0002967741935483871
DDPM,900,ACGGCT,0.00013548387096774193
DDPM,900,ACGGGA,0.0001032258064516129
DDPM,900,ACGGGC,1.935483870967742e-05
DDPM,900,ACGGGG,5.806451612903226e-05
DDPM,900,ACGGGT,8.387096774193548e-05
DDPM,900,ACGGTA,0.00012903225806451613
DDPM,900,ACGGTC,0.00013548387096774193
DDPM,900,ACGGTG,0.00023870967741935483
DDPM,900,ACGGTT,0.00023870967741935483
DDPM,900,ACGTAA,0.00016129032258064516
DDPM,900,ACGTAC,6.451612903225807e-05
DDPM,900,ACGTAG,0.00012903225806451613
DDPM,900,ACGTAT,0.00011612903225806452
DDPM,900,ACGTCA,0.00011612903225806452
DDPM,900,ACGTCC,8.387096774193548e-05
DDPM,900,ACGTCG,0.00014193548387096775
DDPM,900,ACGTCT,0.00016774193548387096
DDPM,900,ACGTGA,0.00017419354838709678
DDPM,900,ACGTGC,8.387096774193548e-05
DDPM,900,ACGTGG,0.0001935483870967742
DDPM,900,ACGTGT,0.00014193548387096775
DDPM,900,ACGTTA,0.00012903225806451613
DDPM,900,ACGTTC,0.0001225806451612903
DDPM,900,ACGTTG,0.0001870967741935484
DDPM,900,ACGTTT,0.00022580645161290321
DDPM,900,ACTAAA,0.0002645161290322581
DDPM,900,ACTAAC,0.00018064516129032257
DDPM,900,ACTAAG,0.00013548387096774193
DDPM,900,ACTAAT,0.00022580645161290321
DDPM,900,ACTACA,0.00014838709677419355
DDPM,900,ACTACC,8.387096774193548e-05
DDPM,900,ACTACG,8.387096774193548e-05
DDPM,900,ACTACT,0.0001225806451612903
DDPM,900,ACTAGA,0.0002064516129032258
DDPM,900,ACTAGC,0.00013548387096774193
DDPM,900,ACTAGG,8.387096774193548e-05
DDPM,900,ACTAGT,0.00011612903225806452
DDPM,900,ACTATA,0.00017419354838709678
DDPM,900,ACTATC,0.0001870967741935484
DDPM,900,ACTATG,0.0001870967741935484
DDPM,900,ACTATT,0.0002645161290322581
DDPM,900,ACTCAA,0.00038064516129032255
DDPM,900,ACTCAC,0.00021290322580645163
DDPM,900,ACTCAG,0.0002064516129032258
DDPM,900,ACTCAT,0.0003161290322580645
DDPM,900,ACTCCA,0.00030967741935483873
DDPM,900,ACTCCC,0.00011612903225806452
DDPM,900,ACTCCG,0.00023225806451612904
DDPM,900,ACTCCT,0.00023870967741935483
DDPM,900,ACTCGA,0.0001935483870967742
DDPM,900,ACTCGC,0.00012903225806451613
DDPM,900,ACTCGG,0.00015483870967741937
DDPM,900,ACTCGT,0.00021935483870967742
DDPM,900,ACTCTA,0.0002967741935483871
DDPM,900,ACTCTC,0.00043870967741935484
DDPM,900,ACTCTG,0.00017419354838709678
DDPM,900,ACTCTT,0.0005225806451612903
DDPM,900,ACTGAA,0.00027096774193548386
DDPM,900,ACTGAC,0.00014193548387096775
DDPM,900,ACTGAG,0.00014838709677419355
DDPM,900,ACTGAT,0.00032903225806451614
DDPM,900,ACTGCA,0.0001225806451612903
DDPM,900,ACTGCC,5.806451612903226e-05
DDPM,900,ACTGCG,7.741935483870968e-05
DDPM,900,ACTGCT,0.00015483870967741937
DDPM,900,ACTGGA,0.00025161290322580645
DDPM,900,ACTGGC,0.00016129032258064516
DDPM,900,ACTGGG,0.00013548387096774193
DDPM,900,ACTGGT,0.0002064516129032258
DDPM,900,ACTGTA,0.00015483870967741937
DDPM,900,ACTGTC,0.00018064516129032257
DDPM,900,ACTGTG,0.0002
DDPM,900,ACTGTT,0.0002451612903225806
DDPM,900,ACTTAA,0.0002838709677419355
DDPM,900,ACTTAC,0.00016129032258064516
DDPM,900,ACTTAG,0.00017419354838709678
DDPM,900,ACTTAT,0.0002451612903225806
DDPM,900,ACTTCA,0.00034193548387096773
DDPM,900,ACTTCC,0.0001870967741935484
DDPM,900,ACTTCG,0.00023870967741935483
DDPM,900,ACTTCT,0.00045161290322580643
DDPM,900,ACTTGA,0.00021935483870967742
DDPM,900,ACTTGC,0.0001225806451612903
DDPM,900,ACTTGG,0.0002774193548387097
DDPM,900,ACTTGT,0.00034193548387096773
DDPM,900,ACTTTA,0.00023870967741935483
DDPM,900,ACTTTC,0.00046451612903225807
DDPM,900,ACTTTG,0.0003161290322580645
DDPM,900,ACTTTT,0.0005548387096774194
DDPM,900,AGAAAA,0.0010516129032258064
DDPM,900,AGAAAC,0.0005161290322580645
DDPM,900,AGAAAG,0.0005419354838709677
DDPM,900,AGAAAT,0.0005483870967741936
DDPM,900,AGAACA,0.00032903225806451614
DDPM,900,AGAACC,0.00025161290322580645
DDPM,900,AGAACG,0.00016774193548387096
DDPM,900,AGAACT,0.00029032258064516127
DDPM,900,AGAAGA,0.0011419354838709678
DDPM,900,AGAAGC,0.0005032258064516129
DDPM,900,AGAAGG,0.00041935483870967743
DDPM,900,AGAAGT,0.0003870967741935484
DDPM,900,AGAATA,0.00038064516129032255
DDPM,900,AGAATC,0.0004903225806451613
DDPM,900,AGAATG,0.00030967741935483873
DDPM,900,AGAATT,0.0004
DDPM,900,AGACAA,0.00034193548387096773
DDPM,900,AGACAC,0.00015483870967741937
DDPM,900,AGACAG,0.00012903225806451613
DDPM,900,AGACAT,0.0002064516129032258
DDPM,900,AGACCA,0.00012903225806451613
DDPM,900,AGACCC,0.00010967741935483871
DDPM,900,AGACCG,5.806451612903226e-05
DDPM,900,AGACCT,0.00012903225806451613
DDPM,900,AGACGA,0.00034193548387096773
DDPM,900,AGACGC,0.0001225806451612903
DDPM,900,AGACGG,0.00014193548387096775
DDPM,900,AGACGT,0.00014193548387096775
DDPM,900,AGACTA,0.00014838709677419355
DDPM,900,AGACTC,0.00027096774193548386
DDPM,900,AGACTG,0.00013548387096774193
DDPM,900,AGACTT,0.00021935483870967742
DDPM,900,AGAGAA,0.0006903225806451613
DDPM,900,AGAGAC,0.0002
DDPM,900,AGAGAG,0.0005935483870967742
DDPM,900,AGAGAT,0.000567741935483871
DDPM,900,AGAGCA,0.0001935483870967742
DDPM,900,AGAGCC,0.00016129032258064516
DDPM,900,AGAGCG,0.0001032258064516129
DDPM,900,AGAGCT,0.00027096774193548386
DDPM,900,AGAGGA,0.00034193548387096773
DDPM,900,AGAGGC,8.387096774193548e-05
DDPM,900,AGAGGG,0.00016774193548387096
DDPM,900,AGAGGT,0.0002967741935483871
DDPM,900,AGAGTA,0.00021935483870967742
DDPM,900,AGAGTC,0.00018064516129032257
DDPM,900,AGAGTG,0.0002838709677419355
DDPM,900,AGAGTT,0.00034193548387096773
DDPM,900,AGATAA,0.00042580645161290325
DDPM,900,AGATAC,0.00016129032258064516
DDPM,900,AGATAG,0.00029032258064516127
DDPM,900,AGATAT,0.00023870967741935483
DDPM,900,AGATCA,0.0003935483870967742
DDPM,900,AGATCC,0.00034838709677419355
DDPM,900,AGATCG,0.00027096774193548386
DDPM,900,AGATCT,0.0005290322580645162
DDPM,900,AGATGA,0.000535483870967742
DDPM,900,AGATGC,0.00023870967741935483
DDPM,900,AGATGG,0.00038064516129032255
DDPM,900,AGATGT,0.00030967741935483873
DDPM,900,AGATTA,0.00043870967741935484
DDPM,900,AGATTC,0.0005806451612903225
DDPM,900,AGATTG,0.0004903225806451613
DDPM,900,AGATTT,0.0005935483870967742
DDPM,900,AGCAAA,0.0004129032258064516
DDPM,900,AGCAAC,0.0002838709677419355
DDPM,900,AGCAAG,0.00025806451612903227
DDPM,900,AGCAAT,0.00017419354838709678
DDPM,900,AGCACA,0.00014193548387096775
DDPM,900,AGCACC,9.67741935483871e-05
DDPM,900,AGCACG,7.096774193548388e-05
DDPM,900,AGCACT,0.0001032258064516129
DDPM,900,AGCAGA,0.00032903225806451614
DDPM,900,AGCAGC,0.00025806451612903227
DDPM,900,AGCAGG,0.0001032258064516129
DDPM,900,AGCAGT,0.00021935483870967742
DDPM,900,AGCATA,0.00014193548387096775
DDPM,900,AGCATC,0.00021290322580645163
DDPM,900,AGCATG,0.0001225806451612903
DDPM,900,AGCATT,0.0001870967741935484
DDPM,900,AGCCAA,0.0002
DDPM,900,AGCCAC,9.67741935483871e-05
DDPM,900,AGCCAG,0.00011612903225806452
DDPM,900,AGCCAT,0.00011612903225806452
DDPM,900,AGCCCA,8.387096774193548e-05
DDPM,900,AGCCCC,9.032258064516129e-05
DDPM,900,AGCCCG,2.5806451612903226e-05
DDPM,900,AGCCCT,8.387096774193548e-05
DDPM,900,AGCCGA,0.00016774193548387096
DDPM,900,AGCCGC,9.67741935483871e-05
DDPM,900,AGCCGG,0.00010967741935483871
DDPM,900,AGCCGT,0.00011612903225806452
DDPM,900,AGCCTA,0.00010967741935483871
DDPM,900,AGCCTC,0.0001870967741935484
DDPM,900,AGCCTG,5.806451612903226e-05
DDPM,900,AGCCTT,0.00011612903225806452
DDPM,900,AGCGAA,0.00018064516129032257
DDPM,900,AGCGAC,0.00023225806451612904
DDPM,900,AGCGAG,0.00011612903225806452
DDPM,900,AGCGAT,0.00012903225806451613
DDPM,900,AGCGCA,5.161290322580645e-05
DDPM,900,AGCGCC,8.387096774193548e-05
DDPM,900,AGCGCG,1.935483870967742e-05
DDPM,900,AGCGCT,8.387096774193548e-05
DDPM,900,AGCGGA,0.0002
DDPM,900,AGCGGC,0.0001935483870967742
DDPM,900,AGCGGG,7.096774193548388e-05
DDPM,900,AGCGGT,0.00014838709677419355
DDPM,900,AGCGTA,5.806451612903226e-05
DDPM,900,AGCGTC,0.00015483870967741937
DDPM,900,AGCGTG,0.00014193548387096775
DDPM,900,AGCGTT,0.00016129032258064516
DDPM,900,AGCTAA,0.0002451612903225806
DDPM,900,AGCTAC,0.00011612903225806452
DDPM,900,AGCTAG,0.00010967741935483871
DDPM,900,AGCTAT,0.00021935483870967742
DDPM,900,AGCTCA,0.00022580645161290321
DDPM,900,AGCTCC,0.0002064516129032258
DDPM,900,AGCTCG,0.0001225806451612903
DDPM,900,AGCTCT,0.00042580645161290325
DDPM,900,AGCTGA,0.00022580645161290321
DDPM,900,AGCTGC,0.0001935483870967742
DDPM,900,AGCTGG,0.0002064516129032258
DDPM,900,AGCTGT,0.00022580645161290321
DDPM,900,AGCTTA,0.0001870967741935484
DDPM,900,AGCTTC,0.0005483870967741936
DDPM,900,AGCTTG,0.00021935483870967742
DDPM,900,AGCTTT,0.0005419354838709677
DDPM,900,AGGAAA,0.00043870967741935484
DDPM,900,AGGAAC,0.0002451612903225806
DDPM,900,AGGAAG,0.0003741935483870968
DDPM,900,AGGAAT,0.00036129032258064514
DDPM,900,AGGACA,0.00010967741935483871
DDPM,900,AGGACC,9.032258064516129e-05
DDPM,900,AGGACG,9.032258064516129e-05
DDPM,900,AGGACT,0.0001225806451612903
DDPM,900,AGGAGA,0.00045161290322580643
DDPM,900,AGGAGC,0.00018064516129032257
DDPM,900,AGGAGG,0.00025161290322580645
DDPM,900,AGGAGT,0.0002645161290322581
DDPM,900,AGGATA,0.00021935483870967742
DDPM,900,AGGATC,0.00025161290322580645
DDPM,900,AGGATG,0.00027096774193548386
DDPM,900,AGGATT,0.0003032258064516129
DDPM,900,AGGCAA,0.00016129032258064516
DDPM,900,AGGCAC,7.741935483870968e-05
DDPM,900,AGGCAG,0.0001225806451612903
DDPM,900,AGGCAT,0.0001032258064516129
DDPM,900,AGGCCA,0.00012903225806451613
DDPM,900,AGGCCC,4.516129032258064e-05
DDPM,900,AGGCCG,7.096774193548388e-05
DDPM,900,AGGCCT,9.67741935483871e-05
DDPM,900,AGGCGA,0.00017419354838709678
DDPM,900,AGGCGC,9.032258064516129e-05
DDPM,900,AGGCGG,0.00014838709677419355
DDPM,900,AGGCGT,7.741935483870968e-05
DDPM,900,AGGCTA,0.00011612903225806452
DDPM,900,AGGCTC,0.00014193548387096775
DDPM,900,AGGCTG,7.096774193548388e-05
DDPM,900,AGGCTT,0.00016129032258064516
DDPM,900,AGGGAA,0.00025161290322580645
DDPM,900,AGGGAC,7.741935483870968e-05
DDPM,900,AGGGAG,0.0002064516129032258
DDPM,900,AGGGAT,0.00022580645161290321
DDPM,900,AGGGCA,6.451612903225807e-05
DDPM,900,AGGGCC,0.00010967741935483871
DDPM,900,AGGGCG,6.451612903225807e-05
DDPM,900,AGGGCT,0.0001032258064516129
DDPM,900,AGGGGA,0.00013548387096774193
DDPM,900,AGGGGC,5.161290322580645e-05
DDPM,900,AGGGGG,5.806451612903226e-05
DDPM,900,AGGGGT,0.00010967741935483871
DDPM,900,AGGGTA,0.00010967741935483871
DDPM,900,AGGGTC,0.0001032258064516129
DDPM,900,AGGGTG,0.00014193548387096775
DDPM,900,AGGGTT,0.00036129032258064514
DDPM,900,AGGTAA,0.00016129032258064516
DDPM,900,AGGTAC,0.00010967741935483871
DDPM,900,AGGTAG,0.00017419354838709678
DDPM,900,AGGTAT,0.00014193548387096775
DDPM,900,AGGTCA,0.00014193548387096775
DDPM,900,AGGTCC,9.032258064516129e-05
DDPM,900,AGGTCG,0.0001225806451612903
DDPM,900,AGGTCT,0.0001225806451612903
DDPM,900,AGGTGA,0.00022580645161290321
DDPM,900,AGGTGC,0.00010967741935483871
DDPM,900,AGGTGG,0.0003354838709677419
DDPM,900,AGGTGT,0.00016129032258064516
DDPM,900,AGGTTA,0.0001935483870967742
DDPM,900,AGGTTC,0.00027096774193548386
DDPM,900,AGGTTG,0.00022580645161290321
DDPM,900,AGGTTT,0.00034838709677419355
DDPM,900,AGTAAA,0.00042580645161290325
DDPM,900,AGTAAC,0.00021935483870967742
DDPM,900,AGTAAG,0.00013548387096774193
DDPM,900,AGTAAT,0.00025806451612903227
DDPM,900,AGTACA,0.00014193548387096775
DDPM,900,AGTACC,0.0001225806451612903
DDPM,900,AGTACG,5.806451612903226e-05
DDPM,900,AGTACT,0.00012903225806451613
DDPM,900,AGTAGA,0.00027096774193548386
DDPM,900,AGTAGC,0.00016129032258064516
DDPM,900,AGTAGG,9.67741935483871e-05
DDPM,900,AGTAGT,0.00021935483870967742
DDPM,900,AGTATA,0.00016129032258064516
DDPM,900,AGTATC,0.0001935483870967742
DDPM,900,AGTATG,0.00016129032258064516
DDPM,900,AGTATT,0.0002645161290322581
DDPM,900,AGTCAA,0.00038064516129032255
DDPM,900,AGTCAC,0.0002064516129032258
DDPM,900,AGTCAG,0.00017419354838709678
DDPM,900,AGTCAT,0.00018064516129032257
DDPM,900,AGTCCA,0.00014193548387096775
DDPM,900,AGTCCC,3.2258064516129034e-05
DDPM,900,AGTCCG,7.096774193548388e-05
DDPM,900,AGTCCT,0.00010967741935483871
DDPM,900,AGTCGA,0.0002451612903225806
DDPM,900,AGTCGC,0.00011612903225806452
DDPM,900,AGTCGG,0.00015483870967741937
DDPM,900,AGTCGT,0.0001870967741935484
DDPM,900,AGTCTA,0.00016774193548387096
DDPM,900,AGTCTC,0.0003354838709677419
DDPM,900,AGTCTG,0.00013548387096774193
DDPM,900,AGTCTT,0.0002967741935483871
DDPM,900,AGTGAA,0.0004064516129032258
DDPM,900,AGTGAC,0.0002
DDPM,900,AGTGAG,0.00018064516129032257
DDPM,900,AGTGAT,0.0003225806451612903
DDPM,900,AGTGCA,6.451612903225807e-05
DDPM,900,AGTGCC,0.0001032258064516129
DDPM,900,AGTGCG,8.387096774193548e-05
DDPM,900,AGTGCT,8.387096774193548e-05
DDPM,900,AGTGGA,0.0003870967741935484
DDPM,900,AGTGGC,0.00021935483870967742
DDPM,900,AGTGGG,0.00017419354838709678
DDPM,900,AGTGGT,0.0002774193548387097
DDPM,900,AGTGTA,0.00014838709677419355
DDPM,900,AGTGTC,0.00017419354838709678
DDPM,900,AGTGTG,0.0002645161290322581
DDPM,900,AGTGTT,0.0004
DDPM,900,AGTTAA,0.0002838709677419355
DDPM,900,AGTTAC,0.00016129032258064516
DDPM,900,AGTTAG,0.00015483870967741937
DDPM,900,AGTTAT,0.00023870967741935483
DDPM,900,AGTTCA,0.0002967741935483871
DDPM,900,AGTTCC,0.00014838709677419355
DDPM,900,AGTTCG,0.0001935483870967742
DDPM,900,AGTTCT,0.00041935483870967743
DDPM,900,AGTTGA,0.0004064516129032258
DDPM,900,AGTTGC,0.00017419354838709678
DDPM,900,AGTTGG,0.0002838709677419355
DDPM,900,AGTTGT,0.00034838709677419355
DDPM,900,AGTTTA,0.0003354838709677419
DDPM,900,AGTTTC,0.0004838709677419355
DDPM,900,AGTTTG,0.0003935483870967742
DDPM,900,AGTTTT,0.0007032258064516129
DDPM,900,ATAAAA,0.000767741935483871
DDPM,900,ATAAAC,0.00029032258064516127
DDPM,900,ATAAAG,0.00034193548387096773
DDPM,900,ATAAAT,0.0004967741935483871
DDPM,900,ATAACA,0.00036129032258064514
DDPM,900,ATAACC,0.0002838709677419355
DDPM,900,ATAACG,0.00010967741935483871
DDPM,900,ATAACT,0.0002645161290322581
DDPM,900,ATAAGA,0.0003935483870967742
DDPM,900,ATAAGC,0.00016129032258064516
DDPM,900,ATAAGG,0.0001935483870967742
DDPM,900,ATAAGT,0.00022580645161290321
DDPM,900,ATAATA,0.00034838709677419355
DDPM,900,ATAATC,0.0003161290322580645
DDPM,900,ATAATG,0.00023225806451612904
DDPM,900,ATAATT,0.000535483870967742
DDPM,900,ATACAA,0.0003032258064516129
DDPM,900,ATACAC,0.0002064516129032258
DDPM,900,ATACAG,0.0001870967741935484
DDPM,900,ATACAT,0.0003032258064516129
DDPM,900,ATACCA,0.00021290322580645163
DDPM,900,ATACCC,6.451612903225807e-05
DDPM,900,ATACCG,0.0001032258064516129
DDPM,900,ATACCT,0.00014838709677419355
DDPM,900,ATACGA,0.0002064516129032258
DDPM,900,ATACGC,4.516129032258064e-05
DDPM,900,ATACGG,0.0001032258064516129
DDPM,900,ATACGT,0.00010967741935483871
DDPM,900,ATACTA,0.00018064516129032257
DDPM,900,ATACTC,0.0002064516129032258
DDPM,900,ATACTG,0.00016129032258064516
DDPM,900,ATACTT,0.0002967741935483871
DDPM,900,ATAGAA,0.00034193548387096773
DDPM,900,ATAGAC,0.00014838709677419355
DDPM,900,ATAGAG,0.00021935483870967742
DDPM,900,ATAGAT,0.0003741935483870968
DDPM,900,ATAGCA,0.0002064516129032258
DDPM,900,ATAGCC,6.451612903225807e-05
DDPM,900,ATAGCG,7.096774193548388e-05
DDPM,900,ATAGCT,0.00017419354838709678
DDPM,900,ATAGGA,0.00010967741935483871
DDPM,900,ATAGGC,9.032258064516129e-05
DDPM,900,ATAGGG,0.00016774193548387096
DDPM,900,ATAGGT,0.0001225806451612903
DDPM,900,ATAGTA,0.00022580645161290321
DDPM,900,ATAGTC,0.00014193548387096775
DDPM,900,ATAGTG,0.0002064516129032258
DDPM,900,ATAGTT,0.0003161290322580645
DDPM,900,ATATAA,0.0003935483870967742
DDPM,900,ATATAC,0.00016774193548387096
DDPM,900,ATATAG,0.00021290322580645163
DDPM,900,ATATAT,0.0002838709677419355
DDPM,900,ATATCA,0.00021935483870967742
DDPM,900,ATATCC,0.00018064516129032257
DDPM,900,ATATCG,0.00014838709677419355
DDPM,900,ATATCT,0.00036774193548387097
DDPM,900,ATATGA,0.00021935483870967742
DDPM,900,ATATGC,9.032258064516129e-05
DDPM,900,ATATGG,0.0002774193548387097
DDPM,900,ATATGT,0.0002064516129032258
DDPM,900,ATATTA,0.0002645161290322581
DDPM,900,ATATTC,0.00023225806451612904
DDPM,900,ATATTG,0.0003741935483870968
DDPM,900,ATATTT,0.0005032258064516129
DDPM,900,ATCAAA,0.000567741935483871
DDPM,900,ATCAAC,0.00036129032258064514
DDPM,900,ATCAAG,0.0002967741935483871
DDPM,900,ATCAAT,0.0005096774193548387
DDPM,900,ATCACA,0.0003032258064516129
DDPM,900,ATCACC,0.00032903225806451614
DDPM,900,ATCACG,0.00018064516129032257
DDPM,900,ATCACT,0.0003741935483870968
DDPM,900,ATCAGA,0.00041935483870967743
DDPM,900,ATCAGC,0.0001935483870967742
DDPM,900,ATCAGG,0.00014193548387096775
DDPM,900,ATCAGT,0.0002
DDPM,900,ATCATA,0.00034838709677419355
DDPM,900,ATCATC,0.000432258064516129
DDPM,900,ATCATG,0.0002774193548387097
DDPM,900,ATCATT,0.0004064516129032258
DDPM,900,ATCCAA,0.0004838709677419355
DDPM,900,ATCCAC,0.0002451612903225806
DDPM,900,ATCCAG,0.00018064516129032257
DDPM,900,ATCCAT,0.00029032258064516127
DDPM,900,ATCCCA,0.0002064516129032258
DDPM,900,ATCCCC,9.67741935483871e-05
DDPM,900,ATCCCG,0.0001225806451612903
DDPM,900,ATCCCT,0.00021935483870967742
DDPM,900,ATCCGA,0.00025161290322580645
DDPM,900,ATCCGC,0.00015483870967741937
DDPM,900,ATCCGG,0.00017419354838709678
DDPM,900,ATCCGT,0.00023870967741935483
DDPM,900,ATCCTA,0.0001935483870967742
DDPM,900,ATCCTC,0.0003741935483870968
DDPM,900,ATCCTG,0.00015483870967741937
DDPM,900,ATCCTT,0.00036774193548387097
DDPM,900,ATCGAA,0.0004709677419354839
DDPM,900,ATCGAC,0.00023225806451612904
DDPM,900,ATCGAG,0.00021290322580645163
DDPM,900,ATCGAT,0.0003870967741935484
DDPM,900,ATCGCA,0.00012903225806451613
DDPM,900,ATCGCC,0.0001870967741935484
DDPM,900,ATCGCG,6.451612903225807e-05
DDPM,900,ATCGCT,0.00021935483870967742
DDPM,900,ATCGGA,0.0003935483870967742
DDPM,900,ATCGGC,0.00021290322580645163
DDPM,900,ATCGGG,0.0001870967741935484
DDPM,900,ATCGGT,0.00034193548387096773
DDPM,900,ATCGTA,0.00015483870967741937
DDPM,900,ATCGTC,0.00025806451612903227
DDPM,900,ATCGTG,0.0001870967741935484
DDPM,900,ATCGTT,0.0003741935483870968
DDPM,900,ATCTAA,0.00036129032258064514
DDPM,900,ATCTAC,0.0002774193548387097
DDPM,900,ATCTAG,0.00017419354838709678
DDPM,900,ATCTAT,0.0003032258064516129
DDPM,900,ATCTCA,0.00042580645161290325
DDPM,900,ATCTCC,0.00034193548387096773
DDPM,900,ATCTCG,0.00029032258064516127
DDPM,900,ATCTCT,0.0008709677419354839
DDPM,900,ATCTGA,0.00045161290322580643
DDPM,900,ATCTGC,0.0001870967741935484
DDPM,900,ATCTGG,0.00027096774193548386
DDPM,900,ATCTGT,0.00036774193548387097
DDPM,900,ATCTTA,0.0003548387096774194
DDPM,900,ATCTTC,0.0007290322580645162
DDPM,900,ATCTTG,0.00036129032258064514
DDPM,900,ATCTTT,0.0006903225806451613
DDPM,900,ATGAAA,0.0005161290322580645
DDPM,900,ATGAAC,0.0001870967741935484
DDPM,900,ATGAAG,0.0004838709677419355
DDPM,900,ATGAAT,0.00042580645161290325
DDPM,900,ATGACA,0.0001935483870967742
DDPM,900,ATGACC,9.67741935483871e-05
DDPM,900,ATGACG,0.00023870967741935483
DDPM,900,ATGACT,0.00025806451612903227
DDPM,900,ATGAGA,0.0003354838709677419
DDPM,900,ATGAGC,9.67741935483871e-05
DDPM,900,ATGAGG,0.0002064516129032258
DDPM,900,ATGAGT,0.0002967741935483871
DDPM,900,ATGATA,0.0002774193548387097
DDPM,900,ATGATC,0.00032903225806451614
DDPM,900,ATGATG,0.0003870967741935484
DDPM,900,ATGATT,0.0005225806451612903
DDPM,900,ATGCAA,0.00023225806451612904
DDPM,900,ATGCAC,0.0001032258064516129
DDPM,900,ATGCAG,0.00016129032258064516
DDPM,900,ATGCAT,0.00011612903225806452
DDPM,900,ATGCCA,0.00010967741935483871
DDPM,900,ATGCCC,2.5806451612903226e-05
DDPM,900,ATGCCG,7.741935483870968e-05
DDPM,900,ATGCCT,9.67741935483871e-05
DDPM,900,ATGCGA,0.00014193548387096775
DDPM,900,ATGCGC,3.2258064516129034e-05
DDPM,900,ATGCGG,6.451612903225807e-05
DDPM,900,ATGCGT,0.0001032258064516129
DDPM,900,ATGCTA,0.00013548387096774193
DDPM,900,ATGCTC,0.00018064516129032257
DDPM,900,ATGCTG,0.0002064516129032258
DDPM,900,ATGCTT,0.0002967741935483871
DDPM,900,ATGGAA,0.00041935483870967743
DDPM,900,ATGGAC,0.00022580645161290321
DDPM,900,ATGGAG,0.00042580645161290325
DDPM,900,ATGGAT,0.0004129032258064516
DDPM,900,ATGGCA,0.0002
DDPM,900,ATGGCC,0.00013548387096774193
DDPM,900,ATGGCG,0.0003225806451612903
DDPM,900,ATGGCT,0.0003935483870967742
DDPM,900,ATGGGA,0.0002064516129032258
DDPM,900,ATGGGC,0.00011612903225806452
DDPM,900,ATGGGG,0.00018064516129032257
DDPM,900,ATGGGT,0.0002967741935483871
DDPM,900,ATGGTA,0.00023225806451612904
DDPM,900,ATGGTC,0.00021935483870967742
DDPM,900,ATGGTG,0.00038064516129032255
DDPM,900,ATGGTT,0.00047741935483870966
DDPM,900,ATGTAA,0.00027096774193548386
DDPM,900,ATGTAC,9.032258064516129e-05
DDPM,900,ATGTAG,0.00016129032258064516
DDPM,900,ATGTAT,0.0001870967741935484
DDPM,900,ATGTCA,0.00022580645161290321
DDPM,900,ATGTCC,0.00013548387096774193
DDPM,900,ATGTCG,0.00015483870967741937
DDPM,900,ATGTCT,0.0001870967741935484
DDPM,900,ATGTGA,0.00025806451612903227
DDPM,900,ATGTGC,9.67741935483871e-05
DDPM,900,ATGTGG,0.00022580645161290321
DDPM,900,ATGTGT,0.0002774193548387097
DDPM,900,ATGTTA,0.00021935483870967742
DDPM,900,ATGTTC,0.0003032258064516129
DDPM,900,ATGTTG,0.00034838709677419355
DDPM,900,ATGTTT,0.000432258064516129
DDPM,900,ATTAAA,0.000632258064516129
DDPM,900,ATTAAC,0.0002451612903225806
DDPM,900,ATTAAG,0.0002645161290322581
DDPM,900,ATTAAT,0.00043870967741935484
DDPM,900,ATTACA,0.00027096774193548386
DDPM,900,ATTACC,0.00017419354838709678
DDPM,900,ATTACG,9.67741935483871e-05
DDPM,900,ATTACT,0.00025806451612903227
DDPM,900,ATTAGA,0.00036774193548387097
DDPM,900,ATTAGC,0.00016129032258064516
DDPM,900,ATTAGG,0.0002838709677419355
DDPM,900,ATTAGT,0.00032903225806451614
DDPM,900,ATTATA,0.0003161290322580645
DDPM,900,ATTATC,0.0002967741935483871
DDPM,900,ATTATG,0.0003032258064516129
DDPM,900,ATTATT,0.0005161290322580645
DDPM,900,ATTCAA,0.0005161290322580645
DDPM,900,ATTCAC,0.0002967741935483871
DDPM,900,ATTCAG,0.00025161290322580645
DDPM,900,ATTCAT,0.00045161290322580643
DDPM,900,ATTCCA,0.00027096774193548386
DDPM,900,ATTCCC,0.00018064516129032257
DDPM,900,ATTCCG,0.0002064516129032258
DDPM,900,ATTCCT,0.0002774193548387097
DDPM,900,ATTCGA,0.0003225806451612903
DDPM,900,ATTCGC,0.00016129032258064516
DDPM,900,ATTCGG,0.00022580645161290321
DDPM,900,ATTCGT,0.00025161290322580645
DDPM,900,ATTCTA,0.00036774193548387097
DDPM,900,ATTCTC,0.0006193548387096775
DDPM,900,ATTCTG,0.00041935483870967743
DDPM,900,ATTCTT,0.0006709677419354838
DDPM,900,ATTGAA,0.000535483870967742
DDPM,900,ATTGAC,0.00023225806451612904
DDPM,900,ATTGAG,0.00032903225806451614
DDPM,900,ATTGAT,0.0005225806451612903
DDPM,900,ATTGCA,0.00022580645161290321
DDPM,900,ATTGCC,0.00017419354838709678
DDPM,900,ATTGCG,0.00016129032258064516
DDPM,900,ATTGCT,0.00029032258064516127
DDPM,900,ATTGGA,0.0005032258064516129
DDPM,900,ATTGGC,0.0002064516129032258
DDPM,900,ATTGGG,0.0002838709677419355
DDPM,900,ATTGGT,0.00045161290322580643
DDPM,900,ATTGTA,0.0003354838709677419
DDPM,900,ATTGTC,0.0003225806451612903
DDPM,900,ATTGTG,0.0004129032258064516
DDPM,900,ATTGTT,0.0006451612903225806
DDPM,900,ATTTAA,0.0005225806451612903
DDPM,900,ATTTAC,0.0003225806451612903
DDPM,900,ATTTAG,0.0003032258064516129
DDPM,900,ATTTAT,0.00047741935483870966
DDPM,900,ATTTCA,0.0005612903225806451
DDPM,900,ATTTCC,0.00045161290322580643
DDPM,900,ATTTCG,0.00045161290322580643
DDPM,900,ATTTCT,0.0008516129032258065
DDPM,900,ATTTGA,0.0006193548387096775
DDPM,900,ATTTGC,0.00029032258064516127
DDPM,900,ATTTGG,0.0006967741935483871
DDPM,900,ATTTGT,0.0006838709677419355
DDPM,900,ATTTTA,0.0005161290322580645
DDPM,900,ATTTTC,0.0007354838709677419
DDPM,900,ATTTTG,0.0008258064516129032
DDPM,900,ATTTTT,0.0012838709677419355
DDPM,900,CAAAAA,0.0010129032258064516
DDPM,900,CAAAAC,0.000632258064516129
DDPM,900,CAAAAG,0.0004967741935483871
DDPM,900,CAAAAT,0.0006129032258064516
DDPM,900,CAAACA,0.0004064516129032258
DDPM,900,CAAACC,0.0004903225806451613
DDPM,900,CAAACG,0.0002774193548387097
DDPM,900,CAAACT,0.0002967741935483871
DDPM,900,CAAAGA,0.00047741935483870966
DDPM,900,CAAAGC,0.00021290322580645163
DDPM,900,CAAAGG,0.0002838709677419355
DDPM,900,CAAAGT,0.0003354838709677419
DDPM,900,CAAATA,0.00038064516129032255
DDPM,900,CAAATC,0.0005290322580645162
DDPM,900,CAAATG,0.00030967741935483873
DDPM,900,CAAATT,0.0006258064516129032
DDPM,900,CAACAA,0.0004064516129032258
DDPM,900,CAACAC,0.00021290322580645163
DDPM,900,CAACAG,0.0002645161290322581
DDPM,900,CAACAT,0.00025161290322580645
DDPM,900,CAACCA,0.0003354838709677419
DDPM,900,CAACCC,0.00016129032258064516
DDPM,900,CAACCG,0.00014193548387096775
DDPM,900,CAACCT,0.00014193548387096775
DDPM,900,CAACGA,0.00025161290322580645
DDPM,900,CAACGC,0.00012903225806451613
DDPM,900,CAACGG,0.0001870967741935484
DDPM,900,CAACGT,0.00018064516129032257
DDPM,900,CAACTA,0.0001870967741935484
DDPM,900,CAACTC,0.00032903225806451614
DDPM,900,CAACTG,0.0001935483870967742
DDPM,900,CAACTT,0.0003032258064516129
DDPM,900,CAAGAA,0.0005290322580645162
DDPM,900,CAAGAC,0.00021290322580645163
DDPM,900,CAAGAG,0.0001935483870967742
DDPM,900,CAAGAT,0.0003225806451612903
DDPM,900,CAAGCA,0.00021290322580645163
DDPM,900,CAAGCC,0.00015483870967741937
DDPM,900,CAAGCG,9.67741935483871e-05
DDPM,900,CAAGCT,0.0003161290322580645
DDPM,900,CAAGGA,0.00023870967741935483
DDPM,900,CAAGGC,0.00016774193548387096
DDPM,900,CAAGGG,7.096774193548388e-05
DDPM,900,CAAGGT,0.00017419354838709678
DDPM,900,CAAGTA,0.0001870967741935484
DDPM,900,CAAGTC,0.0002
DDPM,900,CAAGTG,0.00022580645161290321
DDPM,900,CAAGTT,0.00023870967741935483
DDPM,900,CAATAA,0.00038064516129032255
DDPM,900,CAATAC,0.00021935483870967742
DDPM,900,CAATAG,0.00013548387096774193
DDPM,900,CAATAT,0.0002645161290322581
DDPM,900,CAATCA,0.0003225806451612903
DDPM,900,CAATCC,0.0003161290322580645
DDPM,900,CAATCG,0.0003032258064516129
DDPM,900,CAATCT,0.0003935483870967742
DDPM,900,CAATGA,0.0003225806451612903
DDPM,900,CAATGC,0.00012903225806451613
DDPM,900,CAATGG,0.0003225806451612903
DDPM,900,CAATGT,0.00018064516129032257
DDPM,900,CAATTA,0.00034838709677419355
DDPM,900,CAATTC,0.0003548387096774194
DDPM,900,CAATTG,0.0003032258064516129
DDPM,900,CAATTT,0.0007354838709677419
DDPM,900,CACAAA,0.0003935483870967742
DDPM,900,CACAAC,0.00017419354838709678
DDPM,900,CACAAG,0.00016129032258064516
DDPM,900,CACAAT,0.0002774193548387097
DDPM,900,CACACA,0.00025806451612903227
DDPM,900,CACACC,0.00017419354838709678
DDPM,900,CACACG,9.67741935483871e-05
DDPM,900,CACACT,0.00021290322580645163
DDPM,900,CACAGA,0.00016774193548387096
DDPM,900,CACAGC,0.00011612903225806452
DDPM,900,CACAGG,0.00011612903225806452
DDPM,900,CACAGT,0.00013548387096774193
DDPM,900,CACATA,0.00012903225806451613
DDPM,900,CACATC,0.00021935483870967742
DDPM,900,CACATG,0.00012903225806451613
DDPM,900,CACATT,0.0002645161290322581
DDPM,900,CACCAA,0.00030967741935483873
DDPM,900,CACCAC,0.0001935483870967742
DDPM,900,CACCAG,0.0001032258064516129
DDPM,900,CACCAT,0.00023225806451612904
DDPM,900,CACCCA,0.00017419354838709678
DDPM,900,CACCCC,5.161290322580645e-05
DDPM,900,CACCCG,5.161290322580645e-05
DDPM,900,CACCCT,0.0001225806451612903
DDPM,900,CACCGA,0.00022580645161290321
DDPM,900,CACCGC,0.00016129032258064516
DDPM,900,CACCGG,0.00025806451612903227
DDPM,900,CACCGT,0.0001870967741935484
DDPM,900,CACCTA,0.0001225806451612903
DDPM,900,CACCTC,0.00021290322580645163
DDPM,900,CACCTG,5.806451612903226e-05
DDPM,900,CACCTT,0.00016129032258064516
DDPM,900,CACGAA,0.00021290322580645163
DDPM,900,CACGAC,0.00018064516129032257
DDPM,900,CACGAG,0.00014838709677419355
DDPM,900,CACGAT,0.0002064516129032258
DDPM,900,CACGCA,0.0001032258064516129
DDPM,900,CACGCC,8.387096774193548e-05
DDPM,900,CACGCG,2.5806451612903226e-05
DDPM,900,CACGCT,7.741935483870968e-05
DDPM,900,CACGGA,0.00017419354838709678
DDPM,900,CACGGC,0.00014193548387096775
DDPM,900,CACGGG,5.806451612903226e-05
DDPM,900,CACGGT,0.00016774193548387096
DDPM,900,CACGTA,7.741935483870968e-05
DDPM,900,CACGTC,0.00014838709677419355
DDPM,900,CACGTG,0.00010967741935483871
DDPM,900,CACGTT,0.00014838709677419355
DDPM,900,CACTAA,0.00016129032258064516
DDPM,900,CACTAC,0.00012903225806451613
DDPM,900,CACTAG,0.00012903225806451613
DDPM,900,CACTAT,0.0002064516129032258
DDPM,900,CACTCA,0.0002451612903225806
DDPM,900,CACTCC,0.0001935483870967742
DDPM,900,CACTCG,0.00014838709677419355
DDPM,900,CACTCT,0.00036774193548387097
DDPM,900,CACTGA,0.0002
DDPM,900,CACTGC,0.00013548387096774193
DDPM,900,CACTGG,0.00016129032258064516
DDPM,900,CACTGT,0.00017419354838709678
DDPM,900,CACTTA,0.00017419354838709678
DDPM,900,CACTTC,0.00027096774193548386
DDPM,900,CACTTG,0.00018064516129032257
DDPM,900,CACTTT,0.0003225806451612903
DDPM,900,CAGAAA,0.00045161290322580643
DDPM,900,CAGAAC,0.00017419354838709678
DDPM,900,CAGAAG,0.00034193548387096773
DDPM,900,CAGAAT,0.0002645161290322581
DDPM,900,CAGACA,0.0001032258064516129
DDPM,900,CAGACC,9.032258064516129e-05
DDPM,900,CAGACG,0.00012903225806451613
DDPM,900,CAGACT,9.67741935483871e-05
DDPM,900,CAGAGA,0.0004
DDPM,900,CAGAGC,0.0001935483870967742
DDPM,900,CAGAGG,0.0002
DDPM,900,CAGAGT,0.0001935483870967742
DDPM,900,CAGATA,0.0002
DDPM,900,CAGATC,0.0003225806451612903
DDPM,900,CAGATG,0.00017419354838709678
DDPM,900,CAGATT,0.0003741935483870968
DDPM,900,CAGCAA,0.0002451612903225806
DDPM,900,CAGCAC,0.00011612903225806452
DDPM,900,CAGCAG,0.00014838709677419355
DDPM,900,CAGCAT,0.00013548387096774193
DDPM,900,CAGCCA,9.67741935483871e-05
DDPM,900,CAGCCC,5.161290322580645e-05
DDPM,900,CAGCCG,7.096774193548388e-05
DDPM,900,CAGCCT,6.451612903225807e-05
DDPM,900,CAGCGA,0.00018064516129032257
DDPM,900,CAGCGC,7.096774193548388e-05
DDPM,900,CAGCGG,0.00021935483870967742
DDPM,900,CAGCGT,0.00014838709677419355
DDPM,900,CAGCTA,0.00014193548387096775
DDPM,900,CAGCTC,0.00016129032258064516
DDPM,900,CAGCTG,0.00023225806451612904
DDPM,900,CAGCTT,0.00025161290322580645
DDPM,900,CAGGAA,0.0002774193548387097
DDPM,900,CAGGAC,6.451612903225807e-05
DDPM,900,CAGGAG,0.0001870967741935484
DDPM,900,CAGGAT,0.00016774193548387096
DDPM,900,CAGGCA,6.451612903225807e-05
DDPM,900,CAGGCC,5.161290322580645e-05
DDPM,900,CAGGCG,7.096774193548388e-05
DDPM,900,CAGGCT,6.451612903225807e-05
DDPM,900,CAGGGA,0.00015483870967741937
DDPM,900,CAGGGC,7.096774193548388e-05
DDPM,900,CAGGGG,4.516129032258064e-05
DDPM,900,CAGGGT,5.806451612903226e-05
DDPM,900,CAGGTA,8.387096774193548e-05
DDPM,900,CAGGTC,5.806451612903226e-05
DDPM,900,CAGGTG,9.67741935483871e-05
DDPM,900,CAGGTT,0.00016129032258064516
DDPM,900,CAGTAA,0.00023225806451612904
DDPM,900,CAGTAC,7.741935483870968e-05
DDPM,900,CAGTAG,0.00014193548387096775
DDPM,900,CAGTAT,9.67741935483871e-05
DDPM,900,CAGTCA,0.00023225806451612904
DDPM,900,CAGTCC,4.516129032258064e-05
DDPM,900,CAGTCG,0.00011612903225806452
DDPM,900,CAGTCT,0.00015483870967741937
DDPM,900,CAGTGA,0.00018064516129032257
DDPM,900,CAGTGC,0.00010967741935483871
DDPM,900,CAGTGG,0.00021935483870967742
DDPM,900,CAGTGT,0.00021935483870967742
DDPM,900,CAGTTA,0.0001870967741935484
DDPM,900,CAGTTC,0.0002064516129032258
DDPM,900,CAGTTG,0.0002064516129032258
DDPM,900,CAGTTT,0.0003225806451612903
DDPM,900,CATAAA,0.00036129032258064514
DDPM,900,CATAAC,0.0002064516129032258
DDPM,900,CATAAG,0.00014193548387096775
DDPM,900,CATAAT,0.0002645161290322581
DDPM,900,CATACA,0.00017419354838709678
DDPM,900,CATACC,7.741935483870968e-05
DDPM,900,CATACG,7.096774193548388e-05
DDPM,900,CATACT,0.00013548387096774193
DDPM,900,CATAGA,0.00023870967741935483
DDPM,900,CATAGC,0.0001032258064516129
DDPM,900,CATAGG,0.00010967741935483871
DDPM,900,CATAGT,0.00012903225806451613
DDPM,900,CATATA,0.00014193548387096775
DDPM,900,CATATC,0.0002
DDPM,900,CATATG,0.0001935483870967742
DDPM,900,CATATT,0.00021290322580645163
DDPM,900,CATCAA,0.00047741935483870966
DDPM,900,CATCAC,0.00029032258064516127
DDPM,900,CATCAG,0.0001870967741935484
DDPM,900,CATCAT,0.0003935483870967742
DDPM,900,CATCCA,0.00015483870967741937
DDPM,900,CATCCC,9.032258064516129e-05
DDPM,900,CATCCG,0.00015483870967741937
DDPM,900,CATCCT,0.0001870967741935484
DDPM,900,CATCGA,0.0002774193548387097
DDPM,900,CATCGC,0.0001870967741935484
DDPM,900,CATCGG,0.0002838709677419355
DDPM,900,CATCGT,0.0001870967741935484
DDPM,900,CATCTA,0.00014193548387096775
DDPM,900,CATCTC,0.00034838709677419355
DDPM,900,CATCTG,0.0002064516129032258
DDPM,900,CATCTT,0.00042580645161290325
DDPM,900,CATGAA,0.0002645161290322581
DDPM,900,CATGAC,0.00013548387096774193
DDPM,900,CATGAG,0.0001225806451612903
DDPM,900,CATGAT,0.0001935483870967742
DDPM,900,CATGCA,8.387096774193548e-05
DDPM,900,CATGCC,5.806451612903226e-05
DDPM,900,CATGCG,3.870967741935484e-05
DDPM,900,CATGCT,0.00012903225806451613
DDPM,900,CATGGA,0.0002838709677419355
DDPM,900,CATGGC,0.00025806451612903227
DDPM,900,CATGGG,0.00012903225806451613
DDPM,900,CATGGT,0.0002
DDPM,900,CATGTA,0.00014838709677419355
DDPM,900,CATGTC,0.00013548387096774193
DDPM,900,CATGTG,0.00012903225806451613
DDPM,900,CATGTT,0.00018064516129032257
DDPM,900,CATTAA,0.0002645161290322581
DDPM,900,CATTAC,0.0001032258064516129
DDPM,900,CATTAG,0.00018064516129032257
DDPM,900,CATTAT,0.00023225806451612904
DDPM,900,CATTCA,0.0002064516129032258
DDPM,900,CATTCC,0.00017419354838709678
DDPM,900,CATTCG,0.00011612903225806452
DDPM,900,CATTCT,0.00029032258064516127
DDPM,900,CATTGA,0.0002451612903225806
DDPM,900,CATTGC,0.0002064516129032258
DDPM,900,CATTGG,0.0002838709677419355
DDPM,900,CATTGT,0.00027096774193548386
DDPM,900,CATTTA,0.00027096774193548386
DDPM,900,CATTTC,0.0003935483870967742
DDPM,900,CATTTG,0.0003032258064516129
DDPM,900,CATTTT,0.0005483870967741936
DDPM,900,CCAAAA,0.000632258064516129
DDPM,900,CCAAAC,0.00038064516129032255
DDPM,900,CCAAAG,0.0003161290322580645
DDPM,900,CCAAAT,0.00041935483870967743
DDPM,900,CCAACA,0.00030967741935483873
DDPM,900,CCAACC,0.00016774193548387096
DDPM,900,CCAACG,0.00016774193548387096
DDPM,900,CCAACT,0.00021290322580645163
DDPM,900,CCAAGA,0.0002967741935483871
DDPM,900,CCAAGC,0.0001870967741935484
DDPM,900,CCAAGG,0.0001225806451612903
DDPM,900,CCAAGT,0.0001935483870967742
DDPM,900,CCAATA,0.00025806451612903227
DDPM,900,CCAATC,0.0003354838709677419
DDPM,900,CCAATG,0.0001935483870967742
DDPM,900,CCAATT,0.00036129032258064514
DDPM,900,CCACAA,0.0002967741935483871
DDPM,900,CCACAC,0.00015483870967741937
DDPM,900,CCACAG,0.00010967741935483871
DDPM,900,CCACAT,0.00016129032258064516
DDPM,900,CCACCA,0.00025806451612903227
DDPM,900,CCACCC,0.0001032258064516129
DDPM,900,CCACCG,0.0002064516129032258
DDPM,900,CCACCT,0.00011612903225806452
DDPM,900,CCACGA,0.00016129032258064516
DDPM,900,CCACGC,7.741935483870968e-05
DDPM,900,CCACGG,0.00017419354838709678
DDPM,900,CCACGT,7.741935483870968e-05
DDPM,900,CCACTA,0.00013548387096774193
DDPM,900,CCACTC,0.00021935483870967742
DDPM,900,CCACTG,0.0001935483870967742
DDPM,900,CCACTT,0.00015483870967741937
DDPM,900,CCAGAA,0.0001935483870967742
DDPM,900,CCAGAC,9.67741935483871e-05
DDPM,900,CCAGAG,0.0001870967741935484
DDPM,900,CCAGAT,0.00014193548387096775
DDPM,900,CCAGCA,0.0001225806451612903
DDPM,900,CCAGCC,5.806451612903226e-05
DDPM,900,CCAGCG,0.0001225806451612903
DDPM,900,CCAGCT,0.0001032258064516129
DDPM,900,CCAGGA,0.00012903225806451613
DDPM,900,CCAGGC,7.096774193548388e-05
DDPM,900,CCAGGG,7.096774193548388e-05
DDPM,900,CCAGGT,6.451612903225807e-05
DDPM,900,CCAGTA,7.741935483870968e-05
DDPM,900,CCAGTC,0.00011612903225806452
DDPM,900,CCAGTG,0.00014838709677419355
DDPM,900,CCAGTT,0.0001935483870967742
DDPM,900,CCATAA,0.0001935483870967742
DDPM,900,CCATAC,9.032258064516129e-05
DDPM,900,CCATAG,0.00010967741935483871
DDPM,900,CCATAT,0.0001225806451612903
DDPM,900,CCATCA,0.0003032258064516129
DDPM,900,CCATCC,9.67741935483871e-05
DDPM,900,CCATCG,0.00021935483870967742
DDPM,900,CCATCT,0.00021290322580645163
DDPM,900,CCATGA,0.00011612903225806452
DDPM,900,CCATGC,8.387096774193548e-05
DDPM,900,CCATGG,0.00022580645161290321
DDPM,900,CCATGT,0.00012903225806451613
DDPM,900,CCATTA,0.00016129032258064516
DDPM,900,CCATTC,0.00021935483870967742
DDPM,900,CCATTG,0.0002451612903225806
DDPM,900,CCATTT,0.0002838709677419355
DDPM,900,CCCAAA,0.00034193548387096773
DDPM,900,CCCAAC,0.00014193548387096775
DDPM,900,CCCAAG,0.0001225806451612903
DDPM,900,CCCAAT,0.0001935483870967742
DDPM,900,CCCACA,0.00013548387096774193
DDPM,900,CCCACC,9.032258064516129e-05
DDPM,900,CCCACG,9.032258064516129e-05
DDPM,900,CCCACT,0.00010967741935483871
DDPM,900,CCCAGA,9.67741935483871e-05
DDPM,900,CCCAGC,7.096774193548388e-05
DDPM,900,CCCAGG,5.161290322580645e-05
DDPM,900,CCCAGT,0.0001032258064516129
DDPM,900,CCCATA,0.0001032258064516129
DDPM,900,CCCATC,0.00013548387096774193
DDPM,900,CCCATG,0.00012903225806451613
DDPM,900,CCCATT,0.00013548387096774193
DDPM,900,CCCCAA,0.0001225806451612903
DDPM,900,CCCCAC,4.516129032258064e-05
DDPM,900,CCCCAG,5.161290322580645e-05
DDPM,900,CCCCAT,7.741935483870968e-05
DDPM,900,CCCCCA,3.2258064516129034e-05
DDPM,900,CCCCCC,2.5806451612903226e-05
DDPM,900,CCCCCG,5.161290322580645e-05
DDPM,900,CCCCCT,4.516129032258064e-05
DDPM,900,CCCCGA,9.032258064516129e-05
DDPM,900,CCCCGC,3.870967741935484e-05
DDPM,900,CCCCGG,5.806451612903226e-05
DDPM,900,CCCCGT,7.741935483870968e-05
DDPM,900,CCCCTA,4.516129032258064e-05
DDPM,900,CCCCTC,0.00011612903225806452
DDPM,900,CCCCTG,4.516129032258064e-05
DDPM,900,CCCCTT,9.67741935483871e-05
DDPM,900,CCCGAA,0.00011612903225806452
DDPM,900,CCCGAC,6.451612903225807e-05
DDPM,900,CCCGAG,1.935483870967742e-05
DDPM,900,CCCGAT,0.00013548387096774193
DDPM,900,CCCGCA,3.870967741935484e-05
DDPM,900,CCCGCC,5.806451612903226e-05
DDPM,900,CCCGCG,5.806451612903226e-05
DDPM,900,CCCGCT,7.096774193548388e-05
DDPM,900,CCCGGA,0.00010967741935483871
DDPM,900,CCCGGC,5.806451612903226e-05
DDPM,900,CCCGGG,1.935483870967742e-05
DDPM,900,CCCGGT,8.387096774193548e-05
DDPM,900,CCCGTA,7.741935483870968e-05
DDPM,900,CCCGTC,6.451612903225807e-05
DDPM,900,CCCGTG,9.032258064516129e-05
DDPM,900,CCCGTT,0.00013548387096774193
DDPM,900,CCCTAA,9.67741935483871e-05
DDPM,900,CCCTAC,0.00011612903225806452
DDPM,900,CCCTAG,5.161290322580645e-05
DDPM,900,CCCTAT,9.032258064516129e-05
DDPM,900,CCCTCA,9.032258064516129e-05
DDPM,900,CCCTCC,9.032258064516129e-05
DDPM,900,CCCTCG,0.00013548387096774193
DDPM,900,CCCTCT,0.00016774193548387096
DDPM,900,CCCTGA,7.741935483870968e-05
DDPM,900,CCCTGC,7.096774193548388e-05
DDPM,900,CCCTGG,5.806451612903226e-05
DDPM,900,CCCTGT,0.0001032258064516129
DDPM,900,CCCTTA,0.0001032258064516129
DDPM,900,CCCTTC,0.00015483870967741937
DDPM,900,CCCTTG,6.451612903225807e-05
DDPM,900,CCCTTT,0.0002451612903225806
DDPM,900,CCGAAA,0.00022580645161290321
DDPM,900,CCGAAC,0.00013548387096774193
DDPM,900,CCGAAG,0.00023870967741935483
DDPM,900,CCGAAT,0.00018064516129032257
DDPM,900,CCGACA,0.00016129032258064516
DDPM,900,CCGACC,7.741935483870968e-05
DDPM,900,CCGACG,0.00016129032258064516
DDPM,900,CCGACT,0.00011612903225806452
DDPM,900,CCGAGA,0.0002064516129032258
DDPM,900,CCGAGC,0.0001032258064516129
DDPM,900,CCGAGG,6.451612903225807e-05
DDPM,900,CCGAGT,0.00014838709677419355
DDPM,900,CCGATA,0.00014838709677419355
DDPM,900,CCGATC,0.0002
DDPM,900,CCGATG,0.0001935483870967742
DDPM,900,CCGATT,0.0003225806451612903
DDPM,900,CCGCAA,0.00011612903225806452
DDPM,900,CCGCAC,1.935483870967742e-05
DDPM,900,CCGCAG,0.00010967741935483871
DDPM,900,CCGCAT,6.451612903225807e-05
DDPM,900,CCGCCA,0.00012903225806451613
DDPM,900,CCGCCC,5.806451612903226e-05
DDPM,900,CCGCCG,0.00038064516129032255
DDPM,900,CCGCCT,0.0001032258064516129
DDPM,900,CCGCGA,9.67741935483871e-05
DDPM,900,CCGCGC,4.516129032258064e-05
DDPM,900,CCGCGG,5.806451612903226e-05
DDPM,900,CCGCGT,5.161290322580645e-05
DDPM,900,CCGCTA,6.451612903225807e-05
DDPM,900,CCGCTC,6.451612903225807e-05
DDPM,900,CCGCTG,0.00014838709677419355
DDPM,900,CCGCTT,0.00021290322580645163
DDPM,900,CCGGAA,0.0002645161290322581
DDPM,900,CCGGAC,7.741935483870968e-05
DDPM,900,CCGGAG,0.0003225806451612903
DDPM,900,CCGGAT,0.0002967741935483871
DDPM,900,CCGGCA,0.00011612903225806452
DDPM,900,CCGGCC,4.516129032258064e-05
DDPM,900,CCGGCG,0.0003161290322580645
DDPM,900,CCGGCT,0.00013548387096774193
DDPM,900,CCGGGA,7.741935483870968e-05
DDPM,900,CCGGGC,2.5806451612903226e-05
DDPM,900,CCGGGG,7.741935483870968e-05
DDPM,900,CCGGGT,0.00010967741935483871
DDPM,900,CCGGTA,0.00012903225806451613
DDPM,900,CCGGTC,6.451612903225807e-05
DDPM,900,CCGGTG,0.00021290322580645163
DDPM,900,CCGGTT,0.00021290322580645163
DDPM,900,CCGTAA,0.00013548387096774193
DDPM,900,CCGTAC,7.096774193548388e-05
DDPM,900,CCGTAG,6.451612903225807e-05
DDPM,900,CCGTAT,0.00013548387096774193
DDPM,900,CCGTCA,0.00014193548387096775
DDPM,900,CCGTCC,0.00011612903225806452
DDPM,900,CCGTCG,0.0002451612903225806
DDPM,900,CCGTCT,0.0001870967741935484
DDPM,900,CCGTGA,0.00013548387096774193
DDPM,900,CCGTGC,7.096774193548388e-05
DDPM,900,CCGTGG,0.00016774193548387096
DDPM,900,CCGTGT,0.00010967741935483871
DDPM,900,CCGTTA,0.00012903225806451613
DDPM,900,CCGTTC,0.00018064516129032257
DDPM,900,CCGTTG,0.00022580645161290321
DDPM,900,CCGTTT,0.0002645161290322581
DDPM,900,CCTAAA,0.00022580645161290321
DDPM,900,CCTAAC,0.00010967741935483871
DDPM,900,CCTAAG,0.00011612903225806452
DDPM,900,CCTAAT,0.0001935483870967742
DDPM,900,CCTACA,0.00016129032258064516
DDPM,900,CCTACC,9.032258064516129e-05
DDPM,900,CCTACG,0.00014838709677419355
DDPM,900,CCTACT,8.387096774193548e-05
DDPM,900,CCTAGA,7.741935483870968e-05
DDPM,900,CCTAGC,7.096774193548388e-05
DDPM,900,CCTAGG,5.161290322580645e-05
DDPM,900,CCTAGT,6.451612903225807e-05
DDPM,900,CCTATA,0.00011612903225806452
DDPM,900,CCTATC,0.00016774193548387096
DDPM,900,CCTATG,8.387096774193548e-05
DDPM,900,CCTATT,0.00016129032258064516
DDPM,900,CCTCAA,0.00025161290322580645
DDPM,900,CCTCAC,0.00014838709677419355
DDPM,900,CCTCAG,0.0001870967741935484
DDPM,900,CCTCAT,0.0002451612903225806
DDPM,900,CCTCCA,0.00021290322580645163
DDPM,900,CCTCCC,0.0001225806451612903
DDPM,900,CCTCCG,0.00027096774193548386
DDPM,900,CCTCCT,0.00027096774193548386
DDPM,900,CCTCGA,0.0002451612903225806
DDPM,900,CCTCGC,6.451612903225807e-05
DDPM,900,CCTCGG,0.00013548387096774193
DDPM,900,CCTCGT,0.0002
DDPM,900,CCTCTA,0.0002064516129032258
DDPM,900,CCTCTC,0.0003032258064516129
DDPM,900,CCTCTG,0.0001870967741935484
DDPM,900,CCTCTT,0.00041935483870967743
DDPM,900,CCTGAA,0.00013548387096774193
DDPM,900,CCTGAC,5.161290322580645e-05
DDPM,900,CCTGAG,0.00013548387096774193
DDPM,900,CCTGAT,0.00016774193548387096
DDPM,900,CCTGCA,9.67741935483871e-05
DDPM,900,CCTGCC,3.870967741935484e-05
DDPM,900,CCTGCG,2.5806451612903226e-05
DDPM,900,CCTGCT,0.00012903225806451613
DDPM,900,CCTGGA,0.00010967741935483871
DDPM,900,CCTGGC,6.451612903225807e-05
DDPM,900,CCTGGG,4.516129032258064e-05
DDPM,900,CCTGGT,9.67741935483871e-05
DDPM,900,CCTGTA,8.387096774193548e-05
DDPM,900,CCTGTC,0.0001225806451612903
DDPM,900,CCTGTG,0.00014193548387096775
DDPM,900,CCTGTT,0.00017419354838709678
DDPM,900,CCTTAA,0.0001870967741935484
DDPM,900,CCTTAC,0.00011612903225806452
DDPM,900,CCTTAG,0.0001032258064516129
DDPM,900,CCTTAT,0.00022580645161290321
DDPM,900,CCTTCA,0.00027096774193548386
DDPM,900,CCTTCC,0.00015483870967741937
DDPM,900,CCTTCG,0.00021935483870967742
DDPM,900,CCTTCT,0.0003935483870967742
DDPM,900,CCTTGA,0.00011612903225806452
DDPM,900,CCTTGC,9.032258064516129e-05
DDPM,900,CCTTGG,0.00014193548387096775
DDPM,900,CCTTGT,0.0002
DDPM,900,CCTTTA,0.00016774193548387096
DDPM,900,CCTTTC,0.00029032258064516127
DDPM,900,CCTTTG,0.0002774193548387097
DDPM,900,CCTTTT,0.000432258064516129
DDPM,900,CGAAAA,0.00047741935483870966
DDPM,900,CGAAAC,0.00032903225806451614
DDPM,900,CGAAAG,0.00021290322580645163
DDPM,900,CGAAAT,0.00029032258064516127
DDPM,900,CGAACA,0.00011612903225806452
DDPM,900,CGAACC,0.00014838709677419355
DDPM,900,CGAACG,7.741935483870968e-05
DDPM,900,CGAACT,0.00015483870967741937
DDPM,900,CGAAGA,0.0005483870967741936
DDPM,900,CGAAGC,0.0002645161290322581
DDPM,900,CGAAGG,0.00017419354838709678
DDPM,900,CGAAGT,0.00021935483870967742
DDPM,900,CGAATA,0.0001935483870967742
DDPM,900,CGAATC,0.0003161290322580645
DDPM,900,CGAATG,0.00015483870967741937
DDPM,900,CGAATT,0.00034838709677419355
DDPM,900,CGACAA,0.00025161290322580645
DDPM,900,CGACAC,0.00016129032258064516
DDPM,900,CGACAG,0.00016774193548387096
DDPM,900,CGACAT,0.00011612903225806452
DDPM,900,CGACCA,0.0001935483870967742
DDPM,900,CGACCC,5.161290322580645e-05
DDPM,900,CGACCG,9.67741935483871e-05
DDPM,900,CGACCT,8.387096774193548e-05
DDPM,900,CGACGA,0.00034838709677419355
DDPM,900,CGACGC,0.00014193548387096775
DDPM,900,CGACGG,0.0002838709677419355
DDPM,900,CGACGT,0.00014193548387096775
DDPM,900,CGACTA,0.0001032258064516129
DDPM,900,CGACTC,0.0001935483870967742
DDPM,900,CGACTG,0.0001225806451612903
DDPM,900,CGACTT,0.00022580645161290321
DDPM,900,CGAGAA,0.0003032258064516129
DDPM,900,CGAGAC,0.00013548387096774193
DDPM,900,CGAGAG,0.00016129032258064516
DDPM,900,CGAGAT,0.00022580645161290321
DDPM,900,CGAGCA,0.00013548387096774193
DDPM,900,CGAGCC,5.161290322580645e-05
DDPM,900,CGAGCG,6.451612903225807e-05
DDPM,900,CGAGCT,0.00016129032258064516
DDPM,900,CGAGGA,0.00021935483870967742
DDPM,900,CGAGGC,0.0001032258064516129
DDPM,900,CGAGGG,3.870967741935484e-05
DDPM,900,CGAGGT,0.0001225806451612903
DDPM,900,CGAGTA,0.00015483870967741937
DDPM,900,CGAGTC,0.0001225806451612903
DDPM,900,CGAGTG,0.00015483870967741937
DDPM,900,CGAGTT,0.00022580645161290321
DDPM,900,CGATAA,0.00025806451612903227
DDPM,900,CGATAC,0.00016129032258064516
DDPM,900,CGATAG,0.0001032258064516129
DDPM,900,CGATAT,0.0001870967741935484
DDPM,900,CGATCA,0.00022580645161290321
DDPM,900,CGATCC,0.00021935483870967742
DDPM,900,CGATCG,0.00014838709677419355
DDPM,900,CGATCT,0.0003548387096774194
DDPM,900,CGATGA,0.0004064516129032258
DDPM,900,CGATGC,0.00014193548387096775
DDPM,900,CGATGG,0.0002838709677419355
DDPM,900,CGATGT,0.0002064516129032258
DDPM,900,CGATTA,0.00025806451612903227
DDPM,900,CGATTC,0.00038064516129032255
DDPM,900,CGATTG,0.0003161290322580645
DDPM,900,CGATTT,0.0006064516129032258
DDPM,900,CGCAAA,0.0002451612903225806
DDPM,900,CGCAAC,0.00011612903225806452
DDPM,900,CGCAAG,5.161290322580645e-05
DDPM,900,CGCAAT,0.0001032258064516129
DDPM,900,CGCACA,1.2903225806451613e-05
DDPM,900,CGCACC,7.741935483870968e-05
DDPM,900,CGCACG,2.5806451612903226e-05
DDPM,900,CGCACT,4.516129032258064e-05
DDPM,900,CGCAGA,0.00011612903225806452
DDPM,900,CGCAGC,0.00014193548387096775
DDPM,900,CGCAGG,6.451612903225807e-05
DDPM,900,CGCAGT,9.032258064516129e-05
DDPM,900,CGCATA,1.935483870967742e-05
DDPM,900,CGCATC,8.387096774193548e-05
DDPM,900,CGCATG,3.2258064516129034e-05
DDPM,900,CGCATT,0.00011612903225806452
DDPM,900,CGCCAA,0.00015483870967741937
DDPM,900,CGCCAC,0.00010967741935483871
DDPM,900,CGCCAG,6.451612903225807e-05
DDPM,900,CGCCAT,9.032258064516129e-05
DDPM,900,CGCCCA,7.096774193548388e-05
DDPM,900,CGCCCC,3.2258064516129034e-05
DDPM,900,CGCCCG,4.516129032258064e-05
DDPM,900,CGCCCT,3.870967741935484e-05
DDPM,900,CGCCGA,0.00016129032258064516
DDPM,900,CGCCGC,0.00016774193548387096
DDPM,900,CGCCGG,0.00029032258064516127
DDPM,900,CGCCGT,0.0002838709677419355
DDPM,900,CGCCTA,3.870967741935484e-05
DDPM,900,CGCCTC,0.00016129032258064516
DDPM,900,CGCCTG,3.2258064516129034e-05
DDPM,900,CGCCTT,9.67741935483871e-05
DDPM,900,CGCGAA,0.00010967741935483871
DDPM,900,CGCGAC,7.096774193548388e-05
DDPM,900,CGCGAG,6.451612903225807e-05
DDPM,900,CGCGAT,0.00010967741935483871
DDPM,900,CGCGCA,2.5806451612903226e-05
DDPM,900,CGCGCC,3.870967741935484e-05
DDPM,900,CGCGCG,1.935483870967742e-05
DDPM,900,CGCGCT,2.5806451612903226e-05
DDPM,900,CGCGGA,0.00010967741935483871
DDPM,900,CGCGGC,7.741935483870968e-05
DDPM,900,CGCGGG,1.935483870967742e-05
DDPM,900,CGCGGT,5.161290322580645e-05
DDPM,900,CGCGTA,4.516129032258064e-05
DDPM,900,CGCGTC,7.096774193548388e-05
DDPM,900,CGCGTG,4.516129032258064e-05
DDPM,900,CGCGTT,0.0001032258064516129
DDPM,900,CGCTAA,0.00014193548387096775
DDPM,900,CGCTAC,5.161290322580645e-05
DDPM,900,CGCTAG,6.451612903225807e-05
DDPM,900,CGCTAT,7.096774193548388e-05
DDPM,900,CGCTCA,5.161290322580645e-05
DDPM,900,CGCTCC,7.741935483870968e-05
DDPM,900,CGCTCG,0.0001032258064516129
DDPM,900,CGCTCT,0.0001935483870967742
DDPM,900,CGCTGA,0.00013548387096774193
DDPM,900,CGCTGC,9.032258064516129e-05
DDPM,900,CGCTGG,0.00012903225806451613
DDPM,900,CGCTGT,0.0001935483870967742
DDPM,900,CGCTTA,0.0001225806451612903
DDPM,900,CGCTTC,0.00025161290322580645
DDPM,900,CGCTTG,0.00015483870967741937
DDPM,900,CGCTTT,0.00023225806451612904
DDPM,900,CGGAAA,0.0004064516129032258
DDPM,900,CGGAAC,0.00015483870967741937
DDPM,900,CGGAAG,0.0002967741935483871
DDPM,900,CGGAAT,0.0002451612903225806
DDPM,900,CGGACA,8.387096774193548e-05
DDPM,900,CGGACC,0.00011612903225806452
DDPM,900,CGGACG,5.806451612903226e-05
DDPM,900,CGGACT,5.806451612903226e-05
DDPM,900,CGGAGA,0.0006
DDPM,900,CGGAGC,0.00023225806451612904
DDPM,900,CGGAGG,0.0003225806451612903
DDPM,900,CGGAGT,0.0003032258064516129
DDPM,900,CGGATA,0.00021290322580645163
DDPM,900,CGGATC,0.00029032258064516127
DDPM,900,CGGATG,0.00017419354838709678
DDPM,900,CGGATT,0.00036129032258064514
DDPM,900,CGGCAA,0.0001870967741935484
DDPM,900,CGGCAC,5.161290322580645e-05
DDPM,900,CGGCAG,0.00010967741935483871
DDPM,900,CGGCAT,0.00011612903225806452
DDPM,900,CGGCCA,0.00011612903225806452
DDPM,900,CGGCCC,5.161290322580645e-05
DDPM,900,CGGCCG,5.806451612903226e-05
DDPM,900,CGGCCT,4.516129032258064e-05
DDPM,900,CGGCGA,0.00042580645161290325
DDPM,900,CGGCGC,9.67741935483871e-05
DDPM,900,CGGCGG,0.0004709677419354839
DDPM,900,CGGCGT,0.0001935483870967742
DDPM,900,CGGCTA,0.00013548387096774193
DDPM,900,CGGCTC,0.00014193548387096775
DDPM,900,CGGCTG,0.00012903225806451613
DDPM,900,CGGCTT,0.0001935483870967742
DDPM,900,CGGGAA,0.00016774193548387096
DDPM,900,CGGGAC,4.516129032258064e-05
DDPM,900,CGGGAG,7.741935483870968e-05
DDPM,900,CGGGAT,0.0001225806451612903
DDPM,900,CGGGCA,3.2258064516129034e-05
DDPM,900,CGGGCC,2.5806451612903226e-05
DDPM,900,CGGGCG,2.5806451612903226e-05
DDPM,900,CGGGCT,4.516129032258064e-05
DDPM,900,CGGGGA,0.00014193548387096775
DDPM,900,CGGGGC,1.935483870967742e-05
DDPM,900,CGGGGG,4.516129032258064e-05
DDPM,900,CGGGGT,8.387096774193548e-05
DDPM,900,CGGGTA,5.806451612903226e-05
DDPM,900,CGGGTC,0.0001225806451612903
DDPM,900,CGGGTG,0.0001225806451612903
DDPM,900,CGGGTT,0.00021290322580645163
DDPM,900,CGGTAA,0.00016129032258064516
DDPM,900,CGGTAC,0.00011612903225806452
DDPM,900,CGGTAG,0.00014193548387096775
DDPM,900,CGGTAT,0.00012903225806451613
DDPM,900,CGGTCA,0.0001032258064516129
DDPM,900,CGGTCC,9.67741935483871e-05
DDPM,900,CGGTCG,9.032258064516129e-05
DDPM,900,CGGTCT,0.0001225806451612903
DDPM,900,CGGTGA,0.0003032258064516129
DDPM,900,CGGTGC,0.00016129032258064516
DDPM,900,CGGTGG,0.00034838709677419355
DDPM,900,CGGTGT,0.00016129032258064516
DDPM,900,CGGTTA,0.00021935483870967742
DDPM,900,CGGTTC,0.00029032258064516127
DDPM,900,CGGTTG,0.0001870967741935484
DDPM,900,CGGTTT,0.0004129032258064516
DDPM,900,CGTAAA,0.0002451612903225806
DDPM,900,CGTAAC,8.387096774193548e-05
DDPM,900,CGTAAG,7.741935483870968e-05
DDPM,900,CGTAAT,0.00016129032258064516
DDPM,900,CGTACA,9.67741935483871e-05
DDPM,900,CGTACC,5.806451612903226e-05
DDPM,900,CGTACG,3.870967741935484e-05
DDPM,900,CGTACT,7.741935483870968e-05
DDPM,900,CGTAGA,0.00014193548387096775
DDPM,900,CGTAGC,0.0001032258064516129
DDPM,900,CGTAGG,5.161290322580645e-05
DDPM,900,CGTAGT,9.67741935483871e-05
DDPM,900,CGTATA,7.096774193548388e-05
DDPM,900,CGTATC,0.00021935483870967742
DDPM,900,CGTATG,8.387096774193548e-05
DDPM,900,CGTATT,0.00015483870967741937
DDPM,900,CGTCAA,0.00022580645161290321
DDPM,900,CGTCAC,0.00015483870967741937
DDPM,900,CGTCAG,9.032258064516129e-05
DDPM,900,CGTCAT,0.00018064516129032257
DDPM,900,CGTCCA,9.67741935483871e-05
DDPM,900,CGTCCC,0.0001032258064516129
DDPM,900,CGTCCG,7.741935483870968e-05
DDPM,900,CGTCCT,0.00010967741935483871
DDPM,900,CGTCGA,0.0003032258064516129
DDPM,900,CGTCGC,0.00012903225806451613
DDPM,900,CGTCGG,0.0002774193548387097
DDPM,900,CGTCGT,0.00016129032258064516
DDPM,900,CGTCTA,0.00014838709677419355
DDPM,900,CGTCTC,0.0001935483870967742
DDPM,900,CGTCTG,9.67741935483871e-05
DDPM,900,CGTCTT,0.0002967741935483871
DDPM,900,CGTGAA,0.0002
DDPM,900,CGTGAC,0.0001032258064516129
DDPM,900,CGTGAG,0.0001032258064516129
DDPM,900,CGTGAT,0.00022580645161290321
DDPM,900,CGTGCA,0.0001225806451612903
DDPM,900,CGTGCC,5.161290322580645e-05
DDPM,900,CGTGCG,3.870967741935484e-05
DDPM,900,CGTGCT,0.00013548387096774193
DDPM,900,CGTGGA,0.00025806451612903227
DDPM,900,CGTGGC,0.00014193548387096775
DDPM,900,CGTGGG,0.00013548387096774193
DDPM,900,CGTGGT,0.00015483870967741937
DDPM,900,CGTGTA,9.67741935483871e-05
DDPM,900,CGTGTC,9.67741935483871e-05
DDPM,900,CGTGTG,0.00016774193548387096
DDPM,900,CGTGTT,0.00027096774193548386
DDPM,900,CGTTAA,0.0001870967741935484
DDPM,900,CGTTAC,0.00016129032258064516
DDPM,900,CGTTAG,0.00015483870967741937
DDPM,900,CGTTAT,0.00017419354838709678
DDPM,900,CGTTCA,0.00014838709677419355
DDPM,900,CGTTCC,0.00016774193548387096
DDPM,900,CGTTCG,0.00014838709677419355
DDPM,900,CGTTCT,0.00027096774193548386
DDPM,900,CGTTGA,0.00034838709677419355
DDPM,900,CGTTGC,0.00016129032258064516
DDPM,900,CGTTGG,0.00016129032258064516
DDPM,900,CGTTGT,0.0002645161290322581
DDPM,900,CGTTTA,0.0002451612903225806
DDPM,900,CGTTTC,0.0003032258064516129
DDPM,900,CGTTTG,0.0002451612903225806
DDPM,900,CGTTTT,0.00044516129032258066
DDPM,900,CTAAAA,0.00038064516129032255
DDPM,900,CTAAAC,0.00030967741935483873
DDPM,900,CTAAAG,0.0002064516129032258
DDPM,900,CTAAAT,0.00034193548387096773
DDPM,900,CTAACA,0.00018064516129032257
DDPM,900,CTAACC,0.00016774193548387096
DDPM,900,CTAACG,0.00012903225806451613
DDPM,900,CTAACT,0.0002
DDPM,900,CTAAGA,0.0002838709677419355
DDPM,900,CTAAGC,0.00011612903225806452
DDPM,900,CTAAGG,0.00012903225806451613
DDPM,900,CTAAGT,0.00011612903225806452
DDPM,900,CTAATA,0.00021935483870967742
DDPM,900,CTAATC,0.00030967741935483873
DDPM,900,CTAATG,0.00021290322580645163
DDPM,900,CTAATT,0.0004064516129032258
DDPM,900,CTACAA,0.00027096774193548386
DDPM,900,CTACAC,0.00016129032258064516
DDPM,900,CTACAG,0.0001225806451612903
DDPM,900,CTACAT,0.00012903225806451613
DDPM,900,CTACCA,0.0001935483870967742
DDPM,900,CTACCC,5.806451612903226e-05
DDPM,900,CTACCG,0.0001032258064516129
DDPM,900,CTACCT,0.00010967741935483871
DDPM,900,CTACGA,0.00015483870967741937
DDPM,900,CTACGC,0.0001032258064516129
DDPM,900,CTACGG,0.00011612903225806452
DDPM,900,CTACGT,0.00014193548387096775
DDPM,900,CTACTA,0.0001032258064516129
DDPM,900,CTACTC,0.00021935483870967742
DDPM,900,CTACTG,0.00013548387096774193
DDPM,900,CTACTT,0.00021935483870967742
DDPM,900,CTAGAA,0.00016774193548387096
DDPM,900,CTAGAC,0.00015483870967741937
DDPM,900,CTAGAG,0.0001032258064516129
DDPM,900,CTAGAT,0.0001935483870967742
DDPM,900,CTAGCA,9.032258064516129e-05
DDPM,900,CTAGCC,8.387096774193548e-05
DDPM,900,CTAGCG,7.741935483870968e-05
DDPM,900,CTAGCT,0.00018064516129032257
DDPM,900,CTAGGA,0.00011612903225806452
DDPM,900,CTAGGC,7.096774193548388e-05
DDPM,900,CTAGGG,0.00014193548387096775
DDPM,900,CTAGGT,9.032258064516129e-05
DDPM,900,CTAGTA,0.00010967741935483871
DDPM,900,CTAGTC,0.00013548387096774193
DDPM,900,CTAGTG,0.00012903225806451613
DDPM,900,CTAGTT,0.0002
DDPM,900,CTATAA,0.00021290322580645163
DDPM,900,CTATAC,0.00017419354838709678
DDPM,900,CTATAG,0.00013548387096774193
DDPM,900,CTATAT,0.00018064516129032257
DDPM,900,CTATCA,0.00023225806451612904
DDPM,900,CTATCC,0.00012903225806451613
DDPM,900,CTATCG,0.00016129032258064516
DDPM,900,CTATCT,0.00036129032258064514
DDPM,900,CTATGA,0.0002451612903225806
DDPM,900,CTATGC,5.806451612903226e-05
DDPM,900,CTATGG,0.00021290322580645163
DDPM,900,CTATGT,0.0001935483870967742
DDPM,900,CTATTA,0.0001935483870967742
DDPM,900,CTATTC,0.0002
DDPM,900,CTATTG,0.00021935483870967742
DDPM,900,CTATTT,0.00046451612903225807
DDPM,900,CTCAAA,0.0005806451612903225
DDPM,900,CTCAAC,0.0003161290322580645
DDPM,900,CTCAAG,0.0002774193548387097
DDPM,900,CTCAAT,0.00045161290322580643
DDPM,900,CTCACA,0.0001870967741935484
DDPM,900,CTCACC,0.00022580645161290321
DDPM,900,CTCACG,0.00014838709677419355
DDPM,900,CTCACT,0.00027096774193548386
DDPM,900,CTCAGA,0.0003225806451612903
DDPM,900,CTCAGC,0.0002
DDPM,900,CTCAGG,0.00016129032258064516
DDPM,900,CTCAGT,0.00021935483870967742
DDPM,900,CTCATA,0.0002
DDPM,900,CTCATC,0.00042580645161290325
DDPM,900,CTCATG,0.00015483870967741937
DDPM,900,CTCATT,0.00032903225806451614
DDPM,900,CTCCAA,0.0004709677419354839
DDPM,900,CTCCAC,0.0002967741935483871
DDPM,900,CTCCAG,0.00025806451612903227
DDPM,900,CTCCAT,0.0002064516129032258
DDPM,900,CTCCCA,0.00014838709677419355
DDPM,900,CTCCCC,0.00011612903225806452
DDPM,900,CTCCCG,9.67741935483871e-05
DDPM,900,CTCCCT,0.00016774193548387096
DDPM,900,CTCCGA,0.00030967741935483873
DDPM,900,CTCCGC,0.00030967741935483873
DDPM,900,CTCCGG,0.0003741935483870968
DDPM,900,CTCCGT,0.00027096774193548386
DDPM,900,CTCCTA,0.0002064516129032258
DDPM,900,CTCCTC,0.0005290322580645162
DDPM,900,CTCCTG,0.00018064516129032257
DDPM,900,CTCCTT,0.0003870967741935484
DDPM,900,CTCGAA,0.00029032258064516127
DDPM,900,CTCGAC,0.0002
DDPM,900,CTCGAG,0.0001935483870967742
DDPM,900,CTCGAT,0.0003354838709677419
DDPM,900,CTCGCA,7.741935483870968e-05
DDPM,900,CTCGCC,0.00016129032258064516
DDPM,900,CTCGCG,0.00011612903225806452
DDPM,900,CTCGCT,0.0001935483870967742
DDPM,900,CTCGGA,0.00018064516129032257
DDPM,900,CTCGGC,9.032258064516129e-05
DDPM,900,CTCGGG,0.00011612903225806452
DDPM,900,CTCGGT,0.00023225806451612904
DDPM,900,CTCGTA,0.00011612903225806452
DDPM,900,CTCGTC,0.00023870967741935483
DDPM,900,CTCGTG,0.00016129032258064516
DDPM,900,CTCGTT,0.0003161290322580645
DDPM,900,CTCTAA,0.00036774193548387097
DDPM,900,CTCTAC,0.00027096774193548386
DDPM,900,CTCTAG,0.00021935483870967742
DDPM,900,CTCTAT,0.00044516129032258066
DDPM,900,CTCTCA,0.00042580645161290325
DDPM,900,CTCTCC,0.0005548387096774194
DDPM,900,CTCTCG,0.0002774193548387097
DDPM,900,CTCTCT,0.0010258064516129033
DDPM,900,CTCTGA,0.0003354838709677419
DDPM,900,CTCTGC,0.00021290322580645163
DDPM,900,CTCTGG,0.0003161290322580645
DDPM,900,CTCTGT,0.0004064516129032258
DDPM,900,CTCTTA,0.00038064516129032255
DDPM,900,CTCTTC,0.000632258064516129
DDPM,900,CTCTTG,0.0004129032258064516
DDPM,900,CTCTTT,0.0010064516129032258
DDPM,900,CTGAAA,0.00030967741935483873
DDPM,900,CTGAAC,0.0002064516129032258
DDPM,900,CTGAAG,0.0003161290322580645
DDPM,900,CTGAAT,0.0003161290322580645
DDPM,900,CTGACA,0.0001225806451612903
DDPM,900,CTGACC,5.806451612903226e-05
DDPM,900,CTGACG,8.387096774193548e-05
DDPM,900,CTGACT,0.00018064516129032257
DDPM,900,CTGAGA,0.0002645161290322581
DDPM,900,CTGAGC,0.00014193548387096775
DDPM,900,CTGAGG,0.00016129032258064516
DDPM,900,CTGAGT,0.00030967741935483873
DDPM,900,CTGATA,0.00023870967741935483
DDPM,900,CTGATC,0.0002645161290322581
DDPM,900,CTGATG,0.0003935483870967742
DDPM,900,CTGATT,0.0004
DDPM,900,CTGCAA,0.0001935483870967742
DDPM,900,CTGCAC,9.032258064516129e-05
DDPM,900,CTGCAG,0.00012903225806451613
DDPM,900,CTGCAT,0.00012903225806451613
DDPM,900,CTGCCA,5.806451612903226e-05
DDPM,900,CTGCCC,3.2258064516129034e-05
DDPM,900,CTGCCG,9.67741935483871e-05
DDPM,900,CTGCCT,0.0001032258064516129
DDPM,900,CTGCGA,0.00016129032258064516
DDPM,900,CTGCGC,2.5806451612903226e-05
DDPM,900,CTGCGG,0.00012903225806451613
DDPM,900,CTGCGT,9.67741935483871e-05
DDPM,900,CTGCTA,0.00012903225806451613
DDPM,900,CTGCTC,0.00022580645161290321
DDPM,900,CTGCTG,0.0001870967741935484
DDPM,900,CTGCTT,0.0003870967741935484
DDPM,900,CTGGAA,0.00030967741935483873
DDPM,900,CTGGAC,9.032258064516129e-05
DDPM,900,CTGGAG,0.00023225806451612904
DDPM,900,CTGGAT,0.00029032258064516127
DDPM,900,CTGGCA,0.0001032258064516129
DDPM,900,CTGGCC,7.096774193548388e-05
DDPM,900,CTGGCG,0.00014193548387096775
DDPM,900,CTGGCT,0.00017419354838709678
DDPM,900,CTGGGA,0.00016129032258064516
DDPM,900,CTGGGC,0.00010967741935483871
DDPM,900,CTGGGG,0.00010967741935483871
DDPM,900,CTGGGT,0.00015483870967741937
DDPM,900,CTGGTA,0.00011612903225806452
DDPM,900,CTGGTC,0.0001870967741935484
DDPM,900,CTGGTG,0.0002838709677419355
DDPM,900,CTGGTT,0.0003354838709677419
DDPM,900,CTGTAA,0.00021935483870967742
DDPM,900,CTGTAC,0.00011612903225806452
DDPM,900,CTGTAG,0.00016774193548387096
DDPM,900,CTGTAT,0.0001870967741935484
DDPM,900,CTGTCA,0.00022580645161290321
DDPM,900,CTGTCC,9.67741935483871e-05
DDPM,900,CTGTCG,0.00016774193548387096
DDPM,900,CTGTCT,0.00030967741935483873
DDPM,900,CTGTGA,0.0002645161290322581
DDPM,900,CTGTGC,9.032258064516129e-05
DDPM,900,CTGTGG,0.0002838709677419355
DDPM,900,CTGTGT,0.0002645161290322581
DDPM,900,CTGTTA,0.00023870967741935483
DDPM,900,CTGTTC,0.0003032258064516129
DDPM,900,CTGTTG,0.0002774193548387097
DDPM,900,CTGTTT,0.00046451612903225807
DDPM,900,CTTAAA,0.0003870967741935484
DDPM,900,CTTAAC,0.00025161290322580645
DDPM,900,CTTAAG,0.00014193548387096775
DDPM,900,CTTAAT,0.00025806451612903227
DDPM,900,CTTACA,0.00022580645161290321
DDPM,900,CTTACC,0.00016129032258064516
DDPM,900,CTTACG,0.00012903225806451613
DDPM,900,CTTACT,0.0002967741935483871
DDPM,900,CTTAGA,0.00027096774193548386
DDPM,900,CTTAGC,0.00015483870967741937
DDPM,900,CTTAGG,0.00012903225806451613
DDPM,900,CTTAGT,0.00022580645161290321
DDPM,900,CTTATA,0.00025806451612903227
DDPM,900,CTTATC,0.0003225806451612903
DDPM,900,CTTATG,0.0002064516129032258
DDPM,900,CTTATT,0.00042580645161290325
DDPM,900,CTTCAA,0.000632258064516129
DDPM,900,CTTCAC,0.0003032258064516129
DDPM,900,CTTCAG,0.0002451612903225806
DDPM,900,CTTCAT,0.0004709677419354839
DDPM,900,CTTCCA,0.00021290322580645163
DDPM,900,CTTCCC,0.00018064516129032257
DDPM,900,CTTCCG,0.00023225806451612904
DDPM,900,CTTCCT,0.00045806451612903225
DDPM,900,CTTCGA,0.0004129032258064516
DDPM,900,CTTCGC,0.00016774193548387096
DDPM,900,CTTCGG,0.0002645161290322581
DDPM,900,CTTCGT,0.0003354838709677419
DDPM,900,CTTCTA,0.0003548387096774194
DDPM,900,CTTCTC,0.0008774193548387097
DDPM,900,CTTCTG,0.0004709677419354839
DDPM,900,CTTCTT,0.0011290322580645162
DDPM,900,CTTGAA,0.0002645161290322581
DDPM,900,CTTGAC,0.00017419354838709678
DDPM,900,CTTGAG,0.0002774193548387097
DDPM,900,CTTGAT,0.00034193548387096773
DDPM,900,CTTGCA,7.741935483870968e-05
DDPM,900,CTTGCC,8.387096774193548e-05
DDPM,900,CTTGCG,5.806451612903226e-05
DDPM,900,CTTGCT,0.0003032258064516129
DDPM,900,CTTGGA,0.00032903225806451614
DDPM,900,CTTGGC,0.00021290322580645163
DDPM,900,CTTGGG,0.00027096774193548386
DDPM,900,CTTGGT,0.00030967741935483873
DDPM,900,CTTGTA,0.00018064516129032257
DDPM,900,CTTGTC,0.00023870967741935483
DDPM,900,CTTGTG,0.0003225806451612903
DDPM,900,CTTGTT,0.0006580645161290323
DDPM,900,CTTTAA,0.00038064516129032255
DDPM,900,CTTTAC,0.0002967741935483871
DDPM,900,CTTTAG,0.0002451612903225806
DDPM,900,CTTTAT,0.00034838709677419355
DDPM,900,CTTTCA,0.0004838709677419355
DDPM,900,CTTTCC,0.0002967741935483871
DDPM,900,CTTTCG,0.0002838709677419355
DDPM,900,CTTTCT,0.0008387096774193549
DDPM,900,CTTTGA,0.00046451612903225807
DDPM,900,CTTTGC,0.0002838709677419355
DDPM,900,CTTTGG,0.00047741935483870966
DDPM,900,CTTTGT,0.0004903225806451613
DDPM,900,CTTTTA,0.00046451612903225807
DDPM,900,CTTTTC,0.0006838709677419355
DDPM,900,CTTTTG,0.0006129032258064516
DDPM,900,CTTTTT,0.0011161290322580645
DDPM,900,GAAAAA,0.001103225806451613
DDPM,900,GAAAAC,0.0005096774193548387
DDPM,900,GAAAAG,0.0004838709677419355
DDPM,900,GAAAAT,0.0006838709677419355
DDPM,900,GAAACA,0.0004967741935483871
DDPM,900,GAAACC,0.0004
DDPM,900,GAAACG,0.0003548387096774194
DDPM,900,GAAACT,0.00042580645161290325
DDPM,900,GAAAGA,0.0006258064516129032
DDPM,900,GAAAGC,0.0002774193548387097
DDPM,900,GAAAGG,0.00023870967741935483
DDPM,900,GAAAGT,0.0003225806451612903
DDPM,900,GAAATA,0.0003548387096774194
DDPM,900,GAAATC,0.0004903225806451613
DDPM,900,GAAATG,0.0003354838709677419
DDPM,900,GAAATT,0.0006129032258064516
DDPM,900,GAACAA,0.0003354838709677419
DDPM,900,GAACAC,0.00014838709677419355
DDPM,900,GAACAG,0.00016129032258064516
DDPM,900,GAACAT,0.0002774193548387097
DDPM,900,GAACCA,0.0003161290322580645
DDPM,900,GAACCC,7.741935483870968e-05
DDPM,900,GAACCG,0.00022580645161290321
DDPM,900,GAACCT,0.00027096774193548386
DDPM,900,GAACGA,0.00014193548387096775
DDPM,900,GAACGC,7.096774193548388e-05
DDPM,900,GAACGG,0.00011612903225806452
DDPM,900,GAACGT,0.00014193548387096775
DDPM,900,GAACTA,0.00021290322580645163
DDPM,900,GAACTC,0.0002774193548387097
DDPM,900,GAACTG,0.0002064516129032258
DDPM,900,GAACTT,0.0002967741935483871
DDPM,900,GAAGAA,0.001167741935483871
DDPM,900,GAAGAC,0.0004
DDPM,900,GAAGAG,0.0006129032258064516
DDPM,900,GAAGAT,0.0007741935483870968
DDPM,900,GAAGCA,0.0004064516129032258
DDPM,900,GAAGCC,0.0002838709677419355
DDPM,900,GAAGCG,0.0002
DDPM,900,GAAGCT,0.00045161290322580643
DDPM,900,GAAGGA,0.0005161290322580645
DDPM,900,GAAGGC,0.00014193548387096775
DDPM,900,GAAGGG,0.00018064516129032257
DDPM,900,GAAGGT,0.00030967741935483873
DDPM,900,GAAGTA,0.00027096774193548386
DDPM,900,GAAGTC,0.0002064516129032258
DDPM,900,GAAGTG,0.00027096774193548386
DDPM,900,GAAGTT,0.0004129032258064516
DDPM,900,GAATAA,0.00038064516129032255
DDPM,900,GAATAC,0.0001935483870967742
DDPM,900,GAATAG,0.00025161290322580645
DDPM,900,GAATAT,0.00032903225806451614
DDPM,900,GAATCA,0.00038064516129032255
DDPM,900,GAATCC,0.0003161290322580645
DDPM,900,GAATCG,0.0003741935483870968
DDPM,900,GAATCT,0.0006129032258064516
DDPM,900,GAATGA,0.0003354838709677419
DDPM,900,GAATGC,9.67741935483871e-05
DDPM,900,GAATGG,0.00032903225806451614
DDPM,900,GAATGT,0.00025161290322580645
DDPM,900,GAATTA,0.0003741935483870968
DDPM,900,GAATTC,0.00034193548387096773
DDPM,900,GAATTG,0.00046451612903225807
DDPM,900,GAATTT,0.000567741935483871
DDPM,900,GACAAA,0.00043870967741935484
DDPM,900,GACAAC,0.00018064516129032257
DDPM,900,GACAAG,0.0002064516129032258
DDPM,900,GACAAT,0.00027096774193548386
DDPM,900,GACACA,0.0001225806451612903
DDPM,900,GACACC,0.00010967741935483871
DDPM,900,GACACG,0.00016129032258064516
DDPM,900,GACACT,0.00014193548387096775
DDPM,900,GACAGA,0.00021290322580645163
DDPM,900,GACAGC,0.00012903225806451613
DDPM,900,GACAGG,7.096774193548388e-05
DDPM,900,GACAGT,0.00013548387096774193
DDPM,900,GACATA,0.00014193548387096775
DDPM,900,GACATC,0.00015483870967741937
DDPM,900,GACATG,0.00013548387096774193
DDPM,900,GACATT,0.00016129032258064516
DDPM,900,GACCAA,0.0002064516129032258
DDPM,900,GACCAC,0.00015483870967741937
DDPM,900,GACCAG,7.096774193548388e-05
DDPM,900,GACCAT,0.0001225806451612903
DDPM,900,GACCCA,0.00014838709677419355
DDPM,900,GACCCC,1.935483870967742e-05
DDPM,900,GACCCG,7.741935483870968e-05
DDPM,900,GACCCT,0.0001032258064516129
DDPM,900,GACCGA,0.00012903225806451613
DDPM,900,GACCGC,2.5806451612903226e-05
DDPM,900,GACCGG,9.032258064516129e-05
DDPM,900,GACCGT,8.387096774193548e-05
DDPM,900,GACCTA,7.096774193548388e-05
DDPM,900,GACCTC,0.00012903225806451613
DDPM,900,GACCTG,8.387096774193548e-05
DDPM,900,GACCTT,0.00014193548387096775
DDPM,900,GACGAA,0.00034838709677419355
DDPM,900,GACGAC,0.00014838709677419355
DDPM,900,GACGAG,0.00023225806451612904
DDPM,900,GACGAT,0.0002967741935483871
DDPM,900,GACGCA,7.741935483870968e-05
DDPM,900,GACGCC,8.387096774193548e-05
DDPM,900,GACGCG,7.096774193548388e-05
DDPM,900,GACGCT,0.0001870967741935484
DDPM,900,GACGGA,0.00023225806451612904
DDPM,900,GACGGC,0.0002064516129032258
DDPM,900,GACGGG,8.387096774193548e-05
DDPM,900,GACGGT,0.00021290322580645163
DDPM,900,GACGTA,0.0001032258064516129
DDPM,900,GACGTC,0.0001032258064516129
DDPM,900,GACGTG,0.00012903225806451613
DDPM,900,GACGTT,0.00014838709677419355
DDPM,900,GACTAA,0.00013548387096774193
DDPM,900,GACTAC,7.741935483870968e-05
DDPM,900,GACTAG,0.0001935483870967742
DDPM,900,GACTAT,0.00013548387096774193
DDPM,900,GACTCA,0.0001935483870967742
DDPM,900,GACTCC,0.00015483870967741937
DDPM,900,GACTCG,0.00013548387096774193
DDPM,900,GACTCT,0.00034838709677419355
DDPM,900,GACTGA,0.0001935483870967742
DDPM,900,GACTGC,8.387096774193548e-05
DDPM,900,GACTGG,0.00017419354838709678
DDPM,900,GACTGT,0.0001032258064516129
DDPM,900,GACTTA,0.0001935483870967742
DDPM,900,GACTTC,0.00018064516129032257
DDPM,900,GACTTG,0.00023225806451612904
DDPM,900,GACTTT,0.00036129032258064514
DDPM,900,GAGAAA,0.0007483870967741936
DDPM,900,GAGAAC,0.00025161290322580645
DDPM,900,GAGAAG,0.0007161290322580645
DDPM,900,GAGAAT,0.00047741935483870966
DDPM,900,GAGACA,0.0002
DDPM,900,GAGACC,8.387096774193548e-05
DDPM,900,GAGACG,0.0001935483870967742
DDPM,900,GAGACT,0.00021935483870967742
DDPM,900,GAGAGA,0.0005806451612903225
DDPM,900,GAGAGC,0.00023870967741935483
DDPM,900,GAGAGG,0.00025806451612903227
DDPM,900,GAGAGT,0.0003225806451612903
DDPM,900,GAGATA,0.0003225806451612903
DDPM,900,GAGATC,0.00041935483870967743
DDPM,900,GAGATG,0.00045161290322580643
DDPM,900,GAGATT,0.0005870967741935484
DDPM,900,GAGCAA,0.00025806451612903227
DDPM,900,GAGCAC,5.806451612903226e-05
DDPM,900,GAGCAG,0.00025161290322580645
DDPM,900,GAGCAT,0.00016774193548387096
DDPM,900,GAGCCA,0.00014838709677419355
DDPM,900,GAGCCC,5.806451612903226e-05
DDPM,900,GAGCCG,8.387096774193548e-05
DDPM,900,GAGCCT,9.032258064516129e-05
DDPM,900,GAGCGA,0.00016129032258064516
DDPM,900,GAGCGC,5.806451612903226e-05
DDPM,900,GAGCGG,0.00011612903225806452
DDPM,900,GAGCGT,0.00011612903225806452
DDPM,900,GAGCTA,0.00016774193548387096
DDPM,900,GAGCTC,0.00027096774193548386
DDPM,900,GAGCTG,0.00021290322580645163
DDPM,900,GAGCTT,0.00036774193548387097
DDPM,900,GAGGAA,0.0004967741935483871
DDPM,900,GAGGAC,0.0001032258064516129
DDPM,900,GAGGAG,0.00042580645161290325
DDPM,900,GAGGAT,0.0003548387096774194
DDPM,900,GAGGCA,0.00014193548387096775
DDPM,900,GAGGCC,8.387096774193548e-05
DDPM,900,GAGGCG,0.00018064516129032257
DDPM,900,GAGGCT,0.00013548387096774193
DDPM,900,GAGGGA,0.0002
DDPM,900,GAGGGC,5.161290322580645e-05
DDPM,900,GAGGGG,7.741935483870968e-05
DDPM,900,GAGGGT,0.00015483870967741937
DDPM,900,GAGGTA,0.0002064516129032258
DDPM,900,GAGGTC,0.00014838709677419355
DDPM,900,GAGGTG,0.0002838709677419355
DDPM,900,GAGGTT,0.0002838709677419355
DDPM,900,GAGTAA,0.00025161290322580645
DDPM,900,GAGTAC,9.67741935483871e-05
DDPM,900,GAGTAG,0.00018064516129032257
DDPM,900,GAGTAT,0.00025806451612903227
DDPM,900,GAGTCA,0.00023870967741935483
DDPM,900,GAGTCC,9.67741935483871e-05
DDPM,900,GAGTCG,0.0001870967741935484
DDPM,900,GAGTCT,0.0002774193548387097
DDPM,900,GAGTGA,0.0003548387096774194
DDPM,900,GAGTGC,5.161290322580645e-05
DDPM,900,GAGTGG,0.0002967741935483871
DDPM,900,GAGTGT,0.00027096774193548386
DDPM,900,GAGTTA,0.00018064516129032257
DDPM,900,GAGTTC,0.00027096774193548386
DDPM,900,GAGTTG,0.0002967741935483871
DDPM,900,GAGTTT,0.0006
DDPM,900,GATAAA,0.000432258064516129
DDPM,900,GATAAC,0.0002
DDPM,900,GATAAG,0.0003161290322580645
DDPM,900,GATAAT,0.0003548387096774194
DDPM,900,GATACA,0.0001935483870967742
DDPM,900,GATACC,0.00012903225806451613
DDPM,900,GATACG,0.0001935483870967742
DDPM,900,GATACT,0.0002774193548387097
DDPM,900,GATAGA,0.0003225806451612903
DDPM,900,GATAGC,0.00011612903225806452
DDPM,900,GATAGG,9.67741935483871e-05
DDPM,900,GATAGT,0.00021290322580645163
DDPM,900,GATATA,0.0002451612903225806
DDPM,900,GATATC,0.00021290322580645163
DDPM,900,GATATG,0.0001935483870967742
DDPM,900,GATATT,0.00036774193548387097
DDPM,900,GATCAA,0.0003935483870967742
DDPM,900,GATCAC,0.0002645161290322581
DDPM,900,GATCAG,0.0002645161290322581
DDPM,900,GATCAT,0.0003741935483870968
DDPM,900,GATCCA,0.00030967741935483873
DDPM,900,GATCCC,0.00023870967741935483
DDPM,900,GATCCG,0.00022580645161290321
DDPM,900,GATCCT,0.0002774193548387097
DDPM,900,GATCGA,0.0002967741935483871
DDPM,900,GATCGC,0.00014193548387096775
DDPM,900,GATCGG,0.0003161290322580645
DDPM,900,GATCGT,0.00025161290322580645
DDPM,900,GATCTA,0.00030967741935483873
DDPM,900,GATCTC,0.00046451612903225807
DDPM,900,GATCTG,0.0003870967741935484
DDPM,900,GATCTT,0.0006193548387096775
DDPM,900,GATGAA,0.0005419354838709677
DDPM,900,GATGAC,0.00030967741935483873
DDPM,900,GATGAG,0.000432258064516129
DDPM,900,GATGAT,0.000535483870967742
DDPM,900,GATGCA,0.00025161290322580645
DDPM,900,GATGCC,0.00010967741935483871
DDPM,900,GATGCG,0.00014193548387096775
DDPM,900,GATGCT,0.00030967741935483873
DDPM,900,GATGGA,0.00044516129032258066
DDPM,900,GATGGC,0.0002967741935483871
DDPM,900,GATGGG,0.0002
DDPM,900,GATGGT,0.00038064516129032255
DDPM,900,GATGTA,0.00023870967741935483
DDPM,900,GATGTC,0.0002064516129032258
DDPM,900,GATGTG,0.0002838709677419355
DDPM,900,GATGTT,0.00041935483870967743
DDPM,900,GATTAA,0.00036774193548387097
DDPM,900,GATTAC,0.00021935483870967742
DDPM,900,GATTAG,0.00030967741935483873
DDPM,900,GATTAT,0.00042580645161290325
DDPM,900,GATTCA,0.0004903225806451613
DDPM,900,GATTCC,0.0002774193548387097
DDPM,900,GATTCG,0.0004
DDPM,900,GATTCT,0.0008387096774193549
DDPM,900,GATTGA,0.0004838709677419355
DDPM,900,GATTGC,0.0002645161290322581
DDPM,900,GATTGG,0.00036774193548387097
DDPM,900,GATTGT,0.000535483870967742
DDPM,900,GATTTA,0.00041935483870967743
DDPM,900,GATTTC,0.0006387096774193549
DDPM,900,GATTTG,0.0008
DDPM,900,GATTTT,0.0009419354838709678
DDPM,900,GCAAAA,0.0004129032258064516
DDPM,900,GCAAAC,0.0002
DDPM,900,GCAAAG,0.00021935483870967742
DDPM,900,GCAAAT,0.00036774193548387097
DDPM,900,GCAACA,0.0002451612903225806
DDPM,900,GCAACC,0.00015483870967741937
DDPM,900,GCAACG,0.00016774193548387096
DDPM,900,GCAACT,0.00016129032258064516
DDPM,900,GCAAGA,0.00022580645161290321
DDPM,900,GCAAGC,0.00013548387096774193
DDPM,900,GCAAGG,0.0001032258064516129
DDPM,900,GCAAGT,0.0001225806451612903
DDPM,900,GCAATA,6.451612903225807e-05
DDPM,900,GCAATC,0.00014838709677419355
DDPM,900,GCAATG,0.00016774193548387096
DDPM,900,GCAATT,0.0002774193548387097
DDPM,900,GCACAA,0.0001225806451612903
DDPM,900,GCACAC,8.387096774193548e-05
DDPM,900,GCACAG,5.806451612903226e-05
DDPM,900,GCACAT,9.032258064516129e-05
DDPM,900,GCACCA,9.67741935483871e-05
DDPM,900,GCACCC,4.516129032258064e-05
DDPM,900,GCACCG,0.00013548387096774193
DDPM,900,GCACCT,7.741935483870968e-05
DDPM,900,GCACGA,7.096774193548388e-05
DDPM,900,GCACGC,3.870967741935484e-05
DDPM,900,GCACGG,7.096774193548388e-05
DDPM,900,GCACGT,0.0001032258064516129
DDPM,900,GCACTA,8.387096774193548e-05
DDPM,900,GCACTC,7.741935483870968e-05
DDPM,900,GCACTG,5.806451612903226e-05
DDPM,900,GCACTT,0.00015483870967741937
DDPM,900,GCAGAA,0.0003032258064516129
DDPM,900,GCAGAC,9.032258064516129e-05
DDPM,900,GCAGAG,0.00021935483870967742
DDPM,900,GCAGAT,0.00017419354838709678
DDPM,900,GCAGCA,0.00021290322580645163
DDPM,900,GCAGCC,5.806451612903226e-05
DDPM,900,GCAGCG,0.00018064516129032257
DDPM,900,GCAGCT,0.0002
DDPM,900,GCAGGA,0.00014193548387096775
DDPM,900,GCAGGC,1.935483870967742e-05
DDPM,900,GCAGGG,1.935483870967742e-05
DDPM,900,GCAGGT,0.0001032258064516129
DDPM,900,GCAGTA,0.00013548387096774193
DDPM,900,GCAGTC,8.387096774193548e-05
DDPM,900,GCAGTG,0.00015483870967741937
DDPM,900,GCAGTT,0.00021290322580645163
DDPM,900,GCATAA,0.00016774193548387096
DDPM,900,GCATAC,5.806451612903226e-05
DDPM,900,GCATAG,7.096774193548388e-05
DDPM,900,GCATAT,9.032258064516129e-05
DDPM,900,GCATCA,0.00025806451612903227
DDPM,900,GCATCC,6.451612903225807e-05
DDPM,900,GCATCG,0.00016129032258064516
DDPM,900,GCATCT,0.00013548387096774193
DDPM,900,GCATGA,9.67741935483871e-05
DDPM,900,GCATGC,4.516129032258064e-05
DDPM,900,GCATGG,9.67741935483871e-05
DDPM,900,GCATGT,9.67741935483871e-05
DDPM,900,GCATTA,0.00013548387096774193
DDPM,900,GCATTC,6.451612903225807e-05
DDPM,900,GCATTG,0.00018064516129032257
DDPM,900,GCATTT,0.00021290322580645163
DDPM,900,GCCAAA,0.0002064516129032258
DDPM,900,GCCAAC,0.00012903225806451613
DDPM,900,GCCAAG,0.00014838709677419355
DDPM,900,GCCAAT,0.0002064516129032258
DDPM,900,GCCACA,9.67741935483871e-05
DDPM,900,GCCACC,8.387096774193548e-05
DDPM,900,GCCACG,0.0001225806451612903
DDPM,900,GCCACT,0.0001032258064516129
DDPM,900,GCCAGA,0.00011612903225806452
DDPM,900,GCCAGC,7.096774193548388e-05
DDPM,900,GCCAGG,4.516129032258064e-05
DDPM,900,GCCAGT,6.451612903225807e-05
DDPM,900,GCCATA,9.67741935483871e-05
DDPM,900,GCCATC,0.00016774193548387096
DDPM,900,GCCATG,7.741935483870968e-05
DDPM,900,GCCATT,0.00016129032258064516
DDPM,900,GCCCAA,0.00011612903225806452
DDPM,900,GCCCAC,9.67741935483871e-05
DDPM,900,GCCCAG,3.870967741935484e-05
DDPM,900,GCCCAT,7.096774193548388e-05
DDPM,900,GCCCCA,6.451612903225807e-05
DDPM,900,GCCCCC,6.451612903225806e-06
DDPM,900,GCCCCG,3.2258064516129034e-05
DDPM,900,GCCCCT,7.741935483870968e-05
DDPM,900,GCCCGA,3.870967741935484e-05
DDPM,900,GCCCGC,3.2258064516129034e-05
DDPM,900,GCCCGG,3.870967741935484e-05
DDPM,900,GCCCGT,5.161290322580645e-05
DDPM,900,GCCCTA,4.516129032258064e-05
DDPM,900,GCCCTC,6.451612903225807e-05
DDPM,900,GCCCTG,4.516129032258064e-05
DDPM,900,GCCCTT,9.032258064516129e-05
DDPM,900,GCCGAA,0.00017419354838709678
DDPM,900,GCCGAC,9.67741935483871e-05
DDPM,900,GCCGAG,9.67741935483871e-05
DDPM,900,GCCGAT,0.00016774193548387096
DDPM,900,GCCGCA,7.741935483870968e-05
DDPM,900,GCCGCC,0.00017419354838709678
DDPM,900,GCCGCG,5.806451612903226e-05
DDPM,900,GCCGCT,9.67741935483871e-05
DDPM,900,GCCGGA,0.00022580645161290321
DDPM,900,GCCGGC,0.00010967741935483871
DDPM,900,GCCGGG,6.451612903225807e-05
DDPM,900,GCCGGT,0.00015483870967741937
DDPM,900,GCCGTA,9.032258064516129e-05
DDPM,900,GCCGTC,0.0001935483870967742
DDPM,900,GCCGTG,0.0001032258064516129
DDPM,900,GCCGTT,0.00021935483870967742
DDPM,900,GCCTAA,0.0001032258064516129
DDPM,900,GCCTAC,7.741935483870968e-05
DDPM,900,GCCTAG,4.516129032258064e-05
DDPM,900,GCCTAT,7.741935483870968e-05
DDPM,900,GCCTCA,0.00014193548387096775
DDPM,900,GCCTCC,0.00014838709677419355
DDPM,900,GCCTCG,0.00013548387096774193
DDPM,900,GCCTCT,0.0001935483870967742
DDPM,900,GCCTGA,7.741935483870968e-05
DDPM,900,GCCTGC,5.161290322580645e-05
DDPM,900,GCCTGG,6.451612903225807e-05
DDPM,900,GCCTGT,5.161290322580645e-05
DDPM,900,GCCTTA,7.096774193548388e-05
DDPM,900,GCCTTC,9.67741935483871e-05
DDPM,900,GCCTTG,9.032258064516129e-05
DDPM,900,GCCTTT,0.00016129032258064516
DDPM,900,GCGAAA,0.00021935483870967742
DDPM,900,GCGAAC,8.387096774193548e-05
DDPM,900,GCGAAG,0.00023225806451612904
DDPM,900,GCGAAT,0.00014193548387096775
DDPM,900,GCGACA,0.00016774193548387096
DDPM,900,GCGACC,7.741935483870968e-05
DDPM,900,GCGACG,0.0002064516129032258
DDPM,900,GCGACT,0.00010967741935483871
DDPM,900,GCGAGA,0.0001225806451612903
DDPM,900,GCGAGC,9.032258064516129e-05
DDPM,900,GCGAGG,9.67741935483871e-05
DDPM,900,GCGAGT,0.00014838709677419355
DDPM,900,GCGATA,0.00014193548387096775
DDPM,900,GCGATC,0.00011612903225806452
DDPM,900,GCGATG,0.00022580645161290321
DDPM,900,GCGATT,0.00030967741935483873
DDPM,900,GCGCAA,7.096774193548388e-05
DDPM,900,GCGCAC,0.0
DDPM,900,GCGCAG,5.806451612903226e-05
DDPM,900,GCGCAT,3.2258064516129034e-05
DDPM,900,GCGCCA,5.806451612903226e-05
DDPM,900,GCGCCC,1.2903225806451613e-05
DDPM,900,GCGCCG,7.741935483870968e-05
DDPM,900,GCGCCT,5.806451612903226e-05
DDPM,900,GCGCGA,4.516129032258064e-05
DDPM,900,GCGCGC,1.2903225806451613e-05
DDPM,900,GCGCGG,2.5806451612903226e-05
DDPM,900,GCGCGT,4.516129032258064e-05
DDPM,900,GCGCTA,4.516129032258064e-05
DDPM,900,GCGCTC,4.516129032258064e-05
DDPM,900,GCGCTG,7.741935483870968e-05
DDPM,900,GCGCTT,0.00010967741935483871
DDPM,900,GCGGAA,0.00021290322580645163
DDPM,900,GCGGAC,3.870967741935484e-05
DDPM,900,GCGGAG,0.0004129032258064516
DDPM,900,GCGGAT,0.00023225806451612904
DDPM,900,GCGGCA,0.00014193548387096775
DDPM,900,GCGGCC,2.5806451612903226e-05
DDPM,900,GCGGCG,0.0002838709677419355
DDPM,900,GCGGCT,0.00014838709677419355
DDPM,900,GCGGGA,5.806451612903226e-05
DDPM,900,GCGGGC,1.935483870967742e-05
DDPM,900,GCGGGG,4.516129032258064e-05
DDPM,900,GCGGGT,6.451612903225807e-05
DDPM,900,GCGGTA,0.00015483870967741937
DDPM,900,GCGGTC,2.5806451612903226e-05
DDPM,900,GCGGTG,0.0002645161290322581
DDPM,900,GCGGTT,0.00021290322580645163
DDPM,900,GCGTAA,5.806451612903226e-05
DDPM,900,GCGTAC,5.806451612903226e-05
DDPM,900,GCGTAG,5.806451612903226e-05
DDPM,900,GCGTAT,9.032258064516129e-05
DDPM,900,GCGTCA,0.00012903225806451613
DDPM,900,GCGTCC,6.451612903225807e-05
DDPM,900,GCGTCG,0.00014193548387096775
DDPM,900,GCGTCT,0.00016774193548387096
DDPM,900,GCGTGA,0.0001032258064516129
DDPM,900,GCGTGC,7.741935483870968e-05
DDPM,900,GCGTGG,9.67741935483871e-05
DDPM,900,GCGTGT,0.00016129032258064516
DDPM,900,GCGTTA,0.00012903225806451613
DDPM,900,GCGTTC,8.387096774193548e-05
DDPM,900,GCGTTG,0.00017419354838709678
DDPM,900,GCGTTT,0.0002
DDPM,900,GCTAAA,0.00023225806451612904
DDPM,900,GCTAAC,0.00011612903225806452
DDPM,900,GCTAAG,0.00014838709677419355
DDPM,900,GCTAAT,0.0002451612903225806
DDPM,900,GCTACA,0.00014193548387096775
DDPM,900,GCTACC,8.387096774193548e-05
DDPM,900,GCTACG,0.0001032258064516129
DDPM,900,GCTACT,0.00014193548387096775
DDPM,900,GCTAGA,0.0001032258064516129
DDPM,900,GCTAGC,0.0001032258064516129
DDPM,900,GCTAGG,0.0001032258064516129
DDPM,900,GCTAGT,0.00012903225806451613
DDPM,900,GCTATA,0.00010967741935483871
DDPM,900,GCTATC,0.00016774193548387096
DDPM,900,GCTATG,0.0001225806451612903
DDPM,900,GCTATT,0.00017419354838709678
DDPM,900,GCTCAA,0.0003225806451612903
DDPM,900,GCTCAC,0.00013548387096774193
DDPM,900,GCTCAG,0.00014193548387096775
DDPM,900,GCTCAT,0.00012903225806451613
DDPM,900,GCTCCA,0.0001935483870967742
DDPM,900,GCTCCC,5.806451612903226e-05
DDPM,900,GCTCCG,0.00023870967741935483
DDPM,900,GCTCCT,0.00016774193548387096
DDPM,900,GCTCGA,0.00018064516129032257
DDPM,900,GCTCGC,8.387096774193548e-05
DDPM,900,GCTCGG,5.806451612903226e-05
DDPM,900,GCTCGT,0.00016129032258064516
DDPM,900,GCTCTA,0.00021290322580645163
DDPM,900,GCTCTC,0.00034838709677419355
DDPM,900,GCTCTG,0.0003161290322580645
DDPM,900,GCTCTT,0.00036774193548387097
DDPM,900,GCTGAA,0.0002645161290322581
DDPM,900,GCTGAC,8.387096774193548e-05
DDPM,900,GCTGAG,0.00025806451612903227
DDPM,900,GCTGAT,0.00022580645161290321
DDPM,900,GCTGCA,0.00012903225806451613
DDPM,900,GCTGCC,8.387096774193548e-05
DDPM,900,GCTGCG,0.00014838709677419355
DDPM,900,GCTGCT,0.0002645161290322581
DDPM,900,GCTGGA,0.0002
DDPM,900,GCTGGC,0.00011612903225806452
DDPM,900,GCTGGG,0.00012903225806451613
DDPM,900,GCTGGT,0.0001870967741935484
DDPM,900,GCTGTA,0.00010967741935483871
DDPM,900,GCTGTC,0.00014838709677419355
DDPM,900,GCTGTG,0.00023870967741935483
DDPM,900,GCTGTT,0.00032903225806451614
DDPM,900,GCTTAA,0.00014838709677419355
DDPM,900,GCTTAC,0.0002
DDPM,900,GCTTAG,0.00017419354838709678
DDPM,900,GCTTAT,0.0001935483870967742
DDPM,900,GCTTCA,0.0003032258064516129
DDPM,900,GCTTCC,0.0002451612903225806
DDPM,900,GCTTCG,0.0002838709677419355
DDPM,900,GCTTCT,0.0006258064516129032
DDPM,900,GCTTGA,0.00021935483870967742
DDPM,900,GCTTGC,9.67741935483871e-05
DDPM,900,GCTTGG,0.00014838709677419355
DDPM,900,GCTTGT,0.00027096774193548386
DDPM,900,GCTTTA,0.00027096774193548386
DDPM,900,GCTTTC,0.0003032258064516129
DDPM,900,GCTTTG,0.0003870967741935484
DDPM,900,GCTTTT,0.0006580645161290323
DDPM,900,GGAAAA,0.0005419354838709677
DDPM,900,GGAAAC,0.000432258064516129
DDPM,900,GGAAAG,0.00034193548387096773
DDPM,900,GGAAAT,0.0005225806451612903
DDPM,900,GGAACA,0.00023225806451612904
DDPM,900,GGAACC,0.0002451612903225806
DDPM,900,GGAACG,9.032258064516129e-05
DDPM,900,GGAACT,0.00025806451612903227
DDPM,900,GGAAGA,0.0005612903225806451
DDPM,900,GGAAGC,0.00027096774193548386
DDPM,900,GGAAGG,0.00023225806451612904
DDPM,900,GGAAGT,0.00027096774193548386
DDPM,900,GGAATA,0.0003032258064516129
DDPM,900,GGAATC,0.0003161290322580645
DDPM,900,GGAATG,0.00027096774193548386
DDPM,900,GGAATT,0.00042580645161290325
DDPM,900,GGACAA,0.0002451612903225806
DDPM,900,GGACAC,9.032258064516129e-05
DDPM,900,GGACAG,0.00010967741935483871
DDPM,900,GGACAT,7.096774193548388e-05
DDPM,900,GGACCA,0.0001225806451612903
DDPM,900,GGACCC,0.00010967741935483871
DDPM,900,GGACCG,9.032258064516129e-05
DDPM,900,GGACCT,8.387096774193548e-05
DDPM,900,GGACGA,9.67741935483871e-05
DDPM,900,GGACGC,5.806451612903226e-05
DDPM,900,GGACGG,9.032258064516129e-05
DDPM,900,GGACGT,7.741935483870968e-05
DDPM,900,GGACTA,0.0001032258064516129
DDPM,900,GGACTC,8.387096774193548e-05
DDPM,900,GGACTG,0.0001032258064516129
DDPM,900,GGACTT,0.00017419354838709678
DDPM,900,GGAGAA,0.0006903225806451613
DDPM,900,GGAGAC,0.0001870967741935484
DDPM,900,GGAGAG,0.0003741935483870968
DDPM,900,GGAGAT,0.0005161290322580645
DDPM,900,GGAGCA,0.00023870967741935483
DDPM,900,GGAGCC,0.00010967741935483871
DDPM,900,GGAGCG,0.00014838709677419355
DDPM,900,GGAGCT,0.00032903225806451614
DDPM,900,GGAGGA,0.0005419354838709677
DDPM,900,GGAGGC,0.0002064516129032258
DDPM,900,GGAGGG,0.0001225806451612903
DDPM,900,GGAGGT,0.00030967741935483873
DDPM,900,GGAGTA,0.00018064516129032257
DDPM,900,GGAGTC,0.0002064516129032258
DDPM,900,GGAGTG,0.00025806451612903227
DDPM,900,GGAGTT,0.0003548387096774194
DDPM,900,GGATAA,0.00023870967741935483
DDPM,900,GGATAC,0.00023225806451612904
DDPM,900,GGATAG,0.00014838709677419355
DDPM,900,GGATAT,0.0002645161290322581
DDPM,900,GGATCA,0.0002838709677419355
DDPM,900,GGATCC,0.0001870967741935484
DDPM,900,GGATCG,0.00025806451612903227
DDPM,900,GGATCT,0.00042580645161290325
DDPM,900,GGATGA,0.00032903225806451614
DDPM,900,GGATGC,0.00016129032258064516
DDPM,900,GGATGG,0.00025161290322580645
DDPM,900,GGATGT,0.00023870967741935483
DDPM,900,GGATTA,0.0002064516129032258
DDPM,900,GGATTC,0.00046451612903225807
DDPM,900,GGATTG,0.00034193548387096773
DDPM,900,GGATTT,0.0006709677419354838
DDPM,900,GGCAAA,0.00023870967741935483
DDPM,900,GGCAAC,0.00014838709677419355
DDPM,900,GGCAAG,0.00010967741935483871
DDPM,900,GGCAAT,0.00016774193548387096
DDPM,900,GGCACA,9.032258064516129e-05
DDPM,900,GGCACC,6.451612903225807e-05
DDPM,900,GGCACG,6.451612903225807e-05
DDPM,900,GGCACT,8.387096774193548e-05
DDPM,900,GGCAGA,0.00018064516129032257
DDPM,900,GGCAGC,0.00014838709677419355
DDPM,900,GGCAGG,1.935483870967742e-05
DDPM,900,GGCAGT,0.00012903225806451613
DDPM,900,GGCATA,0.00010967741935483871
DDPM,900,GGCATC,0.00012903225806451613
DDPM,900,GGCATG,9.67741935483871e-05
DDPM,900,GGCATT,8.387096774193548e-05
DDPM,900,GGCCAA,0.0002
DDPM,900,GGCCAC,0.0001032258064516129
DDPM,900,GGCCAG,4.516129032258064e-05
DDPM,900,GGCCAT,0.00014838709677419355
DDPM,900,GGCCCA,7.096774193548388e-05
DDPM,900,GGCCCC,3.870967741935484e-05
DDPM,900,GGCCCG,5.161290322580645e-05
DDPM,900,GGCCCT,7.096774193548388e-05
DDPM,900,GGCCGA,0.00011612903225806452
DDPM,900,GGCCGC,4.516129032258064e-05
DDPM,900,GGCCGG,5.806451612903226e-05
DDPM,900,GGCCGT,8.387096774193548e-05
DDPM,900,GGCCTA,7.741935483870968e-05
DDPM,900,GGCCTC,0.0001032258064516129
DDPM,900,GGCCTG,7.741935483870968e-05
DDPM,900,GGCCTT,7.096774193548388e-05
DDPM,900,GGCGAA,0.00021935483870967742
DDPM,900,GGCGAC,0.0001870967741935484
DDPM,900,GGCGAG,0.00016129032258064516
DDPM,900,GGCGAT,0.00036129032258064514
DDPM,900,GGCGCA,5.161290322580645e-05
DDPM,900,GGCGCC,7.096774193548388e-05
DDPM,900,GGCGCG,7.096774193548388e-05
DDPM,900,GGCGCT,0.00011612903225806452
DDPM,900,GGCGGA,0.00045161290322580643
DDPM,900,GGCGGC,0.00025161290322580645
DDPM,900,GGCGGG,6.451612903225807e-05
DDPM,900,GGCGGT,0.0003161290322580645
DDPM,900,GGCGTA,7.741935483870968e-05
DDPM,900,GGCGTC,0.00016129032258064516
DDPM,900,GGCGTG,0.0001225806451612903
DDPM,900,GGCGTT,0.00016774193548387096
DDPM,900,GGCTAA,0.00012903225806451613
DDPM,900,GGCTAC,0.00017419354838709678
DDPM,900,GGCTAG,0.00013548387096774193
DDPM,900,GGCTAT,0.00014193548387096775
DDPM,900,GGCTCA,0.00021935483870967742
DDPM,900,GGCTCC,0.00013548387096774193
DDPM,900,GGCTCG,0.00010967741935483871
DDPM,900,GGCTCT,0.00027096774193548386
DDPM,900,GGCTGA,0.0001870967741935484
DDPM,900,GGCTGC,0.00012903225806451613
DDPM,900,GGCTGG,8.387096774193548e-05
DDPM,900,GGCTGT,0.00016129032258064516
DDPM,900,GGCTTA,0.00016129032258064516
DDPM,900,GGCTTC,0.0002967741935483871
DDPM,900,GGCTTG,0.0001935483870967742
DDPM,900,GGCTTT,0.0003225806451612903
DDPM,900,GGGAAA,0.00038064516129032255
DDPM,900,GGGAAC,0.00016129032258064516
DDPM,900,GGGAAG,0.0002451612903225806
DDPM,900,GGGAAT,0.00029032258064516127
DDPM,900,GGGACA,8.387096774193548e-05
DDPM,900,GGGACC,4.516129032258064e-05
DDPM,900,GGGACG,7.096774193548388e-05
DDPM,900,GGGACT,7.741935483870968e-05
DDPM,900,GGGAGA,0.00025161290322580645
DDPM,900,GGGAGC,0.00012903225806451613
DDPM,900,GGGAGG,0.00011612903225806452
DDPM,900,GGGAGT,0.0001032258064516129
DDPM,900,GGGATA,0.00014838709677419355
DDPM,900,GGGATC,0.0002
DDPM,900,GGGATG,0.00013548387096774193
DDPM,900,GGGATT,0.0003548387096774194
DDPM,900,GGGCAA,9.032258064516129e-05
DDPM,900,GGGCAC,5.806451612903226e-05
DDPM,900,GGGCAG,5.806451612903226e-05
DDPM,900,GGGCAT,5.161290322580645e-05
DDPM,900,GGGCCA,9.67741935483871e-05
DDPM,900,GGGCCC,3.2258064516129034e-05
DDPM,900,GGGCCG,6.451612903225807e-05
DDPM,900,GGGCCT,5.161290322580645e-05
DDPM,900,GGGCGA,5.161290322580645e-05
DDPM,900,GGGCGC,1.2903225806451613e-05
DDPM,900,GGGCGG,8.387096774193548e-05
DDPM,900,GGGCGT,7.741935483870968e-05
DDPM,900,GGGCTA,9.032258064516129e-05
DDPM,900,GGGCTC,0.00012903225806451613
DDPM,900,GGGCTG,0.0001032258064516129
DDPM,900,GGGCTT,0.00018064516129032257
DDPM,900,GGGGAA,0.00029032258064516127
DDPM,900,GGGGAC,7.096774193548388e-05
DDPM,900,GGGGAG,0.00011612903225806452
DDPM,900,GGGGAT,0.0001870967741935484
DDPM,900,GGGGCA,4.516129032258064e-05
DDPM,900,GGGGCC,2.5806451612903226e-05
DDPM,900,GGGGCG,3.2258064516129034e-05
DDPM,900,GGGGCT,8.387096774193548e-05
DDPM,900,GGGGGA,0.00014193548387096775
DDPM,900,GGGGGC,2.5806451612903226e-05
DDPM,900,GGGGGG,3.870967741935484e-05
DDPM,900,GGGGGT,7.096774193548388e-05
DDPM,900,GGGGTA,8.387096774193548e-05
DDPM,900,GGGGTC,7.741935483870968e-05
DDPM,900,GGGGTG,9.67741935483871e-05
DDPM,900,GGGGTT,0.0003032258064516129
DDPM,900,GGGTAA,0.00013548387096774193
DDPM,900,GGGTAC,7.096774193548388e-05
DDPM,900,GGGTAG,9.67741935483871e-05
DDPM,900,GGGTAT,0.00010967741935483871
DDPM,900,GGGTCA,0.00010967741935483871
DDPM,900,GGGTCC,7.096774193548388e-05
DDPM,900,GGGTCG,0.00010967741935483871
DDPM,900,GGGTCT,0.00018064516129032257
DDPM,900,GGGTGA,0.0001935483870967742
DDPM,900,GGGTGC,9.032258064516129e-05
DDPM,900,GGGTGG,0.0002
DDPM,900,GGGTGT,0.00011612903225806452
DDPM,900,GGGTTA,0.00021935483870967742
DDPM,900,GGGTTC,0.0002645161290322581
DDPM,900,GGGTTG,0.0002774193548387097
DDPM,900,GGGTTT,0.0006774193548387097
DDPM,900,GGTAAA,0.0003225806451612903
DDPM,900,GGTAAC,0.00017419354838709678
DDPM,900,GGTAAG,0.00010967741935483871
DDPM,900,GGTAAT,0.00014838709677419355
DDPM,900,GGTACA,0.00015483870967741937
DDPM,900,GGTACC,9.67741935483871e-05
DDPM,900,GGTACG,0.00010967741935483871
DDPM,900,GGTACT,0.00010967741935483871
DDPM,900,GGTAGA,0.00018064516129032257
DDPM,900,GGTAGC,0.00010967741935483871
DDPM,900,GGTAGG,0.00011612903225806452
DDPM,900,GGTAGT,0.00015483870967741937
DDPM,900,GGTATA,7.096774193548388e-05
DDPM,900,GGTATC,0.0001935483870967742
DDPM,900,GGTATG,0.0001032258064516129
DDPM,900,GGTATT,0.00025161290322580645
DDPM,900,GGTCAA,0.0002
DDPM,900,GGTCAC,9.032258064516129e-05
DDPM,900,GGTCAG,0.00013548387096774193
DDPM,900,GGTCAT,0.0001225806451612903
DDPM,900,GGTCCA,0.00010967741935483871
DDPM,900,GGTCCC,6.451612903225807e-05
DDPM,900,GGTCCG,0.0001225806451612903
DDPM,900,GGTCCT,0.00013548387096774193
DDPM,900,GGTCGA,0.00015483870967741937
DDPM,900,GGTCGC,8.387096774193548e-05
DDPM,900,GGTCGG,0.00014193548387096775
DDPM,900,GGTCGT,0.00014838709677419355
DDPM,900,GGTCTA,0.00012903225806451613
DDPM,900,GGTCTC,0.00023225806451612904
DDPM,900,GGTCTG,0.00013548387096774193
DDPM,900,GGTCTT,0.00021290322580645163
DDPM,900,GGTGAA,0.00044516129032258066
DDPM,900,GGTGAC,0.00015483870967741937
DDPM,900,GGTGAG,0.00025806451612903227
DDPM,900,GGTGAT,0.0003354838709677419
DDPM,900,GGTGCA,0.00014838709677419355
DDPM,900,GGTGCC,9.67741935483871e-05
DDPM,900,GGTGCG,7.096774193548388e-05
DDPM,900,GGTGCT,0.00025161290322580645
DDPM,900,GGTGGA,0.0004903225806451613
DDPM,900,GGTGGC,0.0003032258064516129
DDPM,900,GGTGGG,0.00021290322580645163
DDPM,900,GGTGGT,0.0004838709677419355
DDPM,900,GGTGTA,0.00012903225806451613
DDPM,900,GGTGTC,0.00015483870967741937
DDPM,900,GGTGTG,0.00016129032258064516
DDPM,900,GGTGTT,0.00036129032258064514
DDPM,900,GGTTAA,0.00025161290322580645
DDPM,900,GGTTAC,0.0001870967741935484
DDPM,900,GGTTAG,0.00032903225806451614
DDPM,900,GGTTAT,0.00025806451612903227
DDPM,900,GGTTCA,0.0003225806451612903
DDPM,900,GGTTCC,0.0002064516129032258
DDPM,900,GGTTCG,0.00025806451612903227
DDPM,900,GGTTCT,0.0005612903225806451
DDPM,900,GGTTGA,0.0003935483870967742
DDPM,900,GGTTGC,0.00014838709677419355
DDPM,900,GGTTGG,0.0002451612903225806
DDPM,900,GGTTGT,0.00038064516129032255
DDPM,900,GGTTTA,0.0003935483870967742
DDPM,900,GGTTTC,0.0005096774193548387
DDPM,900,GGTTTG,0.00047741935483870966
DDPM,900,GGTTTT,0.0008516129032258065
DDPM,900,GTAAAA,0.00045806451612903225
DDPM,900,GTAAAC,0.00029032258064516127
DDPM,900,GTAAAG,0.00030967741935483873
DDPM,900,GTAAAT,0.00038064516129032255
DDPM,900,GTAACA,0.00018064516129032257
DDPM,900,GTAACC,0.00015483870967741937
DDPM,900,GTAACG,0.00012903225806451613
DDPM,900,GTAACT,0.0001870967741935484
DDPM,900,GTAAGA,0.0002064516129032258
DDPM,900,GTAAGC,0.00010967741935483871
DDPM,900,GTAAGG,0.0001032258064516129
DDPM,900,GTAAGT,0.00014838709677419355
DDPM,900,GTAATA,0.00017419354838709678
DDPM,900,GTAATC,0.0002645161290322581
DDPM,900,GTAATG,0.0002
DDPM,900,GTAATT,0.00029032258064516127
DDPM,900,GTACAA,0.00021290322580645163
DDPM,900,GTACAC,9.67741935483871e-05
DDPM,900,GTACAG,0.00010967741935483871
DDPM,900,GTACAT,0.00013548387096774193
DDPM,900,GTACCA,0.00016774193548387096
DDPM,900,GTACCC,7.096774193548388e-05
DDPM,900,GTACCG,7.741935483870968e-05
DDPM,900,GTACCT,0.00010967741935483871
DDPM,900,GTACGA,7.741935483870968e-05
DDPM,900,GTACGC,1.2903225806451613e-05
DDPM,900,GTACGG,9.67741935483871e-05
DDPM,900,GTACGT,5.806451612903226e-05
DDPM,900,GTACTA,7.096774193548388e-05
DDPM,900,GTACTC,9.67741935483871e-05
DDPM,900,GTACTG,0.00010967741935483871
DDPM,900,GTACTT,0.0001870967741935484
DDPM,900,GTAGAA,0.00034838709677419355
DDPM,900,GTAGAC,0.00011612903225806452
DDPM,900,GTAGAG,0.00017419354838709678
DDPM,900,GTAGAT,0.00023225806451612904
DDPM,900,GTAGCA,0.00014838709677419355
DDPM,900,GTAGCC,8.387096774193548e-05
DDPM,900,GTAGCG,8.387096774193548e-05
DDPM,900,GTAGCT,0.0001870967741935484
DDPM,900,GTAGGA,0.0001225806451612903
DDPM,900,GTAGGC,6.451612903225807e-05
DDPM,900,GTAGGG,7.741935483870968e-05
DDPM,900,GTAGGT,0.00013548387096774193
DDPM,900,GTAGTA,0.00015483870967741937
DDPM,900,GTAGTC,8.387096774193548e-05
DDPM,900,GTAGTG,0.00012903225806451613
DDPM,900,GTAGTT,0.00032903225806451614
DDPM,900,GTATAA,0.0001935483870967742
DDPM,900,GTATAC,9.67741935483871e-05
DDPM,900,GTATAG,8.387096774193548e-05
DDPM,900,GTATAT,0.00015483870967741937
DDPM,900,GTATCA,0.0002
DDPM,900,GTATCC,0.00014838709677419355
DDPM,900,GTATCG,0.00017419354838709678
DDPM,900,GTATCT,0.0002838709677419355
DDPM,900,GTATGA,0.00016774193548387096
DDPM,900,GTATGC,5.806451612903226e-05
DDPM,900,GTATGG,0.00011612903225806452
DDPM,900,GTATGT,0.00015483870967741937
DDPM,900,GTATTA,0.0001935483870967742
DDPM,900,GTATTC,0.00022580645161290321
DDPM,900,GTATTG,0.00023870967741935483
DDPM,900,GTATTT,0.0003935483870967742
DDPM,900,GTCAAA,0.00034838709677419355
DDPM,900,GTCAAC,0.00012903225806451613
DDPM,900,GTCAAG,0.0003225806451612903
DDPM,900,GTCAAT,0.0003354838709677419
DDPM,900,GTCACA,0.00022580645161290321
DDPM,900,GTCACC,0.00011612903225806452
DDPM,900,GTCACG,0.00010967741935483871
DDPM,900,GTCACT,0.00021935483870967742
DDPM,900,GTCAGA,0.0002064516129032258
DDPM,900,GTCAGC,0.00014193548387096775
DDPM,900,GTCAGG,9.67741935483871e-05
DDPM,900,GTCAGT,0.00015483870967741937
DDPM,900,GTCATA,0.00015483870967741937
DDPM,900,GTCATC,0.00021290322580645163
DDPM,900,GTCATG,0.00016129032258064516
DDPM,900,GTCATT,0.00023870967741935483
DDPM,900,GTCCAA,0.00023870967741935483
DDPM,900,GTCCAC,8.387096774193548e-05
DDPM,900,GTCCAG,0.0001032258064516129
DDPM,900,GTCCAT,0.00012903225806451613
DDPM,900,GTCCCA,0.00010967741935483871
DDPM,900,GTCCCC,4.516129032258064e-05
DDPM,900,GTCCCG,4.516129032258064e-05
DDPM,900,GTCCCT,5.806451612903226e-05
DDPM,900,GTCCGA,0.00011612903225806452
DDPM,900,GTCCGC,7.096774193548388e-05
DDPM,900,GTCCGG,8.387096774193548e-05
DDPM,900,GTCCGT,8.387096774193548e-05
DDPM,900,GTCCTA,0.00011612903225806452
DDPM,900,GTCCTC,0.00014193548387096775
DDPM,900,GTCCTG,0.0001032258064516129
DDPM,900,GTCCTT,0.0002
DDPM,900,GTCGAA,0.0002645161290322581
DDPM,900,GTCGAC,0.0001870967741935484
DDPM,900,GTCGAG,0.00012903225806451613
DDPM,900,GTCGAT,0.00038064516129032255
DDPM,900,GTCGCA,0.00013548387096774193
DDPM,900,GTCGCC,0.0001032258064516129
DDPM,900,GTCGCG,6.451612903225807e-05
DDPM,900,GTCGCT,0.00010967741935483871
DDPM,900,GTCGGA,0.00025806451612903227
DDPM,900,GTCGGC,0.00014838709677419355
DDPM,900,GTCGGG,0.00010967741935483871
DDPM,900,GTCGGT,0.0002
DDPM,900,GTCGTA,0.00011612903225806452
DDPM,900,GTCGTC,0.00018064516129032257
DDPM,900,GTCGTG,0.00014838709677419355
DDPM,900,GTCGTT,0.0002645161290322581
DDPM,900,GTCTAA,0.00021290322580645163
DDPM,900,GTCTAC,0.00010967741935483871
DDPM,900,GTCTAG,0.0002
DDPM,900,GTCTAT,0.0001870967741935484
DDPM,900,GTCTCA,0.0003032258064516129
DDPM,900,GTCTCC,0.0002064516129032258
DDPM,900,GTCTCG,0.00021935483870967742
DDPM,900,GTCTCT,0.0003935483870967742
DDPM,900,GTCTGA,0.00016774193548387096
DDPM,900,GTCTGC,9.032258064516129e-05
DDPM,900,GTCTGG,0.00013548387096774193
DDPM,900,GTCTGT,0.00022580645161290321
DDPM,900,GTCTTA,0.0002451612903225806
DDPM,900,GTCTTC,0.0002774193548387097
DDPM,900,GTCTTG,0.00034838709677419355
DDPM,900,GTCTTT,0.00038064516129032255
DDPM,900,GTGAAA,0.00044516129032258066
DDPM,900,GTGAAC,0.00014193548387096775
DDPM,900,GTGAAG,0.00045806451612903225
DDPM,900,GTGAAT,0.00034193548387096773
DDPM,900,GTGACA,0.00016774193548387096
DDPM,900,GTGACC,7.741935483870968e-05
DDPM,900,GTGACG,0.00014193548387096775
DDPM,900,GTGACT,0.00021935483870967742
DDPM,900,GTGAGA,0.0003354838709677419
DDPM,900,GTGAGC,0.00014838709677419355
DDPM,900,GTGAGG,0.00013548387096774193
DDPM,900,GTGAGT,0.0002
DDPM,900,GTGATA,0.0001870967741935484
DDPM,900,GTGATC,0.0003032258064516129
DDPM,900,GTGATG,0.0003354838709677419
DDPM,900,GTGATT,0.0005935483870967742
DDPM,900,GTGCAA,0.00016129032258064516
DDPM,900,GTGCAC,0.0001225806451612903
DDPM,900,GTGCAG,9.67741935483871e-05
DDPM,900,GTGCAT,0.00012903225806451613
DDPM,900,GTGCCA,8.387096774193548e-05
DDPM,900,GTGCCC,3.870967741935484e-05
DDPM,900,GTGCCG,8.387096774193548e-05
DDPM,900,GTGCCT,9.67741935483871e-05
DDPM,900,GTGCGA,9.67741935483871e-05
DDPM,900,GTGCGC,1.935483870967742e-05
DDPM,900,GTGCGG,3.870967741935484e-05
DDPM,900,GTGCGT,9.67741935483871e-05
DDPM,900,GTGCTA,0.00014838709677419355
DDPM,900,GTGCTC,0.00017419354838709678
DDPM,900,GTGCTG,0.00016129032258064516
DDPM,900,GTGCTT,0.0002
DDPM,900,GTGGAA,0.00042580645161290325
DDPM,900,GTGGAC,0.00017419354838709678
DDPM,900,GTGGAG,0.00043870967741935484
DDPM,900,GTGGAT,0.000432258064516129
DDPM,900,GTGGCA,0.00014193548387096775
DDPM,900,GTGGCC,0.00014193548387096775
DDPM,900,GTGGCG,0.0003032258064516129
DDPM,900,GTGGCT,0.00030967741935483873
DDPM,900,GTGGGA,0.0002064516129032258
DDPM,900,GTGGGC,0.00014193548387096775
DDPM,900,GTGGGG,0.00014193548387096775
DDPM,900,GTGGGT,0.00023225806451612904
DDPM,900,GTGGTA,0.0001935483870967742
DDPM,900,GTGGTC,0.00016774193548387096
DDPM,900,GTGGTG,0.0004903225806451613
DDPM,900,GTGGTT,0.0005225806451612903
DDPM,900,GTGTAA,0.00022580645161290321
DDPM,900,GTGTAC,0.00010967741935483871
DDPM,900,GTGTAG,0.00017419354838709678
DDPM,900,GTGTAT,0.0001935483870967742
DDPM,900,GTGTCA,0.0001935483870967742
DDPM,900,GTGTCC,0.00014193548387096775
DDPM,900,GTGTCG,0.00011612903225806452
DDPM,900,GTGTCT,0.00025806451612903227
DDPM,900,GTGTGA,0.00023870967741935483
DDPM,900,GTGTGC,8.387096774193548e-05
DDPM,900,GTGTGG,0.00025806451612903227
DDPM,900,GTGTGT,0.0003354838709677419
DDPM,900,GTGTTA,0.00025806451612903227
DDPM,900,GTGTTC,0.00023225806451612904
DDPM,900,GTGTTG,0.0004
DDPM,900,GTGTTT,0.0006838709677419355
DDPM,900,GTTAAA,0.00043870967741935484
DDPM,900,GTTAAC,0.0001935483870967742
DDPM,900,GTTAAG,0.00021290322580645163
DDPM,900,GTTAAT,0.00023870967741935483
DDPM,900,GTTACA,0.00014838709677419355
DDPM,900,GTTACC,0.0002064516129032258
DDPM,900,GTTACG,0.00014193548387096775
DDPM,900,GTTACT,0.0002967741935483871
DDPM,900,GTTAGA,0.0002
DDPM,900,GTTAGC,0.00013548387096774193
DDPM,900,GTTAGG,0.00023225806451612904
DDPM,900,GTTAGT,0.0003354838709677419
DDPM,900,GTTATA,0.00025806451612903227
DDPM,900,GTTATC,0.00015483870967741937
DDPM,900,GTTATG,0.00030967741935483873
DDPM,900,GTTATT,0.0003354838709677419
DDPM,900,GTTCAA,0.0003354838709677419
DDPM,900,GTTCAC,0.0003225806451612903
DDPM,900,GTTCAG,0.00021290322580645163
DDPM,900,GTTCAT,0.0003225806451612903
DDPM,900,GTTCCA,0.00022580645161290321
DDPM,900,GTTCCC,0.00010967741935483871
DDPM,900,GTTCCG,0.00022580645161290321
DDPM,900,GTTCCT,0.0002
DDPM,900,GTTCGA,0.00025161290322580645
DDPM,900,GTTCGC,7.741935483870968e-05
DDPM,900,GTTCGG,0.0001870967741935484
DDPM,900,GTTCGT,0.00029032258064516127
DDPM,900,GTTCTA,0.0002967741935483871
DDPM,900,GTTCTC,0.00043870967741935484
DDPM,900,GTTCTG,0.0004129032258064516
DDPM,900,GTTCTT,0.0006709677419354838
DDPM,900,GTTGAA,0.0003935483870967742
DDPM,900,GTTGAC,0.00025161290322580645
DDPM,900,GTTGAG,0.0003935483870967742
DDPM,900,GTTGAT,0.0005096774193548387
DDPM,900,GTTGCA,0.00017419354838709678
DDPM,900,GTTGCC,0.00014838709677419355
DDPM,900,GTTGCG,0.0001225806451612903
DDPM,900,GTTGCT,0.0003354838709677419
DDPM,900,GTTGGA,0.0003935483870967742
DDPM,900,GTTGGC,0.00014838709677419355
DDPM,900,GTTGGG,0.0002451612903225806
DDPM,900,GTTGGT,0.0003741935483870968
DDPM,900,GTTGTA,0.0002967741935483871
DDPM,900,GTTGTC,0.00025161290322580645
DDPM,900,GTTGTG,0.0004129032258064516
DDPM,900,GTTGTT,0.0005741935483870968
DDPM,900,GTTTAA,0.00034193548387096773
DDPM,900,GTTTAC,0.0002967741935483871
DDPM,900,GTTTAG,0.0004
DDPM,900,GTTTAT,0.00046451612903225807
DDPM,900,GTTTCA,0.00046451612903225807
DDPM,900,GTTTCC,0.0003032258064516129
DDPM,900,GTTTCG,0.0004967741935483871
DDPM,900,GTTTCT,0.0008193548387096774
DDPM,900,GTTTGA,0.0005161290322580645
DDPM,900,GTTTGC,0.0002064516129032258
DDPM,900,GTTTGG,0.0003870967741935484
DDPM,900,GTTTGT,0.0005290322580645162
DDPM,900,GTTTTA,0.00046451612903225807
DDPM,900,GTTTTC,0.0006064516129032258
DDPM,900,GTTTTG,0.0009419354838709678
DDPM,900,GTTTTT,0.0010903225806451612
DDPM,900,TAAAAA,0.000864516129032258
DDPM,900,TAAAAC,0.0005096774193548387
DDPM,900,TAAAAG,0.00045161290322580643
DDPM,900,TAAAAT,0.0005225806451612903
DDPM,900,TAAACA,0.0003225806451612903
DDPM,900,TAAACC,0.0003225806451612903
DDPM,900,TAAACG,0.0002
DDPM,900,TAAACT,0.00044516129032258066
DDPM,900,TAAAGA,0.00041935483870967743
DDPM,900,TAAAGC,0.00022580645161290321
DDPM,900,TAAAGG,0.0002967741935483871
DDPM,900,TAAAGT,0.00027096774193548386
DDPM,900,TAAATA,0.0003354838709677419
DDPM,900,TAAATC,0.0004709677419354839
DDPM,900,TAAATG,0.00034193548387096773
DDPM,900,TAAATT,0.0006903225806451613
DDPM,900,TAACAA,0.00041935483870967743
DDPM,900,TAACAC,0.00014838709677419355
DDPM,900,TAACAG,0.00016129032258064516
DDPM,900,TAACAT,0.0002451612903225806
DDPM,900,TAACCA,0.00025806451612903227
DDPM,900,TAACCC,0.00016129032258064516
DDPM,900,TAACCG,0.00021290322580645163
DDPM,900,TAACCT,0.00016774193548387096
DDPM,900,TAACGA,0.00014193548387096775
DDPM,900,TAACGC,0.00010967741935483871
DDPM,900,TAACGG,0.00016129032258064516
DDPM,900,TAACGT,0.00012903225806451613
DDPM,900,TAACTA,0.0002
DDPM,900,TAACTC,0.0002451612903225806
DDPM,900,TAACTG,0.00021290322580645163
DDPM,900,TAACTT,0.0003225806451612903
DDPM,900,TAAGAA,0.00044516129032258066
DDPM,900,TAAGAC,0.00017419354838709678
DDPM,900,TAAGAG,0.0002451612903225806
DDPM,900,TAAGAT,0.0002967741935483871
DDPM,900,TAAGCA,0.0001870967741935484
DDPM,900,TAAGCC,7.741935483870968e-05
DDPM,900,TAAGCG,0.0001032258064516129
DDPM,900,TAAGCT,0.00021290322580645163
DDPM,900,TAAGGA,0.00021935483870967742
DDPM,900,TAAGGC,9.67741935483871e-05
DDPM,900,TAAGGG,0.00012903225806451613
DDPM,900,TAAGGT,0.0001870967741935484
DDPM,900,TAAGTA,0.00013548387096774193
DDPM,900,TAAGTC,0.00013548387096774193
DDPM,900,TAAGTG,0.0001870967741935484
DDPM,900,TAAGTT,0.0002645161290322581
DDPM,900,TAATAA,0.0003870967741935484
DDPM,900,TAATAC,0.0001870967741935484
DDPM,900,TAATAG,0.0002451612903225806
DDPM,900,TAATAT,0.0002645161290322581
DDPM,900,TAATCA,0.0004
DDPM,900,TAATCC,0.00025806451612903227
DDPM,900,TAATCG,0.00023870967741935483
DDPM,900,TAATCT,0.0003548387096774194
DDPM,900,TAATGA,0.00027096774193548386
DDPM,900,TAATGC,0.00014193548387096775
DDPM,900,TAATGG,0.0002967741935483871
DDPM,900,TAATGT,0.00014838709677419355
DDPM,900,TAATTA,0.0004
DDPM,900,TAATTC,0.0003935483870967742
DDPM,900,TAATTG,0.0003548387096774194
DDPM,900,TAATTT,0.0007354838709677419
DDPM,900,TACAAA,0.0004838709677419355
DDPM,900,TACAAC,0.00016774193548387096
DDPM,900,TACAAG,0.00016774193548387096
DDPM,900,TACAAT,0.00032903225806451614
DDPM,900,TACACA,0.00023225806451612904
DDPM,900,TACACC,0.0001032258064516129
DDPM,900,TACACG,0.00016129032258064516
DDPM,900,TACACT,0.00016774193548387096
DDPM,900,TACAGA,0.00022580645161290321
DDPM,900,TACAGC,0.00011612903225806452
DDPM,900,TACAGG,8.387096774193548e-05
DDPM,900,TACAGT,0.00016129032258064516
DDPM,900,TACATA,0.0001870967741935484
DDPM,900,TACATC,0.00021290322580645163
DDPM,900,TACATG,0.0002
DDPM,900,TACATT,0.0002451612903225806
DDPM,900,TACCAA,0.0003225806451612903
DDPM,900,TACCAC,0.00023870967741935483
DDPM,900,TACCAG,0.00013548387096774193
DDPM,900,TACCAT,0.0002064516129032258
DDPM,900,TACCCA,9.032258064516129e-05
DDPM,900,TACCCC,3.870967741935484e-05
DDPM,900,TACCCG,0.0001032258064516129
DDPM,900,TACCCT,5.161290322580645e-05
DDPM,900,TACCGA,0.00011612903225806452
DDPM,900,TACCGC,9.67741935483871e-05
DDPM,900,TACCGG,0.00011612903225806452
DDPM,900,TACCGT,7.096774193548388e-05
DDPM,900,TACCTA,0.00013548387096774193
DDPM,900,TACCTC,0.00015483870967741937
DDPM,900,TACCTG,7.741935483870968e-05
DDPM,900,TACCTT,0.00022580645161290321
DDPM,900,TACGAA,0.0001870967741935484
DDPM,900,TACGAC,0.00015483870967741937
DDPM,900,TACGAG,9.67741935483871e-05
DDPM,900,TACGAT,0.0002
DDPM,900,TACGCA,5.161290322580645e-05
DDPM,900,TACGCC,6.451612903225807e-05
DDPM,900,TACGCG,6.451612903225807e-05
DDPM,900,TACGCT,7.741935483870968e-05
DDPM,900,TACGGA,0.00014193548387096775
DDPM,900,TACGGC,9.67741935483871e-05
DDPM,900,TACGGG,3.870967741935484e-05
DDPM,900,TACGGT,0.00014193548387096775
DDPM,900,TACGTA,7.741935483870968e-05
DDPM,900,TACGTC,0.0001225806451612903
DDPM,900,TACGTG,0.0001225806451612903
DDPM,900,TACGTT,0.00013548387096774193
DDPM,900,TACTAA,0.0002
DDPM,900,TACTAC,9.032258064516129e-05
DDPM,900,TACTAG,7.096774193548388e-05
DDPM,900,TACTAT,0.00018064516129032257
DDPM,900,TACTCA,0.00021290322580645163
DDPM,900,TACTCC,0.00018064516129032257
DDPM,900,TACTCG,0.0001870967741935484
DDPM,900,TACTCT,0.0003225806451612903
DDPM,900,TACTGA,0.0002064516129032258
DDPM,900,TACTGC,8.387096774193548e-05
DDPM,900,TACTGG,0.00021935483870967742
DDPM,900,TACTGT,0.00021290322580645163
DDPM,900,TACTTA,0.00017419354838709678
DDPM,900,TACTTC,0.00030967741935483873
DDPM,900,TACTTG,0.00023870967741935483
DDPM,900,TACTTT,0.00041935483870967743
DDPM,900,TAGAAA,0.0003548387096774194
DDPM,900,TAGAAC,0.00021290322580645163
DDPM,900,TAGAAG,0.0003741935483870968
DDPM,900,TAGAAT,0.0002838709677419355
DDPM,900,TAGACA,0.00015483870967741937
DDPM,900,TAGACC,6.451612903225807e-05
DDPM,900,TAGACG,0.00014193548387096775
DDPM,900,TAGACT,0.00017419354838709678
DDPM,900,TAGAGA,0.00032903225806451614
DDPM,900,TAGAGC,7.741935483870968e-05
DDPM,900,TAGAGG,0.00016774193548387096
DDPM,900,TAGAGT,0.00021290322580645163
DDPM,900,TAGATA,0.0001935483870967742
DDPM,900,TAGATC,0.00027096774193548386
DDPM,900,TAGATG,0.00029032258064516127
DDPM,900,TAGATT,0.0004903225806451613
DDPM,900,TAGCAA,0.00022580645161290321
DDPM,900,TAGCAC,7.741935483870968e-05
DDPM,900,TAGCAG,0.0001870967741935484
DDPM,900,TAGCAT,0.00014193548387096775
DDPM,900,TAGCCA,7.096774193548388e-05
DDPM,900,TAGCCC,3.870967741935484e-05
DDPM,900,TAGCCG,0.00010967741935483871
DDPM,900,TAGCCT,0.00012903225806451613
DDPM,900,TAGCGA,0.00016774193548387096
DDPM,900,TAGCGC,2.5806451612903226e-05
DDPM,900,TAGCGG,0.0001032258064516129
DDPM,900,TAGCGT,6.451612903225807e-05
DDPM,900,TAGCTA,0.00012903225806451613
DDPM,900,TAGCTC,0.00023225806451612904
DDPM,900,TAGCTG,0.00015483870967741937
DDPM,900,TAGCTT,0.00032903225806451614
DDPM,900,TAGGAA,0.0001935483870967742
DDPM,900,TAGGAC,7.096774193548388e-05
DDPM,900,TAGGAG,0.00012903225806451613
DDPM,900,TAGGAT,0.0002064516129032258
DDPM,900,TAGGCA,7.741935483870968e-05
DDPM,900,TAGGCC,7.741935483870968e-05
DDPM,900,TAGGCG,9.032258064516129e-05
DDPM,900,TAGGCT,0.00013548387096774193
DDPM,900,TAGGGA,0.0001870967741935484
DDPM,900,TAGGGC,7.741935483870968e-05
DDPM,900,TAGGGG,0.0001225806451612903
DDPM,900,TAGGGT,0.0003161290322580645
DDPM,900,TAGGTA,0.00013548387096774193
DDPM,900,TAGGTC,9.67741935483871e-05
DDPM,900,TAGGTG,0.0001032258064516129
DDPM,900,TAGGTT,0.0002451612903225806
DDPM,900,TAGTAA,0.00021290322580645163
DDPM,900,TAGTAC,0.00016129032258064516
DDPM,900,TAGTAG,0.00016129032258064516
DDPM,900,TAGTAT,0.0002
DDPM,900,TAGTCA,0.00021290322580645163
DDPM,900,TAGTCC,0.00011612903225806452
DDPM,900,TAGTCG,0.00016774193548387096
DDPM,900,TAGTCT,0.0001870967741935484
DDPM,900,TAGTGA,0.00023225806451612904
DDPM,900,TAGTGC,7.096774193548388e-05
DDPM,900,TAGTGG,0.0001935483870967742
DDPM,900,TAGTGT,0.0002838709677419355
DDPM,900,TAGTTA,0.00025161290322580645
DDPM,900,TAGTTC,0.0002645161290322581
DDPM,900,TAGTTG,0.00034193548387096773
DDPM,900,TAGTTT,0.0004838709677419355
DDPM,900,TATAAA,0.0003161290322580645
DDPM,900,TATAAC,0.00030967741935483873
DDPM,900,TATAAG,0.0001935483870967742
DDPM,900,TATAAT,0.00036129032258064514
DDPM,900,TATACA,0.00021935483870967742
DDPM,900,TATACC,0.00011612903225806452
DDPM,900,TATACG,7.741935483870968e-05
DDPM,900,TATACT,0.0002
DDPM,900,TATAGA,0.0002064516129032258
DDPM,900,TATAGC,0.00012903225806451613
DDPM,900,TATAGG,0.00012903225806451613
DDPM,900,TATAGT,0.00023225806451612904
DDPM,900,TATATA,0.0003161290322580645
DDPM,900,TATATC,0.00025806451612903227
DDPM,900,TATATG,0.00014193548387096775
DDPM,900,TATATT,0.0003354838709677419
DDPM,900,TATCAA,0.00025161290322580645
DDPM,900,TATCAC,0.00021290322580645163
DDPM,900,TATCAG,0.0001935483870967742
DDPM,900,TATCAT,0.0002451612903225806
DDPM,900,TATCCA,0.0002645161290322581
DDPM,900,TATCCC,0.0001032258064516129
DDPM,900,TATCCG,0.00016129032258064516
DDPM,900,TATCCT,0.00023870967741935483
DDPM,900,TATCGA,0.00025806451612903227
DDPM,900,TATCGC,7.741935483870968e-05
DDPM,900,TATCGG,0.0002064516129032258
DDPM,900,TATCGT,0.00014838709677419355
DDPM,900,TATCTA,0.00029032258064516127
DDPM,900,TATCTC,0.0004709677419354839
DDPM,900,TATCTG,0.00022580645161290321
DDPM,900,TATCTT,0.0005612903225806451
DDPM,900,TATGAA,0.00023870967741935483
DDPM,900,TATGAC,0.00012903225806451613
DDPM,900,TATGAG,0.00018064516129032257
DDPM,900,TATGAT,0.0003548387096774194
DDPM,900,TATGCA,9.67741935483871e-05
DDPM,900,TATGCC,3.2258064516129034e-05
DDPM,900,TATGCG,7.096774193548388e-05
DDPM,900,TATGCT,0.00016129032258064516
DDPM,900,TATGGA,0.0003354838709677419
DDPM,900,TATGGC,0.0002
DDPM,900,TATGGG,0.0001935483870967742
DDPM,900,TATGGT,0.0002774193548387097
DDPM,900,TATGTA,0.00016774193548387096
DDPM,900,TATGTC,0.00016774193548387096
DDPM,900,TATGTG,0.00017419354838709678
DDPM,900,TATGTT,0.0003741935483870968
DDPM,900,TATTAA,0.00034838709677419355
DDPM,900,TATTAC,0.00021290322580645163
DDPM,900,TATTAG,0.0001870967741935484
DDPM,900,TATTAT,0.0003161290322580645
DDPM,900,TATTCA,0.0002645161290322581
DDPM,900,TATTCC,0.00017419354838709678
DDPM,900,TATTCG,0.00016129032258064516
DDPM,900,TATTCT,0.00042580645161290325
DDPM,900,TATTGA,0.000432258064516129
DDPM,900,TATTGC,0.0001225806451612903
DDPM,900,TATTGG,0.0003225806451612903
DDPM,900,TATTGT,0.0003870967741935484
DDPM,900,TATTTA,0.00042580645161290325
DDPM,900,TATTTC,0.00046451612903225807
DDPM,900,TATTTG,0.0004903225806451613
DDPM,900,TATTTT,0.0008967741935483871
DDPM,900,TCAAAA,0.0008258064516129032
DDPM,900,TCAAAC,0.0004709677419354839
DDPM,900,TCAAAG,0.00038064516129032255
DDPM,900,TCAAAT,0.0005548387096774194
DDPM,900,TCAACA,0.0003741935483870968
DDPM,900,TCAACC,0.00022580645161290321
DDPM,900,TCAACG,0.00016129032258064516
DDPM,900,TCAACT,0.0003935483870967742
DDPM,900,TCAAGA,0.00046451612903225807
DDPM,900,TCAAGC,0.00025161290322580645
DDPM,900,TCAAGG,0.0001935483870967742
DDPM,900,TCAAGT,0.00036129032258064514
DDPM,900,TCAATA,0.0004709677419354839
DDPM,900,TCAATC,0.0004709677419354839
DDPM,900,TCAATG,0.0003354838709677419
DDPM,900,TCAATT,0.0006967741935483871
DDPM,900,TCACAA,0.00030967741935483873
DDPM,900,TCACAC,0.00023870967741935483
DDPM,900,TCACAG,0.0002
DDPM,900,TCACAT,0.00027096774193548386
DDPM,900,TCACCA,0.0002967741935483871
DDPM,900,TCACCC,0.00016129032258064516
DDPM,900,TCACCG,0.0003225806451612903
DDPM,900,TCACCT,0.00021935483870967742
DDPM,900,TCACGA,0.00022580645161290321
DDPM,900,TCACGC,0.00010967741935483871
DDPM,900,TCACGG,0.00017419354838709678
DDPM,900,TCACGT,0.00016129032258064516
DDPM,900,TCACTA,0.0002838709677419355
DDPM,900,TCACTC,0.0004129032258064516
DDPM,900,TCACTG,0.00027096774193548386
DDPM,900,TCACTT,0.0003870967741935484
DDPM,900,TCAGAA,0.0004
DDPM,900,TCAGAC,0.00010967741935483871
DDPM,900,TCAGAG,0.00034838709677419355
DDPM,900,TCAGAT,0.00046451612903225807
DDPM,900,TCAGCA,0.0001870967741935484
DDPM,900,TCAGCC,9.67741935483871e-05
DDPM,900,TCAGCG,0.00017419354838709678
DDPM,900,TCAGCT,0.0002838709677419355
DDPM,900,TCAGGA,0.0002645161290322581
DDPM,900,TCAGGC,7.741935483870968e-05
DDPM,900,TCAGGG,0.0001225806451612903
DDPM,900,TCAGGT,0.00014193548387096775
DDPM,900,TCAGTA,0.0001870967741935484
DDPM,900,TCAGTC,0.00021290322580645163
DDPM,900,TCAGTG,0.0002451612903225806
DDPM,900,TCAGTT,0.0002967741935483871
DDPM,900,TCATAA,0.0003032258064516129
DDPM,900,TCATAC,0.0002064516129032258
DDPM,900,TCATAG,0.00027096774193548386
DDPM,900,TCATAT,0.0002838709677419355
DDPM,900,TCATCA,0.0004967741935483871
DDPM,900,TCATCC,0.00027096774193548386
DDPM,900,TCATCG,0.00036774193548387097
DDPM,900,TCATCT,0.000535483870967742
DDPM,900,TCATGA,0.00022580645161290321
DDPM,900,TCATGC,0.00011612903225806452
DDPM,900,TCATGG,0.00034193548387096773
DDPM,900,TCATGT,0.0002
DDPM,900,TCATTA,0.0002838709677419355
DDPM,900,TCATTC,0.0003225806451612903
DDPM,900,TCATTG,0.00034838709677419355
DDPM,900,TCATTT,0.0006193548387096775
DDPM,900,TCCAAA,0.0006
DDPM,900,TCCAAC,0.0003161290322580645
DDPM,900,TCCAAG,0.0002967741935483871
DDPM,900,TCCAAT,0.00034838709677419355
DDPM,900,TCCACA,0.00018064516129032257
DDPM,900,TCCACC,0.00025161290322580645
DDPM,900,TCCACG,0.00014193548387096775
DDPM,900,TCCACT,0.0002645161290322581
DDPM,900,TCCAGA,0.00022580645161290321
DDPM,900,TCCAGC,0.00017419354838709678
DDPM,900,TCCAGG,0.00013548387096774193
DDPM,900,TCCAGT,0.00022580645161290321
DDPM,900,TCCATA,0.0001870967741935484
DDPM,900,TCCATC,0.00023225806451612904
DDPM,900,TCCATG,0.00017419354838709678
DDPM,900,TCCATT,0.0003354838709677419
DDPM,900,TCCCAA,0.00025161290322580645
DDPM,900,TCCCAC,0.00011612903225806452
DDPM,900,TCCCAG,0.0001225806451612903
DDPM,900,TCCCAT,0.0001870967741935484
DDPM,900,TCCCCA,0.00011612903225806452
DDPM,900,TCCCCC,7.741935483870968e-05
DDPM,900,TCCCCG,0.00012903225806451613
DDPM,900,TCCCCT,9.67741935483871e-05
DDPM,900,TCCCGA,9.032258064516129e-05
DDPM,900,TCCCGC,0.0001032258064516129
DDPM,900,TCCCGG,0.0001032258064516129
DDPM,900,TCCCGT,0.00012903225806451613
DDPM,900,TCCCTA,0.00012903225806451613
DDPM,900,TCCCTC,0.0001935483870967742
DDPM,900,TCCCTG,0.00013548387096774193
DDPM,900,TCCCTT,0.00023870967741935483
DDPM,900,TCCGAA,0.00023870967741935483
DDPM,900,TCCGAC,0.00016774193548387096
DDPM,900,TCCGAG,0.00023225806451612904
DDPM,900,TCCGAT,0.0003354838709677419
DDPM,900,TCCGCA,0.00010967741935483871
DDPM,900,TCCGCC,0.0002838709677419355
DDPM,900,TCCGCG,8.387096774193548e-05
DDPM,900,TCCGCT,0.0002064516129032258
DDPM,900,TCCGGA,0.00029032258064516127
DDPM,900,TCCGGC,0.0002838709677419355
DDPM,900,TCCGGG,0.0001225806451612903
DDPM,900,TCCGGT,0.00023870967741935483
DDPM,900,TCCGTA,0.0001225806451612903
DDPM,900,TCCGTC,0.0002967741935483871
DDPM,900,TCCGTG,0.00016129032258064516
DDPM,900,TCCGTT,0.0002838709677419355
DDPM,900,TCCTAA,0.00022580645161290321
DDPM,900,TCCTAC,0.0001870967741935484
DDPM,900,TCCTAG,9.032258064516129e-05
DDPM,900,TCCTAT,0.00022580645161290321
DDPM,900,TCCTCA,0.00036129032258064514
DDPM,900,TCCTCC,0.00044516129032258066
DDPM,900,TCCTCG,0.00025806451612903227
DDPM,900,TCCTCT,0.0005548387096774194
DDPM,900,TCCTGA,0.0001935483870967742
DDPM,900,TCCTGC,0.00011612903225806452
DDPM,900,TCCTGG,0.00011612903225806452
DDPM,900,TCCTGT,0.0002064516129032258
DDPM,900,TCCTTA,0.00029032258064516127
DDPM,900,TCCTTC,0.0005483870967741936
DDPM,900,TCCTTG,0.0002451612903225806
DDPM,900,TCCTTT,0.0004903225806451613
DDPM,900,TCGAAA,0.00047741935483870966
DDPM,900,TCGAAC,0.00016774193548387096
DDPM,900,TCGAAG,0.0003870967741935484
DDPM,900,TCGAAT,0.00045806451612903225
DDPM,900,TCGACA,0.00021290322580645163
DDPM,900,TCGACC,0.00015483870967741937
DDPM,900,TCGACG,0.0002774193548387097
DDPM,900,TCGACT,0.00025806451612903227
DDPM,900,TCGAGA,0.0002838709677419355
DDPM,900,TCGAGC,0.0001225806451612903
DDPM,900,TCGAGG,0.00017419354838709678
DDPM,900,TCGAGT,0.00023225806451612904
DDPM,900,TCGATA,0.00027096774193548386
DDPM,900,TCGATC,0.0003741935483870968
DDPM,900,TCGATG,0.00034838709677419355
DDPM,900,TCGATT,0.0006967741935483871
DDPM,900,TCGCAA,0.0002064516129032258
DDPM,900,TCGCAC,4.516129032258064e-05
DDPM,900,TCGCAG,0.00016774193548387096
DDPM,900,TCGCAT,0.0001032258064516129
DDPM,900,TCGCCA,0.00014193548387096775
DDPM,900,TCGCCC,5.806451612903226e-05
DDPM,900,TCGCCG,0.0003032258064516129
DDPM,900,TCGCCT,0.00014193548387096775
DDPM,900,TCGCGA,0.00012903225806451613
DDPM,900,TCGCGC,1.935483870967742e-05
DDPM,900,TCGCGG,7.741935483870968e-05
DDPM,900,TCGCGT,9.67741935483871e-05
DDPM,900,TCGCTA,0.00012903225806451613
DDPM,900,TCGCTC,0.00016129032258064516
DDPM,900,TCGCTG,0.0001935483870967742
DDPM,900,TCGCTT,0.0002838709677419355
DDPM,900,TCGGAA,0.0003548387096774194
DDPM,900,TCGGAC,0.0001032258064516129
DDPM,900,TCGGAG,0.0004129032258064516
DDPM,900,TCGGAT,0.00034838709677419355
DDPM,900,TCGGCA,0.0001032258064516129
DDPM,900,TCGGCC,9.032258064516129e-05
DDPM,900,TCGGCG,0.00030967741935483873
DDPM,900,TCGGCT,0.00016774193548387096
DDPM,900,TCGGGA,0.00017419354838709678
DDPM,900,TCGGGC,5.806451612903226e-05
DDPM,900,TCGGGG,0.00010967741935483871
DDPM,900,TCGGGT,0.0002645161290322581
DDPM,900,TCGGTA,0.00013548387096774193
DDPM,900,TCGGTC,0.0001870967741935484
DDPM,900,TCGGTG,0.0002645161290322581
DDPM,900,TCGGTT,0.00045161290322580643
DDPM,900,TCGTAA,0.00021290322580645163
DDPM,900,TCGTAC,7.741935483870968e-05
DDPM,900,TCGTAG,0.00014838709677419355
DDPM,900,TCGTAT,0.00018064516129032257
DDPM,900,TCGTCA,0.00027096774193548386
DDPM,900,TCGTCC,0.00011612903225806452
DDPM,900,TCGTCG,0.0003354838709677419
DDPM,900,TCGTCT,0.00021290322580645163
DDPM,900,TCGTGA,0.00021935483870967742
DDPM,900,TCGTGC,0.00011612903225806452
DDPM,900,TCGTGG,0.00023225806451612904
DDPM,900,TCGTGT,0.00021935483870967742
DDPM,900,TCGTTA,0.0002967741935483871
DDPM,900,TCGTTC,0.00034838709677419355
DDPM,900,TCGTTG,0.00036129032258064514
DDPM,900,TCGTTT,0.0005483870967741936
DDPM,900,TCTAAA,0.0005096774193548387
DDPM,900,TCTAAC,0.00027096774193548386
DDPM,900,TCTAAG,0.0002451612903225806
DDPM,900,TCTAAT,0.00047741935483870966
DDPM,900,TCTACA,0.00022580645161290321
DDPM,900,TCTACC,0.00021935483870967742
DDPM,900,TCTACG,0.00018064516129032257
DDPM,900,TCTACT,0.0003354838709677419
DDPM,900,TCTAGA,0.00023225806451612904
DDPM,900,TCTAGC,0.00012903225806451613
DDPM,900,TCTAGG,0.00018064516129032257
DDPM,900,TCTAGT,0.0002645161290322581
DDPM,900,TCTATA,0.0003161290322580645
DDPM,900,TCTATC,0.00036129032258064514
DDPM,900,TCTATG,0.0003032258064516129
DDPM,900,TCTATT,0.0004967741935483871
DDPM,900,TCTCAA,0.0006709677419354838
DDPM,900,TCTCAC,0.00032903225806451614
DDPM,900,TCTCAG,0.00036774193548387097
DDPM,900,TCTCAT,0.0004
DDPM,900,TCTCCA,0.0005096774193548387
DDPM,900,TCTCCC,0.00022580645161290321
DDPM,900,TCTCCG,0.0005225806451612903
DDPM,900,TCTCCT,0.0006
DDPM,900,TCTCGA,0.0004064516129032258
DDPM,900,TCTCGC,0.00027096774193548386
DDPM,900,TCTCGG,0.0002774193548387097
DDPM,900,TCTCGT,0.0002451612903225806
DDPM,900,TCTCTA,0.0006
DDPM,900,TCTCTC,0.0012
DDPM,900,TCTCTG,0.0005741935483870968
DDPM,900,TCTCTT,0.0011161290322580645
DDPM,900,TCTGAA,0.00047741935483870966
DDPM,900,TCTGAC,0.00016129032258064516
DDPM,900,TCTGAG,0.0003354838709677419
DDPM,900,TCTGAT,0.0005870967741935484
DDPM,900,TCTGCA,0.0001935483870967742
DDPM,900,TCTGCC,0.00010967741935483871
DDPM,900,TCTGCG,0.00016774193548387096
DDPM,900,TCTGCT,0.00036774193548387097
DDPM,900,TCTGGA,0.00036129032258064514
DDPM,900,TCTGGC,0.00015483870967741937
DDPM,900,TCTGGG,0.00021935483870967742
DDPM,900,TCTGGT,0.00041935483870967743
DDPM,900,TCTGTA,0.0003354838709677419
DDPM,900,TCTGTC,0.00034838709677419355
DDPM,900,TCTGTG,0.0003225806451612903
DDPM,900,TCTGTT,0.000535483870967742
DDPM,900,TCTTAA,0.00041935483870967743
DDPM,900,TCTTAC,0.00032903225806451614
DDPM,900,TCTTAG,0.0003354838709677419
DDPM,900,TCTTAT,0.0005548387096774194
DDPM,900,TCTTCA,0.0007419354838709677
DDPM,900,TCTTCC,0.0004709677419354839
DDPM,900,TCTTCG,0.00045161290322580643
DDPM,900,TCTTCT,0.0013290322580645161
DDPM,900,TCTTGA,0.0005032258064516129
DDPM,900,TCTTGC,0.00022580645161290321
DDPM,900,TCTTGG,0.0005419354838709677
DDPM,900,TCTTGT,0.0006
DDPM,900,TCTTTA,0.0005806451612903225
DDPM,900,TCTTTC,0.0008387096774193549
DDPM,900,TCTTTG,0.0007483870967741936
DDPM,900,TCTTTT,0.0012516129032258065
DDPM,900,TGAAAA,0.0006967741935483871
DDPM,900,TGAAAC,0.0004
DDPM,900,TGAAAG,0.00036129032258064514
DDPM,900,TGAAAT,0.00045161290322580643
DDPM,900,TGAACA,0.00023870967741935483
DDPM,900,TGAACC,0.00025161290322580645
DDPM,900,TGAACG,0.00013548387096774193
DDPM,900,TGAACT,0.00029032258064516127
DDPM,900,TGAAGA,0.0006967741935483871
DDPM,900,TGAAGC,0.0002838709677419355
DDPM,900,TGAAGG,0.0003161290322580645
DDPM,900,TGAAGT,0.0002838709677419355
DDPM,900,TGAATA,0.00027096774193548386
DDPM,900,TGAATC,0.0005483870967741936
DDPM,900,TGAATG,0.00029032258064516127
DDPM,900,TGAATT,0.0005612903225806451
DDPM,900,TGACAA,0.0002645161290322581
DDPM,900,TGACAC,0.0001225806451612903
DDPM,900,TGACAG,0.00013548387096774193
DDPM,900,TGACAT,0.0002
DDPM,900,TGACCA,0.0001032258064516129
DDPM,900,TGACCC,8.387096774193548e-05
DDPM,900,TGACCG,8.387096774193548e-05
DDPM,900,TGACCT,0.00012903225806451613
DDPM,900,TGACGA,0.00022580645161290321
DDPM,900,TGACGC,0.0001032258064516129
DDPM,900,TGACGG,0.00021290322580645163
DDPM,900,TGACGT,0.0001225806451612903
DDPM,900,TGACTA,0.0001935483870967742
DDPM,900,TGACTC,0.00029032258064516127
DDPM,900,TGACTG,0.0001935483870967742
DDPM,900,TGACTT,0.00034838709677419355
DDPM,900,TGAGAA,0.0004903225806451613
DDPM,900,TGAGAC,0.00018064516129032257
DDPM,900,TGAGAG,0.0002645161290322581
DDPM,900,TGAGAT,0.00046451612903225807
DDPM,900,TGAGCA,0.00018064516129032257
DDPM,900,TGAGCC,5.161290322580645e-05
DDPM,900,TGAGCG,0.00013548387096774193
DDPM,900,TGAGCT,0.00025806451612903227
DDPM,900,TGAGGA,0.0002838709677419355
DDPM,900,TGAGGC,0.00014838709677419355
DDPM,900,TGAGGG,0.00016129032258064516
DDPM,900,TGAGGT,0.0002064516129032258
DDPM,900,TGAGTA,0.00023225806451612904
DDPM,900,TGAGTC,0.0002838709677419355
DDPM,900,TGAGTG,0.00027096774193548386
DDPM,900,TGAGTT,0.000432258064516129
DDPM,900,TGATAA,0.0003870967741935484
DDPM,900,TGATAC,0.0002451612903225806
DDPM,900,TGATAG,0.0002064516129032258
DDPM,900,TGATAT,0.0003225806451612903
DDPM,900,TGATCA,0.0004064516129032258
DDPM,900,TGATCC,0.0002967741935483871
DDPM,900,TGATCG,0.0003225806451612903
DDPM,900,TGATCT,0.00047741935483870966
DDPM,900,TGATGA,0.0005483870967741936
DDPM,900,TGATGC,0.00027096774193548386
DDPM,900,TGATGG,0.00041935483870967743
DDPM,900,TGATGT,0.0003935483870967742
DDPM,900,TGATTA,0.0004064516129032258
DDPM,900,TGATTC,0.0005806451612903225
DDPM,900,TGATTG,0.0005032258064516129
DDPM,900,TGATTT,0.0009161290322580645
DDPM,900,TGCAAA,0.0003032258064516129
DDPM,900,TGCAAC,0.00018064516129032257
DDPM,900,TGCAAG,0.00016774193548387096
DDPM,900,TGCAAT,0.0001870967741935484
DDPM,900,TGCACA,0.00010967741935483871
DDPM,900,TGCACC,0.00010967741935483871
DDPM,900,TGCACG,0.0001225806451612903
DDPM,900,TGCACT,0.00014193548387096775
DDPM,900,TGCAGA,0.00016774193548387096
DDPM,900,TGCAGC,0.0001225806451612903
DDPM,900,TGCAGG,9.67741935483871e-05
DDPM,900,TGCAGT,0.00014193548387096775
DDPM,900,TGCATA,0.0001225806451612903
DDPM,900,TGCATC,0.0001870967741935484
DDPM,900,TGCATG,9.67741935483871e-05
DDPM,900,TGCATT,0.0001935483870967742
DDPM,900,TGCCAA,0.00014193548387096775
DDPM,900,TGCCAC,0.0001032258064516129
DDPM,900,TGCCAG,7.096774193548388e-05
DDPM,900,TGCCAT,0.00015483870967741937
DDPM,900,TGCCCA,9.67741935483871e-05
DDPM,900,TGCCCC,1.935483870967742e-05
DDPM,900,TGCCCG,4.516129032258064e-05
DDPM,900,TGCCCT,5.806451612903226e-05
DDPM,900,TGCCGA,9.67741935483871e-05
DDPM,900,TGCCGC,9.67741935483871e-05
DDPM,900,TGCCGG,9.032258064516129e-05
DDPM,900,TGCCGT,0.00011612903225806452
DDPM,900,TGCCTA,7.096774193548388e-05
DDPM,900,TGCCTC,0.00016774193548387096
DDPM,900,TGCCTG,7.096774193548388e-05
DDPM,900,TGCCTT,0.00014193548387096775
DDPM,900,TGCGAA,0.00016129032258064516
DDPM,900,TGCGAC,7.741935483870968e-05
DDPM,900,TGCGAG,0.00011612903225806452
DDPM,900,TGCGAT,0.0001935483870967742
DDPM,900,TGCGCA,3.2258064516129034e-05
DDPM,900,TGCGCC,1.2903225806451613e-05
DDPM,900,TGCGCG,3.2258064516129034e-05
DDPM,900,TGCGCT,5.161290322580645e-05
DDPM,900,TGCGGA,0.00013548387096774193
DDPM,900,TGCGGC,8.387096774193548e-05
DDPM,900,TGCGGG,3.2258064516129034e-05
DDPM,900,TGCGGT,0.00014838709677419355
DDPM,900,TGCGTA,8.387096774193548e-05
DDPM,900,TGCGTC,0.00010967741935483871
DDPM,900,TGCGTG,0.0001225806451612903
DDPM,900,TGCGTT,0.00015483870967741937
DDPM,900,TGCTAA,0.00022580645161290321
DDPM,900,TGCTAC,0.0001225806451612903
DDPM,900,TGCTAG,0.00014193548387096775
DDPM,900,TGCTAT,0.00015483870967741937
DDPM,900,TGCTCA,0.00021935483870967742
DDPM,900,TGCTCC,0.00023870967741935483
DDPM,900,TGCTCG,0.00014193548387096775
DDPM,900,TGCTCT,0.00036129032258064514
DDPM,900,TGCTGA,0.00027096774193548386
DDPM,900,TGCTGC,0.00021935483870967742
DDPM,900,TGCTGG,0.0002
DDPM,900,TGCTGT,0.0002451612903225806
DDPM,900,TGCTTA,0.00023870967741935483
DDPM,900,TGCTTC,0.00036774193548387097
DDPM,900,TGCTTG,0.00018064516129032257
DDPM,900,TGCTTT,0.0005483870967741936
DDPM,900,TGGAAA,0.0005935483870967742
DDPM,900,TGGAAC,0.00027096774193548386
DDPM,900,TGGAAG,0.0004
DDPM,900,TGGAAT,0.00042580645161290325
DDPM,900,TGGACA,0.00022580645161290321
DDPM,900,TGGACC,0.00015483870967741937
DDPM,900,TGGACG,0.00010967741935483871
DDPM,900,TGGACT,0.0002064516129032258
DDPM,900,TGGAGA,0.0004709677419354839
DDPM,900,TGGAGC,0.0002838709677419355
DDPM,900,TGGAGG,0.0004903225806451613
DDPM,900,TGGAGT,0.00032903225806451614
DDPM,900,TGGATA,0.0002967741935483871
DDPM,900,TGGATC,0.0004129032258064516
DDPM,900,TGGATG,0.0003935483870967742
DDPM,900,TGGATT,0.0006774193548387097
DDPM,900,TGGCAA,0.00022580645161290321
DDPM,900,TGGCAC,0.00011612903225806452
DDPM,900,TGGCAG,0.00018064516129032257
DDPM,900,TGGCAT,0.00014838709677419355
DDPM,900,TGGCCA,0.00015483870967741937
DDPM,900,TGGCCC,0.0001032258064516129
DDPM,900,TGGCCG,0.00010967741935483871
DDPM,900,TGGCCT,0.00012903225806451613
DDPM,900,TGGCGA,0.0002774193548387097
DDPM,900,TGGCGC,0.00010967741935483871
DDPM,900,TGGCGG,0.0003935483870967742
DDPM,900,TGGCGT,0.00018064516129032257
DDPM,900,TGGCTA,0.00023870967741935483
DDPM,900,TGGCTC,0.0003225806451612903
DDPM,900,TGGCTG,0.00025161290322580645
DDPM,900,TGGCTT,0.00044516129032258066
DDPM,900,TGGGAA,0.0003548387096774194
DDPM,900,TGGGAC,8.387096774193548e-05
DDPM,900,TGGGAG,0.0002
DDPM,900,TGGGAT,0.0002967741935483871
DDPM,900,TGGGCA,0.00011612903225806452
DDPM,900,TGGGCC,8.387096774193548e-05
DDPM,900,TGGGCG,0.0001032258064516129
DDPM,900,TGGGCT,0.0002774193548387097
DDPM,900,TGGGGA,0.0002451612903225806
DDPM,900,TGGGGC,9.032258064516129e-05
DDPM,900,TGGGGG,0.00012903225806451613
DDPM,900,TGGGGT,0.0002967741935483871
DDPM,900,TGGGTA,0.00016129032258064516
DDPM,900,TGGGTC,0.00016774193548387096
DDPM,900,TGGGTG,0.0002451612903225806
DDPM,900,TGGGTT,0.0005419354838709677
DDPM,900,TGGTAA,0.00030967741935483873
DDPM,900,TGGTAC,0.00017419354838709678
DDPM,900,TGGTAG,0.00014193548387096775
DDPM,900,TGGTAT,0.00023870967741935483
DDPM,900,TGGTCA,0.00021290322580645163
DDPM,900,TGGTCC,0.00017419354838709678
DDPM,900,TGGTCG,0.00021290322580645163
DDPM,900,TGGTCT,0.00029032258064516127
DDPM,900,TGGTGA,0.0004709677419354839
DDPM,900,TGGTGC,0.00021290322580645163
DDPM,900,TGGTGG,0.0006
DDPM,900,TGGTGT,0.0003741935483870968
DDPM,900,TGGTTA,0.0003935483870967742
DDPM,900,TGGTTC,0.0005290322580645162
DDPM,900,TGGTTG,0.00047741935483870966
DDPM,900,TGGTTT,0.0008
DDPM,900,TGTAAA,0.00044516129032258066
DDPM,900,TGTAAC,0.00016129032258064516
DDPM,900,TGTAAG,0.00025161290322580645
DDPM,900,TGTAAT,0.00036129032258064514
DDPM,900,TGTACA,0.00016129032258064516
DDPM,900,TGTACC,0.00014838709677419355
DDPM,900,TGTACG,3.870967741935484e-05
DDPM,900,TGTACT,0.00014838709677419355
DDPM,900,TGTAGA,0.0002645161290322581
DDPM,900,TGTAGC,0.00013548387096774193
DDPM,900,TGTAGG,0.00013548387096774193
DDPM,900,TGTAGT,0.00023225806451612904
DDPM,900,TGTATA,0.00022580645161290321
DDPM,900,TGTATC,0.0001935483870967742
DDPM,900,TGTATG,0.00014838709677419355
DDPM,900,TGTATT,0.0003870967741935484
DDPM,900,TGTCAA,0.00032903225806451614
DDPM,900,TGTCAC,0.00021290322580645163
DDPM,900,TGTCAG,0.0002064516129032258
DDPM,900,TGTCAT,0.0002838709677419355
DDPM,900,TGTCCA,0.00021290322580645163
DDPM,900,TGTCCC,6.451612903225807e-05
DDPM,900,TGTCCG,9.032258064516129e-05
DDPM,900,TGTCCT,0.0002064516129032258
DDPM,900,TGTCGA,0.0002645161290322581
DDPM,900,TGTCGC,7.741935483870968e-05
DDPM,900,TGTCGG,0.00012903225806451613
DDPM,900,TGTCGT,0.00021290322580645163
DDPM,900,TGTCTA,0.00027096774193548386
DDPM,900,TGTCTC,0.0003548387096774194
DDPM,900,TGTCTG,0.00025161290322580645
DDPM,900,TGTCTT,0.000432258064516129
DDPM,900,TGTGAA,0.0003548387096774194
DDPM,900,TGTGAC,0.00014838709677419355
DDPM,900,TGTGAG,0.00027096774193548386
DDPM,900,TGTGAT,0.000535483870967742
DDPM,900,TGTGCA,0.00015483870967741937
DDPM,900,TGTGCC,5.161290322580645e-05
DDPM,900,TGTGCG,6.451612903225807e-05
DDPM,900,TGTGCT,0.0002064516129032258
DDPM,900,TGTGGA,0.0003354838709677419
DDPM,900,TGTGGC,0.00021935483870967742
DDPM,900,TGTGGG,0.0002
DDPM,900,TGTGGT,0.00045806451612903225
DDPM,900,TGTGTA,0.00032903225806451614
DDPM,900,TGTGTC,0.0002774193548387097
DDPM,900,TGTGTG,0.0003161290322580645
DDPM,900,TGTGTT,0.0005419354838709677
DDPM,900,TGTTAA,0.00034193548387096773
DDPM,900,TGTTAC,0.00029032258064516127
DDPM,900,TGTTAG,0.0002774193548387097
DDPM,900,TGTTAT,0.00038064516129032255
DDPM,900,TGTTCA,0.000432258064516129
DDPM,900,TGTTCC,0.00023870967741935483
DDPM,900,TGTTCG,0.0002
DDPM,900,TGTTCT,0.0005612903225806451
DDPM,900,TGTTGA,0.0004064516129032258
DDPM,900,TGTTGC,0.0002967741935483871
DDPM,900,TGTTGG,0.0004709677419354839
DDPM,900,TGTTGT,0.0005548387096774194
DDPM,900,TGTTTA,0.0005225806451612903
DDPM,900,TGTTTC,0.000767741935483871
DDPM,900,TGTTTG,0.0005096774193548387
DDPM,900,TGTTTT,0.0011096774193548387
DDPM,900,TTAAAA,0.0007290322580645162
DDPM,900,TTAAAC,0.0003935483870967742
DDPM,900,TTAAAG,0.00034838709677419355
DDPM,900,TTAAAT,0.000632258064516129
DDPM,900,TTAACA,0.0002451612903225806
DDPM,900,TTAACC,0.0001935483870967742
DDPM,900,TTAACG,0.00017419354838709678
DDPM,900,TTAACT,0.00032903225806451614
DDPM,900,TTAAGA,0.0002774193548387097
DDPM,900,TTAAGC,0.0002
DDPM,900,TTAAGG,0.0002064516129032258
DDPM,900,TTAAGT,0.00023870967741935483
DDPM,900,TTAATA,0.00034193548387096773
DDPM,900,TTAATC,0.00036774193548387097
DDPM,900,TTAATG,0.00021935483870967742
DDPM,900,TTAATT,0.0006645161290322581
DDPM,900,TTACAA,0.00036774193548387097
DDPM,900,TTACAC,0.0001935483870967742
DDPM,900,TTACAG,0.00016774193548387096
DDPM,900,TTACAT,0.0002838709677419355
DDPM,900,TTACCA,0.0003354838709677419
DDPM,900,TTACCC,9.032258064516129e-05
DDPM,900,TTACCG,0.00011612903225806452
DDPM,900,TTACCT,0.00022580645161290321
DDPM,900,TTACGA,0.0001935483870967742
DDPM,900,TTACGC,9.67741935483871e-05
DDPM,900,TTACGG,0.00010967741935483871
DDPM,900,TTACGT,0.00015483870967741937
DDPM,900,TTACTA,0.0001935483870967742
DDPM,900,TTACTC,0.0003935483870967742
DDPM,900,TTACTG,0.0003225806451612903
DDPM,900,TTACTT,0.00041935483870967743
DDPM,900,TTAGAA,0.0003935483870967742
DDPM,900,TTAGAC,0.00011612903225806452
DDPM,900,TTAGAG,0.00029032258064516127
DDPM,900,TTAGAT,0.00044516129032258066
DDPM,900,TTAGCA,0.00018064516129032257
DDPM,900,TTAGCC,0.00011612903225806452
DDPM,900,TTAGCG,0.00013548387096774193
DDPM,900,TTAGCT,0.00029032258064516127
DDPM,900,TTAGGA,0.0002451612903225806
DDPM,900,TTAGGC,0.00015483870967741937
DDPM,900,TTAGGG,0.0003161290322580645
DDPM,900,TTAGGT,0.00021935483870967742
DDPM,900,TTAGTA,0.0002645161290322581
DDPM,900,TTAGTC,0.0003225806451612903
DDPM,900,TTAGTG,0.0003161290322580645
DDPM,900,TTAGTT,0.0005096774193548387
DDPM,900,TTATAA,0.00038064516129032255
DDPM,900,TTATAC,0.00017419354838709678
DDPM,900,TTATAG,0.0002645161290322581
DDPM,900,TTATAT,0.00044516129032258066
DDPM,900,TTATCA,0.0002451612903225806
DDPM,900,TTATCC,0.00030967741935483873
DDPM,900,TTATCG,0.0002064516129032258
DDPM,900,TTATCT,0.0005225806451612903
DDPM,900,TTATGA,0.00027096774193548386
DDPM,900,TTATGC,0.00015483870967741937
DDPM,900,TTATGG,0.0004064516129032258
DDPM,900,TTATGT,0.0003354838709677419
DDPM,900,TTATTA,0.00041935483870967743
DDPM,900,TTATTC,0.00036774193548387097
DDPM,900,TTATTG,0.00042580645161290325
DDPM,900,TTATTT,0.0009161290322580645
DDPM,900,TTCAAA,0.0007483870967741936
DDPM,900,TTCAAC,0.0003548387096774194
DDPM,900,TTCAAG,0.00038064516129032255
DDPM,900,TTCAAT,0.0006709677419354838
DDPM,900,TTCACA,0.0002967741935483871
DDPM,900,TTCACC,0.00032903225806451614
DDPM,900,TTCACG,0.00023225806451612904
DDPM,900,TTCACT,0.0004967741935483871
DDPM,900,TTCAGA,0.00038064516129032255
DDPM,900,TTCAGC,0.00021935483870967742
DDPM,900,TTCAGG,0.00021290322580645163
DDPM,900,TTCAGT,0.00038064516129032255
DDPM,900,TTCATA,0.0003548387096774194
DDPM,900,TTCATC,0.0006129032258064516
DDPM,900,TTCATG,0.00029032258064516127
DDPM,900,TTCATT,0.0005935483870967742
DDPM,900,TTCCAA,0.00036774193548387097
DDPM,900,TTCCAC,0.00021935483870967742
DDPM,900,TTCCAG,0.00021935483870967742
DDPM,900,TTCCAT,0.0003032258064516129
DDPM,900,TTCCCA,0.00021935483870967742
DDPM,900,TTCCCC,0.00015483870967741937
DDPM,900,TTCCCG,0.00015483870967741937
DDPM,900,TTCCCT,0.00025161290322580645
DDPM,900,TTCCGA,0.0002967741935483871
DDPM,900,TTCCGC,0.00014193548387096775
DDPM,900,TTCCGG,0.00030967741935483873
DDPM,900,TTCCGT,0.0002645161290322581
DDPM,900,TTCCTA,0.00021290322580645163
DDPM,900,TTCCTC,0.0005806451612903225
DDPM,900,TTCCTG,0.00018064516129032257
DDPM,900,TTCCTT,0.0005935483870967742
DDPM,900,TTCGAA,0.00046451612903225807
DDPM,900,TTCGAC,0.0002774193548387097
DDPM,900,TTCGAG,0.00027096774193548386
DDPM,900,TTCGAT,0.0006
DDPM,900,TTCGCA,0.00018064516129032257
DDPM,900,TTCGCC,0.0001870967741935484
DDPM,900,TTCGCG,7.741935483870968e-05
DDPM,900,TTCGCT,0.00025806451612903227
DDPM,900,TTCGGA,0.00038064516129032255
DDPM,900,TTCGGC,0.0002
DDPM,900,TTCGGG,0.0002
DDPM,900,TTCGGT,0.0002451612903225806
DDPM,900,TTCGTA,0.00023225806451612904
DDPM,900,TTCGTC,0.0002645161290322581
DDPM,900,TTCGTG,0.0003032258064516129
DDPM,900,TTCGTT,0.0005935483870967742
DDPM,900,TTCTAA,0.0005548387096774194
DDPM,900,TTCTAC,0.0002838709677419355
DDPM,900,TTCTAG,0.00022580645161290321
DDPM,900,TTCTAT,0.000535483870967742
DDPM,900,TTCTCA,0.0005935483870967742
DDPM,900,TTCTCC,0.0007419354838709677
DDPM,900,TTCTCG,0.00041935483870967743
DDPM,900,TTCTCT,0.0012
DDPM,900,TTCTGA,0.0006129032258064516
DDPM,900,TTCTGC,0.00034838709677419355
DDPM,900,TTCTGG,0.00043870967741935484
DDPM,900,TTCTGT,0.000535483870967742
DDPM,900,TTCTTA,0.0006645161290322581
DDPM,900,TTCTTC,0.0013548387096774194
DDPM,900,TTCTTG,0.0007354838709677419
DDPM,900,TTCTTT,0.001296774193548387
DDPM,900,TTGAAA,0.0006451612903225806
DDPM,900,TTGAAC,0.0003741935483870968
DDPM,900,TTGAAG,0.00034193548387096773
DDPM,900,TTGAAT,0.0005935483870967742
DDPM,900,TTGACA,0.00023225806451612904
DDPM,900,TTGACC,0.00017419354838709678
DDPM,900,TTGACG,0.0002
DDPM,900,TTGACT,0.00036774193548387097
DDPM,900,TTGAGA,0.00045161290322580643
DDPM,900,TTGAGC,0.00025161290322580645
DDPM,900,TTGAGG,0.0002838709677419355
DDPM,900,TTGAGT,0.00041935483870967743
DDPM,900,TTGATA,0.00045806451612903225
DDPM,900,TTGATC,0.0006064516129032258
DDPM,900,TTGATG,0.0005032258064516129
DDPM,900,TTGATT,0.0008967741935483871
DDPM,900,TTGCAA,0.00025161290322580645
DDPM,900,TTGCAC,0.00016774193548387096
DDPM,900,TTGCAG,0.00014193548387096775
DDPM,900,TTGCAT,0.00023225806451612904
DDPM,900,TTGCCA,0.00021935483870967742
DDPM,900,TTGCCC,0.0001225806451612903
DDPM,900,TTGCCG,0.00013548387096774193
DDPM,900,TTGCCT,0.00015483870967741937
DDPM,900,TTGCGA,0.00015483870967741937
DDPM,900,TTGCGC,5.161290322580645e-05
DDPM,900,TTGCGG,0.00017419354838709678
DDPM,900,TTGCGT,0.00017419354838709678
DDPM,900,TTGCTA,0.00022580645161290321
DDPM,900,TTGCTC,0.0003935483870967742
DDPM,900,TTGCTG,0.0003935483870967742
DDPM,900,TTGCTT,0.00045161290322580643
DDPM,900,TTGGAA,0.0005290322580645162
DDPM,900,TTGGAC,0.00021290322580645163
DDPM,900,TTGGAG,0.00047741935483870966
DDPM,900,TTGGAT,0.0006258064516129032
DDPM,900,TTGGCA,0.00023225806451612904
DDPM,900,TTGGCC,0.00014193548387096775
DDPM,900,TTGGCG,0.0001935483870967742
DDPM,900,TTGGCT,0.0003935483870967742
DDPM,900,TTGGGA,0.0003548387096774194
DDPM,900,TTGGGC,0.00021290322580645163
DDPM,900,TTGGGG,0.00034838709677419355
DDPM,900,TTGGGT,0.000432258064516129
DDPM,900,TTGGTA,0.00032903225806451614
DDPM,900,TTGGTC,0.0003225806451612903
DDPM,900,TTGGTG,0.0004838709677419355
DDPM,900,TTGGTT,0.0008774193548387097
DDPM,900,TTGTAA,0.0004838709677419355
DDPM,900,TTGTAC,0.00017419354838709678
DDPM,900,TTGTAG,0.00027096774193548386
DDPM,900,TTGTAT,0.0003870967741935484
DDPM,900,TTGTCA,0.00038064516129032255
DDPM,900,TTGTCC,0.0001935483870967742
DDPM,900,TTGTCG,0.00023870967741935483
DDPM,900,TTGTCT,0.0005419354838709677
DDPM,900,TTGTGA,0.0005548387096774194
DDPM,900,TTGTGC,0.0002064516129032258
DDPM,900,TTGTGG,0.00043870967741935484
DDPM,900,TTGTGT,0.0005806451612903225
DDPM,900,TTGTTA,0.000567741935483871
DDPM,900,TTGTTC,0.0005870967741935484
DDPM,900,TTGTTG,0.0007096774193548388
DDPM,900,TTGTTT,0.0013483870967741936
DDPM,900,TTTAAA,0.0006645161290322581
DDPM,900,TTTAAC,0.00025161290322580645
DDPM,900,TTTAAG,0.0002967741935483871
DDPM,900,TTTAAT,0.0006580645161290323
DDPM,900,TTTACA,0.00036774193548387097
DDPM,900,TTTACC,0.00021935483870967742
DDPM,900,TTTACG,0.00018064516129032257
DDPM,900,TTTACT,0.0004967741935483871
DDPM,900,TTTAGA,0.0003935483870967742
DDPM,900,TTTAGC,0.0002645161290322581
DDPM,900,TTTAGG,0.00029032258064516127
DDPM,900,TTTAGT,0.0005290322580645162
DDPM,900,TTTATA,0.00042580645161290325
DDPM,900,TTTATC,0.0005096774193548387
DDPM,900,TTTATG,0.0003548387096774194
DDPM,900,TTTATT,0.0008451612903225806
DDPM,900,TTTCAA,0.0006967741935483871
DDPM,900,TTTCAC,0.00045161290322580643
DDPM,900,TTTCAG,0.0004903225806451613
DDPM,900,TTTCAT,0.0006258064516129032
DDPM,900,TTTCCA,0.00042580645161290325
DDPM,900,TTTCCC,0.0003032258064516129
DDPM,900,TTTCCG,0.00034838709677419355
DDPM,900,TTTCCT,0.000632258064516129
DDPM,900,TTTCGA,0.0006129032258064516
DDPM,900,TTTCGC,0.0003032258064516129
DDPM,900,TTTCGG,0.0003354838709677419
DDPM,900,TTTCGT,0.0005225806451612903
DDPM,900,TTTCTA,0.0005870967741935484
DDPM,900,TTTCTC,0.0010516129032258064
DDPM,900,TTTCTG,0.0006193548387096775
DDPM,900,TTTCTT,0.0015806451612903226
DDPM,900,TTTGAA,0.0007806451612903226
DDPM,900,TTTGAC,0.00030967741935483873
DDPM,900,TTTGAG,0.0004
DDPM,900,TTTGAT,0.0011096774193548387
DDPM,900,TTTGCA,0.0003225806451612903
DDPM,900,TTTGCC,0.00022580645161290321
DDPM,900,TTTGCG,0.0002064516129032258
DDPM,900,TTTGCT,0.0005161290322580645
DDPM,900,TTTGGA,0.000632258064516129
DDPM,900,TTTGGC,0.0003935483870967742
DDPM,900,TTTGGG,0.0005483870967741936
DDPM,900,TTTGGT,0.0008838709677419354
DDPM,900,TTTGTA,0.0004967741935483871
DDPM,900,TTTGTC,0.000535483870967742
DDPM,900,TTTGTG,0.000632258064516129
DDPM,900,TTTGTT,0.0013354838709677419
DDPM,900,TTTTAA,0.0006516129032258064
DDPM,900,TTTTAC,0.00034193548387096773
DDPM,900,TTTTAG,0.000535483870967742
DDPM,900,TTTTAT,0.0008387096774193549
DDPM,900,TTTTCA,0.0007612903225806451
DDPM,900,TTTTCC,0.0006774193548387097
DDPM,900,TTTTCG,0.000535483870967742
DDPM,900,TTTTCT,0.0013483870967741936
DDPM,900,TTTTGA,0.0010129032258064516
DDPM,900,TTTTGC,0.00045161290322580643
DDPM,900,TTTTGG,0.0008903225806451613
DDPM,900,TTTTGT,0.0012903225806451613
DDPM,900,TTTTTA,0.0009161290322580645
DDPM,900,TTTTTC,0.001296774193548387
DDPM,900,TTTTTG,0.001264516129032258
DDPM,900,TTTTTT,0.0026838709677419353
DDPM,1800,AAAAAA,0.005251612903225807
DDPM,1800,AAAAAC,0.001238709677419355
DDPM,1800,AAAAAG,0.0015741935483870968
DDPM,1800,AAAAAT,0.0021096774193548385
DDPM,1800,AAAACA,0.0011483870967741935
DDPM,1800,AAAACC,0.0007483870967741936
DDPM,1800,AAAACG,0.0004064516129032258
DDPM,1800,AAAACT,0.0008258064516129032
DDPM,1800,AAAAGA,0.0016258064516129031
DDPM,1800,AAAAGC,0.0006193548387096775
DDPM,1800,AAAAGG,0.00043870967741935484
DDPM,1800,AAAAGT,0.0007548387096774193
DDPM,1800,AAAATA,0.0015548387096774193
DDPM,1800,AAAATC,0.001103225806451613
DDPM,1800,AAAATG,0.0007032258064516129
DDPM,1800,AAAATT,0.001432258064516129
DDPM,1800,AAACAA,0.0013096774193548388
DDPM,1800,AAACAC,0.0005225806451612903
DDPM,1800,AAACAG,0.00036129032258064514
DDPM,1800,AAACAT,0.0006258064516129032
DDPM,1800,AAACCA,0.0007225806451612903
DDPM,1800,AAACCC,0.0005806451612903225
DDPM,1800,AAACCG,0.00025806451612903227
DDPM,1800,AAACCT,0.000432258064516129
DDPM,1800,AAACGA,0.0004129032258064516
DDPM,1800,AAACGC,0.00018064516129032257
DDPM,1800,AAACGG,0.0001935483870967742
DDPM,1800,AAACGT,0.0002774193548387097
DDPM,1800,AAACTA,0.0005032258064516129
DDPM,1800,AAACTC,0.0005548387096774194
DDPM,1800,AAACTG,0.0002645161290322581
DDPM,1800,AAACTT,0.0007354838709677419
DDPM,1800,AAAGAA,0.0015290322580645162
DDPM,1800,AAAGAC,0.000432258064516129
DDPM,1800,AAAGAG,0.000567741935483871
DDPM,1800,AAAGAT,0.0008193548387096774
DDPM,1800,AAAGCA,0.0004967741935483871
DDPM,1800,AAAGCC,0.00032903225806451614
DDPM,1800,AAAGCG,0.0001935483870967742
DDPM,1800,AAAGCT,0.0006
DDPM,1800,AAAGGA,0.0003870967741935484
DDPM,1800,AAAGGC,0.0002774193548387097
DDPM,1800,AAAGGG,0.00017419354838709678
DDPM,1800,AAAGGT,0.00025161290322580645
DDPM,1800,AAAGTA,0.00044516129032258066
DDPM,1800,AAAGTC,0.0004129032258064516
DDPM,1800,AAAGTG,0.0003354838709677419
DDPM,1800,AAAGTT,0.0006645161290322581
DDPM,1800,AAATAA,0.0014774193548387096
DDPM,1800,AAATAC,0.0005870967741935484
DDPM,1800,AAATAG,0.00036774193548387097
DDPM,1800,AAATAT,0.0009483870967741936
DDPM,1800,AAATCA,0.0008258064516129032
DDPM,1800,AAATCC,0.000567741935483871
DDPM,1800,AAATCG,0.00030967741935483873
DDPM,1800,AAATCT,0.0008580645161290323
DDPM,1800,AAATGA,0.000432258064516129
DDPM,1800,AAATGC,0.00016129032258064516
DDPM,1800,AAATGG,0.00042580645161290325
DDPM,1800,AAATGT,0.0004709677419354839
DDPM,1800,AAATTA,0.0008258064516129032
DDPM,1800,AAATTC,0.0008129032258064516
DDPM,1800,AAATTG,0.0006967741935483871
DDPM,1800,AAATTT,0.0013548387096774194
DDPM,1800,AACAAA,0.0012129032258064516
DDPM,1800,AACAAC,0.0004709677419354839
DDPM,1800,AACAAG,0.0004129032258064516
DDPM,1800,AACAAT,0.0006451612903225806
DDPM,1800,AACACA,0.00043870967741935484
DDPM,1800,AACACC,0.0002838709677419355
DDPM,1800,AACACG,0.00015483870967741937
DDPM,1800,AACACT,0.00032903225806451614
DDPM,1800,AACAGA,0.00036774193548387097
DDPM,1800,AACAGC,0.0001935483870967742
DDPM,1800,AACAGG,7.741935483870968e-05
DDPM,1800,AACAGT,0.0001935483870967742
DDPM,1800,AACATA,0.0004
DDPM,1800,AACATC,0.0004
DDPM,1800,AACATG,0.00017419354838709678
DDPM,1800,AACATT,0.00046451612903225807
DDPM,1800,AACCAA,0.0007935483870967742
DDPM,1800,AACCAC,0.0004
DDPM,1800,AACCAG,0.0001935483870967742
DDPM,1800,AACCAT,0.00045806451612903225
DDPM,1800,AACCCA,0.0005225806451612903
DDPM,1800,AACCCC,0.00014838709677419355
DDPM,1800,AACCCG,0.0001032258064516129
DDPM,1800,AACCCT,0.00034193548387096773
DDPM,1800,AACCGA,0.0002645161290322581
DDPM,1800,AACCGC,0.00014193548387096775
DDPM,1800,AACCGG,0.0002
DDPM,1800,AACCGT,0.0002064516129032258
DDPM,1800,AACCTA,0.00022580645161290321
DDPM,1800,AACCTC,0.00036129032258064514
DDPM,1800,AACCTG,0.00010967741935483871
DDPM,1800,AACCTT,0.0002967741935483871
DDPM,1800,AACGAA,0.00045806451612903225
DDPM,1800,AACGAC,0.00021935483870967742
DDPM,1800,AACGAG,0.00018064516129032257
DDPM,1800,AACGAT,0.00029032258064516127
DDPM,1800,AACGCA,0.00011612903225806452
DDPM,1800,AACGCC,0.00013548387096774193
DDPM,1800,AACGCG,4.516129032258064e-05
DDPM,1800,AACGCT,0.00018064516129032257
DDPM,1800,AACGGA,0.00021935483870967742
DDPM,1800,AACGGC,0.00012903225806451613
DDPM,1800,AACGGG,7.096774193548388e-05
DDPM,1800,AACGGT,0.00012903225806451613
DDPM,1800,AACGTA,0.0002
DDPM,1800,AACGTC,0.00015483870967741937
DDPM,1800,AACGTG,0.00013548387096774193
DDPM,1800,AACGTT,0.00022580645161290321
DDPM,1800,AACTAA,0.0004064516129032258
DDPM,1800,AACTAC,0.00021290322580645163
DDPM,1800,AACTAG,0.00012903225806451613
DDPM,1800,AACTAT,0.00032903225806451614
DDPM,1800,AACTCA,0.0005096774193548387
DDPM,1800,AACTCC,0.0003032258064516129
DDPM,1800,AACTCG,0.00016129032258064516
DDPM,1800,AACTCT,0.0005161290322580645
DDPM,1800,AACTGA,0.0002
DDPM,1800,AACTGC,0.00013548387096774193
DDPM,1800,AACTGG,0.00011612903225806452
DDPM,1800,AACTGT,0.00021290322580645163
DDPM,1800,AACTTA,0.00043870967741935484
DDPM,1800,AACTTC,0.0004903225806451613
DDPM,1800,AACTTG,0.00027096774193548386
DDPM,1800,AACTTT,0.0006516129032258064
DDPM,1800,AAGAAA,0.0016774193548387097
DDPM,1800,AAGAAC,0.0004129032258064516
DDPM,1800,AAGAAG,0.0011161290322580645
DDPM,1800,AAGAAT,0.0007290322580645162
DDPM,1800,AAGACA,0.00042580645161290325
DDPM,1800,AAGACC,0.0001935483870967742
DDPM,1800,AAGACG,0.00022580645161290321
DDPM,1800,AAGACT,0.0003161290322580645
DDPM,1800,AAGAGA,0.0007806451612903226
DDPM,1800,AAGAGC,0.0002
DDPM,1800,AAGAGG,0.00027096774193548386
DDPM,1800,AAGAGT,0.00025806451612903227
DDPM,1800,AAGATA,0.00046451612903225807
DDPM,1800,AAGATC,0.0004709677419354839
DDPM,1800,AAGATG,0.00038064516129032255
DDPM,1800,AAGATT,0.0007225806451612903
DDPM,1800,AAGCAA,0.0006
DDPM,1800,AAGCAC,0.0001870967741935484
DDPM,1800,AAGCAG,0.00027096774193548386
DDPM,1800,AAGCAT,0.0002838709677419355
DDPM,1800,AAGCCA,0.0003161290322580645
DDPM,1800,AAGCCC,0.00017419354838709678
DDPM,1800,AAGCCG,0.00018064516129032257
DDPM,1800,AAGCCT,0.00021935483870967742
DDPM,1800,AAGCGA,0.00018064516129032257
DDPM,1800,AAGCGC,9.67741935483871e-05
DDPM,1800,AAGCGG,9.67741935483871e-05
DDPM,1800,AAGCGT,0.0001870967741935484
DDPM,1800,AAGCTA,0.0004
DDPM,1800,AAGCTC,0.00045806451612903225
DDPM,1800,AAGCTG,0.00021290322580645163
DDPM,1800,AAGCTT,0.0006064516129032258
DDPM,1800,AAGGAA,0.00038064516129032255
DDPM,1800,AAGGAC,0.00012903225806451613
DDPM,1800,AAGGAG,0.0003161290322580645
DDPM,1800,AAGGAT,0.00022580645161290321
DDPM,1800,AAGGCA,0.00010967741935483871
DDPM,1800,AAGGCC,0.00014838709677419355
DDPM,1800,AAGGCG,9.032258064516129e-05
DDPM,1800,AAGGCT,0.00016774193548387096
DDPM,1800,AAGGGA,0.00014838709677419355
DDPM,1800,AAGGGC,0.0001032258064516129
DDPM,1800,AAGGGG,4.516129032258064e-05
DDPM,1800,AAGGGT,7.096774193548388e-05
DDPM,1800,AAGGTA,0.00014838709677419355
DDPM,1800,AAGGTC,0.00015483870967741937
DDPM,1800,AAGGTG,0.0001225806451612903
DDPM,1800,AAGGTT,0.0002645161290322581
DDPM,1800,AAGTAA,0.00041935483870967743
DDPM,1800,AAGTAC,0.0001032258064516129
DDPM,1800,AAGTAG,0.00016774193548387096
DDPM,1800,AAGTAT,0.0003161290322580645
DDPM,1800,AAGTCA,0.0003161290322580645
DDPM,1800,AAGTCC,0.00014193548387096775
DDPM,1800,AAGTCG,0.0002064516129032258
DDPM,1800,AAGTCT,0.00027096774193548386
DDPM,1800,AAGTGA,0.00018064516129032257
DDPM,1800,AAGTGC,9.67741935483871e-05
DDPM,1800,AAGTGG,0.00015483870967741937
DDPM,1800,AAGTGT,0.0002451612903225806
DDPM,1800,AAGTTA,0.0002967741935483871
DDPM,1800,AAGTTC,0.0003225806451612903
DDPM,1800,AAGTTG,0.00029032258064516127
DDPM,1800,AAGTTT,0.0006903225806451613
DDPM,1800,AATAAA,0.0014193548387096775
DDPM,1800,AATAAC,0.000432258064516129
DDPM,1800,AATAAG,0.000432258064516129
DDPM,1800,AATAAT,0.0009096774193548387
DDPM,1800,AATACA,0.0004709677419354839
DDPM,1800,AATACC,0.00021935483870967742
DDPM,1800,AATACG,0.00017419354838709678
DDPM,1800,AATACT,0.00034193548387096773
DDPM,1800,AATAGA,0.0004064516129032258
DDPM,1800,AATAGC,0.00016129032258064516
DDPM,1800,AATAGG,0.0001870967741935484
DDPM,1800,AATAGT,0.00023870967741935483
DDPM,1800,AATATA,0.0007612903225806451
DDPM,1800,AATATC,0.0003741935483870968
DDPM,1800,AATATG,0.0003161290322580645
DDPM,1800,AATATT,0.0008
DDPM,1800,AATCAA,0.0008967741935483871
DDPM,1800,AATCAC,0.0005096774193548387
DDPM,1800,AATCAG,0.00036774193548387097
DDPM,1800,AATCAT,0.0004903225806451613
DDPM,1800,AATCCA,0.000535483870967742
DDPM,1800,AATCCC,0.00025806451612903227
DDPM,1800,AATCCG,0.00016774193548387096
DDPM,1800,AATCCT,0.00034193548387096773
DDPM,1800,AATCGA,0.00030967741935483873
DDPM,1800,AATCGC,0.0002
DDPM,1800,AATCGG,0.0002064516129032258
DDPM,1800,AATCGT,0.00029032258064516127
DDPM,1800,AATCTA,0.0004
DDPM,1800,AATCTC,0.0009354838709677419
DDPM,1800,AATCTG,0.00042580645161290325
DDPM,1800,AATCTT,0.0009032258064516129
DDPM,1800,AATGAA,0.0004838709677419355
DDPM,1800,AATGAC,0.00022580645161290321
DDPM,1800,AATGAG,0.0001935483870967742
DDPM,1800,AATGAT,0.00036774193548387097
DDPM,1800,AATGCA,0.0001225806451612903
DDPM,1800,AATGCC,0.0001032258064516129
DDPM,1800,AATGCG,3.870967741935484e-05
DDPM,1800,AATGCT,0.00017419354838709678
DDPM,1800,AATGGA,0.0003741935483870968
DDPM,1800,AATGGC,0.00027096774193548386
DDPM,1800,AATGGG,0.00021935483870967742
DDPM,1800,AATGGT,0.0002774193548387097
DDPM,1800,AATGTA,0.00029032258064516127
DDPM,1800,AATGTC,0.00025161290322580645
DDPM,1800,AATGTG,0.0002645161290322581
DDPM,1800,AATGTT,0.0004967741935483871
DDPM,1800,AATTAA,0.0007290322580645162
DDPM,1800,AATTAC,0.0004064516129032258
DDPM,1800,AATTAG,0.0004
DDPM,1800,AATTAT,0.0007354838709677419
DDPM,1800,AATTCA,0.0005935483870967742
DDPM,1800,AATTCC,0.0002838709677419355
DDPM,1800,AATTCG,0.0002774193548387097
DDPM,1800,AATTCT,0.000767741935483871
DDPM,1800,AATTGA,0.0005096774193548387
DDPM,1800,AATTGC,0.0002
DDPM,1800,AATTGG,0.0003548387096774194
DDPM,1800,AATTGT,0.0005161290322580645
DDPM,1800,AATTTA,0.0008451612903225806
DDPM,1800,AATTTC,0.0009741935483870967
DDPM,1800,AATTTG,0.0007935483870967742
DDPM,1800,AATTTT,0.0014064516129032258
DDPM,1800,ACAAAA,0.0013612903225806452
DDPM,1800,ACAAAC,0.00042580645161290325
DDPM,1800,ACAAAG,0.0004838709677419355
DDPM,1800,ACAAAT,0.0006258064516129032
DDPM,1800,ACAACA,0.0005096774193548387
DDPM,1800,ACAACC,0.00022580645161290321
DDPM,1800,ACAACG,0.00017419354838709678
DDPM,1800,ACAACT,0.0002838709677419355
DDPM,1800,ACAAGA,0.0004967741935483871
DDPM,1800,ACAAGC,0.00025161290322580645
DDPM,1800,ACAAGG,0.00017419354838709678
DDPM,1800,ACAAGT,0.0002064516129032258
DDPM,1800,ACAATA,0.0003870967741935484
DDPM,1800,ACAATC,0.00044516129032258066
DDPM,1800,ACAATG,0.0003032258064516129
DDPM,1800,ACAATT,0.000567741935483871
DDPM,1800,ACACAA,0.0004709677419354839
DDPM,1800,ACACAC,0.0003161290322580645
DDPM,1800,ACACAG,0.0001032258064516129
DDPM,1800,ACACAT,0.0003354838709677419
DDPM,1800,ACACCA,0.0002838709677419355
DDPM,1800,ACACCC,7.741935483870968e-05
DDPM,1800,ACACCG,0.00016774193548387096
DDPM,1800,ACACCT,0.0001935483870967742
DDPM,1800,ACACGA,0.00016129032258064516
DDPM,1800,ACACGC,0.00010967741935483871
DDPM,1800,ACACGG,0.0001032258064516129
DDPM,1800,ACACGT,0.00018064516129032257
DDPM,1800,ACACTA,0.00023870967741935483
DDPM,1800,ACACTC,0.00030967741935483873
DDPM,1800,ACACTG,0.00012903225806451613
DDPM,1800,ACACTT,0.00025161290322580645
DDPM,1800,ACAGAA,0.00036774193548387097
DDPM,1800,ACAGAC,9.032258064516129e-05
DDPM,1800,ACAGAG,0.0002645161290322581
DDPM,1800,ACAGAT,0.00027096774193548386
DDPM,1800,ACAGCA,0.00014193548387096775
DDPM,1800,ACAGCC,9.032258064516129e-05
DDPM,1800,ACAGCG,0.0001032258064516129
DDPM,1800,ACAGCT,0.0001225806451612903
DDPM,1800,ACAGGA,8.387096774193548e-05
DDPM,1800,ACAGGC,4.516129032258064e-05
DDPM,1800,ACAGGG,3.2258064516129034e-05
DDPM,1800,ACAGGT,0.00012903225806451613
DDPM,1800,ACAGTA,0.00013548387096774193
DDPM,1800,ACAGTC,0.00012903225806451613
DDPM,1800,ACAGTG,0.00011612903225806452
DDPM,1800,ACAGTT,0.00018064516129032257
DDPM,1800,ACATAA,0.0004129032258064516
DDPM,1800,ACATAC,0.0002064516129032258
DDPM,1800,ACATAG,9.67741935483871e-05
DDPM,1800,ACATAT,0.00025806451612903227
DDPM,1800,ACATCA,0.0002838709677419355
DDPM,1800,ACATCC,0.00014838709677419355
DDPM,1800,ACATCG,0.0002
DDPM,1800,ACATCT,0.00038064516129032255
DDPM,1800,ACATGA,0.00017419354838709678
DDPM,1800,ACATGC,5.161290322580645e-05
DDPM,1800,ACATGG,0.00011612903225806452
DDPM,1800,ACATGT,0.0002064516129032258
DDPM,1800,ACATTA,0.0003354838709677419
DDPM,1800,ACATTC,0.00025161290322580645
DDPM,1800,ACATTG,0.00015483870967741937
DDPM,1800,ACATTT,0.00046451612903225807
DDPM,1800,ACCAAA,0.0009096774193548387
DDPM,1800,ACCAAC,0.00034193548387096773
DDPM,1800,ACCAAG,0.0001935483870967742
DDPM,1800,ACCAAT,0.0003161290322580645
DDPM,1800,ACCACA,0.0002967741935483871
DDPM,1800,ACCACC,0.0003870967741935484
DDPM,1800,ACCACG,0.0001032258064516129
DDPM,1800,ACCACT,0.0002451612903225806
DDPM,1800,ACCAGA,0.00021290322580645163
DDPM,1800,ACCAGC,0.0001870967741935484
DDPM,1800,ACCAGG,5.806451612903226e-05
DDPM,1800,ACCAGT,0.00016774193548387096
DDPM,1800,ACCATA,0.0002064516129032258
DDPM,1800,ACCATC,0.00036774193548387097
DDPM,1800,ACCATG,0.00014193548387096775
DDPM,1800,ACCATT,0.00032903225806451614
DDPM,1800,ACCCAA,0.00043870967741935484
DDPM,1800,ACCCAC,0.0001935483870967742
DDPM,1800,ACCCAG,9.032258064516129e-05
DDPM,1800,ACCCAT,0.0002
DDPM,1800,ACCCCA,0.00014193548387096775
DDPM,1800,ACCCCC,3.870967741935484e-05
DDPM,1800,ACCCCG,4.516129032258064e-05
DDPM,1800,ACCCCT,7.741935483870968e-05
DDPM,1800,ACCCGA,0.00016129032258064516
DDPM,1800,ACCCGC,5.161290322580645e-05
DDPM,1800,ACCCGG,3.870967741935484e-05
DDPM,1800,ACCCGT,6.451612903225807e-05
DDPM,1800,ACCCTA,0.00018064516129032257
DDPM,1800,ACCCTC,0.00021935483870967742
DDPM,1800,ACCCTG,5.806451612903226e-05
DDPM,1800,ACCCTT,0.0001870967741935484
DDPM,1800,ACCGAA,0.0002645161290322581
DDPM,1800,ACCGAC,0.0001032258064516129
DDPM,1800,ACCGAG,0.00012903225806451613
DDPM,1800,ACCGAT,0.00023870967741935483
DDPM,1800,ACCGCA,0.0001225806451612903
DDPM,1800,ACCGCC,0.00016129032258064516
DDPM,1800,ACCGCG,3.2258064516129034e-05
DDPM,1800,ACCGCT,0.0001032258064516129
DDPM,1800,ACCGGA,0.00021935483870967742
DDPM,1800,ACCGGC,0.0001225806451612903
DDPM,1800,ACCGGG,5.161290322580645e-05
DDPM,1800,ACCGGT,0.00016129032258064516
DDPM,1800,ACCGTA,0.00015483870967741937
DDPM,1800,ACCGTC,0.00017419354838709678
DDPM,1800,ACCGTG,0.0001225806451612903
DDPM,1800,ACCGTT,0.00021935483870967742
DDPM,1800,ACCTAA,0.00025806451612903227
DDPM,1800,ACCTAC,0.0001225806451612903
DDPM,1800,ACCTAG,6.451612903225807e-05
DDPM,1800,ACCTAT,0.0001870967741935484
DDPM,1800,ACCTCA,0.00029032258064516127
DDPM,1800,ACCTCC,0.0003161290322580645
DDPM,1800,ACCTCG,7.096774193548388e-05
DDPM,1800,ACCTCT,0.0004
DDPM,1800,ACCTGA,0.00012903225806451613
DDPM,1800,ACCTGC,5.806451612903226e-05
DDPM,1800,ACCTGG,3.870967741935484e-05
DDPM,1800,ACCTGT,0.00012903225806451613
DDPM,1800,ACCTTA,0.0001935483870967742
DDPM,1800,ACCTTC,0.0002967741935483871
DDPM,1800,ACCTTG,0.0001032258064516129
DDPM,1800,ACCTTT,0.00038064516129032255
DDPM,1800,ACGAAA,0.00041935483870967743
DDPM,1800,ACGAAC,0.0001935483870967742
DDPM,1800,ACGAAG,0.0002838709677419355
DDPM,1800,ACGAAT,0.00023225806451612904
DDPM,1800,ACGACA,0.00018064516129032257
DDPM,1800,ACGACC,7.096774193548388e-05
DDPM,1800,ACGACG,0.00025806451612903227
DDPM,1800,ACGACT,0.0001032258064516129
DDPM,1800,ACGAGA,0.0002774193548387097
DDPM,1800,ACGAGC,8.387096774193548e-05
DDPM,1800,ACGAGG,9.032258064516129e-05
DDPM,1800,ACGAGT,0.00014193548387096775
DDPM,1800,ACGATA,0.00014193548387096775
DDPM,1800,ACGATC,0.00017419354838709678
DDPM,1800,ACGATG,0.0002645161290322581
DDPM,1800,ACGATT,0.0003548387096774194
DDPM,1800,ACGCAA,0.00013548387096774193
DDPM,1800,ACGCAC,9.67741935483871e-05
DDPM,1800,ACGCAG,6.451612903225807e-05
DDPM,1800,ACGCAT,5.806451612903226e-05
DDPM,1800,ACGCCA,0.00012903225806451613
DDPM,1800,ACGCCC,1.935483870967742e-05
DDPM,1800,ACGCCG,0.00014193548387096775
DDPM,1800,ACGCCT,7.741935483870968e-05
DDPM,1800,ACGCGA,7.741935483870968e-05
DDPM,1800,ACGCGC,3.2258064516129034e-05
DDPM,1800,ACGCGG,2.5806451612903226e-05
DDPM,1800,ACGCGT,6.451612903225807e-05
DDPM,1800,ACGCTA,9.67741935483871e-05
DDPM,1800,ACGCTC,0.00015483870967741937
DDPM,1800,ACGCTG,7.096774193548388e-05
DDPM,1800,ACGCTT,0.00023225806451612904
DDPM,1800,ACGGAA,0.00016774193548387096
DDPM,1800,ACGGAC,8.387096774193548e-05
DDPM,1800,ACGGAG,0.0001935483870967742
DDPM,1800,ACGGAT,0.00010967741935483871
DDPM,1800,ACGGCA,0.00010967741935483871
DDPM,1800,ACGGCC,7.741935483870968e-05
DDPM,1800,ACGGCG,0.00016774193548387096
DDPM,1800,ACGGCT,9.032258064516129e-05
DDPM,1800,ACGGGA,9.032258064516129e-05
DDPM,1800,ACGGGC,1.935483870967742e-05
DDPM,1800,ACGGGG,1.2903225806451613e-05
DDPM,1800,ACGGGT,6.451612903225807e-05
DDPM,1800,ACGGTA,5.161290322580645e-05
DDPM,1800,ACGGTC,3.2258064516129034e-05
DDPM,1800,ACGGTG,0.00016129032258064516
DDPM,1800,ACGGTT,0.00016774193548387096
DDPM,1800,ACGTAA,0.00021935483870967742
DDPM,1800,ACGTAC,7.741935483870968e-05
DDPM,1800,ACGTAG,5.806451612903226e-05
DDPM,1800,ACGTAT,0.00011612903225806452
DDPM,1800,ACGTCA,0.00016774193548387096
DDPM,1800,ACGTCC,2.5806451612903226e-05
DDPM,1800,ACGTCG,0.00017419354838709678
DDPM,1800,ACGTCT,0.00014838709677419355
DDPM,1800,ACGTGA,0.00017419354838709678
DDPM,1800,ACGTGC,4.516129032258064e-05
DDPM,1800,ACGTGG,9.032258064516129e-05
DDPM,1800,ACGTGT,0.00012903225806451613
DDPM,1800,ACGTTA,0.00012903225806451613
DDPM,1800,ACGTTC,0.00016774193548387096
DDPM,1800,ACGTTG,0.00013548387096774193
DDPM,1800,ACGTTT,0.00023225806451612904
DDPM,1800,ACTAAA,0.000432258064516129
DDPM,1800,ACTAAC,0.00014193548387096775
DDPM,1800,ACTAAG,0.00013548387096774193
DDPM,1800,ACTAAT,0.00030967741935483873
DDPM,1800,ACTACA,0.0002064516129032258
DDPM,1800,ACTACC,0.00014838709677419355
DDPM,1800,ACTACG,9.032258064516129e-05
DDPM,1800,ACTACT,0.0001870967741935484
DDPM,1800,ACTAGA,0.00014838709677419355
DDPM,1800,ACTAGC,0.00011612903225806452
DDPM,1800,ACTAGG,8.387096774193548e-05
DDPM,1800,ACTAGT,0.00014838709677419355
DDPM,1800,ACTATA,0.00018064516129032257
DDPM,1800,ACTATC,0.00022580645161290321
DDPM,1800,ACTATG,0.0001225806451612903
DDPM,1800,ACTATT,0.0004
DDPM,1800,ACTCAA,0.0004967741935483871
DDPM,1800,ACTCAC,0.0003032258064516129
DDPM,1800,ACTCAG,0.0001870967741935484
DDPM,1800,ACTCAT,0.00034193548387096773
DDPM,1800,ACTCCA,0.00030967741935483873
DDPM,1800,ACTCCC,0.00010967741935483871
DDPM,1800,ACTCCG,0.00012903225806451613
DDPM,1800,ACTCCT,0.00025806451612903227
DDPM,1800,ACTCGA,0.00015483870967741937
DDPM,1800,ACTCGC,0.00012903225806451613
DDPM,1800,ACTCGG,0.0001032258064516129
DDPM,1800,ACTCGT,0.0002064516129032258
DDPM,1800,ACTCTA,0.0003225806451612903
DDPM,1800,ACTCTC,0.000632258064516129
DDPM,1800,ACTCTG,0.0002838709677419355
DDPM,1800,ACTCTT,0.0004064516129032258
DDPM,1800,ACTGAA,0.00023225806451612904
DDPM,1800,ACTGAC,0.0001032258064516129
DDPM,1800,ACTGAG,0.0001032258064516129
DDPM,1800,ACTGAT,0.0002
DDPM,1800,ACTGCA,6.451612903225807e-05
DDPM,1800,ACTGCC,6.451612903225807e-05
DDPM,1800,ACTGCG,4.516129032258064e-05
DDPM,1800,ACTGCT,0.00014838709677419355
DDPM,1800,ACTGGA,0.0001225806451612903
DDPM,1800,ACTGGC,1.935483870967742e-05
DDPM,1800,ACTGGG,5.806451612903226e-05
DDPM,1800,ACTGGT,8.387096774193548e-05
DDPM,1800,ACTGTA,0.0001225806451612903
DDPM,1800,ACTGTC,0.00013548387096774193
DDPM,1800,ACTGTG,9.67741935483871e-05
DDPM,1800,ACTGTT,0.00029032258064516127
DDPM,1800,ACTTAA,0.00043870967741935484
DDPM,1800,ACTTAC,0.00014193548387096775
DDPM,1800,ACTTAG,0.00017419354838709678
DDPM,1800,ACTTAT,0.0003032258064516129
DDPM,1800,ACTTCA,0.00044516129032258066
DDPM,1800,ACTTCC,0.00023870967741935483
DDPM,1800,ACTTCG,0.00016129032258064516
DDPM,1800,ACTTCT,0.0005161290322580645
DDPM,1800,ACTTGA,0.0002774193548387097
DDPM,1800,ACTTGC,7.741935483870968e-05
DDPM,1800,ACTTGG,0.00016774193548387096
DDPM,1800,ACTTGT,0.00029032258064516127
DDPM,1800,ACTTTA,0.00032903225806451614
DDPM,1800,ACTTTC,0.00043870967741935484
DDPM,1800,ACTTTG,0.0003548387096774194
DDPM,1800,ACTTTT,0.0007096774193548388
DDPM,1800,AGAAAA,0.0017096774193548388
DDPM,1800,AGAAAC,0.0005483870967741936
DDPM,1800,AGAAAG,0.0006709677419354838
DDPM,1800,AGAAAT,0.0006645161290322581
DDPM,1800,AGAACA,0.00023870967741935483
DDPM,1800,AGAACC,0.0002967741935483871
DDPM,1800,AGAACG,0.00014838709677419355
DDPM,1800,AGAACT,0.00027096774193548386
DDPM,1800,AGAAGA,0.001232258064516129
DDPM,1800,AGAAGC,0.0005290322580645162
DDPM,1800,AGAAGG,0.00023870967741935483
DDPM,1800,AGAAGT,0.0003032258064516129
DDPM,1800,AGAATA,0.00045161290322580643
DDPM,1800,AGAATC,0.0004967741935483871
DDPM,1800,AGAATG,0.00029032258064516127
DDPM,1800,AGAATT,0.0005096774193548387
DDPM,1800,AGACAA,0.00036129032258064514
DDPM,1800,AGACAC,0.00016774193548387096
DDPM,1800,AGACAG,0.00016774193548387096
DDPM,1800,AGACAT,0.0001870967741935484
DDPM,1800,AGACCA,0.0001870967741935484
DDPM,1800,AGACCC,6.451612903225807e-05
DDPM,1800,AGACCG,7.741935483870968e-05
DDPM,1800,AGACCT,0.0001032258064516129
DDPM,1800,AGACGA,0.00023225806451612904
DDPM,1800,AGACGC,3.870967741935484e-05
DDPM,1800,AGACGG,0.00012903225806451613
DDPM,1800,AGACGT,0.0001225806451612903
DDPM,1800,AGACTA,0.00023225806451612904
DDPM,1800,AGACTC,0.00023870967741935483
DDPM,1800,AGACTG,8.387096774193548e-05
DDPM,1800,AGACTT,0.00025161290322580645
DDPM,1800,AGAGAA,0.0008516129032258065
DDPM,1800,AGAGAC,0.00025161290322580645
DDPM,1800,AGAGAG,0.0005483870967741936
DDPM,1800,AGAGAT,0.0004838709677419355
DDPM,1800,AGAGCA,0.0001032258064516129
DDPM,1800,AGAGCC,0.00010967741935483871
DDPM,1800,AGAGCG,7.741935483870968e-05
DDPM,1800,AGAGCT,0.00029032258064516127
DDPM,1800,AGAGGA,0.0002774193548387097
DDPM,1800,AGAGGC,0.0001032258064516129
DDPM,1800,AGAGGG,0.00012903225806451613
DDPM,1800,AGAGGT,0.00013548387096774193
DDPM,1800,AGAGTA,0.0002
DDPM,1800,AGAGTC,0.0002064516129032258
DDPM,1800,AGAGTG,0.00016129032258064516
DDPM,1800,AGAGTT,0.00032903225806451614
DDPM,1800,AGATAA,0.00045806451612903225
DDPM,1800,AGATAC,0.0002451612903225806
DDPM,1800,AGATAG,0.00021290322580645163
DDPM,1800,AGATAT,0.00034838709677419355
DDPM,1800,AGATCA,0.00038064516129032255
DDPM,1800,AGATCC,0.0002645161290322581
DDPM,1800,AGATCG,0.0002451612903225806
DDPM,1800,AGATCT,0.0005096774193548387
DDPM,1800,AGATGA,0.0003354838709677419
DDPM,1800,AGATGC,0.0001225806451612903
DDPM,1800,AGATGG,0.0001870967741935484
DDPM,1800,AGATGT,0.00021290322580645163
DDPM,1800,AGATTA,0.0004
DDPM,1800,AGATTC,0.0005806451612903225
DDPM,1800,AGATTG,0.00025161290322580645
DDPM,1800,AGATTT,0.0007548387096774193
DDPM,1800,AGCAAA,0.0004903225806451613
DDPM,1800,AGCAAC,0.0002451612903225806
DDPM,1800,AGCAAG,0.00018064516129032257
DDPM,1800,AGCAAT,0.0002967741935483871
DDPM,1800,AGCACA,0.00014193548387096775
DDPM,1800,AGCACC,0.00013548387096774193
DDPM,1800,AGCACG,5.161290322580645e-05
DDPM,1800,AGCACT,8.387096774193548e-05
DDPM,1800,AGCAGA,0.00023225806451612904
DDPM,1800,AGCAGC,0.0002645161290322581
DDPM,1800,AGCAGG,7.096774193548388e-05
DDPM,1800,AGCAGT,0.00010967741935483871
DDPM,1800,AGCATA,0.00013548387096774193
DDPM,1800,AGCATC,0.0002
DDPM,1800,AGCATG,9.032258064516129e-05
DDPM,1800,AGCATT,0.00021290322580645163
DDPM,1800,AGCCAA,0.00023870967741935483
DDPM,1800,AGCCAC,0.00016774193548387096
DDPM,1800,AGCCAG,7.741935483870968e-05
DDPM,1800,AGCCAT,0.00016774193548387096
DDPM,1800,AGCCCA,0.00021935483870967742
DDPM,1800,AGCCCC,2.5806451612903226e-05
DDPM,1800,AGCCCG,5.806451612903226e-05
DDPM,1800,AGCCCT,8.387096774193548e-05
DDPM,1800,AGCCGA,0.00016129032258064516
DDPM,1800,AGCCGC,9.032258064516129e-05
DDPM,1800,AGCCGG,6.451612903225807e-05
DDPM,1800,AGCCGT,0.00014193548387096775
DDPM,1800,AGCCTA,5.806451612903226e-05
DDPM,1800,AGCCTC,0.0002
DDPM,1800,AGCCTG,3.870967741935484e-05
DDPM,1800,AGCCTT,0.0002
DDPM,1800,AGCGAA,0.0002
DDPM,1800,AGCGAC,9.67741935483871e-05
DDPM,1800,AGCGAG,0.00010967741935483871
DDPM,1800,AGCGAT,0.00016129032258064516
DDPM,1800,AGCGCA,6.451612903225807e-05
DDPM,1800,AGCGCC,6.451612903225807e-05
DDPM,1800,AGCGCG,3.2258064516129034e-05
DDPM,1800,AGCGCT,5.161290322580645e-05
DDPM,1800,AGCGGA,0.00010967741935483871
DDPM,1800,AGCGGC,5.806451612903226e-05
DDPM,1800,AGCGGG,1.2903225806451613e-05
DDPM,1800,AGCGGT,5.806451612903226e-05
DDPM,1800,AGCGTA,8.387096774193548e-05
DDPM,1800,AGCGTC,0.00013548387096774193
DDPM,1800,AGCGTG,8.387096774193548e-05
DDPM,1800,AGCGTT,0.00012903225806451613
DDPM,1800,AGCTAA,0.0003870967741935484
DDPM,1800,AGCTAC,0.0001870967741935484
DDPM,1800,AGCTAG,9.032258064516129e-05
DDPM,1800,AGCTAT,0.00022580645161290321
DDPM,1800,AGCTCA,0.00032903225806451614
DDPM,1800,AGCTCC,0.0002774193548387097
DDPM,1800,AGCTCG,0.00015483870967741937
DDPM,1800,AGCTCT,0.0004064516129032258
DDPM,1800,AGCTGA,0.0002064516129032258
DDPM,1800,AGCTGC,9.67741935483871e-05
DDPM,1800,AGCTGG,7.741935483870968e-05
DDPM,1800,AGCTGT,0.00014838709677419355
DDPM,1800,AGCTTA,0.00027096774193548386
DDPM,1800,AGCTTC,0.0005935483870967742
DDPM,1800,AGCTTG,0.00025806451612903227
DDPM,1800,AGCTTT,0.0004709677419354839
DDPM,1800,AGGAAA,0.0004064516129032258
DDPM,1800,AGGAAC,0.00011612903225806452
DDPM,1800,AGGAAG,0.00036129032258064514
DDPM,1800,AGGAAT,0.00018064516129032257
DDPM,1800,AGGACA,8.387096774193548e-05
DDPM,1800,AGGACC,0.00014838709677419355
DDPM,1800,AGGACG,7.741935483870968e-05
DDPM,1800,AGGACT,7.096774193548388e-05
DDPM,1800,AGGAGA,0.00034838709677419355
DDPM,1800,AGGAGC,0.00011612903225806452
DDPM,1800,AGGAGG,0.00022580645161290321
DDPM,1800,AGGAGT,9.67741935483871e-05
DDPM,1800,AGGATA,0.00014193548387096775
DDPM,1800,AGGATC,0.0002064516129032258
DDPM,1800,AGGATG,0.00014193548387096775
DDPM,1800,AGGATT,0.0002967741935483871
DDPM,1800,AGGCAA,0.0002
DDPM,1800,AGGCAC,5.806451612903226e-05
DDPM,1800,AGGCAG,3.2258064516129034e-05
DDPM,1800,AGGCAT,7.096774193548388e-05
DDPM,1800,AGGCCA,8.387096774193548e-05
DDPM,1800,AGGCCC,9.67741935483871e-05
DDPM,1800,AGGCCG,4.516129032258064e-05
DDPM,1800,AGGCCT,8.387096774193548e-05
DDPM,1800,AGGCGA,7.096774193548388e-05
DDPM,1800,AGGCGC,1.935483870967742e-05
DDPM,1800,AGGCGG,0.0001032258064516129
DDPM,1800,AGGCGT,5.161290322580645e-05
DDPM,1800,AGGCTA,9.032258064516129e-05
DDPM,1800,AGGCTC,9.032258064516129e-05
DDPM,1800,AGGCTG,3.870967741935484e-05
DDPM,1800,AGGCTT,0.00018064516129032257
DDPM,1800,AGGGAA,0.00017419354838709678
DDPM,1800,AGGGAC,3.2258064516129034e-05
DDPM,1800,AGGGAG,8.387096774193548e-05
DDPM,1800,AGGGAT,0.00014838709677419355
DDPM,1800,AGGGCA,5.806451612903226e-05
DDPM,1800,AGGGCC,4.516129032258064e-05
DDPM,1800,AGGGCG,1.2903225806451613e-05
DDPM,1800,AGGGCT,0.00010967741935483871
DDPM,1800,AGGGGA,5.161290322580645e-05
DDPM,1800,AGGGGC,2.5806451612903226e-05
DDPM,1800,AGGGGG,6.451612903225806e-06
DDPM,1800,AGGGGT,7.096774193548388e-05
DDPM,1800,AGGGTA,5.161290322580645e-05
DDPM,1800,AGGGTC,5.161290322580645e-05
DDPM,1800,AGGGTG,4.516129032258064e-05
DDPM,1800,AGGGTT,0.0002
DDPM,1800,AGGTAA,0.0002
DDPM,1800,AGGTAC,7.741935483870968e-05
DDPM,1800,AGGTAG,5.161290322580645e-05
DDPM,1800,AGGTAT,9.032258064516129e-05
DDPM,1800,AGGTCA,9.032258064516129e-05
DDPM,1800,AGGTCC,7.741935483870968e-05
DDPM,1800,AGGTCG,8.387096774193548e-05
DDPM,1800,AGGTCT,9.032258064516129e-05
DDPM,1800,AGGTGA,0.00014838709677419355
DDPM,1800,AGGTGC,4.516129032258064e-05
DDPM,1800,AGGTGG,9.032258064516129e-05
DDPM,1800,AGGTGT,7.741935483870968e-05
DDPM,1800,AGGTTA,0.00014838709677419355
DDPM,1800,AGGTTC,0.00022580645161290321
DDPM,1800,AGGTTG,0.0001032258064516129
DDPM,1800,AGGTTT,0.00036774193548387097
DDPM,1800,AGTAAA,0.0004
DDPM,1800,AGTAAC,0.00022580645161290321
DDPM,1800,AGTAAG,0.00013548387096774193
DDPM,1800,AGTAAT,0.0002645161290322581
DDPM,1800,AGTACA,9.032258064516129e-05
DDPM,1800,AGTACC,7.096774193548388e-05
DDPM,1800,AGTACG,5.161290322580645e-05
DDPM,1800,AGTACT,6.451612903225807e-05
DDPM,1800,AGTAGA,0.00016129032258064516
DDPM,1800,AGTAGC,7.741935483870968e-05
DDPM,1800,AGTAGG,5.806451612903226e-05
DDPM,1800,AGTAGT,0.00011612903225806452
DDPM,1800,AGTATA,0.0002
DDPM,1800,AGTATC,0.0002451612903225806
DDPM,1800,AGTATG,0.00010967741935483871
DDPM,1800,AGTATT,0.00023225806451612904
DDPM,1800,AGTCAA,0.0003354838709677419
DDPM,1800,AGTCAC,0.00014193548387096775
DDPM,1800,AGTCAG,0.00015483870967741937
DDPM,1800,AGTCAT,0.00018064516129032257
DDPM,1800,AGTCCA,0.00014838709677419355
DDPM,1800,AGTCCC,9.67741935483871e-05
DDPM,1800,AGTCCG,6.451612903225807e-05
DDPM,1800,AGTCCT,0.00010967741935483871
DDPM,1800,AGTCGA,0.0002064516129032258
DDPM,1800,AGTCGC,0.00011612903225806452
DDPM,1800,AGTCGG,9.032258064516129e-05
DDPM,1800,AGTCGT,0.0001225806451612903
DDPM,1800,AGTCTA,0.00014838709677419355
DDPM,1800,AGTCTC,0.00021290322580645163
DDPM,1800,AGTCTG,0.00013548387096774193
DDPM,1800,AGTCTT,0.0002967741935483871
DDPM,1800,AGTGAA,0.00021290322580645163
DDPM,1800,AGTGAC,0.00010967741935483871
DDPM,1800,AGTGAG,0.00011612903225806452
DDPM,1800,AGTGAT,0.0001870967741935484
DDPM,1800,AGTGCA,5.806451612903226e-05
DDPM,1800,AGTGCC,3.2258064516129034e-05
DDPM,1800,AGTGCG,4.516129032258064e-05
DDPM,1800,AGTGCT,9.67741935483871e-05
DDPM,1800,AGTGGA,0.0001225806451612903
DDPM,1800,AGTGGC,7.096774193548388e-05
DDPM,1800,AGTGGG,7.741935483870968e-05
DDPM,1800,AGTGGT,0.0001032258064516129
DDPM,1800,AGTGTA,0.00017419354838709678
DDPM,1800,AGTGTC,0.00016129032258064516
DDPM,1800,AGTGTG,7.741935483870968e-05
DDPM,1800,AGTGTT,0.0002774193548387097
DDPM,1800,AGTTAA,0.00018064516129032257
DDPM,1800,AGTTAC,0.00016774193548387096
DDPM,1800,AGTTAG,0.00016774193548387096
DDPM,1800,AGTTAT,0.0003548387096774194
DDPM,1800,AGTTCA,0.00025161290322580645
DDPM,1800,AGTTCC,0.00018064516129032257
DDPM,1800,AGTTCG,0.00016774193548387096
DDPM,1800,AGTTCT,0.00032903225806451614
DDPM,1800,AGTTGA,0.00025806451612903227
DDPM,1800,AGTTGC,8.387096774193548e-05
DDPM,1800,AGTTGG,0.00016129032258064516
DDPM,1800,AGTTGT,0.0002645161290322581
DDPM,1800,AGTTTA,0.0003935483870967742
DDPM,1800,AGTTTC,0.000567741935483871
DDPM,1800,AGTTTG,0.0002838709677419355
DDPM,1800,AGTTTT,0.0009354838709677419
DDPM,1800,ATAAAA,0.001238709677419355
DDPM,1800,ATAAAC,0.0005290322580645162
DDPM,1800,ATAAAG,0.0003870967741935484
DDPM,1800,ATAAAT,0.0008387096774193549
DDPM,1800,ATAACA,0.00032903225806451614
DDPM,1800,ATAACC,0.0003161290322580645
DDPM,1800,ATAACG,0.00013548387096774193
DDPM,1800,ATAACT,0.0002645161290322581
DDPM,1800,ATAAGA,0.0004903225806451613
DDPM,1800,ATAAGC,0.0001935483870967742
DDPM,1800,ATAAGG,0.0001225806451612903
DDPM,1800,ATAAGT,0.00030967741935483873
DDPM,1800,ATAATA,0.0007032258064516129
DDPM,1800,ATAATC,0.00041935483870967743
DDPM,1800,ATAATG,0.0003354838709677419
DDPM,1800,ATAATT,0.0007354838709677419
DDPM,1800,ATACAA,0.00047741935483870966
DDPM,1800,ATACAC,0.0002645161290322581
DDPM,1800,ATACAG,0.00013548387096774193
DDPM,1800,ATACAT,0.00034193548387096773
DDPM,1800,ATACCA,0.00018064516129032257
DDPM,1800,ATACCC,0.0001225806451612903
DDPM,1800,ATACCG,7.741935483870968e-05
DDPM,1800,ATACCT,0.0001870967741935484
DDPM,1800,ATACGA,0.0001935483870967742
DDPM,1800,ATACGC,7.741935483870968e-05
DDPM,1800,ATACGG,6.451612903225807e-05
DDPM,1800,ATACGT,0.00014838709677419355
DDPM,1800,ATACTA,0.00025806451612903227
DDPM,1800,ATACTC,0.0002451612903225806
DDPM,1800,ATACTG,0.00013548387096774193
DDPM,1800,ATACTT,0.0002838709677419355
DDPM,1800,ATAGAA,0.0003870967741935484
DDPM,1800,ATAGAC,0.00012903225806451613
DDPM,1800,ATAGAG,0.00023870967741935483
DDPM,1800,ATAGAT,0.0002645161290322581
DDPM,1800,ATAGCA,0.00014838709677419355
DDPM,1800,ATAGCC,7.741935483870968e-05
DDPM,1800,ATAGCG,7.096774193548388e-05
DDPM,1800,ATAGCT,0.00018064516129032257
DDPM,1800,ATAGGA,0.00016129032258064516
DDPM,1800,ATAGGC,7.096774193548388e-05
DDPM,1800,ATAGGG,9.67741935483871e-05
DDPM,1800,ATAGGT,0.00016774193548387096
DDPM,1800,ATAGTA,0.00015483870967741937
DDPM,1800,ATAGTC,0.00016129032258064516
DDPM,1800,ATAGTG,0.00012903225806451613
DDPM,1800,ATAGTT,0.00036129032258064514
DDPM,1800,ATATAA,0.0006903225806451613
DDPM,1800,ATATAC,0.00029032258064516127
DDPM,1800,ATATAG,0.00025806451612903227
DDPM,1800,ATATAT,0.0006129032258064516
DDPM,1800,ATATCA,0.0003935483870967742
DDPM,1800,ATATCC,0.00015483870967741937
DDPM,1800,ATATCG,0.00016774193548387096
DDPM,1800,ATATCT,0.0005032258064516129
DDPM,1800,ATATGA,0.0003225806451612903
DDPM,1800,ATATGC,9.032258064516129e-05
DDPM,1800,ATATGG,0.00023225806451612904
DDPM,1800,ATATGT,0.00021935483870967742
DDPM,1800,ATATTA,0.0005419354838709677
DDPM,1800,ATATTC,0.00042580645161290325
DDPM,1800,ATATTG,0.00032903225806451614
DDPM,1800,ATATTT,0.0008258064516129032
DDPM,1800,ATCAAA,0.0010516129032258064
DDPM,1800,ATCAAC,0.0004
DDPM,1800,ATCAAG,0.00023225806451612904
DDPM,1800,ATCAAT,0.0006580645161290323
DDPM,1800,ATCACA,0.0004064516129032258
DDPM,1800,ATCACC,0.00029032258064516127
DDPM,1800,ATCACG,0.00014838709677419355
DDPM,1800,ATCACT,0.000432258064516129
DDPM,1800,ATCAGA,0.0003741935483870968
DDPM,1800,ATCAGC,0.0001870967741935484
DDPM,1800,ATCAGG,9.032258064516129e-05
DDPM,1800,ATCAGT,0.00023225806451612904
DDPM,1800,ATCATA,0.00032903225806451614
DDPM,1800,ATCATC,0.0006903225806451613
DDPM,1800,ATCATG,0.00021290322580645163
DDPM,1800,ATCATT,0.0004838709677419355
DDPM,1800,ATCCAA,0.0006064516129032258
DDPM,1800,ATCCAC,0.00025161290322580645
DDPM,1800,ATCCAG,0.0002
DDPM,1800,ATCCAT,0.0003032258064516129
DDPM,1800,ATCCCA,0.0001870967741935484
DDPM,1800,ATCCCC,8.387096774193548e-05
DDPM,1800,ATCCCG,7.096774193548388e-05
DDPM,1800,ATCCCT,0.00025806451612903227
DDPM,1800,ATCCGA,0.0003161290322580645
DDPM,1800,ATCCGC,0.0001225806451612903
DDPM,1800,ATCCGG,0.00012903225806451613
DDPM,1800,ATCCGT,0.00023870967741935483
DDPM,1800,ATCCTA,0.00021290322580645163
DDPM,1800,ATCCTC,0.0004
DDPM,1800,ATCCTG,8.387096774193548e-05
DDPM,1800,ATCCTT,0.00034838709677419355
DDPM,1800,ATCGAA,0.0003935483870967742
DDPM,1800,ATCGAC,0.0002
DDPM,1800,ATCGAG,0.00016774193548387096
DDPM,1800,ATCGAT,0.0004129032258064516
DDPM,1800,ATCGCA,0.00015483870967741937
DDPM,1800,ATCGCC,0.0001870967741935484
DDPM,1800,ATCGCG,8.387096774193548e-05
DDPM,1800,ATCGCT,0.00018064516129032257
DDPM,1800,ATCGGA,0.0002774193548387097
DDPM,1800,ATCGGC,0.00012903225806451613
DDPM,1800,ATCGGG,3.870967741935484e-05
DDPM,1800,ATCGGT,0.00014838709677419355
DDPM,1800,ATCGTA,0.00018064516129032257
DDPM,1800,ATCGTC,0.0002774193548387097
DDPM,1800,ATCGTG,0.00014838709677419355
DDPM,1800,ATCGTT,0.0002774193548387097
DDPM,1800,ATCTAA,0.00045161290322580643
DDPM,1800,ATCTAC,0.00027096774193548386
DDPM,1800,ATCTAG,0.00021290322580645163
DDPM,1800,ATCTAT,0.0003935483870967742
DDPM,1800,ATCTCA,0.0005870967741935484
DDPM,1800,ATCTCC,0.0005806451612903225
DDPM,1800,ATCTCG,0.00029032258064516127
DDPM,1800,ATCTCT,0.0011548387096774193
DDPM,1800,ATCTGA,0.00046451612903225807
DDPM,1800,ATCTGC,0.00023225806451612904
DDPM,1800,ATCTGG,0.0002064516129032258
DDPM,1800,ATCTGT,0.00034838709677419355
DDPM,1800,ATCTTA,0.00046451612903225807
DDPM,1800,ATCTTC,0.0012064516129032259
DDPM,1800,ATCTTG,0.0003935483870967742
DDPM,1800,ATCTTT,0.0008258064516129032
DDPM,1800,ATGAAA,0.0006064516129032258
DDPM,1800,ATGAAC,0.00023225806451612904
DDPM,1800,ATGAAG,0.0003741935483870968
DDPM,1800,ATGAAT,0.00038064516129032255
DDPM,1800,ATGACA,0.0001935483870967742
DDPM,1800,ATGACC,0.00014838709677419355
DDPM,1800,ATGACG,0.00018064516129032257
DDPM,1800,ATGACT,0.00016129032258064516
DDPM,1800,ATGAGA,0.00025161290322580645
DDPM,1800,ATGAGC,8.387096774193548e-05
DDPM,1800,ATGAGG,0.0001225806451612903
DDPM,1800,ATGAGT,0.00016774193548387096
DDPM,1800,ATGATA,0.0002451612903225806
DDPM,1800,ATGATC,0.00036129032258064514
DDPM,1800,ATGATG,0.00032903225806451614
DDPM,1800,ATGATT,0.00034193548387096773
DDPM,1800,ATGCAA,0.00016129032258064516
DDPM,1800,ATGCAC,4.516129032258064e-05
DDPM,1800,ATGCAG,9.67741935483871e-05
DDPM,1800,ATGCAT,0.0001225806451612903
DDPM,1800,ATGCCA,9.67741935483871e-05
DDPM,1800,ATGCCC,6.451612903225807e-05
DDPM,1800,ATGCCG,4.516129032258064e-05
DDPM,1800,ATGCCT,0.00010967741935483871
DDPM,1800,ATGCGA,2.5806451612903226e-05
DDPM,1800,ATGCGC,3.870967741935484e-05
DDPM,1800,ATGCGG,5.161290322580645e-05
DDPM,1800,ATGCGT,5.806451612903226e-05
DDPM,1800,ATGCTA,7.741935483870968e-05
DDPM,1800,ATGCTC,0.00016774193548387096
DDPM,1800,ATGCTG,9.67741935483871e-05
DDPM,1800,ATGCTT,0.0002967741935483871
DDPM,1800,ATGGAA,0.0003741935483870968
DDPM,1800,ATGGAC,0.00011612903225806452
DDPM,1800,ATGGAG,0.00025806451612903227
DDPM,1800,ATGGAT,0.0002967741935483871
DDPM,1800,ATGGCA,0.0002
DDPM,1800,ATGGCC,0.00011612903225806452
DDPM,1800,ATGGCG,0.0002064516129032258
DDPM,1800,ATGGCT,0.00027096774193548386
DDPM,1800,ATGGGA,0.00016129032258064516
DDPM,1800,ATGGGC,0.00010967741935483871
DDPM,1800,ATGGGG,7.741935483870968e-05
DDPM,1800,ATGGGT,0.0001935483870967742
DDPM,1800,ATGGTA,0.00014193548387096775
DDPM,1800,ATGGTC,0.00012903225806451613
DDPM,1800,ATGGTG,0.00016774193548387096
DDPM,1800,ATGGTT,0.0003741935483870968
DDPM,1800,ATGTAA,0.0003354838709677419
DDPM,1800,ATGTAC,9.67741935483871e-05
DDPM,1800,ATGTAG,0.00014838709677419355
DDPM,1800,ATGTAT,0.0002064516129032258
DDPM,1800,ATGTCA,0.0002774193548387097
DDPM,1800,ATGTCC,0.00014838709677419355
DDPM,1800,ATGTCG,9.032258064516129e-05
DDPM,1800,ATGTCT,0.00015483870967741937
DDPM,1800,ATGTGA,0.00021290322580645163
DDPM,1800,ATGTGC,3.870967741935484e-05
DDPM,1800,ATGTGG,0.0002
DDPM,1800,ATGTGT,0.0002064516129032258
DDPM,1800,ATGTTA,0.00032903225806451614
DDPM,1800,ATGTTC,0.0002967741935483871
DDPM,1800,ATGTTG,0.00027096774193548386
DDPM,1800,ATGTTT,0.0005096774193548387
DDPM,1800,ATTAAA,0.000967741935483871
DDPM,1800,ATTAAC,0.00036774193548387097
DDPM,1800,ATTAAG,0.0002645161290322581
DDPM,1800,ATTAAT,0.0007032258064516129
DDPM,1800,ATTACA,0.0003225806451612903
DDPM,1800,ATTACC,0.0002064516129032258
DDPM,1800,ATTACG,0.00017419354838709678
DDPM,1800,ATTACT,0.0003741935483870968
DDPM,1800,ATTAGA,0.00042580645161290325
DDPM,1800,ATTAGC,0.00016774193548387096
DDPM,1800,ATTAGG,0.0001870967741935484
DDPM,1800,ATTAGT,0.0002451612903225806
DDPM,1800,ATTATA,0.0006774193548387097
DDPM,1800,ATTATC,0.0003935483870967742
DDPM,1800,ATTATG,0.00021935483870967742
DDPM,1800,ATTATT,0.0007290322580645162
DDPM,1800,ATTCAA,0.000632258064516129
DDPM,1800,ATTCAC,0.0002967741935483871
DDPM,1800,ATTCAG,0.0003161290322580645
DDPM,1800,ATTCAT,0.0005741935483870968
DDPM,1800,ATTCCA,0.00034193548387096773
DDPM,1800,ATTCCC,0.00023225806451612904
DDPM,1800,ATTCCG,0.00010967741935483871
DDPM,1800,ATTCCT,0.0002967741935483871
DDPM,1800,ATTCGA,0.0003741935483870968
DDPM,1800,ATTCGC,0.00014193548387096775
DDPM,1800,ATTCGG,0.00014193548387096775
DDPM,1800,ATTCGT,0.0002838709677419355
DDPM,1800,ATTCTA,0.0004129032258064516
DDPM,1800,ATTCTC,0.0009612903225806452
DDPM,1800,ATTCTG,0.00030967741935483873
DDPM,1800,ATTCTT,0.0007935483870967742
DDPM,1800,ATTGAA,0.00045806451612903225
DDPM,1800,ATTGAC,0.0002774193548387097
DDPM,1800,ATTGAG,0.00029032258064516127
DDPM,1800,ATTGAT,0.0005290322580645162
DDPM,1800,ATTGCA,0.00014838709677419355
DDPM,1800,ATTGCC,0.00014193548387096775
DDPM,1800,ATTGCG,5.806451612903226e-05
DDPM,1800,ATTGCT,0.0002838709677419355
DDPM,1800,ATTGGA,0.00025806451612903227
DDPM,1800,ATTGGC,0.00017419354838709678
DDPM,1800,ATTGGG,0.00016774193548387096
DDPM,1800,ATTGGT,0.0002451612903225806
DDPM,1800,ATTGTA,0.0002774193548387097
DDPM,1800,ATTGTC,0.00025806451612903227
DDPM,1800,ATTGTG,0.0002838709677419355
DDPM,1800,ATTGTT,0.0006
DDPM,1800,ATTTAA,0.000632258064516129
DDPM,1800,ATTTAC,0.00041935483870967743
DDPM,1800,ATTTAG,0.00036129032258064514
DDPM,1800,ATTTAT,0.000767741935483871
DDPM,1800,ATTTCA,0.0007483870967741936
DDPM,1800,ATTTCC,0.00043870967741935484
DDPM,1800,ATTTCG,0.00032903225806451614
DDPM,1800,ATTTCT,0.0012451612903225807
DDPM,1800,ATTTGA,0.0006709677419354838
DDPM,1800,ATTTGC,0.00043870967741935484
DDPM,1800,ATTTGG,0.0005032258064516129
DDPM,1800,ATTTGT,0.0006258064516129032
DDPM,1800,ATTTTA,0.0008838709677419354
DDPM,1800,ATTTTC,0.0009741935483870967
DDPM,1800,ATTTTG,0.000864516129032258
DDPM,1800,ATTTTT,0.0018838709677419356
DDPM,1800,CAAAAA,0.0018129032258064517
DDPM,1800,CAAAAC,0.0008
DDPM,1800,CAAAAG,0.0005870967741935484
DDPM,1800,CAAAAT,0.0009935483870967743
DDPM,1800,CAAACA,0.0006580645161290323
DDPM,1800,CAAACC,0.0004838709677419355
DDPM,1800,CAAACG,0.0002451612903225806
DDPM,1800,CAAACT,0.0003161290322580645
DDPM,1800,CAAAGA,0.0005806451612903225
DDPM,1800,CAAAGC,0.0003935483870967742
DDPM,1800,CAAAGG,0.00022580645161290321
DDPM,1800,CAAAGT,0.00045806451612903225
DDPM,1800,CAAATA,0.0005935483870967742
DDPM,1800,CAAATC,0.0006193548387096775
DDPM,1800,CAAATG,0.0003225806451612903
DDPM,1800,CAAATT,0.0007225806451612903
DDPM,1800,CAACAA,0.0006774193548387097
DDPM,1800,CAACAC,0.0003354838709677419
DDPM,1800,CAACAG,0.0001935483870967742
DDPM,1800,CAACAT,0.00036129032258064514
DDPM,1800,CAACCA,0.0004709677419354839
DDPM,1800,CAACCC,0.00018064516129032257
DDPM,1800,CAACCG,0.0001935483870967742
DDPM,1800,CAACCT,0.00017419354838709678
DDPM,1800,CAACGA,0.0003354838709677419
DDPM,1800,CAACGC,0.00016129032258064516
DDPM,1800,CAACGG,0.0001935483870967742
DDPM,1800,CAACGT,0.00017419354838709678
DDPM,1800,CAACTA,0.00023870967741935483
DDPM,1800,CAACTC,0.000432258064516129
DDPM,1800,CAACTG,0.00015483870967741937
DDPM,1800,CAACTT,0.00036129032258064514
DDPM,1800,CAAGAA,0.0006129032258064516
DDPM,1800,CAAGAC,0.00022580645161290321
DDPM,1800,CAAGAG,0.00029032258064516127
DDPM,1800,CAAGAT,0.0003935483870967742
DDPM,1800,CAAGCA,0.00025806451612903227
DDPM,1800,CAAGCC,0.00018064516129032257
DDPM,1800,CAAGCG,0.00010967741935483871
DDPM,1800,CAAGCT,0.0002967741935483871
DDPM,1800,CAAGGA,0.00017419354838709678
DDPM,1800,CAAGGC,0.0001032258064516129
DDPM,1800,CAAGGG,5.161290322580645e-05
DDPM,1800,CAAGGT,0.00016774193548387096
DDPM,1800,CAAGTA,0.00013548387096774193
DDPM,1800,CAAGTC,0.0002064516129032258
DDPM,1800,CAAGTG,0.00010967741935483871
DDPM,1800,CAAGTT,0.00029032258064516127
DDPM,1800,CAATAA,0.0006451612903225806
DDPM,1800,CAATAC,0.00023225806451612904
DDPM,1800,CAATAG,0.00016129032258064516
DDPM,1800,CAATAT,0.00036129032258064514
DDPM,1800,CAATCA,0.000432258064516129
DDPM,1800,CAATCC,0.0003354838709677419
DDPM,1800,CAATCG,0.00027096774193548386
DDPM,1800,CAATCT,0.0005870967741935484
DDPM,1800,CAATGA,0.0003032258064516129
DDPM,1800,CAATGC,0.00011612903225806452
DDPM,1800,CAATGG,0.00030967741935483873
DDPM,1800,CAATGT,0.0002645161290322581
DDPM,1800,CAATTA,0.0005032258064516129
DDPM,1800,CAATTC,0.000432258064516129
DDPM,1800,CAATTG,0.0002967741935483871
DDPM,1800,CAATTT,0.0010193548387096773
DDPM,1800,CACAAA,0.000632258064516129
DDPM,1800,CACAAC,0.0003032258064516129
DDPM,1800,CACAAG,0.00022580645161290321
DDPM,1800,CACAAT,0.00045161290322580643
DDPM,1800,CACACA,0.0002967741935483871
DDPM,1800,CACACC,0.0001870967741935484
DDPM,1800,CACACG,0.0001225806451612903
DDPM,1800,CACACT,0.00023870967741935483
DDPM,1800,CACAGA,0.00025806451612903227
DDPM,1800,CACAGC,7.096774193548388e-05
DDPM,1800,CACAGG,8.387096774193548e-05
DDPM,1800,CACAGT,0.00011612903225806452
DDPM,1800,CACATA,0.00014838709677419355
DDPM,1800,CACATC,0.00023225806451612904
DDPM,1800,CACATG,0.00012903225806451613
DDPM,1800,CACATT,0.0002774193548387097
DDPM,1800,CACCAA,0.0004
DDPM,1800,CACCAC,0.0003161290322580645
DDPM,1800,CACCAG,0.00023225806451612904
DDPM,1800,CACCAT,0.0002967741935483871
DDPM,1800,CACCCA,0.00013548387096774193
DDPM,1800,CACCCC,5.161290322580645e-05
DDPM,1800,CACCCG,9.032258064516129e-05
DDPM,1800,CACCCT,0.00014193548387096775
DDPM,1800,CACCGA,0.0002774193548387097
DDPM,1800,CACCGC,0.00017419354838709678
DDPM,1800,CACCGG,0.0001935483870967742
DDPM,1800,CACCGT,0.0002645161290322581
DDPM,1800,CACCTA,0.00011612903225806452
DDPM,1800,CACCTC,0.0004
DDPM,1800,CACCTG,8.387096774193548e-05
DDPM,1800,CACCTT,0.00027096774193548386
DDPM,1800,CACGAA,0.0002064516129032258
DDPM,1800,CACGAC,7.741935483870968e-05
DDPM,1800,CACGAG,0.00010967741935483871
DDPM,1800,CACGAT,0.00011612903225806452
DDPM,1800,CACGCA,6.451612903225807e-05
DDPM,1800,CACGCC,9.67741935483871e-05
DDPM,1800,CACGCG,5.161290322580645e-05
DDPM,1800,CACGCT,0.0001225806451612903
DDPM,1800,CACGGA,7.096774193548388e-05
DDPM,1800,CACGGC,0.00014193548387096775
DDPM,1800,CACGGG,3.870967741935484e-05
DDPM,1800,CACGGT,8.387096774193548e-05
DDPM,1800,CACGTA,7.096774193548388e-05
DDPM,1800,CACGTC,0.00013548387096774193
DDPM,1800,CACGTG,0.00014193548387096775
DDPM,1800,CACGTT,0.00011612903225806452
DDPM,1800,CACTAA,0.0002064516129032258
DDPM,1800,CACTAC,0.00016774193548387096
DDPM,1800,CACTAG,0.0001225806451612903
DDPM,1800,CACTAT,0.00025806451612903227
DDPM,1800,CACTCA,0.0003161290322580645
DDPM,1800,CACTCC,0.00016129032258064516
DDPM,1800,CACTCG,0.00016129032258064516
DDPM,1800,CACTCT,0.00036129032258064514
DDPM,1800,CACTGA,0.00016129032258064516
DDPM,1800,CACTGC,9.67741935483871e-05
DDPM,1800,CACTGG,5.806451612903226e-05
DDPM,1800,CACTGT,0.0002064516129032258
DDPM,1800,CACTTA,0.00025161290322580645
DDPM,1800,CACTTC,0.0002967741935483871
DDPM,1800,CACTTG,0.00017419354838709678
DDPM,1800,CACTTT,0.0004
DDPM,1800,CAGAAA,0.0005419354838709677
DDPM,1800,CAGAAC,0.0001935483870967742
DDPM,1800,CAGAAG,0.0003548387096774194
DDPM,1800,CAGAAT,0.00023870967741935483
DDPM,1800,CAGACA,0.00013548387096774193
DDPM,1800,CAGACC,8.387096774193548e-05
DDPM,1800,CAGACG,9.67741935483871e-05
DDPM,1800,CAGACT,0.00014193548387096775
DDPM,1800,CAGAGA,0.0003548387096774194
DDPM,1800,CAGAGC,0.00016129032258064516
DDPM,1800,CAGAGG,0.0001225806451612903
DDPM,1800,CAGAGT,0.0001870967741935484
DDPM,1800,CAGATA,0.0002967741935483871
DDPM,1800,CAGATC,0.00029032258064516127
DDPM,1800,CAGATG,0.00013548387096774193
DDPM,1800,CAGATT,0.0003741935483870968
DDPM,1800,CAGCAA,0.00027096774193548386
DDPM,1800,CAGCAC,9.032258064516129e-05
DDPM,1800,CAGCAG,0.0002
DDPM,1800,CAGCAT,0.00010967741935483871
DDPM,1800,CAGCCA,7.741935483870968e-05
DDPM,1800,CAGCCC,5.806451612903226e-05
DDPM,1800,CAGCCG,0.00013548387096774193
DDPM,1800,CAGCCT,0.00011612903225806452
DDPM,1800,CAGCGA,0.00022580645161290321
DDPM,1800,CAGCGC,5.806451612903226e-05
DDPM,1800,CAGCGG,6.451612903225807e-05
DDPM,1800,CAGCGT,9.032258064516129e-05
DDPM,1800,CAGCTA,0.00018064516129032257
DDPM,1800,CAGCTC,0.00023870967741935483
DDPM,1800,CAGCTG,0.0001032258064516129
DDPM,1800,CAGCTT,0.0001935483870967742
DDPM,1800,CAGGAA,0.0001225806451612903
DDPM,1800,CAGGAC,7.741935483870968e-05
DDPM,1800,CAGGAG,0.00010967741935483871
DDPM,1800,CAGGAT,7.741935483870968e-05
DDPM,1800,CAGGCA,7.096774193548388e-05
DDPM,1800,CAGGCC,2.5806451612903226e-05
DDPM,1800,CAGGCG,3.870967741935484e-05
DDPM,1800,CAGGCT,7.096774193548388e-05
DDPM,1800,CAGGGA,5.161290322580645e-05
DDPM,1800,CAGGGC,1.935483870967742e-05
DDPM,1800,CAGGGG,1.935483870967742e-05
DDPM,1800,CAGGGT,1.935483870967742e-05
DDPM,1800,CAGGTA,7.096774193548388e-05
DDPM,1800,CAGGTC,3.2258064516129034e-05
DDPM,1800,CAGGTG,0.00010967741935483871
DDPM,1800,CAGGTT,0.00015483870967741937
DDPM,1800,CAGTAA,0.00018064516129032257
DDPM,1800,CAGTAC,7.096774193548388e-05
DDPM,1800,CAGTAG,5.806451612903226e-05
DDPM,1800,CAGTAT,0.00012903225806451613
DDPM,1800,CAGTCA,0.00011612903225806452
DDPM,1800,CAGTCC,0.00010967741935483871
DDPM,1800,CAGTCG,0.00012903225806451613
DDPM,1800,CAGTCT,0.0001032258064516129
DDPM,1800,CAGTGA,0.00014838709677419355
DDPM,1800,CAGTGC,4.516129032258064e-05
DDPM,1800,CAGTGG,9.032258064516129e-05
DDPM,1800,CAGTGT,0.00012903225806451613
DDPM,1800,CAGTTA,0.00012903225806451613
DDPM,1800,CAGTTC,0.00010967741935483871
DDPM,1800,CAGTTG,0.0001225806451612903
DDPM,1800,CAGTTT,0.00038064516129032255
DDPM,1800,CATAAA,0.000432258064516129
DDPM,1800,CATAAC,0.0002451612903225806
DDPM,1800,CATAAG,0.00015483870967741937
DDPM,1800,CATAAT,0.00036129032258064514
DDPM,1800,CATACA,0.00027096774193548386
DDPM,1800,CATACC,9.032258064516129e-05
DDPM,1800,CATACG,0.0001032258064516129
DDPM,1800,CATACT,0.00014838709677419355
DDPM,1800,CATAGA,0.00015483870967741937
DDPM,1800,CATAGC,7.741935483870968e-05
DDPM,1800,CATAGG,8.387096774193548e-05
DDPM,1800,CATAGT,0.00012903225806451613
DDPM,1800,CATATA,0.00025806451612903227
DDPM,1800,CATATC,0.0002451612903225806
DDPM,1800,CATATG,0.00015483870967741937
DDPM,1800,CATATT,0.0003935483870967742
DDPM,1800,CATCAA,0.000567741935483871
DDPM,1800,CATCAC,0.0002774193548387097
DDPM,1800,CATCAG,0.00017419354838709678
DDPM,1800,CATCAT,0.00045806451612903225
DDPM,1800,CATCCA,0.00022580645161290321
DDPM,1800,CATCCC,9.032258064516129e-05
DDPM,1800,CATCCG,0.00021935483870967742
DDPM,1800,CATCCT,0.00027096774193548386
DDPM,1800,CATCGA,0.0003032258064516129
DDPM,1800,CATCGC,0.0001870967741935484
DDPM,1800,CATCGG,0.0001225806451612903
DDPM,1800,CATCGT,0.00027096774193548386
DDPM,1800,CATCTA,0.0002967741935483871
DDPM,1800,CATCTC,0.0006580645161290323
DDPM,1800,CATCTG,0.00016129032258064516
DDPM,1800,CATCTT,0.000767741935483871
DDPM,1800,CATGAA,0.00023225806451612904
DDPM,1800,CATGAC,0.00012903225806451613
DDPM,1800,CATGAG,0.00013548387096774193
DDPM,1800,CATGAT,0.0001935483870967742
DDPM,1800,CATGCA,5.806451612903226e-05
DDPM,1800,CATGCC,5.161290322580645e-05
DDPM,1800,CATGCG,3.2258064516129034e-05
DDPM,1800,CATGCT,9.67741935483871e-05
DDPM,1800,CATGGA,0.00014838709677419355
DDPM,1800,CATGGC,0.0001935483870967742
DDPM,1800,CATGGG,7.741935483870968e-05
DDPM,1800,CATGGT,0.00014193548387096775
DDPM,1800,CATGTA,0.0001225806451612903
DDPM,1800,CATGTC,0.00014193548387096775
DDPM,1800,CATGTG,0.0001225806451612903
DDPM,1800,CATGTT,0.00025806451612903227
DDPM,1800,CATTAA,0.00045806451612903225
DDPM,1800,CATTAC,0.00023225806451612904
DDPM,1800,CATTAG,0.00018064516129032257
DDPM,1800,CATTAT,0.00032903225806451614
DDPM,1800,CATTCA,0.00021935483870967742
DDPM,1800,CATTCC,0.00022580645161290321
DDPM,1800,CATTCG,0.00013548387096774193
DDPM,1800,CATTCT,0.00046451612903225807
DDPM,1800,CATTGA,0.0003032258064516129
DDPM,1800,CATTGC,0.00015483870967741937
DDPM,1800,CATTGG,0.00014193548387096775
DDPM,1800,CATTGT,0.0002451612903225806
DDPM,1800,CATTTA,0.0002774193548387097
DDPM,1800,CATTTC,0.0005483870967741936
DDPM,1800,CATTTG,0.00036129032258064514
DDPM,1800,CATTTT,0.0007548387096774193
DDPM,1800,CCAAAA,0.0010967741935483872
DDPM,1800,CCAAAC,0.000535483870967742
DDPM,1800,CCAAAG,0.00032903225806451614
DDPM,1800,CCAAAT,0.0005612903225806451
DDPM,1800,CCAACA,0.00034193548387096773
DDPM,1800,CCAACC,0.00027096774193548386
DDPM,1800,CCAACG,0.00023225806451612904
DDPM,1800,CCAACT,0.00025161290322580645
DDPM,1800,CCAAGA,0.00036774193548387097
DDPM,1800,CCAAGC,0.00025806451612903227
DDPM,1800,CCAAGG,9.032258064516129e-05
DDPM,1800,CCAAGT,0.0002
DDPM,1800,CCAATA,0.0003935483870967742
DDPM,1800,CCAATC,0.0003354838709677419
DDPM,1800,CCAATG,0.0001870967741935484
DDPM,1800,CCAATT,0.00046451612903225807
DDPM,1800,CCACAA,0.00044516129032258066
DDPM,1800,CCACAC,0.00016129032258064516
DDPM,1800,CCACAG,0.00014193548387096775
DDPM,1800,CCACAT,0.00016129032258064516
DDPM,1800,CCACCA,0.0004709677419354839
DDPM,1800,CCACCC,0.00013548387096774193
DDPM,1800,CCACCG,0.00025161290322580645
DDPM,1800,CCACCT,0.00022580645161290321
DDPM,1800,CCACGA,0.00013548387096774193
DDPM,1800,CCACGC,9.67741935483871e-05
DDPM,1800,CCACGG,0.00011612903225806452
DDPM,1800,CCACGT,0.0001032258064516129
DDPM,1800,CCACTA,0.00014838709677419355
DDPM,1800,CCACTC,0.00017419354838709678
DDPM,1800,CCACTG,0.00011612903225806452
DDPM,1800,CCACTT,0.00027096774193548386
DDPM,1800,CCAGAA,0.00023870967741935483
DDPM,1800,CCAGAC,0.00010967741935483871
DDPM,1800,CCAGAG,0.00017419354838709678
DDPM,1800,CCAGAT,0.00014838709677419355
DDPM,1800,CCAGCA,0.00015483870967741937
DDPM,1800,CCAGCC,7.096774193548388e-05
DDPM,1800,CCAGCG,9.032258064516129e-05
DDPM,1800,CCAGCT,0.00016774193548387096
DDPM,1800,CCAGGA,9.032258064516129e-05
DDPM,1800,CCAGGC,3.870967741935484e-05
DDPM,1800,CCAGGG,1.2903225806451613e-05
DDPM,1800,CCAGGT,4.516129032258064e-05
DDPM,1800,CCAGTA,0.00010967741935483871
DDPM,1800,CCAGTC,0.00010967741935483871
DDPM,1800,CCAGTG,8.387096774193548e-05
DDPM,1800,CCAGTT,0.00014193548387096775
DDPM,1800,CCATAA,0.0002451612903225806
DDPM,1800,CCATAC,0.00015483870967741937
DDPM,1800,CCATAG,0.00011612903225806452
DDPM,1800,CCATAT,0.00025806451612903227
DDPM,1800,CCATCA,0.0003741935483870968
DDPM,1800,CCATCC,0.00016129032258064516
DDPM,1800,CCATCG,0.0002
DDPM,1800,CCATCT,0.0004064516129032258
DDPM,1800,CCATGA,0.00010967741935483871
DDPM,1800,CCATGC,8.387096774193548e-05
DDPM,1800,CCATGG,0.00014838709677419355
DDPM,1800,CCATGT,0.00013548387096774193
DDPM,1800,CCATTA,0.00025161290322580645
DDPM,1800,CCATTC,0.0001870967741935484
DDPM,1800,CCATTG,0.0002064516129032258
DDPM,1800,CCATTT,0.0005290322580645162
DDPM,1800,CCCAAA,0.0006258064516129032
DDPM,1800,CCCAAC,0.00025806451612903227
DDPM,1800,CCCAAG,0.00016129032258064516
DDPM,1800,CCCAAT,0.0003161290322580645
DDPM,1800,CCCACA,0.0002
DDPM,1800,CCCACC,0.00010967741935483871
DDPM,1800,CCCACG,7.096774193548388e-05
DDPM,1800,CCCACT,9.032258064516129e-05
DDPM,1800,CCCAGA,0.00010967741935483871
DDPM,1800,CCCAGC,7.741935483870968e-05
DDPM,1800,CCCAGG,6.451612903225806e-06
DDPM,1800,CCCAGT,9.67741935483871e-05
DDPM,1800,CCCATA,0.0001870967741935484
DDPM,1800,CCCATC,0.0001032258064516129
DDPM,1800,CCCATG,0.00011612903225806452
DDPM,1800,CCCATT,0.00023870967741935483
DDPM,1800,CCCCAA,0.00021935483870967742
DDPM,1800,CCCCAC,9.032258064516129e-05
DDPM,1800,CCCCAG,1.2903225806451613e-05
DDPM,1800,CCCCAT,0.0001032258064516129
DDPM,1800,CCCCCA,5.806451612903226e-05
DDPM,1800,CCCCCC,6.451612903225806e-06
DDPM,1800,CCCCCG,1.935483870967742e-05
DDPM,1800,CCCCCT,3.870967741935484e-05
DDPM,1800,CCCCGA,3.870967741935484e-05
DDPM,1800,CCCCGC,5.161290322580645e-05
DDPM,1800,CCCCGG,1.935483870967742e-05
DDPM,1800,CCCCGT,4.516129032258064e-05
DDPM,1800,CCCCTA,2.5806451612903226e-05
DDPM,1800,CCCCTC,0.0001225806451612903
DDPM,1800,CCCCTG,4.516129032258064e-05
DDPM,1800,CCCCTT,0.0001225806451612903
DDPM,1800,CCCGAA,0.00012903225806451613
DDPM,1800,CCCGAC,4.516129032258064e-05
DDPM,1800,CCCGAG,8.387096774193548e-05
DDPM,1800,CCCGAT,0.00010967741935483871
DDPM,1800,CCCGCA,3.870967741935484e-05
DDPM,1800,CCCGCC,5.161290322580645e-05
DDPM,1800,CCCGCG,5.161290322580645e-05
DDPM,1800,CCCGCT,4.516129032258064e-05
DDPM,1800,CCCGGA,5.161290322580645e-05
DDPM,1800,CCCGGC,3.2258064516129034e-05
DDPM,1800,CCCGGG,1.2903225806451613e-05
DDPM,1800,CCCGGT,5.161290322580645e-05
DDPM,1800,CCCGTA,4.516129032258064e-05
DDPM,1800,CCCGTC,0.00011612903225806452
DDPM,1800,CCCGTG,6.451612903225807e-05
DDPM,1800,CCCGTT,8.387096774193548e-05
DDPM,1800,CCCTAA,0.00018064516129032257
DDPM,1800,CCCTAC,0.00014838709677419355
DDPM,1800,CCCTAG,5.806451612903226e-05
DDPM,1800,CCCTAT,7.741935483870968e-05
DDPM,1800,CCCTCA,0.00015483870967741937
DDPM,1800,CCCTCC,0.00021935483870967742
DDPM,1800,CCCTCG,0.00016129032258064516
DDPM,1800,CCCTCT,0.0003032258064516129
DDPM,1800,CCCTGA,3.870967741935484e-05
DDPM,1800,CCCTGC,3.2258064516129034e-05
DDPM,1800,CCCTGG,3.870967741935484e-05
DDPM,1800,CCCTGT,9.67741935483871e-05
DDPM,1800,CCCTTA,0.00013548387096774193
DDPM,1800,CCCTTC,0.00021935483870967742
DDPM,1800,CCCTTG,0.00011612903225806452
DDPM,1800,CCCTTT,0.0002774193548387097
DDPM,1800,CCGAAA,0.00032903225806451614
DDPM,1800,CCGAAC,7.741935483870968e-05
DDPM,1800,CCGAAG,0.0002
DDPM,1800,CCGAAT,0.00023225806451612904
DDPM,1800,CCGACA,0.0001935483870967742
DDPM,1800,CCGACC,7.096774193548388e-05
DDPM,1800,CCGACG,0.00016774193548387096
DDPM,1800,CCGACT,6.451612903225807e-05
DDPM,1800,CCGAGA,0.0001870967741935484
DDPM,1800,CCGAGC,0.00010967741935483871
DDPM,1800,CCGAGG,7.096774193548388e-05
DDPM,1800,CCGAGT,9.67741935483871e-05
DDPM,1800,CCGATA,0.00016774193548387096
DDPM,1800,CCGATC,0.0002645161290322581
DDPM,1800,CCGATG,0.00015483870967741937
DDPM,1800,CCGATT,0.00036129032258064514
DDPM,1800,CCGCAA,0.00011612903225806452
DDPM,1800,CCGCAC,5.161290322580645e-05
DDPM,1800,CCGCAG,0.00010967741935483871
DDPM,1800,CCGCAT,4.516129032258064e-05
DDPM,1800,CCGCCA,0.00015483870967741937
DDPM,1800,CCGCCC,4.516129032258064e-05
DDPM,1800,CCGCCG,0.0003225806451612903
DDPM,1800,CCGCCT,0.00010967741935483871
DDPM,1800,CCGCGA,5.161290322580645e-05
DDPM,1800,CCGCGC,3.2258064516129034e-05
DDPM,1800,CCGCGG,4.516129032258064e-05
DDPM,1800,CCGCGT,9.032258064516129e-05
DDPM,1800,CCGCTA,7.741935483870968e-05
DDPM,1800,CCGCTC,0.00013548387096774193
DDPM,1800,CCGCTG,8.387096774193548e-05
DDPM,1800,CCGCTT,0.00014838709677419355
DDPM,1800,CCGGAA,0.00021935483870967742
DDPM,1800,CCGGAC,7.741935483870968e-05
DDPM,1800,CCGGAG,0.00015483870967741937
DDPM,1800,CCGGAT,0.0002064516129032258
DDPM,1800,CCGGCA,4.516129032258064e-05
DDPM,1800,CCGGCC,4.516129032258064e-05
DDPM,1800,CCGGCG,0.00012903225806451613
DDPM,1800,CCGGCT,0.00010967741935483871
DDPM,1800,CCGGGA,5.806451612903226e-05
DDPM,1800,CCGGGC,3.2258064516129034e-05
DDPM,1800,CCGGGG,3.2258064516129034e-05
DDPM,1800,CCGGGT,3.2258064516129034e-05
DDPM,1800,CCGGTA,6.451612903225807e-05
DDPM,1800,CCGGTC,0.0001225806451612903
DDPM,1800,CCGGTG,0.00013548387096774193
DDPM,1800,CCGGTT,0.0001870967741935484
DDPM,1800,CCGTAA,0.00012903225806451613
DDPM,1800,CCGTAC,8.387096774193548e-05
DDPM,1800,CCGTAG,0.00011612903225806452
DDPM,1800,CCGTAT,0.00011612903225806452
DDPM,1800,CCGTCA,0.00021290322580645163
DDPM,1800,CCGTCC,0.00014193548387096775
DDPM,1800,CCGTCG,0.00034193548387096773
DDPM,1800,CCGTCT,0.00018064516129032257
DDPM,1800,CCGTGA,0.00012903225806451613
DDPM,1800,CCGTGC,5.161290322580645e-05
DDPM,1800,CCGTGG,0.00014193548387096775
DDPM,1800,CCGTGT,0.00011612903225806452
DDPM,1800,CCGTTA,0.00017419354838709678
DDPM,1800,CCGTTC,0.00014838709677419355
DDPM,1800,CCGTTG,0.00012903225806451613
DDPM,1800,CCGTTT,0.00029032258064516127
DDPM,1800,CCTAAA,0.00036129032258064514
DDPM,1800,CCTAAC,0.00015483870967741937
DDPM,1800,CCTAAG,0.0001032258064516129
DDPM,1800,CCTAAT,0.00022580645161290321
DDPM,1800,CCTACA,0.00021290322580645163
DDPM,1800,CCTACC,7.741935483870968e-05
DDPM,1800,CCTACG,9.032258064516129e-05
DDPM,1800,CCTACT,0.0001870967741935484
DDPM,1800,CCTAGA,8.387096774193548e-05
DDPM,1800,CCTAGC,4.516129032258064e-05
DDPM,1800,CCTAGG,3.870967741935484e-05
DDPM,1800,CCTAGT,9.032258064516129e-05
DDPM,1800,CCTATA,0.00016129032258064516
DDPM,1800,CCTATC,0.00012903225806451613
DDPM,1800,CCTATG,7.096774193548388e-05
DDPM,1800,CCTATT,0.00021290322580645163
DDPM,1800,CCTCAA,0.00042580645161290325
DDPM,1800,CCTCAC,0.00025806451612903227
DDPM,1800,CCTCAG,0.00016129032258064516
DDPM,1800,CCTCAT,0.00025806451612903227
DDPM,1800,CCTCCA,0.0004064516129032258
DDPM,1800,CCTCCC,0.00013548387096774193
DDPM,1800,CCTCCG,0.00032903225806451614
DDPM,1800,CCTCCT,0.00045806451612903225
DDPM,1800,CCTCGA,0.00015483870967741937
DDPM,1800,CCTCGC,0.00010967741935483871
DDPM,1800,CCTCGG,0.00011612903225806452
DDPM,1800,CCTCGT,0.00017419354838709678
DDPM,1800,CCTCTA,0.00018064516129032257
DDPM,1800,CCTCTC,0.0006774193548387097
DDPM,1800,CCTCTG,0.0002451612903225806
DDPM,1800,CCTCTT,0.000567741935483871
DDPM,1800,CCTGAA,0.00012903225806451613
DDPM,1800,CCTGAC,5.161290322580645e-05
DDPM,1800,CCTGAG,5.161290322580645e-05
DDPM,1800,CCTGAT,0.0001225806451612903
DDPM,1800,CCTGCA,7.096774193548388e-05
DDPM,1800,CCTGCC,1.935483870967742e-05
DDPM,1800,CCTGCG,9.032258064516129e-05
DDPM,1800,CCTGCT,9.032258064516129e-05
DDPM,1800,CCTGGA,4.516129032258064e-05
DDPM,1800,CCTGGC,6.451612903225806e-06
DDPM,1800,CCTGGG,3.2258064516129034e-05
DDPM,1800,CCTGGT,7.741935483870968e-05
DDPM,1800,CCTGTA,9.67741935483871e-05
DDPM,1800,CCTGTC,9.032258064516129e-05
DDPM,1800,CCTGTG,9.032258064516129e-05
DDPM,1800,CCTGTT,0.00013548387096774193
DDPM,1800,CCTTAA,0.00021290322580645163
DDPM,1800,CCTTAC,0.00013548387096774193
DDPM,1800,CCTTAG,0.00012903225806451613
DDPM,1800,CCTTAT,0.00023870967741935483
DDPM,1800,CCTTCA,0.00036129032258064514
DDPM,1800,CCTTCC,0.0002451612903225806
DDPM,1800,CCTTCG,0.0002064516129032258
DDPM,1800,CCTTCT,0.0006774193548387097
DDPM,1800,CCTTGA,0.00014838709677419355
DDPM,1800,CCTTGC,8.387096774193548e-05
DDPM,1800,CCTTGG,0.00010967741935483871
DDPM,1800,CCTTGT,0.0001870967741935484
DDPM,1800,CCTTTA,0.0003032258064516129
DDPM,1800,CCTTTC,0.00032903225806451614
DDPM,1800,CCTTTG,0.00025161290322580645
DDPM,1800,CCTTTT,0.0007096774193548388
DDPM,1800,CGAAAA,0.0004967741935483871
DDPM,1800,CGAAAC,0.00029032258064516127
DDPM,1800,CGAAAG,0.00021290322580645163
DDPM,1800,CGAAAT,0.00032903225806451614
DDPM,1800,CGAACA,0.00012903225806451613
DDPM,1800,CGAACC,0.0001870967741935484
DDPM,1800,CGAACG,7.096774193548388e-05
DDPM,1800,CGAACT,0.00015483870967741937
DDPM,1800,CGAAGA,0.00038064516129032255
DDPM,1800,CGAAGC,0.00025806451612903227
DDPM,1800,CGAAGG,0.00013548387096774193
DDPM,1800,CGAAGT,0.00014838709677419355
DDPM,1800,CGAATA,0.00015483870967741937
DDPM,1800,CGAATC,0.0003935483870967742
DDPM,1800,CGAATG,9.67741935483871e-05
DDPM,1800,CGAATT,0.0003161290322580645
DDPM,1800,CGACAA,0.00025806451612903227
DDPM,1800,CGACAC,0.00015483870967741937
DDPM,1800,CGACAG,9.032258064516129e-05
DDPM,1800,CGACAT,0.00013548387096774193
DDPM,1800,CGACCA,0.00012903225806451613
DDPM,1800,CGACCC,5.161290322580645e-05
DDPM,1800,CGACCG,5.806451612903226e-05
DDPM,1800,CGACCT,9.032258064516129e-05
DDPM,1800,CGACGA,0.00036129032258064514
DDPM,1800,CGACGC,0.00016129032258064516
DDPM,1800,CGACGG,0.00016774193548387096
DDPM,1800,CGACGT,0.0001032258064516129
DDPM,1800,CGACTA,8.387096774193548e-05
DDPM,1800,CGACTC,0.00016129032258064516
DDPM,1800,CGACTG,3.870967741935484e-05
DDPM,1800,CGACTT,0.00017419354838709678
DDPM,1800,CGAGAA,0.00036129032258064514
DDPM,1800,CGAGAC,9.67741935483871e-05
DDPM,1800,CGAGAG,0.00014193548387096775
DDPM,1800,CGAGAT,0.00018064516129032257
DDPM,1800,CGAGCA,0.0001032258064516129
DDPM,1800,CGAGCC,5.806451612903226e-05
DDPM,1800,CGAGCG,6.451612903225807e-05
DDPM,1800,CGAGCT,0.00017419354838709678
DDPM,1800,CGAGGA,0.0001870967741935484
DDPM,1800,CGAGGC,3.2258064516129034e-05
DDPM,1800,CGAGGG,3.2258064516129034e-05
DDPM,1800,CGAGGT,0.00010967741935483871
DDPM,1800,CGAGTA,7.741935483870968e-05
DDPM,1800,CGAGTC,0.00014838709677419355
DDPM,1800,CGAGTG,9.032258064516129e-05
DDPM,1800,CGAGTT,0.0002064516129032258
DDPM,1800,CGATAA,0.00022580645161290321
DDPM,1800,CGATAC,9.67741935483871e-05
DDPM,1800,CGATAG,0.00010967741935483871
DDPM,1800,CGATAT,0.00018064516129032257
DDPM,1800,CGATCA,0.00022580645161290321
DDPM,1800,CGATCC,0.00021290322580645163
DDPM,1800,CGATCG,0.00016774193548387096
DDPM,1800,CGATCT,0.00032903225806451614
DDPM,1800,CGATGA,0.00036129032258064514
DDPM,1800,CGATGC,0.00014193548387096775
DDPM,1800,CGATGG,0.00018064516129032257
DDPM,1800,CGATGT,0.00015483870967741937
DDPM,1800,CGATTA,0.00025161290322580645
DDPM,1800,CGATTC,0.0004838709677419355
DDPM,1800,CGATTG,0.00023225806451612904
DDPM,1800,CGATTT,0.0006967741935483871
DDPM,1800,CGCAAA,0.00022580645161290321
DDPM,1800,CGCAAC,0.00016129032258064516
DDPM,1800,CGCAAG,6.451612903225807e-05
DDPM,1800,CGCAAT,0.0001032258064516129
DDPM,1800,CGCACA,5.161290322580645e-05
DDPM,1800,CGCACC,8.387096774193548e-05
DDPM,1800,CGCACG,3.2258064516129034e-05
DDPM,1800,CGCACT,7.096774193548388e-05
DDPM,1800,CGCAGA,0.00016774193548387096
DDPM,1800,CGCAGC,9.032258064516129e-05
DDPM,1800,CGCAGG,2.5806451612903226e-05
DDPM,1800,CGCAGT,3.2258064516129034e-05
DDPM,1800,CGCATA,7.096774193548388e-05
DDPM,1800,CGCATC,0.00011612903225806452
DDPM,1800,CGCATG,1.935483870967742e-05
DDPM,1800,CGCATT,7.096774193548388e-05
DDPM,1800,CGCCAA,0.00014838709677419355
DDPM,1800,CGCCAC,0.0002064516129032258
DDPM,1800,CGCCAG,0.00010967741935483871
DDPM,1800,CGCCAT,6.451612903225807e-05
DDPM,1800,CGCCCA,7.741935483870968e-05
DDPM,1800,CGCCCC,0.0
DDPM,1800,CGCCCG,1.2903225806451613e-05
DDPM,1800,CGCCCT,4.516129032258064e-05
DDPM,1800,CGCCGA,0.0001935483870967742
DDPM,1800,CGCCGC,0.0002
DDPM,1800,CGCCGG,0.00017419354838709678
DDPM,1800,CGCCGT,0.0002774193548387097
DDPM,1800,CGCCTA,7.096774193548388e-05
DDPM,1800,CGCCTC,0.00014838709677419355
DDPM,1800,CGCCTG,2.5806451612903226e-05
DDPM,1800,CGCCTT,0.00013548387096774193
DDPM,1800,CGCGAA,9.67741935483871e-05
DDPM,1800,CGCGAC,7.096774193548388e-05
DDPM,1800,CGCGAG,8.387096774193548e-05
DDPM,1800,CGCGAT,0.00012903225806451613
DDPM,1800,CGCGCA,3.870967741935484e-05
DDPM,1800,CGCGCC,3.870967741935484e-05
DDPM,1800,CGCGCG,1.935483870967742e-05
DDPM,1800,CGCGCT,1.935483870967742e-05
DDPM,1800,CGCGGA,3.2258064516129034e-05
DDPM,1800,CGCGGC,5.161290322580645e-05
DDPM,1800,CGCGGG,3.870967741935484e-05
DDPM,1800,CGCGGT,5.161290322580645e-05
DDPM,1800,CGCGTA,4.516129032258064e-05
DDPM,1800,CGCGTC,8.387096774193548e-05
DDPM,1800,CGCGTG,3.2258064516129034e-05
DDPM,1800,CGCGTT,0.0001032258064516129
DDPM,1800,CGCTAA,4.516129032258064e-05
DDPM,1800,CGCTAC,7.096774193548388e-05
DDPM,1800,CGCTAG,9.67741935483871e-05
DDPM,1800,CGCTAT,0.00012903225806451613
DDPM,1800,CGCTCA,0.00013548387096774193
DDPM,1800,CGCTCC,9.67741935483871e-05
DDPM,1800,CGCTCG,6.451612903225807e-05
DDPM,1800,CGCTCT,0.0002645161290322581
DDPM,1800,CGCTGA,0.00014193548387096775
DDPM,1800,CGCTGC,0.00012903225806451613
DDPM,1800,CGCTGG,5.161290322580645e-05
DDPM,1800,CGCTGT,9.032258064516129e-05
DDPM,1800,CGCTTA,6.451612903225807e-05
DDPM,1800,CGCTTC,0.00029032258064516127
DDPM,1800,CGCTTG,0.00010967741935483871
DDPM,1800,CGCTTT,0.00023225806451612904
DDPM,1800,CGGAAA,0.00023225806451612904
DDPM,1800,CGGAAC,0.0002
DDPM,1800,CGGAAG,0.00014193548387096775
DDPM,1800,CGGAAT,0.00013548387096774193
DDPM,1800,CGGACA,6.451612903225807e-05
DDPM,1800,CGGACC,5.806451612903226e-05
DDPM,1800,CGGACG,0.00012903225806451613
DDPM,1800,CGGACT,0.00010967741935483871
DDPM,1800,CGGAGA,0.00034193548387096773
DDPM,1800,CGGAGC,0.00017419354838709678
DDPM,1800,CGGAGG,0.0002064516129032258
DDPM,1800,CGGAGT,9.67741935483871e-05
DDPM,1800,CGGATA,0.00011612903225806452
DDPM,1800,CGGATC,0.00023870967741935483
DDPM,1800,CGGATG,7.096774193548388e-05
DDPM,1800,CGGATT,0.00014838709677419355
DDPM,1800,CGGCAA,0.00013548387096774193
DDPM,1800,CGGCAC,3.2258064516129034e-05
DDPM,1800,CGGCAG,7.741935483870968e-05
DDPM,1800,CGGCAT,7.096774193548388e-05
DDPM,1800,CGGCCA,9.032258064516129e-05
DDPM,1800,CGGCCC,6.451612903225807e-05
DDPM,1800,CGGCCG,7.096774193548388e-05
DDPM,1800,CGGCCT,1.935483870967742e-05
DDPM,1800,CGGCGA,0.0001870967741935484
DDPM,1800,CGGCGC,7.741935483870968e-05
DDPM,1800,CGGCGG,0.00015483870967741937
DDPM,1800,CGGCGT,0.0001032258064516129
DDPM,1800,CGGCTA,9.67741935483871e-05
DDPM,1800,CGGCTC,0.00014193548387096775
DDPM,1800,CGGCTG,4.516129032258064e-05
DDPM,1800,CGGCTT,9.67741935483871e-05
DDPM,1800,CGGGAA,9.67741935483871e-05
DDPM,1800,CGGGAC,3.2258064516129034e-05
DDPM,1800,CGGGAG,5.806451612903226e-05
DDPM,1800,CGGGAT,7.096774193548388e-05
DDPM,1800,CGGGCA,2.5806451612903226e-05
DDPM,1800,CGGGCC,1.935483870967742e-05
DDPM,1800,CGGGCG,2.5806451612903226e-05
DDPM,1800,CGGGCT,3.2258064516129034e-05
DDPM,1800,CGGGGA,5.806451612903226e-05
DDPM,1800,CGGGGC,1.2903225806451613e-05
DDPM,1800,CGGGGG,2.5806451612903226e-05
DDPM,1800,CGGGGT,1.2903225806451613e-05
DDPM,1800,CGGGTA,2.5806451612903226e-05
DDPM,1800,CGGGTC,5.161290322580645e-05
DDPM,1800,CGGGTG,3.2258064516129034e-05
DDPM,1800,CGGGTT,9.67741935483871e-05
DDPM,1800,CGGTAA,7.741935483870968e-05
DDPM,1800,CGGTAC,9.032258064516129e-05
DDPM,1800,CGGTAG,3.2258064516129034e-05
DDPM,1800,CGGTAT,8.387096774193548e-05
DDPM,1800,CGGTCA,0.0001225806451612903
DDPM,1800,CGGTCC,7.096774193548388e-05
DDPM,1800,CGGTCG,2.5806451612903226e-05
DDPM,1800,CGGTCT,7.741935483870968e-05
DDPM,1800,CGGTGA,0.00016129032258064516
DDPM,1800,CGGTGC,5.161290322580645e-05
DDPM,1800,CGGTGG,0.00017419354838709678
DDPM,1800,CGGTGT,6.451612903225807e-05
DDPM,1800,CGGTTA,0.0001032258064516129
DDPM,1800,CGGTTC,0.0002774193548387097
DDPM,1800,CGGTTG,8.387096774193548e-05
DDPM,1800,CGGTTT,0.00022580645161290321
DDPM,1800,CGTAAA,0.0002645161290322581
DDPM,1800,CGTAAC,0.00016774193548387096
DDPM,1800,CGTAAG,5.806451612903226e-05
DDPM,1800,CGTAAT,0.00011612903225806452
DDPM,1800,CGTACA,0.00015483870967741937
DDPM,1800,CGTACC,5.806451612903226e-05
DDPM,1800,CGTACG,4.516129032258064e-05
DDPM,1800,CGTACT,7.741935483870968e-05
DDPM,1800,CGTAGA,0.00013548387096774193
DDPM,1800,CGTAGC,9.032258064516129e-05
DDPM,1800,CGTAGG,5.161290322580645e-05
DDPM,1800,CGTAGT,7.741935483870968e-05
DDPM,1800,CGTATA,0.0001032258064516129
DDPM,1800,CGTATC,9.67741935483871e-05
DDPM,1800,CGTATG,3.870967741935484e-05
DDPM,1800,CGTATT,0.0002
DDPM,1800,CGTCAA,0.0002645161290322581
DDPM,1800,CGTCAC,0.0002838709677419355
DDPM,1800,CGTCAG,4.516129032258064e-05
DDPM,1800,CGTCAT,0.0001870967741935484
DDPM,1800,CGTCCA,0.00014838709677419355
DDPM,1800,CGTCCC,4.516129032258064e-05
DDPM,1800,CGTCCG,8.387096774193548e-05
DDPM,1800,CGTCCT,0.00011612903225806452
DDPM,1800,CGTCGA,0.00025161290322580645
DDPM,1800,CGTCGC,0.00023225806451612904
DDPM,1800,CGTCGG,0.00016129032258064516
DDPM,1800,CGTCGT,0.0002
DDPM,1800,CGTCTA,7.096774193548388e-05
DDPM,1800,CGTCTC,0.0002967741935483871
DDPM,1800,CGTCTG,0.00010967741935483871
DDPM,1800,CGTCTT,0.0003548387096774194
DDPM,1800,CGTGAA,0.0002064516129032258
DDPM,1800,CGTGAC,0.00011612903225806452
DDPM,1800,CGTGAG,0.0001225806451612903
DDPM,1800,CGTGAT,0.00016129032258064516
DDPM,1800,CGTGCA,6.451612903225807e-05
DDPM,1800,CGTGCC,5.806451612903226e-05
DDPM,1800,CGTGCG,3.870967741935484e-05
DDPM,1800,CGTGCT,5.161290322580645e-05
DDPM,1800,CGTGGA,0.00012903225806451613
DDPM,1800,CGTGGC,0.00013548387096774193
DDPM,1800,CGTGGG,4.516129032258064e-05
DDPM,1800,CGTGGT,0.0001032258064516129
DDPM,1800,CGTGTA,9.032258064516129e-05
DDPM,1800,CGTGTC,0.00012903225806451613
DDPM,1800,CGTGTG,9.67741935483871e-05
DDPM,1800,CGTGTT,0.0001935483870967742
DDPM,1800,CGTTAA,0.00016774193548387096
DDPM,1800,CGTTAC,0.00013548387096774193
DDPM,1800,CGTTAG,8.387096774193548e-05
DDPM,1800,CGTTAT,0.00016129032258064516
DDPM,1800,CGTTCA,0.0001870967741935484
DDPM,1800,CGTTCC,0.0001870967741935484
DDPM,1800,CGTTCG,0.0001225806451612903
DDPM,1800,CGTTCT,0.00021290322580645163
DDPM,1800,CGTTGA,0.0001935483870967742
DDPM,1800,CGTTGC,0.00013548387096774193
DDPM,1800,CGTTGG,0.00018064516129032257
DDPM,1800,CGTTGT,0.00014193548387096775
DDPM,1800,CGTTTA,0.0002451612903225806
DDPM,1800,CGTTTC,0.000432258064516129
DDPM,1800,CGTTTG,0.0001870967741935484
DDPM,1800,CGTTTT,0.0005225806451612903
DDPM,1800,CTAAAA,0.0006387096774193549
DDPM,1800,CTAAAC,0.0004064516129032258
DDPM,1800,CTAAAG,0.0003161290322580645
DDPM,1800,CTAAAT,0.0003935483870967742
DDPM,1800,CTAACA,0.00021290322580645163
DDPM,1800,CTAACC,0.00018064516129032257
DDPM,1800,CTAACG,0.0001032258064516129
DDPM,1800,CTAACT,0.00015483870967741937
DDPM,1800,CTAAGA,0.00025161290322580645
DDPM,1800,CTAAGC,0.00013548387096774193
DDPM,1800,CTAAGG,0.00012903225806451613
DDPM,1800,CTAAGT,0.00016129032258064516
DDPM,1800,CTAATA,0.0002645161290322581
DDPM,1800,CTAATC,0.00036774193548387097
DDPM,1800,CTAATG,0.00021290322580645163
DDPM,1800,CTAATT,0.00043870967741935484
DDPM,1800,CTACAA,0.00034838709677419355
DDPM,1800,CTACAC,0.00022580645161290321
DDPM,1800,CTACAG,0.00015483870967741937
DDPM,1800,CTACAT,0.00014838709677419355
DDPM,1800,CTACCA,0.00022580645161290321
DDPM,1800,CTACCC,9.032258064516129e-05
DDPM,1800,CTACCG,9.032258064516129e-05
DDPM,1800,CTACCT,0.00021290322580645163
DDPM,1800,CTACGA,0.00015483870967741937
DDPM,1800,CTACGC,9.032258064516129e-05
DDPM,1800,CTACGG,7.741935483870968e-05
DDPM,1800,CTACGT,0.00016129032258064516
DDPM,1800,CTACTA,0.00010967741935483871
DDPM,1800,CTACTC,0.00032903225806451614
DDPM,1800,CTACTG,8.387096774193548e-05
DDPM,1800,CTACTT,0.0002967741935483871
DDPM,1800,CTAGAA,0.0001870967741935484
DDPM,1800,CTAGAC,9.67741935483871e-05
DDPM,1800,CTAGAG,0.00014838709677419355
DDPM,1800,CTAGAT,0.00022580645161290321
DDPM,1800,CTAGCA,7.096774193548388e-05
DDPM,1800,CTAGCC,9.032258064516129e-05
DDPM,1800,CTAGCG,3.870967741935484e-05
DDPM,1800,CTAGCT,0.0001870967741935484
DDPM,1800,CTAGGA,9.67741935483871e-05
DDPM,1800,CTAGGC,4.516129032258064e-05
DDPM,1800,CTAGGG,6.451612903225807e-05
DDPM,1800,CTAGGT,0.00010967741935483871
DDPM,1800,CTAGTA,0.00012903225806451613
DDPM,1800,CTAGTC,0.00013548387096774193
DDPM,1800,CTAGTG,8.387096774193548e-05
DDPM,1800,CTAGTT,0.00036129032258064514
DDPM,1800,CTATAA,0.00027096774193548386
DDPM,1800,CTATAC,0.00012903225806451613
DDPM,1800,CTATAG,0.00016774193548387096
DDPM,1800,CTATAT,0.0002645161290322581
DDPM,1800,CTATCA,0.00016774193548387096
DDPM,1800,CTATCC,0.00013548387096774193
DDPM,1800,CTATCG,7.741935483870968e-05
DDPM,1800,CTATCT,0.0003935483870967742
DDPM,1800,CTATGA,0.00016774193548387096
DDPM,1800,CTATGC,8.387096774193548e-05
DDPM,1800,CTATGG,0.00018064516129032257
DDPM,1800,CTATGT,0.0001225806451612903
DDPM,1800,CTATTA,0.00023870967741935483
DDPM,1800,CTATTC,0.0003354838709677419
DDPM,1800,CTATTG,0.00014838709677419355
DDPM,1800,CTATTT,0.0005806451612903225
DDPM,1800,CTCAAA,0.0007290322580645162
DDPM,1800,CTCAAC,0.00044516129032258066
DDPM,1800,CTCAAG,0.0003225806451612903
DDPM,1800,CTCAAT,0.0005419354838709677
DDPM,1800,CTCACA,0.0002774193548387097
DDPM,1800,CTCACC,0.00034193548387096773
DDPM,1800,CTCACG,0.00013548387096774193
DDPM,1800,CTCACT,0.00045806451612903225
DDPM,1800,CTCAGA,0.0004064516129032258
DDPM,1800,CTCAGC,0.0001935483870967742
DDPM,1800,CTCAGG,0.00011612903225806452
DDPM,1800,CTCAGT,0.00016774193548387096
DDPM,1800,CTCATA,0.00025161290322580645
DDPM,1800,CTCATC,0.0005096774193548387
DDPM,1800,CTCATG,0.00018064516129032257
DDPM,1800,CTCATT,0.00044516129032258066
DDPM,1800,CTCCAA,0.000632258064516129
DDPM,1800,CTCCAC,0.00038064516129032255
DDPM,1800,CTCCAG,0.00015483870967741937
DDPM,1800,CTCCAT,0.00045161290322580643
DDPM,1800,CTCCCA,0.00021935483870967742
DDPM,1800,CTCCCC,0.00014193548387096775
DDPM,1800,CTCCCG,9.67741935483871e-05
DDPM,1800,CTCCCT,0.00032903225806451614
DDPM,1800,CTCCGA,0.00043870967741935484
DDPM,1800,CTCCGC,0.0003161290322580645
DDPM,1800,CTCCGG,0.0002774193548387097
DDPM,1800,CTCCGT,0.0004064516129032258
DDPM,1800,CTCCTA,0.0002774193548387097
DDPM,1800,CTCCTC,0.0007419354838709677
DDPM,1800,CTCCTG,0.00017419354838709678
DDPM,1800,CTCCTT,0.0006967741935483871
DDPM,1800,CTCGAA,0.0001935483870967742
DDPM,1800,CTCGAC,0.00016774193548387096
DDPM,1800,CTCGAG,0.00014193548387096775
DDPM,1800,CTCGAT,0.0003032258064516129
DDPM,1800,CTCGCA,0.00011612903225806452
DDPM,1800,CTCGCC,0.0001870967741935484
DDPM,1800,CTCGCG,7.741935483870968e-05
DDPM,1800,CTCGCT,0.0001935483870967742
DDPM,1800,CTCGGA,0.00016129032258064516
DDPM,1800,CTCGGC,0.00012903225806451613
DDPM,1800,CTCGGG,5.806451612903226e-05
DDPM,1800,CTCGGT,0.00014193548387096775
DDPM,1800,CTCGTA,0.00012903225806451613
DDPM,1800,CTCGTC,0.00025161290322580645
DDPM,1800,CTCGTG,0.00016129032258064516
DDPM,1800,CTCGTT,0.0003161290322580645
DDPM,1800,CTCTAA,0.0005161290322580645
DDPM,1800,CTCTAC,0.00034193548387096773
DDPM,1800,CTCTAG,0.0002838709677419355
DDPM,1800,CTCTAT,0.00032903225806451614
DDPM,1800,CTCTCA,0.0006129032258064516
DDPM,1800,CTCTCC,0.0008129032258064516
DDPM,1800,CTCTCG,0.0003935483870967742
DDPM,1800,CTCTCT,0.002225806451612903
DDPM,1800,CTCTGA,0.0003548387096774194
DDPM,1800,CTCTGC,0.0003161290322580645
DDPM,1800,CTCTGG,0.0002774193548387097
DDPM,1800,CTCTGT,0.0005161290322580645
DDPM,1800,CTCTTA,0.00044516129032258066
DDPM,1800,CTCTTC,0.0013806451612903227
DDPM,1800,CTCTTG,0.0003032258064516129
DDPM,1800,CTCTTT,0.0010193548387096773
DDPM,1800,CTGAAA,0.00036129032258064514
DDPM,1800,CTGAAC,0.00018064516129032257
DDPM,1800,CTGAAG,0.0002451612903225806
DDPM,1800,CTGAAT,0.00029032258064516127
DDPM,1800,CTGACA,0.00011612903225806452
DDPM,1800,CTGACC,7.096774193548388e-05
DDPM,1800,CTGACG,4.516129032258064e-05
DDPM,1800,CTGACT,0.00017419354838709678
DDPM,1800,CTGAGA,0.00025161290322580645
DDPM,1800,CTGAGC,0.0001032258064516129
DDPM,1800,CTGAGG,4.516129032258064e-05
DDPM,1800,CTGAGT,0.00010967741935483871
DDPM,1800,CTGATA,0.00016774193548387096
DDPM,1800,CTGATC,0.00027096774193548386
DDPM,1800,CTGATG,0.00012903225806451613
DDPM,1800,CTGATT,0.00044516129032258066
DDPM,1800,CTGCAA,0.00021935483870967742
DDPM,1800,CTGCAC,7.096774193548388e-05
DDPM,1800,CTGCAG,8.387096774193548e-05
DDPM,1800,CTGCAT,0.00013548387096774193
DDPM,1800,CTGCCA,8.387096774193548e-05
DDPM,1800,CTGCCC,3.870967741935484e-05
DDPM,1800,CTGCCG,5.806451612903226e-05
DDPM,1800,CTGCCT,0.0001225806451612903
DDPM,1800,CTGCGA,0.00014838709677419355
DDPM,1800,CTGCGC,5.806451612903226e-05
DDPM,1800,CTGCGG,6.451612903225807e-05
DDPM,1800,CTGCGT,0.0001032258064516129
DDPM,1800,CTGCTA,9.032258064516129e-05
DDPM,1800,CTGCTC,0.00018064516129032257
DDPM,1800,CTGCTG,0.0001225806451612903
DDPM,1800,CTGCTT,0.0003548387096774194
DDPM,1800,CTGGAA,0.00018064516129032257
DDPM,1800,CTGGAC,5.806451612903226e-05
DDPM,1800,CTGGAG,9.032258064516129e-05
DDPM,1800,CTGGAT,0.00018064516129032257
DDPM,1800,CTGGCA,5.161290322580645e-05
DDPM,1800,CTGGCC,5.161290322580645e-05
DDPM,1800,CTGGCG,3.870967741935484e-05
DDPM,1800,CTGGCT,7.096774193548388e-05
DDPM,1800,CTGGGA,0.0001032258064516129
DDPM,1800,CTGGGC,6.451612903225807e-05
DDPM,1800,CTGGGG,3.870967741935484e-05
DDPM,1800,CTGGGT,0.0001032258064516129
DDPM,1800,CTGGTA,5.806451612903226e-05
DDPM,1800,CTGGTC,0.00010967741935483871
DDPM,1800,CTGGTG,7.096774193548388e-05
DDPM,1800,CTGGTT,0.0002774193548387097
DDPM,1800,CTGTAA,0.00015483870967741937
DDPM,1800,CTGTAC,9.67741935483871e-05
DDPM,1800,CTGTAG,9.032258064516129e-05
DDPM,1800,CTGTAT,0.0002
DDPM,1800,CTGTCA,0.00013548387096774193
DDPM,1800,CTGTCC,7.741935483870968e-05
DDPM,1800,CTGTCG,0.00014193548387096775
DDPM,1800,CTGTCT,0.00021290322580645163
DDPM,1800,CTGTGA,0.00016774193548387096
DDPM,1800,CTGTGC,7.741935483870968e-05
DDPM,1800,CTGTGG,7.096774193548388e-05
DDPM,1800,CTGTGT,0.0002064516129032258
DDPM,1800,CTGTTA,0.00021935483870967742
DDPM,1800,CTGTTC,0.0002774193548387097
DDPM,1800,CTGTTG,0.00021935483870967742
DDPM,1800,CTGTTT,0.0006645161290322581
DDPM,1800,CTTAAA,0.0006064516129032258
DDPM,1800,CTTAAC,0.0003032258064516129
DDPM,1800,CTTAAG,0.00021290322580645163
DDPM,1800,CTTAAT,0.0003935483870967742
DDPM,1800,CTTACA,0.00023870967741935483
DDPM,1800,CTTACC,0.0001935483870967742
DDPM,1800,CTTACG,5.806451612903226e-05
DDPM,1800,CTTACT,0.00025161290322580645
DDPM,1800,CTTAGA,0.00027096774193548386
DDPM,1800,CTTAGC,0.00025161290322580645
DDPM,1800,CTTAGG,9.032258064516129e-05
DDPM,1800,CTTAGT,0.00016129032258064516
DDPM,1800,CTTATA,0.0002838709677419355
DDPM,1800,CTTATC,0.00036774193548387097
DDPM,1800,CTTATG,0.00025161290322580645
DDPM,1800,CTTATT,0.00045806451612903225
DDPM,1800,CTTCAA,0.0008516129032258065
DDPM,1800,CTTCAC,0.0004129032258064516
DDPM,1800,CTTCAG,0.00030967741935483873
DDPM,1800,CTTCAT,0.0008064516129032258
DDPM,1800,CTTCCA,0.00046451612903225807
DDPM,1800,CTTCCC,0.00030967741935483873
DDPM,1800,CTTCCG,0.0002064516129032258
DDPM,1800,CTTCCT,0.0008
DDPM,1800,CTTCGA,0.0004903225806451613
DDPM,1800,CTTCGC,0.00022580645161290321
DDPM,1800,CTTCGG,0.00015483870967741937
DDPM,1800,CTTCGT,0.0004838709677419355
DDPM,1800,CTTCTA,0.0004903225806451613
DDPM,1800,CTTCTC,0.0014838709677419354
DDPM,1800,CTTCTG,0.00036774193548387097
DDPM,1800,CTTCTT,0.0025806451612903226
DDPM,1800,CTTGAA,0.0002
DDPM,1800,CTTGAC,0.00021290322580645163
DDPM,1800,CTTGAG,0.00016129032258064516
DDPM,1800,CTTGAT,0.00038064516129032255
DDPM,1800,CTTGCA,0.00012903225806451613
DDPM,1800,CTTGCC,7.741935483870968e-05
DDPM,1800,CTTGCG,0.0001225806451612903
DDPM,1800,CTTGCT,0.00025806451612903227
DDPM,1800,CTTGGA,0.0001935483870967742
DDPM,1800,CTTGGC,0.00011612903225806452
DDPM,1800,CTTGGG,0.0002064516129032258
DDPM,1800,CTTGGT,0.00025161290322580645
DDPM,1800,CTTGTA,0.00021935483870967742
DDPM,1800,CTTGTC,0.00023225806451612904
DDPM,1800,CTTGTG,0.0001870967741935484
DDPM,1800,CTTGTT,0.0005096774193548387
DDPM,1800,CTTTAA,0.0005096774193548387
DDPM,1800,CTTTAC,0.00032903225806451614
DDPM,1800,CTTTAG,0.00023870967741935483
DDPM,1800,CTTTAT,0.0004903225806451613
DDPM,1800,CTTTCA,0.0004709677419354839
DDPM,1800,CTTTCC,0.00036774193548387097
DDPM,1800,CTTTCG,0.0002645161290322581
DDPM,1800,CTTTCT,0.001135483870967742
DDPM,1800,CTTTGA,0.0005483870967741936
DDPM,1800,CTTTGC,0.00025806451612903227
DDPM,1800,CTTTGG,0.0003161290322580645
DDPM,1800,CTTTGT,0.00044516129032258066
DDPM,1800,CTTTTA,0.0006193548387096775
DDPM,1800,CTTTTC,0.0007612903225806451
DDPM,1800,CTTTTG,0.0006451612903225806
DDPM,1800,CTTTTT,0.0012709677419354838
DDPM,1800,GAAAAA,0.0014709677419354839
DDPM,1800,GAAAAC,0.0006129032258064516
DDPM,1800,GAAAAG,0.0006258064516129032
DDPM,1800,GAAAAT,0.0007548387096774193
DDPM,1800,GAAACA,0.00044516129032258066
DDPM,1800,GAAACC,0.00030967741935483873
DDPM,1800,GAAACG,0.00022580645161290321
DDPM,1800,GAAACT,0.00045161290322580643
DDPM,1800,GAAAGA,0.000632258064516129
DDPM,1800,GAAAGC,0.0002838709677419355
DDPM,1800,GAAAGG,0.00023225806451612904
DDPM,1800,GAAAGT,0.0002774193548387097
DDPM,1800,GAAATA,0.0004838709677419355
DDPM,1800,GAAATC,0.00036774193548387097
DDPM,1800,GAAATG,0.00023225806451612904
DDPM,1800,GAAATT,0.0006516129032258064
DDPM,1800,GAACAA,0.00036774193548387097
DDPM,1800,GAACAC,0.00011612903225806452
DDPM,1800,GAACAG,0.00014193548387096775
DDPM,1800,GAACAT,0.00014838709677419355
DDPM,1800,GAACCA,0.0002838709677419355
DDPM,1800,GAACCC,0.00017419354838709678
DDPM,1800,GAACCG,0.00021935483870967742
DDPM,1800,GAACCT,0.0001870967741935484
DDPM,1800,GAACGA,0.0001870967741935484
DDPM,1800,GAACGC,7.096774193548388e-05
DDPM,1800,GAACGG,5.161290322580645e-05
DDPM,1800,GAACGT,9.032258064516129e-05
DDPM,1800,GAACTA,0.00013548387096774193
DDPM,1800,GAACTC,0.0002451612903225806
DDPM,1800,GAACTG,0.00012903225806451613
DDPM,1800,GAACTT,0.0003354838709677419
DDPM,1800,GAAGAA,0.001296774193548387
DDPM,1800,GAAGAC,0.0003935483870967742
DDPM,1800,GAAGAG,0.0004064516129032258
DDPM,1800,GAAGAT,0.0005161290322580645
DDPM,1800,GAAGCA,0.0003935483870967742
DDPM,1800,GAAGCC,0.00025161290322580645
DDPM,1800,GAAGCG,0.00017419354838709678
DDPM,1800,GAAGCT,0.0005032258064516129
DDPM,1800,GAAGGA,0.00032903225806451614
DDPM,1800,GAAGGC,5.806451612903226e-05
DDPM,1800,GAAGGG,6.451612903225807e-05
DDPM,1800,GAAGGT,0.00014193548387096775
DDPM,1800,GAAGTA,0.00016129032258064516
DDPM,1800,GAAGTC,0.0002064516129032258
DDPM,1800,GAAGTG,0.0001225806451612903
DDPM,1800,GAAGTT,0.0002774193548387097
DDPM,1800,GAATAA,0.00036129032258064514
DDPM,1800,GAATAC,0.0001870967741935484
DDPM,1800,GAATAG,0.0002064516129032258
DDPM,1800,GAATAT,0.0003225806451612903
DDPM,1800,GAATCA,0.00044516129032258066
DDPM,1800,GAATCC,0.0001935483870967742
DDPM,1800,GAATCG,0.00023225806451612904
DDPM,1800,GAATCT,0.0007096774193548388
DDPM,1800,GAATGA,0.0002451612903225806
DDPM,1800,GAATGC,6.451612903225807e-05
DDPM,1800,GAATGG,0.00017419354838709678
DDPM,1800,GAATGT,0.00016774193548387096
DDPM,1800,GAATTA,0.0002645161290322581
DDPM,1800,GAATTC,0.0003354838709677419
DDPM,1800,GAATTG,0.0002774193548387097
DDPM,1800,GAATTT,0.0006967741935483871
DDPM,1800,GACAAA,0.00038064516129032255
DDPM,1800,GACAAC,0.0002064516129032258
DDPM,1800,GACAAG,0.00025161290322580645
DDPM,1800,GACAAT,0.0002
DDPM,1800,GACACA,0.00018064516129032257
DDPM,1800,GACACC,0.00011612903225806452
DDPM,1800,GACACG,0.00012903225806451613
DDPM,1800,GACACT,0.00014193548387096775
DDPM,1800,GACAGA,0.00015483870967741937
DDPM,1800,GACAGC,8.387096774193548e-05
DDPM,1800,GACAGG,5.806451612903226e-05
DDPM,1800,GACAGT,7.741935483870968e-05
DDPM,1800,GACATA,0.00017419354838709678
DDPM,1800,GACATC,0.00016129032258064516
DDPM,1800,GACATG,0.00012903225806451613
DDPM,1800,GACATT,0.00016774193548387096
DDPM,1800,GACCAA,0.00023870967741935483
DDPM,1800,GACCAC,0.00012903225806451613
DDPM,1800,GACCAG,9.032258064516129e-05
DDPM,1800,GACCAT,0.00010967741935483871
DDPM,1800,GACCCA,0.00012903225806451613
DDPM,1800,GACCCC,1.935483870967742e-05
DDPM,1800,GACCCG,5.161290322580645e-05
DDPM,1800,GACCCT,5.806451612903226e-05
DDPM,1800,GACCGA,9.032258064516129e-05
DDPM,1800,GACCGC,2.5806451612903226e-05
DDPM,1800,GACCGG,8.387096774193548e-05
DDPM,1800,GACCGT,6.451612903225807e-05
DDPM,1800,GACCTA,8.387096774193548e-05
DDPM,1800,GACCTC,9.67741935483871e-05
DDPM,1800,GACCTG,6.451612903225807e-05
DDPM,1800,GACCTT,0.00014838709677419355
DDPM,1800,GACGAA,0.00027096774193548386
DDPM,1800,GACGAC,0.00018064516129032257
DDPM,1800,GACGAG,0.00023225806451612904
DDPM,1800,GACGAT,0.0002838709677419355
DDPM,1800,GACGCA,9.032258064516129e-05
DDPM,1800,GACGCC,9.032258064516129e-05
DDPM,1800,GACGCG,6.451612903225807e-05
DDPM,1800,GACGCT,0.0001225806451612903
DDPM,1800,GACGGA,0.00018064516129032257
DDPM,1800,GACGGC,0.00011612903225806452
DDPM,1800,GACGGG,5.806451612903226e-05
DDPM,1800,GACGGT,9.67741935483871e-05
DDPM,1800,GACGTA,7.741935483870968e-05
DDPM,1800,GACGTC,0.00011612903225806452
DDPM,1800,GACGTG,9.67741935483871e-05
DDPM,1800,GACGTT,0.00010967741935483871
DDPM,1800,GACTAA,0.0001870967741935484
DDPM,1800,GACTAC,9.67741935483871e-05
DDPM,1800,GACTAG,0.0001225806451612903
DDPM,1800,GACTAT,0.00012903225806451613
DDPM,1800,GACTCA,0.00018064516129032257
DDPM,1800,GACTCC,0.00013548387096774193
DDPM,1800,GACTCG,0.00012903225806451613
DDPM,1800,GACTCT,0.00030967741935483873
DDPM,1800,GACTGA,0.00010967741935483871
DDPM,1800,GACTGC,4.516129032258064e-05
DDPM,1800,GACTGG,3.2258064516129034e-05
DDPM,1800,GACTGT,8.387096774193548e-05
DDPM,1800,GACTTA,0.0001032258064516129
DDPM,1800,GACTTC,0.00025161290322580645
DDPM,1800,GACTTG,0.00018064516129032257
DDPM,1800,GACTTT,0.0003354838709677419
DDPM,1800,GAGAAA,0.0008903225806451613
DDPM,1800,GAGAAC,0.0002064516129032258
DDPM,1800,GAGAAG,0.000567741935483871
DDPM,1800,GAGAAT,0.0003741935483870968
DDPM,1800,GAGACA,0.0002064516129032258
DDPM,1800,GAGACC,9.032258064516129e-05
DDPM,1800,GAGACG,0.00012903225806451613
DDPM,1800,GAGACT,0.00016129032258064516
DDPM,1800,GAGAGA,0.0006903225806451613
DDPM,1800,GAGAGC,9.032258064516129e-05
DDPM,1800,GAGAGG,0.00013548387096774193
DDPM,1800,GAGAGT,0.00023225806451612904
DDPM,1800,GAGATA,0.00025806451612903227
DDPM,1800,GAGATC,0.00034193548387096773
DDPM,1800,GAGATG,0.0002
DDPM,1800,GAGATT,0.0004709677419354839
DDPM,1800,GAGCAA,0.00014838709677419355
DDPM,1800,GAGCAC,6.451612903225807e-05
DDPM,1800,GAGCAG,0.00010967741935483871
DDPM,1800,GAGCAT,0.0001032258064516129
DDPM,1800,GAGCCA,9.032258064516129e-05
DDPM,1800,GAGCCC,4.516129032258064e-05
DDPM,1800,GAGCCG,9.032258064516129e-05
DDPM,1800,GAGCCT,7.741935483870968e-05
DDPM,1800,GAGCGA,8.387096774193548e-05
DDPM,1800,GAGCGC,3.2258064516129034e-05
DDPM,1800,GAGCGG,3.870967741935484e-05
DDPM,1800,GAGCGT,7.741935483870968e-05
DDPM,1800,GAGCTA,0.00016774193548387096
DDPM,1800,GAGCTC,0.00021290322580645163
DDPM,1800,GAGCTG,0.00011612903225806452
DDPM,1800,GAGCTT,0.0004709677419354839
DDPM,1800,GAGGAA,0.00034838709677419355
DDPM,1800,GAGGAC,0.00013548387096774193
DDPM,1800,GAGGAG,0.00025806451612903227
DDPM,1800,GAGGAT,0.00029032258064516127
DDPM,1800,GAGGCA,9.67741935483871e-05
DDPM,1800,GAGGCC,4.516129032258064e-05
DDPM,1800,GAGGCG,0.00010967741935483871
DDPM,1800,GAGGCT,7.096774193548388e-05
DDPM,1800,GAGGGA,0.00012903225806451613
DDPM,1800,GAGGGC,2.5806451612903226e-05
DDPM,1800,GAGGGG,5.806451612903226e-05
DDPM,1800,GAGGGT,9.032258064516129e-05
DDPM,1800,GAGGTA,0.0001225806451612903
DDPM,1800,GAGGTC,9.032258064516129e-05
DDPM,1800,GAGGTG,7.096774193548388e-05
DDPM,1800,GAGGTT,0.0001870967741935484
DDPM,1800,GAGTAA,0.00017419354838709678
DDPM,1800,GAGTAC,4.516129032258064e-05
DDPM,1800,GAGTAG,8.387096774193548e-05
DDPM,1800,GAGTAT,0.00014193548387096775
DDPM,1800,GAGTCA,0.00018064516129032257
DDPM,1800,GAGTCC,9.032258064516129e-05
DDPM,1800,GAGTCG,0.00010967741935483871
DDPM,1800,GAGTCT,0.00021290322580645163
DDPM,1800,GAGTGA,0.00018064516129032257
DDPM,1800,GAGTGC,5.161290322580645e-05
DDPM,1800,GAGTGG,5.806451612903226e-05
DDPM,1800,GAGTGT,0.00014838709677419355
DDPM,1800,GAGTTA,0.00021290322580645163
DDPM,1800,GAGTTC,0.00025161290322580645
DDPM,1800,GAGTTG,0.00014838709677419355
DDPM,1800,GAGTTT,0.00046451612903225807
DDPM,1800,GATAAA,0.0004064516129032258
DDPM,1800,GATAAC,0.00016774193548387096
DDPM,1800,GATAAG,0.0002967741935483871
DDPM,1800,GATAAT,0.00030967741935483873
DDPM,1800,GATACA,0.0001935483870967742
DDPM,1800,GATACC,0.00012903225806451613
DDPM,1800,GATACG,0.0001032258064516129
DDPM,1800,GATACT,0.00021935483870967742
DDPM,1800,GATAGA,0.00017419354838709678
DDPM,1800,GATAGC,0.00010967741935483871
DDPM,1800,GATAGG,9.032258064516129e-05
DDPM,1800,GATAGT,0.0001935483870967742
DDPM,1800,GATATA,0.00022580645161290321
DDPM,1800,GATATC,0.0003032258064516129
DDPM,1800,GATATG,0.00014838709677419355
DDPM,1800,GATATT,0.00025161290322580645
DDPM,1800,GATCAA,0.00043870967741935484
DDPM,1800,GATCAC,0.00022580645161290321
DDPM,1800,GATCAG,0.00021290322580645163
DDPM,1800,GATCAT,0.00032903225806451614
DDPM,1800,GATCCA,0.00034193548387096773
DDPM,1800,GATCCC,0.00011612903225806452
DDPM,1800,GATCCG,0.0002838709677419355
DDPM,1800,GATCCT,0.00021935483870967742
DDPM,1800,GATCGA,0.00029032258064516127
DDPM,1800,GATCGC,0.00012903225806451613
DDPM,1800,GATCGG,0.00014193548387096775
DDPM,1800,GATCGT,0.0001870967741935484
DDPM,1800,GATCTA,0.0002838709677419355
DDPM,1800,GATCTC,0.00044516129032258066
DDPM,1800,GATCTG,0.0003161290322580645
DDPM,1800,GATCTT,0.000567741935483871
DDPM,1800,GATGAA,0.0004838709677419355
DDPM,1800,GATGAC,0.00022580645161290321
DDPM,1800,GATGAG,0.00017419354838709678
DDPM,1800,GATGAT,0.00041935483870967743
DDPM,1800,GATGCA,0.0001225806451612903
DDPM,1800,GATGCC,9.032258064516129e-05
DDPM,1800,GATGCG,7.741935483870968e-05
DDPM,1800,GATGCT,0.00021290322580645163
DDPM,1800,GATGGA,0.00025161290322580645
DDPM,1800,GATGGC,0.00016129032258064516
DDPM,1800,GATGGG,0.00011612903225806452
DDPM,1800,GATGGT,0.00012903225806451613
DDPM,1800,GATGTA,0.00018064516129032257
DDPM,1800,GATGTC,0.00013548387096774193
DDPM,1800,GATGTG,0.00014193548387096775
DDPM,1800,GATGTT,0.00034193548387096773
DDPM,1800,GATTAA,0.0005096774193548387
DDPM,1800,GATTAC,0.0002
DDPM,1800,GATTAG,0.0001935483870967742
DDPM,1800,GATTAT,0.0003548387096774194
DDPM,1800,GATTCA,0.000567741935483871
DDPM,1800,GATTCC,0.0002774193548387097
DDPM,1800,GATTCG,0.0003161290322580645
DDPM,1800,GATTCT,0.0006709677419354838
DDPM,1800,GATTGA,0.00032903225806451614
DDPM,1800,GATTGC,0.00014193548387096775
DDPM,1800,GATTGG,0.0002064516129032258
DDPM,1800,GATTGT,0.0003032258064516129
DDPM,1800,GATTTA,0.00042580645161290325
DDPM,1800,GATTTC,0.0006838709677419355
DDPM,1800,GATTTG,0.0006064516129032258
DDPM,1800,GATTTT,0.0011290322580645162
DDPM,1800,GCAAAA,0.0005161290322580645
DDPM,1800,GCAAAC,0.00017419354838709678
DDPM,1800,GCAAAG,0.0002451612903225806
DDPM,1800,GCAAAT,0.0003225806451612903
DDPM,1800,GCAACA,0.0001935483870967742
DDPM,1800,GCAACC,0.0001870967741935484
DDPM,1800,GCAACG,0.00010967741935483871
DDPM,1800,GCAACT,0.00018064516129032257
DDPM,1800,GCAAGA,0.00018064516129032257
DDPM,1800,GCAAGC,0.0001225806451612903
DDPM,1800,GCAAGG,7.096774193548388e-05
DDPM,1800,GCAAGT,4.516129032258064e-05
DDPM,1800,GCAATA,0.0002
DDPM,1800,GCAATC,0.0002
DDPM,1800,GCAATG,0.00013548387096774193
DDPM,1800,GCAATT,0.00025161290322580645
DDPM,1800,GCACAA,0.0001225806451612903
DDPM,1800,GCACAC,7.096774193548388e-05
DDPM,1800,GCACAG,3.870967741935484e-05
DDPM,1800,GCACAT,6.451612903225807e-05
DDPM,1800,GCACCA,0.00014838709677419355
DDPM,1800,GCACCC,2.5806451612903226e-05
DDPM,1800,GCACCG,0.0001032258064516129
DDPM,1800,GCACCT,8.387096774193548e-05
DDPM,1800,GCACGA,7.096774193548388e-05
DDPM,1800,GCACGC,1.935483870967742e-05
DDPM,1800,GCACGG,1.2903225806451613e-05
DDPM,1800,GCACGT,3.2258064516129034e-05
DDPM,1800,GCACTA,8.387096774193548e-05
DDPM,1800,GCACTC,9.67741935483871e-05
DDPM,1800,GCACTG,5.806451612903226e-05
DDPM,1800,GCACTT,7.096774193548388e-05
DDPM,1800,GCAGAA,0.00018064516129032257
DDPM,1800,GCAGAC,0.00010967741935483871
DDPM,1800,GCAGAG,0.00013548387096774193
DDPM,1800,GCAGAT,0.0001935483870967742
DDPM,1800,GCAGCA,0.00021290322580645163
DDPM,1800,GCAGCC,7.741935483870968e-05
DDPM,1800,GCAGCG,0.0001032258064516129
DDPM,1800,GCAGCT,0.00014838709677419355
DDPM,1800,GCAGGA,7.741935483870968e-05
DDPM,1800,GCAGGC,3.2258064516129034e-05
DDPM,1800,GCAGGG,6.451612903225806e-06
DDPM,1800,GCAGGT,6.451612903225807e-05
DDPM,1800,GCAGTA,4.516129032258064e-05
DDPM,1800,GCAGTC,3.2258064516129034e-05
DDPM,1800,GCAGTG,6.451612903225807e-05
DDPM,1800,GCAGTT,0.00012903225806451613
DDPM,1800,GCATAA,0.00013548387096774193
DDPM,1800,GCATAC,6.451612903225807e-05
DDPM,1800,GCATAG,7.096774193548388e-05
DDPM,1800,GCATAT,0.0001225806451612903
DDPM,1800,GCATCA,0.00015483870967741937
DDPM,1800,GCATCC,0.00011612903225806452
DDPM,1800,GCATCG,0.00011612903225806452
DDPM,1800,GCATCT,0.0001935483870967742
DDPM,1800,GCATGA,0.00010967741935483871
DDPM,1800,GCATGC,1.935483870967742e-05
DDPM,1800,GCATGG,5.806451612903226e-05
DDPM,1800,GCATGT,5.806451612903226e-05
DDPM,1800,GCATTA,0.00014193548387096775
DDPM,1800,GCATTC,9.67741935483871e-05
DDPM,1800,GCATTG,0.00013548387096774193
DDPM,1800,GCATTT,0.00021290322580645163
DDPM,1800,GCCAAA,0.0002774193548387097
DDPM,1800,GCCAAC,0.00011612903225806452
DDPM,1800,GCCAAG,0.00016129032258064516
DDPM,1800,GCCAAT,0.00014193548387096775
DDPM,1800,GCCACA,0.00016774193548387096
DDPM,1800,GCCACC,0.0001870967741935484
DDPM,1800,GCCACG,9.67741935483871e-05
DDPM,1800,GCCACT,0.00012903225806451613
DDPM,1800,GCCAGA,9.67741935483871e-05
DDPM,1800,GCCAGC,8.387096774193548e-05
DDPM,1800,GCCAGG,3.2258064516129034e-05
DDPM,1800,GCCAGT,5.161290322580645e-05
DDPM,1800,GCCATA,8.387096774193548e-05
DDPM,1800,GCCATC,0.00011612903225806452
DDPM,1800,GCCATG,7.741935483870968e-05
DDPM,1800,GCCATT,0.00013548387096774193
DDPM,1800,GCCCAA,0.00027096774193548386
DDPM,1800,GCCCAC,5.806451612903226e-05
DDPM,1800,GCCCAG,7.096774193548388e-05
DDPM,1800,GCCCAT,0.00016129032258064516
DDPM,1800,GCCCCA,3.870967741935484e-05
DDPM,1800,GCCCCC,6.451612903225806e-06
DDPM,1800,GCCCCG,2.5806451612903226e-05
DDPM,1800,GCCCCT,2.5806451612903226e-05
DDPM,1800,GCCCGA,3.870967741935484e-05
DDPM,1800,GCCCGC,1.935483870967742e-05
DDPM,1800,GCCCGG,1.935483870967742e-05
DDPM,1800,GCCCGT,5.806451612903226e-05
DDPM,1800,GCCCTA,5.161290322580645e-05
DDPM,1800,GCCCTC,7.741935483870968e-05
DDPM,1800,GCCCTG,1.935483870967742e-05
DDPM,1800,GCCCTT,8.387096774193548e-05
DDPM,1800,GCCGAA,0.00015483870967741937
DDPM,1800,GCCGAC,0.00010967741935483871
DDPM,1800,GCCGAG,7.096774193548388e-05
DDPM,1800,GCCGAT,0.00014838709677419355
DDPM,1800,GCCGCA,7.741935483870968e-05
DDPM,1800,GCCGCC,0.00014838709677419355
DDPM,1800,GCCGCG,5.806451612903226e-05
DDPM,1800,GCCGCT,0.00013548387096774193
DDPM,1800,GCCGGA,0.00015483870967741937
DDPM,1800,GCCGGC,5.806451612903226e-05
DDPM,1800,GCCGGG,1.935483870967742e-05
DDPM,1800,GCCGGT,7.096774193548388e-05
DDPM,1800,GCCGTA,0.0001032258064516129
DDPM,1800,GCCGTC,0.00021935483870967742
DDPM,1800,GCCGTG,9.67741935483871e-05
DDPM,1800,GCCGTT,0.00014838709677419355
DDPM,1800,GCCTAA,0.00010967741935483871
DDPM,1800,GCCTAC,0.0001032258064516129
DDPM,1800,GCCTAG,3.2258064516129034e-05
DDPM,1800,GCCTAT,7.096774193548388e-05
DDPM,1800,GCCTCA,0.00016129032258064516
DDPM,1800,GCCTCC,0.00013548387096774193
DDPM,1800,GCCTCG,5.161290322580645e-05
DDPM,1800,GCCTCT,0.00022580645161290321
DDPM,1800,GCCTGA,1.935483870967742e-05
DDPM,1800,GCCTGC,5.806451612903226e-05
DDPM,1800,GCCTGG,6.451612903225806e-06
DDPM,1800,GCCTGT,3.870967741935484e-05
DDPM,1800,GCCTTA,0.00010967741935483871
DDPM,1800,GCCTTC,0.0001935483870967742
DDPM,1800,GCCTTG,7.096774193548388e-05
DDPM,1800,GCCTTT,0.0002774193548387097
DDPM,1800,GCGAAA,0.00017419354838709678
DDPM,1800,GCGAAC,7.741935483870968e-05
DDPM,1800,GCGAAG,0.00014838709677419355
DDPM,1800,GCGAAT,0.00011612903225806452
DDPM,1800,GCGACA,0.0001032258064516129
DDPM,1800,GCGACC,3.870967741935484e-05
DDPM,1800,GCGACG,0.00011612903225806452
DDPM,1800,GCGACT,9.67741935483871e-05
DDPM,1800,GCGAGA,0.00014193548387096775
DDPM,1800,GCGAGC,7.096774193548388e-05
DDPM,1800,GCGAGG,5.806451612903226e-05
DDPM,1800,GCGAGT,7.096774193548388e-05
DDPM,1800,GCGATA,9.67741935483871e-05
DDPM,1800,GCGATC,9.67741935483871e-05
DDPM,1800,GCGATG,0.00014193548387096775
DDPM,1800,GCGATT,0.00023870967741935483
DDPM,1800,GCGCAA,7.096774193548388e-05
DDPM,1800,GCGCAC,1.2903225806451613e-05
DDPM,1800,GCGCAG,3.870967741935484e-05
DDPM,1800,GCGCAT,5.161290322580645e-05
DDPM,1800,GCGCCA,5.806451612903226e-05
DDPM,1800,GCGCCC,6.451612903225806e-06
DDPM,1800,GCGCCG,9.67741935483871e-05
DDPM,1800,GCGCCT,5.806451612903226e-05
DDPM,1800,GCGCGA,7.096774193548388e-05
DDPM,1800,GCGCGC,6.451612903225806e-06
DDPM,1800,GCGCGG,1.2903225806451613e-05
DDPM,1800,GCGCGT,5.161290322580645e-05
DDPM,1800,GCGCTA,3.2258064516129034e-05
DDPM,1800,GCGCTC,3.870967741935484e-05
DDPM,1800,GCGCTG,3.2258064516129034e-05
DDPM,1800,GCGCTT,7.096774193548388e-05
DDPM,1800,GCGGAA,9.67741935483871e-05
DDPM,1800,GCGGAC,6.451612903225807e-05
DDPM,1800,GCGGAG,0.0002
DDPM,1800,GCGGAT,5.161290322580645e-05
DDPM,1800,GCGGCA,5.806451612903226e-05
DDPM,1800,GCGGCC,4.516129032258064e-05
DDPM,1800,GCGGCG,0.00010967741935483871
DDPM,1800,GCGGCT,6.451612903225807e-05
DDPM,1800,GCGGGA,3.870967741935484e-05
DDPM,1800,GCGGGC,1.935483870967742e-05
DDPM,1800,GCGGGG,1.935483870967742e-05
DDPM,1800,GCGGGT,4.516129032258064e-05
DDPM,1800,GCGGTA,5.806451612903226e-05
DDPM,1800,GCGGTC,4.516129032258064e-05
DDPM,1800,GCGGTG,5.806451612903226e-05
DDPM,1800,GCGGTT,5.806451612903226e-05
DDPM,1800,GCGTAA,7.096774193548388e-05
DDPM,1800,GCGTAC,4.516129032258064e-05
DDPM,1800,GCGTAG,6.451612903225807e-05
DDPM,1800,GCGTAT,7.096774193548388e-05
DDPM,1800,GCGTCA,7.741935483870968e-05
DDPM,1800,GCGTCC,5.806451612903226e-05
DDPM,1800,GCGTCG,8.387096774193548e-05
DDPM,1800,GCGTCT,0.00010967741935483871
DDPM,1800,GCGTGA,5.161290322580645e-05
DDPM,1800,GCGTGC,3.870967741935484e-05
DDPM,1800,GCGTGG,4.516129032258064e-05
DDPM,1800,GCGTGT,6.451612903225807e-05
DDPM,1800,GCGTTA,9.67741935483871e-05
DDPM,1800,GCGTTC,8.387096774193548e-05
DDPM,1800,GCGTTG,0.00011612903225806452
DDPM,1800,GCGTTT,0.0002064516129032258
DDPM,1800,GCTAAA,0.0002838709677419355
DDPM,1800,GCTAAC,0.00011612903225806452
DDPM,1800,GCTAAG,0.00016129032258064516
DDPM,1800,GCTAAT,0.00017419354838709678
DDPM,1800,GCTACA,0.00014838709677419355
DDPM,1800,GCTACC,0.00014838709677419355
DDPM,1800,GCTACG,7.741935483870968e-05
DDPM,1800,GCTACT,0.0001032258064516129
DDPM,1800,GCTAGA,0.0001225806451612903
DDPM,1800,GCTAGC,4.516129032258064e-05
DDPM,1800,GCTAGG,7.741935483870968e-05
DDPM,1800,GCTAGT,0.00011612903225806452
DDPM,1800,GCTATA,0.00014193548387096775
DDPM,1800,GCTATC,9.032258064516129e-05
DDPM,1800,GCTATG,0.0001225806451612903
DDPM,1800,GCTATT,0.00014838709677419355
DDPM,1800,GCTCAA,0.0003225806451612903
DDPM,1800,GCTCAC,0.00015483870967741937
DDPM,1800,GCTCAG,0.00018064516129032257
DDPM,1800,GCTCAT,0.0002
DDPM,1800,GCTCCA,0.0002064516129032258
DDPM,1800,GCTCCC,9.032258064516129e-05
DDPM,1800,GCTCCG,0.00022580645161290321
DDPM,1800,GCTCCT,0.00016129032258064516
DDPM,1800,GCTCGA,0.00011612903225806452
DDPM,1800,GCTCGC,6.451612903225807e-05
DDPM,1800,GCTCGG,8.387096774193548e-05
DDPM,1800,GCTCGT,9.032258064516129e-05
DDPM,1800,GCTCTA,0.0001935483870967742
DDPM,1800,GCTCTC,0.0003225806451612903
DDPM,1800,GCTCTG,0.00025806451612903227
DDPM,1800,GCTCTT,0.00036129032258064514
DDPM,1800,GCTGAA,0.0002064516129032258
DDPM,1800,GCTGAC,7.096774193548388e-05
DDPM,1800,GCTGAG,0.00010967741935483871
DDPM,1800,GCTGAT,0.00014838709677419355
DDPM,1800,GCTGCA,0.0001225806451612903
DDPM,1800,GCTGCC,5.161290322580645e-05
DDPM,1800,GCTGCG,6.451612903225807e-05
DDPM,1800,GCTGCT,0.00017419354838709678
DDPM,1800,GCTGGA,8.387096774193548e-05
DDPM,1800,GCTGGC,7.096774193548388e-05
DDPM,1800,GCTGGG,3.870967741935484e-05
DDPM,1800,GCTGGT,7.741935483870968e-05
DDPM,1800,GCTGTA,6.451612903225807e-05
DDPM,1800,GCTGTC,5.806451612903226e-05
DDPM,1800,GCTGTG,6.451612903225807e-05
DDPM,1800,GCTGTT,0.0002
DDPM,1800,GCTTAA,0.0002451612903225806
DDPM,1800,GCTTAC,0.0001032258064516129
DDPM,1800,GCTTAG,0.00017419354838709678
DDPM,1800,GCTTAT,0.00017419354838709678
DDPM,1800,GCTTCA,0.0002838709677419355
DDPM,1800,GCTTCC,0.00038064516129032255
DDPM,1800,GCTTCG,0.00025806451612903227
DDPM,1800,GCTTCT,0.0007548387096774193
DDPM,1800,GCTTGA,0.00018064516129032257
DDPM,1800,GCTTGC,0.00012903225806451613
DDPM,1800,GCTTGG,0.00017419354838709678
DDPM,1800,GCTTGT,0.0001870967741935484
DDPM,1800,GCTTTA,0.00030967741935483873
DDPM,1800,GCTTTC,0.0003548387096774194
DDPM,1800,GCTTTG,0.00025161290322580645
DDPM,1800,GCTTTT,0.000432258064516129
DDPM,1800,GGAAAA,0.00045161290322580643
DDPM,1800,GGAAAC,0.0002774193548387097
DDPM,1800,GGAAAG,0.00023225806451612904
DDPM,1800,GGAAAT,0.0003161290322580645
DDPM,1800,GGAACA,0.00017419354838709678
DDPM,1800,GGAACC,0.00015483870967741937
DDPM,1800,GGAACG,0.00011612903225806452
DDPM,1800,GGAACT,0.00018064516129032257
DDPM,1800,GGAAGA,0.000432258064516129
DDPM,1800,GGAAGC,0.00025161290322580645
DDPM,1800,GGAAGG,5.806451612903226e-05
DDPM,1800,GGAAGT,0.0001032258064516129
DDPM,1800,GGAATA,0.00015483870967741937
DDPM,1800,GGAATC,0.00023870967741935483
DDPM,1800,GGAATG,0.0001032258064516129
DDPM,1800,GGAATT,0.00025161290322580645
DDPM,1800,GGACAA,0.00018064516129032257
DDPM,1800,GGACAC,8.387096774193548e-05
DDPM,1800,GGACAG,1.935483870967742e-05
DDPM,1800,GGACAT,7.741935483870968e-05
DDPM,1800,GGACCA,0.00012903225806451613
DDPM,1800,GGACCC,3.870967741935484e-05
DDPM,1800,GGACCG,5.806451612903226e-05
DDPM,1800,GGACCT,8.387096774193548e-05
DDPM,1800,GGACGA,0.00015483870967741937
DDPM,1800,GGACGC,5.806451612903226e-05
DDPM,1800,GGACGG,5.806451612903226e-05
DDPM,1800,GGACGT,5.806451612903226e-05
DDPM,1800,GGACTA,4.516129032258064e-05
DDPM,1800,GGACTC,0.0001032258064516129
DDPM,1800,GGACTG,5.161290322580645e-05
DDPM,1800,GGACTT,0.0001225806451612903
DDPM,1800,GGAGAA,0.0005161290322580645
DDPM,1800,GGAGAC,0.0001032258064516129
DDPM,1800,GGAGAG,0.00021290322580645163
DDPM,1800,GGAGAT,0.00030967741935483873
DDPM,1800,GGAGCA,0.0001032258064516129
DDPM,1800,GGAGCC,7.741935483870968e-05
DDPM,1800,GGAGCG,3.870967741935484e-05
DDPM,1800,GGAGCT,0.00023870967741935483
DDPM,1800,GGAGGA,0.0003548387096774194
DDPM,1800,GGAGGC,0.00010967741935483871
DDPM,1800,GGAGGG,8.387096774193548e-05
DDPM,1800,GGAGGT,0.00014193548387096775
DDPM,1800,GGAGTA,5.806451612903226e-05
DDPM,1800,GGAGTC,9.67741935483871e-05
DDPM,1800,GGAGTG,7.096774193548388e-05
DDPM,1800,GGAGTT,0.00021290322580645163
DDPM,1800,GGATAA,0.00014838709677419355
DDPM,1800,GGATAC,0.0001032258064516129
DDPM,1800,GGATAG,9.032258064516129e-05
DDPM,1800,GGATAT,0.00012903225806451613
DDPM,1800,GGATCA,0.0002451612903225806
DDPM,1800,GGATCC,0.00014838709677419355
DDPM,1800,GGATCG,9.67741935483871e-05
DDPM,1800,GGATCT,0.0003032258064516129
DDPM,1800,GGATGA,0.00015483870967741937
DDPM,1800,GGATGC,9.67741935483871e-05
DDPM,1800,GGATGG,0.00010967741935483871
DDPM,1800,GGATGT,9.67741935483871e-05
DDPM,1800,GGATTA,0.00021290322580645163
DDPM,1800,GGATTC,0.00025806451612903227
DDPM,1800,GGATTG,0.00010967741935483871
DDPM,1800,GGATTT,0.0005032258064516129
DDPM,1800,GGCAAA,0.0002774193548387097
DDPM,1800,GGCAAC,0.00014193548387096775
DDPM,1800,GGCAAG,9.032258064516129e-05
DDPM,1800,GGCAAT,0.00013548387096774193
DDPM,1800,GGCACA,4.516129032258064e-05
DDPM,1800,GGCACC,6.451612903225807e-05
DDPM,1800,GGCACG,1.935483870967742e-05
DDPM,1800,GGCACT,5.161290322580645e-05
DDPM,1800,GGCAGA,8.387096774193548e-05
DDPM,1800,GGCAGC,7.741935483870968e-05
DDPM,1800,GGCAGG,3.2258064516129034e-05
DDPM,1800,GGCAGT,5.806451612903226e-05
DDPM,1800,GGCATA,3.870967741935484e-05
DDPM,1800,GGCATC,9.67741935483871e-05
DDPM,1800,GGCATG,7.096774193548388e-05
DDPM,1800,GGCATT,0.00011612903225806452
DDPM,1800,GGCCAA,0.00016774193548387096
DDPM,1800,GGCCAC,7.741935483870968e-05
DDPM,1800,GGCCAG,3.2258064516129034e-05
DDPM,1800,GGCCAT,9.67741935483871e-05
DDPM,1800,GGCCCA,0.0002
DDPM,1800,GGCCCC,3.2258064516129034e-05
DDPM,1800,GGCCCG,2.5806451612903226e-05
DDPM,1800,GGCCCT,4.516129032258064e-05
DDPM,1800,GGCCGA,5.806451612903226e-05
DDPM,1800,GGCCGC,6.451612903225807e-05
DDPM,1800,GGCCGG,3.2258064516129034e-05
DDPM,1800,GGCCGT,5.161290322580645e-05
DDPM,1800,GGCCTA,6.451612903225807e-05
DDPM,1800,GGCCTC,5.161290322580645e-05
DDPM,1800,GGCCTG,1.935483870967742e-05
DDPM,1800,GGCCTT,0.0001225806451612903
DDPM,1800,GGCGAA,0.00011612903225806452
DDPM,1800,GGCGAC,0.00012903225806451613
DDPM,1800,GGCGAG,8.387096774193548e-05
DDPM,1800,GGCGAT,0.0001225806451612903
DDPM,1800,GGCGCA,3.870967741935484e-05
DDPM,1800,GGCGCC,5.806451612903226e-05
DDPM,1800,GGCGCG,5.161290322580645e-05
DDPM,1800,GGCGCT,4.516129032258064e-05
DDPM,1800,GGCGGA,0.0001935483870967742
DDPM,1800,GGCGGC,0.00011612903225806452
DDPM,1800,GGCGGG,1.935483870967742e-05
DDPM,1800,GGCGGT,9.032258064516129e-05
DDPM,1800,GGCGTA,3.870967741935484e-05
DDPM,1800,GGCGTC,5.806451612903226e-05
DDPM,1800,GGCGTG,1.935483870967742e-05
DDPM,1800,GGCGTT,0.0001225806451612903
DDPM,1800,GGCTAA,0.00016774193548387096
DDPM,1800,GGCTAC,9.67741935483871e-05
DDPM,1800,GGCTAG,5.806451612903226e-05
DDPM,1800,GGCTAT,5.161290322580645e-05
DDPM,1800,GGCTCA,0.00014838709677419355
DDPM,1800,GGCTCC,0.0001225806451612903
DDPM,1800,GGCTCG,7.096774193548388e-05
DDPM,1800,GGCTCT,0.00013548387096774193
DDPM,1800,GGCTGA,5.806451612903226e-05
DDPM,1800,GGCTGC,8.387096774193548e-05
DDPM,1800,GGCTGG,6.451612903225807e-05
DDPM,1800,GGCTGT,5.806451612903226e-05
DDPM,1800,GGCTTA,0.00012903225806451613
DDPM,1800,GGCTTC,0.00022580645161290321
DDPM,1800,GGCTTG,8.387096774193548e-05
DDPM,1800,GGCTTT,0.00022580645161290321
DDPM,1800,GGGAAA,0.00021290322580645163
DDPM,1800,GGGAAC,0.00013548387096774193
DDPM,1800,GGGAAG,0.00012903225806451613
DDPM,1800,GGGAAT,0.00012903225806451613
DDPM,1800,GGGACA,3.870967741935484e-05
DDPM,1800,GGGACC,2.5806451612903226e-05
DDPM,1800,GGGACG,2.5806451612903226e-05
DDPM,1800,GGGACT,5.806451612903226e-05
DDPM,1800,GGGAGA,0.0001225806451612903
DDPM,1800,GGGAGC,3.2258064516129034e-05
DDPM,1800,GGGAGG,8.387096774193548e-05
DDPM,1800,GGGAGT,5.161290322580645e-05
DDPM,1800,GGGATA,7.741935483870968e-05
DDPM,1800,GGGATC,9.67741935483871e-05
DDPM,1800,GGGATG,5.806451612903226e-05
DDPM,1800,GGGATT,0.0002064516129032258
DDPM,1800,GGGCAA,0.0001032258064516129
DDPM,1800,GGGCAC,2.5806451612903226e-05
DDPM,1800,GGGCAG,2.5806451612903226e-05
DDPM,1800,GGGCAT,5.806451612903226e-05
DDPM,1800,GGGCCA,7.096774193548388e-05
DDPM,1800,GGGCCC,8.387096774193548e-05
DDPM,1800,GGGCCG,3.2258064516129034e-05
DDPM,1800,GGGCCT,6.451612903225807e-05
DDPM,1800,GGGCGA,3.2258064516129034e-05
DDPM,1800,GGGCGC,1.935483870967742e-05
DDPM,1800,GGGCGG,2.5806451612903226e-05
DDPM,1800,GGGCGT,2.5806451612903226e-05
DDPM,1800,GGGCTA,3.2258064516129034e-05
DDPM,1800,GGGCTC,6.451612903225807e-05
DDPM,1800,GGGCTG,1.935483870967742e-05
DDPM,1800,GGGCTT,0.00014193548387096775
DDPM,1800,GGGGAA,0.00010967741935483871
DDPM,1800,GGGGAC,3.870967741935484e-05
DDPM,1800,GGGGAG,3.870967741935484e-05
DDPM,1800,GGGGAT,3.2258064516129034e-05
DDPM,1800,GGGGCA,1.935483870967742e-05
DDPM,1800,GGGGCC,2.5806451612903226e-05
DDPM,1800,GGGGCG,6.451612903225806e-06
DDPM,1800,GGGGCT,3.2258064516129034e-05
DDPM,1800,GGGGGA,5.161290322580645e-05
DDPM,1800,GGGGGC,6.451612903225806e-06
DDPM,1800,GGGGGG,2.5806451612903226e-05
DDPM,1800,GGGGGT,1.2903225806451613e-05
DDPM,1800,GGGGTA,3.2258064516129034e-05
DDPM,1800,GGGGTC,2.5806451612903226e-05
DDPM,1800,GGGGTG,2.5806451612903226e-05
DDPM,1800,GGGGTT,0.00013548387096774193
DDPM,1800,GGGTAA,9.67741935483871e-05
DDPM,1800,GGGTAC,2.5806451612903226e-05
DDPM,1800,GGGTAG,3.2258064516129034e-05
DDPM,1800,GGGTAT,6.451612903225807e-05
DDPM,1800,GGGTCA,6.451612903225807e-05
DDPM,1800,GGGTCC,3.870967741935484e-05
DDPM,1800,GGGTCG,5.161290322580645e-05
DDPM,1800,GGGTCT,0.0001225806451612903
DDPM,1800,GGGTGA,8.387096774193548e-05
DDPM,1800,GGGTGC,2.5806451612903226e-05
DDPM,1800,GGGTGG,4.516129032258064e-05
DDPM,1800,GGGTGT,6.451612903225807e-05
DDPM,1800,GGGTTA,0.00011612903225806452
DDPM,1800,GGGTTC,0.00014193548387096775
DDPM,1800,GGGTTG,8.387096774193548e-05
DDPM,1800,GGGTTT,0.0005225806451612903
DDPM,1800,GGTAAA,0.00023870967741935483
DDPM,1800,GGTAAC,8.387096774193548e-05
DDPM,1800,GGTAAG,9.032258064516129e-05
DDPM,1800,GGTAAT,0.00012903225806451613
DDPM,1800,GGTACA,9.67741935483871e-05
DDPM,1800,GGTACC,6.451612903225807e-05
DDPM,1800,GGTACG,1.935483870967742e-05
DDPM,1800,GGTACT,6.451612903225807e-05
DDPM,1800,GGTAGA,0.0001032258064516129
DDPM,1800,GGTAGC,5.806451612903226e-05
DDPM,1800,GGTAGG,1.935483870967742e-05
DDPM,1800,GGTAGT,5.806451612903226e-05
DDPM,1800,GGTATA,7.741935483870968e-05
DDPM,1800,GGTATC,0.0001225806451612903
DDPM,1800,GGTATG,7.741935483870968e-05
DDPM,1800,GGTATT,0.00012903225806451613
DDPM,1800,GGTCAA,0.00014193548387096775
DDPM,1800,GGTCAC,7.741935483870968e-05
DDPM,1800,GGTCAG,0.00011612903225806452
DDPM,1800,GGTCAT,0.0001225806451612903
DDPM,1800,GGTCCA,0.0001225806451612903
DDPM,1800,GGTCCC,3.870967741935484e-05
DDPM,1800,GGTCCG,7.096774193548388e-05
DDPM,1800,GGTCCT,7.096774193548388e-05
DDPM,1800,GGTCGA,7.096774193548388e-05
DDPM,1800,GGTCGC,3.870967741935484e-05
DDPM,1800,GGTCGG,5.806451612903226e-05
DDPM,1800,GGTCGT,7.741935483870968e-05
DDPM,1800,GGTCTA,6.451612903225807e-05
DDPM,1800,GGTCTC,9.67741935483871e-05
DDPM,1800,GGTCTG,0.00010967741935483871
DDPM,1800,GGTCTT,0.0002064516129032258
DDPM,1800,GGTGAA,0.00016129032258064516
DDPM,1800,GGTGAC,7.741935483870968e-05
DDPM,1800,GGTGAG,9.032258064516129e-05
DDPM,1800,GGTGAT,0.0002645161290322581
DDPM,1800,GGTGCA,3.2258064516129034e-05
DDPM,1800,GGTGCC,3.870967741935484e-05
DDPM,1800,GGTGCG,3.2258064516129034e-05
DDPM,1800,GGTGCT,9.032258064516129e-05
DDPM,1800,GGTGGA,0.0002064516129032258
DDPM,1800,GGTGGC,9.032258064516129e-05
DDPM,1800,GGTGGG,5.161290322580645e-05
DDPM,1800,GGTGGT,0.00014193548387096775
DDPM,1800,GGTGTA,3.870967741935484e-05
DDPM,1800,GGTGTC,9.67741935483871e-05
DDPM,1800,GGTGTG,3.2258064516129034e-05
DDPM,1800,GGTGTT,0.00016129032258064516
DDPM,1800,GGTTAA,0.0002645161290322581
DDPM,1800,GGTTAC,9.67741935483871e-05
DDPM,1800,GGTTAG,0.00015483870967741937
DDPM,1800,GGTTAT,0.00021290322580645163
DDPM,1800,GGTTCA,0.0002838709677419355
DDPM,1800,GGTTCC,0.00016774193548387096
DDPM,1800,GGTTCG,0.0001225806451612903
DDPM,1800,GGTTCT,0.00032903225806451614
DDPM,1800,GGTTGA,0.00015483870967741937
DDPM,1800,GGTTGC,9.67741935483871e-05
DDPM,1800,GGTTGG,0.00010967741935483871
DDPM,1800,GGTTGT,0.00015483870967741937
DDPM,1800,GGTTTA,0.00030967741935483873
DDPM,1800,GGTTTC,0.00043870967741935484
DDPM,1800,GGTTTG,0.0002645161290322581
DDPM,1800,GGTTTT,0.0007806451612903226
DDPM,1800,GTAAAA,0.0005741935483870968
DDPM,1800,GTAAAC,0.00021935483870967742
DDPM,1800,GTAAAG,0.00022580645161290321
DDPM,1800,GTAAAT,0.00034193548387096773
DDPM,1800,GTAACA,0.00018064516129032257
DDPM,1800,GTAACC,0.00012903225806451613
DDPM,1800,GTAACG,0.00012903225806451613
DDPM,1800,GTAACT,0.0002064516129032258
DDPM,1800,GTAAGA,0.00018064516129032257
DDPM,1800,GTAAGC,7.741935483870968e-05
DDPM,1800,GTAAGG,4.516129032258064e-05
DDPM,1800,GTAAGT,0.00010967741935483871
DDPM,1800,GTAATA,0.0002451612903225806
DDPM,1800,GTAATC,0.00017419354838709678
DDPM,1800,GTAATG,0.00014838709677419355
DDPM,1800,GTAATT,0.0002838709677419355
DDPM,1800,GTACAA,0.00016774193548387096
DDPM,1800,GTACAC,0.00010967741935483871
DDPM,1800,GTACAG,6.451612903225807e-05
DDPM,1800,GTACAT,9.67741935483871e-05
DDPM,1800,GTACCA,0.00011612903225806452
DDPM,1800,GTACCC,3.870967741935484e-05
DDPM,1800,GTACCG,7.096774193548388e-05
DDPM,1800,GTACCT,7.096774193548388e-05
DDPM,1800,GTACGA,7.096774193548388e-05
DDPM,1800,GTACGC,2.5806451612903226e-05
DDPM,1800,GTACGG,3.870967741935484e-05
DDPM,1800,GTACGT,4.516129032258064e-05
DDPM,1800,GTACTA,3.870967741935484e-05
DDPM,1800,GTACTC,0.0001225806451612903
DDPM,1800,GTACTG,5.161290322580645e-05
DDPM,1800,GTACTT,0.00012903225806451613
DDPM,1800,GTAGAA,0.00017419354838709678
DDPM,1800,GTAGAC,0.00011612903225806452
DDPM,1800,GTAGAG,0.00013548387096774193
DDPM,1800,GTAGAT,0.0001870967741935484
DDPM,1800,GTAGCA,9.67741935483871e-05
DDPM,1800,GTAGCC,7.096774193548388e-05
DDPM,1800,GTAGCG,3.870967741935484e-05
DDPM,1800,GTAGCT,0.00012903225806451613
DDPM,1800,GTAGGA,0.0001032258064516129
DDPM,1800,GTAGGC,2.5806451612903226e-05
DDPM,1800,GTAGGG,3.2258064516129034e-05
DDPM,1800,GTAGGT,1.2903225806451613e-05
DDPM,1800,GTAGTA,9.032258064516129e-05
DDPM,1800,GTAGTC,0.00011612903225806452
DDPM,1800,GTAGTG,6.451612903225807e-05
DDPM,1800,GTAGTT,0.00016774193548387096
DDPM,1800,GTATAA,0.00018064516129032257
DDPM,1800,GTATAC,7.741935483870968e-05
DDPM,1800,GTATAG,0.00010967741935483871
DDPM,1800,GTATAT,0.00017419354838709678
DDPM,1800,GTATCA,0.0002064516129032258
DDPM,1800,GTATCC,0.00013548387096774193
DDPM,1800,GTATCG,0.00012903225806451613
DDPM,1800,GTATCT,0.00023870967741935483
DDPM,1800,GTATGA,0.0001225806451612903
DDPM,1800,GTATGC,2.5806451612903226e-05
DDPM,1800,GTATGG,7.096774193548388e-05
DDPM,1800,GTATGT,0.00014838709677419355
DDPM,1800,GTATTA,0.00025161290322580645
DDPM,1800,GTATTC,0.00016129032258064516
DDPM,1800,GTATTG,0.00012903225806451613
DDPM,1800,GTATTT,0.00034838709677419355
DDPM,1800,GTCAAA,0.00042580645161290325
DDPM,1800,GTCAAC,0.0002645161290322581
DDPM,1800,GTCAAG,0.00016129032258064516
DDPM,1800,GTCAAT,0.00023870967741935483
DDPM,1800,GTCACA,0.00023870967741935483
DDPM,1800,GTCACC,0.0002
DDPM,1800,GTCACG,9.67741935483871e-05
DDPM,1800,GTCACT,0.00014838709677419355
DDPM,1800,GTCAGA,0.0002
DDPM,1800,GTCAGC,7.096774193548388e-05
DDPM,1800,GTCAGG,7.741935483870968e-05
DDPM,1800,GTCAGT,9.67741935483871e-05
DDPM,1800,GTCATA,0.00016129032258064516
DDPM,1800,GTCATC,0.0002064516129032258
DDPM,1800,GTCATG,0.00014193548387096775
DDPM,1800,GTCATT,0.00023870967741935483
DDPM,1800,GTCCAA,0.00025161290322580645
DDPM,1800,GTCCAC,9.67741935483871e-05
DDPM,1800,GTCCAG,8.387096774193548e-05
DDPM,1800,GTCCAT,0.00016774193548387096
DDPM,1800,GTCCCA,0.00013548387096774193
DDPM,1800,GTCCCC,7.096774193548388e-05
DDPM,1800,GTCCCG,3.2258064516129034e-05
DDPM,1800,GTCCCT,7.741935483870968e-05
DDPM,1800,GTCCGA,9.67741935483871e-05
DDPM,1800,GTCCGC,5.806451612903226e-05
DDPM,1800,GTCCGG,3.870967741935484e-05
DDPM,1800,GTCCGT,0.0001032258064516129
DDPM,1800,GTCCTA,8.387096774193548e-05
DDPM,1800,GTCCTC,0.00012903225806451613
DDPM,1800,GTCCTG,5.806451612903226e-05
DDPM,1800,GTCCTT,0.0001225806451612903
DDPM,1800,GTCGAA,0.00025161290322580645
DDPM,1800,GTCGAC,0.00010967741935483871
DDPM,1800,GTCGAG,0.00010967741935483871
DDPM,1800,GTCGAT,0.00018064516129032257
DDPM,1800,GTCGCA,0.00011612903225806452
DDPM,1800,GTCGCC,0.00011612903225806452
DDPM,1800,GTCGCG,0.0001225806451612903
DDPM,1800,GTCGCT,0.0001870967741935484
DDPM,1800,GTCGGA,0.00023870967741935483
DDPM,1800,GTCGGC,6.451612903225807e-05
DDPM,1800,GTCGGG,5.161290322580645e-05
DDPM,1800,GTCGGT,5.161290322580645e-05
DDPM,1800,GTCGTA,8.387096774193548e-05
DDPM,1800,GTCGTC,0.00018064516129032257
DDPM,1800,GTCGTG,0.00014193548387096775
DDPM,1800,GTCGTT,0.00014838709677419355
DDPM,1800,GTCTAA,0.00016774193548387096
DDPM,1800,GTCTAC,0.0001032258064516129
DDPM,1800,GTCTAG,9.67741935483871e-05
DDPM,1800,GTCTAT,0.00014838709677419355
DDPM,1800,GTCTCA,0.00018064516129032257
DDPM,1800,GTCTCC,0.00025161290322580645
DDPM,1800,GTCTCG,9.67741935483871e-05
DDPM,1800,GTCTCT,0.0004064516129032258
DDPM,1800,GTCTGA,0.00014838709677419355
DDPM,1800,GTCTGC,0.00010967741935483871
DDPM,1800,GTCTGG,7.741935483870968e-05
DDPM,1800,GTCTGT,0.0002064516129032258
DDPM,1800,GTCTTA,0.00022580645161290321
DDPM,1800,GTCTTC,0.0004709677419354839
DDPM,1800,GTCTTG,0.00014193548387096775
DDPM,1800,GTCTTT,0.00034193548387096773
DDPM,1800,GTGAAA,0.00030967741935483873
DDPM,1800,GTGAAC,0.00012903225806451613
DDPM,1800,GTGAAG,0.0002064516129032258
DDPM,1800,GTGAAT,0.00023870967741935483
DDPM,1800,GTGACA,0.00015483870967741937
DDPM,1800,GTGACC,7.741935483870968e-05
DDPM,1800,GTGACG,0.0001032258064516129
DDPM,1800,GTGACT,0.00011612903225806452
DDPM,1800,GTGAGA,0.00014838709677419355
DDPM,1800,GTGAGC,9.67741935483871e-05
DDPM,1800,GTGAGG,7.741935483870968e-05
DDPM,1800,GTGAGT,0.00010967741935483871
DDPM,1800,GTGATA,0.00014193548387096775
DDPM,1800,GTGATC,0.00023225806451612904
DDPM,1800,GTGATG,0.00023225806451612904
DDPM,1800,GTGATT,0.0003741935483870968
DDPM,1800,GTGCAA,9.032258064516129e-05
DDPM,1800,GTGCAC,4.516129032258064e-05
DDPM,1800,GTGCAG,3.870967741935484e-05
DDPM,1800,GTGCAT,9.032258064516129e-05
DDPM,1800,GTGCCA,6.451612903225807e-05
DDPM,1800,GTGCCC,1.2903225806451613e-05
DDPM,1800,GTGCCG,5.161290322580645e-05
DDPM,1800,GTGCCT,5.806451612903226e-05
DDPM,1800,GTGCGA,4.516129032258064e-05
DDPM,1800,GTGCGC,1.2903225806451613e-05
DDPM,1800,GTGCGG,2.5806451612903226e-05
DDPM,1800,GTGCGT,5.161290322580645e-05
DDPM,1800,GTGCTA,5.161290322580645e-05
DDPM,1800,GTGCTC,9.032258064516129e-05
DDPM,1800,GTGCTG,2.5806451612903226e-05
DDPM,1800,GTGCTT,0.00018064516129032257
DDPM,1800,GTGGAA,0.00022580645161290321
DDPM,1800,GTGGAC,8.387096774193548e-05
DDPM,1800,GTGGAG,0.00018064516129032257
DDPM,1800,GTGGAT,0.00012903225806451613
DDPM,1800,GTGGCA,8.387096774193548e-05
DDPM,1800,GTGGCC,7.741935483870968e-05
DDPM,1800,GTGGCG,0.00010967741935483871
DDPM,1800,GTGGCT,0.00015483870967741937
DDPM,1800,GTGGGA,0.00011612903225806452
DDPM,1800,GTGGGC,3.2258064516129034e-05
DDPM,1800,GTGGGG,3.870967741935484e-05
DDPM,1800,GTGGGT,9.67741935483871e-05
DDPM,1800,GTGGTA,9.67741935483871e-05
DDPM,1800,GTGGTC,0.00012903225806451613
DDPM,1800,GTGGTG,0.0001225806451612903
DDPM,1800,GTGGTT,0.00023870967741935483
DDPM,1800,GTGTAA,0.00016774193548387096
DDPM,1800,GTGTAC,6.451612903225807e-05
DDPM,1800,GTGTAG,0.0001032258064516129
DDPM,1800,GTGTAT,0.00014193548387096775
DDPM,1800,GTGTCA,0.00016129032258064516
DDPM,1800,GTGTCC,7.741935483870968e-05
DDPM,1800,GTGTCG,8.387096774193548e-05
DDPM,1800,GTGTCT,0.00021290322580645163
DDPM,1800,GTGTGA,0.00014193548387096775
DDPM,1800,GTGTGC,6.451612903225807e-05
DDPM,1800,GTGTGG,8.387096774193548e-05
DDPM,1800,GTGTGT,0.00010967741935483871
DDPM,1800,GTGTTA,0.0001935483870967742
DDPM,1800,GTGTTC,0.00014193548387096775
DDPM,1800,GTGTTG,0.00022580645161290321
DDPM,1800,GTGTTT,0.0004903225806451613
DDPM,1800,GTTAAA,0.0003741935483870968
DDPM,1800,GTTAAC,0.00017419354838709678
DDPM,1800,GTTAAG,0.00017419354838709678
DDPM,1800,GTTAAT,0.0002451612903225806
DDPM,1800,GTTACA,0.0001935483870967742
DDPM,1800,GTTACC,0.00015483870967741937
DDPM,1800,GTTACG,0.0001032258064516129
DDPM,1800,GTTACT,0.0002
DDPM,1800,GTTAGA,0.0001935483870967742
DDPM,1800,GTTAGC,9.67741935483871e-05
DDPM,1800,GTTAGG,8.387096774193548e-05
DDPM,1800,GTTAGT,0.00017419354838709678
DDPM,1800,GTTATA,0.0003032258064516129
DDPM,1800,GTTATC,0.0003032258064516129
DDPM,1800,GTTATG,0.0002064516129032258
DDPM,1800,GTTATT,0.00032903225806451614
DDPM,1800,GTTCAA,0.0003870967741935484
DDPM,1800,GTTCAC,0.0001870967741935484
DDPM,1800,GTTCAG,0.0002
DDPM,1800,GTTCAT,0.0002838709677419355
DDPM,1800,GTTCCA,0.00023870967741935483
DDPM,1800,GTTCCC,0.00013548387096774193
DDPM,1800,GTTCCG,0.00017419354838709678
DDPM,1800,GTTCCT,0.00025806451612903227
DDPM,1800,GTTCGA,0.00025161290322580645
DDPM,1800,GTTCGC,9.67741935483871e-05
DDPM,1800,GTTCGG,0.00011612903225806452
DDPM,1800,GTTCGT,0.00016774193548387096
DDPM,1800,GTTCTA,0.00021290322580645163
DDPM,1800,GTTCTC,0.0003548387096774194
DDPM,1800,GTTCTG,0.0002451612903225806
DDPM,1800,GTTCTT,0.0004709677419354839
DDPM,1800,GTTGAA,0.00030967741935483873
DDPM,1800,GTTGAC,0.0001870967741935484
DDPM,1800,GTTGAG,0.00012903225806451613
DDPM,1800,GTTGAT,0.0003935483870967742
DDPM,1800,GTTGCA,0.00014193548387096775
DDPM,1800,GTTGCC,7.741935483870968e-05
DDPM,1800,GTTGCG,7.741935483870968e-05
DDPM,1800,GTTGCT,0.00023225806451612904
DDPM,1800,GTTGGA,0.00018064516129032257
DDPM,1800,GTTGGC,0.00014193548387096775
DDPM,1800,GTTGGG,0.00014838709677419355
DDPM,1800,GTTGGT,0.00021935483870967742
DDPM,1800,GTTGTA,0.00018064516129032257
DDPM,1800,GTTGTC,0.0001935483870967742
DDPM,1800,GTTGTG,0.00016129032258064516
DDPM,1800,GTTGTT,0.00045806451612903225
DDPM,1800,GTTTAA,0.00042580645161290325
DDPM,1800,GTTTAC,0.00025806451612903227
DDPM,1800,GTTTAG,0.0002774193548387097
DDPM,1800,GTTTAT,0.0005032258064516129
DDPM,1800,GTTTCA,0.0005419354838709677
DDPM,1800,GTTTCC,0.0003741935483870968
DDPM,1800,GTTTCG,0.00034838709677419355
DDPM,1800,GTTTCT,0.000967741935483871
DDPM,1800,GTTTGA,0.00030967741935483873
DDPM,1800,GTTTGC,0.0001870967741935484
DDPM,1800,GTTTGG,0.0002774193548387097
DDPM,1800,GTTTGT,0.0004903225806451613
DDPM,1800,GTTTTA,0.000567741935483871
DDPM,1800,GTTTTC,0.0009032258064516129
DDPM,1800,GTTTTG,0.0007806451612903226
DDPM,1800,GTTTTT,0.0012
DDPM,1800,TAAAAA,0.0016451612903225807
DDPM,1800,TAAAAC,0.0004709677419354839
DDPM,1800,TAAAAG,0.0006129032258064516
DDPM,1800,TAAAAT,0.0009612903225806452
DDPM,1800,TAAACA,0.0005870967741935484
DDPM,1800,TAAACC,0.00043870967741935484
DDPM,1800,TAAACG,0.0002
DDPM,1800,TAAACT,0.00045161290322580643
DDPM,1800,TAAAGA,0.0005096774193548387
DDPM,1800,TAAAGC,0.0003161290322580645
DDPM,1800,TAAAGG,0.0002
DDPM,1800,TAAAGT,0.00034838709677419355
DDPM,1800,TAAATA,0.0007806451612903226
DDPM,1800,TAAATC,0.00045806451612903225
DDPM,1800,TAAATG,0.00025161290322580645
DDPM,1800,TAAATT,0.0008774193548387097
DDPM,1800,TAACAA,0.0003935483870967742
DDPM,1800,TAACAC,0.00023870967741935483
DDPM,1800,TAACAG,0.00013548387096774193
DDPM,1800,TAACAT,0.00029032258064516127
DDPM,1800,TAACCA,0.0004
DDPM,1800,TAACCC,0.0001935483870967742
DDPM,1800,TAACCG,0.00014838709677419355
DDPM,1800,TAACCT,0.0002064516129032258
DDPM,1800,TAACGA,0.0002
DDPM,1800,TAACGC,5.806451612903226e-05
DDPM,1800,TAACGG,0.00011612903225806452
DDPM,1800,TAACGT,0.00017419354838709678
DDPM,1800,TAACTA,0.0001935483870967742
DDPM,1800,TAACTC,0.00025806451612903227
DDPM,1800,TAACTG,0.00011612903225806452
DDPM,1800,TAACTT,0.00042580645161290325
DDPM,1800,TAAGAA,0.0005225806451612903
DDPM,1800,TAAGAC,0.00011612903225806452
DDPM,1800,TAAGAG,0.00025161290322580645
DDPM,1800,TAAGAT,0.00030967741935483873
DDPM,1800,TAAGCA,0.0002064516129032258
DDPM,1800,TAAGCC,0.00010967741935483871
DDPM,1800,TAAGCG,5.806451612903226e-05
DDPM,1800,TAAGCT,0.00027096774193548386
DDPM,1800,TAAGGA,0.00016774193548387096
DDPM,1800,TAAGGC,7.741935483870968e-05
DDPM,1800,TAAGGG,7.741935483870968e-05
DDPM,1800,TAAGGT,0.0001225806451612903
DDPM,1800,TAAGTA,0.0002645161290322581
DDPM,1800,TAAGTC,0.00010967741935483871
DDPM,1800,TAAGTG,0.0001032258064516129
DDPM,1800,TAAGTT,0.00038064516129032255
DDPM,1800,TAATAA,0.0007032258064516129
DDPM,1800,TAATAC,0.0002
DDPM,1800,TAATAG,0.00025161290322580645
DDPM,1800,TAATAT,0.0006258064516129032
DDPM,1800,TAATCA,0.0005483870967741936
DDPM,1800,TAATCC,0.00021290322580645163
DDPM,1800,TAATCG,0.0002064516129032258
DDPM,1800,TAATCT,0.0005290322580645162
DDPM,1800,TAATGA,0.0002967741935483871
DDPM,1800,TAATGC,9.67741935483871e-05
DDPM,1800,TAATGG,0.00025161290322580645
DDPM,1800,TAATGT,0.00041935483870967743
DDPM,1800,TAATTA,0.0006645161290322581
DDPM,1800,TAATTC,0.0003548387096774194
DDPM,1800,TAATTG,0.00030967741935483873
DDPM,1800,TAATTT,0.0009548387096774193
DDPM,1800,TACAAA,0.0006838709677419355
DDPM,1800,TACAAC,0.00021935483870967742
DDPM,1800,TACAAG,0.0002451612903225806
DDPM,1800,TACAAT,0.0003870967741935484
DDPM,1800,TACACA,0.00030967741935483873
DDPM,1800,TACACC,0.00015483870967741937
DDPM,1800,TACACG,0.00013548387096774193
DDPM,1800,TACACT,0.00021935483870967742
DDPM,1800,TACAGA,0.00021290322580645163
DDPM,1800,TACAGC,0.00010967741935483871
DDPM,1800,TACAGG,7.096774193548388e-05
DDPM,1800,TACAGT,0.00016129032258064516
DDPM,1800,TACATA,0.00025161290322580645
DDPM,1800,TACATC,0.00021935483870967742
DDPM,1800,TACATG,0.0001225806451612903
DDPM,1800,TACATT,0.00029032258064516127
DDPM,1800,TACCAA,0.00032903225806451614
DDPM,1800,TACCAC,0.00017419354838709678
DDPM,1800,TACCAG,0.00011612903225806452
DDPM,1800,TACCAT,0.00018064516129032257
DDPM,1800,TACCCA,0.00012903225806451613
DDPM,1800,TACCCC,8.387096774193548e-05
DDPM,1800,TACCCG,7.096774193548388e-05
DDPM,1800,TACCCT,0.0001032258064516129
DDPM,1800,TACCGA,0.00010967741935483871
DDPM,1800,TACCGC,7.741935483870968e-05
DDPM,1800,TACCGG,8.387096774193548e-05
DDPM,1800,TACCGT,0.00012903225806451613
DDPM,1800,TACCTA,0.0002064516129032258
DDPM,1800,TACCTC,0.00021935483870967742
DDPM,1800,TACCTG,8.387096774193548e-05
DDPM,1800,TACCTT,0.0002451612903225806
DDPM,1800,TACGAA,0.0001870967741935484
DDPM,1800,TACGAC,0.00013548387096774193
DDPM,1800,TACGAG,7.096774193548388e-05
DDPM,1800,TACGAT,0.00023870967741935483
DDPM,1800,TACGCA,8.387096774193548e-05
DDPM,1800,TACGCC,4.516129032258064e-05
DDPM,1800,TACGCG,3.870967741935484e-05
DDPM,1800,TACGCT,0.00012903225806451613
DDPM,1800,TACGGA,7.096774193548388e-05
DDPM,1800,TACGGC,5.806451612903226e-05
DDPM,1800,TACGGG,2.5806451612903226e-05
DDPM,1800,TACGGT,0.0001032258064516129
DDPM,1800,TACGTA,0.00012903225806451613
DDPM,1800,TACGTC,0.00011612903225806452
DDPM,1800,TACGTG,6.451612903225807e-05
DDPM,1800,TACGTT,0.00021290322580645163
DDPM,1800,TACTAA,0.0002
DDPM,1800,TACTAC,0.00014838709677419355
DDPM,1800,TACTAG,0.00011612903225806452
DDPM,1800,TACTAT,0.0002064516129032258
DDPM,1800,TACTCA,0.0003225806451612903
DDPM,1800,TACTCC,0.00021290322580645163
DDPM,1800,TACTCG,0.00013548387096774193
DDPM,1800,TACTCT,0.00046451612903225807
DDPM,1800,TACTGA,0.00016774193548387096
DDPM,1800,TACTGC,4.516129032258064e-05
DDPM,1800,TACTGG,7.741935483870968e-05
DDPM,1800,TACTGT,0.00014193548387096775
DDPM,1800,TACTTA,0.0002645161290322581
DDPM,1800,TACTTC,0.0003161290322580645
DDPM,1800,TACTTG,0.00018064516129032257
DDPM,1800,TACTTT,0.00045161290322580643
DDPM,1800,TAGAAA,0.00047741935483870966
DDPM,1800,TAGAAC,0.00015483870967741937
DDPM,1800,TAGAAG,0.00027096774193548386
DDPM,1800,TAGAAT,0.0004064516129032258
DDPM,1800,TAGACA,0.00012903225806451613
DDPM,1800,TAGACC,8.387096774193548e-05
DDPM,1800,TAGACG,7.741935483870968e-05
DDPM,1800,TAGACT,0.0001870967741935484
DDPM,1800,TAGAGA,0.0003354838709677419
DDPM,1800,TAGAGC,0.0001225806451612903
DDPM,1800,TAGAGG,0.0001225806451612903
DDPM,1800,TAGAGT,0.00022580645161290321
DDPM,1800,TAGATA,0.0002451612903225806
DDPM,1800,TAGATC,0.00029032258064516127
DDPM,1800,TAGATG,0.00014838709677419355
DDPM,1800,TAGATT,0.000432258064516129
DDPM,1800,TAGCAA,0.0001935483870967742
DDPM,1800,TAGCAC,7.096774193548388e-05
DDPM,1800,TAGCAG,9.67741935483871e-05
DDPM,1800,TAGCAT,0.00014193548387096775
DDPM,1800,TAGCCA,0.00016129032258064516
DDPM,1800,TAGCCC,0.0001032258064516129
DDPM,1800,TAGCCG,5.806451612903226e-05
DDPM,1800,TAGCCT,8.387096774193548e-05
DDPM,1800,TAGCGA,8.387096774193548e-05
DDPM,1800,TAGCGC,2.5806451612903226e-05
DDPM,1800,TAGCGG,3.870967741935484e-05
DDPM,1800,TAGCGT,7.741935483870968e-05
DDPM,1800,TAGCTA,0.00012903225806451613
DDPM,1800,TAGCTC,0.00025806451612903227
DDPM,1800,TAGCTG,9.67741935483871e-05
DDPM,1800,TAGCTT,0.0003354838709677419
DDPM,1800,TAGGAA,0.0002
DDPM,1800,TAGGAC,3.870967741935484e-05
DDPM,1800,TAGGAG,9.67741935483871e-05
DDPM,1800,TAGGAT,0.0002
DDPM,1800,TAGGCA,7.741935483870968e-05
DDPM,1800,TAGGCC,8.387096774193548e-05
DDPM,1800,TAGGCG,6.451612903225806e-06
DDPM,1800,TAGGCT,9.032258064516129e-05
DDPM,1800,TAGGGA,0.00010967741935483871
DDPM,1800,TAGGGC,7.741935483870968e-05
DDPM,1800,TAGGGG,2.5806451612903226e-05
DDPM,1800,TAGGGT,0.00015483870967741937
DDPM,1800,TAGGTA,8.387096774193548e-05
DDPM,1800,TAGGTC,6.451612903225807e-05
DDPM,1800,TAGGTG,6.451612903225807e-05
DDPM,1800,TAGGTT,0.00023225806451612904
DDPM,1800,TAGTAA,0.00023225806451612904
DDPM,1800,TAGTAC,6.451612903225807e-05
DDPM,1800,TAGTAG,9.67741935483871e-05
DDPM,1800,TAGTAT,0.0002
DDPM,1800,TAGTCA,0.0001935483870967742
DDPM,1800,TAGTCC,8.387096774193548e-05
DDPM,1800,TAGTCG,7.741935483870968e-05
DDPM,1800,TAGTCT,0.0002064516129032258
DDPM,1800,TAGTGA,0.0001225806451612903
DDPM,1800,TAGTGC,3.870967741935484e-05
DDPM,1800,TAGTGG,7.741935483870968e-05
DDPM,1800,TAGTGT,0.00017419354838709678
DDPM,1800,TAGTTA,0.0002451612903225806
DDPM,1800,TAGTTC,0.00023225806451612904
DDPM,1800,TAGTTG,0.0002
DDPM,1800,TAGTTT,0.0006516129032258064
DDPM,1800,TATAAA,0.0007612903225806451
DDPM,1800,TATAAC,0.0002
DDPM,1800,TATAAG,0.00023225806451612904
DDPM,1800,TATAAT,0.0006129032258064516
DDPM,1800,TATACA,0.0003032258064516129
DDPM,1800,TATACC,0.00012903225806451613
DDPM,1800,TATACG,0.0001032258064516129
DDPM,1800,TATACT,0.00021935483870967742
DDPM,1800,TATAGA,0.0002838709677419355
DDPM,1800,TATAGC,0.00012903225806451613
DDPM,1800,TATAGG,0.00013548387096774193
DDPM,1800,TATAGT,0.00023870967741935483
DDPM,1800,TATATA,0.0006193548387096775
DDPM,1800,TATATC,0.0003161290322580645
DDPM,1800,TATATG,0.0002645161290322581
DDPM,1800,TATATT,0.0006516129032258064
DDPM,1800,TATCAA,0.00043870967741935484
DDPM,1800,TATCAC,0.0002645161290322581
DDPM,1800,TATCAG,0.00013548387096774193
DDPM,1800,TATCAT,0.00044516129032258066
DDPM,1800,TATCCA,0.00025161290322580645
DDPM,1800,TATCCC,0.00013548387096774193
DDPM,1800,TATCCG,0.00013548387096774193
DDPM,1800,TATCCT,0.00021290322580645163
DDPM,1800,TATCGA,0.00025161290322580645
DDPM,1800,TATCGC,9.032258064516129e-05
DDPM,1800,TATCGG,0.00011612903225806452
DDPM,1800,TATCGT,0.00014193548387096775
DDPM,1800,TATCTA,0.0003548387096774194
DDPM,1800,TATCTC,0.0005935483870967742
DDPM,1800,TATCTG,0.00034193548387096773
DDPM,1800,TATCTT,0.0006645161290322581
DDPM,1800,TATGAA,0.0003935483870967742
DDPM,1800,TATGAC,0.00010967741935483871
DDPM,1800,TATGAG,0.00011612903225806452
DDPM,1800,TATGAT,0.00029032258064516127
DDPM,1800,TATGCA,0.00011612903225806452
DDPM,1800,TATGCC,6.451612903225807e-05
DDPM,1800,TATGCG,2.5806451612903226e-05
DDPM,1800,TATGCT,0.00015483870967741937
DDPM,1800,TATGGA,0.00027096774193548386
DDPM,1800,TATGGC,0.00016129032258064516
DDPM,1800,TATGGG,0.00012903225806451613
DDPM,1800,TATGGT,0.00027096774193548386
DDPM,1800,TATGTA,0.0001870967741935484
DDPM,1800,TATGTC,0.00014838709677419355
DDPM,1800,TATGTG,0.0001225806451612903
DDPM,1800,TATGTT,0.00030967741935483873
DDPM,1800,TATTAA,0.0006
DDPM,1800,TATTAC,0.00022580645161290321
DDPM,1800,TATTAG,0.0002645161290322581
DDPM,1800,TATTAT,0.0005935483870967742
DDPM,1800,TATTCA,0.00043870967741935484
DDPM,1800,TATTCC,0.00018064516129032257
DDPM,1800,TATTCG,0.0002064516129032258
DDPM,1800,TATTCT,0.0005483870967741936
DDPM,1800,TATTGA,0.0004064516129032258
DDPM,1800,TATTGC,0.0001225806451612903
DDPM,1800,TATTGG,0.00014193548387096775
DDPM,1800,TATTGT,0.0003354838709677419
DDPM,1800,TATTTA,0.0006387096774193549
DDPM,1800,TATTTC,0.0005483870967741936
DDPM,1800,TATTTG,0.00047741935483870966
DDPM,1800,TATTTT,0.0013096774193548388
DDPM,1800,TCAAAA,0.0012193548387096774
DDPM,1800,TCAAAC,0.0005548387096774194
DDPM,1800,TCAAAG,0.0006064516129032258
DDPM,1800,TCAAAT,0.000767741935483871
DDPM,1800,TCAACA,0.000535483870967742
DDPM,1800,TCAACC,0.0003225806451612903
DDPM,1800,TCAACG,0.0003548387096774194
DDPM,1800,TCAACT,0.0004838709677419355
DDPM,1800,TCAAGA,0.00045161290322580643
DDPM,1800,TCAAGC,0.00021290322580645163
DDPM,1800,TCAAGG,0.00016129032258064516
DDPM,1800,TCAAGT,0.0002774193548387097
DDPM,1800,TCAATA,0.00041935483870967743
DDPM,1800,TCAATC,0.0006516129032258064
DDPM,1800,TCAATG,0.0003548387096774194
DDPM,1800,TCAATT,0.0009806451612903225
DDPM,1800,TCACAA,0.0005741935483870968
DDPM,1800,TCACAC,0.0003032258064516129
DDPM,1800,TCACAG,0.00023225806451612904
DDPM,1800,TCACAT,0.00022580645161290321
DDPM,1800,TCACCA,0.0003548387096774194
DDPM,1800,TCACCC,0.0001870967741935484
DDPM,1800,TCACCG,0.0004064516129032258
DDPM,1800,TCACCT,0.00036774193548387097
DDPM,1800,TCACGA,0.00014838709677419355
DDPM,1800,TCACGC,0.00010967741935483871
DDPM,1800,TCACGG,0.0001032258064516129
DDPM,1800,TCACGT,0.00014193548387096775
DDPM,1800,TCACTA,0.0002838709677419355
DDPM,1800,TCACTC,0.00042580645161290325
DDPM,1800,TCACTG,0.00022580645161290321
DDPM,1800,TCACTT,0.0005225806451612903
DDPM,1800,TCAGAA,0.0005419354838709677
DDPM,1800,TCAGAC,0.00015483870967741937
DDPM,1800,TCAGAG,0.00025161290322580645
DDPM,1800,TCAGAT,0.0004838709677419355
DDPM,1800,TCAGCA,0.00016774193548387096
DDPM,1800,TCAGCC,0.00014838709677419355
DDPM,1800,TCAGCG,0.00014838709677419355
DDPM,1800,TCAGCT,0.0002838709677419355
DDPM,1800,TCAGGA,0.00013548387096774193
DDPM,1800,TCAGGC,9.032258064516129e-05
DDPM,1800,TCAGGG,5.806451612903226e-05
DDPM,1800,TCAGGT,0.00012903225806451613
DDPM,1800,TCAGTA,0.00014838709677419355
DDPM,1800,TCAGTC,0.0001935483870967742
DDPM,1800,TCAGTG,0.00015483870967741937
DDPM,1800,TCAGTT,0.0002838709677419355
DDPM,1800,TCATAA,0.00041935483870967743
DDPM,1800,TCATAC,0.00018064516129032257
DDPM,1800,TCATAG,0.00016129032258064516
DDPM,1800,TCATAT,0.0004
DDPM,1800,TCATCA,0.0006774193548387097
DDPM,1800,TCATCC,0.0003870967741935484
DDPM,1800,TCATCG,0.00036774193548387097
DDPM,1800,TCATCT,0.0008903225806451613
DDPM,1800,TCATGA,0.0002967741935483871
DDPM,1800,TCATGC,9.032258064516129e-05
DDPM,1800,TCATGG,0.0002451612903225806
DDPM,1800,TCATGT,0.0002451612903225806
DDPM,1800,TCATTA,0.00046451612903225807
DDPM,1800,TCATTC,0.0005096774193548387
DDPM,1800,TCATTG,0.00034838709677419355
DDPM,1800,TCATTT,0.0007354838709677419
DDPM,1800,TCCAAA,0.0007032258064516129
DDPM,1800,TCCAAC,0.0003741935483870968
DDPM,1800,TCCAAG,0.0003935483870967742
DDPM,1800,TCCAAT,0.0006064516129032258
DDPM,1800,TCCACA,0.00025161290322580645
DDPM,1800,TCCACC,0.0004064516129032258
DDPM,1800,TCCACG,0.00017419354838709678
DDPM,1800,TCCACT,0.00023870967741935483
DDPM,1800,TCCAGA,0.00025161290322580645
DDPM,1800,TCCAGC,0.00013548387096774193
DDPM,1800,TCCAGG,9.032258064516129e-05
DDPM,1800,TCCAGT,0.00012903225806451613
DDPM,1800,TCCATA,0.00029032258064516127
DDPM,1800,TCCATC,0.0005612903225806451
DDPM,1800,TCCATG,0.00013548387096774193
DDPM,1800,TCCATT,0.00045806451612903225
DDPM,1800,TCCCAA,0.000432258064516129
DDPM,1800,TCCCAC,0.00012903225806451613
DDPM,1800,TCCCAG,0.00010967741935483871
DDPM,1800,TCCCAT,0.00018064516129032257
DDPM,1800,TCCCCA,0.0001870967741935484
DDPM,1800,TCCCCC,7.096774193548388e-05
DDPM,1800,TCCCCG,6.451612903225807e-05
DDPM,1800,TCCCCT,0.00016774193548387096
DDPM,1800,TCCCGA,0.00012903225806451613
DDPM,1800,TCCCGC,6.451612903225807e-05
DDPM,1800,TCCCGG,6.451612903225807e-05
DDPM,1800,TCCCGT,0.00013548387096774193
DDPM,1800,TCCCTA,0.0002064516129032258
DDPM,1800,TCCCTC,0.00042580645161290325
DDPM,1800,TCCCTG,8.387096774193548e-05
DDPM,1800,TCCCTT,0.0003548387096774194
DDPM,1800,TCCGAA,0.00029032258064516127
DDPM,1800,TCCGAC,0.00022580645161290321
DDPM,1800,TCCGAG,0.00018064516129032257
DDPM,1800,TCCGAT,0.00045161290322580643
DDPM,1800,TCCGCA,9.032258064516129e-05
DDPM,1800,TCCGCC,0.00027096774193548386
DDPM,1800,TCCGCG,8.387096774193548e-05
DDPM,1800,TCCGCT,0.00016129032258064516
DDPM,1800,TCCGGA,0.00022580645161290321
DDPM,1800,TCCGGC,0.00011612903225806452
DDPM,1800,TCCGGG,7.096774193548388e-05
DDPM,1800,TCCGGT,0.00021290322580645163
DDPM,1800,TCCGTA,0.00013548387096774193
DDPM,1800,TCCGTC,0.0003741935483870968
DDPM,1800,TCCGTG,0.00014838709677419355
DDPM,1800,TCCGTT,0.0002967741935483871
DDPM,1800,TCCTAA,0.00029032258064516127
DDPM,1800,TCCTAC,0.00021935483870967742
DDPM,1800,TCCTAG,0.00010967741935483871
DDPM,1800,TCCTAT,0.00023870967741935483
DDPM,1800,TCCTCA,0.0004967741935483871
DDPM,1800,TCCTCC,0.0006709677419354838
DDPM,1800,TCCTCG,0.0002774193548387097
DDPM,1800,TCCTCT,0.0007483870967741936
DDPM,1800,TCCTGA,0.00016774193548387096
DDPM,1800,TCCTGC,0.00011612903225806452
DDPM,1800,TCCTGG,7.741935483870968e-05
DDPM,1800,TCCTGT,0.00014838709677419355
DDPM,1800,TCCTTA,0.0002645161290322581
DDPM,1800,TCCTTC,0.0007935483870967742
DDPM,1800,TCCTTG,0.0002451612903225806
DDPM,1800,TCCTTT,0.0006838709677419355
DDPM,1800,TCGAAA,0.0004129032258064516
DDPM,1800,TCGAAC,0.0001935483870967742
DDPM,1800,TCGAAG,0.00027096774193548386
DDPM,1800,TCGAAT,0.0003870967741935484
DDPM,1800,TCGACA,0.00015483870967741937
DDPM,1800,TCGACC,0.00015483870967741937
DDPM,1800,TCGACG,0.00023225806451612904
DDPM,1800,TCGACT,0.0001935483870967742
DDPM,1800,TCGAGA,0.00017419354838709678
DDPM,1800,TCGAGC,0.00014193548387096775
DDPM,1800,TCGAGG,0.00013548387096774193
DDPM,1800,TCGAGT,0.00021290322580645163
DDPM,1800,TCGATA,0.0002
DDPM,1800,TCGATC,0.0004
DDPM,1800,TCGATG,0.0002967741935483871
DDPM,1800,TCGATT,0.0006967741935483871
DDPM,1800,TCGCAA,0.0002451612903225806
DDPM,1800,TCGCAC,7.741935483870968e-05
DDPM,1800,TCGCAG,9.67741935483871e-05
DDPM,1800,TCGCAT,0.00011612903225806452
DDPM,1800,TCGCCA,0.0001870967741935484
DDPM,1800,TCGCCC,6.451612903225807e-05
DDPM,1800,TCGCCG,0.0003032258064516129
DDPM,1800,TCGCCT,0.0001225806451612903
DDPM,1800,TCGCGA,0.0001870967741935484
DDPM,1800,TCGCGC,4.516129032258064e-05
DDPM,1800,TCGCGG,9.032258064516129e-05
DDPM,1800,TCGCGT,6.451612903225807e-05
DDPM,1800,TCGCTA,0.00014193548387096775
DDPM,1800,TCGCTC,0.0002451612903225806
DDPM,1800,TCGCTG,0.00022580645161290321
DDPM,1800,TCGCTT,0.0002451612903225806
DDPM,1800,TCGGAA,0.00023225806451612904
DDPM,1800,TCGGAC,0.00014193548387096775
DDPM,1800,TCGGAG,0.0002774193548387097
DDPM,1800,TCGGAT,0.0002064516129032258
DDPM,1800,TCGGCA,9.67741935483871e-05
DDPM,1800,TCGGCC,7.741935483870968e-05
DDPM,1800,TCGGCG,0.0001225806451612903
DDPM,1800,TCGGCT,0.00011612903225806452
DDPM,1800,TCGGGA,7.096774193548388e-05
DDPM,1800,TCGGGC,3.2258064516129034e-05
DDPM,1800,TCGGGG,4.516129032258064e-05
DDPM,1800,TCGGGT,6.451612903225807e-05
DDPM,1800,TCGGTA,0.00010967741935483871
DDPM,1800,TCGGTC,9.67741935483871e-05
DDPM,1800,TCGGTG,0.00010967741935483871
DDPM,1800,TCGGTT,0.0002838709677419355
DDPM,1800,TCGTAA,0.0001935483870967742
DDPM,1800,TCGTAC,0.00013548387096774193
DDPM,1800,TCGTAG,0.00011612903225806452
DDPM,1800,TCGTAT,0.00013548387096774193
DDPM,1800,TCGTCA,0.0003354838709677419
DDPM,1800,TCGTCC,0.00016774193548387096
DDPM,1800,TCGTCG,0.00023870967741935483
DDPM,1800,TCGTCT,0.0003935483870967742
DDPM,1800,TCGTGA,0.00025806451612903227
DDPM,1800,TCGTGC,7.096774193548388e-05
DDPM,1800,TCGTGG,0.00013548387096774193
DDPM,1800,TCGTGT,0.00021290322580645163
DDPM,1800,TCGTTA,0.00015483870967741937
DDPM,1800,TCGTTC,0.00030967741935483873
DDPM,1800,TCGTTG,0.0002774193548387097
DDPM,1800,TCGTTT,0.0006516129032258064
DDPM,1800,TCTAAA,0.0006774193548387097
DDPM,1800,TCTAAC,0.00023870967741935483
DDPM,1800,TCTAAG,0.0002838709677419355
DDPM,1800,TCTAAT,0.0005806451612903225
DDPM,1800,TCTACA,0.00030967741935483873
DDPM,1800,TCTACC,0.00023870967741935483
DDPM,1800,TCTACG,0.00022580645161290321
DDPM,1800,TCTACT,0.0003225806451612903
DDPM,1800,TCTAGA,0.0002967741935483871
DDPM,1800,TCTAGC,0.0001870967741935484
DDPM,1800,TCTAGG,0.00011612903225806452
DDPM,1800,TCTAGT,0.0003548387096774194
DDPM,1800,TCTATA,0.00034838709677419355
DDPM,1800,TCTATC,0.0003354838709677419
DDPM,1800,TCTATG,0.0002451612903225806
DDPM,1800,TCTATT,0.0005419354838709677
DDPM,1800,TCTCAA,0.0008064516129032258
DDPM,1800,TCTCAC,0.0004967741935483871
DDPM,1800,TCTCAG,0.00034838709677419355
DDPM,1800,TCTCAT,0.0006
DDPM,1800,TCTCCA,0.0006838709677419355
DDPM,1800,TCTCCC,0.00045161290322580643
DDPM,1800,TCTCCG,0.000767741935483871
DDPM,1800,TCTCCT,0.0009741935483870967
DDPM,1800,TCTCGA,0.00038064516129032255
DDPM,1800,TCTCGC,0.0002645161290322581
DDPM,1800,TCTCGG,0.0001935483870967742
DDPM,1800,TCTCGT,0.0003935483870967742
DDPM,1800,TCTCTA,0.0007806451612903226
DDPM,1800,TCTCTC,0.002393548387096774
DDPM,1800,TCTCTG,0.0006838709677419355
DDPM,1800,TCTCTT,0.0018064516129032257
DDPM,1800,TCTGAA,0.0005096774193548387
DDPM,1800,TCTGAC,0.00018064516129032257
DDPM,1800,TCTGAG,0.0002451612903225806
DDPM,1800,TCTGAT,0.0005483870967741936
DDPM,1800,TCTGCA,0.00025161290322580645
DDPM,1800,TCTGCC,0.00017419354838709678
DDPM,1800,TCTGCG,0.00015483870967741937
DDPM,1800,TCTGCT,0.0003354838709677419
DDPM,1800,TCTGGA,0.00025806451612903227
DDPM,1800,TCTGGC,0.00011612903225806452
DDPM,1800,TCTGGG,0.00017419354838709678
DDPM,1800,TCTGGT,0.0002838709677419355
DDPM,1800,TCTGTA,0.00025161290322580645
DDPM,1800,TCTGTC,0.0003032258064516129
DDPM,1800,TCTGTG,0.0002645161290322581
DDPM,1800,TCTGTT,0.0007612903225806451
DDPM,1800,TCTTAA,0.000632258064516129
DDPM,1800,TCTTAC,0.0003548387096774194
DDPM,1800,TCTTAG,0.0003032258064516129
DDPM,1800,TCTTAT,0.000632258064516129
DDPM,1800,TCTTCA,0.0012838709677419355
DDPM,1800,TCTTCC,0.0009161290322580645
DDPM,1800,TCTTCG,0.0007290322580645162
DDPM,1800,TCTTCT,0.0029419354838709677
DDPM,1800,TCTTGA,0.0003354838709677419
DDPM,1800,TCTTGC,0.0002967741935483871
DDPM,1800,TCTTGG,0.00030967741935483873
DDPM,1800,TCTTGT,0.00047741935483870966
DDPM,1800,TCTTTA,0.0006258064516129032
DDPM,1800,TCTTTC,0.0011290322580645162
DDPM,1800,TCTTTG,0.0007032258064516129
DDPM,1800,TCTTTT,0.0014451612903225806
DDPM,1800,TGAAAA,0.0007935483870967742
DDPM,1800,TGAAAC,0.0003032258064516129
DDPM,1800,TGAAAG,0.0002967741935483871
DDPM,1800,TGAAAT,0.00045161290322580643
DDPM,1800,TGAACA,0.00021935483870967742
DDPM,1800,TGAACC,0.00023870967741935483
DDPM,1800,TGAACG,7.096774193548388e-05
DDPM,1800,TGAACT,0.00023870967741935483
DDPM,1800,TGAAGA,0.0005612903225806451
DDPM,1800,TGAAGC,0.0002774193548387097
DDPM,1800,TGAAGG,0.00016129032258064516
DDPM,1800,TGAAGT,0.00021290322580645163
DDPM,1800,TGAATA,0.0003161290322580645
DDPM,1800,TGAATC,0.00045806451612903225
DDPM,1800,TGAATG,0.00015483870967741937
DDPM,1800,TGAATT,0.0004967741935483871
DDPM,1800,TGACAA,0.0002451612903225806
DDPM,1800,TGACAC,0.00017419354838709678
DDPM,1800,TGACAG,9.67741935483871e-05
DDPM,1800,TGACAT,0.00023870967741935483
DDPM,1800,TGACCA,0.0001225806451612903
DDPM,1800,TGACCC,0.0001032258064516129
DDPM,1800,TGACCG,7.096774193548388e-05
DDPM,1800,TGACCT,0.0001032258064516129
DDPM,1800,TGACGA,0.00021935483870967742
DDPM,1800,TGACGC,0.0001032258064516129
DDPM,1800,TGACGG,0.0001032258064516129
DDPM,1800,TGACGT,0.00010967741935483871
DDPM,1800,TGACTA,0.00017419354838709678
DDPM,1800,TGACTC,0.00025161290322580645
DDPM,1800,TGACTG,9.67741935483871e-05
DDPM,1800,TGACTT,0.0003161290322580645
DDPM,1800,TGAGAA,0.0003161290322580645
DDPM,1800,TGAGAC,0.00012903225806451613
DDPM,1800,TGAGAG,0.00023225806451612904
DDPM,1800,TGAGAT,0.0003032258064516129
DDPM,1800,TGAGCA,0.00011612903225806452
DDPM,1800,TGAGCC,6.451612903225807e-05
DDPM,1800,TGAGCG,4.516129032258064e-05
DDPM,1800,TGAGCT,0.0002645161290322581
DDPM,1800,TGAGGA,0.0001870967741935484
DDPM,1800,TGAGGC,7.741935483870968e-05
DDPM,1800,TGAGGG,5.806451612903226e-05
DDPM,1800,TGAGGT,9.032258064516129e-05
DDPM,1800,TGAGTA,0.00010967741935483871
DDPM,1800,TGAGTC,0.00013548387096774193
DDPM,1800,TGAGTG,0.00010967741935483871
DDPM,1800,TGAGTT,0.0003161290322580645
DDPM,1800,TGATAA,0.0003354838709677419
DDPM,1800,TGATAC,0.0002
DDPM,1800,TGATAG,0.00015483870967741937
DDPM,1800,TGATAT,0.00029032258064516127
DDPM,1800,TGATCA,0.00034838709677419355
DDPM,1800,TGATCC,0.0003354838709677419
DDPM,1800,TGATCG,0.0002451612903225806
DDPM,1800,TGATCT,0.00047741935483870966
DDPM,1800,TGATGA,0.00045806451612903225
DDPM,1800,TGATGC,0.00014193548387096775
DDPM,1800,TGATGG,0.0001870967741935484
DDPM,1800,TGATGT,0.00034193548387096773
DDPM,1800,TGATTA,0.0004
DDPM,1800,TGATTC,0.0005096774193548387
DDPM,1800,TGATTG,0.00038064516129032255
DDPM,1800,TGATTT,0.0008967741935483871
DDPM,1800,TGCAAA,0.00023870967741935483
DDPM,1800,TGCAAC,0.00013548387096774193
DDPM,1800,TGCAAG,8.387096774193548e-05
DDPM,1800,TGCAAT,0.00025161290322580645
DDPM,1800,TGCACA,5.161290322580645e-05
DDPM,1800,TGCACC,7.741935483870968e-05
DDPM,1800,TGCACG,3.2258064516129034e-05
DDPM,1800,TGCACT,9.67741935483871e-05
DDPM,1800,TGCAGA,0.00012903225806451613
DDPM,1800,TGCAGC,0.0001032258064516129
DDPM,1800,TGCAGG,4.516129032258064e-05
DDPM,1800,TGCAGT,6.451612903225807e-05
DDPM,1800,TGCATA,0.00015483870967741937
DDPM,1800,TGCATC,0.00016774193548387096
DDPM,1800,TGCATG,6.451612903225807e-05
DDPM,1800,TGCATT,0.0001870967741935484
DDPM,1800,TGCCAA,0.00013548387096774193
DDPM,1800,TGCCAC,0.0001225806451612903
DDPM,1800,TGCCAG,4.516129032258064e-05
DDPM,1800,TGCCAT,8.387096774193548e-05
DDPM,1800,TGCCCA,7.096774193548388e-05
DDPM,1800,TGCCCC,3.870967741935484e-05
DDPM,1800,TGCCCG,3.870967741935484e-05
DDPM,1800,TGCCCT,5.806451612903226e-05
DDPM,1800,TGCCGA,7.096774193548388e-05
DDPM,1800,TGCCGC,5.806451612903226e-05
DDPM,1800,TGCCGG,3.2258064516129034e-05
DDPM,1800,TGCCGT,0.0001032258064516129
DDPM,1800,TGCCTA,0.0001225806451612903
DDPM,1800,TGCCTC,0.00018064516129032257
DDPM,1800,TGCCTG,3.870967741935484e-05
DDPM,1800,TGCCTT,0.0001870967741935484
DDPM,1800,TGCGAA,0.00010967741935483871
DDPM,1800,TGCGAC,5.806451612903226e-05
DDPM,1800,TGCGAG,6.451612903225807e-05
DDPM,1800,TGCGAT,0.00015483870967741937
DDPM,1800,TGCGCA,3.2258064516129034e-05
DDPM,1800,TGCGCC,3.870967741935484e-05
DDPM,1800,TGCGCG,3.870967741935484e-05
DDPM,1800,TGCGCT,5.806451612903226e-05
DDPM,1800,TGCGGA,7.096774193548388e-05
DDPM,1800,TGCGGC,5.161290322580645e-05
DDPM,1800,TGCGGG,5.161290322580645e-05
DDPM,1800,TGCGGT,2.5806451612903226e-05
DDPM,1800,TGCGTA,9.67741935483871e-05
DDPM,1800,TGCGTC,5.806451612903226e-05
DDPM,1800,TGCGTG,6.451612903225807e-05
DDPM,1800,TGCGTT,0.00014838709677419355
DDPM,1800,TGCTAA,0.00014193548387096775
DDPM,1800,TGCTAC,0.0001225806451612903
DDPM,1800,TGCTAG,0.00011612903225806452
DDPM,1800,TGCTAT,9.032258064516129e-05
DDPM,1800,TGCTCA,0.0002451612903225806
DDPM,1800,TGCTCC,0.0001935483870967742
DDPM,1800,TGCTCG,7.096774193548388e-05
DDPM,1800,TGCTCT,0.0003225806451612903
DDPM,1800,TGCTGA,0.00013548387096774193
DDPM,1800,TGCTGC,0.0001032258064516129
DDPM,1800,TGCTGG,7.741935483870968e-05
DDPM,1800,TGCTGT,9.67741935483871e-05
DDPM,1800,TGCTTA,0.0002451612903225806
DDPM,1800,TGCTTC,0.0005870967741935484
DDPM,1800,TGCTTG,0.00022580645161290321
DDPM,1800,TGCTTT,0.00043870967741935484
DDPM,1800,TGGAAA,0.00043870967741935484
DDPM,1800,TGGAAC,0.0001870967741935484
DDPM,1800,TGGAAG,0.0002064516129032258
DDPM,1800,TGGAAT,0.00029032258064516127
DDPM,1800,TGGACA,0.00017419354838709678
DDPM,1800,TGGACC,7.741935483870968e-05
DDPM,1800,TGGACG,8.387096774193548e-05
DDPM,1800,TGGACT,8.387096774193548e-05
DDPM,1800,TGGAGA,0.0003225806451612903
DDPM,1800,TGGAGC,0.00013548387096774193
DDPM,1800,TGGAGG,0.00018064516129032257
DDPM,1800,TGGAGT,0.0001870967741935484
DDPM,1800,TGGATA,0.00012903225806451613
DDPM,1800,TGGATC,0.00025161290322580645
DDPM,1800,TGGATG,0.0001870967741935484
DDPM,1800,TGGATT,0.00043870967741935484
DDPM,1800,TGGCAA,0.0002064516129032258
DDPM,1800,TGGCAC,6.451612903225807e-05
DDPM,1800,TGGCAG,0.00011612903225806452
DDPM,1800,TGGCAT,0.0001225806451612903
DDPM,1800,TGGCCA,0.00013548387096774193
DDPM,1800,TGGCCC,5.806451612903226e-05
DDPM,1800,TGGCCG,5.806451612903226e-05
DDPM,1800,TGGCCT,9.032258064516129e-05
DDPM,1800,TGGCGA,0.00016129032258064516
DDPM,1800,TGGCGC,8.387096774193548e-05
DDPM,1800,TGGCGG,0.00014193548387096775
DDPM,1800,TGGCGT,5.806451612903226e-05
DDPM,1800,TGGCTA,0.00015483870967741937
DDPM,1800,TGGCTC,0.00018064516129032257
DDPM,1800,TGGCTG,0.00016129032258064516
DDPM,1800,TGGCTT,0.0002451612903225806
DDPM,1800,TGGGAA,0.00022580645161290321
DDPM,1800,TGGGAC,5.161290322580645e-05
DDPM,1800,TGGGAG,0.00011612903225806452
DDPM,1800,TGGGAT,0.00018064516129032257
DDPM,1800,TGGGCA,0.0001032258064516129
DDPM,1800,TGGGCC,0.00016774193548387096
DDPM,1800,TGGGCG,5.806451612903226e-05
DDPM,1800,TGGGCT,8.387096774193548e-05
DDPM,1800,TGGGGA,6.451612903225807e-05
DDPM,1800,TGGGGC,3.870967741935484e-05
DDPM,1800,TGGGGG,3.870967741935484e-05
DDPM,1800,TGGGGT,0.00011612903225806452
DDPM,1800,TGGGTA,9.67741935483871e-05
DDPM,1800,TGGGTC,0.00014838709677419355
DDPM,1800,TGGGTG,0.00012903225806451613
DDPM,1800,TGGGTT,0.00042580645161290325
DDPM,1800,TGGTAA,0.00016129032258064516
DDPM,1800,TGGTAC,5.806451612903226e-05
DDPM,1800,TGGTAG,0.00012903225806451613
DDPM,1800,TGGTAT,0.00017419354838709678
DDPM,1800,TGGTCA,0.0001870967741935484
DDPM,1800,TGGTCC,0.00011612903225806452
DDPM,1800,TGGTCG,8.387096774193548e-05
DDPM,1800,TGGTCT,0.0001870967741935484
DDPM,1800,TGGTGA,0.0002
DDPM,1800,TGGTGC,7.741935483870968e-05
DDPM,1800,TGGTGG,0.00016774193548387096
DDPM,1800,TGGTGT,0.00012903225806451613
DDPM,1800,TGGTTA,0.00036129032258064514
DDPM,1800,TGGTTC,0.0002645161290322581
DDPM,1800,TGGTTG,0.0002451612903225806
DDPM,1800,TGGTTT,0.0006774193548387097
DDPM,1800,TGTAAA,0.00045806451612903225
DDPM,1800,TGTAAC,0.00016774193548387096
DDPM,1800,TGTAAG,0.00012903225806451613
DDPM,1800,TGTAAT,0.00034193548387096773
DDPM,1800,TGTACA,9.67741935483871e-05
DDPM,1800,TGTACC,0.0001032258064516129
DDPM,1800,TGTACG,6.451612903225807e-05
DDPM,1800,TGTACT,0.00012903225806451613
DDPM,1800,TGTAGA,0.0002064516129032258
DDPM,1800,TGTAGC,0.00011612903225806452
DDPM,1800,TGTAGG,3.870967741935484e-05
DDPM,1800,TGTAGT,0.0001870967741935484
DDPM,1800,TGTATA,0.00015483870967741937
DDPM,1800,TGTATC,0.0002451612903225806
DDPM,1800,TGTATG,0.00013548387096774193
DDPM,1800,TGTATT,0.00034193548387096773
DDPM,1800,TGTCAA,0.00034838709677419355
DDPM,1800,TGTCAC,0.0001870967741935484
DDPM,1800,TGTCAG,0.00012903225806451613
DDPM,1800,TGTCAT,0.0002645161290322581
DDPM,1800,TGTCCA,0.00017419354838709678
DDPM,1800,TGTCCC,0.00014193548387096775
DDPM,1800,TGTCCG,7.741935483870968e-05
DDPM,1800,TGTCCT,9.67741935483871e-05
DDPM,1800,TGTCGA,0.00011612903225806452
DDPM,1800,TGTCGC,0.00014838709677419355
DDPM,1800,TGTCGG,9.67741935483871e-05
DDPM,1800,TGTCGT,0.00015483870967741937
DDPM,1800,TGTCTA,0.00023870967741935483
DDPM,1800,TGTCTC,0.0003225806451612903
DDPM,1800,TGTCTG,0.0001870967741935484
DDPM,1800,TGTCTT,0.0003225806451612903
DDPM,1800,TGTGAA,0.0003032258064516129
DDPM,1800,TGTGAC,0.00014838709677419355
DDPM,1800,TGTGAG,9.67741935483871e-05
DDPM,1800,TGTGAT,0.00036129032258064514
DDPM,1800,TGTGCA,0.00010967741935483871
DDPM,1800,TGTGCC,5.806451612903226e-05
DDPM,1800,TGTGCG,1.935483870967742e-05
DDPM,1800,TGTGCT,0.00010967741935483871
DDPM,1800,TGTGGA,0.00015483870967741937
DDPM,1800,TGTGGC,0.00014193548387096775
DDPM,1800,TGTGGG,0.00010967741935483871
DDPM,1800,TGTGGT,0.00023225806451612904
DDPM,1800,TGTGTA,0.00016129032258064516
DDPM,1800,TGTGTC,0.00015483870967741937
DDPM,1800,TGTGTG,0.0001870967741935484
DDPM,1800,TGTGTT,0.00041935483870967743
DDPM,1800,TGTTAA,0.00036129032258064514
DDPM,1800,TGTTAC,0.0002451612903225806
DDPM,1800,TGTTAG,0.00013548387096774193
DDPM,1800,TGTTAT,0.0004
DDPM,1800,TGTTCA,0.0003548387096774194
DDPM,1800,TGTTCC,0.0002838709677419355
DDPM,1800,TGTTCG,0.00023225806451612904
DDPM,1800,TGTTCT,0.0004064516129032258
DDPM,1800,TGTTGA,0.00041935483870967743
DDPM,1800,TGTTGC,0.00021290322580645163
DDPM,1800,TGTTGG,0.00023870967741935483
DDPM,1800,TGTTGT,0.000432258064516129
DDPM,1800,TGTTTA,0.0005290322580645162
DDPM,1800,TGTTTC,0.0008
DDPM,1800,TGTTTG,0.0005483870967741936
DDPM,1800,TGTTTT,0.001232258064516129
DDPM,1800,TTAAAA,0.0012129032258064516
DDPM,1800,TTAAAC,0.0005096774193548387
DDPM,1800,TTAAAG,0.00043870967741935484
DDPM,1800,TTAAAT,0.0008129032258064516
DDPM,1800,TTAACA,0.00034193548387096773
DDPM,1800,TTAACC,0.00032903225806451614
DDPM,1800,TTAACG,0.0001935483870967742
DDPM,1800,TTAACT,0.00036774193548387097
DDPM,1800,TTAAGA,0.0003032258064516129
DDPM,1800,TTAAGC,0.0002451612903225806
DDPM,1800,TTAAGG,0.00014193548387096775
DDPM,1800,TTAAGT,0.0002774193548387097
DDPM,1800,TTAATA,0.0005741935483870968
DDPM,1800,TTAATC,0.000535483870967742
DDPM,1800,TTAATG,0.0003548387096774194
DDPM,1800,TTAATT,0.0008064516129032258
DDPM,1800,TTACAA,0.0005290322580645162
DDPM,1800,TTACAC,0.00021935483870967742
DDPM,1800,TTACAG,0.0002
DDPM,1800,TTACAT,0.00029032258064516127
DDPM,1800,TTACCA,0.0002645161290322581
DDPM,1800,TTACCC,0.00013548387096774193
DDPM,1800,TTACCG,0.00017419354838709678
DDPM,1800,TTACCT,0.00029032258064516127
DDPM,1800,TTACGA,0.00021290322580645163
DDPM,1800,TTACGC,0.0001032258064516129
DDPM,1800,TTACGG,7.741935483870968e-05
DDPM,1800,TTACGT,0.00016129032258064516
DDPM,1800,TTACTA,0.0002645161290322581
DDPM,1800,TTACTC,0.00043870967741935484
DDPM,1800,TTACTG,0.00015483870967741937
DDPM,1800,TTACTT,0.0005032258064516129
DDPM,1800,TTAGAA,0.0005483870967741936
DDPM,1800,TTAGAC,0.00014193548387096775
DDPM,1800,TTAGAG,0.00029032258064516127
DDPM,1800,TTAGAT,0.00043870967741935484
DDPM,1800,TTAGCA,0.0001870967741935484
DDPM,1800,TTAGCC,0.00016774193548387096
DDPM,1800,TTAGCG,8.387096774193548e-05
DDPM,1800,TTAGCT,0.0003225806451612903
DDPM,1800,TTAGGA,0.00017419354838709678
DDPM,1800,TTAGGC,0.00011612903225806452
DDPM,1800,TTAGGG,0.00017419354838709678
DDPM,1800,TTAGGT,0.00015483870967741937
DDPM,1800,TTAGTA,0.00021935483870967742
DDPM,1800,TTAGTC,0.00014193548387096775
DDPM,1800,TTAGTG,0.00013548387096774193
DDPM,1800,TTAGTT,0.00043870967741935484
DDPM,1800,TTATAA,0.0006645161290322581
DDPM,1800,TTATAC,0.0002451612903225806
DDPM,1800,TTATAG,0.00025161290322580645
DDPM,1800,TTATAT,0.0008
DDPM,1800,TTATCA,0.0005161290322580645
DDPM,1800,TTATCC,0.00030967741935483873
DDPM,1800,TTATCG,0.00023225806451612904
DDPM,1800,TTATCT,0.0008129032258064516
DDPM,1800,TTATGA,0.00032903225806451614
DDPM,1800,TTATGC,0.00016129032258064516
DDPM,1800,TTATGG,0.00034838709677419355
DDPM,1800,TTATGT,0.00027096774193548386
DDPM,1800,TTATTA,0.0006451612903225806
DDPM,1800,TTATTC,0.00045806451612903225
DDPM,1800,TTATTG,0.0004064516129032258
DDPM,1800,TTATTT,0.0012129032258064516
DDPM,1800,TTCAAA,0.0009419354838709678
DDPM,1800,TTCAAC,0.0005935483870967742
DDPM,1800,TTCAAG,0.0003741935483870968
DDPM,1800,TTCAAT,0.0009548387096774193
DDPM,1800,TTCACA,0.0004129032258064516
DDPM,1800,TTCACC,0.0004709677419354839
DDPM,1800,TTCACG,0.00012903225806451613
DDPM,1800,TTCACT,0.00042580645161290325
DDPM,1800,TTCAGA,0.0004709677419354839
DDPM,1800,TTCAGC,0.00029032258064516127
DDPM,1800,TTCAGG,0.00013548387096774193
DDPM,1800,TTCAGT,0.0002838709677419355
DDPM,1800,TTCATA,0.00041935483870967743
DDPM,1800,TTCATC,0.0009161290322580645
DDPM,1800,TTCATG,0.0003354838709677419
DDPM,1800,TTCATT,0.0008838709677419354
DDPM,1800,TTCCAA,0.0006
DDPM,1800,TTCCAC,0.00034193548387096773
DDPM,1800,TTCCAG,0.00015483870967741937
DDPM,1800,TTCCAT,0.0005225806451612903
DDPM,1800,TTCCCA,0.0003032258064516129
DDPM,1800,TTCCCC,0.0002
DDPM,1800,TTCCCG,0.0001935483870967742
DDPM,1800,TTCCCT,0.0004064516129032258
DDPM,1800,TTCCGA,0.00029032258064516127
DDPM,1800,TTCCGC,0.00010967741935483871
DDPM,1800,TTCCGG,0.00018064516129032257
DDPM,1800,TTCCGT,0.0001935483870967742
DDPM,1800,TTCCTA,0.0002838709677419355
DDPM,1800,TTCCTC,0.0009032258064516129
DDPM,1800,TTCCTG,0.0001935483870967742
DDPM,1800,TTCCTT,0.0008129032258064516
DDPM,1800,TTCGAA,0.00042580645161290325
DDPM,1800,TTCGAC,0.00025806451612903227
DDPM,1800,TTCGAG,0.00022580645161290321
DDPM,1800,TTCGAT,0.0007032258064516129
DDPM,1800,TTCGCA,0.00013548387096774193
DDPM,1800,TTCGCC,0.00017419354838709678
DDPM,1800,TTCGCG,0.0001032258064516129
DDPM,1800,TTCGCT,0.0002967741935483871
DDPM,1800,TTCGGA,0.0001935483870967742
DDPM,1800,TTCGGC,8.387096774193548e-05
DDPM,1800,TTCGGG,6.451612903225807e-05
DDPM,1800,TTCGGT,0.0002645161290322581
DDPM,1800,TTCGTA,0.0001935483870967742
DDPM,1800,TTCGTC,0.00044516129032258066
DDPM,1800,TTCGTG,0.00022580645161290321
DDPM,1800,TTCGTT,0.0006451612903225806
DDPM,1800,TTCTAA,0.0006
DDPM,1800,TTCTAC,0.0003741935483870968
DDPM,1800,TTCTAG,0.00036129032258064514
DDPM,1800,TTCTAT,0.0006064516129032258
DDPM,1800,TTCTCA,0.0008709677419354839
DDPM,1800,TTCTCC,0.0012258064516129032
DDPM,1800,TTCTCG,0.00045806451612903225
DDPM,1800,TTCTCT,0.0018838709677419356
DDPM,1800,TTCTGA,0.0005419354838709677
DDPM,1800,TTCTGC,0.00025806451612903227
DDPM,1800,TTCTGG,0.0002774193548387097
DDPM,1800,TTCTGT,0.0005096774193548387
DDPM,1800,TTCTTA,0.0008064516129032258
DDPM,1800,TTCTTC,0.0028451612903225808
DDPM,1800,TTCTTG,0.0005806451612903225
DDPM,1800,TTCTTT,0.0017354838709677418
DDPM,1800,TTGAAA,0.0005741935483870968
DDPM,1800,TTGAAC,0.00022580645161290321
DDPM,1800,TTGAAG,0.00038064516129032255
DDPM,1800,TTGAAT,0.0005290322580645162
DDPM,1800,TTGACA,0.00029032258064516127
DDPM,1800,TTGACC,0.00010967741935483871
DDPM,1800,TTGACG,0.0002064516129032258
DDPM,1800,TTGACT,0.00038064516129032255
DDPM,1800,TTGAGA,0.0003225806451612903
DDPM,1800,TTGAGC,0.0002064516129032258
DDPM,1800,TTGAGG,0.00016129032258064516
DDPM,1800,TTGAGT,0.0002774193548387097
DDPM,1800,TTGATA,0.00041935483870967743
DDPM,1800,TTGATC,0.000535483870967742
DDPM,1800,TTGATG,0.00043870967741935484
DDPM,1800,TTGATT,0.001032258064516129
DDPM,1800,TTGCAA,0.0002451612903225806
DDPM,1800,TTGCAC,9.032258064516129e-05
DDPM,1800,TTGCAG,0.0001225806451612903
DDPM,1800,TTGCAT,0.00021935483870967742
DDPM,1800,TTGCCA,0.00014838709677419355
DDPM,1800,TTGCCC,9.032258064516129e-05
DDPM,1800,TTGCCG,9.67741935483871e-05
DDPM,1800,TTGCCT,0.00023870967741935483
DDPM,1800,TTGCGA,0.00016129032258064516
DDPM,1800,TTGCGC,6.451612903225807e-05
DDPM,1800,TTGCGG,5.806451612903226e-05
DDPM,1800,TTGCGT,0.00015483870967741937
DDPM,1800,TTGCTA,0.00025806451612903227
DDPM,1800,TTGCTC,0.0003935483870967742
DDPM,1800,TTGCTG,0.00016129032258064516
DDPM,1800,TTGCTT,0.0006645161290322581
DDPM,1800,TTGGAA,0.0003548387096774194
DDPM,1800,TTGGAC,0.00017419354838709678
DDPM,1800,TTGGAG,0.0002967741935483871
DDPM,1800,TTGGAT,0.0004
DDPM,1800,TTGGCA,0.0001870967741935484
DDPM,1800,TTGGCC,9.67741935483871e-05
DDPM,1800,TTGGCG,9.67741935483871e-05
DDPM,1800,TTGGCT,0.0002451612903225806
DDPM,1800,TTGGGA,0.0002064516129032258
DDPM,1800,TTGGGC,0.00021290322580645163
DDPM,1800,TTGGGG,9.67741935483871e-05
DDPM,1800,TTGGGT,0.00041935483870967743
DDPM,1800,TTGGTA,0.00023225806451612904
DDPM,1800,TTGGTC,0.0002064516129032258
DDPM,1800,TTGGTG,0.00021935483870967742
DDPM,1800,TTGGTT,0.0006451612903225806
DDPM,1800,TTGTAA,0.00043870967741935484
DDPM,1800,TTGTAC,0.00013548387096774193
DDPM,1800,TTGTAG,0.0001935483870967742
DDPM,1800,TTGTAT,0.00032903225806451614
DDPM,1800,TTGTCA,0.00036129032258064514
DDPM,1800,TTGTCC,0.00017419354838709678
DDPM,1800,TTGTCG,0.0002064516129032258
DDPM,1800,TTGTCT,0.0004967741935483871
DDPM,1800,TTGTGA,0.00038064516129032255
DDPM,1800,TTGTGC,0.00012903225806451613
DDPM,1800,TTGTGG,0.0002838709677419355
DDPM,1800,TTGTGT,0.0004064516129032258
DDPM,1800,TTGTTA,0.00041935483870967743
DDPM,1800,TTGTTC,0.000567741935483871
DDPM,1800,TTGTTG,0.0005806451612903225
DDPM,1800,TTGTTT,0.001464516129032258
DDPM,1800,TTTAAA,0.0010129032258064516
DDPM,1800,TTTAAC,0.0004064516129032258
DDPM,1800,TTTAAG,0.0003161290322580645
DDPM,1800,TTTAAT,0.0009354838709677419
DDPM,1800,TTTACA,0.0004838709677419355
DDPM,1800,TTTACC,0.0003225806451612903
DDPM,1800,TTTACG,0.0002064516129032258
DDPM,1800,TTTACT,0.0005483870967741936
DDPM,1800,TTTAGA,0.0005419354838709677
DDPM,1800,TTTAGC,0.0002451612903225806
DDPM,1800,TTTAGG,0.0002645161290322581
DDPM,1800,TTTAGT,0.0003548387096774194
DDPM,1800,TTTATA,0.0006967741935483871
DDPM,1800,TTTATC,0.0008064516129032258
DDPM,1800,TTTATG,0.000432258064516129
DDPM,1800,TTTATT,0.0012064516129032259
DDPM,1800,TTTCAA,0.0009806451612903225
DDPM,1800,TTTCAC,0.0005290322580645162
DDPM,1800,TTTCAG,0.0003548387096774194
DDPM,1800,TTTCAT,0.0008774193548387097
DDPM,1800,TTTCCA,0.0005612903225806451
DDPM,1800,TTTCCC,0.00041935483870967743
DDPM,1800,TTTCCG,0.0002774193548387097
DDPM,1800,TTTCCT,0.0008193548387096774
DDPM,1800,TTTCGA,0.0005032258064516129
DDPM,1800,TTTCGC,0.0002451612903225806
DDPM,1800,TTTCGG,0.0001935483870967742
DDPM,1800,TTTCGT,0.0005612903225806451
DDPM,1800,TTTCTA,0.0008064516129032258
DDPM,1800,TTTCTC,0.0016064516129032258
DDPM,1800,TTTCTG,0.0006709677419354838
DDPM,1800,TTTCTT,0.002070967741935484
DDPM,1800,TTTGAA,0.0007290322580645162
DDPM,1800,TTTGAC,0.0003161290322580645
DDPM,1800,TTTGAG,0.0003741935483870968
DDPM,1800,TTTGAT,0.0011225806451612903
DDPM,1800,TTTGCA,0.00025161290322580645
DDPM,1800,TTTGCC,0.0002774193548387097
DDPM,1800,TTTGCG,0.0001870967741935484
DDPM,1800,TTTGCT,0.0006774193548387097
DDPM,1800,TTTGGA,0.0005870967741935484
DDPM,1800,TTTGGC,0.0002
DDPM,1800,TTTGGG,0.000432258064516129
DDPM,1800,TTTGGT,0.0005806451612903225
DDPM,1800,TTTGTA,0.0004064516129032258
DDPM,1800,TTTGTC,0.0005483870967741936
DDPM,1800,TTTGTG,0.000567741935483871
DDPM,1800,TTTGTT,0.0014774193548387096
DDPM,1800,TTTTAA,0.0010903225806451612
DDPM,1800,TTTTAC,0.0005548387096774194
DDPM,1800,TTTTAG,0.000535483870967742
DDPM,1800,TTTTAT,0.0013741935483870967
DDPM,1800,TTTTCA,0.0009483870967741936
DDPM,1800,TTTTCC,0.0008709677419354839
DDPM,1800,TTTTCG,0.0005612903225806451
DDPM,1800,TTTTCT,0.0018129032258064517
DDPM,1800,TTTTGA,0.0010064516129032258
DDPM,1800,TTTTGC,0.0005225806451612903
DDPM,1800,TTTTGG,0.0007096774193548388
DDPM,1800,TTTTGT,0.0014258064516129033
DDPM,1800,TTTTTA,0.0014451612903225806
DDPM,1800,TTTTTC,0.0015483870967741935
DDPM,1800,TTTTTG,0.0013935483870967742
DDPM,1800,TTTTTT,0.003980645161290323
DDPM,2000,AAAAAA,0.0035870967741935484
DDPM,2000,AAAAAC,0.0009548387096774193
DDPM,2000,AAAAAG,0.0010580645161290324
DDPM,2000,AAAAAT,0.0013419354838709676
DDPM,2000,AAAACA,0.0008516129032258065
DDPM,2000,AAAACC,0.0006903225806451613
DDPM,2000,AAAACG,0.0004
DDPM,2000,AAAACT,0.0006774193548387097
DDPM,2000,AAAAGA,0.0011225806451612903
DDPM,2000,AAAAGC,0.0005096774193548387
DDPM,2000,AAAAGG,0.00038064516129032255
DDPM,2000,AAAAGT,0.0006129032258064516
DDPM,2000,AAAATA,0.0009225806451612903
DDPM,2000,AAAATC,0.0008451612903225806
DDPM,2000,AAAATG,0.0005741935483870968
DDPM,2000,AAAATT,0.0010258064516129033
DDPM,2000,AAACAA,0.001
DDPM,2000,AAACAC,0.00038064516129032255
DDPM,2000,AAACAG,0.00034838709677419355
DDPM,2000,AAACAT,0.000432258064516129
DDPM,2000,AAACCA,0.0006129032258064516
DDPM,2000,AAACCC,0.0005032258064516129
DDPM,2000,AAACCG,0.00025806451612903227
DDPM,2000,AAACCT,0.0003741935483870968
DDPM,2000,AAACGA,0.0003354838709677419
DDPM,2000,AAACGC,0.00023225806451612904
DDPM,2000,AAACGG,0.00021290322580645163
DDPM,2000,AAACGT,0.0003161290322580645
DDPM,2000,AAACTA,0.0002967741935483871
DDPM,2000,AAACTC,0.0006838709677419355
DDPM,2000,AAACTG,0.0003225806451612903
DDPM,2000,AAACTT,0.00045161290322580643
DDPM,2000,AAAGAA,0.0010838709677419354
DDPM,2000,AAAGAC,0.0004129032258064516
DDPM,2000,AAAGAG,0.0005806451612903225
DDPM,2000,AAAGAT,0.0006645161290322581
DDPM,2000,AAAGCA,0.0003935483870967742
DDPM,2000,AAAGCC,0.00036774193548387097
DDPM,2000,AAAGCG,0.00023870967741935483
DDPM,2000,AAAGCT,0.0005161290322580645
DDPM,2000,AAAGGA,0.0003935483870967742
DDPM,2000,AAAGGC,0.00029032258064516127
DDPM,2000,AAAGGG,0.00015483870967741937
DDPM,2000,AAAGGT,0.0002774193548387097
DDPM,2000,AAAGTA,0.00034193548387096773
DDPM,2000,AAAGTC,0.0003548387096774194
DDPM,2000,AAAGTG,0.0002064516129032258
DDPM,2000,AAAGTT,0.0006258064516129032
DDPM,2000,AAATAA,0.0009290322580645161
DDPM,2000,AAATAC,0.0003870967741935484
DDPM,2000,AAATAG,0.00043870967741935484
DDPM,2000,AAATAT,0.0007612903225806451
DDPM,2000,AAATCA,0.0006516129032258064
DDPM,2000,AAATCC,0.0005096774193548387
DDPM,2000,AAATCG,0.000432258064516129
DDPM,2000,AAATCT,0.0008709677419354839
DDPM,2000,AAATGA,0.00047741935483870966
DDPM,2000,AAATGC,0.0002064516129032258
DDPM,2000,AAATGG,0.0004709677419354839
DDPM,2000,AAATGT,0.00046451612903225807
DDPM,2000,AAATTA,0.0007032258064516129
DDPM,2000,AAATTC,0.0006774193548387097
DDPM,2000,AAATTG,0.0006451612903225806
DDPM,2000,AAATTT,0.0010580645161290324
DDPM,2000,AACAAA,0.0010774193548387097
DDPM,2000,AACAAC,0.00036774193548387097
DDPM,2000,AACAAG,0.0003548387096774194
DDPM,2000,AACAAT,0.0004838709677419355
DDPM,2000,AACACA,0.00042580645161290325
DDPM,2000,AACACC,0.00016129032258064516
DDPM,2000,AACACG,0.00022580645161290321
DDPM,2000,AACACT,0.00018064516129032257
DDPM,2000,AACAGA,0.00036129032258064514
DDPM,2000,AACAGC,9.032258064516129e-05
DDPM,2000,AACAGG,9.032258064516129e-05
DDPM,2000,AACAGT,0.00025806451612903227
DDPM,2000,AACATA,0.00034193548387096773
DDPM,2000,AACATC,0.00036774193548387097
DDPM,2000,AACATG,0.00016774193548387096
DDPM,2000,AACATT,0.00045161290322580643
DDPM,2000,AACCAA,0.0005741935483870968
DDPM,2000,AACCAC,0.0002774193548387097
DDPM,2000,AACCAG,0.0002838709677419355
DDPM,2000,AACCAT,0.000432258064516129
DDPM,2000,AACCCA,0.00045806451612903225
DDPM,2000,AACCCC,0.0002064516129032258
DDPM,2000,AACCCG,0.0002451612903225806
DDPM,2000,AACCCT,0.0002838709677419355
DDPM,2000,AACCGA,0.00023870967741935483
DDPM,2000,AACCGC,9.67741935483871e-05
DDPM,2000,AACCGG,0.0002
DDPM,2000,AACCGT,0.0002645161290322581
DDPM,2000,AACCTA,0.0002
DDPM,2000,AACCTC,0.0002838709677419355
DDPM,2000,AACCTG,0.0002
DDPM,2000,AACCTT,0.0002967741935483871
DDPM,2000,AACGAA,0.0002967741935483871
DDPM,2000,AACGAC,0.0002
DDPM,2000,AACGAG,0.00018064516129032257
DDPM,2000,AACGAT,0.0003161290322580645
DDPM,2000,AACGCA,0.0001032258064516129
DDPM,2000,AACGCC,0.0001032258064516129
DDPM,2000,AACGCG,7.741935483870968e-05
DDPM,2000,AACGCT,0.00021290322580645163
DDPM,2000,AACGGA,0.00016774193548387096
DDPM,2000,AACGGC,0.00014838709677419355
DDPM,2000,AACGGG,9.67741935483871e-05
DDPM,2000,AACGGT,0.00012903225806451613
DDPM,2000,AACGTA,0.00016774193548387096
DDPM,2000,AACGTC,0.00025161290322580645
DDPM,2000,AACGTG,0.00016129032258064516
DDPM,2000,AACGTT,0.00025161290322580645
DDPM,2000,AACTAA,0.0003741935483870968
DDPM,2000,AACTAC,0.00013548387096774193
DDPM,2000,AACTAG,0.00014838709677419355
DDPM,2000,AACTAT,0.0002
DDPM,2000,AACTCA,0.0004
DDPM,2000,AACTCC,0.0003548387096774194
DDPM,2000,AACTCG,0.00027096774193548386
DDPM,2000,AACTCT,0.00038064516129032255
DDPM,2000,AACTGA,0.00025161290322580645
DDPM,2000,AACTGC,0.00012903225806451613
DDPM,2000,AACTGG,0.0001225806451612903
DDPM,2000,AACTGT,0.00018064516129032257
DDPM,2000,AACTTA,0.00023225806451612904
DDPM,2000,AACTTC,0.0004129032258064516
DDPM,2000,AACTTG,0.0002451612903225806
DDPM,2000,AACTTT,0.0004903225806451613
DDPM,2000,AAGAAA,0.0010580645161290324
DDPM,2000,AAGAAC,0.0003935483870967742
DDPM,2000,AAGAAG,0.0009483870967741936
DDPM,2000,AAGAAT,0.0005161290322580645
DDPM,2000,AAGACA,0.00034193548387096773
DDPM,2000,AAGACC,0.00023870967741935483
DDPM,2000,AAGACG,0.00021290322580645163
DDPM,2000,AAGACT,0.0002967741935483871
DDPM,2000,AAGAGA,0.0005806451612903225
DDPM,2000,AAGAGC,0.00017419354838709678
DDPM,2000,AAGAGG,0.00022580645161290321
DDPM,2000,AAGAGT,0.0003225806451612903
DDPM,2000,AAGATA,0.00045161290322580643
DDPM,2000,AAGATC,0.0004
DDPM,2000,AAGATG,0.0004838709677419355
DDPM,2000,AAGATT,0.0006387096774193549
DDPM,2000,AAGCAA,0.0003870967741935484
DDPM,2000,AAGCAC,0.00014838709677419355
DDPM,2000,AAGCAG,0.0003354838709677419
DDPM,2000,AAGCAT,0.0002645161290322581
DDPM,2000,AAGCCA,0.0002774193548387097
DDPM,2000,AAGCCC,0.00030967741935483873
DDPM,2000,AAGCCG,0.00017419354838709678
DDPM,2000,AAGCCT,0.0002967741935483871
DDPM,2000,AAGCGA,0.00021290322580645163
DDPM,2000,AAGCGC,5.806451612903226e-05
DDPM,2000,AAGCGG,0.00014193548387096775
DDPM,2000,AAGCGT,0.00016129032258064516
DDPM,2000,AAGCTA,0.00032903225806451614
DDPM,2000,AAGCTC,0.00036129032258064514
DDPM,2000,AAGCTG,0.0002451612903225806
DDPM,2000,AAGCTT,0.0006
DDPM,2000,AAGGAA,0.0004129032258064516
DDPM,2000,AAGGAC,0.00021290322580645163
DDPM,2000,AAGGAG,0.0003032258064516129
DDPM,2000,AAGGAT,0.00025161290322580645
DDPM,2000,AAGGCA,0.0001032258064516129
DDPM,2000,AAGGCC,0.0001935483870967742
DDPM,2000,AAGGCG,0.0001032258064516129
DDPM,2000,AAGGCT,0.0002064516129032258
DDPM,2000,AAGGGA,0.0001032258064516129
DDPM,2000,AAGGGC,7.741935483870968e-05
DDPM,2000,AAGGGG,3.870967741935484e-05
DDPM,2000,AAGGGT,9.032258064516129e-05
DDPM,2000,AAGGTA,0.00016129032258064516
DDPM,2000,AAGGTC,0.00016774193548387096
DDPM,2000,AAGGTG,9.032258064516129e-05
DDPM,2000,AAGGTT,0.0003161290322580645
DDPM,2000,AAGTAA,0.0003161290322580645
DDPM,2000,AAGTAC,0.00021935483870967742
DDPM,2000,AAGTAG,0.00021935483870967742
DDPM,2000,AAGTAT,0.00027096774193548386
DDPM,2000,AAGTCA,0.0003225806451612903
DDPM,2000,AAGTCC,0.0001870967741935484
DDPM,2000,AAGTCG,0.00023225806451612904
DDPM,2000,AAGTCT,0.00022580645161290321
DDPM,2000,AAGTGA,0.00027096774193548386
DDPM,2000,AAGTGC,0.0001032258064516129
DDPM,2000,AAGTGG,0.00016774193548387096
DDPM,2000,AAGTGT,0.0002451612903225806
DDPM,2000,AAGTTA,0.0003354838709677419
DDPM,2000,AAGTTC,0.0003870967741935484
DDPM,2000,AAGTTG,0.00034838709677419355
DDPM,2000,AAGTTT,0.0006451612903225806
DDPM,2000,AATAAA,0.0008967741935483871
DDPM,2000,AATAAC,0.00036129032258064514
DDPM,2000,AATAAG,0.0002967741935483871
DDPM,2000,AATAAT,0.0006645161290322581
DDPM,2000,AATACA,0.00034838709677419355
DDPM,2000,AATACC,0.00016129032258064516
DDPM,2000,AATACG,0.00021290322580645163
DDPM,2000,AATACT,0.00025806451612903227
DDPM,2000,AATAGA,0.00034838709677419355
DDPM,2000,AATAGC,8.387096774193548e-05
DDPM,2000,AATAGG,0.0001225806451612903
DDPM,2000,AATAGT,0.0003225806451612903
DDPM,2000,AATATA,0.0006064516129032258
DDPM,2000,AATATC,0.00034838709677419355
DDPM,2000,AATATG,0.0002774193548387097
DDPM,2000,AATATT,0.0006645161290322581
DDPM,2000,AATCAA,0.0006774193548387097
DDPM,2000,AATCAC,0.0003548387096774194
DDPM,2000,AATCAG,0.0002451612903225806
DDPM,2000,AATCAT,0.0006451612903225806
DDPM,2000,AATCCA,0.00045161290322580643
DDPM,2000,AATCCC,0.0002838709677419355
DDPM,2000,AATCCG,0.0002838709677419355
DDPM,2000,AATCCT,0.0004129032258064516
DDPM,2000,AATCGA,0.0004129032258064516
DDPM,2000,AATCGC,0.0001870967741935484
DDPM,2000,AATCGG,0.00027096774193548386
DDPM,2000,AATCGT,0.00044516129032258066
DDPM,2000,AATCTA,0.0004
DDPM,2000,AATCTC,0.0007161290322580645
DDPM,2000,AATCTG,0.00041935483870967743
DDPM,2000,AATCTT,0.0009870967741935485
DDPM,2000,AATGAA,0.0003870967741935484
DDPM,2000,AATGAC,0.00025806451612903227
DDPM,2000,AATGAG,0.00021290322580645163
DDPM,2000,AATGAT,0.0003354838709677419
DDPM,2000,AATGCA,0.00016774193548387096
DDPM,2000,AATGCC,8.387096774193548e-05
DDPM,2000,AATGCG,7.741935483870968e-05
DDPM,2000,AATGCT,0.00013548387096774193
DDPM,2000,AATGGA,0.00034193548387096773
DDPM,2000,AATGGC,0.00036129032258064514
DDPM,2000,AATGGG,0.00023225806451612904
DDPM,2000,AATGGT,0.0002967741935483871
DDPM,2000,AATGTA,0.00025161290322580645
DDPM,2000,AATGTC,0.00023225806451612904
DDPM,2000,AATGTG,0.0001935483870967742
DDPM,2000,AATGTT,0.0005032258064516129
DDPM,2000,AATTAA,0.0007225806451612903
DDPM,2000,AATTAC,0.0003741935483870968
DDPM,2000,AATTAG,0.00043870967741935484
DDPM,2000,AATTAT,0.000632258064516129
DDPM,2000,AATTCA,0.00045806451612903225
DDPM,2000,AATTCC,0.000432258064516129
DDPM,2000,AATTCG,0.0004129032258064516
DDPM,2000,AATTCT,0.0006193548387096775
DDPM,2000,AATTGA,0.0005806451612903225
DDPM,2000,AATTGC,0.0002838709677419355
DDPM,2000,AATTGG,0.0004129032258064516
DDPM,2000,AATTGT,0.00038064516129032255
DDPM,2000,AATTTA,0.000567741935483871
DDPM,2000,AATTTC,0.0008580645161290323
DDPM,2000,AATTTG,0.0007419354838709677
DDPM,2000,AATTTT,0.0013096774193548388
DDPM,2000,ACAAAA,0.000967741935483871
DDPM,2000,ACAAAC,0.00045161290322580643
DDPM,2000,ACAAAG,0.00043870967741935484
DDPM,2000,ACAAAT,0.0006580645161290323
DDPM,2000,ACAACA,0.00043870967741935484
DDPM,2000,ACAACC,0.0002774193548387097
DDPM,2000,ACAACG,0.0002064516129032258
DDPM,2000,ACAACT,0.00023225806451612904
DDPM,2000,ACAAGA,0.0003741935483870968
DDPM,2000,ACAAGC,0.0002451612903225806
DDPM,2000,ACAAGG,0.00018064516129032257
DDPM,2000,ACAAGT,0.00027096774193548386
DDPM,2000,ACAATA,0.0003225806451612903
DDPM,2000,ACAATC,0.0003935483870967742
DDPM,2000,ACAATG,0.0002774193548387097
DDPM,2000,ACAATT,0.0005161290322580645
DDPM,2000,ACACAA,0.00041935483870967743
DDPM,2000,ACACAC,0.00021935483870967742
DDPM,2000,ACACAG,0.00016774193548387096
DDPM,2000,ACACAT,0.00023225806451612904
DDPM,2000,ACACCA,0.00030967741935483873
DDPM,2000,ACACCC,8.387096774193548e-05
DDPM,2000,ACACCG,0.00010967741935483871
DDPM,2000,ACACCT,8.387096774193548e-05
DDPM,2000,ACACGA,0.00014838709677419355
DDPM,2000,ACACGC,0.00011612903225806452
DDPM,2000,ACACGG,0.00014838709677419355
DDPM,2000,ACACGT,0.00021290322580645163
DDPM,2000,ACACTA,0.00016129032258064516
DDPM,2000,ACACTC,0.00016774193548387096
DDPM,2000,ACACTG,0.0001225806451612903
DDPM,2000,ACACTT,0.00023870967741935483
DDPM,2000,ACAGAA,0.00038064516129032255
DDPM,2000,ACAGAC,9.67741935483871e-05
DDPM,2000,ACAGAG,0.00021290322580645163
DDPM,2000,ACAGAT,0.00029032258064516127
DDPM,2000,ACAGCA,0.00012903225806451613
DDPM,2000,ACAGCC,9.032258064516129e-05
DDPM,2000,ACAGCG,6.451612903225807e-05
DDPM,2000,ACAGCT,0.00010967741935483871
DDPM,2000,ACAGGA,0.0001032258064516129
DDPM,2000,ACAGGC,8.387096774193548e-05
DDPM,2000,ACAGGG,3.2258064516129034e-05
DDPM,2000,ACAGGT,0.00012903225806451613
DDPM,2000,ACAGTA,0.00016774193548387096
DDPM,2000,ACAGTC,0.00011612903225806452
DDPM,2000,ACAGTG,0.00012903225806451613
DDPM,2000,ACAGTT,0.0002451612903225806
DDPM,2000,ACATAA,0.00036129032258064514
DDPM,2000,ACATAC,0.00021935483870967742
DDPM,2000,ACATAG,0.00016129032258064516
DDPM,2000,ACATAT,0.00027096774193548386
DDPM,2000,ACATCA,0.0003354838709677419
DDPM,2000,ACATCC,0.00017419354838709678
DDPM,2000,ACATCG,0.0001935483870967742
DDPM,2000,ACATCT,0.00027096774193548386
DDPM,2000,ACATGA,0.0001935483870967742
DDPM,2000,ACATGC,0.00010967741935483871
DDPM,2000,ACATGG,0.0002
DDPM,2000,ACATGT,0.00023870967741935483
DDPM,2000,ACATTA,0.0003354838709677419
DDPM,2000,ACATTC,0.00025806451612903227
DDPM,2000,ACATTG,0.00025806451612903227
DDPM,2000,ACATTT,0.0005290322580645162
DDPM,2000,ACCAAA,0.0006903225806451613
DDPM,2000,ACCAAC,0.0002774193548387097
DDPM,2000,ACCAAG,0.00023225806451612904
DDPM,2000,ACCAAT,0.0003354838709677419
DDPM,2000,ACCACA,0.00023870967741935483
DDPM,2000,ACCACC,0.0001935483870967742
DDPM,2000,ACCACG,0.00016774193548387096
DDPM,2000,ACCACT,0.00025806451612903227
DDPM,2000,ACCAGA,0.0002451612903225806
DDPM,2000,ACCAGC,0.0001225806451612903
DDPM,2000,ACCAGG,9.67741935483871e-05
DDPM,2000,ACCAGT,0.00023870967741935483
DDPM,2000,ACCATA,0.00022580645161290321
DDPM,2000,ACCATC,0.00025806451612903227
DDPM,2000,ACCATG,0.00018064516129032257
DDPM,2000,ACCATT,0.00032903225806451614
DDPM,2000,ACCCAA,0.0003870967741935484
DDPM,2000,ACCCAC,0.00012903225806451613
DDPM,2000,ACCCAG,0.00012903225806451613
DDPM,2000,ACCCAT,0.0002774193548387097
DDPM,2000,ACCCCA,0.00014193548387096775
DDPM,2000,ACCCCC,5.806451612903226e-05
DDPM,2000,ACCCCG,7.096774193548388e-05
DDPM,2000,ACCCCT,7.741935483870968e-05
DDPM,2000,ACCCGA,0.00017419354838709678
DDPM,2000,ACCCGC,9.032258064516129e-05
DDPM,2000,ACCCGG,8.387096774193548e-05
DDPM,2000,ACCCGT,0.0001870967741935484
DDPM,2000,ACCCTA,0.00014193548387096775
DDPM,2000,ACCCTC,0.00014838709677419355
DDPM,2000,ACCCTG,5.161290322580645e-05
DDPM,2000,ACCCTT,0.00018064516129032257
DDPM,2000,ACCGAA,0.00025806451612903227
DDPM,2000,ACCGAC,0.00018064516129032257
DDPM,2000,ACCGAG,0.00013548387096774193
DDPM,2000,ACCGAT,0.0002
DDPM,2000,ACCGCA,9.67741935483871e-05
DDPM,2000,ACCGCC,0.00016774193548387096
DDPM,2000,ACCGCG,5.806451612903226e-05
DDPM,2000,ACCGCT,7.096774193548388e-05
DDPM,2000,ACCGGA,0.0001870967741935484
DDPM,2000,ACCGGC,8.387096774193548e-05
DDPM,2000,ACCGGG,6.451612903225807e-05
DDPM,2000,ACCGGT,0.00021290322580645163
DDPM,2000,ACCGTA,9.67741935483871e-05
DDPM,2000,ACCGTC,0.00021935483870967742
DDPM,2000,ACCGTG,0.00014193548387096775
DDPM,2000,ACCGTT,0.0002
DDPM,2000,ACCTAA,0.0002645161290322581
DDPM,2000,ACCTAC,9.032258064516129e-05
DDPM,2000,ACCTAG,9.032258064516129e-05
DDPM,2000,ACCTAT,0.00014193548387096775
DDPM,2000,ACCTCA,0.00023225806451612904
DDPM,2000,ACCTCC,0.00016129032258064516
DDPM,2000,ACCTCG,6.451612903225807e-05
DDPM,2000,ACCTCT,0.0002451612903225806
DDPM,2000,ACCTGA,0.00013548387096774193
DDPM,2000,ACCTGC,5.806451612903226e-05
DDPM,2000,ACCTGG,7.096774193548388e-05
DDPM,2000,ACCTGT,0.00014193548387096775
DDPM,2000,ACCTTA,0.0002064516129032258
DDPM,2000,ACCTTC,0.00023225806451612904
DDPM,2000,ACCTTG,0.00013548387096774193
DDPM,2000,ACCTTT,0.00038064516129032255
DDPM,2000,ACGAAA,0.0003548387096774194
DDPM,2000,ACGAAC,0.00015483870967741937
DDPM,2000,ACGAAG,0.0003548387096774194
DDPM,2000,ACGAAT,0.00018064516129032257
DDPM,2000,ACGACA,0.00025161290322580645
DDPM,2000,ACGACC,7.741935483870968e-05
DDPM,2000,ACGACG,0.00022580645161290321
DDPM,2000,ACGACT,0.0001225806451612903
DDPM,2000,ACGAGA,0.00022580645161290321
DDPM,2000,ACGAGC,0.00014193548387096775
DDPM,2000,ACGAGG,9.67741935483871e-05
DDPM,2000,ACGAGT,0.0001935483870967742
DDPM,2000,ACGATA,0.00014838709677419355
DDPM,2000,ACGATC,0.00025806451612903227
DDPM,2000,ACGATG,0.00017419354838709678
DDPM,2000,ACGATT,0.00025806451612903227
DDPM,2000,ACGCAA,0.00013548387096774193
DDPM,2000,ACGCAC,6.451612903225807e-05
DDPM,2000,ACGCAG,9.032258064516129e-05
DDPM,2000,ACGCAT,7.096774193548388e-05
DDPM,2000,ACGCCA,0.00011612903225806452
DDPM,2000,ACGCCC,5.161290322580645e-05
DDPM,2000,ACGCCG,0.00016774193548387096
DDPM,2000,ACGCCT,9.032258064516129e-05
DDPM,2000,ACGCGA,5.806451612903226e-05
DDPM,2000,ACGCGC,5.161290322580645e-05
DDPM,2000,ACGCGG,5.161290322580645e-05
DDPM,2000,ACGCGT,8.387096774193548e-05
DDPM,2000,ACGCTA,0.00014193548387096775
DDPM,2000,ACGCTC,0.0001032258064516129
DDPM,2000,ACGCTG,9.67741935483871e-05
DDPM,2000,ACGCTT,0.00021290322580645163
DDPM,2000,ACGGAA,0.0002
DDPM,2000,ACGGAC,7.096774193548388e-05
DDPM,2000,ACGGAG,0.0001870967741935484
DDPM,2000,ACGGAT,0.00014838709677419355
DDPM,2000,ACGGCA,8.387096774193548e-05
DDPM,2000,ACGGCC,0.00010967741935483871
DDPM,2000,ACGGCG,0.00017419354838709678
DDPM,2000,ACGGCT,0.00010967741935483871
DDPM,2000,ACGGGA,7.096774193548388e-05
DDPM,2000,ACGGGC,3.2258064516129034e-05
DDPM,2000,ACGGGG,2.5806451612903226e-05
DDPM,2000,ACGGGT,0.00011612903225806452
DDPM,2000,ACGGTA,7.096774193548388e-05
DDPM,2000,ACGGTC,0.0001225806451612903
DDPM,2000,ACGGTG,0.00014193548387096775
DDPM,2000,ACGGTT,0.00014838709677419355
DDPM,2000,ACGTAA,0.00014838709677419355
DDPM,2000,ACGTAC,8.387096774193548e-05
DDPM,2000,ACGTAG,0.00012903225806451613
DDPM,2000,ACGTAT,0.00015483870967741937
DDPM,2000,ACGTCA,0.00021935483870967742
DDPM,2000,ACGTCC,0.00010967741935483871
DDPM,2000,ACGTCG,0.00023870967741935483
DDPM,2000,ACGTCT,0.00018064516129032257
DDPM,2000,ACGTGA,0.00015483870967741937
DDPM,2000,ACGTGC,5.161290322580645e-05
DDPM,2000,ACGTGG,8.387096774193548e-05
DDPM,2000,ACGTGT,0.0002645161290322581
DDPM,2000,ACGTTA,0.00015483870967741937
DDPM,2000,ACGTTC,0.00014193548387096775
DDPM,2000,ACGTTG,0.00011612903225806452
DDPM,2000,ACGTTT,0.00038064516129032255
DDPM,2000,ACTAAA,0.00047741935483870966
DDPM,2000,ACTAAC,0.00017419354838709678
DDPM,2000,ACTAAG,0.00015483870967741937
DDPM,2000,ACTAAT,0.0002774193548387097
DDPM,2000,ACTACA,0.0001225806451612903
DDPM,2000,ACTACC,0.00011612903225806452
DDPM,2000,ACTACG,7.741935483870968e-05
DDPM,2000,ACTACT,0.00015483870967741937
DDPM,2000,ACTAGA,0.00015483870967741937
DDPM,2000,ACTAGC,9.67741935483871e-05
DDPM,2000,ACTAGG,5.806451612903226e-05
DDPM,2000,ACTAGT,0.00016774193548387096
DDPM,2000,ACTATA,0.0001870967741935484
DDPM,2000,ACTATC,0.0001225806451612903
DDPM,2000,ACTATG,0.00013548387096774193
DDPM,2000,ACTATT,0.00023870967741935483
DDPM,2000,ACTCAA,0.00032903225806451614
DDPM,2000,ACTCAC,0.00023225806451612904
DDPM,2000,ACTCAG,0.0001935483870967742
DDPM,2000,ACTCAT,0.0002774193548387097
DDPM,2000,ACTCCA,0.0002838709677419355
DDPM,2000,ACTCCC,9.67741935483871e-05
DDPM,2000,ACTCCG,0.00021290322580645163
DDPM,2000,ACTCCT,0.00023225806451612904
DDPM,2000,ACTCGA,0.00023870967741935483
DDPM,2000,ACTCGC,0.00010967741935483871
DDPM,2000,ACTCGG,0.00010967741935483871
DDPM,2000,ACTCGT,0.0002451612903225806
DDPM,2000,ACTCTA,0.0002838709677419355
DDPM,2000,ACTCTC,0.000432258064516129
DDPM,2000,ACTCTG,0.00022580645161290321
DDPM,2000,ACTCTT,0.00041935483870967743
DDPM,2000,ACTGAA,0.0002064516129032258
DDPM,2000,ACTGAC,0.00010967741935483871
DDPM,2000,ACTGAG,0.00012903225806451613
DDPM,2000,ACTGAT,0.0002
DDPM,2000,ACTGCA,7.741935483870968e-05
DDPM,2000,ACTGCC,9.032258064516129e-05
DDPM,2000,ACTGCG,7.741935483870968e-05
DDPM,2000,ACTGCT,9.67741935483871e-05
DDPM,2000,ACTGGA,0.0001870967741935484
DDPM,2000,ACTGGC,7.096774193548388e-05
DDPM,2000,ACTGGG,7.096774193548388e-05
DDPM,2000,ACTGGT,0.00014838709677419355
DDPM,2000,ACTGTA,9.032258064516129e-05
DDPM,2000,ACTGTC,0.00012903225806451613
DDPM,2000,ACTGTG,0.00010967741935483871
DDPM,2000,ACTGTT,0.00025806451612903227
DDPM,2000,ACTTAA,0.0002967741935483871
DDPM,2000,ACTTAC,0.00017419354838709678
DDPM,2000,ACTTAG,0.0001935483870967742
DDPM,2000,ACTTAT,0.00023870967741935483
DDPM,2000,ACTTCA,0.00029032258064516127
DDPM,2000,ACTTCC,0.00025806451612903227
DDPM,2000,ACTTCG,0.00022580645161290321
DDPM,2000,ACTTCT,0.0003870967741935484
DDPM,2000,ACTTGA,0.0002774193548387097
DDPM,2000,ACTTGC,0.00014193548387096775
DDPM,2000,ACTTGG,0.00012903225806451613
DDPM,2000,ACTTGT,0.0003032258064516129
DDPM,2000,ACTTTA,0.0004
DDPM,2000,ACTTTC,0.00045161290322580643
DDPM,2000,ACTTTG,0.00032903225806451614
DDPM,2000,ACTTTT,0.0007096774193548388
DDPM,2000,AGAAAA,0.0010129032258064516
DDPM,2000,AGAAAC,0.00038064516129032255
DDPM,2000,AGAAAG,0.0005419354838709677
DDPM,2000,AGAAAT,0.0006258064516129032
DDPM,2000,AGAACA,0.0003032258064516129
DDPM,2000,AGAACC,0.0003032258064516129
DDPM,2000,AGAACG,0.00016129032258064516
DDPM,2000,AGAACT,0.00015483870967741937
DDPM,2000,AGAAGA,0.0008838709677419354
DDPM,2000,AGAAGC,0.00047741935483870966
DDPM,2000,AGAAGG,0.0002451612903225806
DDPM,2000,AGAAGT,0.0004709677419354839
DDPM,2000,AGAATA,0.00025161290322580645
DDPM,2000,AGAATC,0.0005161290322580645
DDPM,2000,AGAATG,0.00025806451612903227
DDPM,2000,AGAATT,0.0005096774193548387
DDPM,2000,AGACAA,0.0003354838709677419
DDPM,2000,AGACAC,0.00015483870967741937
DDPM,2000,AGACAG,0.00015483870967741937
DDPM,2000,AGACAT,0.0002451612903225806
DDPM,2000,AGACCA,0.0002064516129032258
DDPM,2000,AGACCC,0.0001032258064516129
DDPM,2000,AGACCG,4.516129032258064e-05
DDPM,2000,AGACCT,0.00010967741935483871
DDPM,2000,AGACGA,0.0002645161290322581
DDPM,2000,AGACGC,0.0001032258064516129
DDPM,2000,AGACGG,9.67741935483871e-05
DDPM,2000,AGACGT,0.00015483870967741937
DDPM,2000,AGACTA,0.00017419354838709678
DDPM,2000,AGACTC,0.00021290322580645163
DDPM,2000,AGACTG,7.096774193548388e-05
DDPM,2000,AGACTT,0.0002451612903225806
DDPM,2000,AGAGAA,0.0007032258064516129
DDPM,2000,AGAGAC,0.0001935483870967742
DDPM,2000,AGAGAG,0.0006
DDPM,2000,AGAGAT,0.0005935483870967742
DDPM,2000,AGAGCA,0.00015483870967741937
DDPM,2000,AGAGCC,0.00011612903225806452
DDPM,2000,AGAGCG,9.032258064516129e-05
DDPM,2000,AGAGCT,0.0002064516129032258
DDPM,2000,AGAGGA,0.00034193548387096773
DDPM,2000,AGAGGC,0.0001032258064516129
DDPM,2000,AGAGGG,0.00010967741935483871
DDPM,2000,AGAGGT,0.00013548387096774193
DDPM,2000,AGAGTA,0.0001870967741935484
DDPM,2000,AGAGTC,0.0002645161290322581
DDPM,2000,AGAGTG,0.0001935483870967742
DDPM,2000,AGAGTT,0.0003354838709677419
DDPM,2000,AGATAA,0.00034193548387096773
DDPM,2000,AGATAC,0.0002451612903225806
DDPM,2000,AGATAG,0.0003161290322580645
DDPM,2000,AGATAT,0.0003548387096774194
DDPM,2000,AGATCA,0.0003870967741935484
DDPM,2000,AGATCC,0.00027096774193548386
DDPM,2000,AGATCG,0.00018064516129032257
DDPM,2000,AGATCT,0.0003870967741935484
DDPM,2000,AGATGA,0.00045161290322580643
DDPM,2000,AGATGC,0.00016774193548387096
DDPM,2000,AGATGG,0.00025161290322580645
DDPM,2000,AGATGT,0.00030967741935483873
DDPM,2000,AGATTA,0.0003935483870967742
DDPM,2000,AGATTC,0.000567741935483871
DDPM,2000,AGATTG,0.0003354838709677419
DDPM,2000,AGATTT,0.0007096774193548388
DDPM,2000,AGCAAA,0.0003548387096774194
DDPM,2000,AGCAAC,0.0002774193548387097
DDPM,2000,AGCAAG,0.00029032258064516127
DDPM,2000,AGCAAT,0.0002451612903225806
DDPM,2000,AGCACA,0.00011612903225806452
DDPM,2000,AGCACC,4.516129032258064e-05
DDPM,2000,AGCACG,5.161290322580645e-05
DDPM,2000,AGCACT,9.67741935483871e-05
DDPM,2000,AGCAGA,0.00027096774193548386
DDPM,2000,AGCAGC,0.00013548387096774193
DDPM,2000,AGCAGG,5.806451612903226e-05
DDPM,2000,AGCAGT,0.00014838709677419355
DDPM,2000,AGCATA,0.00014838709677419355
DDPM,2000,AGCATC,0.0002064516129032258
DDPM,2000,AGCATG,0.0001032258064516129
DDPM,2000,AGCATT,0.00012903225806451613
DDPM,2000,AGCCAA,0.0003032258064516129
DDPM,2000,AGCCAC,0.00010967741935483871
DDPM,2000,AGCCAG,0.00010967741935483871
DDPM,2000,AGCCAT,0.00013548387096774193
DDPM,2000,AGCCCA,0.0002774193548387097
DDPM,2000,AGCCCC,5.806451612903226e-05
DDPM,2000,AGCCCG,5.806451612903226e-05
DDPM,2000,AGCCCT,0.0001032258064516129
DDPM,2000,AGCCGA,0.00013548387096774193
DDPM,2000,AGCCGC,0.00012903225806451613
DDPM,2000,AGCCGG,0.00012903225806451613
DDPM,2000,AGCCGT,0.0001225806451612903
DDPM,2000,AGCCTA,0.0001870967741935484
DDPM,2000,AGCCTC,0.0001935483870967742
DDPM,2000,AGCCTG,5.161290322580645e-05
DDPM,2000,AGCCTT,0.00027096774193548386
DDPM,2000,AGCGAA,0.00017419354838709678
DDPM,2000,AGCGAC,9.67741935483871e-05
DDPM,2000,AGCGAG,0.0001032258064516129
DDPM,2000,AGCGAT,0.00022580645161290321
DDPM,2000,AGCGCA,8.387096774193548e-05
DDPM,2000,AGCGCC,1.935483870967742e-05
DDPM,2000,AGCGCG,2.5806451612903226e-05
DDPM,2000,AGCGCT,8.387096774193548e-05
DDPM,2000,AGCGGA,9.67741935483871e-05
DDPM,2000,AGCGGC,7.096774193548388e-05
DDPM,2000,AGCGGG,3.870967741935484e-05
DDPM,2000,AGCGGT,0.00011612903225806452
DDPM,2000,AGCGTA,0.00010967741935483871
DDPM,2000,AGCGTC,0.00011612903225806452
DDPM,2000,AGCGTG,0.00011612903225806452
DDPM,2000,AGCGTT,0.00014193548387096775
DDPM,2000,AGCTAA,0.00030967741935483873
DDPM,2000,AGCTAC,0.0001935483870967742
DDPM,2000,AGCTAG,0.0001225806451612903
DDPM,2000,AGCTAT,0.00014193548387096775
DDPM,2000,AGCTCA,0.0002774193548387097
DDPM,2000,AGCTCC,0.00021290322580645163
DDPM,2000,AGCTCG,0.00016129032258064516
DDPM,2000,AGCTCT,0.00032903225806451614
DDPM,2000,AGCTGA,0.00016774193548387096
DDPM,2000,AGCTGC,0.00014838709677419355
DDPM,2000,AGCTGG,9.032258064516129e-05
DDPM,2000,AGCTGT,0.0002
DDPM,2000,AGCTTA,0.0002838709677419355
DDPM,2000,AGCTTC,0.00046451612903225807
DDPM,2000,AGCTTG,0.00023870967741935483
DDPM,2000,AGCTTT,0.00046451612903225807
DDPM,2000,AGGAAA,0.0004709677419354839
DDPM,2000,AGGAAC,0.0001225806451612903
DDPM,2000,AGGAAG,0.00034193548387096773
DDPM,2000,AGGAAT,0.0002
DDPM,2000,AGGACA,0.00014838709677419355
DDPM,2000,AGGACC,7.741935483870968e-05
DDPM,2000,AGGACG,9.032258064516129e-05
DDPM,2000,AGGACT,8.387096774193548e-05
DDPM,2000,AGGAGA,0.0002774193548387097
DDPM,2000,AGGAGC,0.00012903225806451613
DDPM,2000,AGGAGG,0.00015483870967741937
DDPM,2000,AGGAGT,0.00013548387096774193
DDPM,2000,AGGATA,0.0001870967741935484
DDPM,2000,AGGATC,0.00016129032258064516
DDPM,2000,AGGATG,0.0001225806451612903
DDPM,2000,AGGATT,0.00023870967741935483
DDPM,2000,AGGCAA,7.096774193548388e-05
DDPM,2000,AGGCAC,8.387096774193548e-05
DDPM,2000,AGGCAG,9.67741935483871e-05
DDPM,2000,AGGCAT,5.806451612903226e-05
DDPM,2000,AGGCCA,0.00016129032258064516
DDPM,2000,AGGCCC,0.00017419354838709678
DDPM,2000,AGGCCG,7.741935483870968e-05
DDPM,2000,AGGCCT,7.096774193548388e-05
DDPM,2000,AGGCGA,7.741935483870968e-05
DDPM,2000,AGGCGC,2.5806451612903226e-05
DDPM,2000,AGGCGG,6.451612903225807e-05
DDPM,2000,AGGCGT,7.741935483870968e-05
DDPM,2000,AGGCTA,9.032258064516129e-05
DDPM,2000,AGGCTC,0.0001225806451612903
DDPM,2000,AGGCTG,7.741935483870968e-05
DDPM,2000,AGGCTT,0.0002
DDPM,2000,AGGGAA,0.00014193548387096775
DDPM,2000,AGGGAC,6.451612903225807e-05
DDPM,2000,AGGGAG,8.387096774193548e-05
DDPM,2000,AGGGAT,0.00011612903225806452
DDPM,2000,AGGGCA,5.161290322580645e-05
DDPM,2000,AGGGCC,8.387096774193548e-05
DDPM,2000,AGGGCG,3.2258064516129034e-05
DDPM,2000,AGGGCT,7.096774193548388e-05
DDPM,2000,AGGGGA,7.096774193548388e-05
DDPM,2000,AGGGGC,1.935483870967742e-05
DDPM,2000,AGGGGG,1.2903225806451613e-05
DDPM,2000,AGGGGT,3.2258064516129034e-05
DDPM,2000,AGGGTA,3.870967741935484e-05
DDPM,2000,AGGGTC,0.0001032258064516129
DDPM,2000,AGGGTG,7.741935483870968e-05
DDPM,2000,AGGGTT,0.0001870967741935484
DDPM,2000,AGGTAA,0.00016129032258064516
DDPM,2000,AGGTAC,6.451612903225807e-05
DDPM,2000,AGGTAG,9.67741935483871e-05
DDPM,2000,AGGTAT,7.096774193548388e-05
DDPM,2000,AGGTCA,0.00016774193548387096
DDPM,2000,AGGTCC,0.00014193548387096775
DDPM,2000,AGGTCG,6.451612903225807e-05
DDPM,2000,AGGTCT,0.00010967741935483871
DDPM,2000,AGGTGA,0.00013548387096774193
DDPM,2000,AGGTGC,3.2258064516129034e-05
DDPM,2000,AGGTGG,0.00011612903225806452
DDPM,2000,AGGTGT,0.00010967741935483871
DDPM,2000,AGGTTA,0.00018064516129032257
DDPM,2000,AGGTTC,0.0002064516129032258
DDPM,2000,AGGTTG,0.00014193548387096775
DDPM,2000,AGGTTT,0.0003548387096774194
DDPM,2000,AGTAAA,0.0004129032258064516
DDPM,2000,AGTAAC,0.00016774193548387096
DDPM,2000,AGTAAG,0.00018064516129032257
DDPM,2000,AGTAAT,0.00023870967741935483
DDPM,2000,AGTACA,0.00021290322580645163
DDPM,2000,AGTACC,8.387096774193548e-05
DDPM,2000,AGTACG,9.67741935483871e-05
DDPM,2000,AGTACT,0.00017419354838709678
DDPM,2000,AGTAGA,0.00021290322580645163
DDPM,2000,AGTAGC,0.00012903225806451613
DDPM,2000,AGTAGG,5.806451612903226e-05
DDPM,2000,AGTAGT,0.00014838709677419355
DDPM,2000,AGTATA,0.00018064516129032257
DDPM,2000,AGTATC,0.00023225806451612904
DDPM,2000,AGTATG,0.00012903225806451613
DDPM,2000,AGTATT,0.00027096774193548386
DDPM,2000,AGTCAA,0.0003032258064516129
DDPM,2000,AGTCAC,0.0002
DDPM,2000,AGTCAG,0.00017419354838709678
DDPM,2000,AGTCAT,0.00032903225806451614
DDPM,2000,AGTCCA,0.00023225806451612904
DDPM,2000,AGTCCC,6.451612903225807e-05
DDPM,2000,AGTCCG,7.741935483870968e-05
DDPM,2000,AGTCCT,0.00012903225806451613
DDPM,2000,AGTCGA,0.00016774193548387096
DDPM,2000,AGTCGC,9.032258064516129e-05
DDPM,2000,AGTCGG,7.741935483870968e-05
DDPM,2000,AGTCGT,0.00023870967741935483
DDPM,2000,AGTCTA,0.0001870967741935484
DDPM,2000,AGTCTC,0.0002451612903225806
DDPM,2000,AGTCTG,0.00013548387096774193
DDPM,2000,AGTCTT,0.00032903225806451614
DDPM,2000,AGTGAA,0.0002645161290322581
DDPM,2000,AGTGAC,0.0002
DDPM,2000,AGTGAG,0.00017419354838709678
DDPM,2000,AGTGAT,0.00021290322580645163
DDPM,2000,AGTGCA,7.096774193548388e-05
DDPM,2000,AGTGCC,4.516129032258064e-05
DDPM,2000,AGTGCG,5.161290322580645e-05
DDPM,2000,AGTGCT,9.67741935483871e-05
DDPM,2000,AGTGGA,0.00016774193548387096
DDPM,2000,AGTGGC,0.00011612903225806452
DDPM,2000,AGTGGG,0.0001225806451612903
DDPM,2000,AGTGGT,0.0001870967741935484
DDPM,2000,AGTGTA,0.0001225806451612903
DDPM,2000,AGTGTC,0.00014193548387096775
DDPM,2000,AGTGTG,0.00013548387096774193
DDPM,2000,AGTGTT,0.00032903225806451614
DDPM,2000,AGTTAA,0.0002967741935483871
DDPM,2000,AGTTAC,0.0002064516129032258
DDPM,2000,AGTTAG,0.0002451612903225806
DDPM,2000,AGTTAT,0.0002838709677419355
DDPM,2000,AGTTCA,0.00036774193548387097
DDPM,2000,AGTTCC,0.00023870967741935483
DDPM,2000,AGTTCG,0.0002
DDPM,2000,AGTTCT,0.00036129032258064514
DDPM,2000,AGTTGA,0.0002645161290322581
DDPM,2000,AGTTGC,0.00016129032258064516
DDPM,2000,AGTTGG,0.00017419354838709678
DDPM,2000,AGTTGT,0.0003032258064516129
DDPM,2000,AGTTTA,0.0003935483870967742
DDPM,2000,AGTTTC,0.0004903225806451613
DDPM,2000,AGTTTG,0.00041935483870967743
DDPM,2000,AGTTTT,0.0007612903225806451
DDPM,2000,ATAAAA,0.0008967741935483871
DDPM,2000,ATAAAC,0.00046451612903225807
DDPM,2000,ATAAAG,0.00044516129032258066
DDPM,2000,ATAAAT,0.0007161290322580645
DDPM,2000,ATAACA,0.0003161290322580645
DDPM,2000,ATAACC,0.0002967741935483871
DDPM,2000,ATAACG,0.00014838709677419355
DDPM,2000,ATAACT,0.0002645161290322581
DDPM,2000,ATAAGA,0.0003354838709677419
DDPM,2000,ATAAGC,0.00016774193548387096
DDPM,2000,ATAAGG,0.00011612903225806452
DDPM,2000,ATAAGT,0.00023870967741935483
DDPM,2000,ATAATA,0.0004709677419354839
DDPM,2000,ATAATC,0.0003548387096774194
DDPM,2000,ATAATG,0.00023870967741935483
DDPM,2000,ATAATT,0.0008
DDPM,2000,ATACAA,0.00043870967741935484
DDPM,2000,ATACAC,0.0002
DDPM,2000,ATACAG,0.0001870967741935484
DDPM,2000,ATACAT,0.00023870967741935483
DDPM,2000,ATACCA,0.00017419354838709678
DDPM,2000,ATACCC,0.00017419354838709678
DDPM,2000,ATACCG,0.0001225806451612903
DDPM,2000,ATACCT,0.00016129032258064516
DDPM,2000,ATACGA,0.0002064516129032258
DDPM,2000,ATACGC,9.67741935483871e-05
DDPM,2000,ATACGG,0.0001032258064516129
DDPM,2000,ATACGT,0.00013548387096774193
DDPM,2000,ATACTA,0.00027096774193548386
DDPM,2000,ATACTC,0.0002451612903225806
DDPM,2000,ATACTG,0.00013548387096774193
DDPM,2000,ATACTT,0.00034193548387096773
DDPM,2000,ATAGAA,0.00029032258064516127
DDPM,2000,ATAGAC,0.00018064516129032257
DDPM,2000,ATAGAG,0.00025161290322580645
DDPM,2000,ATAGAT,0.0003225806451612903
DDPM,2000,ATAGCA,0.0001225806451612903
DDPM,2000,ATAGCC,7.741935483870968e-05
DDPM,2000,ATAGCG,6.451612903225807e-05
DDPM,2000,ATAGCT,0.00010967741935483871
DDPM,2000,ATAGGA,0.00015483870967741937
DDPM,2000,ATAGGC,6.451612903225807e-05
DDPM,2000,ATAGGG,9.032258064516129e-05
DDPM,2000,ATAGGT,0.0001225806451612903
DDPM,2000,ATAGTA,0.0002451612903225806
DDPM,2000,ATAGTC,0.0001935483870967742
DDPM,2000,ATAGTG,0.00016774193548387096
DDPM,2000,ATAGTT,0.00038064516129032255
DDPM,2000,ATATAA,0.000535483870967742
DDPM,2000,ATATAC,0.00036129032258064514
DDPM,2000,ATATAG,0.00023870967741935483
DDPM,2000,ATATAT,0.0006129032258064516
DDPM,2000,ATATCA,0.0005483870967741936
DDPM,2000,ATATCC,0.00023870967741935483
DDPM,2000,ATATCG,0.0001225806451612903
DDPM,2000,ATATCT,0.0003548387096774194
DDPM,2000,ATATGA,0.00025806451612903227
DDPM,2000,ATATGC,0.00016129032258064516
DDPM,2000,ATATGG,0.00022580645161290321
DDPM,2000,ATATGT,0.00036129032258064514
DDPM,2000,ATATTA,0.0004967741935483871
DDPM,2000,ATATTC,0.0003032258064516129
DDPM,2000,ATATTG,0.0004129032258064516
DDPM,2000,ATATTT,0.0008193548387096774
DDPM,2000,ATCAAA,0.0008709677419354839
DDPM,2000,ATCAAC,0.0003870967741935484
DDPM,2000,ATCAAG,0.00030967741935483873
DDPM,2000,ATCAAT,0.0006064516129032258
DDPM,2000,ATCACA,0.0004
DDPM,2000,ATCACC,0.00029032258064516127
DDPM,2000,ATCACG,0.00015483870967741937
DDPM,2000,ATCACT,0.00032903225806451614
DDPM,2000,ATCAGA,0.00036774193548387097
DDPM,2000,ATCAGC,0.00017419354838709678
DDPM,2000,ATCAGG,0.0001032258064516129
DDPM,2000,ATCAGT,0.0002967741935483871
DDPM,2000,ATCATA,0.0003741935483870968
DDPM,2000,ATCATC,0.0005096774193548387
DDPM,2000,ATCATG,0.0002774193548387097
DDPM,2000,ATCATT,0.0006258064516129032
DDPM,2000,ATCCAA,0.00042580645161290325
DDPM,2000,ATCCAC,0.0002774193548387097
DDPM,2000,ATCCAG,0.00023870967741935483
DDPM,2000,ATCCAT,0.0003741935483870968
DDPM,2000,ATCCCA,0.0001935483870967742
DDPM,2000,ATCCCC,0.00013548387096774193
DDPM,2000,ATCCCG,0.00011612903225806452
DDPM,2000,ATCCCT,0.0002645161290322581
DDPM,2000,ATCCGA,0.00034193548387096773
DDPM,2000,ATCCGC,0.00011612903225806452
DDPM,2000,ATCCGG,0.00014193548387096775
DDPM,2000,ATCCGT,0.00013548387096774193
DDPM,2000,ATCCTA,0.00021935483870967742
DDPM,2000,ATCCTC,0.0004064516129032258
DDPM,2000,ATCCTG,0.00016774193548387096
DDPM,2000,ATCCTT,0.00036129032258064514
DDPM,2000,ATCGAA,0.00036129032258064514
DDPM,2000,ATCGAC,0.00015483870967741937
DDPM,2000,ATCGAG,0.0001870967741935484
DDPM,2000,ATCGAT,0.0004709677419354839
DDPM,2000,ATCGCA,9.67741935483871e-05
DDPM,2000,ATCGCC,0.0001870967741935484
DDPM,2000,ATCGCG,3.870967741935484e-05
DDPM,2000,ATCGCT,0.00017419354838709678
DDPM,2000,ATCGGA,0.00025806451612903227
DDPM,2000,ATCGGC,0.00014193548387096775
DDPM,2000,ATCGGG,9.032258064516129e-05
DDPM,2000,ATCGGT,0.00018064516129032257
DDPM,2000,ATCGTA,0.00023870967741935483
DDPM,2000,ATCGTC,0.0002774193548387097
DDPM,2000,ATCGTG,0.0002
DDPM,2000,ATCGTT,0.0003870967741935484
DDPM,2000,ATCTAA,0.0003548387096774194
DDPM,2000,ATCTAC,0.0003161290322580645
DDPM,2000,ATCTAG,0.0001935483870967742
DDPM,2000,ATCTAT,0.00034193548387096773
DDPM,2000,ATCTCA,0.00047741935483870966
DDPM,2000,ATCTCC,0.00045161290322580643
DDPM,2000,ATCTCG,0.0003161290322580645
DDPM,2000,ATCTCT,0.0007548387096774193
DDPM,2000,ATCTGA,0.00038064516129032255
DDPM,2000,ATCTGC,0.00018064516129032257
DDPM,2000,ATCTGG,0.00022580645161290321
DDPM,2000,ATCTGT,0.0003741935483870968
DDPM,2000,ATCTTA,0.0005032258064516129
DDPM,2000,ATCTTC,0.0009612903225806452
DDPM,2000,ATCTTG,0.00038064516129032255
DDPM,2000,ATCTTT,0.0007548387096774193
DDPM,2000,ATGAAA,0.00045161290322580643
DDPM,2000,ATGAAC,0.00023225806451612904
DDPM,2000,ATGAAG,0.00036774193548387097
DDPM,2000,ATGAAT,0.0004064516129032258
DDPM,2000,ATGACA,0.00025161290322580645
DDPM,2000,ATGACC,0.00018064516129032257
DDPM,2000,ATGACG,0.0001870967741935484
DDPM,2000,ATGACT,0.0001225806451612903
DDPM,2000,ATGAGA,0.0002645161290322581
DDPM,2000,ATGAGC,0.0001225806451612903
DDPM,2000,ATGAGG,0.0001225806451612903
DDPM,2000,ATGAGT,0.0002645161290322581
DDPM,2000,ATGATA,0.00027096774193548386
DDPM,2000,ATGATC,0.0003032258064516129
DDPM,2000,ATGATG,0.00025161290322580645
DDPM,2000,ATGATT,0.0004129032258064516
DDPM,2000,ATGCAA,0.0001870967741935484
DDPM,2000,ATGCAC,8.387096774193548e-05
DDPM,2000,ATGCAG,0.00012903225806451613
DDPM,2000,ATGCAT,0.00018064516129032257
DDPM,2000,ATGCCA,0.00012903225806451613
DDPM,2000,ATGCCC,9.67741935483871e-05
DDPM,2000,ATGCCG,9.032258064516129e-05
DDPM,2000,ATGCCT,0.0001032258064516129
DDPM,2000,ATGCGA,7.741935483870968e-05
DDPM,2000,ATGCGC,6.451612903225807e-05
DDPM,2000,ATGCGG,5.806451612903226e-05
DDPM,2000,ATGCGT,9.032258064516129e-05
DDPM,2000,ATGCTA,0.00011612903225806452
DDPM,2000,ATGCTC,0.00013548387096774193
DDPM,2000,ATGCTG,0.0001225806451612903
DDPM,2000,ATGCTT,0.00025161290322580645
DDPM,2000,ATGGAA,0.0003032258064516129
DDPM,2000,ATGGAC,0.0001935483870967742
DDPM,2000,ATGGAG,0.00021935483870967742
DDPM,2000,ATGGAT,0.00038064516129032255
DDPM,2000,ATGGCA,0.0001225806451612903
DDPM,2000,ATGGCC,0.00023225806451612904
DDPM,2000,ATGGCG,0.00025161290322580645
DDPM,2000,ATGGCT,0.0002838709677419355
DDPM,2000,ATGGGA,0.00021935483870967742
DDPM,2000,ATGGGC,0.00014838709677419355
DDPM,2000,ATGGGG,9.67741935483871e-05
DDPM,2000,ATGGGT,0.00016129032258064516
DDPM,2000,ATGGTA,0.00018064516129032257
DDPM,2000,ATGGTC,0.0002064516129032258
DDPM,2000,ATGGTG,0.00025806451612903227
DDPM,2000,ATGGTT,0.00032903225806451614
DDPM,2000,ATGTAA,0.00034838709677419355
DDPM,2000,ATGTAC,0.00012903225806451613
DDPM,2000,ATGTAG,0.00014838709677419355
DDPM,2000,ATGTAT,0.0002774193548387097
DDPM,2000,ATGTCA,0.00015483870967741937
DDPM,2000,ATGTCC,0.00013548387096774193
DDPM,2000,ATGTCG,0.0002
DDPM,2000,ATGTCT,0.0003032258064516129
DDPM,2000,ATGTGA,0.00023225806451612904
DDPM,2000,ATGTGC,7.096774193548388e-05
DDPM,2000,ATGTGG,0.00014838709677419355
DDPM,2000,ATGTGT,0.0002451612903225806
DDPM,2000,ATGTTA,0.0002645161290322581
DDPM,2000,ATGTTC,0.00025806451612903227
DDPM,2000,ATGTTG,0.00025806451612903227
DDPM,2000,ATGTTT,0.0006709677419354838
DDPM,2000,ATTAAA,0.0008580645161290323
DDPM,2000,ATTAAC,0.00027096774193548386
DDPM,2000,ATTAAG,0.00032903225806451614
DDPM,2000,ATTAAT,0.0006516129032258064
DDPM,2000,ATTACA,0.0003548387096774194
DDPM,2000,ATTACC,0.0002064516129032258
DDPM,2000,ATTACG,0.0002064516129032258
DDPM,2000,ATTACT,0.0003935483870967742
DDPM,2000,ATTAGA,0.0003741935483870968
DDPM,2000,ATTAGC,0.00025161290322580645
DDPM,2000,ATTAGG,0.0001935483870967742
DDPM,2000,ATTAGT,0.0003354838709677419
DDPM,2000,ATTATA,0.0005741935483870968
DDPM,2000,ATTATC,0.00041935483870967743
DDPM,2000,ATTATG,0.00034838709677419355
DDPM,2000,ATTATT,0.0008580645161290323
DDPM,2000,ATTCAA,0.0005870967741935484
DDPM,2000,ATTCAC,0.00034193548387096773
DDPM,2000,ATTCAG,0.0002645161290322581
DDPM,2000,ATTCAT,0.00043870967741935484
DDPM,2000,ATTCCA,0.00046451612903225807
DDPM,2000,ATTCCC,0.00025161290322580645
DDPM,2000,ATTCCG,0.00023225806451612904
DDPM,2000,ATTCCT,0.000432258064516129
DDPM,2000,ATTCGA,0.0004064516129032258
DDPM,2000,ATTCGC,0.0001935483870967742
DDPM,2000,ATTCGG,0.0002774193548387097
DDPM,2000,ATTCGT,0.0003935483870967742
DDPM,2000,ATTCTA,0.0002774193548387097
DDPM,2000,ATTCTC,0.0007096774193548388
DDPM,2000,ATTCTG,0.00047741935483870966
DDPM,2000,ATTCTT,0.0008451612903225806
DDPM,2000,ATTGAA,0.0005483870967741936
DDPM,2000,ATTGAC,0.00023870967741935483
DDPM,2000,ATTGAG,0.0002645161290322581
DDPM,2000,ATTGAT,0.0005161290322580645
DDPM,2000,ATTGCA,0.00018064516129032257
DDPM,2000,ATTGCC,0.00018064516129032257
DDPM,2000,ATTGCG,0.00011612903225806452
DDPM,2000,ATTGCT,0.00025806451612903227
DDPM,2000,ATTGGA,0.00036774193548387097
DDPM,2000,ATTGGC,0.00016774193548387096
DDPM,2000,ATTGGG,0.00034193548387096773
DDPM,2000,ATTGGT,0.0003548387096774194
DDPM,2000,ATTGTA,0.00027096774193548386
DDPM,2000,ATTGTC,0.00025806451612903227
DDPM,2000,ATTGTG,0.00029032258064516127
DDPM,2000,ATTGTT,0.0006580645161290323
DDPM,2000,ATTTAA,0.00047741935483870966
DDPM,2000,ATTTAC,0.00038064516129032255
DDPM,2000,ATTTAG,0.0003870967741935484
DDPM,2000,ATTTAT,0.0008516129032258065
DDPM,2000,ATTTCA,0.0006967741935483871
DDPM,2000,ATTTCC,0.000632258064516129
DDPM,2000,ATTTCG,0.00044516129032258066
DDPM,2000,ATTTCT,0.0008903225806451613
DDPM,2000,ATTTGA,0.0006709677419354838
DDPM,2000,ATTTGC,0.00036129032258064514
DDPM,2000,ATTTGG,0.0005096774193548387
DDPM,2000,ATTTGT,0.0007354838709677419
DDPM,2000,ATTTTA,0.0007419354838709677
DDPM,2000,ATTTTC,0.0009548387096774193
DDPM,2000,ATTTTG,0.0009548387096774193
DDPM,2000,ATTTTT,0.0018193548387096775
DDPM,2000,CAAAAA,0.0013290322580645161
DDPM,2000,CAAAAC,0.0006
DDPM,2000,CAAAAG,0.0005870967741935484
DDPM,2000,CAAAAT,0.0006967741935483871
DDPM,2000,CAAACA,0.00043870967741935484
DDPM,2000,CAAACC,0.00038064516129032255
DDPM,2000,CAAACG,0.0002451612903225806
DDPM,2000,CAAACT,0.00047741935483870966
DDPM,2000,CAAAGA,0.0005548387096774194
DDPM,2000,CAAAGC,0.0003870967741935484
DDPM,2000,CAAAGG,0.00029032258064516127
DDPM,2000,CAAAGT,0.00034193548387096773
DDPM,2000,CAAATA,0.000535483870967742
DDPM,2000,CAAATC,0.000632258064516129
DDPM,2000,CAAATG,0.0003741935483870968
DDPM,2000,CAAATT,0.0007935483870967742
DDPM,2000,CAACAA,0.0004838709677419355
DDPM,2000,CAACAC,0.00029032258064516127
DDPM,2000,CAACAG,0.0001935483870967742
DDPM,2000,CAACAT,0.00036129032258064514
DDPM,2000,CAACCA,0.0003354838709677419
DDPM,2000,CAACCC,0.0001870967741935484
DDPM,2000,CAACCG,0.00016129032258064516
DDPM,2000,CAACCT,0.00023225806451612904
DDPM,2000,CAACGA,0.0003161290322580645
DDPM,2000,CAACGC,0.00011612903225806452
DDPM,2000,CAACGG,0.00016774193548387096
DDPM,2000,CAACGT,0.00022580645161290321
DDPM,2000,CAACTA,0.00018064516129032257
DDPM,2000,CAACTC,0.0003548387096774194
DDPM,2000,CAACTG,0.00016774193548387096
DDPM,2000,CAACTT,0.00036129032258064514
DDPM,2000,CAAGAA,0.0005032258064516129
DDPM,2000,CAAGAC,0.0001870967741935484
DDPM,2000,CAAGAG,0.00017419354838709678
DDPM,2000,CAAGAT,0.0003741935483870968
DDPM,2000,CAAGCA,0.00016129032258064516
DDPM,2000,CAAGCC,0.00021935483870967742
DDPM,2000,CAAGCG,0.00010967741935483871
DDPM,2000,CAAGCT,0.00034838709677419355
DDPM,2000,CAAGGA,0.0002645161290322581
DDPM,2000,CAAGGC,0.0001032258064516129
DDPM,2000,CAAGGG,1.935483870967742e-05
DDPM,2000,CAAGGT,0.00015483870967741937
DDPM,2000,CAAGTA,0.0001935483870967742
DDPM,2000,CAAGTC,0.0002645161290322581
DDPM,2000,CAAGTG,0.00018064516129032257
DDPM,2000,CAAGTT,0.00032903225806451614
DDPM,2000,CAATAA,0.0004129032258064516
DDPM,2000,CAATAC,0.00021935483870967742
DDPM,2000,CAATAG,0.0001225806451612903
DDPM,2000,CAATAT,0.0003032258064516129
DDPM,2000,CAATCA,0.0003935483870967742
DDPM,2000,CAATCC,0.00030967741935483873
DDPM,2000,CAATCG,0.00025161290322580645
DDPM,2000,CAATCT,0.0005870967741935484
DDPM,2000,CAATGA,0.0003032258064516129
DDPM,2000,CAATGC,9.032258064516129e-05
DDPM,2000,CAATGG,0.0003032258064516129
DDPM,2000,CAATGT,0.00025806451612903227
DDPM,2000,CAATTA,0.0005161290322580645
DDPM,2000,CAATTC,0.0004709677419354839
DDPM,2000,CAATTG,0.00036129032258064514
DDPM,2000,CAATTT,0.0008129032258064516
DDPM,2000,CACAAA,0.0004709677419354839
DDPM,2000,CACAAC,0.00034838709677419355
DDPM,2000,CACAAG,0.0002645161290322581
DDPM,2000,CACAAT,0.0003548387096774194
DDPM,2000,CACACA,0.00022580645161290321
DDPM,2000,CACACC,0.0002
DDPM,2000,CACACG,0.00016774193548387096
DDPM,2000,CACACT,0.00018064516129032257
DDPM,2000,CACAGA,0.00017419354838709678
DDPM,2000,CACAGC,8.387096774193548e-05
DDPM,2000,CACAGG,9.67741935483871e-05
DDPM,2000,CACAGT,0.00014193548387096775
DDPM,2000,CACATA,0.0002451612903225806
DDPM,2000,CACATC,0.00022580645161290321
DDPM,2000,CACATG,0.00018064516129032257
DDPM,2000,CACATT,0.00032903225806451614
DDPM,2000,CACCAA,0.0003161290322580645
DDPM,2000,CACCAC,0.00027096774193548386
DDPM,2000,CACCAG,0.00018064516129032257
DDPM,2000,CACCAT,0.0002774193548387097
DDPM,2000,CACCCA,0.00016774193548387096
DDPM,2000,CACCCC,3.870967741935484e-05
DDPM,2000,CACCCG,5.161290322580645e-05
DDPM,2000,CACCCT,7.096774193548388e-05
DDPM,2000,CACCGA,0.00025161290322580645
DDPM,2000,CACCGC,0.00016129032258064516
DDPM,2000,CACCGG,0.00014193548387096775
DDPM,2000,CACCGT,0.00015483870967741937
DDPM,2000,CACCTA,9.67741935483871e-05
DDPM,2000,CACCTC,0.00014838709677419355
DDPM,2000,CACCTG,5.806451612903226e-05
DDPM,2000,CACCTT,0.00021935483870967742
DDPM,2000,CACGAA,0.0002
DDPM,2000,CACGAC,0.00013548387096774193
DDPM,2000,CACGAG,0.00016129032258064516
DDPM,2000,CACGAT,0.0001225806451612903
DDPM,2000,CACGCA,9.67741935483871e-05
DDPM,2000,CACGCC,8.387096774193548e-05
DDPM,2000,CACGCG,7.741935483870968e-05
DDPM,2000,CACGCT,0.00012903225806451613
DDPM,2000,CACGGA,0.00015483870967741937
DDPM,2000,CACGGC,5.806451612903226e-05
DDPM,2000,CACGGG,6.451612903225807e-05
DDPM,2000,CACGGT,7.096774193548388e-05
DDPM,2000,CACGTA,0.00013548387096774193
DDPM,2000,CACGTC,0.0001870967741935484
DDPM,2000,CACGTG,0.00018064516129032257
DDPM,2000,CACGTT,0.00016129032258064516
DDPM,2000,CACTAA,0.00023870967741935483
DDPM,2000,CACTAC,0.0001225806451612903
DDPM,2000,CACTAG,7.741935483870968e-05
DDPM,2000,CACTAT,0.00014838709677419355
DDPM,2000,CACTCA,0.0001870967741935484
DDPM,2000,CACTCC,0.0001225806451612903
DDPM,2000,CACTCG,0.00018064516129032257
DDPM,2000,CACTCT,0.0003548387096774194
DDPM,2000,CACTGA,0.0001225806451612903
DDPM,2000,CACTGC,7.096774193548388e-05
DDPM,2000,CACTGG,0.00012903225806451613
DDPM,2000,CACTGT,0.00013548387096774193
DDPM,2000,CACTTA,0.0002451612903225806
DDPM,2000,CACTTC,0.0002451612903225806
DDPM,2000,CACTTG,0.00016774193548387096
DDPM,2000,CACTTT,0.00046451612903225807
DDPM,2000,CAGAAA,0.000432258064516129
DDPM,2000,CAGAAC,0.00018064516129032257
DDPM,2000,CAGAAG,0.00038064516129032255
DDPM,2000,CAGAAT,0.00025806451612903227
DDPM,2000,CAGACA,0.00016774193548387096
DDPM,2000,CAGACC,5.161290322580645e-05
DDPM,2000,CAGACG,0.00011612903225806452
DDPM,2000,CAGACT,0.0001225806451612903
DDPM,2000,CAGAGA,0.0003935483870967742
DDPM,2000,CAGAGC,0.00013548387096774193
DDPM,2000,CAGAGG,9.032258064516129e-05
DDPM,2000,CAGAGT,0.00015483870967741937
DDPM,2000,CAGATA,0.0001935483870967742
DDPM,2000,CAGATC,0.0002967741935483871
DDPM,2000,CAGATG,0.00012903225806451613
DDPM,2000,CAGATT,0.0005290322580645162
DDPM,2000,CAGCAA,0.0003548387096774194
DDPM,2000,CAGCAC,6.451612903225807e-05
DDPM,2000,CAGCAG,7.096774193548388e-05
DDPM,2000,CAGCAT,6.451612903225807e-05
DDPM,2000,CAGCCA,7.741935483870968e-05
DDPM,2000,CAGCCC,4.516129032258064e-05
DDPM,2000,CAGCCG,0.0001225806451612903
DDPM,2000,CAGCCT,0.00013548387096774193
DDPM,2000,CAGCGA,0.00010967741935483871
DDPM,2000,CAGCGC,6.451612903225807e-05
DDPM,2000,CAGCGG,6.451612903225807e-05
DDPM,2000,CAGCGT,0.0001225806451612903
DDPM,2000,CAGCTA,0.00014193548387096775
DDPM,2000,CAGCTC,0.00018064516129032257
DDPM,2000,CAGCTG,9.032258064516129e-05
DDPM,2000,CAGCTT,0.00025806451612903227
DDPM,2000,CAGGAA,0.00016774193548387096
DDPM,2000,CAGGAC,4.516129032258064e-05
DDPM,2000,CAGGAG,7.741935483870968e-05
DDPM,2000,CAGGAT,6.451612903225807e-05
DDPM,2000,CAGGCA,7.096774193548388e-05
DDPM,2000,CAGGCC,0.0001225806451612903
DDPM,2000,CAGGCG,2.5806451612903226e-05
DDPM,2000,CAGGCT,9.032258064516129e-05
DDPM,2000,CAGGGA,7.741935483870968e-05
DDPM,2000,CAGGGC,3.2258064516129034e-05
DDPM,2000,CAGGGG,1.935483870967742e-05
DDPM,2000,CAGGGT,5.161290322580645e-05
DDPM,2000,CAGGTA,9.032258064516129e-05
DDPM,2000,CAGGTC,0.0001032258064516129
DDPM,2000,CAGGTG,5.161290322580645e-05
DDPM,2000,CAGGTT,0.00014838709677419355
DDPM,2000,CAGTAA,0.00023870967741935483
DDPM,2000,CAGTAC,0.00013548387096774193
DDPM,2000,CAGTAG,0.00011612903225806452
DDPM,2000,CAGTAT,0.00015483870967741937
DDPM,2000,CAGTCA,0.00012903225806451613
DDPM,2000,CAGTCC,9.032258064516129e-05
DDPM,2000,CAGTCG,9.032258064516129e-05
DDPM,2000,CAGTCT,0.00017419354838709678
DDPM,2000,CAGTGA,0.0001870967741935484
DDPM,2000,CAGTGC,3.870967741935484e-05
DDPM,2000,CAGTGG,0.00013548387096774193
DDPM,2000,CAGTGT,0.00018064516129032257
DDPM,2000,CAGTTA,0.0002451612903225806
DDPM,2000,CAGTTC,0.0002064516129032258
DDPM,2000,CAGTTG,0.00016129032258064516
DDPM,2000,CAGTTT,0.0004064516129032258
DDPM,2000,CATAAA,0.00045806451612903225
DDPM,2000,CATAAC,0.00022580645161290321
DDPM,2000,CATAAG,0.00016129032258064516
DDPM,2000,CATAAT,0.00034838709677419355
DDPM,2000,CATACA,0.00017419354838709678
DDPM,2000,CATACC,0.00021935483870967742
DDPM,2000,CATACG,7.741935483870968e-05
DDPM,2000,CATACT,0.00018064516129032257
DDPM,2000,CATAGA,0.00021290322580645163
DDPM,2000,CATAGC,6.451612903225807e-05
DDPM,2000,CATAGG,5.161290322580645e-05
DDPM,2000,CATAGT,0.00016129032258064516
DDPM,2000,CATATA,0.00025806451612903227
DDPM,2000,CATATC,0.00027096774193548386
DDPM,2000,CATATG,0.00013548387096774193
DDPM,2000,CATATT,0.00041935483870967743
DDPM,2000,CATCAA,0.00042580645161290325
DDPM,2000,CATCAC,0.0003225806451612903
DDPM,2000,CATCAG,0.00021290322580645163
DDPM,2000,CATCAT,0.000432258064516129
DDPM,2000,CATCCA,0.0002774193548387097
DDPM,2000,CATCCC,0.0001032258064516129
DDPM,2000,CATCCG,9.032258064516129e-05
DDPM,2000,CATCCT,0.00025806451612903227
DDPM,2000,CATCGA,0.0003225806451612903
DDPM,2000,CATCGC,0.00016774193548387096
DDPM,2000,CATCGG,0.00012903225806451613
DDPM,2000,CATCGT,0.0002451612903225806
DDPM,2000,CATCTA,0.00023870967741935483
DDPM,2000,CATCTC,0.00047741935483870966
DDPM,2000,CATCTG,0.00023870967741935483
DDPM,2000,CATCTT,0.0005612903225806451
DDPM,2000,CATGAA,0.00029032258064516127
DDPM,2000,CATGAC,0.00010967741935483871
DDPM,2000,CATGAG,0.00012903225806451613
DDPM,2000,CATGAT,0.00025161290322580645
DDPM,2000,CATGCA,0.00013548387096774193
DDPM,2000,CATGCC,0.0001225806451612903
DDPM,2000,CATGCG,8.387096774193548e-05
DDPM,2000,CATGCT,0.00011612903225806452
DDPM,2000,CATGGA,0.00023225806451612904
DDPM,2000,CATGGC,0.00017419354838709678
DDPM,2000,CATGGG,0.00015483870967741937
DDPM,2000,CATGGT,0.00016774193548387096
DDPM,2000,CATGTA,0.00023225806451612904
DDPM,2000,CATGTC,0.00021935483870967742
DDPM,2000,CATGTG,0.00017419354838709678
DDPM,2000,CATGTT,0.00025161290322580645
DDPM,2000,CATTAA,0.0004838709677419355
DDPM,2000,CATTAC,0.0002967741935483871
DDPM,2000,CATTAG,0.0001935483870967742
DDPM,2000,CATTAT,0.00043870967741935484
DDPM,2000,CATTCA,0.0002774193548387097
DDPM,2000,CATTCC,0.00023870967741935483
DDPM,2000,CATTCG,0.00018064516129032257
DDPM,2000,CATTCT,0.0004903225806451613
DDPM,2000,CATTGA,0.00029032258064516127
DDPM,2000,CATTGC,0.00014838709677419355
DDPM,2000,CATTGG,0.00021935483870967742
DDPM,2000,CATTGT,0.00032903225806451614
DDPM,2000,CATTTA,0.0003741935483870968
DDPM,2000,CATTTC,0.0005225806451612903
DDPM,2000,CATTTG,0.00030967741935483873
DDPM,2000,CATTTT,0.0009290322580645161
DDPM,2000,CCAAAA,0.0008451612903225806
DDPM,2000,CCAAAC,0.00041935483870967743
DDPM,2000,CCAAAG,0.00036129032258064514
DDPM,2000,CCAAAT,0.0005741935483870968
DDPM,2000,CCAACA,0.0002838709677419355
DDPM,2000,CCAACC,0.0002064516129032258
DDPM,2000,CCAACG,0.00025161290322580645
DDPM,2000,CCAACT,0.0002645161290322581
DDPM,2000,CCAAGA,0.0003032258064516129
DDPM,2000,CCAAGC,0.0001935483870967742
DDPM,2000,CCAAGG,9.032258064516129e-05
DDPM,2000,CCAAGT,0.00027096774193548386
DDPM,2000,CCAATA,0.0003161290322580645
DDPM,2000,CCAATC,0.00038064516129032255
DDPM,2000,CCAATG,0.00016129032258064516
DDPM,2000,CCAATT,0.0006387096774193549
DDPM,2000,CCACAA,0.00042580645161290325
DDPM,2000,CCACAC,0.00018064516129032257
DDPM,2000,CCACAG,0.00010967741935483871
DDPM,2000,CCACAT,0.00025806451612903227
DDPM,2000,CCACCA,0.00034193548387096773
DDPM,2000,CCACCC,0.0001032258064516129
DDPM,2000,CCACCG,0.00023870967741935483
DDPM,2000,CCACCT,0.00014193548387096775
DDPM,2000,CCACGA,0.00016774193548387096
DDPM,2000,CCACGC,8.387096774193548e-05
DDPM,2000,CCACGG,7.741935483870968e-05
DDPM,2000,CCACGT,0.0002
DDPM,2000,CCACTA,0.00018064516129032257
DDPM,2000,CCACTC,0.00021935483870967742
DDPM,2000,CCACTG,0.0001225806451612903
DDPM,2000,CCACTT,0.00032903225806451614
DDPM,2000,CCAGAA,0.00027096774193548386
DDPM,2000,CCAGAC,0.00011612903225806452
DDPM,2000,CCAGAG,0.0001935483870967742
DDPM,2000,CCAGAT,0.00023225806451612904
DDPM,2000,CCAGCA,0.0001225806451612903
DDPM,2000,CCAGCC,7.741935483870968e-05
DDPM,2000,CCAGCG,8.387096774193548e-05
DDPM,2000,CCAGCT,0.00018064516129032257
DDPM,2000,CCAGGA,8.387096774193548e-05
DDPM,2000,CCAGGC,4.516129032258064e-05
DDPM,2000,CCAGGG,9.67741935483871e-05
DDPM,2000,CCAGGT,6.451612903225807e-05
DDPM,2000,CCAGTA,0.00016774193548387096
DDPM,2000,CCAGTC,8.387096774193548e-05
DDPM,2000,CCAGTG,0.00018064516129032257
DDPM,2000,CCAGTT,0.00023225806451612904
DDPM,2000,CCATAA,0.0002967741935483871
DDPM,2000,CCATAC,9.67741935483871e-05
DDPM,2000,CCATAG,8.387096774193548e-05
DDPM,2000,CCATAT,0.0002967741935483871
DDPM,2000,CCATCA,0.00032903225806451614
DDPM,2000,CCATCC,0.00015483870967741937
DDPM,2000,CCATCG,0.0002064516129032258
DDPM,2000,CCATCT,0.0004129032258064516
DDPM,2000,CCATGA,0.0002451612903225806
DDPM,2000,CCATGC,0.00013548387096774193
DDPM,2000,CCATGG,0.00017419354838709678
DDPM,2000,CCATGT,0.0001935483870967742
DDPM,2000,CCATTA,0.0003161290322580645
DDPM,2000,CCATTC,0.00025806451612903227
DDPM,2000,CCATTG,0.0002645161290322581
DDPM,2000,CCATTT,0.0005096774193548387
DDPM,2000,CCCAAA,0.0005612903225806451
DDPM,2000,CCCAAC,0.0001935483870967742
DDPM,2000,CCCAAG,0.0001870967741935484
DDPM,2000,CCCAAT,0.00032903225806451614
DDPM,2000,CCCACA,0.00021935483870967742
DDPM,2000,CCCACC,0.00011612903225806452
DDPM,2000,CCCACG,5.806451612903226e-05
DDPM,2000,CCCACT,0.00015483870967741937
DDPM,2000,CCCAGA,0.00014838709677419355
DDPM,2000,CCCAGC,9.032258064516129e-05
DDPM,2000,CCCAGG,3.870967741935484e-05
DDPM,2000,CCCAGT,0.0001032258064516129
DDPM,2000,CCCATA,0.0002064516129032258
DDPM,2000,CCCATC,0.00018064516129032257
DDPM,2000,CCCATG,0.00013548387096774193
DDPM,2000,CCCATT,0.0003161290322580645
DDPM,2000,CCCCAA,0.00025806451612903227
DDPM,2000,CCCCAC,0.0001225806451612903
DDPM,2000,CCCCAG,3.2258064516129034e-05
DDPM,2000,CCCCAT,0.00010967741935483871
DDPM,2000,CCCCCA,7.741935483870968e-05
DDPM,2000,CCCCCC,2.5806451612903226e-05
DDPM,2000,CCCCCG,3.2258064516129034e-05
DDPM,2000,CCCCCT,4.516129032258064e-05
DDPM,2000,CCCCGA,6.451612903225807e-05
DDPM,2000,CCCCGC,3.870967741935484e-05
DDPM,2000,CCCCGG,5.161290322580645e-05
DDPM,2000,CCCCGT,5.161290322580645e-05
DDPM,2000,CCCCTA,5.161290322580645e-05
DDPM,2000,CCCCTC,5.806451612903226e-05
DDPM,2000,CCCCTG,3.870967741935484e-05
DDPM,2000,CCCCTT,0.00016774193548387096
DDPM,2000,CCCGAA,0.00012903225806451613
DDPM,2000,CCCGAC,9.67741935483871e-05
DDPM,2000,CCCGAG,9.032258064516129e-05
DDPM,2000,CCCGAT,9.67741935483871e-05
DDPM,2000,CCCGCA,4.516129032258064e-05
DDPM,2000,CCCGCC,8.387096774193548e-05
DDPM,2000,CCCGCG,4.516129032258064e-05
DDPM,2000,CCCGCT,8.387096774193548e-05
DDPM,2000,CCCGGA,8.387096774193548e-05
DDPM,2000,CCCGGC,7.096774193548388e-05
DDPM,2000,CCCGGG,7.096774193548388e-05
DDPM,2000,CCCGGT,7.096774193548388e-05
DDPM,2000,CCCGTA,9.032258064516129e-05
DDPM,2000,CCCGTC,0.0001225806451612903
DDPM,2000,CCCGTG,6.451612903225807e-05
DDPM,2000,CCCGTT,0.00014193548387096775
DDPM,2000,CCCTAA,0.00016129032258064516
DDPM,2000,CCCTAC,0.0001032258064516129
DDPM,2000,CCCTAG,3.870967741935484e-05
DDPM,2000,CCCTAT,0.00014193548387096775
DDPM,2000,CCCTCA,0.00017419354838709678
DDPM,2000,CCCTCC,0.00012903225806451613
DDPM,2000,CCCTCG,7.096774193548388e-05
DDPM,2000,CCCTCT,0.0002451612903225806
DDPM,2000,CCCTGA,9.032258064516129e-05
DDPM,2000,CCCTGC,3.870967741935484e-05
DDPM,2000,CCCTGG,3.2258064516129034e-05
DDPM,2000,CCCTGT,7.096774193548388e-05
DDPM,2000,CCCTTA,0.00018064516129032257
DDPM,2000,CCCTTC,0.00022580645161290321
DDPM,2000,CCCTTG,0.00010967741935483871
DDPM,2000,CCCTTT,0.00023870967741935483
DDPM,2000,CCGAAA,0.0002451612903225806
DDPM,2000,CCGAAC,0.00011612903225806452
DDPM,2000,CCGAAG,0.00023225806451612904
DDPM,2000,CCGAAT,0.0002838709677419355
DDPM,2000,CCGACA,0.00016129032258064516
DDPM,2000,CCGACC,0.00017419354838709678
DDPM,2000,CCGACG,0.00022580645161290321
DDPM,2000,CCGACT,0.00014838709677419355
DDPM,2000,CCGAGA,0.00016129032258064516
DDPM,2000,CCGAGC,0.0001225806451612903
DDPM,2000,CCGAGG,4.516129032258064e-05
DDPM,2000,CCGAGT,0.00014193548387096775
DDPM,2000,CCGATA,0.00012903225806451613
DDPM,2000,CCGATC,0.0002838709677419355
DDPM,2000,CCGATG,0.00011612903225806452
DDPM,2000,CCGATT,0.0003935483870967742
DDPM,2000,CCGCAA,0.00013548387096774193
DDPM,2000,CCGCAC,3.2258064516129034e-05
DDPM,2000,CCGCAG,8.387096774193548e-05
DDPM,2000,CCGCAT,7.741935483870968e-05
DDPM,2000,CCGCCA,0.0002064516129032258
DDPM,2000,CCGCCC,5.161290322580645e-05
DDPM,2000,CCGCCG,0.00030967741935483873
DDPM,2000,CCGCCT,6.451612903225807e-05
DDPM,2000,CCGCGA,7.096774193548388e-05
DDPM,2000,CCGCGC,3.870967741935484e-05
DDPM,2000,CCGCGG,6.451612903225807e-05
DDPM,2000,CCGCGT,9.032258064516129e-05
DDPM,2000,CCGCTA,9.032258064516129e-05
DDPM,2000,CCGCTC,9.032258064516129e-05
DDPM,2000,CCGCTG,9.032258064516129e-05
DDPM,2000,CCGCTT,0.00016129032258064516
DDPM,2000,CCGGAA,0.00023870967741935483
DDPM,2000,CCGGAC,7.741935483870968e-05
DDPM,2000,CCGGAG,0.00018064516129032257
DDPM,2000,CCGGAT,0.00014838709677419355
DDPM,2000,CCGGCA,7.741935483870968e-05
DDPM,2000,CCGGCC,9.67741935483871e-05
DDPM,2000,CCGGCG,0.0002064516129032258
DDPM,2000,CCGGCT,9.67741935483871e-05
DDPM,2000,CCGGGA,8.387096774193548e-05
DDPM,2000,CCGGGC,2.5806451612903226e-05
DDPM,2000,CCGGGG,5.806451612903226e-05
DDPM,2000,CCGGGT,0.0001225806451612903
DDPM,2000,CCGGTA,0.0001225806451612903
DDPM,2000,CCGGTC,0.00016774193548387096
DDPM,2000,CCGGTG,0.00014838709677419355
DDPM,2000,CCGGTT,0.00034838709677419355
DDPM,2000,CCGTAA,0.00011612903225806452
DDPM,2000,CCGTAC,7.096774193548388e-05
DDPM,2000,CCGTAG,6.451612903225807e-05
DDPM,2000,CCGTAT,0.00010967741935483871
DDPM,2000,CCGTCA,0.0002064516129032258
DDPM,2000,CCGTCC,7.096774193548388e-05
DDPM,2000,CCGTCG,0.0003032258064516129
DDPM,2000,CCGTCT,0.0001870967741935484
DDPM,2000,CCGTGA,0.00013548387096774193
DDPM,2000,CCGTGC,6.451612903225807e-05
DDPM,2000,CCGTGG,0.00016129032258064516
DDPM,2000,CCGTGT,0.00011612903225806452
DDPM,2000,CCGTTA,0.00021290322580645163
DDPM,2000,CCGTTC,0.00011612903225806452
DDPM,2000,CCGTTG,0.00022580645161290321
DDPM,2000,CCGTTT,0.0003032258064516129
DDPM,2000,CCTAAA,0.00036774193548387097
DDPM,2000,CCTAAC,0.00021290322580645163
DDPM,2000,CCTAAG,0.00012903225806451613
DDPM,2000,CCTAAT,0.0002838709677419355
DDPM,2000,CCTACA,0.00014838709677419355
DDPM,2000,CCTACC,9.67741935483871e-05
DDPM,2000,CCTACG,0.00011612903225806452
DDPM,2000,CCTACT,0.00014838709677419355
DDPM,2000,CCTAGA,8.387096774193548e-05
DDPM,2000,CCTAGC,9.67741935483871e-05
DDPM,2000,CCTAGG,6.451612903225807e-05
DDPM,2000,CCTAGT,9.67741935483871e-05
DDPM,2000,CCTATA,0.00018064516129032257
DDPM,2000,CCTATC,0.00014838709677419355
DDPM,2000,CCTATG,9.032258064516129e-05
DDPM,2000,CCTATT,0.0002451612903225806
DDPM,2000,CCTCAA,0.00034838709677419355
DDPM,2000,CCTCAC,0.00015483870967741937
DDPM,2000,CCTCAG,0.00018064516129032257
DDPM,2000,CCTCAT,0.00023870967741935483
DDPM,2000,CCTCCA,0.0002838709677419355
DDPM,2000,CCTCCC,9.67741935483871e-05
DDPM,2000,CCTCCG,0.0002064516129032258
DDPM,2000,CCTCCT,0.00029032258064516127
DDPM,2000,CCTCGA,0.00014193548387096775
DDPM,2000,CCTCGC,0.00011612903225806452
DDPM,2000,CCTCGG,7.741935483870968e-05
DDPM,2000,CCTCGT,0.0002
DDPM,2000,CCTCTA,0.0002
DDPM,2000,CCTCTC,0.00043870967741935484
DDPM,2000,CCTCTG,0.0001870967741935484
DDPM,2000,CCTCTT,0.0005483870967741936
DDPM,2000,CCTGAA,0.00012903225806451613
DDPM,2000,CCTGAC,7.741935483870968e-05
DDPM,2000,CCTGAG,8.387096774193548e-05
DDPM,2000,CCTGAT,0.00016129032258064516
DDPM,2000,CCTGCA,6.451612903225807e-05
DDPM,2000,CCTGCC,5.806451612903226e-05
DDPM,2000,CCTGCG,3.870967741935484e-05
DDPM,2000,CCTGCT,7.741935483870968e-05
DDPM,2000,CCTGGA,0.00011612903225806452
DDPM,2000,CCTGGC,5.806451612903226e-05
DDPM,2000,CCTGGG,3.870967741935484e-05
DDPM,2000,CCTGGT,0.0001032258064516129
DDPM,2000,CCTGTA,6.451612903225807e-05
DDPM,2000,CCTGTC,0.00013548387096774193
DDPM,2000,CCTGTG,8.387096774193548e-05
DDPM,2000,CCTGTT,0.00014193548387096775
DDPM,2000,CCTTAA,0.00022580645161290321
DDPM,2000,CCTTAC,0.0002
DDPM,2000,CCTTAG,0.00014838709677419355
DDPM,2000,CCTTAT,0.00022580645161290321
DDPM,2000,CCTTCA,0.00029032258064516127
DDPM,2000,CCTTCC,0.0002645161290322581
DDPM,2000,CCTTCG,0.00014838709677419355
DDPM,2000,CCTTCT,0.000567741935483871
DDPM,2000,CCTTGA,0.0002064516129032258
DDPM,2000,CCTTGC,0.0001225806451612903
DDPM,2000,CCTTGG,7.741935483870968e-05
DDPM,2000,CCTTGT,0.0002064516129032258
DDPM,2000,CCTTTA,0.0002774193548387097
DDPM,2000,CCTTTC,0.0003935483870967742
DDPM,2000,CCTTTG,0.0002774193548387097
DDPM,2000,CCTTTT,0.0006645161290322581
DDPM,2000,CGAAAA,0.0003935483870967742
DDPM,2000,CGAAAC,0.00027096774193548386
DDPM,2000,CGAAAG,0.00022580645161290321
DDPM,2000,CGAAAT,0.0003032258064516129
DDPM,2000,CGAACA,0.00017419354838709678
DDPM,2000,CGAACC,0.00016129032258064516
DDPM,2000,CGAACG,5.806451612903226e-05
DDPM,2000,CGAACT,0.0001225806451612903
DDPM,2000,CGAAGA,0.0004064516129032258
DDPM,2000,CGAAGC,0.00021935483870967742
DDPM,2000,CGAAGG,0.00012903225806451613
DDPM,2000,CGAAGT,0.00023870967741935483
DDPM,2000,CGAATA,0.00013548387096774193
DDPM,2000,CGAATC,0.000432258064516129
DDPM,2000,CGAATG,8.387096774193548e-05
DDPM,2000,CGAATT,0.0003225806451612903
DDPM,2000,CGACAA,0.0002967741935483871
DDPM,2000,CGACAC,0.0001032258064516129
DDPM,2000,CGACAG,8.387096774193548e-05
DDPM,2000,CGACAT,0.00023870967741935483
DDPM,2000,CGACCA,0.00015483870967741937
DDPM,2000,CGACCC,7.096774193548388e-05
DDPM,2000,CGACCG,8.387096774193548e-05
DDPM,2000,CGACCT,0.0001225806451612903
DDPM,2000,CGACGA,0.00029032258064516127
DDPM,2000,CGACGC,0.00010967741935483871
DDPM,2000,CGACGG,0.00017419354838709678
DDPM,2000,CGACGT,0.0002
DDPM,2000,CGACTA,9.032258064516129e-05
DDPM,2000,CGACTC,0.00016129032258064516
DDPM,2000,CGACTG,7.741935483870968e-05
DDPM,2000,CGACTT,0.00025806451612903227
DDPM,2000,CGAGAA,0.0002774193548387097
DDPM,2000,CGAGAC,8.387096774193548e-05
DDPM,2000,CGAGAG,0.00016774193548387096
DDPM,2000,CGAGAT,0.0001935483870967742
DDPM,2000,CGAGCA,0.00010967741935483871
DDPM,2000,CGAGCC,9.67741935483871e-05
DDPM,2000,CGAGCG,7.741935483870968e-05
DDPM,2000,CGAGCT,0.00018064516129032257
DDPM,2000,CGAGGA,0.00016129032258064516
DDPM,2000,CGAGGC,3.2258064516129034e-05
DDPM,2000,CGAGGG,5.161290322580645e-05
DDPM,2000,CGAGGT,7.741935483870968e-05
DDPM,2000,CGAGTA,9.67741935483871e-05
DDPM,2000,CGAGTC,0.00017419354838709678
DDPM,2000,CGAGTG,9.67741935483871e-05
DDPM,2000,CGAGTT,0.00027096774193548386
DDPM,2000,CGATAA,0.00021290322580645163
DDPM,2000,CGATAC,0.00011612903225806452
DDPM,2000,CGATAG,0.00010967741935483871
DDPM,2000,CGATAT,0.0002451612903225806
DDPM,2000,CGATCA,0.00025161290322580645
DDPM,2000,CGATCC,0.00018064516129032257
DDPM,2000,CGATCG,0.00018064516129032257
DDPM,2000,CGATCT,0.0004
DDPM,2000,CGATGA,0.00030967741935483873
DDPM,2000,CGATGC,0.00012903225806451613
DDPM,2000,CGATGG,0.00017419354838709678
DDPM,2000,CGATGT,9.67741935483871e-05
DDPM,2000,CGATTA,0.0002645161290322581
DDPM,2000,CGATTC,0.0005032258064516129
DDPM,2000,CGATTG,0.0001935483870967742
DDPM,2000,CGATTT,0.0006838709677419355
DDPM,2000,CGCAAA,0.00018064516129032257
DDPM,2000,CGCAAC,0.0001225806451612903
DDPM,2000,CGCAAG,7.741935483870968e-05
DDPM,2000,CGCAAT,0.00013548387096774193
DDPM,2000,CGCACA,8.387096774193548e-05
DDPM,2000,CGCACC,3.870967741935484e-05
DDPM,2000,CGCACG,2.5806451612903226e-05
DDPM,2000,CGCACT,3.870967741935484e-05
DDPM,2000,CGCAGA,0.00010967741935483871
DDPM,2000,CGCAGC,0.0001032258064516129
DDPM,2000,CGCAGG,3.870967741935484e-05
DDPM,2000,CGCAGT,9.67741935483871e-05
DDPM,2000,CGCATA,5.161290322580645e-05
DDPM,2000,CGCATC,0.0001032258064516129
DDPM,2000,CGCATG,7.096774193548388e-05
DDPM,2000,CGCATT,0.00011612903225806452
DDPM,2000,CGCCAA,0.0001870967741935484
DDPM,2000,CGCCAC,0.0001870967741935484
DDPM,2000,CGCCAG,8.387096774193548e-05
DDPM,2000,CGCCAT,0.00016129032258064516
DDPM,2000,CGCCCA,5.161290322580645e-05
DDPM,2000,CGCCCC,3.2258064516129034e-05
DDPM,2000,CGCCCG,3.870967741935484e-05
DDPM,2000,CGCCCT,3.870967741935484e-05
DDPM,2000,CGCCGA,0.0002064516129032258
DDPM,2000,CGCCGC,0.00017419354838709678
DDPM,2000,CGCCGG,0.00023225806451612904
DDPM,2000,CGCCGT,0.0002645161290322581
DDPM,2000,CGCCTA,7.741935483870968e-05
DDPM,2000,CGCCTC,8.387096774193548e-05
DDPM,2000,CGCCTG,5.806451612903226e-05
DDPM,2000,CGCCTT,0.0001032258064516129
DDPM,2000,CGCGAA,0.00013548387096774193
DDPM,2000,CGCGAC,4.516129032258064e-05
DDPM,2000,CGCGAG,5.161290322580645e-05
DDPM,2000,CGCGAT,3.2258064516129034e-05
DDPM,2000,CGCGCA,3.870967741935484e-05
DDPM,2000,CGCGCC,5.806451612903226e-05
DDPM,2000,CGCGCG,4.516129032258064e-05
DDPM,2000,CGCGCT,1.935483870967742e-05
DDPM,2000,CGCGGA,9.67741935483871e-05
DDPM,2000,CGCGGC,7.741935483870968e-05
DDPM,2000,CGCGGG,1.935483870967742e-05
DDPM,2000,CGCGGT,4.516129032258064e-05
DDPM,2000,CGCGTA,5.806451612903226e-05
DDPM,2000,CGCGTC,0.0001225806451612903
DDPM,2000,CGCGTG,1.2903225806451613e-05
DDPM,2000,CGCGTT,0.00011612903225806452
DDPM,2000,CGCTAA,9.67741935483871e-05
DDPM,2000,CGCTAC,5.806451612903226e-05
DDPM,2000,CGCTAG,7.741935483870968e-05
DDPM,2000,CGCTAT,0.00014193548387096775
DDPM,2000,CGCTCA,8.387096774193548e-05
DDPM,2000,CGCTCC,0.00013548387096774193
DDPM,2000,CGCTCG,5.806451612903226e-05
DDPM,2000,CGCTCT,0.00021935483870967742
DDPM,2000,CGCTGA,0.00010967741935483871
DDPM,2000,CGCTGC,6.451612903225807e-05
DDPM,2000,CGCTGG,0.00010967741935483871
DDPM,2000,CGCTGT,9.67741935483871e-05
DDPM,2000,CGCTTA,8.387096774193548e-05
DDPM,2000,CGCTTC,0.0002838709677419355
DDPM,2000,CGCTTG,8.387096774193548e-05
DDPM,2000,CGCTTT,0.00022580645161290321
DDPM,2000,CGGAAA,0.00025161290322580645
DDPM,2000,CGGAAC,0.0001225806451612903
DDPM,2000,CGGAAG,0.00021290322580645163
DDPM,2000,CGGAAT,0.0002
DDPM,2000,CGGACA,0.00010967741935483871
DDPM,2000,CGGACC,9.032258064516129e-05
DDPM,2000,CGGACG,3.870967741935484e-05
DDPM,2000,CGGACT,4.516129032258064e-05
DDPM,2000,CGGAGA,0.0002967741935483871
DDPM,2000,CGGAGC,0.00014838709677419355
DDPM,2000,CGGAGG,0.00014838709677419355
DDPM,2000,CGGAGT,0.00011612903225806452
DDPM,2000,CGGATA,0.00014193548387096775
DDPM,2000,CGGATC,0.00021935483870967742
DDPM,2000,CGGATG,7.741935483870968e-05
DDPM,2000,CGGATT,0.00030967741935483873
DDPM,2000,CGGCAA,0.00016774193548387096
DDPM,2000,CGGCAC,5.806451612903226e-05
DDPM,2000,CGGCAG,5.161290322580645e-05
DDPM,2000,CGGCAT,5.806451612903226e-05
DDPM,2000,CGGCCA,0.00010967741935483871
DDPM,2000,CGGCCC,6.451612903225807e-05
DDPM,2000,CGGCCG,9.67741935483871e-05
DDPM,2000,CGGCCT,8.387096774193548e-05
DDPM,2000,CGGCGA,0.0002064516129032258
DDPM,2000,CGGCGC,0.0001225806451612903
DDPM,2000,CGGCGG,0.00022580645161290321
DDPM,2000,CGGCGT,0.00016774193548387096
DDPM,2000,CGGCTA,0.00015483870967741937
DDPM,2000,CGGCTC,0.00013548387096774193
DDPM,2000,CGGCTG,6.451612903225807e-05
DDPM,2000,CGGCTT,0.00016774193548387096
DDPM,2000,CGGGAA,0.00010967741935483871
DDPM,2000,CGGGAC,5.161290322580645e-05
DDPM,2000,CGGGAG,3.870967741935484e-05
DDPM,2000,CGGGAT,0.0001032258064516129
DDPM,2000,CGGGCA,3.870967741935484e-05
DDPM,2000,CGGGCC,6.451612903225806e-06
DDPM,2000,CGGGCG,2.5806451612903226e-05
DDPM,2000,CGGGCT,5.161290322580645e-05
DDPM,2000,CGGGGA,7.096774193548388e-05
DDPM,2000,CGGGGC,3.2258064516129034e-05
DDPM,2000,CGGGGG,1.935483870967742e-05
DDPM,2000,CGGGGT,5.161290322580645e-05
DDPM,2000,CGGGTA,9.032258064516129e-05
DDPM,2000,CGGGTC,0.00011612903225806452
DDPM,2000,CGGGTG,7.741935483870968e-05
DDPM,2000,CGGGTT,0.00014838709677419355
DDPM,2000,CGGTAA,0.00011612903225806452
DDPM,2000,CGGTAC,5.806451612903226e-05
DDPM,2000,CGGTAG,9.032258064516129e-05
DDPM,2000,CGGTAT,0.00012903225806451613
DDPM,2000,CGGTCA,0.00014193548387096775
DDPM,2000,CGGTCC,0.00010967741935483871
DDPM,2000,CGGTCG,0.00016129032258064516
DDPM,2000,CGGTCT,0.00011612903225806452
DDPM,2000,CGGTGA,0.00016774193548387096
DDPM,2000,CGGTGC,9.032258064516129e-05
DDPM,2000,CGGTGG,0.00016129032258064516
DDPM,2000,CGGTGT,0.00014193548387096775
DDPM,2000,CGGTTA,0.00023225806451612904
DDPM,2000,CGGTTC,0.00023225806451612904
DDPM,2000,CGGTTG,0.00017419354838709678
DDPM,2000,CGGTTT,0.0003741935483870968
DDPM,2000,CGTAAA,0.0002451612903225806
DDPM,2000,CGTAAC,0.00011612903225806452
DDPM,2000,CGTAAG,0.00011612903225806452
DDPM,2000,CGTAAT,0.0001935483870967742
DDPM,2000,CGTACA,0.00011612903225806452
DDPM,2000,CGTACC,5.806451612903226e-05
DDPM,2000,CGTACG,5.806451612903226e-05
DDPM,2000,CGTACT,0.00010967741935483871
DDPM,2000,CGTAGA,0.0001870967741935484
DDPM,2000,CGTAGC,7.741935483870968e-05
DDPM,2000,CGTAGG,4.516129032258064e-05
DDPM,2000,CGTAGT,9.032258064516129e-05
DDPM,2000,CGTATA,0.00016774193548387096
DDPM,2000,CGTATC,0.00016774193548387096
DDPM,2000,CGTATG,9.67741935483871e-05
DDPM,2000,CGTATT,0.0002451612903225806
DDPM,2000,CGTCAA,0.00029032258064516127
DDPM,2000,CGTCAC,0.0001225806451612903
DDPM,2000,CGTCAG,0.0002064516129032258
DDPM,2000,CGTCAT,0.00038064516129032255
DDPM,2000,CGTCCA,0.00016774193548387096
DDPM,2000,CGTCCC,9.032258064516129e-05
DDPM,2000,CGTCCG,9.032258064516129e-05
DDPM,2000,CGTCCT,0.00012903225806451613
DDPM,2000,CGTCGA,0.00025806451612903227
DDPM,2000,CGTCGC,0.00018064516129032257
DDPM,2000,CGTCGG,0.0002451612903225806
DDPM,2000,CGTCGT,0.0004
DDPM,2000,CGTCTA,0.00015483870967741937
DDPM,2000,CGTCTC,0.00021290322580645163
DDPM,2000,CGTCTG,0.0001225806451612903
DDPM,2000,CGTCTT,0.00034193548387096773
DDPM,2000,CGTGAA,0.00011612903225806452
DDPM,2000,CGTGAC,0.00015483870967741937
DDPM,2000,CGTGAG,0.00012903225806451613
DDPM,2000,CGTGAT,0.00014193548387096775
DDPM,2000,CGTGCA,0.00010967741935483871
DDPM,2000,CGTGCC,3.870967741935484e-05
DDPM,2000,CGTGCG,3.2258064516129034e-05
DDPM,2000,CGTGCT,7.741935483870968e-05
DDPM,2000,CGTGGA,0.00012903225806451613
DDPM,2000,CGTGGC,0.00013548387096774193
DDPM,2000,CGTGGG,7.096774193548388e-05
DDPM,2000,CGTGGT,0.00015483870967741937
DDPM,2000,CGTGTA,0.0001032258064516129
DDPM,2000,CGTGTC,0.0001870967741935484
DDPM,2000,CGTGTG,0.00021290322580645163
DDPM,2000,CGTGTT,0.0002774193548387097
DDPM,2000,CGTTAA,0.00023870967741935483
DDPM,2000,CGTTAC,0.00015483870967741937
DDPM,2000,CGTTAG,0.00016129032258064516
DDPM,2000,CGTTAT,0.0002838709677419355
DDPM,2000,CGTTCA,0.0001225806451612903
DDPM,2000,CGTTCC,0.0001870967741935484
DDPM,2000,CGTTCG,7.096774193548388e-05
DDPM,2000,CGTTCT,0.0002645161290322581
DDPM,2000,CGTTGA,0.0002451612903225806
DDPM,2000,CGTTGC,0.00012903225806451613
DDPM,2000,CGTTGG,0.0001225806451612903
DDPM,2000,CGTTGT,0.00022580645161290321
DDPM,2000,CGTTTA,0.0002645161290322581
DDPM,2000,CGTTTC,0.000535483870967742
DDPM,2000,CGTTTG,0.00022580645161290321
DDPM,2000,CGTTTT,0.0006129032258064516
DDPM,2000,CTAAAA,0.0005935483870967742
DDPM,2000,CTAAAC,0.0003741935483870968
DDPM,2000,CTAAAG,0.0002645161290322581
DDPM,2000,CTAAAT,0.00042580645161290325
DDPM,2000,CTAACA,0.0001870967741935484
DDPM,2000,CTAACC,0.00025161290322580645
DDPM,2000,CTAACG,0.00010967741935483871
DDPM,2000,CTAACT,0.00014193548387096775
DDPM,2000,CTAAGA,0.00018064516129032257
DDPM,2000,CTAAGC,0.0001935483870967742
DDPM,2000,CTAAGG,0.0001032258064516129
DDPM,2000,CTAAGT,0.00014838709677419355
DDPM,2000,CTAATA,0.0003032258064516129
DDPM,2000,CTAATC,0.0003354838709677419
DDPM,2000,CTAATG,0.00014838709677419355
DDPM,2000,CTAATT,0.0003935483870967742
DDPM,2000,CTACAA,0.00025806451612903227
DDPM,2000,CTACAC,0.00012903225806451613
DDPM,2000,CTACAG,0.00011612903225806452
DDPM,2000,CTACAT,0.00017419354838709678
DDPM,2000,CTACCA,0.00018064516129032257
DDPM,2000,CTACCC,5.161290322580645e-05
DDPM,2000,CTACCG,0.00014193548387096775
DDPM,2000,CTACCT,0.00011612903225806452
DDPM,2000,CTACGA,0.00016774193548387096
DDPM,2000,CTACGC,6.451612903225807e-05
DDPM,2000,CTACGG,0.0001870967741935484
DDPM,2000,CTACGT,0.00013548387096774193
DDPM,2000,CTACTA,0.0001032258064516129
DDPM,2000,CTACTC,0.00022580645161290321
DDPM,2000,CTACTG,0.00016774193548387096
DDPM,2000,CTACTT,0.00029032258064516127
DDPM,2000,CTAGAA,0.00018064516129032257
DDPM,2000,CTAGAC,0.00010967741935483871
DDPM,2000,CTAGAG,0.00014838709677419355
DDPM,2000,CTAGAT,0.00014838709677419355
DDPM,2000,CTAGCA,9.67741935483871e-05
DDPM,2000,CTAGCC,8.387096774193548e-05
DDPM,2000,CTAGCG,4.516129032258064e-05
DDPM,2000,CTAGCT,0.00018064516129032257
DDPM,2000,CTAGGA,9.032258064516129e-05
DDPM,2000,CTAGGC,9.032258064516129e-05
DDPM,2000,CTAGGG,3.870967741935484e-05
DDPM,2000,CTAGGT,0.00010967741935483871
DDPM,2000,CTAGTA,8.387096774193548e-05
DDPM,2000,CTAGTC,0.0001935483870967742
DDPM,2000,CTAGTG,0.00013548387096774193
DDPM,2000,CTAGTT,0.00023225806451612904
DDPM,2000,CTATAA,0.0002967741935483871
DDPM,2000,CTATAC,0.00016129032258064516
DDPM,2000,CTATAG,0.00010967741935483871
DDPM,2000,CTATAT,0.0003225806451612903
DDPM,2000,CTATCA,0.0002
DDPM,2000,CTATCC,0.0001870967741935484
DDPM,2000,CTATCG,9.032258064516129e-05
DDPM,2000,CTATCT,0.00025161290322580645
DDPM,2000,CTATGA,0.0001935483870967742
DDPM,2000,CTATGC,8.387096774193548e-05
DDPM,2000,CTATGG,0.00016774193548387096
DDPM,2000,CTATGT,0.00013548387096774193
DDPM,2000,CTATTA,0.0002451612903225806
DDPM,2000,CTATTC,0.0002451612903225806
DDPM,2000,CTATTG,0.00021290322580645163
DDPM,2000,CTATTT,0.0005225806451612903
DDPM,2000,CTCAAA,0.000632258064516129
DDPM,2000,CTCAAC,0.0002774193548387097
DDPM,2000,CTCAAG,0.00022580645161290321
DDPM,2000,CTCAAT,0.000432258064516129
DDPM,2000,CTCACA,0.00027096774193548386
DDPM,2000,CTCACC,0.00022580645161290321
DDPM,2000,CTCACG,0.00016129032258064516
DDPM,2000,CTCACT,0.0002645161290322581
DDPM,2000,CTCAGA,0.00032903225806451614
DDPM,2000,CTCAGC,0.0001935483870967742
DDPM,2000,CTCAGG,9.032258064516129e-05
DDPM,2000,CTCAGT,0.00017419354838709678
DDPM,2000,CTCATA,0.0002064516129032258
DDPM,2000,CTCATC,0.00036774193548387097
DDPM,2000,CTCATG,0.00021935483870967742
DDPM,2000,CTCATT,0.00043870967741935484
DDPM,2000,CTCCAA,0.00038064516129032255
DDPM,2000,CTCCAC,0.0004
DDPM,2000,CTCCAG,0.00018064516129032257
DDPM,2000,CTCCAT,0.0003741935483870968
DDPM,2000,CTCCCA,0.00018064516129032257
DDPM,2000,CTCCCC,0.00012903225806451613
DDPM,2000,CTCCCG,0.00011612903225806452
DDPM,2000,CTCCCT,0.0002064516129032258
DDPM,2000,CTCCGA,0.00034193548387096773
DDPM,2000,CTCCGC,0.0002064516129032258
DDPM,2000,CTCCGG,0.00023870967741935483
DDPM,2000,CTCCGT,0.00032903225806451614
DDPM,2000,CTCCTA,0.00022580645161290321
DDPM,2000,CTCCTC,0.0005161290322580645
DDPM,2000,CTCCTG,0.0001225806451612903
DDPM,2000,CTCCTT,0.0005419354838709677
DDPM,2000,CTCGAA,0.00023870967741935483
DDPM,2000,CTCGAC,0.00013548387096774193
DDPM,2000,CTCGAG,0.00018064516129032257
DDPM,2000,CTCGAT,0.0003354838709677419
DDPM,2000,CTCGCA,0.00010967741935483871
DDPM,2000,CTCGCC,0.00014838709677419355
DDPM,2000,CTCGCG,8.387096774193548e-05
DDPM,2000,CTCGCT,0.0002
DDPM,2000,CTCGGA,0.00015483870967741937
DDPM,2000,CTCGGC,0.00012903225806451613
DDPM,2000,CTCGGG,6.451612903225807e-05
DDPM,2000,CTCGGT,0.0001225806451612903
DDPM,2000,CTCGTA,0.0002
DDPM,2000,CTCGTC,0.0002774193548387097
DDPM,2000,CTCGTG,0.00015483870967741937
DDPM,2000,CTCGTT,0.00029032258064516127
DDPM,2000,CTCTAA,0.0003161290322580645
DDPM,2000,CTCTAC,0.00027096774193548386
DDPM,2000,CTCTAG,0.0002064516129032258
DDPM,2000,CTCTAT,0.00032903225806451614
DDPM,2000,CTCTCA,0.00038064516129032255
DDPM,2000,CTCTCC,0.0006
DDPM,2000,CTCTCG,0.00023225806451612904
DDPM,2000,CTCTCT,0.0017935483870967742
DDPM,2000,CTCTGA,0.00045161290322580643
DDPM,2000,CTCTGC,0.00016774193548387096
DDPM,2000,CTCTGG,0.00018064516129032257
DDPM,2000,CTCTGT,0.000567741935483871
DDPM,2000,CTCTTA,0.0003870967741935484
DDPM,2000,CTCTTC,0.0010064516129032258
DDPM,2000,CTCTTG,0.00036774193548387097
DDPM,2000,CTCTTT,0.0010838709677419354
DDPM,2000,CTGAAA,0.0003161290322580645
DDPM,2000,CTGAAC,0.0002
DDPM,2000,CTGAAG,0.00016129032258064516
DDPM,2000,CTGAAT,0.0002967741935483871
DDPM,2000,CTGACA,0.00012903225806451613
DDPM,2000,CTGACC,0.0001032258064516129
DDPM,2000,CTGACG,9.67741935483871e-05
DDPM,2000,CTGACT,0.00016129032258064516
DDPM,2000,CTGAGA,0.00022580645161290321
DDPM,2000,CTGAGC,0.0001225806451612903
DDPM,2000,CTGAGG,6.451612903225807e-05
DDPM,2000,CTGAGT,0.00014193548387096775
DDPM,2000,CTGATA,0.00022580645161290321
DDPM,2000,CTGATC,0.00030967741935483873
DDPM,2000,CTGATG,0.0002
DDPM,2000,CTGATT,0.00044516129032258066
DDPM,2000,CTGCAA,0.00016774193548387096
DDPM,2000,CTGCAC,4.516129032258064e-05
DDPM,2000,CTGCAG,6.451612903225807e-05
DDPM,2000,CTGCAT,0.00013548387096774193
DDPM,2000,CTGCCA,0.0001032258064516129
DDPM,2000,CTGCCC,3.870967741935484e-05
DDPM,2000,CTGCCG,0.00011612903225806452
DDPM,2000,CTGCCT,0.00010967741935483871
DDPM,2000,CTGCGA,7.096774193548388e-05
DDPM,2000,CTGCGC,3.2258064516129034e-05
DDPM,2000,CTGCGG,7.741935483870968e-05
DDPM,2000,CTGCGT,0.00010967741935483871
DDPM,2000,CTGCTA,0.0001225806451612903
DDPM,2000,CTGCTC,0.00014193548387096775
DDPM,2000,CTGCTG,8.387096774193548e-05
DDPM,2000,CTGCTT,0.00025161290322580645
DDPM,2000,CTGGAA,0.0002064516129032258
DDPM,2000,CTGGAC,7.741935483870968e-05
DDPM,2000,CTGGAG,0.00016774193548387096
DDPM,2000,CTGGAT,0.0001935483870967742
DDPM,2000,CTGGCA,3.870967741935484e-05
DDPM,2000,CTGGCC,6.451612903225807e-05
DDPM,2000,CTGGCG,8.387096774193548e-05
DDPM,2000,CTGGCT,0.0001225806451612903
DDPM,2000,CTGGGA,0.00011612903225806452
DDPM,2000,CTGGGC,5.161290322580645e-05
DDPM,2000,CTGGGG,5.161290322580645e-05
DDPM,2000,CTGGGT,7.741935483870968e-05
DDPM,2000,CTGGTA,9.032258064516129e-05
DDPM,2000,CTGGTC,0.0001225806451612903
DDPM,2000,CTGGTG,0.0001870967741935484
DDPM,2000,CTGGTT,0.0003161290322580645
DDPM,2000,CTGTAA,0.00011612903225806452
DDPM,2000,CTGTAC,0.00011612903225806452
DDPM,2000,CTGTAG,0.00015483870967741937
DDPM,2000,CTGTAT,0.00016129032258064516
DDPM,2000,CTGTCA,0.0001935483870967742
DDPM,2000,CTGTCC,0.0001225806451612903
DDPM,2000,CTGTCG,0.00010967741935483871
DDPM,2000,CTGTCT,0.0003548387096774194
DDPM,2000,CTGTGA,0.0001870967741935484
DDPM,2000,CTGTGC,9.032258064516129e-05
DDPM,2000,CTGTGG,0.00011612903225806452
DDPM,2000,CTGTGT,0.00023870967741935483
DDPM,2000,CTGTTA,0.00022580645161290321
DDPM,2000,CTGTTC,0.00027096774193548386
DDPM,2000,CTGTTG,0.00025806451612903227
DDPM,2000,CTGTTT,0.0006645161290322581
DDPM,2000,CTTAAA,0.00046451612903225807
DDPM,2000,CTTAAC,0.0002838709677419355
DDPM,2000,CTTAAG,0.00021290322580645163
DDPM,2000,CTTAAT,0.00036774193548387097
DDPM,2000,CTTACA,0.00022580645161290321
DDPM,2000,CTTACC,0.00021290322580645163
DDPM,2000,CTTACG,0.00013548387096774193
DDPM,2000,CTTACT,0.0002967741935483871
DDPM,2000,CTTAGA,0.0002064516129032258
DDPM,2000,CTTAGC,0.00021290322580645163
DDPM,2000,CTTAGG,0.00014193548387096775
DDPM,2000,CTTAGT,0.00025161290322580645
DDPM,2000,CTTATA,0.00027096774193548386
DDPM,2000,CTTATC,0.00036129032258064514
DDPM,2000,CTTATG,0.00016774193548387096
DDPM,2000,CTTATT,0.0005032258064516129
DDPM,2000,CTTCAA,0.0006
DDPM,2000,CTTCAC,0.0003225806451612903
DDPM,2000,CTTCAG,0.00023870967741935483
DDPM,2000,CTTCAT,0.0006903225806451613
DDPM,2000,CTTCCA,0.0005548387096774194
DDPM,2000,CTTCCC,0.00027096774193548386
DDPM,2000,CTTCCG,0.00023225806451612904
DDPM,2000,CTTCCT,0.0005612903225806451
DDPM,2000,CTTCGA,0.0003354838709677419
DDPM,2000,CTTCGC,0.0002
DDPM,2000,CTTCGG,0.00021935483870967742
DDPM,2000,CTTCGT,0.000432258064516129
DDPM,2000,CTTCTA,0.0003354838709677419
DDPM,2000,CTTCTC,0.0011483870967741935
DDPM,2000,CTTCTG,0.00036129032258064514
DDPM,2000,CTTCTT,0.0015419354838709677
DDPM,2000,CTTGAA,0.00025806451612903227
DDPM,2000,CTTGAC,0.00021290322580645163
DDPM,2000,CTTGAG,0.0002064516129032258
DDPM,2000,CTTGAT,0.00038064516129032255
DDPM,2000,CTTGCA,0.00012903225806451613
DDPM,2000,CTTGCC,0.00018064516129032257
DDPM,2000,CTTGCG,9.67741935483871e-05
DDPM,2000,CTTGCT,0.0002645161290322581
DDPM,2000,CTTGGA,0.00017419354838709678
DDPM,2000,CTTGGC,0.00010967741935483871
DDPM,2000,CTTGGG,0.00010967741935483871
DDPM,2000,CTTGGT,0.00023225806451612904
DDPM,2000,CTTGTA,0.00018064516129032257
DDPM,2000,CTTGTC,0.0003032258064516129
DDPM,2000,CTTGTG,0.00022580645161290321
DDPM,2000,CTTGTT,0.0005225806451612903
DDPM,2000,CTTTAA,0.000432258064516129
DDPM,2000,CTTTAC,0.0002838709677419355
DDPM,2000,CTTTAG,0.0003548387096774194
DDPM,2000,CTTTAT,0.0005806451612903225
DDPM,2000,CTTTCA,0.000535483870967742
DDPM,2000,CTTTCC,0.00047741935483870966
DDPM,2000,CTTTCG,0.00023225806451612904
DDPM,2000,CTTTCT,0.0009870967741935485
DDPM,2000,CTTTGA,0.000432258064516129
DDPM,2000,CTTTGC,0.0002451612903225806
DDPM,2000,CTTTGG,0.00030967741935483873
DDPM,2000,CTTTGT,0.0005225806451612903
DDPM,2000,CTTTTA,0.0005612903225806451
DDPM,2000,CTTTTC,0.0009483870967741936
DDPM,2000,CTTTTG,0.0007483870967741936
DDPM,2000,CTTTTT,0.001367741935483871
DDPM,2000,GAAAAA,0.0009612903225806452
DDPM,2000,GAAAAC,0.0005161290322580645
DDPM,2000,GAAAAG,0.0005032258064516129
DDPM,2000,GAAAAT,0.0005548387096774194
DDPM,2000,GAAACA,0.0003935483870967742
DDPM,2000,GAAACC,0.0002967741935483871
DDPM,2000,GAAACG,0.0001870967741935484
DDPM,2000,GAAACT,0.0002967741935483871
DDPM,2000,GAAAGA,0.0005741935483870968
DDPM,2000,GAAAGC,0.00023225806451612904
DDPM,2000,GAAAGG,0.00023225806451612904
DDPM,2000,GAAAGT,0.0002451612903225806
DDPM,2000,GAAATA,0.0003870967741935484
DDPM,2000,GAAATC,0.0005161290322580645
DDPM,2000,GAAATG,0.0003161290322580645
DDPM,2000,GAAATT,0.0005870967741935484
DDPM,2000,GAACAA,0.0003741935483870968
DDPM,2000,GAACAC,0.00012903225806451613
DDPM,2000,GAACAG,0.0001225806451612903
DDPM,2000,GAACAT,0.0002064516129032258
DDPM,2000,GAACCA,0.00030967741935483873
DDPM,2000,GAACCC,0.00015483870967741937
DDPM,2000,GAACCG,0.00018064516129032257
DDPM,2000,GAACCT,0.00018064516129032257
DDPM,2000,GAACGA,0.00014193548387096775
DDPM,2000,GAACGC,7.096774193548388e-05
DDPM,2000,GAACGG,7.741935483870968e-05
DDPM,2000,GAACGT,0.0001225806451612903
DDPM,2000,GAACTA,0.0001225806451612903
DDPM,2000,GAACTC,0.00014838709677419355
DDPM,2000,GAACTG,0.0001032258064516129
DDPM,2000,GAACTT,0.0003161290322580645
DDPM,2000,GAAGAA,0.0008387096774193549
DDPM,2000,GAAGAC,0.00034193548387096773
DDPM,2000,GAAGAG,0.00045161290322580643
DDPM,2000,GAAGAT,0.0006193548387096775
DDPM,2000,GAAGCA,0.00038064516129032255
DDPM,2000,GAAGCC,0.00021935483870967742
DDPM,2000,GAAGCG,0.00016774193548387096
DDPM,2000,GAAGCT,0.00046451612903225807
DDPM,2000,GAAGGA,0.00036129032258064514
DDPM,2000,GAAGGC,0.0001032258064516129
DDPM,2000,GAAGGG,5.806451612903226e-05
DDPM,2000,GAAGGT,0.00014838709677419355
DDPM,2000,GAAGTA,0.0002838709677419355
DDPM,2000,GAAGTC,0.0002064516129032258
DDPM,2000,GAAGTG,0.00023225806451612904
DDPM,2000,GAAGTT,0.0004
DDPM,2000,GAATAA,0.0002451612903225806
DDPM,2000,GAATAC,0.00017419354838709678
DDPM,2000,GAATAG,0.00016774193548387096
DDPM,2000,GAATAT,0.0003225806451612903
DDPM,2000,GAATCA,0.00047741935483870966
DDPM,2000,GAATCC,0.0003354838709677419
DDPM,2000,GAATCG,0.00034838709677419355
DDPM,2000,GAATCT,0.0005161290322580645
DDPM,2000,GAATGA,0.00017419354838709678
DDPM,2000,GAATGC,7.741935483870968e-05
DDPM,2000,GAATGG,0.0002064516129032258
DDPM,2000,GAATGT,0.00016774193548387096
DDPM,2000,GAATTA,0.00030967741935483873
DDPM,2000,GAATTC,0.00042580645161290325
DDPM,2000,GAATTG,0.0003161290322580645
DDPM,2000,GAATTT,0.0006838709677419355
DDPM,2000,GACAAA,0.0004129032258064516
DDPM,2000,GACAAC,0.00025806451612903227
DDPM,2000,GACAAG,0.00023225806451612904
DDPM,2000,GACAAT,0.00022580645161290321
DDPM,2000,GACACA,0.00012903225806451613
DDPM,2000,GACACC,7.096774193548388e-05
DDPM,2000,GACACG,9.032258064516129e-05
DDPM,2000,GACACT,0.00016129032258064516
DDPM,2000,GACAGA,0.0001935483870967742
DDPM,2000,GACAGC,9.032258064516129e-05
DDPM,2000,GACAGG,9.67741935483871e-05
DDPM,2000,GACAGT,0.00010967741935483871
DDPM,2000,GACATA,0.00015483870967741937
DDPM,2000,GACATC,0.0002
DDPM,2000,GACATG,0.00021935483870967742
DDPM,2000,GACATT,0.0002645161290322581
DDPM,2000,GACCAA,0.0003225806451612903
DDPM,2000,GACCAC,0.00013548387096774193
DDPM,2000,GACCAG,0.00014193548387096775
DDPM,2000,GACCAT,0.00013548387096774193
DDPM,2000,GACCCA,0.0001032258064516129
DDPM,2000,GACCCC,3.870967741935484e-05
DDPM,2000,GACCCG,9.67741935483871e-05
DDPM,2000,GACCCT,6.451612903225807e-05
DDPM,2000,GACCGA,0.00013548387096774193
DDPM,2000,GACCGC,3.2258064516129034e-05
DDPM,2000,GACCGG,7.741935483870968e-05
DDPM,2000,GACCGT,8.387096774193548e-05
DDPM,2000,GACCTA,0.00015483870967741937
DDPM,2000,GACCTC,0.00010967741935483871
DDPM,2000,GACCTG,7.741935483870968e-05
DDPM,2000,GACCTT,0.0001935483870967742
DDPM,2000,GACGAA,0.0003354838709677419
DDPM,2000,GACGAC,0.00021290322580645163
DDPM,2000,GACGAG,0.00015483870967741937
DDPM,2000,GACGAT,0.0002064516129032258
DDPM,2000,GACGCA,7.741935483870968e-05
DDPM,2000,GACGCC,0.00013548387096774193
DDPM,2000,GACGCG,3.870967741935484e-05
DDPM,2000,GACGCT,0.0001225806451612903
DDPM,2000,GACGGA,0.00014193548387096775
DDPM,2000,GACGGC,9.032258064516129e-05
DDPM,2000,GACGGG,4.516129032258064e-05
DDPM,2000,GACGGT,0.00015483870967741937
DDPM,2000,GACGTA,6.451612903225807e-05
DDPM,2000,GACGTC,0.00017419354838709678
DDPM,2000,GACGTG,9.032258064516129e-05
DDPM,2000,GACGTT,0.00018064516129032257
DDPM,2000,GACTAA,0.00016774193548387096
DDPM,2000,GACTAC,9.032258064516129e-05
DDPM,2000,GACTAG,0.0001225806451612903
DDPM,2000,GACTAT,0.00011612903225806452
DDPM,2000,GACTCA,0.00016129032258064516
DDPM,2000,GACTCC,0.00016129032258064516
DDPM,2000,GACTCG,9.67741935483871e-05
DDPM,2000,GACTCT,0.0002451612903225806
DDPM,2000,GACTGA,8.387096774193548e-05
DDPM,2000,GACTGC,4.516129032258064e-05
DDPM,2000,GACTGG,0.00011612903225806452
DDPM,2000,GACTGT,0.00011612903225806452
DDPM,2000,GACTTA,0.00022580645161290321
DDPM,2000,GACTTC,0.00015483870967741937
DDPM,2000,GACTTG,0.0001935483870967742
DDPM,2000,GACTTT,0.0003354838709677419
DDPM,2000,GAGAAA,0.0006
DDPM,2000,GAGAAC,0.00014193548387096775
DDPM,2000,GAGAAG,0.0005419354838709677
DDPM,2000,GAGAAT,0.00042580645161290325
DDPM,2000,GAGACA,0.0002
DDPM,2000,GAGACC,7.741935483870968e-05
DDPM,2000,GAGACG,0.00014838709677419355
DDPM,2000,GAGACT,0.0001032258064516129
DDPM,2000,GAGAGA,0.0007032258064516129
DDPM,2000,GAGAGC,0.00014838709677419355
DDPM,2000,GAGAGG,0.0001870967741935484
DDPM,2000,GAGAGT,0.0002967741935483871
DDPM,2000,GAGATA,0.0003225806451612903
DDPM,2000,GAGATC,0.0002967741935483871
DDPM,2000,GAGATG,0.00034838709677419355
DDPM,2000,GAGATT,0.00041935483870967743
DDPM,2000,GAGCAA,0.00021935483870967742
DDPM,2000,GAGCAC,3.870967741935484e-05
DDPM,2000,GAGCAG,0.00011612903225806452
DDPM,2000,GAGCAT,0.00012903225806451613
DDPM,2000,GAGCCA,0.0001225806451612903
DDPM,2000,GAGCCC,4.516129032258064e-05
DDPM,2000,GAGCCG,0.00012903225806451613
DDPM,2000,GAGCCT,0.00012903225806451613
DDPM,2000,GAGCGA,0.00016129032258064516
DDPM,2000,GAGCGC,3.870967741935484e-05
DDPM,2000,GAGCGG,7.096774193548388e-05
DDPM,2000,GAGCGT,9.032258064516129e-05
DDPM,2000,GAGCTA,0.0001225806451612903
DDPM,2000,GAGCTC,0.00017419354838709678
DDPM,2000,GAGCTG,0.00013548387096774193
DDPM,2000,GAGCTT,0.0003548387096774194
DDPM,2000,GAGGAA,0.0003354838709677419
DDPM,2000,GAGGAC,8.387096774193548e-05
DDPM,2000,GAGGAG,0.00021935483870967742
DDPM,2000,GAGGAT,0.00025806451612903227
DDPM,2000,GAGGCA,3.870967741935484e-05
DDPM,2000,GAGGCC,7.096774193548388e-05
DDPM,2000,GAGGCG,6.451612903225807e-05
DDPM,2000,GAGGCT,0.0001032258064516129
DDPM,2000,GAGGGA,0.0001225806451612903
DDPM,2000,GAGGGC,6.451612903225807e-05
DDPM,2000,GAGGGG,3.870967741935484e-05
DDPM,2000,GAGGGT,9.032258064516129e-05
DDPM,2000,GAGGTA,7.741935483870968e-05
DDPM,2000,GAGGTC,5.806451612903226e-05
DDPM,2000,GAGGTG,0.00015483870967741937
DDPM,2000,GAGGTT,0.0002
DDPM,2000,GAGTAA,0.00015483870967741937
DDPM,2000,GAGTAC,0.00011612903225806452
DDPM,2000,GAGTAG,9.67741935483871e-05
DDPM,2000,GAGTAT,0.00014193548387096775
DDPM,2000,GAGTCA,0.0003032258064516129
DDPM,2000,GAGTCC,0.00011612903225806452
DDPM,2000,GAGTCG,0.00014193548387096775
DDPM,2000,GAGTCT,0.00023870967741935483
DDPM,2000,GAGTGA,0.0001870967741935484
DDPM,2000,GAGTGC,7.741935483870968e-05
DDPM,2000,GAGTGG,0.00010967741935483871
DDPM,2000,GAGTGT,0.00014838709677419355
DDPM,2000,GAGTTA,0.0001935483870967742
DDPM,2000,GAGTTC,0.00030967741935483873
DDPM,2000,GAGTTG,0.00017419354838709678
DDPM,2000,GAGTTT,0.00045806451612903225
DDPM,2000,GATAAA,0.0004838709677419355
DDPM,2000,GATAAC,0.00012903225806451613
DDPM,2000,GATAAG,0.00017419354838709678
DDPM,2000,GATAAT,0.0003741935483870968
DDPM,2000,GATACA,0.00014193548387096775
DDPM,2000,GATACC,0.0001225806451612903
DDPM,2000,GATACG,0.00011612903225806452
DDPM,2000,GATACT,0.00025161290322580645
DDPM,2000,GATAGA,0.0002451612903225806
DDPM,2000,GATAGC,0.00013548387096774193
DDPM,2000,GATAGG,9.67741935483871e-05
DDPM,2000,GATAGT,0.00023225806451612904
DDPM,2000,GATATA,0.00025161290322580645
DDPM,2000,GATATC,0.00029032258064516127
DDPM,2000,GATATG,0.0002645161290322581
DDPM,2000,GATATT,0.00032903225806451614
DDPM,2000,GATCAA,0.0005096774193548387
DDPM,2000,GATCAC,0.00018064516129032257
DDPM,2000,GATCAG,0.0002774193548387097
DDPM,2000,GATCAT,0.0003548387096774194
DDPM,2000,GATCCA,0.0002774193548387097
DDPM,2000,GATCCC,0.00016774193548387096
DDPM,2000,GATCCG,0.00017419354838709678
DDPM,2000,GATCCT,0.0001870967741935484
DDPM,2000,GATCGA,0.0002064516129032258
DDPM,2000,GATCGC,8.387096774193548e-05
DDPM,2000,GATCGG,0.0002
DDPM,2000,GATCGT,0.00021935483870967742
DDPM,2000,GATCTA,0.00034838709677419355
DDPM,2000,GATCTC,0.00036774193548387097
DDPM,2000,GATCTG,0.0002774193548387097
DDPM,2000,GATCTT,0.0005096774193548387
DDPM,2000,GATGAA,0.0003741935483870968
DDPM,2000,GATGAC,0.00021935483870967742
DDPM,2000,GATGAG,0.0002451612903225806
DDPM,2000,GATGAT,0.0004
DDPM,2000,GATGCA,0.00012903225806451613
DDPM,2000,GATGCC,0.00010967741935483871
DDPM,2000,GATGCG,9.67741935483871e-05
DDPM,2000,GATGCT,0.00023225806451612904
DDPM,2000,GATGGA,0.00025161290322580645
DDPM,2000,GATGGC,0.0001935483870967742
DDPM,2000,GATGGG,0.00012903225806451613
DDPM,2000,GATGGT,0.00023225806451612904
DDPM,2000,GATGTA,0.0001225806451612903
DDPM,2000,GATGTC,0.00016129032258064516
DDPM,2000,GATGTG,0.00016129032258064516
DDPM,2000,GATGTT,0.00030967741935483873
DDPM,2000,GATTAA,0.00034193548387096773
DDPM,2000,GATTAC,0.00023870967741935483
DDPM,2000,GATTAG,0.0002645161290322581
DDPM,2000,GATTAT,0.0004064516129032258
DDPM,2000,GATTCA,0.00045161290322580643
DDPM,2000,GATTCC,0.00041935483870967743
DDPM,2000,GATTCG,0.00044516129032258066
DDPM,2000,GATTCT,0.0006967741935483871
DDPM,2000,GATTGA,0.00036774193548387097
DDPM,2000,GATTGC,0.00013548387096774193
DDPM,2000,GATTGG,0.0003354838709677419
DDPM,2000,GATTGT,0.00025806451612903227
DDPM,2000,GATTTA,0.000535483870967742
DDPM,2000,GATTTC,0.0005935483870967742
DDPM,2000,GATTTG,0.0006129032258064516
DDPM,2000,GATTTT,0.0010967741935483872
DDPM,2000,GCAAAA,0.00041935483870967743
DDPM,2000,GCAAAC,0.00014838709677419355
DDPM,2000,GCAAAG,0.00023870967741935483
DDPM,2000,GCAAAT,0.00023870967741935483
DDPM,2000,GCAACA,0.0001870967741935484
DDPM,2000,GCAACC,9.67741935483871e-05
DDPM,2000,GCAACG,0.00015483870967741937
DDPM,2000,GCAACT,0.0001935483870967742
DDPM,2000,GCAAGA,0.00021935483870967742
DDPM,2000,GCAAGC,0.0001225806451612903
DDPM,2000,GCAAGG,9.032258064516129e-05
DDPM,2000,GCAAGT,0.0001225806451612903
DDPM,2000,GCAATA,0.00010967741935483871
DDPM,2000,GCAATC,0.0001935483870967742
DDPM,2000,GCAATG,0.00015483870967741937
DDPM,2000,GCAATT,0.0002451612903225806
DDPM,2000,GCACAA,0.0001225806451612903
DDPM,2000,GCACAC,9.032258064516129e-05
DDPM,2000,GCACAG,7.096774193548388e-05
DDPM,2000,GCACAT,7.741935483870968e-05
DDPM,2000,GCACCA,3.870967741935484e-05
DDPM,2000,GCACCC,2.5806451612903226e-05
DDPM,2000,GCACCG,9.032258064516129e-05
DDPM,2000,GCACCT,4.516129032258064e-05
DDPM,2000,GCACGA,7.096774193548388e-05
DDPM,2000,GCACGC,5.806451612903226e-05
DDPM,2000,GCACGG,1.935483870967742e-05
DDPM,2000,GCACGT,5.806451612903226e-05
DDPM,2000,GCACTA,5.806451612903226e-05
DDPM,2000,GCACTC,8.387096774193548e-05
DDPM,2000,GCACTG,1.935483870967742e-05
DDPM,2000,GCACTT,0.00010967741935483871
DDPM,2000,GCAGAA,0.0001870967741935484
DDPM,2000,GCAGAC,6.451612903225807e-05
DDPM,2000,GCAGAG,0.00014838709677419355
DDPM,2000,GCAGAT,0.00016774193548387096
DDPM,2000,GCAGCA,0.00012903225806451613
DDPM,2000,GCAGCC,9.032258064516129e-05
DDPM,2000,GCAGCG,7.741935483870968e-05
DDPM,2000,GCAGCT,0.00014193548387096775
DDPM,2000,GCAGGA,5.806451612903226e-05
DDPM,2000,GCAGGC,3.870967741935484e-05
DDPM,2000,GCAGGG,1.935483870967742e-05
DDPM,2000,GCAGGT,5.161290322580645e-05
DDPM,2000,GCAGTA,9.67741935483871e-05
DDPM,2000,GCAGTC,0.0001225806451612903
DDPM,2000,GCAGTG,8.387096774193548e-05
DDPM,2000,GCAGTT,0.0001225806451612903
DDPM,2000,GCATAA,0.00014838709677419355
DDPM,2000,GCATAC,7.096774193548388e-05
DDPM,2000,GCATAG,5.806451612903226e-05
DDPM,2000,GCATAT,9.67741935483871e-05
DDPM,2000,GCATCA,0.00015483870967741937
DDPM,2000,GCATCC,8.387096774193548e-05
DDPM,2000,GCATCG,5.806451612903226e-05
DDPM,2000,GCATCT,0.0002
DDPM,2000,GCATGA,0.00011612903225806452
DDPM,2000,GCATGC,7.096774193548388e-05
DDPM,2000,GCATGG,9.032258064516129e-05
DDPM,2000,GCATGT,9.67741935483871e-05
DDPM,2000,GCATTA,0.0001225806451612903
DDPM,2000,GCATTC,0.00011612903225806452
DDPM,2000,GCATTG,7.096774193548388e-05
DDPM,2000,GCATTT,0.00022580645161290321
DDPM,2000,GCCAAA,0.0003161290322580645
DDPM,2000,GCCAAC,0.00023225806451612904
DDPM,2000,GCCAAG,0.0001870967741935484
DDPM,2000,GCCAAT,0.0002451612903225806
DDPM,2000,GCCACA,0.00016774193548387096
DDPM,2000,GCCACC,0.00014838709677419355
DDPM,2000,GCCACG,0.00011612903225806452
DDPM,2000,GCCACT,9.67741935483871e-05
DDPM,2000,GCCAGA,0.00012903225806451613
DDPM,2000,GCCAGC,3.870967741935484e-05
DDPM,2000,GCCAGG,6.451612903225807e-05
DDPM,2000,GCCAGT,0.00011612903225806452
DDPM,2000,GCCATA,0.0001032258064516129
DDPM,2000,GCCATC,0.00016129032258064516
DDPM,2000,GCCATG,0.00015483870967741937
DDPM,2000,GCCATT,0.00017419354838709678
DDPM,2000,GCCCAA,0.0003032258064516129
DDPM,2000,GCCCAC,0.00011612903225806452
DDPM,2000,GCCCAG,8.387096774193548e-05
DDPM,2000,GCCCAT,0.00021290322580645163
DDPM,2000,GCCCCA,0.00010967741935483871
DDPM,2000,GCCCCC,6.451612903225806e-06
DDPM,2000,GCCCCG,3.2258064516129034e-05
DDPM,2000,GCCCCT,2.5806451612903226e-05
DDPM,2000,GCCCGA,3.870967741935484e-05
DDPM,2000,GCCCGC,3.870967741935484e-05
DDPM,2000,GCCCGG,3.870967741935484e-05
DDPM,2000,GCCCGT,7.741935483870968e-05
DDPM,2000,GCCCTA,7.096774193548388e-05
DDPM,2000,GCCCTC,5.806451612903226e-05
DDPM,2000,GCCCTG,3.870967741935484e-05
DDPM,2000,GCCCTT,9.032258064516129e-05
DDPM,2000,GCCGAA,0.00016129032258064516
DDPM,2000,GCCGAC,0.00015483870967741937
DDPM,2000,GCCGAG,8.387096774193548e-05
DDPM,2000,GCCGAT,0.00018064516129032257
DDPM,2000,GCCGCA,0.0001032258064516129
DDPM,2000,GCCGCC,0.00013548387096774193
DDPM,2000,GCCGCG,7.096774193548388e-05
DDPM,2000,GCCGCT,0.00011612903225806452
DDPM,2000,GCCGGA,0.00014838709677419355
DDPM,2000,GCCGGC,0.00014838709677419355
DDPM,2000,GCCGGG,9.032258064516129e-05
DDPM,2000,GCCGGT,0.00021935483870967742
DDPM,2000,GCCGTA,8.387096774193548e-05
DDPM,2000,GCCGTC,0.0002064516129032258
DDPM,2000,GCCGTG,0.00014193548387096775
DDPM,2000,GCCGTT,0.00016129032258064516
DDPM,2000,GCCTAA,0.00021290322580645163
DDPM,2000,GCCTAC,9.032258064516129e-05
DDPM,2000,GCCTAG,9.67741935483871e-05
DDPM,2000,GCCTAT,0.00013548387096774193
DDPM,2000,GCCTCA,0.00011612903225806452
DDPM,2000,GCCTCC,8.387096774193548e-05
DDPM,2000,GCCTCG,0.00010967741935483871
DDPM,2000,GCCTCT,0.00017419354838709678
DDPM,2000,GCCTGA,0.0001032258064516129
DDPM,2000,GCCTGC,2.5806451612903226e-05
DDPM,2000,GCCTGG,6.451612903225807e-05
DDPM,2000,GCCTGT,1.2903225806451613e-05
DDPM,2000,GCCTTA,0.00014193548387096775
DDPM,2000,GCCTTC,0.00021935483870967742
DDPM,2000,GCCTTG,6.451612903225807e-05
DDPM,2000,GCCTTT,0.0003225806451612903
DDPM,2000,GCGAAA,0.00018064516129032257
DDPM,2000,GCGAAC,5.161290322580645e-05
DDPM,2000,GCGAAG,0.0001870967741935484
DDPM,2000,GCGAAT,0.00012903225806451613
DDPM,2000,GCGACA,7.741935483870968e-05
DDPM,2000,GCGACC,7.096774193548388e-05
DDPM,2000,GCGACG,0.0001225806451612903
DDPM,2000,GCGACT,8.387096774193548e-05
DDPM,2000,GCGAGA,8.387096774193548e-05
DDPM,2000,GCGAGC,4.516129032258064e-05
DDPM,2000,GCGAGG,6.451612903225807e-05
DDPM,2000,GCGAGT,6.451612903225807e-05
DDPM,2000,GCGATA,5.806451612903226e-05
DDPM,2000,GCGATC,9.032258064516129e-05
DDPM,2000,GCGATG,0.00011612903225806452
DDPM,2000,GCGATT,0.00029032258064516127
DDPM,2000,GCGCAA,8.387096774193548e-05
DDPM,2000,GCGCAC,3.2258064516129034e-05
DDPM,2000,GCGCAG,4.516129032258064e-05
DDPM,2000,GCGCAT,8.387096774193548e-05
DDPM,2000,GCGCCA,6.451612903225807e-05
DDPM,2000,GCGCCC,6.451612903225806e-06
DDPM,2000,GCGCCG,5.806451612903226e-05
DDPM,2000,GCGCCT,4.516129032258064e-05
DDPM,2000,GCGCGA,3.870967741935484e-05
DDPM,2000,GCGCGC,2.5806451612903226e-05
DDPM,2000,GCGCGG,4.516129032258064e-05
DDPM,2000,GCGCGT,6.451612903225807e-05
DDPM,2000,GCGCTA,3.870967741935484e-05
DDPM,2000,GCGCTC,6.451612903225807e-05
DDPM,2000,GCGCTG,3.2258064516129034e-05
DDPM,2000,GCGCTT,9.67741935483871e-05
DDPM,2000,GCGGAA,0.0001032258064516129
DDPM,2000,GCGGAC,3.870967741935484e-05
DDPM,2000,GCGGAG,0.00012903225806451613
DDPM,2000,GCGGAT,0.0001225806451612903
DDPM,2000,GCGGCA,7.741935483870968e-05
DDPM,2000,GCGGCC,4.516129032258064e-05
DDPM,2000,GCGGCG,0.0001870967741935484
DDPM,2000,GCGGCT,0.00012903225806451613
DDPM,2000,GCGGGA,3.870967741935484e-05
DDPM,2000,GCGGGC,6.451612903225806e-06
DDPM,2000,GCGGGG,4.516129032258064e-05
DDPM,2000,GCGGGT,3.2258064516129034e-05
DDPM,2000,GCGGTA,7.741935483870968e-05
DDPM,2000,GCGGTC,6.451612903225807e-05
DDPM,2000,GCGGTG,0.00010967741935483871
DDPM,2000,GCGGTT,0.00012903225806451613
DDPM,2000,GCGTAA,0.00011612903225806452
DDPM,2000,GCGTAC,4.516129032258064e-05
DDPM,2000,GCGTAG,4.516129032258064e-05
DDPM,2000,GCGTAT,0.0001032258064516129
DDPM,2000,GCGTCA,0.00015483870967741937
DDPM,2000,GCGTCC,7.096774193548388e-05
DDPM,2000,GCGTCG,0.00013548387096774193
DDPM,2000,GCGTCT,0.00013548387096774193
DDPM,2000,GCGTGA,7.741935483870968e-05
DDPM,2000,GCGTGC,5.161290322580645e-05
DDPM,2000,GCGTGG,7.096774193548388e-05
DDPM,2000,GCGTGT,9.67741935483871e-05
DDPM,2000,GCGTTA,0.00011612903225806452
DDPM,2000,GCGTTC,9.032258064516129e-05
DDPM,2000,GCGTTG,8.387096774193548e-05
DDPM,2000,GCGTTT,0.0002645161290322581
DDPM,2000,GCTAAA,0.0003354838709677419
DDPM,2000,GCTAAC,0.00012903225806451613
DDPM,2000,GCTAAG,0.00010967741935483871
DDPM,2000,GCTAAT,0.0001935483870967742
DDPM,2000,GCTACA,0.00010967741935483871
DDPM,2000,GCTACC,9.67741935483871e-05
DDPM,2000,GCTACG,0.00010967741935483871
DDPM,2000,GCTACT,0.00016129032258064516
DDPM,2000,GCTAGA,0.00010967741935483871
DDPM,2000,GCTAGC,7.741935483870968e-05
DDPM,2000,GCTAGG,6.451612903225807e-05
DDPM,2000,GCTAGT,0.00011612903225806452
DDPM,2000,GCTATA,0.00010967741935483871
DDPM,2000,GCTATC,0.0001032258064516129
DDPM,2000,GCTATG,0.00015483870967741937
DDPM,2000,GCTATT,0.0001935483870967742
DDPM,2000,GCTCAA,0.0002451612903225806
DDPM,2000,GCTCAC,9.67741935483871e-05
DDPM,2000,GCTCAG,0.00014193548387096775
DDPM,2000,GCTCAT,0.00016774193548387096
DDPM,2000,GCTCCA,0.00016129032258064516
DDPM,2000,GCTCCC,0.00010967741935483871
DDPM,2000,GCTCCG,0.0002
DDPM,2000,GCTCCT,0.0001870967741935484
DDPM,2000,GCTCGA,0.0001032258064516129
DDPM,2000,GCTCGC,7.741935483870968e-05
DDPM,2000,GCTCGG,7.096774193548388e-05
DDPM,2000,GCTCGT,0.00013548387096774193
DDPM,2000,GCTCTA,0.00016129032258064516
DDPM,2000,GCTCTC,0.00023225806451612904
DDPM,2000,GCTCTG,0.0003225806451612903
DDPM,2000,GCTCTT,0.0003548387096774194
DDPM,2000,GCTGAA,0.0001935483870967742
DDPM,2000,GCTGAC,9.032258064516129e-05
DDPM,2000,GCTGAG,9.032258064516129e-05
DDPM,2000,GCTGAT,0.00023870967741935483
DDPM,2000,GCTGCA,0.0001225806451612903
DDPM,2000,GCTGCC,7.096774193548388e-05
DDPM,2000,GCTGCG,2.5806451612903226e-05
DDPM,2000,GCTGCT,0.00016129032258064516
DDPM,2000,GCTGGA,6.451612903225807e-05
DDPM,2000,GCTGGC,6.451612903225807e-05
DDPM,2000,GCTGGG,4.516129032258064e-05
DDPM,2000,GCTGGT,0.00015483870967741937
DDPM,2000,GCTGTA,9.032258064516129e-05
DDPM,2000,GCTGTC,0.00013548387096774193
DDPM,2000,GCTGTG,0.00014838709677419355
DDPM,2000,GCTGTT,0.00018064516129032257
DDPM,2000,GCTTAA,0.0002
DDPM,2000,GCTTAC,0.00016774193548387096
DDPM,2000,GCTTAG,0.00014193548387096775
DDPM,2000,GCTTAT,0.00023225806451612904
DDPM,2000,GCTTCA,0.0003548387096774194
DDPM,2000,GCTTCC,0.00023870967741935483
DDPM,2000,GCTTCG,0.0002451612903225806
DDPM,2000,GCTTCT,0.0004709677419354839
DDPM,2000,GCTTGA,0.0001870967741935484
DDPM,2000,GCTTGC,0.0001032258064516129
DDPM,2000,GCTTGG,0.0001225806451612903
DDPM,2000,GCTTGT,0.00023225806451612904
DDPM,2000,GCTTTA,0.0002645161290322581
DDPM,2000,GCTTTC,0.00041935483870967743
DDPM,2000,GCTTTG,0.0003548387096774194
DDPM,2000,GCTTTT,0.0005483870967741936
DDPM,2000,GGAAAA,0.0005161290322580645
DDPM,2000,GGAAAC,0.0001870967741935484
DDPM,2000,GGAAAG,0.00025161290322580645
DDPM,2000,GGAAAT,0.0004064516129032258
DDPM,2000,GGAACA,0.00016129032258064516
DDPM,2000,GGAACC,0.00015483870967741937
DDPM,2000,GGAACG,4.516129032258064e-05
DDPM,2000,GGAACT,0.00012903225806451613
DDPM,2000,GGAAGA,0.00044516129032258066
DDPM,2000,GGAAGC,0.00023870967741935483
DDPM,2000,GGAAGG,0.0001032258064516129
DDPM,2000,GGAAGT,0.0001870967741935484
DDPM,2000,GGAATA,0.00016129032258064516
DDPM,2000,GGAATC,0.0003032258064516129
DDPM,2000,GGAATG,0.0001225806451612903
DDPM,2000,GGAATT,0.0002967741935483871
DDPM,2000,GGACAA,0.0001870967741935484
DDPM,2000,GGACAC,9.032258064516129e-05
DDPM,2000,GGACAG,9.032258064516129e-05
DDPM,2000,GGACAT,7.741935483870968e-05
DDPM,2000,GGACCA,0.00014193548387096775
DDPM,2000,GGACCC,5.806451612903226e-05
DDPM,2000,GGACCG,8.387096774193548e-05
DDPM,2000,GGACCT,0.00010967741935483871
DDPM,2000,GGACGA,0.0001032258064516129
DDPM,2000,GGACGC,7.096774193548388e-05
DDPM,2000,GGACGG,5.161290322580645e-05
DDPM,2000,GGACGT,5.161290322580645e-05
DDPM,2000,GGACTA,9.67741935483871e-05
DDPM,2000,GGACTC,9.032258064516129e-05
DDPM,2000,GGACTG,7.096774193548388e-05
DDPM,2000,GGACTT,0.00015483870967741937
DDPM,2000,GGAGAA,0.00041935483870967743
DDPM,2000,GGAGAC,0.0001225806451612903
DDPM,2000,GGAGAG,0.0002451612903225806
DDPM,2000,GGAGAT,0.0002774193548387097
DDPM,2000,GGAGCA,0.00011612903225806452
DDPM,2000,GGAGCC,6.451612903225807e-05
DDPM,2000,GGAGCG,7.741935483870968e-05
DDPM,2000,GGAGCT,0.00023870967741935483
DDPM,2000,GGAGGA,0.00021290322580645163
DDPM,2000,GGAGGC,4.516129032258064e-05
DDPM,2000,GGAGGG,7.741935483870968e-05
DDPM,2000,GGAGGT,0.00012903225806451613
DDPM,2000,GGAGTA,5.806451612903226e-05
DDPM,2000,GGAGTC,0.00014193548387096775
DDPM,2000,GGAGTG,6.451612903225807e-05
DDPM,2000,GGAGTT,0.0001935483870967742
DDPM,2000,GGATAA,0.00021290322580645163
DDPM,2000,GGATAC,0.0001032258064516129
DDPM,2000,GGATAG,0.00010967741935483871
DDPM,2000,GGATAT,0.0002
DDPM,2000,GGATCA,0.0002645161290322581
DDPM,2000,GGATCC,0.00015483870967741937
DDPM,2000,GGATCG,0.00012903225806451613
DDPM,2000,GGATCT,0.0002967741935483871
DDPM,2000,GGATGA,0.00014193548387096775
DDPM,2000,GGATGC,9.032258064516129e-05
DDPM,2000,GGATGG,0.00012903225806451613
DDPM,2000,GGATGT,9.67741935483871e-05
DDPM,2000,GGATTA,0.00022580645161290321
DDPM,2000,GGATTC,0.00034838709677419355
DDPM,2000,GGATTG,0.00022580645161290321
DDPM,2000,GGATTT,0.000432258064516129
DDPM,2000,GGCAAA,0.00021290322580645163
DDPM,2000,GGCAAC,0.0001032258064516129
DDPM,2000,GGCAAG,8.387096774193548e-05
DDPM,2000,GGCAAT,0.00014193548387096775
DDPM,2000,GGCACA,0.0001032258064516129
DDPM,2000,GGCACC,3.2258064516129034e-05
DDPM,2000,GGCACG,7.741935483870968e-05
DDPM,2000,GGCACT,8.387096774193548e-05
DDPM,2000,GGCAGA,8.387096774193548e-05
DDPM,2000,GGCAGC,8.387096774193548e-05
DDPM,2000,GGCAGG,2.5806451612903226e-05
DDPM,2000,GGCAGT,5.806451612903226e-05
DDPM,2000,GGCATA,4.516129032258064e-05
DDPM,2000,GGCATC,6.451612903225807e-05
DDPM,2000,GGCATG,7.096774193548388e-05
DDPM,2000,GGCATT,7.096774193548388e-05
DDPM,2000,GGCCAA,0.00023225806451612904
DDPM,2000,GGCCAC,8.387096774193548e-05
DDPM,2000,GGCCAG,7.741935483870968e-05
DDPM,2000,GGCCAT,0.0002
DDPM,2000,GGCCCA,0.0002774193548387097
DDPM,2000,GGCCCC,3.870967741935484e-05
DDPM,2000,GGCCCG,5.161290322580645e-05
DDPM,2000,GGCCCT,7.741935483870968e-05
DDPM,2000,GGCCGA,0.00010967741935483871
DDPM,2000,GGCCGC,5.161290322580645e-05
DDPM,2000,GGCCGG,0.00014193548387096775
DDPM,2000,GGCCGT,7.741935483870968e-05
DDPM,2000,GGCCTA,0.00016129032258064516
DDPM,2000,GGCCTC,5.806451612903226e-05
DDPM,2000,GGCCTG,4.516129032258064e-05
DDPM,2000,GGCCTT,0.0001225806451612903
DDPM,2000,GGCGAA,0.00013548387096774193
DDPM,2000,GGCGAC,0.00014193548387096775
DDPM,2000,GGCGAG,7.096774193548388e-05
DDPM,2000,GGCGAT,0.00016129032258064516
DDPM,2000,GGCGCA,6.451612903225807e-05
DDPM,2000,GGCGCC,5.806451612903226e-05
DDPM,2000,GGCGCG,5.161290322580645e-05
DDPM,2000,GGCGCT,7.741935483870968e-05
DDPM,2000,GGCGGA,0.00012903225806451613
DDPM,2000,GGCGGC,0.0002064516129032258
DDPM,2000,GGCGGG,3.2258064516129034e-05
DDPM,2000,GGCGGT,0.0001225806451612903
DDPM,2000,GGCGTA,6.451612903225807e-05
DDPM,2000,GGCGTC,0.00011612903225806452
DDPM,2000,GGCGTG,7.741935483870968e-05
DDPM,2000,GGCGTT,0.00014838709677419355
DDPM,2000,GGCTAA,0.00018064516129032257
DDPM,2000,GGCTAC,9.67741935483871e-05
DDPM,2000,GGCTAG,8.387096774193548e-05
DDPM,2000,GGCTAT,0.00014193548387096775
DDPM,2000,GGCTCA,0.00011612903225806452
DDPM,2000,GGCTCC,0.00015483870967741937
DDPM,2000,GGCTCG,9.032258064516129e-05
DDPM,2000,GGCTCT,0.00016774193548387096
DDPM,2000,GGCTGA,0.00010967741935483871
DDPM,2000,GGCTGC,9.032258064516129e-05
DDPM,2000,GGCTGG,5.806451612903226e-05
DDPM,2000,GGCTGT,7.741935483870968e-05
DDPM,2000,GGCTTA,0.0001225806451612903
DDPM,2000,GGCTTC,0.00021935483870967742
DDPM,2000,GGCTTG,0.00013548387096774193
DDPM,2000,GGCTTT,0.0002967741935483871
DDPM,2000,GGGAAA,0.00022580645161290321
DDPM,2000,GGGAAC,5.806451612903226e-05
DDPM,2000,GGGAAG,0.00017419354838709678
DDPM,2000,GGGAAT,0.0001870967741935484
DDPM,2000,GGGACA,6.451612903225807e-05
DDPM,2000,GGGACC,5.161290322580645e-05
DDPM,2000,GGGACG,3.870967741935484e-05
DDPM,2000,GGGACT,9.67741935483871e-05
DDPM,2000,GGGAGA,0.00013548387096774193
DDPM,2000,GGGAGC,3.870967741935484e-05
DDPM,2000,GGGAGG,4.516129032258064e-05
DDPM,2000,GGGAGT,5.161290322580645e-05
DDPM,2000,GGGATA,7.096774193548388e-05
DDPM,2000,GGGATC,0.00014838709677419355
DDPM,2000,GGGATG,8.387096774193548e-05
DDPM,2000,GGGATT,0.0002064516129032258
DDPM,2000,GGGCAA,9.032258064516129e-05
DDPM,2000,GGGCAC,5.161290322580645e-05
DDPM,2000,GGGCAG,2.5806451612903226e-05
DDPM,2000,GGGCAT,6.451612903225807e-05
DDPM,2000,GGGCCA,0.00014838709677419355
DDPM,2000,GGGCCC,7.096774193548388e-05
DDPM,2000,GGGCCG,5.806451612903226e-05
DDPM,2000,GGGCCT,0.0001032258064516129
DDPM,2000,GGGCGA,5.161290322580645e-05
DDPM,2000,GGGCGC,2.5806451612903226e-05
DDPM,2000,GGGCGG,3.2258064516129034e-05
DDPM,2000,GGGCGT,3.870967741935484e-05
DDPM,2000,GGGCTA,6.451612903225807e-05
DDPM,2000,GGGCTC,3.870967741935484e-05
DDPM,2000,GGGCTG,3.870967741935484e-05
DDPM,2000,GGGCTT,0.00014193548387096775
DDPM,2000,GGGGAA,0.0001225806451612903
DDPM,2000,GGGGAC,3.2258064516129034e-05
DDPM,2000,GGGGAG,4.516129032258064e-05
DDPM,2000,GGGGAT,7.096774193548388e-05
DDPM,2000,GGGGCA,5.161290322580645e-05
DDPM,2000,GGGGCC,3.2258064516129034e-05
DDPM,2000,GGGGCG,4.516129032258064e-05
DDPM,2000,GGGGCT,3.2258064516129034e-05
DDPM,2000,GGGGGA,3.870967741935484e-05
DDPM,2000,GGGGGC,1.935483870967742e-05
DDPM,2000,GGGGGG,2.5806451612903226e-05
DDPM,2000,GGGGGT,3.2258064516129034e-05
DDPM,2000,GGGGTA,5.161290322580645e-05
DDPM,2000,GGGGTC,4.516129032258064e-05
DDPM,2000,GGGGTG,3.2258064516129034e-05
DDPM,2000,GGGGTT,0.00011612903225806452
DDPM,2000,GGGTAA,0.00014838709677419355
DDPM,2000,GGGTAC,3.2258064516129034e-05
DDPM,2000,GGGTAG,3.2258064516129034e-05
DDPM,2000,GGGTAT,6.451612903225807e-05
DDPM,2000,GGGTCA,0.00015483870967741937
DDPM,2000,GGGTCC,0.00010967741935483871
DDPM,2000,GGGTCG,5.806451612903226e-05
DDPM,2000,GGGTCT,9.032258064516129e-05
DDPM,2000,GGGTGA,0.00011612903225806452
DDPM,2000,GGGTGC,4.516129032258064e-05
DDPM,2000,GGGTGG,6.451612903225807e-05
DDPM,2000,GGGTGT,3.2258064516129034e-05
DDPM,2000,GGGTTA,0.0001935483870967742
DDPM,2000,GGGTTC,9.67741935483871e-05
DDPM,2000,GGGTTG,0.00012903225806451613
DDPM,2000,GGGTTT,0.00036774193548387097
DDPM,2000,GGTAAA,0.0002451612903225806
DDPM,2000,GGTAAC,0.00013548387096774193
DDPM,2000,GGTAAG,0.0001870967741935484
DDPM,2000,GGTAAT,0.00014838709677419355
DDPM,2000,GGTACA,5.806451612903226e-05
DDPM,2000,GGTACC,7.096774193548388e-05
DDPM,2000,GGTACG,2.5806451612903226e-05
DDPM,2000,GGTACT,7.741935483870968e-05
DDPM,2000,GGTAGA,0.0001225806451612903
DDPM,2000,GGTAGC,7.741935483870968e-05
DDPM,2000,GGTAGG,3.870967741935484e-05
DDPM,2000,GGTAGT,0.00011612903225806452
DDPM,2000,GGTATA,0.00014193548387096775
DDPM,2000,GGTATC,9.032258064516129e-05
DDPM,2000,GGTATG,8.387096774193548e-05
DDPM,2000,GGTATT,0.00014838709677419355
DDPM,2000,GGTCAA,0.00025806451612903227
DDPM,2000,GGTCAC,0.00010967741935483871
DDPM,2000,GGTCAG,0.00012903225806451613
DDPM,2000,GGTCAT,0.0002064516129032258
DDPM,2000,GGTCCA,0.0001935483870967742
DDPM,2000,GGTCCC,5.161290322580645e-05
DDPM,2000,GGTCCG,0.0001225806451612903
DDPM,2000,GGTCCT,0.0001225806451612903
DDPM,2000,GGTCGA,0.00012903225806451613
DDPM,2000,GGTCGC,6.451612903225807e-05
DDPM,2000,GGTCGG,0.0001225806451612903
DDPM,2000,GGTCGT,0.00010967741935483871
DDPM,2000,GGTCTA,0.0001225806451612903
DDPM,2000,GGTCTC,0.00012903225806451613
DDPM,2000,GGTCTG,0.00010967741935483871
DDPM,2000,GGTCTT,0.0002
DDPM,2000,GGTGAA,0.00021935483870967742
DDPM,2000,GGTGAC,0.00010967741935483871
DDPM,2000,GGTGAG,0.00011612903225806452
DDPM,2000,GGTGAT,0.00023225806451612904
DDPM,2000,GGTGCA,9.032258064516129e-05
DDPM,2000,GGTGCC,5.806451612903226e-05
DDPM,2000,GGTGCG,7.096774193548388e-05
DDPM,2000,GGTGCT,0.00012903225806451613
DDPM,2000,GGTGGA,0.00016774193548387096
DDPM,2000,GGTGGC,0.00012903225806451613
DDPM,2000,GGTGGG,0.00011612903225806452
DDPM,2000,GGTGGT,0.0002064516129032258
DDPM,2000,GGTGTA,0.00011612903225806452
DDPM,2000,GGTGTC,9.67741935483871e-05
DDPM,2000,GGTGTG,9.67741935483871e-05
DDPM,2000,GGTGTT,0.00021290322580645163
DDPM,2000,GGTTAA,0.0003032258064516129
DDPM,2000,GGTTAC,0.00014838709677419355
DDPM,2000,GGTTAG,0.00014193548387096775
DDPM,2000,GGTTAT,0.0002774193548387097
DDPM,2000,GGTTCA,0.0002645161290322581
DDPM,2000,GGTTCC,0.00018064516129032257
DDPM,2000,GGTTCG,0.00021290322580645163
DDPM,2000,GGTTCT,0.0002451612903225806
DDPM,2000,GGTTGA,0.00023870967741935483
DDPM,2000,GGTTGC,0.0001225806451612903
DDPM,2000,GGTTGG,0.00016774193548387096
DDPM,2000,GGTTGT,0.00022580645161290321
DDPM,2000,GGTTTA,0.00030967741935483873
DDPM,2000,GGTTTC,0.00044516129032258066
DDPM,2000,GGTTTG,0.0003354838709677419
DDPM,2000,GGTTTT,0.0006903225806451613
DDPM,2000,GTAAAA,0.00043870967741935484
DDPM,2000,GTAAAC,0.0001935483870967742
DDPM,2000,GTAAAG,0.00022580645161290321
DDPM,2000,GTAAAT,0.00034838709677419355
DDPM,2000,GTAACA,0.0002064516129032258
DDPM,2000,GTAACC,0.00014193548387096775
DDPM,2000,GTAACG,6.451612903225807e-05
DDPM,2000,GTAACT,0.0002
DDPM,2000,GTAAGA,0.00025161290322580645
DDPM,2000,GTAAGC,0.00013548387096774193
DDPM,2000,GTAAGG,0.00010967741935483871
DDPM,2000,GTAAGT,0.0001870967741935484
DDPM,2000,GTAATA,0.0002064516129032258
DDPM,2000,GTAATC,0.0002838709677419355
DDPM,2000,GTAATG,0.00014838709677419355
DDPM,2000,GTAATT,0.00029032258064516127
DDPM,2000,GTACAA,0.0001870967741935484
DDPM,2000,GTACAC,8.387096774193548e-05
DDPM,2000,GTACAG,0.00013548387096774193
DDPM,2000,GTACAT,0.00016129032258064516
DDPM,2000,GTACCA,0.0001032258064516129
DDPM,2000,GTACCC,7.096774193548388e-05
DDPM,2000,GTACCG,7.741935483870968e-05
DDPM,2000,GTACCT,7.741935483870968e-05
DDPM,2000,GTACGA,9.67741935483871e-05
DDPM,2000,GTACGC,3.2258064516129034e-05
DDPM,2000,GTACGG,3.870967741935484e-05
DDPM,2000,GTACGT,9.67741935483871e-05
DDPM,2000,GTACTA,0.00011612903225806452
DDPM,2000,GTACTC,0.00014193548387096775
DDPM,2000,GTACTG,7.741935483870968e-05
DDPM,2000,GTACTT,0.00021290322580645163
DDPM,2000,GTAGAA,0.0002967741935483871
DDPM,2000,GTAGAC,0.0001032258064516129
DDPM,2000,GTAGAG,0.0002
DDPM,2000,GTAGAT,0.0001870967741935484
DDPM,2000,GTAGCA,9.67741935483871e-05
DDPM,2000,GTAGCC,7.741935483870968e-05
DDPM,2000,GTAGCG,7.096774193548388e-05
DDPM,2000,GTAGCT,0.00016774193548387096
DDPM,2000,GTAGGA,9.032258064516129e-05
DDPM,2000,GTAGGC,4.516129032258064e-05
DDPM,2000,GTAGGG,5.161290322580645e-05
DDPM,2000,GTAGGT,9.032258064516129e-05
DDPM,2000,GTAGTA,0.00011612903225806452
DDPM,2000,GTAGTC,0.0001032258064516129
DDPM,2000,GTAGTG,9.032258064516129e-05
DDPM,2000,GTAGTT,0.0001935483870967742
DDPM,2000,GTATAA,0.00023870967741935483
DDPM,2000,GTATAC,0.00013548387096774193
DDPM,2000,GTATAG,0.00011612903225806452
DDPM,2000,GTATAT,0.0002838709677419355
DDPM,2000,GTATCA,0.00018064516129032257
DDPM,2000,GTATCC,0.00015483870967741937
DDPM,2000,GTATCG,9.67741935483871e-05
DDPM,2000,GTATCT,0.00029032258064516127
DDPM,2000,GTATGA,0.00014193548387096775
DDPM,2000,GTATGC,4.516129032258064e-05
DDPM,2000,GTATGG,0.00010967741935483871
DDPM,2000,GTATGT,0.0001225806451612903
DDPM,2000,GTATTA,0.0002838709677419355
DDPM,2000,GTATTC,0.00027096774193548386
DDPM,2000,GTATTG,0.00017419354838709678
DDPM,2000,GTATTT,0.00036129032258064514
DDPM,2000,GTCAAA,0.0003935483870967742
DDPM,2000,GTCAAC,0.00022580645161290321
DDPM,2000,GTCAAG,0.0002451612903225806
DDPM,2000,GTCAAT,0.00034838709677419355
DDPM,2000,GTCACA,0.00025806451612903227
DDPM,2000,GTCACC,0.00012903225806451613
DDPM,2000,GTCACG,0.0001032258064516129
DDPM,2000,GTCACT,0.00015483870967741937
DDPM,2000,GTCAGA,0.0002064516129032258
DDPM,2000,GTCAGC,0.0001225806451612903
DDPM,2000,GTCAGG,0.00011612903225806452
DDPM,2000,GTCAGT,0.00016129032258064516
DDPM,2000,GTCATA,0.00027096774193548386
DDPM,2000,GTCATC,0.0002774193548387097
DDPM,2000,GTCATG,0.0001935483870967742
DDPM,2000,GTCATT,0.00045806451612903225
DDPM,2000,GTCCAA,0.00032903225806451614
DDPM,2000,GTCCAC,0.00017419354838709678
DDPM,2000,GTCCAG,9.032258064516129e-05
DDPM,2000,GTCCAT,0.0001870967741935484
DDPM,2000,GTCCCA,0.0001032258064516129
DDPM,2000,GTCCCC,6.451612903225807e-05
DDPM,2000,GTCCCG,7.096774193548388e-05
DDPM,2000,GTCCCT,6.451612903225807e-05
DDPM,2000,GTCCGA,0.00011612903225806452
DDPM,2000,GTCCGC,6.451612903225807e-05
DDPM,2000,GTCCGG,0.0001032258064516129
DDPM,2000,GTCCGT,0.00010967741935483871
DDPM,2000,GTCCTA,0.00014838709677419355
DDPM,2000,GTCCTC,0.00013548387096774193
DDPM,2000,GTCCTG,7.096774193548388e-05
DDPM,2000,GTCCTT,0.0002
DDPM,2000,GTCGAA,0.00017419354838709678
DDPM,2000,GTCGAC,0.00017419354838709678
DDPM,2000,GTCGAG,0.00011612903225806452
DDPM,2000,GTCGAT,0.0003225806451612903
DDPM,2000,GTCGCA,6.451612903225807e-05
DDPM,2000,GTCGCC,0.00018064516129032257
DDPM,2000,GTCGCG,7.096774193548388e-05
DDPM,2000,GTCGCT,9.032258064516129e-05
DDPM,2000,GTCGGA,0.00017419354838709678
DDPM,2000,GTCGGC,0.0001225806451612903
DDPM,2000,GTCGGG,6.451612903225807e-05
DDPM,2000,GTCGGT,0.0001870967741935484
DDPM,2000,GTCGTA,0.0002064516129032258
DDPM,2000,GTCGTC,0.00036774193548387097
DDPM,2000,GTCGTG,0.00012903225806451613
DDPM,2000,GTCGTT,0.0002967741935483871
DDPM,2000,GTCTAA,0.0002451612903225806
DDPM,2000,GTCTAC,0.00013548387096774193
DDPM,2000,GTCTAG,0.00011612903225806452
DDPM,2000,GTCTAT,0.00018064516129032257
DDPM,2000,GTCTCA,0.0003225806451612903
DDPM,2000,GTCTCC,0.00022580645161290321
DDPM,2000,GTCTCG,0.00013548387096774193
DDPM,2000,GTCTCT,0.0003870967741935484
DDPM,2000,GTCTGA,0.00018064516129032257
DDPM,2000,GTCTGC,9.032258064516129e-05
DDPM,2000,GTCTGG,0.00014838709677419355
DDPM,2000,GTCTGT,0.0002
DDPM,2000,GTCTTA,0.00023870967741935483
DDPM,2000,GTCTTC,0.0004129032258064516
DDPM,2000,GTCTTG,0.00018064516129032257
DDPM,2000,GTCTTT,0.0005032258064516129
DDPM,2000,GTGAAA,0.00029032258064516127
DDPM,2000,GTGAAC,9.67741935483871e-05
DDPM,2000,GTGAAG,0.00022580645161290321
DDPM,2000,GTGAAT,0.00025806451612903227
DDPM,2000,GTGACA,0.0002
DDPM,2000,GTGACC,0.00012903225806451613
DDPM,2000,GTGACG,0.00011612903225806452
DDPM,2000,GTGACT,0.00018064516129032257
DDPM,2000,GTGAGA,0.0002064516129032258
DDPM,2000,GTGAGC,0.00010967741935483871
DDPM,2000,GTGAGG,9.67741935483871e-05
DDPM,2000,GTGAGT,0.00016774193548387096
DDPM,2000,GTGATA,0.0002
DDPM,2000,GTGATC,0.0002064516129032258
DDPM,2000,GTGATG,0.0001870967741935484
DDPM,2000,GTGATT,0.0003741935483870968
DDPM,2000,GTGCAA,0.00012903225806451613
DDPM,2000,GTGCAC,5.806451612903226e-05
DDPM,2000,GTGCAG,3.870967741935484e-05
DDPM,2000,GTGCAT,0.0001032258064516129
DDPM,2000,GTGCCA,8.387096774193548e-05
DDPM,2000,GTGCCC,1.935483870967742e-05
DDPM,2000,GTGCCG,5.161290322580645e-05
DDPM,2000,GTGCCT,9.67741935483871e-05
DDPM,2000,GTGCGA,5.161290322580645e-05
DDPM,2000,GTGCGC,4.516129032258064e-05
DDPM,2000,GTGCGG,3.2258064516129034e-05
DDPM,2000,GTGCGT,6.451612903225807e-05
DDPM,2000,GTGCTA,9.67741935483871e-05
DDPM,2000,GTGCTC,0.0001032258064516129
DDPM,2000,GTGCTG,0.0001225806451612903
DDPM,2000,GTGCTT,0.00015483870967741937
DDPM,2000,GTGGAA,0.0002
DDPM,2000,GTGGAC,0.0001032258064516129
DDPM,2000,GTGGAG,0.0002064516129032258
DDPM,2000,GTGGAT,0.00016774193548387096
DDPM,2000,GTGGCA,0.00010967741935483871
DDPM,2000,GTGGCC,0.00010967741935483871
DDPM,2000,GTGGCG,0.00010967741935483871
DDPM,2000,GTGGCT,0.0002
DDPM,2000,GTGGGA,0.00013548387096774193
DDPM,2000,GTGGGC,8.387096774193548e-05
DDPM,2000,GTGGGG,9.032258064516129e-05
DDPM,2000,GTGGGT,0.0001032258064516129
DDPM,2000,GTGGTA,0.00012903225806451613
DDPM,2000,GTGGTC,0.00016774193548387096
DDPM,2000,GTGGTG,0.0001935483870967742
DDPM,2000,GTGGTT,0.0002645161290322581
DDPM,2000,GTGTAA,0.0002064516129032258
DDPM,2000,GTGTAC,8.387096774193548e-05
DDPM,2000,GTGTAG,7.741935483870968e-05
DDPM,2000,GTGTAT,0.00015483870967741937
DDPM,2000,GTGTCA,0.0002064516129032258
DDPM,2000,GTGTCC,0.00010967741935483871
DDPM,2000,GTGTCG,0.00012903225806451613
DDPM,2000,GTGTCT,0.0001870967741935484
DDPM,2000,GTGTGA,0.00021935483870967742
DDPM,2000,GTGTGC,7.741935483870968e-05
DDPM,2000,GTGTGG,0.00017419354838709678
DDPM,2000,GTGTGT,0.00030967741935483873
DDPM,2000,GTGTTA,0.00025806451612903227
DDPM,2000,GTGTTC,0.00027096774193548386
DDPM,2000,GTGTTG,0.00022580645161290321
DDPM,2000,GTGTTT,0.0006451612903225806
DDPM,2000,GTTAAA,0.00042580645161290325
DDPM,2000,GTTAAC,0.0002
DDPM,2000,GTTAAG,0.00018064516129032257
DDPM,2000,GTTAAT,0.0004
DDPM,2000,GTTACA,0.00021935483870967742
DDPM,2000,GTTACC,0.00017419354838709678
DDPM,2000,GTTACG,0.00014838709677419355
DDPM,2000,GTTACT,0.00023225806451612904
DDPM,2000,GTTAGA,0.00036129032258064514
DDPM,2000,GTTAGC,0.00010967741935483871
DDPM,2000,GTTAGG,0.00014193548387096775
DDPM,2000,GTTAGT,0.0002064516129032258
DDPM,2000,GTTATA,0.00023870967741935483
DDPM,2000,GTTATC,0.00023225806451612904
DDPM,2000,GTTATG,0.00021935483870967742
DDPM,2000,GTTATT,0.0005161290322580645
DDPM,2000,GTTCAA,0.00038064516129032255
DDPM,2000,GTTCAC,0.00016774193548387096
DDPM,2000,GTTCAG,0.00014193548387096775
DDPM,2000,GTTCAT,0.0004064516129032258
DDPM,2000,GTTCCA,0.0002645161290322581
DDPM,2000,GTTCCC,0.00015483870967741937
DDPM,2000,GTTCCG,0.0002064516129032258
DDPM,2000,GTTCCT,0.00029032258064516127
DDPM,2000,GTTCGA,0.00025161290322580645
DDPM,2000,GTTCGC,0.00013548387096774193
DDPM,2000,GTTCGG,0.00015483870967741937
DDPM,2000,GTTCGT,0.00017419354838709678
DDPM,2000,GTTCTA,0.0003032258064516129
DDPM,2000,GTTCTC,0.0003935483870967742
DDPM,2000,GTTCTG,0.0002774193548387097
DDPM,2000,GTTCTT,0.00041935483870967743
DDPM,2000,GTTGAA,0.00034838709677419355
DDPM,2000,GTTGAC,0.00017419354838709678
DDPM,2000,GTTGAG,0.0002064516129032258
DDPM,2000,GTTGAT,0.00042580645161290325
DDPM,2000,GTTGCA,0.00016129032258064516
DDPM,2000,GTTGCC,9.67741935483871e-05
DDPM,2000,GTTGCG,9.67741935483871e-05
DDPM,2000,GTTGCT,0.0002967741935483871
DDPM,2000,GTTGGA,0.00023870967741935483
DDPM,2000,GTTGGC,0.00015483870967741937
DDPM,2000,GTTGGG,9.032258064516129e-05
DDPM,2000,GTTGGT,0.0002645161290322581
DDPM,2000,GTTGTA,0.00029032258064516127
DDPM,2000,GTTGTC,0.0001935483870967742
DDPM,2000,GTTGTG,0.00022580645161290321
DDPM,2000,GTTGTT,0.0005612903225806451
DDPM,2000,GTTTAA,0.0004129032258064516
DDPM,2000,GTTTAC,0.00029032258064516127
DDPM,2000,GTTTAG,0.00025806451612903227
DDPM,2000,GTTTAT,0.0005935483870967742
DDPM,2000,GTTTCA,0.0005548387096774194
DDPM,2000,GTTTCC,0.0004129032258064516
DDPM,2000,GTTTCG,0.0004903225806451613
DDPM,2000,GTTTCT,0.0009354838709677419
DDPM,2000,GTTTGA,0.000535483870967742
DDPM,2000,GTTTGC,0.00018064516129032257
DDPM,2000,GTTTGG,0.0003032258064516129
DDPM,2000,GTTTGT,0.0004709677419354839
DDPM,2000,GTTTTA,0.0006709677419354838
DDPM,2000,GTTTTC,0.0005741935483870968
DDPM,2000,GTTTTG,0.0008516129032258065
DDPM,2000,GTTTTT,0.0013483870967741936
DDPM,2000,TAAAAA,0.0010774193548387097
DDPM,2000,TAAAAC,0.0005290322580645162
DDPM,2000,TAAAAG,0.0004709677419354839
DDPM,2000,TAAAAT,0.0007806451612903226
DDPM,2000,TAAACA,0.00045806451612903225
DDPM,2000,TAAACC,0.00036129032258064514
DDPM,2000,TAAACG,0.00025806451612903227
DDPM,2000,TAAACT,0.0002967741935483871
DDPM,2000,TAAAGA,0.0005032258064516129
DDPM,2000,TAAAGC,0.0003741935483870968
DDPM,2000,TAAAGG,0.00021290322580645163
DDPM,2000,TAAAGT,0.00032903225806451614
DDPM,2000,TAAATA,0.0006838709677419355
DDPM,2000,TAAATC,0.0004709677419354839
DDPM,2000,TAAATG,0.0003548387096774194
DDPM,2000,TAAATT,0.0006967741935483871
DDPM,2000,TAACAA,0.00042580645161290325
DDPM,2000,TAACAC,0.0001870967741935484
DDPM,2000,TAACAG,0.00012903225806451613
DDPM,2000,TAACAT,0.00030967741935483873
DDPM,2000,TAACCA,0.0003032258064516129
DDPM,2000,TAACCC,0.00034193548387096773
DDPM,2000,TAACCG,0.00021290322580645163
DDPM,2000,TAACCT,0.00018064516129032257
DDPM,2000,TAACGA,0.0002
DDPM,2000,TAACGC,7.741935483870968e-05
DDPM,2000,TAACGG,8.387096774193548e-05
DDPM,2000,TAACGT,0.00016774193548387096
DDPM,2000,TAACTA,0.00025806451612903227
DDPM,2000,TAACTC,0.00022580645161290321
DDPM,2000,TAACTG,9.67741935483871e-05
DDPM,2000,TAACTT,0.00027096774193548386
DDPM,2000,TAAGAA,0.0004967741935483871
DDPM,2000,TAAGAC,0.00015483870967741937
DDPM,2000,TAAGAG,0.0001032258064516129
DDPM,2000,TAAGAT,0.0003161290322580645
DDPM,2000,TAAGCA,0.0002064516129032258
DDPM,2000,TAAGCC,0.00025806451612903227
DDPM,2000,TAAGCG,5.806451612903226e-05
DDPM,2000,TAAGCT,0.00021290322580645163
DDPM,2000,TAAGGA,0.00016129032258064516
DDPM,2000,TAAGGC,0.00011612903225806452
DDPM,2000,TAAGGG,7.741935483870968e-05
DDPM,2000,TAAGGT,0.00015483870967741937
DDPM,2000,TAAGTA,0.0002064516129032258
DDPM,2000,TAAGTC,0.00016129032258064516
DDPM,2000,TAAGTG,0.00017419354838709678
DDPM,2000,TAAGTT,0.00036129032258064514
DDPM,2000,TAATAA,0.000632258064516129
DDPM,2000,TAATAC,0.0002
DDPM,2000,TAATAG,0.00016129032258064516
DDPM,2000,TAATAT,0.0005225806451612903
DDPM,2000,TAATCA,0.0004064516129032258
DDPM,2000,TAATCC,0.0002838709677419355
DDPM,2000,TAATCG,0.00027096774193548386
DDPM,2000,TAATCT,0.0005548387096774194
DDPM,2000,TAATGA,0.00023870967741935483
DDPM,2000,TAATGC,9.032258064516129e-05
DDPM,2000,TAATGG,0.00025161290322580645
DDPM,2000,TAATGT,0.0002838709677419355
DDPM,2000,TAATTA,0.0006387096774193549
DDPM,2000,TAATTC,0.00034193548387096773
DDPM,2000,TAATTG,0.00034838709677419355
DDPM,2000,TAATTT,0.0009161290322580645
DDPM,2000,TACAAA,0.0005612903225806451
DDPM,2000,TACAAC,0.00018064516129032257
DDPM,2000,TACAAG,0.00021290322580645163
DDPM,2000,TACAAT,0.00044516129032258066
DDPM,2000,TACACA,0.0002645161290322581
DDPM,2000,TACACC,0.00015483870967741937
DDPM,2000,TACACG,0.00014838709677419355
DDPM,2000,TACACT,0.00014838709677419355
DDPM,2000,TACAGA,0.00023225806451612904
DDPM,2000,TACAGC,0.0001225806451612903
DDPM,2000,TACAGG,5.806451612903226e-05
DDPM,2000,TACAGT,0.00016129032258064516
DDPM,2000,TACATA,0.00027096774193548386
DDPM,2000,TACATC,0.00018064516129032257
DDPM,2000,TACATG,0.00018064516129032257
DDPM,2000,TACATT,0.0003225806451612903
DDPM,2000,TACCAA,0.0003161290322580645
DDPM,2000,TACCAC,0.00016129032258064516
DDPM,2000,TACCAG,0.0001032258064516129
DDPM,2000,TACCAT,0.00016129032258064516
DDPM,2000,TACCCA,0.0001935483870967742
DDPM,2000,TACCCC,6.451612903225807e-05
DDPM,2000,TACCCG,0.00014193548387096775
DDPM,2000,TACCCT,0.00010967741935483871
DDPM,2000,TACCGA,0.00014838709677419355
DDPM,2000,TACCGC,0.00010967741935483871
DDPM,2000,TACCGG,0.00012903225806451613
DDPM,2000,TACCGT,0.00015483870967741937
DDPM,2000,TACCTA,0.00014193548387096775
DDPM,2000,TACCTC,0.00016129032258064516
DDPM,2000,TACCTG,7.096774193548388e-05
DDPM,2000,TACCTT,0.0002451612903225806
DDPM,2000,TACGAA,0.00021935483870967742
DDPM,2000,TACGAC,0.00013548387096774193
DDPM,2000,TACGAG,0.00015483870967741937
DDPM,2000,TACGAT,0.0001935483870967742
DDPM,2000,TACGCA,8.387096774193548e-05
DDPM,2000,TACGCC,9.67741935483871e-05
DDPM,2000,TACGCG,5.161290322580645e-05
DDPM,2000,TACGCT,9.032258064516129e-05
DDPM,2000,TACGGA,0.00014193548387096775
DDPM,2000,TACGGC,0.00018064516129032257
DDPM,2000,TACGGG,3.870967741935484e-05
DDPM,2000,TACGGT,0.00012903225806451613
DDPM,2000,TACGTA,0.00014193548387096775
DDPM,2000,TACGTC,0.00014193548387096775
DDPM,2000,TACGTG,0.0001225806451612903
DDPM,2000,TACGTT,0.00018064516129032257
DDPM,2000,TACTAA,0.00029032258064516127
DDPM,2000,TACTAC,0.00012903225806451613
DDPM,2000,TACTAG,0.00012903225806451613
DDPM,2000,TACTAT,0.00021935483870967742
DDPM,2000,TACTCA,0.00029032258064516127
DDPM,2000,TACTCC,0.0001935483870967742
DDPM,2000,TACTCG,0.00015483870967741937
DDPM,2000,TACTCT,0.00038064516129032255
DDPM,2000,TACTGA,0.0001935483870967742
DDPM,2000,TACTGC,9.67741935483871e-05
DDPM,2000,TACTGG,0.00010967741935483871
DDPM,2000,TACTGT,0.00015483870967741937
DDPM,2000,TACTTA,0.0002
DDPM,2000,TACTTC,0.00034838709677419355
DDPM,2000,TACTTG,0.0002451612903225806
DDPM,2000,TACTTT,0.0005870967741935484
DDPM,2000,TAGAAA,0.00042580645161290325
DDPM,2000,TAGAAC,0.0002064516129032258
DDPM,2000,TAGAAG,0.0001935483870967742
DDPM,2000,TAGAAT,0.00032903225806451614
DDPM,2000,TAGACA,0.0001935483870967742
DDPM,2000,TAGACC,0.0001032258064516129
DDPM,2000,TAGACG,0.00014193548387096775
DDPM,2000,TAGACT,0.00017419354838709678
DDPM,2000,TAGAGA,0.0003870967741935484
DDPM,2000,TAGAGC,0.00011612903225806452
DDPM,2000,TAGAGG,0.00016129032258064516
DDPM,2000,TAGAGT,0.00021935483870967742
DDPM,2000,TAGATA,0.0002774193548387097
DDPM,2000,TAGATC,0.00022580645161290321
DDPM,2000,TAGATG,0.00023225806451612904
DDPM,2000,TAGATT,0.0004
DDPM,2000,TAGCAA,0.0001935483870967742
DDPM,2000,TAGCAC,7.096774193548388e-05
DDPM,2000,TAGCAG,8.387096774193548e-05
DDPM,2000,TAGCAT,0.00012903225806451613
DDPM,2000,TAGCCA,0.0001935483870967742
DDPM,2000,TAGCCC,9.67741935483871e-05
DDPM,2000,TAGCCG,9.032258064516129e-05
DDPM,2000,TAGCCT,0.00014838709677419355
DDPM,2000,TAGCGA,0.00011612903225806452
DDPM,2000,TAGCGC,5.161290322580645e-05
DDPM,2000,TAGCGG,3.870967741935484e-05
DDPM,2000,TAGCGT,0.00010967741935483871
DDPM,2000,TAGCTA,0.00018064516129032257
DDPM,2000,TAGCTC,0.0002645161290322581
DDPM,2000,TAGCTG,0.00012903225806451613
DDPM,2000,TAGCTT,0.0002451612903225806
DDPM,2000,TAGGAA,0.00021290322580645163
DDPM,2000,TAGGAC,5.806451612903226e-05
DDPM,2000,TAGGAG,9.67741935483871e-05
DDPM,2000,TAGGAT,0.00012903225806451613
DDPM,2000,TAGGCA,9.032258064516129e-05
DDPM,2000,TAGGCC,9.67741935483871e-05
DDPM,2000,TAGGCG,5.161290322580645e-05
DDPM,2000,TAGGCT,8.387096774193548e-05
DDPM,2000,TAGGGA,0.00010967741935483871
DDPM,2000,TAGGGC,6.451612903225807e-05
DDPM,2000,TAGGGG,5.161290322580645e-05
DDPM,2000,TAGGGT,0.00017419354838709678
DDPM,2000,TAGGTA,6.451612903225807e-05
DDPM,2000,TAGGTC,0.00015483870967741937
DDPM,2000,TAGGTG,9.67741935483871e-05
DDPM,2000,TAGGTT,0.00022580645161290321
DDPM,2000,TAGTAA,0.0002838709677419355
DDPM,2000,TAGTAC,9.67741935483871e-05
DDPM,2000,TAGTAG,0.00011612903225806452
DDPM,2000,TAGTAT,0.00025806451612903227
DDPM,2000,TAGTCA,0.00025161290322580645
DDPM,2000,TAGTCC,0.0001225806451612903
DDPM,2000,TAGTCG,0.0001225806451612903
DDPM,2000,TAGTCT,0.0002645161290322581
DDPM,2000,TAGTGA,0.0002064516129032258
DDPM,2000,TAGTGC,4.516129032258064e-05
DDPM,2000,TAGTGG,0.00016129032258064516
DDPM,2000,TAGTGT,0.00015483870967741937
DDPM,2000,TAGTTA,0.0002451612903225806
DDPM,2000,TAGTTC,0.00027096774193548386
DDPM,2000,TAGTTG,0.00021935483870967742
DDPM,2000,TAGTTT,0.0005483870967741936
DDPM,2000,TATAAA,0.0006451612903225806
DDPM,2000,TATAAC,0.0003032258064516129
DDPM,2000,TATAAG,0.00021935483870967742
DDPM,2000,TATAAT,0.0004838709677419355
DDPM,2000,TATACA,0.0003870967741935484
DDPM,2000,TATACC,0.0001225806451612903
DDPM,2000,TATACG,0.00014193548387096775
DDPM,2000,TATACT,0.0002838709677419355
DDPM,2000,TATAGA,0.00021935483870967742
DDPM,2000,TATAGC,9.032258064516129e-05
DDPM,2000,TATAGG,0.00016129032258064516
DDPM,2000,TATAGT,0.00027096774193548386
DDPM,2000,TATATA,0.0006129032258064516
DDPM,2000,TATATC,0.0003548387096774194
DDPM,2000,TATATG,0.00032903225806451614
DDPM,2000,TATATT,0.0006064516129032258
DDPM,2000,TATCAA,0.0005741935483870968
DDPM,2000,TATCAC,0.00030967741935483873
DDPM,2000,TATCAG,0.0002064516129032258
DDPM,2000,TATCAT,0.0003548387096774194
DDPM,2000,TATCCA,0.0003032258064516129
DDPM,2000,TATCCC,0.00015483870967741937
DDPM,2000,TATCCG,0.0001935483870967742
DDPM,2000,TATCCT,0.0003032258064516129
DDPM,2000,TATCGA,0.00022580645161290321
DDPM,2000,TATCGC,5.806451612903226e-05
DDPM,2000,TATCGG,7.096774193548388e-05
DDPM,2000,TATCGT,0.0001935483870967742
DDPM,2000,TATCTA,0.00022580645161290321
DDPM,2000,TATCTC,0.00045161290322580643
DDPM,2000,TATCTG,0.00023225806451612904
DDPM,2000,TATCTT,0.000535483870967742
DDPM,2000,TATGAA,0.0004129032258064516
DDPM,2000,TATGAC,0.00015483870967741937
DDPM,2000,TATGAG,0.0001870967741935484
DDPM,2000,TATGAT,0.00025806451612903227
DDPM,2000,TATGCA,0.00014838709677419355
DDPM,2000,TATGCC,0.0001032258064516129
DDPM,2000,TATGCG,3.2258064516129034e-05
DDPM,2000,TATGCT,0.00014193548387096775
DDPM,2000,TATGGA,0.0002645161290322581
DDPM,2000,TATGGC,0.0001870967741935484
DDPM,2000,TATGGG,0.00011612903225806452
DDPM,2000,TATGGT,0.00029032258064516127
DDPM,2000,TATGTA,0.0002838709677419355
DDPM,2000,TATGTC,0.00018064516129032257
DDPM,2000,TATGTG,0.00016774193548387096
DDPM,2000,TATGTT,0.00038064516129032255
DDPM,2000,TATTAA,0.000535483870967742
DDPM,2000,TATTAC,0.00025806451612903227
DDPM,2000,TATTAG,0.00027096774193548386
DDPM,2000,TATTAT,0.0007096774193548388
DDPM,2000,TATTCA,0.00041935483870967743
DDPM,2000,TATTCC,0.0003032258064516129
DDPM,2000,TATTCG,0.00023225806451612904
DDPM,2000,TATTCT,0.0004903225806451613
DDPM,2000,TATTGA,0.00036774193548387097
DDPM,2000,TATTGC,0.00016774193548387096
DDPM,2000,TATTGG,0.0002645161290322581
DDPM,2000,TATTGT,0.0004903225806451613
DDPM,2000,TATTTA,0.0006258064516129032
DDPM,2000,TATTTC,0.0006774193548387097
DDPM,2000,TATTTG,0.0006451612903225806
DDPM,2000,TATTTT,0.001135483870967742
DDPM,2000,TCAAAA,0.0009741935483870967
DDPM,2000,TCAAAC,0.000535483870967742
DDPM,2000,TCAAAG,0.0005419354838709677
DDPM,2000,TCAAAT,0.0008451612903225806
DDPM,2000,TCAACA,0.0004129032258064516
DDPM,2000,TCAACC,0.00032903225806451614
DDPM,2000,TCAACG,0.00021935483870967742
DDPM,2000,TCAACT,0.0003870967741935484
DDPM,2000,TCAAGA,0.0003354838709677419
DDPM,2000,TCAAGC,0.00029032258064516127
DDPM,2000,TCAAGG,0.0001870967741935484
DDPM,2000,TCAAGT,0.0003032258064516129
DDPM,2000,TCAATA,0.0002967741935483871
DDPM,2000,TCAATC,0.0005741935483870968
DDPM,2000,TCAATG,0.00036774193548387097
DDPM,2000,TCAATT,0.0007741935483870968
DDPM,2000,TCACAA,0.0004903225806451613
DDPM,2000,TCACAC,0.0002838709677419355
DDPM,2000,TCACAG,0.00015483870967741937
DDPM,2000,TCACAT,0.0004
DDPM,2000,TCACCA,0.00036129032258064514
DDPM,2000,TCACCC,0.00010967741935483871
DDPM,2000,TCACCG,0.00027096774193548386
DDPM,2000,TCACCT,0.00025161290322580645
DDPM,2000,TCACGA,0.00023870967741935483
DDPM,2000,TCACGC,0.00012903225806451613
DDPM,2000,TCACGG,0.00010967741935483871
DDPM,2000,TCACGT,0.0001935483870967742
DDPM,2000,TCACTA,0.0001870967741935484
DDPM,2000,TCACTC,0.0003548387096774194
DDPM,2000,TCACTG,0.0002
DDPM,2000,TCACTT,0.00045161290322580643
DDPM,2000,TCAGAA,0.0004129032258064516
DDPM,2000,TCAGAC,0.00018064516129032257
DDPM,2000,TCAGAG,0.00022580645161290321
DDPM,2000,TCAGAT,0.00045806451612903225
DDPM,2000,TCAGCA,0.00017419354838709678
DDPM,2000,TCAGCC,0.00012903225806451613
DDPM,2000,TCAGCG,0.00013548387096774193
DDPM,2000,TCAGCT,0.00023225806451612904
DDPM,2000,TCAGGA,0.00011612903225806452
DDPM,2000,TCAGGC,0.00014838709677419355
DDPM,2000,TCAGGG,3.2258064516129034e-05
DDPM,2000,TCAGGT,0.00015483870967741937
DDPM,2000,TCAGTA,0.0002064516129032258
DDPM,2000,TCAGTC,0.00016774193548387096
DDPM,2000,TCAGTG,0.00016129032258064516
DDPM,2000,TCAGTT,0.00041935483870967743
DDPM,2000,TCATAA,0.0003870967741935484
DDPM,2000,TCATAC,0.0002645161290322581
DDPM,2000,TCATAG,0.0001870967741935484
DDPM,2000,TCATAT,0.00041935483870967743
DDPM,2000,TCATCA,0.0005741935483870968
DDPM,2000,TCATCC,0.0002967741935483871
DDPM,2000,TCATCG,0.0004129032258064516
DDPM,2000,TCATCT,0.000632258064516129
DDPM,2000,TCATGA,0.00022580645161290321
DDPM,2000,TCATGC,0.00014838709677419355
DDPM,2000,TCATGG,0.0002645161290322581
DDPM,2000,TCATGT,0.00034838709677419355
DDPM,2000,TCATTA,0.0006387096774193549
DDPM,2000,TCATTC,0.0005548387096774194
DDPM,2000,TCATTG,0.0004
DDPM,2000,TCATTT,0.0008774193548387097
DDPM,2000,TCCAAA,0.0006258064516129032
DDPM,2000,TCCAAC,0.00030967741935483873
DDPM,2000,TCCAAG,0.00025806451612903227
DDPM,2000,TCCAAT,0.0005935483870967742
DDPM,2000,TCCACA,0.00034838709677419355
DDPM,2000,TCCACC,0.0003741935483870968
DDPM,2000,TCCACG,0.0001935483870967742
DDPM,2000,TCCACT,0.00034838709677419355
DDPM,2000,TCCAGA,0.00029032258064516127
DDPM,2000,TCCAGC,0.0002064516129032258
DDPM,2000,TCCAGG,9.032258064516129e-05
DDPM,2000,TCCAGT,0.0002064516129032258
DDPM,2000,TCCATA,0.00025161290322580645
DDPM,2000,TCCATC,0.0005096774193548387
DDPM,2000,TCCATG,0.0002774193548387097
DDPM,2000,TCCATT,0.0005225806451612903
DDPM,2000,TCCCAA,0.0003225806451612903
DDPM,2000,TCCCAC,0.00018064516129032257
DDPM,2000,TCCCAG,0.00013548387096774193
DDPM,2000,TCCCAT,0.00023870967741935483
DDPM,2000,TCCCCA,0.0001935483870967742
DDPM,2000,TCCCCC,8.387096774193548e-05
DDPM,2000,TCCCCG,7.741935483870968e-05
DDPM,2000,TCCCCT,0.00016774193548387096
DDPM,2000,TCCCGA,0.00013548387096774193
DDPM,2000,TCCCGC,9.032258064516129e-05
DDPM,2000,TCCCGG,0.0001225806451612903
DDPM,2000,TCCCGT,0.0001032258064516129
DDPM,2000,TCCCTA,0.00018064516129032257
DDPM,2000,TCCCTC,0.00034838709677419355
DDPM,2000,TCCCTG,9.67741935483871e-05
DDPM,2000,TCCCTT,0.0003225806451612903
DDPM,2000,TCCGAA,0.0003161290322580645
DDPM,2000,TCCGAC,0.0002838709677419355
DDPM,2000,TCCGAG,0.00016129032258064516
DDPM,2000,TCCGAT,0.00045161290322580643
DDPM,2000,TCCGCA,8.387096774193548e-05
DDPM,2000,TCCGCC,0.0002451612903225806
DDPM,2000,TCCGCG,8.387096774193548e-05
DDPM,2000,TCCGCT,0.00016774193548387096
DDPM,2000,TCCGGA,0.00021935483870967742
DDPM,2000,TCCGGC,0.00017419354838709678
DDPM,2000,TCCGGG,6.451612903225807e-05
DDPM,2000,TCCGGT,0.00027096774193548386
DDPM,2000,TCCGTA,9.032258064516129e-05
DDPM,2000,TCCGTC,0.00022580645161290321
DDPM,2000,TCCGTG,0.00012903225806451613
DDPM,2000,TCCGTT,0.00034838709677419355
DDPM,2000,TCCTAA,0.00034193548387096773
DDPM,2000,TCCTAC,0.00022580645161290321
DDPM,2000,TCCTAG,0.0001225806451612903
DDPM,2000,TCCTAT,0.0002451612903225806
DDPM,2000,TCCTCA,0.0003935483870967742
DDPM,2000,TCCTCC,0.0005032258064516129
DDPM,2000,TCCTCG,0.0002967741935483871
DDPM,2000,TCCTCT,0.0007225806451612903
DDPM,2000,TCCTGA,0.00012903225806451613
DDPM,2000,TCCTGC,0.00011612903225806452
DDPM,2000,TCCTGG,0.00014193548387096775
DDPM,2000,TCCTGT,0.0001935483870967742
DDPM,2000,TCCTTA,0.0002645161290322581
DDPM,2000,TCCTTC,0.0006064516129032258
DDPM,2000,TCCTTG,0.00029032258064516127
DDPM,2000,TCCTTT,0.0006838709677419355
DDPM,2000,TCGAAA,0.0003870967741935484
DDPM,2000,TCGAAC,0.0001935483870967742
DDPM,2000,TCGAAG,0.00021935483870967742
DDPM,2000,TCGAAT,0.0003870967741935484
DDPM,2000,TCGACA,0.00022580645161290321
DDPM,2000,TCGACC,0.0001032258064516129
DDPM,2000,TCGACG,0.00018064516129032257
DDPM,2000,TCGACT,0.00023225806451612904
DDPM,2000,TCGAGA,0.00025161290322580645
DDPM,2000,TCGAGC,0.00015483870967741937
DDPM,2000,TCGAGG,0.00011612903225806452
DDPM,2000,TCGAGT,0.00025161290322580645
DDPM,2000,TCGATA,0.0003354838709677419
DDPM,2000,TCGATC,0.0003870967741935484
DDPM,2000,TCGATG,0.0003032258064516129
DDPM,2000,TCGATT,0.0006903225806451613
DDPM,2000,TCGCAA,0.00016129032258064516
DDPM,2000,TCGCAC,5.806451612903226e-05
DDPM,2000,TCGCAG,0.00013548387096774193
DDPM,2000,TCGCAT,0.00010967741935483871
DDPM,2000,TCGCCA,0.0002451612903225806
DDPM,2000,TCGCCC,4.516129032258064e-05
DDPM,2000,TCGCCG,0.00034838709677419355
DDPM,2000,TCGCCT,0.0001225806451612903
DDPM,2000,TCGCGA,9.67741935483871e-05
DDPM,2000,TCGCGC,4.516129032258064e-05
DDPM,2000,TCGCGG,7.741935483870968e-05
DDPM,2000,TCGCGT,7.096774193548388e-05
DDPM,2000,TCGCTA,9.032258064516129e-05
DDPM,2000,TCGCTC,0.00023870967741935483
DDPM,2000,TCGCTG,0.00017419354838709678
DDPM,2000,TCGCTT,0.0002
DDPM,2000,TCGGAA,0.00025806451612903227
DDPM,2000,TCGGAC,9.67741935483871e-05
DDPM,2000,TCGGAG,0.0002064516129032258
DDPM,2000,TCGGAT,0.00032903225806451614
DDPM,2000,TCGGCA,0.0001032258064516129
DDPM,2000,TCGGCC,0.00010967741935483871
DDPM,2000,TCGGCG,0.00016774193548387096
DDPM,2000,TCGGCT,0.0001935483870967742
DDPM,2000,TCGGGA,0.00010967741935483871
DDPM,2000,TCGGGC,5.806451612903226e-05
DDPM,2000,TCGGGG,4.516129032258064e-05
DDPM,2000,TCGGGT,0.00016774193548387096
DDPM,2000,TCGGTA,0.00011612903225806452
DDPM,2000,TCGGTC,0.00018064516129032257
DDPM,2000,TCGGTG,0.00016774193548387096
DDPM,2000,TCGGTT,0.0003935483870967742
DDPM,2000,TCGTAA,0.00029032258064516127
DDPM,2000,TCGTAC,0.00014193548387096775
DDPM,2000,TCGTAG,0.00016129032258064516
DDPM,2000,TCGTAT,0.00030967741935483873
DDPM,2000,TCGTCA,0.0004
DDPM,2000,TCGTCC,0.00023225806451612904
DDPM,2000,TCGTCG,0.0004129032258064516
DDPM,2000,TCGTCT,0.00032903225806451614
DDPM,2000,TCGTGA,0.00016129032258064516
DDPM,2000,TCGTGC,9.032258064516129e-05
DDPM,2000,TCGTGG,0.00017419354838709678
DDPM,2000,TCGTGT,0.00030967741935483873
DDPM,2000,TCGTTA,0.00034838709677419355
DDPM,2000,TCGTTC,0.0002967741935483871
DDPM,2000,TCGTTG,0.0002967741935483871
DDPM,2000,TCGTTT,0.0006838709677419355
DDPM,2000,TCTAAA,0.00047741935483870966
DDPM,2000,TCTAAC,0.00017419354838709678
DDPM,2000,TCTAAG,0.00022580645161290321
DDPM,2000,TCTAAT,0.00041935483870967743
DDPM,2000,TCTACA,0.0003032258064516129
DDPM,2000,TCTACC,0.00018064516129032257
DDPM,2000,TCTACG,0.0002645161290322581
DDPM,2000,TCTACT,0.0003161290322580645
DDPM,2000,TCTAGA,0.00023225806451612904
DDPM,2000,TCTAGC,0.00013548387096774193
DDPM,2000,TCTAGG,0.00014193548387096775
DDPM,2000,TCTAGT,0.0002645161290322581
DDPM,2000,TCTATA,0.0004064516129032258
DDPM,2000,TCTATC,0.00034838709677419355
DDPM,2000,TCTATG,0.0002
DDPM,2000,TCTATT,0.000535483870967742
DDPM,2000,TCTCAA,0.0006451612903225806
DDPM,2000,TCTCAC,0.00043870967741935484
DDPM,2000,TCTCAG,0.00027096774193548386
DDPM,2000,TCTCAT,0.0005741935483870968
DDPM,2000,TCTCCA,0.0006
DDPM,2000,TCTCCC,0.0003225806451612903
DDPM,2000,TCTCCG,0.0004903225806451613
DDPM,2000,TCTCCT,0.0006903225806451613
DDPM,2000,TCTCGA,0.0004129032258064516
DDPM,2000,TCTCGC,0.00023870967741935483
DDPM,2000,TCTCGG,0.0002064516129032258
DDPM,2000,TCTCGT,0.00034193548387096773
DDPM,2000,TCTCTA,0.00047741935483870966
DDPM,2000,TCTCTC,0.001864516129032258
DDPM,2000,TCTCTG,0.0006193548387096775
DDPM,2000,TCTCTT,0.0015225806451612902
DDPM,2000,TCTGAA,0.00044516129032258066
DDPM,2000,TCTGAC,0.00021290322580645163
DDPM,2000,TCTGAG,0.00025161290322580645
DDPM,2000,TCTGAT,0.0005870967741935484
DDPM,2000,TCTGCA,0.00014838709677419355
DDPM,2000,TCTGCC,0.00014838709677419355
DDPM,2000,TCTGCG,0.00014193548387096775
DDPM,2000,TCTGCT,0.0002645161290322581
DDPM,2000,TCTGGA,0.0002838709677419355
DDPM,2000,TCTGGC,0.00011612903225806452
DDPM,2000,TCTGGG,0.00014193548387096775
DDPM,2000,TCTGGT,0.00030967741935483873
DDPM,2000,TCTGTA,0.00030967741935483873
DDPM,2000,TCTGTC,0.0003870967741935484
DDPM,2000,TCTGTG,0.0003032258064516129
DDPM,2000,TCTGTT,0.0008580645161290323
DDPM,2000,TCTTAA,0.0005935483870967742
DDPM,2000,TCTTAC,0.0003225806451612903
DDPM,2000,TCTTAG,0.00032903225806451614
DDPM,2000,TCTTAT,0.0006193548387096775
DDPM,2000,TCTTCA,0.0009096774193548387
DDPM,2000,TCTTCC,0.0008064516129032258
DDPM,2000,TCTTCG,0.0005935483870967742
DDPM,2000,TCTTCT,0.0019483870967741935
DDPM,2000,TCTTGA,0.00038064516129032255
DDPM,2000,TCTTGC,0.00030967741935483873
DDPM,2000,TCTTGG,0.0003032258064516129
DDPM,2000,TCTTGT,0.0005032258064516129
DDPM,2000,TCTTTA,0.0006903225806451613
DDPM,2000,TCTTTC,0.0009870967741935485
DDPM,2000,TCTTTG,0.0005419354838709677
DDPM,2000,TCTTTT,0.0016838709677419355
DDPM,2000,TGAAAA,0.0006193548387096775
DDPM,2000,TGAAAC,0.00034193548387096773
DDPM,2000,TGAAAG,0.0002645161290322581
DDPM,2000,TGAAAT,0.00045806451612903225
DDPM,2000,TGAACA,0.0001870967741935484
DDPM,2000,TGAACC,0.0002064516129032258
DDPM,2000,TGAACG,0.00014838709677419355
DDPM,2000,TGAACT,0.0002838709677419355
DDPM,2000,TGAAGA,0.0005290322580645162
DDPM,2000,TGAAGC,0.0003032258064516129
DDPM,2000,TGAAGG,0.00018064516129032257
DDPM,2000,TGAAGT,0.00022580645161290321
DDPM,2000,TGAATA,0.00036774193548387097
DDPM,2000,TGAATC,0.000432258064516129
DDPM,2000,TGAATG,0.00017419354838709678
DDPM,2000,TGAATT,0.0006064516129032258
DDPM,2000,TGACAA,0.0003032258064516129
DDPM,2000,TGACAC,0.0001032258064516129
DDPM,2000,TGACAG,0.00016129032258064516
DDPM,2000,TGACAT,0.0002774193548387097
DDPM,2000,TGACCA,0.00023225806451612904
DDPM,2000,TGACCC,7.096774193548388e-05
DDPM,2000,TGACCG,0.00011612903225806452
DDPM,2000,TGACCT,0.0001935483870967742
DDPM,2000,TGACGA,0.00025161290322580645
DDPM,2000,TGACGC,9.032258064516129e-05
DDPM,2000,TGACGG,0.00011612903225806452
DDPM,2000,TGACGT,0.00010967741935483871
DDPM,2000,TGACTA,0.00014193548387096775
DDPM,2000,TGACTC,0.0002064516129032258
DDPM,2000,TGACTG,0.00013548387096774193
DDPM,2000,TGACTT,0.00025806451612903227
DDPM,2000,TGAGAA,0.00030967741935483873
DDPM,2000,TGAGAC,0.00012903225806451613
DDPM,2000,TGAGAG,0.0003161290322580645
DDPM,2000,TGAGAT,0.0003225806451612903
DDPM,2000,TGAGCA,0.00013548387096774193
DDPM,2000,TGAGCC,0.00014838709677419355
DDPM,2000,TGAGCG,9.67741935483871e-05
DDPM,2000,TGAGCT,0.00017419354838709678
DDPM,2000,TGAGGA,0.0001870967741935484
DDPM,2000,TGAGGC,9.67741935483871e-05
DDPM,2000,TGAGGG,7.741935483870968e-05
DDPM,2000,TGAGGT,0.00014838709677419355
DDPM,2000,TGAGTA,0.00017419354838709678
DDPM,2000,TGAGTC,0.00021935483870967742
DDPM,2000,TGAGTG,0.00016774193548387096
DDPM,2000,TGAGTT,0.0003225806451612903
DDPM,2000,TGATAA,0.00038064516129032255
DDPM,2000,TGATAC,0.00016774193548387096
DDPM,2000,TGATAG,0.00018064516129032257
DDPM,2000,TGATAT,0.0003354838709677419
DDPM,2000,TGATCA,0.00041935483870967743
DDPM,2000,TGATCC,0.0002064516129032258
DDPM,2000,TGATCG,0.00021935483870967742
DDPM,2000,TGATCT,0.000432258064516129
DDPM,2000,TGATGA,0.00034193548387096773
DDPM,2000,TGATGC,0.0001935483870967742
DDPM,2000,TGATGG,0.00025161290322580645
DDPM,2000,TGATGT,0.00025161290322580645
DDPM,2000,TGATTA,0.0003870967741935484
DDPM,2000,TGATTC,0.0005870967741935484
DDPM,2000,TGATTG,0.00034193548387096773
DDPM,2000,TGATTT,0.001032258064516129
DDPM,2000,TGCAAA,0.0002967741935483871
DDPM,2000,TGCAAC,0.0001225806451612903
DDPM,2000,TGCAAG,0.00010967741935483871
DDPM,2000,TGCAAT,0.0001870967741935484
DDPM,2000,TGCACA,7.741935483870968e-05
DDPM,2000,TGCACC,8.387096774193548e-05
DDPM,2000,TGCACG,5.161290322580645e-05
DDPM,2000,TGCACT,5.161290322580645e-05
DDPM,2000,TGCAGA,0.0001032258064516129
DDPM,2000,TGCAGC,0.00011612903225806452
DDPM,2000,TGCAGG,3.870967741935484e-05
DDPM,2000,TGCAGT,0.0001225806451612903
DDPM,2000,TGCATA,0.00012903225806451613
DDPM,2000,TGCATC,0.00014193548387096775
DDPM,2000,TGCATG,0.00012903225806451613
DDPM,2000,TGCATT,0.00022580645161290321
DDPM,2000,TGCCAA,0.0002645161290322581
DDPM,2000,TGCCAC,0.00014838709677419355
DDPM,2000,TGCCAG,7.096774193548388e-05
DDPM,2000,TGCCAT,9.032258064516129e-05
DDPM,2000,TGCCCA,0.00010967741935483871
DDPM,2000,TGCCCC,4.516129032258064e-05
DDPM,2000,TGCCCG,3.870967741935484e-05
DDPM,2000,TGCCCT,4.516129032258064e-05
DDPM,2000,TGCCGA,0.00012903225806451613
DDPM,2000,TGCCGC,6.451612903225807e-05
DDPM,2000,TGCCGG,0.0001032258064516129
DDPM,2000,TGCCGT,0.0001225806451612903
DDPM,2000,TGCCTA,0.00010967741935483871
DDPM,2000,TGCCTC,0.00014193548387096775
DDPM,2000,TGCCTG,4.516129032258064e-05
DDPM,2000,TGCCTT,0.0002451612903225806
DDPM,2000,TGCGAA,9.67741935483871e-05
DDPM,2000,TGCGAC,7.096774193548388e-05
DDPM,2000,TGCGAG,3.2258064516129034e-05
DDPM,2000,TGCGAT,0.00013548387096774193
DDPM,2000,TGCGCA,5.806451612903226e-05
DDPM,2000,TGCGCC,3.870967741935484e-05
DDPM,2000,TGCGCG,5.161290322580645e-05
DDPM,2000,TGCGCT,5.161290322580645e-05
DDPM,2000,TGCGGA,6.451612903225807e-05
DDPM,2000,TGCGGC,8.387096774193548e-05
DDPM,2000,TGCGGG,3.2258064516129034e-05
DDPM,2000,TGCGGT,9.67741935483871e-05
DDPM,2000,TGCGTA,7.741935483870968e-05
DDPM,2000,TGCGTC,0.00014838709677419355
DDPM,2000,TGCGTG,9.032258064516129e-05
DDPM,2000,TGCGTT,0.00014838709677419355
DDPM,2000,TGCTAA,0.00017419354838709678
DDPM,2000,TGCTAC,0.00013548387096774193
DDPM,2000,TGCTAG,8.387096774193548e-05
DDPM,2000,TGCTAT,0.00013548387096774193
DDPM,2000,TGCTCA,0.00018064516129032257
DDPM,2000,TGCTCC,0.00015483870967741937
DDPM,2000,TGCTCG,7.741935483870968e-05
DDPM,2000,TGCTCT,0.00036129032258064514
DDPM,2000,TGCTGA,0.00021935483870967742
DDPM,2000,TGCTGC,8.387096774193548e-05
DDPM,2000,TGCTGG,7.741935483870968e-05
DDPM,2000,TGCTGT,0.00018064516129032257
DDPM,2000,TGCTTA,0.0002451612903225806
DDPM,2000,TGCTTC,0.0003548387096774194
DDPM,2000,TGCTTG,0.0001870967741935484
DDPM,2000,TGCTTT,0.0005870967741935484
DDPM,2000,TGGAAA,0.0004
DDPM,2000,TGGAAC,0.0002
DDPM,2000,TGGAAG,0.00023225806451612904
DDPM,2000,TGGAAT,0.0003032258064516129
DDPM,2000,TGGACA,0.00012903225806451613
DDPM,2000,TGGACC,0.00017419354838709678
DDPM,2000,TGGACG,0.00010967741935483871
DDPM,2000,TGGACT,0.0001870967741935484
DDPM,2000,TGGAGA,0.00036774193548387097
DDPM,2000,TGGAGC,0.00016774193548387096
DDPM,2000,TGGAGG,0.00010967741935483871
DDPM,2000,TGGAGT,0.00016129032258064516
DDPM,2000,TGGATA,0.00021935483870967742
DDPM,2000,TGGATC,0.0003225806451612903
DDPM,2000,TGGATG,0.00017419354838709678
DDPM,2000,TGGATT,0.0004838709677419355
DDPM,2000,TGGCAA,0.00021290322580645163
DDPM,2000,TGGCAC,0.0001032258064516129
DDPM,2000,TGGCAG,7.741935483870968e-05
DDPM,2000,TGGCAT,7.096774193548388e-05
DDPM,2000,TGGCCA,0.00017419354838709678
DDPM,2000,TGGCCC,0.00013548387096774193
DDPM,2000,TGGCCG,0.00015483870967741937
DDPM,2000,TGGCCT,0.00012903225806451613
DDPM,2000,TGGCGA,0.00016774193548387096
DDPM,2000,TGGCGC,7.741935483870968e-05
DDPM,2000,TGGCGG,0.00017419354838709678
DDPM,2000,TGGCGT,0.00013548387096774193
DDPM,2000,TGGCTA,0.0002
DDPM,2000,TGGCTC,0.00023225806451612904
DDPM,2000,TGGCTG,0.00015483870967741937
DDPM,2000,TGGCTT,0.00025806451612903227
DDPM,2000,TGGGAA,0.00027096774193548386
DDPM,2000,TGGGAC,0.00010967741935483871
DDPM,2000,TGGGAG,0.0001032258064516129
DDPM,2000,TGGGAT,0.00021935483870967742
DDPM,2000,TGGGCA,9.032258064516129e-05
DDPM,2000,TGGGCC,0.00025806451612903227
DDPM,2000,TGGGCG,4.516129032258064e-05
DDPM,2000,TGGGCT,0.0001225806451612903
DDPM,2000,TGGGGA,9.032258064516129e-05
DDPM,2000,TGGGGC,9.032258064516129e-05
DDPM,2000,TGGGGG,5.806451612903226e-05
DDPM,2000,TGGGGT,0.00012903225806451613
DDPM,2000,TGGGTA,9.032258064516129e-05
DDPM,2000,TGGGTC,0.00014838709677419355
DDPM,2000,TGGGTG,8.387096774193548e-05
DDPM,2000,TGGGTT,0.0003354838709677419
DDPM,2000,TGGTAA,0.00029032258064516127
DDPM,2000,TGGTAC,7.741935483870968e-05
DDPM,2000,TGGTAG,0.00013548387096774193
DDPM,2000,TGGTAT,0.0002064516129032258
DDPM,2000,TGGTCA,0.0002451612903225806
DDPM,2000,TGGTCC,0.00014193548387096775
DDPM,2000,TGGTCG,0.00014193548387096775
DDPM,2000,TGGTCT,0.0002451612903225806
DDPM,2000,TGGTGA,0.00025806451612903227
DDPM,2000,TGGTGC,0.0001870967741935484
DDPM,2000,TGGTGG,0.0002774193548387097
DDPM,2000,TGGTGT,0.00023870967741935483
DDPM,2000,TGGTTA,0.0002645161290322581
DDPM,2000,TGGTTC,0.00038064516129032255
DDPM,2000,TGGTTG,0.00030967741935483873
DDPM,2000,TGGTTT,0.0006645161290322581
DDPM,2000,TGTAAA,0.00030967741935483873
DDPM,2000,TGTAAC,0.0001935483870967742
DDPM,2000,TGTAAG,0.0002
DDPM,2000,TGTAAT,0.00034838709677419355
DDPM,2000,TGTACA,0.0001935483870967742
DDPM,2000,TGTACC,0.00011612903225806452
DDPM,2000,TGTACG,7.741935483870968e-05
DDPM,2000,TGTACT,0.0001870967741935484
DDPM,2000,TGTAGA,0.0002645161290322581
DDPM,2000,TGTAGC,0.00011612903225806452
DDPM,2000,TGTAGG,0.00013548387096774193
DDPM,2000,TGTAGT,0.00013548387096774193
DDPM,2000,TGTATA,0.0002838709677419355
DDPM,2000,TGTATC,0.00023225806451612904
DDPM,2000,TGTATG,0.00010967741935483871
DDPM,2000,TGTATT,0.000432258064516129
DDPM,2000,TGTCAA,0.00034838709677419355
DDPM,2000,TGTCAC,0.00021935483870967742
DDPM,2000,TGTCAG,9.032258064516129e-05
DDPM,2000,TGTCAT,0.00029032258064516127
DDPM,2000,TGTCCA,0.0001935483870967742
DDPM,2000,TGTCCC,9.032258064516129e-05
DDPM,2000,TGTCCG,0.0001032258064516129
DDPM,2000,TGTCCT,0.00017419354838709678
DDPM,2000,TGTCGA,0.00023870967741935483
DDPM,2000,TGTCGC,6.451612903225807e-05
DDPM,2000,TGTCGG,0.00010967741935483871
DDPM,2000,TGTCGT,0.00025806451612903227
DDPM,2000,TGTCTA,0.00021290322580645163
DDPM,2000,TGTCTC,0.00047741935483870966
DDPM,2000,TGTCTG,0.0002451612903225806
DDPM,2000,TGTCTT,0.00046451612903225807
DDPM,2000,TGTGAA,0.0002774193548387097
DDPM,2000,TGTGAC,0.00016774193548387096
DDPM,2000,TGTGAG,0.00016129032258064516
DDPM,2000,TGTGAT,0.0003741935483870968
DDPM,2000,TGTGCA,5.806451612903226e-05
DDPM,2000,TGTGCC,0.00010967741935483871
DDPM,2000,TGTGCG,4.516129032258064e-05
DDPM,2000,TGTGCT,0.00017419354838709678
DDPM,2000,TGTGGA,0.00021290322580645163
DDPM,2000,TGTGGC,0.00014838709677419355
DDPM,2000,TGTGGG,0.00010967741935483871
DDPM,2000,TGTGGT,0.00021935483870967742
DDPM,2000,TGTGTA,0.0001870967741935484
DDPM,2000,TGTGTC,0.00021290322580645163
DDPM,2000,TGTGTG,0.00034193548387096773
DDPM,2000,TGTGTT,0.0005935483870967742
DDPM,2000,TGTTAA,0.00036774193548387097
DDPM,2000,TGTTAC,0.0002645161290322581
DDPM,2000,TGTTAG,0.0002645161290322581
DDPM,2000,TGTTAT,0.00036129032258064514
DDPM,2000,TGTTCA,0.00034193548387096773
DDPM,2000,TGTTCC,0.0003225806451612903
DDPM,2000,TGTTCG,0.00023870967741935483
DDPM,2000,TGTTCT,0.0005096774193548387
DDPM,2000,TGTTGA,0.00041935483870967743
DDPM,2000,TGTTGC,0.00023870967741935483
DDPM,2000,TGTTGG,0.00027096774193548386
DDPM,2000,TGTTGT,0.0005096774193548387
DDPM,2000,TGTTTA,0.0006
DDPM,2000,TGTTTC,0.0009225806451612903
DDPM,2000,TGTTTG,0.0005032258064516129
DDPM,2000,TGTTTT,0.0013935483870967742
DDPM,2000,TTAAAA,0.0009290322580645161
DDPM,2000,TTAAAC,0.00034838709677419355
DDPM,2000,TTAAAG,0.0004903225806451613
DDPM,2000,TTAAAT,0.0007419354838709677
DDPM,2000,TTAACA,0.00034838709677419355
DDPM,2000,TTAACC,0.00034193548387096773
DDPM,2000,TTAACG,0.0002064516129032258
DDPM,2000,TTAACT,0.00025806451612903227
DDPM,2000,TTAAGA,0.0002967741935483871
DDPM,2000,TTAAGC,0.00023870967741935483
DDPM,2000,TTAAGG,0.00018064516129032257
DDPM,2000,TTAAGT,0.00032903225806451614
DDPM,2000,TTAATA,0.0005290322580645162
DDPM,2000,TTAATC,0.0005483870967741936
DDPM,2000,TTAATG,0.00032903225806451614
DDPM,2000,TTAATT,0.0007612903225806451
DDPM,2000,TTACAA,0.0004967741935483871
DDPM,2000,TTACAC,0.0002967741935483871
DDPM,2000,TTACAG,0.00013548387096774193
DDPM,2000,TTACAT,0.00038064516129032255
DDPM,2000,TTACCA,0.00027096774193548386
DDPM,2000,TTACCC,0.00021935483870967742
DDPM,2000,TTACCG,0.00021935483870967742
DDPM,2000,TTACCT,0.0002645161290322581
DDPM,2000,TTACGA,0.0002451612903225806
DDPM,2000,TTACGC,0.0001225806451612903
DDPM,2000,TTACGG,0.00016129032258064516
DDPM,2000,TTACGT,0.00022580645161290321
DDPM,2000,TTACTA,0.0002774193548387097
DDPM,2000,TTACTC,0.0004129032258064516
DDPM,2000,TTACTG,0.00017419354838709678
DDPM,2000,TTACTT,0.000535483870967742
DDPM,2000,TTAGAA,0.00038064516129032255
DDPM,2000,TTAGAC,0.00023870967741935483
DDPM,2000,TTAGAG,0.00029032258064516127
DDPM,2000,TTAGAT,0.0004838709677419355
DDPM,2000,TTAGCA,0.00016129032258064516
DDPM,2000,TTAGCC,0.00029032258064516127
DDPM,2000,TTAGCG,0.00013548387096774193
DDPM,2000,TTAGCT,0.00036774193548387097
DDPM,2000,TTAGGA,0.00016129032258064516
DDPM,2000,TTAGGC,0.00012903225806451613
DDPM,2000,TTAGGG,0.00022580645161290321
DDPM,2000,TTAGGT,0.00021935483870967742
DDPM,2000,TTAGTA,0.0002967741935483871
DDPM,2000,TTAGTC,0.00027096774193548386
DDPM,2000,TTAGTG,0.00017419354838709678
DDPM,2000,TTAGTT,0.0004967741935483871
DDPM,2000,TTATAA,0.0005935483870967742
DDPM,2000,TTATAC,0.0002774193548387097
DDPM,2000,TTATAG,0.0002774193548387097
DDPM,2000,TTATAT,0.0006774193548387097
DDPM,2000,TTATCA,0.0005225806451612903
DDPM,2000,TTATCC,0.0003870967741935484
DDPM,2000,TTATCG,0.00023870967741935483
DDPM,2000,TTATCT,0.0005419354838709677
DDPM,2000,TTATGA,0.0004129032258064516
DDPM,2000,TTATGC,0.00013548387096774193
DDPM,2000,TTATGG,0.00034838709677419355
DDPM,2000,TTATGT,0.0004
DDPM,2000,TTATTA,0.0007483870967741936
DDPM,2000,TTATTC,0.0006193548387096775
DDPM,2000,TTATTG,0.0004709677419354839
DDPM,2000,TTATTT,0.0013612903225806452
DDPM,2000,TTCAAA,0.001
DDPM,2000,TTCAAC,0.0004709677419354839
DDPM,2000,TTCAAG,0.00032903225806451614
DDPM,2000,TTCAAT,0.0006387096774193549
DDPM,2000,TTCACA,0.0003870967741935484
DDPM,2000,TTCACC,0.0003548387096774194
DDPM,2000,TTCACG,0.00025806451612903227
DDPM,2000,TTCACT,0.00046451612903225807
DDPM,2000,TTCAGA,0.00036774193548387097
DDPM,2000,TTCAGC,0.00018064516129032257
DDPM,2000,TTCAGG,0.00014193548387096775
DDPM,2000,TTCAGT,0.0003161290322580645
DDPM,2000,TTCATA,0.0004
DDPM,2000,TTCATC,0.0008
DDPM,2000,TTCATG,0.00029032258064516127
DDPM,2000,TTCATT,0.0009483870967741936
DDPM,2000,TTCCAA,0.0006451612903225806
DDPM,2000,TTCCAC,0.0004129032258064516
DDPM,2000,TTCCAG,0.0002774193548387097
DDPM,2000,TTCCAT,0.0006064516129032258
DDPM,2000,TTCCCA,0.0004
DDPM,2000,TTCCCC,0.0001935483870967742
DDPM,2000,TTCCCG,0.00014838709677419355
DDPM,2000,TTCCCT,0.0004
DDPM,2000,TTCCGA,0.0004129032258064516
DDPM,2000,TTCCGC,0.0001935483870967742
DDPM,2000,TTCCGG,0.00025806451612903227
DDPM,2000,TTCCGT,0.00023225806451612904
DDPM,2000,TTCCTA,0.0003548387096774194
DDPM,2000,TTCCTC,0.000864516129032258
DDPM,2000,TTCCTG,0.00022580645161290321
DDPM,2000,TTCCTT,0.0007354838709677419
DDPM,2000,TTCGAA,0.00041935483870967743
DDPM,2000,TTCGAC,0.00027096774193548386
DDPM,2000,TTCGAG,0.00029032258064516127
DDPM,2000,TTCGAT,0.0006129032258064516
DDPM,2000,TTCGCA,0.0001935483870967742
DDPM,2000,TTCGCC,0.00023870967741935483
DDPM,2000,TTCGCG,9.67741935483871e-05
DDPM,2000,TTCGCT,0.0002451612903225806
DDPM,2000,TTCGGA,0.00030967741935483873
DDPM,2000,TTCGGC,0.00018064516129032257
DDPM,2000,TTCGGG,0.00016774193548387096
DDPM,2000,TTCGGT,0.0003741935483870968
DDPM,2000,TTCGTA,0.00025161290322580645
DDPM,2000,TTCGTC,0.00045161290322580643
DDPM,2000,TTCGTG,0.00025806451612903227
DDPM,2000,TTCGTT,0.0006645161290322581
DDPM,2000,TTCTAA,0.00038064516129032255
DDPM,2000,TTCTAC,0.0003548387096774194
DDPM,2000,TTCTAG,0.00025161290322580645
DDPM,2000,TTCTAT,0.0006193548387096775
DDPM,2000,TTCTCA,0.0007419354838709677
DDPM,2000,TTCTCC,0.000832258064516129
DDPM,2000,TTCTCG,0.0005161290322580645
DDPM,2000,TTCTCT,0.0015483870967741935
DDPM,2000,TTCTGA,0.0004709677419354839
DDPM,2000,TTCTGC,0.0002645161290322581
DDPM,2000,TTCTGG,0.0002967741935483871
DDPM,2000,TTCTGT,0.0007096774193548388
DDPM,2000,TTCTTA,0.0007354838709677419
DDPM,2000,TTCTTC,0.0018903225806451613
DDPM,2000,TTCTTG,0.0005741935483870968
DDPM,2000,TTCTTT,0.001535483870967742
DDPM,2000,TTGAAA,0.0006
DDPM,2000,TTGAAC,0.00029032258064516127
DDPM,2000,TTGAAG,0.0004838709677419355
DDPM,2000,TTGAAT,0.000632258064516129
DDPM,2000,TTGACA,0.0002645161290322581
DDPM,2000,TTGACC,0.0002
DDPM,2000,TTGACG,0.00015483870967741937
DDPM,2000,TTGACT,0.0002967741935483871
DDPM,2000,TTGAGA,0.0003548387096774194
DDPM,2000,TTGAGC,0.0002064516129032258
DDPM,2000,TTGAGG,0.00021290322580645163
DDPM,2000,TTGAGT,0.0003225806451612903
DDPM,2000,TTGATA,0.00036129032258064514
DDPM,2000,TTGATC,0.00046451612903225807
DDPM,2000,TTGATG,0.0004064516129032258
DDPM,2000,TTGATT,0.0011225806451612903
DDPM,2000,TTGCAA,0.0002451612903225806
DDPM,2000,TTGCAC,7.741935483870968e-05
DDPM,2000,TTGCAG,0.00014838709677419355
DDPM,2000,TTGCAT,0.0002064516129032258
DDPM,2000,TTGCCA,0.00025806451612903227
DDPM,2000,TTGCCC,9.032258064516129e-05
DDPM,2000,TTGCCG,0.00016129032258064516
DDPM,2000,TTGCCT,0.00023225806451612904
DDPM,2000,TTGCGA,0.00013548387096774193
DDPM,2000,TTGCGC,5.806451612903226e-05
DDPM,2000,TTGCGG,0.00010967741935483871
DDPM,2000,TTGCGT,0.0002
DDPM,2000,TTGCTA,0.0001935483870967742
DDPM,2000,TTGCTC,0.00038064516129032255
DDPM,2000,TTGCTG,0.00023870967741935483
DDPM,2000,TTGCTT,0.0007096774193548388
DDPM,2000,TTGGAA,0.000432258064516129
DDPM,2000,TTGGAC,0.00022580645161290321
DDPM,2000,TTGGAG,0.00021935483870967742
DDPM,2000,TTGGAT,0.00045161290322580643
DDPM,2000,TTGGCA,0.0001935483870967742
DDPM,2000,TTGGCC,0.00018064516129032257
DDPM,2000,TTGGCG,9.032258064516129e-05
DDPM,2000,TTGGCT,0.00023870967741935483
DDPM,2000,TTGGGA,0.00023225806451612904
DDPM,2000,TTGGGC,0.00023225806451612904
DDPM,2000,TTGGGG,0.0001225806451612903
DDPM,2000,TTGGGT,0.0003225806451612903
DDPM,2000,TTGGTA,0.0003161290322580645
DDPM,2000,TTGGTC,0.0002838709677419355
DDPM,2000,TTGGTG,0.0003161290322580645
DDPM,2000,TTGGTT,0.0007032258064516129
DDPM,2000,TTGTAA,0.0003935483870967742
DDPM,2000,TTGTAC,0.00025161290322580645
DDPM,2000,TTGTAG,0.0002645161290322581
DDPM,2000,TTGTAT,0.00045161290322580643
DDPM,2000,TTGTCA,0.0003870967741935484
DDPM,2000,TTGTCC,0.0001935483870967742
DDPM,2000,TTGTCG,0.00023225806451612904
DDPM,2000,TTGTCT,0.0005612903225806451
DDPM,2000,TTGTGA,0.0003354838709677419
DDPM,2000,TTGTGC,0.00014193548387096775
DDPM,2000,TTGTGG,0.00025161290322580645
DDPM,2000,TTGTGT,0.000535483870967742
DDPM,2000,TTGTTA,0.0005290322580645162
DDPM,2000,TTGTTC,0.0006193548387096775
DDPM,2000,TTGTTG,0.0006967741935483871
DDPM,2000,TTGTTT,0.0014451612903225806
DDPM,2000,TTTAAA,0.0007419354838709677
DDPM,2000,TTTAAC,0.0004
DDPM,2000,TTTAAG,0.0003225806451612903
DDPM,2000,TTTAAT,0.0007354838709677419
DDPM,2000,TTTACA,0.0005032258064516129
DDPM,2000,TTTACC,0.0003741935483870968
DDPM,2000,TTTACG,0.00027096774193548386
DDPM,2000,TTTACT,0.0004838709677419355
DDPM,2000,TTTAGA,0.00043870967741935484
DDPM,2000,TTTAGC,0.00038064516129032255
DDPM,2000,TTTAGG,0.00025806451612903227
DDPM,2000,TTTAGT,0.00044516129032258066
DDPM,2000,TTTATA,0.0007161290322580645
DDPM,2000,TTTATC,0.0006838709677419355
DDPM,2000,TTTATG,0.0005612903225806451
DDPM,2000,TTTATT,0.0013548387096774194
DDPM,2000,TTTCAA,0.0008258064516129032
DDPM,2000,TTTCAC,0.0006387096774193549
DDPM,2000,TTTCAG,0.00036774193548387097
DDPM,2000,TTTCAT,0.0009032258064516129
DDPM,2000,TTTCCA,0.0006451612903225806
DDPM,2000,TTTCCC,0.00046451612903225807
DDPM,2000,TTTCCG,0.0004129032258064516
DDPM,2000,TTTCCT,0.0008903225806451613
DDPM,2000,TTTCGA,0.0005935483870967742
DDPM,2000,TTTCGC,0.00023870967741935483
DDPM,2000,TTTCGG,0.00036774193548387097
DDPM,2000,TTTCGT,0.0006193548387096775
DDPM,2000,TTTCTA,0.0006709677419354838
DDPM,2000,TTTCTC,0.0013935483870967742
DDPM,2000,TTTCTG,0.0006064516129032258
DDPM,2000,TTTCTT,0.0019225806451612904
DDPM,2000,TTTGAA,0.0008387096774193549
DDPM,2000,TTTGAC,0.0002967741935483871
DDPM,2000,TTTGAG,0.0004
DDPM,2000,TTTGAT,0.0010387096774193548
DDPM,2000,TTTGCA,0.00021290322580645163
DDPM,2000,TTTGCC,0.0002645161290322581
DDPM,2000,TTTGCG,0.0001935483870967742
DDPM,2000,TTTGCT,0.0006903225806451613
DDPM,2000,TTTGGA,0.0005483870967741936
DDPM,2000,TTTGGC,0.0002645161290322581
DDPM,2000,TTTGGG,0.0003741935483870968
DDPM,2000,TTTGGT,0.000767741935483871
DDPM,2000,TTTGTA,0.0006193548387096775
DDPM,2000,TTTGTC,0.0006129032258064516
DDPM,2000,TTTGTG,0.0005290322580645162
DDPM,2000,TTTGTT,0.0015225806451612902
DDPM,2000,TTTTAA,0.0008709677419354839
DDPM,2000,TTTTAC,0.0006774193548387097
DDPM,2000,TTTTAG,0.0005096774193548387
DDPM,2000,TTTTAT,0.0012838709677419355
DDPM,2000,TTTTCA,0.0009612903225806452
DDPM,2000,TTTTCC,0.0008967741935483871
DDPM,2000,TTTTCG,0.0006903225806451613
DDPM,2000,TTTTCT,0.0017741935483870969
DDPM,2000,TTTTGA,0.0009225806451612903
DDPM,2000,TTTTGC,0.0005741935483870968
DDPM,2000,TTTTGG,0.0008516129032258065
DDPM,2000,TTTTGT,0.001535483870967742
DDPM,2000,TTTTTA,0.0013290322580645161
DDPM,2000,TTTTTC,0.0018129032258064517
DDPM,2000,TTTTTG,0.0013806451612903227
DDPM,2000,TTTTTT,0.0038129032258064515
DiT,1050,AAAAAA,0.002329032258064516
DiT,1050,AAAAAC,0.0008709677419354839
DiT,1050,AAAAAG,0.0009741935483870967
DiT,1050,AAAAAT,0.001103225806451613
DiT,1050,AAAACA,0.0007548387096774193
DiT,1050,AAAACC,0.0007096774193548388
DiT,1050,AAAACG,0.0004064516129032258
DiT,1050,AAAACT,0.0004967741935483871
DiT,1050,AAAAGA,0.0009548387096774193
DiT,1050,AAAAGC,0.00030967741935483873
DiT,1050,AAAAGG,0.00034838709677419355
DiT,1050,AAAAGT,0.0005741935483870968
DiT,1050,AAAATA,0.0007161290322580645
DiT,1050,AAAATC,0.0006838709677419355
DiT,1050,AAAATG,0.0004967741935483871
DiT,1050,AAAATT,0.0010064516129032258
DiT,1050,AAACAA,0.0006903225806451613
DiT,1050,AAACAC,0.0004129032258064516
DiT,1050,AAACAG,0.00023870967741935483
DiT,1050,AAACAT,0.00042580645161290325
DiT,1050,AAACCA,0.0005290322580645162
DiT,1050,AAACCC,0.0004709677419354839
DiT,1050,AAACCG,0.00045161290322580643
DiT,1050,AAACCT,0.00034193548387096773
DiT,1050,AAACGA,0.0003161290322580645
DiT,1050,AAACGC,0.0001935483870967742
DiT,1050,AAACGG,0.0002967741935483871
DiT,1050,AAACGT,0.00027096774193548386
DiT,1050,AAACTA,0.0002774193548387097
DiT,1050,AAACTC,0.00036129032258064514
DiT,1050,AAACTG,0.00021290322580645163
DiT,1050,AAACTT,0.0004967741935483871
DiT,1050,AAAGAA,0.0009741935483870967
DiT,1050,AAAGAC,0.0003032258064516129
DiT,1050,AAAGAG,0.0005870967741935484
DiT,1050,AAAGAT,0.0006064516129032258
DiT,1050,AAAGCA,0.0003225806451612903
DiT,1050,AAAGCC,0.00029032258064516127
DiT,1050,AAAGCG,0.00018064516129032257
DiT,1050,AAAGCT,0.0003354838709677419
DiT,1050,AAAGGA,0.00041935483870967743
DiT,1050,AAAGGC,0.0002
DiT,1050,AAAGGG,0.00014193548387096775
DiT,1050,AAAGGT,0.00018064516129032257
DiT,1050,AAAGTA,0.00034838709677419355
DiT,1050,AAAGTC,0.0003354838709677419
DiT,1050,AAAGTG,0.00025161290322580645
DiT,1050,AAAGTT,0.0004967741935483871
DiT,1050,AAATAA,0.0006258064516129032
DiT,1050,AAATAC,0.00025806451612903227
DiT,1050,AAATAG,0.00021935483870967742
DiT,1050,AAATAT,0.0005612903225806451
DiT,1050,AAATCA,0.0005741935483870968
DiT,1050,AAATCC,0.00042580645161290325
DiT,1050,AAATCG,0.000432258064516129
DiT,1050,AAATCT,0.0007161290322580645
DiT,1050,AAATGA,0.0003354838709677419
DiT,1050,AAATGC,0.00021935483870967742
DiT,1050,AAATGG,0.0003741935483870968
DiT,1050,AAATGT,0.00034193548387096773
DiT,1050,AAATTA,0.0005419354838709677
DiT,1050,AAATTC,0.0004903225806451613
DiT,1050,AAATTG,0.0004709677419354839
DiT,1050,AAATTT,0.0011548387096774193
DiT,1050,AACAAA,0.0007032258064516129
DiT,1050,AACAAC,0.00044516129032258066
DiT,1050,AACAAG,0.0003870967741935484
DiT,1050,AACAAT,0.00032903225806451614
DiT,1050,AACACA,0.0004838709677419355
DiT,1050,AACACC,0.00032903225806451614
DiT,1050,AACACG,0.00016129032258064516
DiT,1050,AACACT,0.0002064516129032258
DiT,1050,AACAGA,0.0002838709677419355
DiT,1050,AACAGC,0.0001935483870967742
DiT,1050,AACAGG,0.00011612903225806452
DiT,1050,AACAGT,0.00018064516129032257
DiT,1050,AACATA,0.0002838709677419355
DiT,1050,AACATC,0.0002967741935483871
DiT,1050,AACATG,0.0002451612903225806
DiT,1050,AACATT,0.00030967741935483873
DiT,1050,AACCAA,0.0004838709677419355
DiT,1050,AACCAC,0.00036129032258064514
DiT,1050,AACCAG,0.00022580645161290321
DiT,1050,AACCAT,0.00034193548387096773
DiT,1050,AACCCA,0.00041935483870967743
DiT,1050,AACCCC,0.00016129032258064516
DiT,1050,AACCCG,0.00021290322580645163
DiT,1050,AACCCT,0.00027096774193548386
DiT,1050,AACCGA,0.00030967741935483873
DiT,1050,AACCGC,0.00015483870967741937
DiT,1050,AACCGG,0.00034838709677419355
DiT,1050,AACCGT,0.0002451612903225806
DiT,1050,AACCTA,0.00017419354838709678
DiT,1050,AACCTC,0.00036129032258064514
DiT,1050,AACCTG,0.00012903225806451613
DiT,1050,AACCTT,0.0002774193548387097
DiT,1050,AACGAA,0.0003225806451612903
DiT,1050,AACGAC,0.00025161290322580645
DiT,1050,AACGAG,0.0002
DiT,1050,AACGAT,0.0003225806451612903
DiT,1050,AACGCA,9.032258064516129e-05
DiT,1050,AACGCC,0.00015483870967741937
DiT,1050,AACGCG,7.741935483870968e-05
DiT,1050,AACGCT,0.00014838709677419355
DiT,1050,AACGGA,0.00027096774193548386
DiT,1050,AACGGC,0.00021935483870967742
DiT,1050,AACGGG,7.741935483870968e-05
DiT,1050,AACGGT,0.00021935483870967742
DiT,1050,AACGTA,0.00013548387096774193
DiT,1050,AACGTC,0.00025806451612903227
DiT,1050,AACGTG,0.00017419354838709678
DiT,1050,AACGTT,0.00021935483870967742
DiT,1050,AACTAA,0.0002838709677419355
DiT,1050,AACTAC,0.0001935483870967742
DiT,1050,AACTAG,0.00015483870967741937
DiT,1050,AACTAT,0.0002
DiT,1050,AACTCA,0.00034838709677419355
DiT,1050,AACTCC,0.00030967741935483873
DiT,1050,AACTCG,0.00014838709677419355
DiT,1050,AACTCT,0.0003548387096774194
DiT,1050,AACTGA,0.00017419354838709678
DiT,1050,AACTGC,0.00012903225806451613
DiT,1050,AACTGG,0.00012903225806451613
DiT,1050,AACTGT,0.0002064516129032258
DiT,1050,AACTTA,0.00025161290322580645
DiT,1050,AACTTC,0.0003935483870967742
DiT,1050,AACTTG,0.0002774193548387097
DiT,1050,AACTTT,0.000432258064516129
DiT,1050,AAGAAA,0.0013096774193548388
DiT,1050,AAGAAC,0.0003354838709677419
DiT,1050,AAGAAG,0.0012064516129032259
DiT,1050,AAGAAT,0.0004967741935483871
DiT,1050,AAGACA,0.0003354838709677419
DiT,1050,AAGACC,0.00021290322580645163
DiT,1050,AAGACG,0.00023870967741935483
DiT,1050,AAGACT,0.0002967741935483871
DiT,1050,AAGAGA,0.0008774193548387097
DiT,1050,AAGAGC,0.0003225806451612903
DiT,1050,AAGAGG,0.0003161290322580645
DiT,1050,AAGAGT,0.0003935483870967742
DiT,1050,AAGATA,0.00043870967741935484
DiT,1050,AAGATC,0.0005612903225806451
DiT,1050,AAGATG,0.00044516129032258066
DiT,1050,AAGATT,0.0006774193548387097
DiT,1050,AAGCAA,0.00044516129032258066
DiT,1050,AAGCAC,0.00014193548387096775
DiT,1050,AAGCAG,0.00042580645161290325
DiT,1050,AAGCAT,0.00014838709677419355
DiT,1050,AAGCCA,0.0002774193548387097
DiT,1050,AAGCCC,0.00022580645161290321
DiT,1050,AAGCCG,0.00027096774193548386
DiT,1050,AAGCCT,0.00023870967741935483
DiT,1050,AAGCGA,0.00025161290322580645
DiT,1050,AAGCGC,6.451612903225807e-05
DiT,1050,AAGCGG,0.00014838709677419355
DiT,1050,AAGCGT,0.00018064516129032257
DiT,1050,AAGCTA,0.00029032258064516127
DiT,1050,AAGCTC,0.0003032258064516129
DiT,1050,AAGCTG,0.0002774193548387097
DiT,1050,AAGCTT,0.0005741935483870968
DiT,1050,AAGGAA,0.0005548387096774194
DiT,1050,AAGGAC,0.0001870967741935484
DiT,1050,AAGGAG,0.0003870967741935484
DiT,1050,AAGGAT,0.00025806451612903227
DiT,1050,AAGGCA,0.00013548387096774193
DiT,1050,AAGGCC,0.0002064516129032258
DiT,1050,AAGGCG,0.00011612903225806452
DiT,1050,AAGGCT,0.00016774193548387096
DiT,1050,AAGGGA,0.00021290322580645163
DiT,1050,AAGGGC,6.451612903225807e-05
DiT,1050,AAGGGG,8.387096774193548e-05
DiT,1050,AAGGGT,0.00018064516129032257
DiT,1050,AAGGTA,0.00012903225806451613
DiT,1050,AAGGTC,0.0001225806451612903
DiT,1050,AAGGTG,0.0001225806451612903
DiT,1050,AAGGTT,0.00021290322580645163
DiT,1050,AAGTAA,0.0003354838709677419
DiT,1050,AAGTAC,6.451612903225807e-05
DiT,1050,AAGTAG,0.00025806451612903227
DiT,1050,AAGTAT,0.0002645161290322581
DiT,1050,AAGTCA,0.0002774193548387097
DiT,1050,AAGTCC,0.0002451612903225806
DiT,1050,AAGTCG,0.00017419354838709678
DiT,1050,AAGTCT,0.00029032258064516127
DiT,1050,AAGTGA,0.00022580645161290321
DiT,1050,AAGTGC,9.67741935483871e-05
DiT,1050,AAGTGG,0.0002064516129032258
DiT,1050,AAGTGT,0.0001935483870967742
DiT,1050,AAGTTA,0.00025161290322580645
DiT,1050,AAGTTC,0.0002774193548387097
DiT,1050,AAGTTG,0.00036774193548387097
DiT,1050,AAGTTT,0.0005612903225806451
DiT,1050,AATAAA,0.0005806451612903225
DiT,1050,AATAAC,0.00027096774193548386
DiT,1050,AATAAG,0.0002774193548387097
DiT,1050,AATAAT,0.0006
DiT,1050,AATACA,0.00023870967741935483
DiT,1050,AATACC,0.0001870967741935484
DiT,1050,AATACG,0.0001225806451612903
DiT,1050,AATACT,0.0001935483870967742
DiT,1050,AATAGA,0.00027096774193548386
DiT,1050,AATAGC,0.00021935483870967742
DiT,1050,AATAGG,5.806451612903226e-05
DiT,1050,AATAGT,0.00023225806451612904
DiT,1050,AATATA,0.000432258064516129
DiT,1050,AATATC,0.0002645161290322581
DiT,1050,AATATG,0.00030967741935483873
DiT,1050,AATATT,0.0005419354838709677
DiT,1050,AATCAA,0.0004967741935483871
DiT,1050,AATCAC,0.0003354838709677419
DiT,1050,AATCAG,0.00032903225806451614
DiT,1050,AATCAT,0.00041935483870967743
DiT,1050,AATCCA,0.00046451612903225807
DiT,1050,AATCCC,0.00025161290322580645
DiT,1050,AATCCG,0.00038064516129032255
DiT,1050,AATCCT,0.00041935483870967743
DiT,1050,AATCGA,0.00046451612903225807
DiT,1050,AATCGC,0.0002451612903225806
DiT,1050,AATCGG,0.00021935483870967742
DiT,1050,AATCGT,0.00030967741935483873
DiT,1050,AATCTA,0.00036774193548387097
DiT,1050,AATCTC,0.0007290322580645162
DiT,1050,AATCTG,0.00034838709677419355
DiT,1050,AATCTT,0.0006
DiT,1050,AATGAA,0.0003870967741935484
DiT,1050,AATGAC,0.0002645161290322581
DiT,1050,AATGAG,0.00022580645161290321
DiT,1050,AATGAT,0.0003548387096774194
DiT,1050,AATGCA,0.00014838709677419355
DiT,1050,AATGCC,9.67741935483871e-05
DiT,1050,AATGCG,9.032258064516129e-05
DiT,1050,AATGCT,0.00021290322580645163
DiT,1050,AATGGA,0.00034193548387096773
DiT,1050,AATGGC,0.00022580645161290321
DiT,1050,AATGGG,0.00023870967741935483
DiT,1050,AATGGT,0.0003225806451612903
DiT,1050,AATGTA,0.00021935483870967742
DiT,1050,AATGTC,0.00027096774193548386
DiT,1050,AATGTG,0.0001870967741935484
DiT,1050,AATGTT,0.0003161290322580645
DiT,1050,AATTAA,0.0004838709677419355
DiT,1050,AATTAC,0.00025806451612903227
DiT,1050,AATTAG,0.0002774193548387097
DiT,1050,AATTAT,0.0004967741935483871
DiT,1050,AATTCA,0.0005548387096774194
DiT,1050,AATTCC,0.0004
DiT,1050,AATTCG,0.00023870967741935483
DiT,1050,AATTCT,0.0005161290322580645
DiT,1050,AATTGA,0.00036129032258064514
DiT,1050,AATTGC,0.0002774193548387097
DiT,1050,AATTGG,0.0002838709677419355
DiT,1050,AATTGT,0.0003935483870967742
DiT,1050,AATTTA,0.0006451612903225806
DiT,1050,AATTTC,0.0006903225806451613
DiT,1050,AATTTG,0.0005806451612903225
DiT,1050,AATTTT,0.0011935483870967741
DiT,1050,ACAAAA,0.0007548387096774193
DiT,1050,ACAAAC,0.0003161290322580645
DiT,1050,ACAAAG,0.000432258064516129
DiT,1050,ACAAAT,0.00036129032258064514
DiT,1050,ACAACA,0.0005225806451612903
DiT,1050,ACAACC,0.00018064516129032257
DiT,1050,ACAACG,0.00025806451612903227
DiT,1050,ACAACT,0.0003032258064516129
DiT,1050,ACAAGA,0.000432258064516129
DiT,1050,ACAAGC,0.00027096774193548386
DiT,1050,ACAAGG,0.00016129032258064516
DiT,1050,ACAAGT,0.00023870967741935483
DiT,1050,ACAATA,0.00029032258064516127
DiT,1050,ACAATC,0.00036129032258064514
DiT,1050,ACAATG,0.00021935483870967742
DiT,1050,ACAATT,0.00034838709677419355
DiT,1050,ACACAA,0.0004
DiT,1050,ACACAC,0.0004
DiT,1050,ACACAG,0.00016129032258064516
DiT,1050,ACACAT,0.0002967741935483871
DiT,1050,ACACCA,0.00038064516129032255
DiT,1050,ACACCC,0.00012903225806451613
DiT,1050,ACACCG,0.0002967741935483871
DiT,1050,ACACCT,0.0002451612903225806
DiT,1050,ACACGA,0.0001032258064516129
DiT,1050,ACACGC,0.00012903225806451613
DiT,1050,ACACGG,9.67741935483871e-05
DiT,1050,ACACGT,0.00022580645161290321
DiT,1050,ACACTA,0.00012903225806451613
DiT,1050,ACACTC,0.0002
DiT,1050,ACACTG,7.096774193548388e-05
DiT,1050,ACACTT,0.00021290322580645163
DiT,1050,ACAGAA,0.0003225806451612903
DiT,1050,ACAGAC,0.00014193548387096775
DiT,1050,ACAGAG,0.0002645161290322581
DiT,1050,ACAGAT,0.00025806451612903227
DiT,1050,ACAGCA,0.00017419354838709678
DiT,1050,ACAGCC,0.0001032258064516129
DiT,1050,ACAGCG,0.0001225806451612903
DiT,1050,ACAGCT,0.0001032258064516129
DiT,1050,ACAGGA,0.00012903225806451613
DiT,1050,ACAGGC,5.161290322580645e-05
DiT,1050,ACAGGG,4.516129032258064e-05
DiT,1050,ACAGGT,0.00010967741935483871
DiT,1050,ACAGTA,0.00010967741935483871
DiT,1050,ACAGTC,0.00016129032258064516
DiT,1050,ACAGTG,0.00014193548387096775
DiT,1050,ACAGTT,0.00017419354838709678
DiT,1050,ACATAA,0.00023225806451612904
DiT,1050,ACATAC,0.00014193548387096775
DiT,1050,ACATAG,0.00014838709677419355
DiT,1050,ACATAT,0.0002
DiT,1050,ACATCA,0.0004064516129032258
DiT,1050,ACATCC,9.67741935483871e-05
DiT,1050,ACATCG,0.0002
DiT,1050,ACATCT,0.0002967741935483871
DiT,1050,ACATGA,0.00023870967741935483
DiT,1050,ACATGC,7.741935483870968e-05
DiT,1050,ACATGG,0.00015483870967741937
DiT,1050,ACATGT,0.00023225806451612904
DiT,1050,ACATTA,0.00023870967741935483
DiT,1050,ACATTC,0.00016774193548387096
DiT,1050,ACATTG,0.00023870967741935483
DiT,1050,ACATTT,0.00036774193548387097
DiT,1050,ACCAAA,0.00046451612903225807
DiT,1050,ACCAAC,0.00034193548387096773
DiT,1050,ACCAAG,0.0001870967741935484
DiT,1050,ACCAAT,0.0003935483870967742
DiT,1050,ACCACA,0.00030967741935483873
DiT,1050,ACCACC,0.00042580645161290325
DiT,1050,ACCACG,0.0001935483870967742
DiT,1050,ACCACT,0.00023870967741935483
DiT,1050,ACCAGA,0.0002774193548387097
DiT,1050,ACCAGC,0.00018064516129032257
DiT,1050,ACCAGG,5.806451612903226e-05
DiT,1050,ACCAGT,0.00014193548387096775
DiT,1050,ACCATA,0.00021290322580645163
DiT,1050,ACCATC,0.00036774193548387097
DiT,1050,ACCATG,0.0001935483870967742
DiT,1050,ACCATT,0.00034193548387096773
DiT,1050,ACCCAA,0.0004903225806451613
DiT,1050,ACCCAC,0.00015483870967741937
DiT,1050,ACCCAG,7.741935483870968e-05
DiT,1050,ACCCAT,0.00017419354838709678
DiT,1050,ACCCCA,0.00014193548387096775
DiT,1050,ACCCCC,0.0001032258064516129
DiT,1050,ACCCCG,8.387096774193548e-05
DiT,1050,ACCCCT,8.387096774193548e-05
DiT,1050,ACCCGA,0.0002064516129032258
DiT,1050,ACCCGC,5.161290322580645e-05
DiT,1050,ACCCGG,9.67741935483871e-05
DiT,1050,ACCCGT,0.0001032258064516129
DiT,1050,ACCCTA,0.00012903225806451613
DiT,1050,ACCCTC,0.00016774193548387096
DiT,1050,ACCCTG,7.096774193548388e-05
DiT,1050,ACCCTT,0.0002774193548387097
DiT,1050,ACCGAA,0.00021290322580645163
DiT,1050,ACCGAC,0.0001870967741935484
DiT,1050,ACCGAG,0.0001935483870967742
DiT,1050,ACCGAT,0.00036774193548387097
DiT,1050,ACCGCA,0.00013548387096774193
DiT,1050,ACCGCC,0.00036129032258064514
DiT,1050,ACCGCG,0.00012903225806451613
DiT,1050,ACCGCT,0.00016774193548387096
DiT,1050,ACCGGA,0.00034193548387096773
DiT,1050,ACCGGC,0.00022580645161290321
DiT,1050,ACCGGG,0.00010967741935483871
DiT,1050,ACCGGT,0.00022580645161290321
DiT,1050,ACCGTA,0.00013548387096774193
DiT,1050,ACCGTC,0.00036774193548387097
DiT,1050,ACCGTG,6.451612903225807e-05
DiT,1050,ACCGTT,0.00029032258064516127
DiT,1050,ACCTAA,0.0002451612903225806
DiT,1050,ACCTAC,0.00016129032258064516
DiT,1050,ACCTAG,7.096774193548388e-05
DiT,1050,ACCTAT,0.00018064516129032257
DiT,1050,ACCTCA,0.00025806451612903227
DiT,1050,ACCTCC,0.0003354838709677419
DiT,1050,ACCTCG,0.0001225806451612903
DiT,1050,ACCTCT,0.00036129032258064514
DiT,1050,ACCTGA,7.741935483870968e-05
DiT,1050,ACCTGC,0.00010967741935483871
DiT,1050,ACCTGG,0.0001032258064516129
DiT,1050,ACCTGT,7.741935483870968e-05
DiT,1050,ACCTTA,0.00016774193548387096
DiT,1050,ACCTTC,0.0002774193548387097
DiT,1050,ACCTTG,9.032258064516129e-05
DiT,1050,ACCTTT,0.0002645161290322581
DiT,1050,ACGAAA,0.00021935483870967742
DiT,1050,ACGAAC,0.00014193548387096775
DiT,1050,ACGAAG,0.00036129032258064514
DiT,1050,ACGAAT,0.00025161290322580645
DiT,1050,ACGACA,0.00018064516129032257
DiT,1050,ACGACC,0.00010967741935483871
DiT,1050,ACGACG,0.0003354838709677419
DiT,1050,ACGACT,0.00018064516129032257
DiT,1050,ACGAGA,0.00023870967741935483
DiT,1050,ACGAGC,0.00018064516129032257
DiT,1050,ACGAGG,0.00014193548387096775
DiT,1050,ACGAGT,0.00011612903225806452
DiT,1050,ACGATA,0.0002
DiT,1050,ACGATC,0.0002774193548387097
DiT,1050,ACGATG,0.00034193548387096773
DiT,1050,ACGATT,0.00025806451612903227
DiT,1050,ACGCAA,0.00012903225806451613
DiT,1050,ACGCAC,7.741935483870968e-05
DiT,1050,ACGCAG,9.032258064516129e-05
DiT,1050,ACGCAT,7.096774193548388e-05
DiT,1050,ACGCCA,0.0001032258064516129
DiT,1050,ACGCCC,3.870967741935484e-05
DiT,1050,ACGCCG,0.0002774193548387097
DiT,1050,ACGCCT,6.451612903225807e-05
DiT,1050,ACGCGA,6.451612903225807e-05
DiT,1050,ACGCGC,6.451612903225807e-05
DiT,1050,ACGCGG,0.0001032258064516129
DiT,1050,ACGCGT,8.387096774193548e-05
DiT,1050,ACGCTA,0.0001032258064516129
DiT,1050,ACGCTC,7.096774193548388e-05
DiT,1050,ACGCTG,0.00014193548387096775
DiT,1050,ACGCTT,0.0001935483870967742
DiT,1050,ACGGAA,0.0001935483870967742
DiT,1050,ACGGAC,0.00011612903225806452
DiT,1050,ACGGAG,0.0004
DiT,1050,ACGGAT,0.0002645161290322581
DiT,1050,ACGGCA,0.00012903225806451613
DiT,1050,ACGGCC,0.00010967741935483871
DiT,1050,ACGGCG,0.00036129032258064514
DiT,1050,ACGGCT,0.00016129032258064516
DiT,1050,ACGGGA,6.451612903225807e-05
DiT,1050,ACGGGC,1.935483870967742e-05
DiT,1050,ACGGGG,3.870967741935484e-05
DiT,1050,ACGGGT,0.00013548387096774193
DiT,1050,ACGGTA,0.00014838709677419355
DiT,1050,ACGGTC,0.0001032258064516129
DiT,1050,ACGGTG,0.0002645161290322581
DiT,1050,ACGGTT,0.0001870967741935484
DiT,1050,ACGTAA,0.00017419354838709678
DiT,1050,ACGTAC,7.096774193548388e-05
DiT,1050,ACGTAG,7.096774193548388e-05
DiT,1050,ACGTAT,0.00011612903225806452
DiT,1050,ACGTCA,0.00021935483870967742
DiT,1050,ACGTCC,0.00014838709677419355
DiT,1050,ACGTCG,0.0004129032258064516
DiT,1050,ACGTCT,0.0001935483870967742
DiT,1050,ACGTGA,0.00018064516129032257
DiT,1050,ACGTGC,5.806451612903226e-05
DiT,1050,ACGTGG,0.00011612903225806452
DiT,1050,ACGTGT,0.00021935483870967742
DiT,1050,ACGTTA,0.00012903225806451613
DiT,1050,ACGTTC,0.0002064516129032258
DiT,1050,ACGTTG,0.00018064516129032257
DiT,1050,ACGTTT,0.0002838709677419355
DiT,1050,ACTAAA,0.00036129032258064514
DiT,1050,ACTAAC,0.00018064516129032257
DiT,1050,ACTAAG,0.0001935483870967742
DiT,1050,ACTAAT,0.0003161290322580645
DiT,1050,ACTACA,0.0001870967741935484
DiT,1050,ACTACC,0.0001032258064516129
DiT,1050,ACTACG,0.00016129032258064516
DiT,1050,ACTACT,0.0002774193548387097
DiT,1050,ACTAGA,0.00014193548387096775
DiT,1050,ACTAGC,7.741935483870968e-05
DiT,1050,ACTAGG,7.096774193548388e-05
DiT,1050,ACTAGT,0.0001225806451612903
DiT,1050,ACTATA,0.00014838709677419355
DiT,1050,ACTATC,0.00014838709677419355
DiT,1050,ACTATG,8.387096774193548e-05
DiT,1050,ACTATT,0.0002451612903225806
DiT,1050,ACTCAA,0.000432258064516129
DiT,1050,ACTCAC,0.00023225806451612904
DiT,1050,ACTCAG,0.00021290322580645163
DiT,1050,ACTCAT,0.00022580645161290321
DiT,1050,ACTCCA,0.0002645161290322581
DiT,1050,ACTCCC,0.0001225806451612903
DiT,1050,ACTCCG,0.0003225806451612903
DiT,1050,ACTCCT,0.00025806451612903227
DiT,1050,ACTCGA,0.00016774193548387096
DiT,1050,ACTCGC,0.00014193548387096775
DiT,1050,ACTCGG,9.67741935483871e-05
DiT,1050,ACTCGT,0.00021935483870967742
DiT,1050,ACTCTA,0.0002064516129032258
DiT,1050,ACTCTC,0.0005548387096774194
DiT,1050,ACTCTG,0.00021290322580645163
DiT,1050,ACTCTT,0.0004129032258064516
DiT,1050,ACTGAA,0.00014193548387096775
DiT,1050,ACTGAC,6.451612903225807e-05
DiT,1050,ACTGAG,0.00013548387096774193
DiT,1050,ACTGAT,0.0002
DiT,1050,ACTGCA,7.096774193548388e-05
DiT,1050,ACTGCC,9.032258064516129e-05
DiT,1050,ACTGCG,0.0001032258064516129
DiT,1050,ACTGCT,0.00012903225806451613
DiT,1050,ACTGGA,0.0001225806451612903
DiT,1050,ACTGGC,5.161290322580645e-05
DiT,1050,ACTGGG,7.741935483870968e-05
DiT,1050,ACTGGT,0.00011612903225806452
DiT,1050,ACTGTA,8.387096774193548e-05
DiT,1050,ACTGTC,0.00014193548387096775
DiT,1050,ACTGTG,0.0001032258064516129
DiT,1050,ACTGTT,0.00027096774193548386
DiT,1050,ACTTAA,0.00021935483870967742
DiT,1050,ACTTAC,0.00016129032258064516
DiT,1050,ACTTAG,0.00010967741935483871
DiT,1050,ACTTAT,0.00023870967741935483
DiT,1050,ACTTCA,0.00041935483870967743
DiT,1050,ACTTCC,0.00022580645161290321
DiT,1050,ACTTCG,0.0001870967741935484
DiT,1050,ACTTCT,0.00044516129032258066
DiT,1050,ACTTGA,0.00021935483870967742
DiT,1050,ACTTGC,0.00012903225806451613
DiT,1050,ACTTGG,0.00014838709677419355
DiT,1050,ACTTGT,0.0002967741935483871
DiT,1050,ACTTTA,0.0002645161290322581
DiT,1050,ACTTTC,0.00034193548387096773
DiT,1050,ACTTTG,0.00025161290322580645
DiT,1050,ACTTTT,0.0005483870967741936
DiT,1050,AGAAAA,0.001103225806451613
DiT,1050,AGAAAC,0.00044516129032258066
DiT,1050,AGAAAG,0.0006580645161290323
DiT,1050,AGAAAT,0.0006129032258064516
DiT,1050,AGAACA,0.00027096774193548386
DiT,1050,AGAACC,0.00029032258064516127
DiT,1050,AGAACG,0.00017419354838709678
DiT,1050,AGAACT,0.00025161290322580645
DiT,1050,AGAAGA,0.0014709677419354839
DiT,1050,AGAAGC,0.0006129032258064516
DiT,1050,AGAAGG,0.00046451612903225807
DiT,1050,AGAAGT,0.0004
DiT,1050,AGAATA,0.00023870967741935483
DiT,1050,AGAATC,0.0004129032258064516
DiT,1050,AGAATG,0.0002451612903225806
DiT,1050,AGAATT,0.00038064516129032255
DiT,1050,AGACAA,0.0003741935483870968
DiT,1050,AGACAC,0.0002
DiT,1050,AGACAG,0.00025806451612903227
DiT,1050,AGACAT,0.00018064516129032257
DiT,1050,AGACCA,0.0002064516129032258
DiT,1050,AGACCC,0.00014193548387096775
DiT,1050,AGACCG,0.0001225806451612903
DiT,1050,AGACCT,0.0001032258064516129
DiT,1050,AGACGA,0.0003032258064516129
DiT,1050,AGACGC,8.387096774193548e-05
DiT,1050,AGACGG,0.0002064516129032258
DiT,1050,AGACGT,0.00018064516129032257
DiT,1050,AGACTA,0.00021290322580645163
DiT,1050,AGACTC,0.0001935483870967742
DiT,1050,AGACTG,8.387096774193548e-05
DiT,1050,AGACTT,0.0002064516129032258
DiT,1050,AGAGAA,0.0009225806451612903
DiT,1050,AGAGAC,0.0004129032258064516
DiT,1050,AGAGAG,0.0008967741935483871
DiT,1050,AGAGAT,0.0005741935483870968
DiT,1050,AGAGCA,0.0003354838709677419
DiT,1050,AGAGCC,0.00017419354838709678
DiT,1050,AGAGCG,0.00021290322580645163
DiT,1050,AGAGCT,0.0002774193548387097
DiT,1050,AGAGGA,0.00046451612903225807
DiT,1050,AGAGGC,0.00014838709677419355
DiT,1050,AGAGGG,0.00018064516129032257
DiT,1050,AGAGGT,0.0001935483870967742
DiT,1050,AGAGTA,0.0001870967741935484
DiT,1050,AGAGTC,0.00021935483870967742
DiT,1050,AGAGTG,0.00025806451612903227
DiT,1050,AGAGTT,0.0004129032258064516
DiT,1050,AGATAA,0.0005225806451612903
DiT,1050,AGATAC,0.00017419354838709678
DiT,1050,AGATAG,0.0002451612903225806
DiT,1050,AGATAT,0.0002838709677419355
DiT,1050,AGATCA,0.0005161290322580645
DiT,1050,AGATCC,0.00034193548387096773
DiT,1050,AGATCG,0.00025806451612903227
DiT,1050,AGATCT,0.00042580645161290325
DiT,1050,AGATGA,0.000567741935483871
DiT,1050,AGATGC,0.00021290322580645163
DiT,1050,AGATGG,0.00042580645161290325
DiT,1050,AGATGT,0.00027096774193548386
DiT,1050,AGATTA,0.0003741935483870968
DiT,1050,AGATTC,0.0005741935483870968
DiT,1050,AGATTG,0.0003741935483870968
DiT,1050,AGATTT,0.0007290322580645162
DiT,1050,AGCAAA,0.00034193548387096773
DiT,1050,AGCAAC,0.0003354838709677419
DiT,1050,AGCAAG,0.0002
DiT,1050,AGCAAT,0.0002645161290322581
DiT,1050,AGCACA,8.387096774193548e-05
DiT,1050,AGCACC,0.00013548387096774193
DiT,1050,AGCACG,7.096774193548388e-05
DiT,1050,AGCACT,8.387096774193548e-05
DiT,1050,AGCAGA,0.0004838709677419355
DiT,1050,AGCAGC,0.00029032258064516127
DiT,1050,AGCAGG,8.387096774193548e-05
DiT,1050,AGCAGT,0.00017419354838709678
DiT,1050,AGCATA,0.00014193548387096775
DiT,1050,AGCATC,0.00023225806451612904
DiT,1050,AGCATG,0.0001032258064516129
DiT,1050,AGCATT,0.0001935483870967742
DiT,1050,AGCCAA,0.00027096774193548386
DiT,1050,AGCCAC,0.00016774193548387096
DiT,1050,AGCCAG,9.67741935483871e-05
DiT,1050,AGCCAT,0.0002
DiT,1050,AGCCCA,0.0001935483870967742
DiT,1050,AGCCCC,4.516129032258064e-05
DiT,1050,AGCCCG,6.451612903225807e-05
DiT,1050,AGCCCT,0.00011612903225806452
DiT,1050,AGCCGA,0.0002451612903225806
DiT,1050,AGCCGC,0.0001870967741935484
DiT,1050,AGCCGG,0.00012903225806451613
DiT,1050,AGCCGT,0.00017419354838709678
DiT,1050,AGCCTA,9.67741935483871e-05
DiT,1050,AGCCTC,0.00025161290322580645
DiT,1050,AGCCTG,7.741935483870968e-05
DiT,1050,AGCCTT,0.0002
DiT,1050,AGCGAA,0.00027096774193548386
DiT,1050,AGCGAC,0.00016774193548387096
DiT,1050,AGCGAG,0.0001032258064516129
DiT,1050,AGCGAT,0.00022580645161290321
DiT,1050,AGCGCA,5.161290322580645e-05
DiT,1050,AGCGCC,7.096774193548388e-05
DiT,1050,AGCGCG,3.870967741935484e-05
DiT,1050,AGCGCT,7.096774193548388e-05
DiT,1050,AGCGGA,0.00021935483870967742
DiT,1050,AGCGGC,0.0002064516129032258
DiT,1050,AGCGGG,3.2258064516129034e-05
DiT,1050,AGCGGT,0.00012903225806451613
DiT,1050,AGCGTA,0.00013548387096774193
DiT,1050,AGCGTC,0.00011612903225806452
DiT,1050,AGCGTG,8.387096774193548e-05
DiT,1050,AGCGTT,0.00015483870967741937
DiT,1050,AGCTAA,0.0002064516129032258
DiT,1050,AGCTAC,0.0002451612903225806
DiT,1050,AGCTAG,0.00016129032258064516
DiT,1050,AGCTAT,0.00021935483870967742
DiT,1050,AGCTCA,0.00022580645161290321
DiT,1050,AGCTCC,0.00030967741935483873
DiT,1050,AGCTCG,0.0001935483870967742
DiT,1050,AGCTCT,0.00034838709677419355
DiT,1050,AGCTGA,0.00025161290322580645
DiT,1050,AGCTGC,0.00017419354838709678
DiT,1050,AGCTGG,0.00010967741935483871
DiT,1050,AGCTGT,0.00023225806451612904
DiT,1050,AGCTTA,0.00021290322580645163
DiT,1050,AGCTTC,0.0005548387096774194
DiT,1050,AGCTTG,0.0002451612903225806
DiT,1050,AGCTTT,0.0004709677419354839
DiT,1050,AGGAAA,0.000432258064516129
DiT,1050,AGGAAC,0.00022580645161290321
DiT,1050,AGGAAG,0.0004064516129032258
DiT,1050,AGGAAT,0.0002838709677419355
DiT,1050,AGGACA,0.00014193548387096775
DiT,1050,AGGACC,0.00011612903225806452
DiT,1050,AGGACG,9.67741935483871e-05
DiT,1050,AGGACT,0.00011612903225806452
DiT,1050,AGGAGA,0.0005483870967741936
DiT,1050,AGGAGC,0.0002
DiT,1050,AGGAGG,0.00030967741935483873
DiT,1050,AGGAGT,0.0001870967741935484
DiT,1050,AGGATA,0.00014193548387096775
DiT,1050,AGGATC,0.0001935483870967742
DiT,1050,AGGATG,0.00018064516129032257
DiT,1050,AGGATT,0.0003161290322580645
DiT,1050,AGGCAA,0.00010967741935483871
DiT,1050,AGGCAC,3.870967741935484e-05
DiT,1050,AGGCAG,7.096774193548388e-05
DiT,1050,AGGCAT,7.741935483870968e-05
DiT,1050,AGGCCA,0.00012903225806451613
DiT,1050,AGGCCC,9.67741935483871e-05
DiT,1050,AGGCCG,0.00013548387096774193
DiT,1050,AGGCCT,9.032258064516129e-05
DiT,1050,AGGCGA,0.00012903225806451613
DiT,1050,AGGCGC,5.161290322580645e-05
DiT,1050,AGGCGG,0.00018064516129032257
DiT,1050,AGGCGT,7.096774193548388e-05
DiT,1050,AGGCTA,9.032258064516129e-05
DiT,1050,AGGCTC,0.00012903225806451613
DiT,1050,AGGCTG,5.161290322580645e-05
DiT,1050,AGGCTT,0.00023225806451612904
DiT,1050,AGGGAA,0.0001870967741935484
DiT,1050,AGGGAC,6.451612903225807e-05
DiT,1050,AGGGAG,0.00027096774193548386
DiT,1050,AGGGAT,0.00014838709677419355
DiT,1050,AGGGCA,7.096774193548388e-05
DiT,1050,AGGGCC,7.096774193548388e-05
DiT,1050,AGGGCG,3.2258064516129034e-05
DiT,1050,AGGGCT,7.741935483870968e-05
DiT,1050,AGGGGA,9.032258064516129e-05
DiT,1050,AGGGGC,3.870967741935484e-05
DiT,1050,AGGGGG,3.870967741935484e-05
DiT,1050,AGGGGT,9.032258064516129e-05
DiT,1050,AGGGTA,7.741935483870968e-05
DiT,1050,AGGGTC,7.741935483870968e-05
DiT,1050,AGGGTG,0.0001032258064516129
DiT,1050,AGGGTT,0.00025806451612903227
DiT,1050,AGGTAA,0.0001225806451612903
DiT,1050,AGGTAC,7.741935483870968e-05
DiT,1050,AGGTAG,0.0001225806451612903
DiT,1050,AGGTAT,0.00011612903225806452
DiT,1050,AGGTCA,0.00014193548387096775
DiT,1050,AGGTCC,3.2258064516129034e-05
DiT,1050,AGGTCG,9.67741935483871e-05
DiT,1050,AGGTCT,0.00016129032258064516
DiT,1050,AGGTGA,0.0001935483870967742
DiT,1050,AGGTGC,4.516129032258064e-05
DiT,1050,AGGTGG,0.00016129032258064516
DiT,1050,AGGTGT,7.096774193548388e-05
DiT,1050,AGGTTA,0.0001870967741935484
DiT,1050,AGGTTC,0.00017419354838709678
DiT,1050,AGGTTG,0.00015483870967741937
DiT,1050,AGGTTT,0.00034838709677419355
DiT,1050,AGTAAA,0.0003225806451612903
DiT,1050,AGTAAC,0.0001935483870967742
DiT,1050,AGTAAG,0.00015483870967741937
DiT,1050,AGTAAT,0.00025161290322580645
DiT,1050,AGTACA,6.451612903225807e-05
DiT,1050,AGTACC,7.741935483870968e-05
DiT,1050,AGTACG,7.741935483870968e-05
DiT,1050,AGTACT,6.451612903225807e-05
DiT,1050,AGTAGA,0.00027096774193548386
DiT,1050,AGTAGC,0.00011612903225806452
DiT,1050,AGTAGG,9.032258064516129e-05
DiT,1050,AGTAGT,0.00018064516129032257
DiT,1050,AGTATA,0.00016129032258064516
DiT,1050,AGTATC,0.0001870967741935484
DiT,1050,AGTATG,0.0001225806451612903
DiT,1050,AGTATT,0.0002064516129032258
DiT,1050,AGTCAA,0.00023870967741935483
DiT,1050,AGTCAC,0.00015483870967741937
DiT,1050,AGTCAG,0.00010967741935483871
DiT,1050,AGTCAT,0.0003161290322580645
DiT,1050,AGTCCA,0.00022580645161290321
DiT,1050,AGTCCC,8.387096774193548e-05
DiT,1050,AGTCCG,9.67741935483871e-05
DiT,1050,AGTCCT,0.00013548387096774193
DiT,1050,AGTCGA,0.0001870967741935484
DiT,1050,AGTCGC,7.096774193548388e-05
DiT,1050,AGTCGG,0.00014193548387096775
DiT,1050,AGTCGT,0.00021935483870967742
DiT,1050,AGTCTA,0.00018064516129032257
DiT,1050,AGTCTC,0.00022580645161290321
DiT,1050,AGTCTG,0.00012903225806451613
DiT,1050,AGTCTT,0.0002838709677419355
DiT,1050,AGTGAA,0.0002967741935483871
DiT,1050,AGTGAC,0.00017419354838709678
DiT,1050,AGTGAG,0.00023870967741935483
DiT,1050,AGTGAT,0.00025161290322580645
DiT,1050,AGTGCA,0.00012903225806451613
DiT,1050,AGTGCC,6.451612903225807e-05
DiT,1050,AGTGCG,6.451612903225807e-05
DiT,1050,AGTGCT,7.741935483870968e-05
DiT,1050,AGTGGA,0.00021935483870967742
DiT,1050,AGTGGC,0.00012903225806451613
DiT,1050,AGTGGG,0.00011612903225806452
DiT,1050,AGTGGT,0.0001870967741935484
DiT,1050,AGTGTA,0.0001032258064516129
DiT,1050,AGTGTC,0.0001225806451612903
DiT,1050,AGTGTG,0.0002
DiT,1050,AGTGTT,0.00027096774193548386
DiT,1050,AGTTAA,0.0002774193548387097
DiT,1050,AGTTAC,0.00016129032258064516
DiT,1050,AGTTAG,0.00016129032258064516
DiT,1050,AGTTAT,0.0001935483870967742
DiT,1050,AGTTCA,0.00027096774193548386
DiT,1050,AGTTCC,0.00021290322580645163
DiT,1050,AGTTCG,0.00018064516129032257
DiT,1050,AGTTCT,0.0002838709677419355
DiT,1050,AGTTGA,0.0003161290322580645
DiT,1050,AGTTGC,0.00022580645161290321
DiT,1050,AGTTGG,0.00025161290322580645
DiT,1050,AGTTGT,0.0003161290322580645
DiT,1050,AGTTTA,0.00030967741935483873
DiT,1050,AGTTTC,0.000432258064516129
DiT,1050,AGTTTG,0.0003032258064516129
DiT,1050,AGTTTT,0.0005935483870967742
DiT,1050,ATAAAA,0.0007096774193548388
DiT,1050,ATAAAC,0.00029032258064516127
DiT,1050,ATAAAG,0.0003354838709677419
DiT,1050,ATAAAT,0.0005096774193548387
DiT,1050,ATAACA,0.00025161290322580645
DiT,1050,ATAACC,0.00025806451612903227
DiT,1050,ATAACG,0.0001870967741935484
DiT,1050,ATAACT,0.0002451612903225806
DiT,1050,ATAAGA,0.00030967741935483873
DiT,1050,ATAAGC,0.00015483870967741937
DiT,1050,ATAAGG,0.0001225806451612903
DiT,1050,ATAAGT,0.00021290322580645163
DiT,1050,ATAATA,0.00041935483870967743
DiT,1050,ATAATC,0.00036774193548387097
DiT,1050,ATAATG,0.00022580645161290321
DiT,1050,ATAATT,0.0004129032258064516
DiT,1050,ATACAA,0.00034838709677419355
DiT,1050,ATACAC,0.0001225806451612903
DiT,1050,ATACAG,9.032258064516129e-05
DiT,1050,ATACAT,0.0002967741935483871
DiT,1050,ATACCA,0.00014838709677419355
DiT,1050,ATACCC,0.00014193548387096775
DiT,1050,ATACCG,0.00016774193548387096
DiT,1050,ATACCT,0.00013548387096774193
DiT,1050,ATACGA,0.00012903225806451613
DiT,1050,ATACGC,9.67741935483871e-05
DiT,1050,ATACGG,0.0001032258064516129
DiT,1050,ATACGT,6.451612903225807e-05
DiT,1050,ATACTA,0.00011612903225806452
DiT,1050,ATACTC,0.00022580645161290321
DiT,1050,ATACTG,0.00010967741935483871
DiT,1050,ATACTT,0.00023225806451612904
DiT,1050,ATAGAA,0.00023870967741935483
DiT,1050,ATAGAC,0.00012903225806451613
DiT,1050,ATAGAG,0.0002645161290322581
DiT,1050,ATAGAT,0.0002774193548387097
DiT,1050,ATAGCA,0.0002
DiT,1050,ATAGCC,0.00013548387096774193
DiT,1050,ATAGCG,9.67741935483871e-05
DiT,1050,ATAGCT,0.0002064516129032258
DiT,1050,ATAGGA,0.00014193548387096775
DiT,1050,ATAGGC,5.806451612903226e-05
DiT,1050,ATAGGG,9.032258064516129e-05
DiT,1050,ATAGGT,9.67741935483871e-05
DiT,1050,ATAGTA,0.00016774193548387096
DiT,1050,ATAGTC,0.00014193548387096775
DiT,1050,ATAGTG,0.00012903225806451613
DiT,1050,ATAGTT,0.0002967741935483871
DiT,1050,ATATAA,0.0004129032258064516
DiT,1050,ATATAC,0.00014838709677419355
DiT,1050,ATATAG,0.0002064516129032258
DiT,1050,ATATAT,0.0006516129032258064
DiT,1050,ATATCA,0.0002838709677419355
DiT,1050,ATATCC,0.00021290322580645163
DiT,1050,ATATCG,0.0001870967741935484
DiT,1050,ATATCT,0.0003354838709677419
DiT,1050,ATATGA,0.00021935483870967742
DiT,1050,ATATGC,9.67741935483871e-05
DiT,1050,ATATGG,0.00025161290322580645
DiT,1050,ATATGT,0.0002774193548387097
DiT,1050,ATATTA,0.0003225806451612903
DiT,1050,ATATTC,0.0003032258064516129
DiT,1050,ATATTG,0.00025161290322580645
DiT,1050,ATATTT,0.0006516129032258064
DiT,1050,ATCAAA,0.0005612903225806451
DiT,1050,ATCAAC,0.00029032258064516127
DiT,1050,ATCAAG,0.0003548387096774194
DiT,1050,ATCAAT,0.00044516129032258066
DiT,1050,ATCACA,0.00030967741935483873
DiT,1050,ATCACC,0.0005096774193548387
DiT,1050,ATCACG,0.00017419354838709678
DiT,1050,ATCACT,0.0004064516129032258
DiT,1050,ATCAGA,0.00044516129032258066
DiT,1050,ATCAGC,0.00022580645161290321
DiT,1050,ATCAGG,0.00018064516129032257
DiT,1050,ATCAGT,0.00023225806451612904
DiT,1050,ATCATA,0.0002645161290322581
DiT,1050,ATCATC,0.0006387096774193549
DiT,1050,ATCATG,0.00029032258064516127
DiT,1050,ATCATT,0.00042580645161290325
DiT,1050,ATCCAA,0.0005612903225806451
DiT,1050,ATCCAC,0.00032903225806451614
DiT,1050,ATCCAG,0.00017419354838709678
DiT,1050,ATCCAT,0.00023225806451612904
DiT,1050,ATCCCA,0.0002774193548387097
DiT,1050,ATCCCC,0.00013548387096774193
DiT,1050,ATCCCG,0.00014838709677419355
DiT,1050,ATCCCT,0.00014838709677419355
DiT,1050,ATCCGA,0.0003225806451612903
DiT,1050,ATCCGC,0.00023870967741935483
DiT,1050,ATCCGG,0.0002645161290322581
DiT,1050,ATCCGT,0.0002645161290322581
DiT,1050,ATCCTA,0.00023225806451612904
DiT,1050,ATCCTC,0.000535483870967742
DiT,1050,ATCCTG,0.00015483870967741937
DiT,1050,ATCCTT,0.0003935483870967742
DiT,1050,ATCGAA,0.00034193548387096773
DiT,1050,ATCGAC,0.0002838709677419355
DiT,1050,ATCGAG,0.00023225806451612904
DiT,1050,ATCGAT,0.0005161290322580645
DiT,1050,ATCGCA,0.0001870967741935484
DiT,1050,ATCGCC,0.0002451612903225806
DiT,1050,ATCGCG,0.00015483870967741937
DiT,1050,ATCGCT,0.0003032258064516129
DiT,1050,ATCGGA,0.00030967741935483873
DiT,1050,ATCGGC,0.00021935483870967742
DiT,1050,ATCGGG,9.032258064516129e-05
DiT,1050,ATCGGT,0.00016774193548387096
DiT,1050,ATCGTA,0.00013548387096774193
DiT,1050,ATCGTC,0.0003741935483870968
DiT,1050,ATCGTG,0.0001870967741935484
DiT,1050,ATCGTT,0.0003870967741935484
DiT,1050,ATCTAA,0.0002967741935483871
DiT,1050,ATCTAC,0.00027096774193548386
DiT,1050,ATCTAG,0.0002064516129032258
DiT,1050,ATCTAT,0.0002451612903225806
DiT,1050,ATCTCA,0.00047741935483870966
DiT,1050,ATCTCC,0.0006193548387096775
DiT,1050,ATCTCG,0.0003161290322580645
DiT,1050,ATCTCT,0.0009032258064516129
DiT,1050,ATCTGA,0.0004
DiT,1050,ATCTGC,0.0001935483870967742
DiT,1050,ATCTGG,0.00022580645161290321
DiT,1050,ATCTGT,0.00036129032258064514
DiT,1050,ATCTTA,0.00034193548387096773
DiT,1050,ATCTTC,0.0008387096774193549
DiT,1050,ATCTTG,0.0002967741935483871
DiT,1050,ATCTTT,0.0006709677419354838
DiT,1050,ATGAAA,0.0003935483870967742
DiT,1050,ATGAAC,0.0001870967741935484
DiT,1050,ATGAAG,0.0005741935483870968
DiT,1050,ATGAAT,0.0003741935483870968
DiT,1050,ATGACA,0.0002064516129032258
DiT,1050,ATGACC,0.0001870967741935484
DiT,1050,ATGACG,0.00027096774193548386
DiT,1050,ATGACT,0.00021290322580645163
DiT,1050,ATGAGA,0.0003548387096774194
DiT,1050,ATGAGC,0.00015483870967741937
DiT,1050,ATGAGG,0.00016129032258064516
DiT,1050,ATGAGT,0.00023225806451612904
DiT,1050,ATGATA,0.00023870967741935483
DiT,1050,ATGATC,0.00036774193548387097
DiT,1050,ATGATG,0.0004129032258064516
DiT,1050,ATGATT,0.0004709677419354839
DiT,1050,ATGCAA,0.00016129032258064516
DiT,1050,ATGCAC,9.032258064516129e-05
DiT,1050,ATGCAG,7.096774193548388e-05
DiT,1050,ATGCAT,0.00016129032258064516
DiT,1050,ATGCCA,0.00012903225806451613
DiT,1050,ATGCCC,6.451612903225807e-05
DiT,1050,ATGCCG,0.00013548387096774193
DiT,1050,ATGCCT,7.741935483870968e-05
DiT,1050,ATGCGA,9.032258064516129e-05
DiT,1050,ATGCGC,5.161290322580645e-05
DiT,1050,ATGCGG,8.387096774193548e-05
DiT,1050,ATGCGT,0.0001032258064516129
DiT,1050,ATGCTA,0.00016129032258064516
DiT,1050,ATGCTC,0.00016129032258064516
DiT,1050,ATGCTG,0.0001225806451612903
DiT,1050,ATGCTT,0.00025161290322580645
DiT,1050,ATGGAA,0.00034838709677419355
DiT,1050,ATGGAC,0.0001935483870967742
DiT,1050,ATGGAG,0.00038064516129032255
DiT,1050,ATGGAT,0.0002645161290322581
DiT,1050,ATGGCA,0.00010967741935483871
DiT,1050,ATGGCC,0.00013548387096774193
DiT,1050,ATGGCG,0.0002838709677419355
DiT,1050,ATGGCT,0.00034838709677419355
DiT,1050,ATGGGA,0.00021290322580645163
DiT,1050,ATGGGC,0.00014838709677419355
DiT,1050,ATGGGG,0.0001225806451612903
DiT,1050,ATGGGT,0.0001935483870967742
DiT,1050,ATGGTA,0.00016774193548387096
DiT,1050,ATGGTC,0.0002
DiT,1050,ATGGTG,0.0003548387096774194
DiT,1050,ATGGTT,0.0003870967741935484
DiT,1050,ATGTAA,0.00022580645161290321
DiT,1050,ATGTAC,0.00011612903225806452
DiT,1050,ATGTAG,0.00017419354838709678
DiT,1050,ATGTAT,0.00025161290322580645
DiT,1050,ATGTCA,0.00023870967741935483
DiT,1050,ATGTCC,0.00010967741935483871
DiT,1050,ATGTCG,0.00015483870967741937
DiT,1050,ATGTCT,0.00032903225806451614
DiT,1050,ATGTGA,0.0002774193548387097
DiT,1050,ATGTGC,8.387096774193548e-05
DiT,1050,ATGTGG,0.00021290322580645163
DiT,1050,ATGTGT,0.0002645161290322581
DiT,1050,ATGTTA,0.00023225806451612904
DiT,1050,ATGTTC,0.00030967741935483873
DiT,1050,ATGTTG,0.0002451612903225806
DiT,1050,ATGTTT,0.0004
DiT,1050,ATTAAA,0.0005290322580645162
DiT,1050,ATTAAC,0.0002967741935483871
DiT,1050,ATTAAG,0.00018064516129032257
DiT,1050,ATTAAT,0.00046451612903225807
DiT,1050,ATTACA,0.0002838709677419355
DiT,1050,ATTACC,0.0002774193548387097
DiT,1050,ATTACG,0.00014193548387096775
DiT,1050,ATTACT,0.00027096774193548386
DiT,1050,ATTAGA,0.0003354838709677419
DiT,1050,ATTAGC,0.00018064516129032257
DiT,1050,ATTAGG,0.00016774193548387096
DiT,1050,ATTAGT,0.0002774193548387097
DiT,1050,ATTATA,0.0003741935483870968
DiT,1050,ATTATC,0.0002838709677419355
DiT,1050,ATTATG,0.0003032258064516129
DiT,1050,ATTATT,0.0006387096774193549
DiT,1050,ATTCAA,0.0005548387096774194
DiT,1050,ATTCAC,0.00029032258064516127
DiT,1050,ATTCAG,0.00023870967741935483
DiT,1050,ATTCAT,0.0004903225806451613
DiT,1050,ATTCCA,0.0003870967741935484
DiT,1050,ATTCCC,0.00021935483870967742
DiT,1050,ATTCCG,0.0002967741935483871
DiT,1050,ATTCCT,0.00030967741935483873
DiT,1050,ATTCGA,0.0002645161290322581
DiT,1050,ATTCGC,0.0001225806451612903
DiT,1050,ATTCGG,0.0002451612903225806
DiT,1050,ATTCGT,0.00036129032258064514
DiT,1050,ATTCTA,0.0003161290322580645
DiT,1050,ATTCTC,0.0005161290322580645
DiT,1050,ATTCTG,0.00029032258064516127
DiT,1050,ATTCTT,0.0006516129032258064
DiT,1050,ATTGAA,0.0003870967741935484
DiT,1050,ATTGAC,0.00029032258064516127
DiT,1050,ATTGAG,0.0002838709677419355
DiT,1050,ATTGAT,0.00036129032258064514
DiT,1050,ATTGCA,0.00015483870967741937
DiT,1050,ATTGCC,0.00014193548387096775
DiT,1050,ATTGCG,0.0001225806451612903
DiT,1050,ATTGCT,0.0003354838709677419
DiT,1050,ATTGGA,0.00036774193548387097
DiT,1050,ATTGGC,0.00018064516129032257
DiT,1050,ATTGGG,0.0001935483870967742
DiT,1050,ATTGGT,0.0002967741935483871
DiT,1050,ATTGTA,0.0002645161290322581
DiT,1050,ATTGTC,0.0002645161290322581
DiT,1050,ATTGTG,0.00027096774193548386
DiT,1050,ATTGTT,0.0004838709677419355
DiT,1050,ATTTAA,0.0005548387096774194
DiT,1050,ATTTAC,0.0003161290322580645
DiT,1050,ATTTAG,0.0002967741935483871
DiT,1050,ATTTAT,0.0006451612903225806
DiT,1050,ATTTCA,0.0006774193548387097
DiT,1050,ATTTCC,0.0004064516129032258
DiT,1050,ATTTCG,0.00036129032258064514
DiT,1050,ATTTCT,0.0007354838709677419
DiT,1050,ATTTGA,0.0005032258064516129
DiT,1050,ATTTGC,0.0003161290322580645
DiT,1050,ATTTGG,0.00038064516129032255
DiT,1050,ATTTGT,0.0005483870967741936
DiT,1050,ATTTTA,0.0005935483870967742
DiT,1050,ATTTTC,0.0008129032258064516
DiT,1050,ATTTTG,0.0006774193548387097
DiT,1050,ATTTTT,0.0014516129032258066
DiT,1050,CAAAAA,0.0009612903225806452
DiT,1050,CAAAAC,0.0005612903225806451
DiT,1050,CAAAAG,0.0003935483870967742
DiT,1050,CAAAAT,0.0007096774193548388
DiT,1050,CAAACA,0.0003548387096774194
DiT,1050,CAAACC,0.0003935483870967742
DiT,1050,CAAACG,0.0001935483870967742
DiT,1050,CAAACT,0.0002838709677419355
DiT,1050,CAAAGA,0.00045161290322580643
DiT,1050,CAAAGC,0.0003741935483870968
DiT,1050,CAAAGG,0.00021935483870967742
DiT,1050,CAAAGT,0.0002645161290322581
DiT,1050,CAAATA,0.00032903225806451614
DiT,1050,CAAATC,0.0005806451612903225
DiT,1050,CAAATG,0.0002064516129032258
DiT,1050,CAAATT,0.000567741935483871
DiT,1050,CAACAA,0.0006258064516129032
DiT,1050,CAACAC,0.00034838709677419355
DiT,1050,CAACAG,0.00022580645161290321
DiT,1050,CAACAT,0.0003225806451612903
DiT,1050,CAACCA,0.00030967741935483873
DiT,1050,CAACCC,0.00014838709677419355
DiT,1050,CAACCG,0.00018064516129032257
DiT,1050,CAACCT,0.00025161290322580645
DiT,1050,CAACGA,0.00036129032258064514
DiT,1050,CAACGC,0.00016129032258064516
DiT,1050,CAACGG,0.00021935483870967742
DiT,1050,CAACGT,0.0002
DiT,1050,CAACTA,0.00021290322580645163
DiT,1050,CAACTC,0.0003870967741935484
DiT,1050,CAACTG,0.00013548387096774193
DiT,1050,CAACTT,0.0003354838709677419
DiT,1050,CAAGAA,0.0004838709677419355
DiT,1050,CAAGAC,0.00023225806451612904
DiT,1050,CAAGAG,0.0002967741935483871
DiT,1050,CAAGAT,0.0003870967741935484
DiT,1050,CAAGCA,0.00025161290322580645
DiT,1050,CAAGCC,0.0002451612903225806
DiT,1050,CAAGCG,0.00013548387096774193
DiT,1050,CAAGCT,0.0002838709677419355
DiT,1050,CAAGGA,0.00027096774193548386
DiT,1050,CAAGGC,0.00012903225806451613
DiT,1050,CAAGGG,7.096774193548388e-05
DiT,1050,CAAGGT,0.00010967741935483871
DiT,1050,CAAGTA,0.0001870967741935484
DiT,1050,CAAGTC,0.0002451612903225806
DiT,1050,CAAGTG,0.00012903225806451613
DiT,1050,CAAGTT,0.00027096774193548386
DiT,1050,CAATAA,0.00038064516129032255
DiT,1050,CAATAC,0.0002064516129032258
DiT,1050,CAATAG,0.00022580645161290321
DiT,1050,CAATAT,0.00030967741935483873
DiT,1050,CAATCA,0.00030967741935483873
DiT,1050,CAATCC,0.0004129032258064516
DiT,1050,CAATCG,0.0001870967741935484
DiT,1050,CAATCT,0.0005096774193548387
DiT,1050,CAATGA,0.0003548387096774194
DiT,1050,CAATGC,0.00011612903225806452
DiT,1050,CAATGG,0.0002774193548387097
DiT,1050,CAATGT,0.00022580645161290321
DiT,1050,CAATTA,0.0003032258064516129
DiT,1050,CAATTC,0.0005483870967741936
DiT,1050,CAATTG,0.00022580645161290321
DiT,1050,CAATTT,0.0006645161290322581
DiT,1050,CACAAA,0.00045806451612903225
DiT,1050,CACAAC,0.00030967741935483873
DiT,1050,CACAAG,0.00023225806451612904
DiT,1050,CACAAT,0.0003161290322580645
DiT,1050,CACACA,0.00041935483870967743
DiT,1050,CACACC,0.0003225806451612903
DiT,1050,CACACG,0.00015483870967741937
DiT,1050,CACACT,0.0001225806451612903
DiT,1050,CACAGA,0.00022580645161290321
DiT,1050,CACAGC,0.00013548387096774193
DiT,1050,CACAGG,7.741935483870968e-05
DiT,1050,CACAGT,0.00014838709677419355
DiT,1050,CACATA,0.00013548387096774193
DiT,1050,CACATC,0.00034193548387096773
DiT,1050,CACATG,0.00014838709677419355
DiT,1050,CACATT,0.00025161290322580645
DiT,1050,CACCAA,0.00036129032258064514
DiT,1050,CACCAC,0.0005161290322580645
DiT,1050,CACCAG,0.0002
DiT,1050,CACCAT,0.0004129032258064516
DiT,1050,CACCCA,0.00014838709677419355
DiT,1050,CACCCC,8.387096774193548e-05
DiT,1050,CACCCG,7.096774193548388e-05
DiT,1050,CACCCT,0.0001032258064516129
DiT,1050,CACCGA,0.0003548387096774194
DiT,1050,CACCGC,0.00045161290322580643
DiT,1050,CACCGG,0.0002774193548387097
DiT,1050,CACCGT,0.00032903225806451614
DiT,1050,CACCTA,0.00016774193548387096
DiT,1050,CACCTC,0.00038064516129032255
DiT,1050,CACCTG,9.032258064516129e-05
DiT,1050,CACCTT,0.0002451612903225806
DiT,1050,CACGAA,0.00017419354838709678
DiT,1050,CACGAC,9.032258064516129e-05
DiT,1050,CACGAG,0.00011612903225806452
DiT,1050,CACGAT,0.00011612903225806452
DiT,1050,CACGCA,7.741935483870968e-05
DiT,1050,CACGCC,0.0001225806451612903
DiT,1050,CACGCG,9.67741935483871e-05
DiT,1050,CACGCT,0.00015483870967741937
DiT,1050,CACGGA,9.67741935483871e-05
DiT,1050,CACGGC,0.00017419354838709678
DiT,1050,CACGGG,3.870967741935484e-05
DiT,1050,CACGGT,0.00012903225806451613
DiT,1050,CACGTA,5.161290322580645e-05
DiT,1050,CACGTC,0.0002645161290322581
DiT,1050,CACGTG,0.00017419354838709678
DiT,1050,CACGTT,0.0002
DiT,1050,CACTAA,0.00023225806451612904
DiT,1050,CACTAC,0.0002064516129032258
DiT,1050,CACTAG,7.741935483870968e-05
DiT,1050,CACTAT,0.00015483870967741937
DiT,1050,CACTCA,0.0002645161290322581
DiT,1050,CACTCC,0.00027096774193548386
DiT,1050,CACTCG,0.00018064516129032257
DiT,1050,CACTCT,0.00038064516129032255
DiT,1050,CACTGA,0.00016129032258064516
DiT,1050,CACTGC,9.67741935483871e-05
DiT,1050,CACTGG,5.806451612903226e-05
DiT,1050,CACTGT,0.00016129032258064516
DiT,1050,CACTTA,0.00015483870967741937
DiT,1050,CACTTC,0.0002967741935483871
DiT,1050,CACTTG,0.0001225806451612903
DiT,1050,CACTTT,0.0003225806451612903
DiT,1050,CAGAAA,0.00034838709677419355
DiT,1050,CAGAAC,0.00025806451612903227
DiT,1050,CAGAAG,0.0005096774193548387
DiT,1050,CAGAAT,0.00021290322580645163
DiT,1050,CAGACA,0.0001935483870967742
DiT,1050,CAGACC,0.00011612903225806452
DiT,1050,CAGACG,0.0001032258064516129
DiT,1050,CAGACT,0.00010967741935483871
DiT,1050,CAGAGA,0.00047741935483870966
DiT,1050,CAGAGC,0.00023870967741935483
DiT,1050,CAGAGG,0.0001935483870967742
DiT,1050,CAGAGT,0.0002064516129032258
DiT,1050,CAGATA,0.00022580645161290321
DiT,1050,CAGATC,0.0003741935483870968
DiT,1050,CAGATG,0.00029032258064516127
DiT,1050,CAGATT,0.00045161290322580643
DiT,1050,CAGCAA,0.00027096774193548386
DiT,1050,CAGCAC,0.0001032258064516129
DiT,1050,CAGCAG,0.00023225806451612904
DiT,1050,CAGCAT,0.0001032258064516129
DiT,1050,CAGCCA,0.0001870967741935484
DiT,1050,CAGCCC,2.5806451612903226e-05
DiT,1050,CAGCCG,0.00016774193548387096
DiT,1050,CAGCCT,0.0001225806451612903
DiT,1050,CAGCGA,0.0001935483870967742
DiT,1050,CAGCGC,5.161290322580645e-05
DiT,1050,CAGCGG,0.0001870967741935484
DiT,1050,CAGCGT,0.0001225806451612903
DiT,1050,CAGCTA,0.0002
DiT,1050,CAGCTC,0.00016774193548387096
DiT,1050,CAGCTG,0.00014838709677419355
DiT,1050,CAGCTT,0.0002451612903225806
DiT,1050,CAGGAA,0.00014838709677419355
DiT,1050,CAGGAC,6.451612903225807e-05
DiT,1050,CAGGAG,0.00011612903225806452
DiT,1050,CAGGAT,0.0001032258064516129
DiT,1050,CAGGCA,1.2903225806451613e-05
DiT,1050,CAGGCC,5.161290322580645e-05
DiT,1050,CAGGCG,0.0001225806451612903
DiT,1050,CAGGCT,5.806451612903226e-05
DiT,1050,CAGGGA,8.387096774193548e-05
DiT,1050,CAGGGC,3.870967741935484e-05
DiT,1050,CAGGGG,5.161290322580645e-05
DiT,1050,CAGGGT,5.161290322580645e-05
DiT,1050,CAGGTA,5.806451612903226e-05
DiT,1050,CAGGTC,0.00010967741935483871
DiT,1050,CAGGTG,5.161290322580645e-05
DiT,1050,CAGGTT,0.0001225806451612903
DiT,1050,CAGTAA,0.00021290322580645163
DiT,1050,CAGTAC,5.806451612903226e-05
DiT,1050,CAGTAG,0.00010967741935483871
DiT,1050,CAGTAT,0.0001032258064516129
DiT,1050,CAGTCA,0.00016129032258064516
DiT,1050,CAGTCC,7.096774193548388e-05
DiT,1050,CAGTCG,0.00015483870967741937
DiT,1050,CAGTCT,0.00017419354838709678
DiT,1050,CAGTGA,0.00021935483870967742
DiT,1050,CAGTGC,9.032258064516129e-05
DiT,1050,CAGTGG,0.00013548387096774193
DiT,1050,CAGTGT,0.00013548387096774193
DiT,1050,CAGTTA,0.00016129032258064516
DiT,1050,CAGTTC,0.00015483870967741937
DiT,1050,CAGTTG,0.00016129032258064516
DiT,1050,CAGTTT,0.00021290322580645163
DiT,1050,CATAAA,0.00034193548387096773
DiT,1050,CATAAC,0.00016774193548387096
DiT,1050,CATAAG,0.00012903225806451613
DiT,1050,CATAAT,0.00018064516129032257
DiT,1050,CATACA,0.00021935483870967742
DiT,1050,CATACC,9.67741935483871e-05
DiT,1050,CATACG,0.0001032258064516129
DiT,1050,CATACT,0.00016774193548387096
DiT,1050,CATAGA,0.0001935483870967742
DiT,1050,CATAGC,0.00013548387096774193
DiT,1050,CATAGG,8.387096774193548e-05
DiT,1050,CATAGT,0.00011612903225806452
DiT,1050,CATATA,0.00023870967741935483
DiT,1050,CATATC,0.00022580645161290321
DiT,1050,CATATG,0.0001225806451612903
DiT,1050,CATATT,0.00030967741935483873
DiT,1050,CATCAA,0.00041935483870967743
DiT,1050,CATCAC,0.0005225806451612903
DiT,1050,CATCAG,0.00023870967741935483
DiT,1050,CATCAT,0.0005096774193548387
DiT,1050,CATCCA,0.0002645161290322581
DiT,1050,CATCCC,0.0001032258064516129
DiT,1050,CATCCG,0.00016129032258064516
DiT,1050,CATCCT,0.0003741935483870968
DiT,1050,CATCGA,0.0002838709677419355
DiT,1050,CATCGC,0.00034838709677419355
DiT,1050,CATCGG,0.00016774193548387096
DiT,1050,CATCGT,0.00036129032258064514
DiT,1050,CATCTA,0.0002064516129032258
DiT,1050,CATCTC,0.0005741935483870968
DiT,1050,CATCTG,0.00027096774193548386
DiT,1050,CATCTT,0.0006516129032258064
DiT,1050,CATGAA,0.0002838709677419355
DiT,1050,CATGAC,0.00023225806451612904
DiT,1050,CATGAG,0.00015483870967741937
DiT,1050,CATGAT,0.0002774193548387097
DiT,1050,CATGCA,7.741935483870968e-05
DiT,1050,CATGCC,7.096774193548388e-05
DiT,1050,CATGCG,4.516129032258064e-05
DiT,1050,CATGCT,0.00010967741935483871
DiT,1050,CATGGA,0.00023870967741935483
DiT,1050,CATGGC,0.00016129032258064516
DiT,1050,CATGGG,8.387096774193548e-05
DiT,1050,CATGGT,0.0001935483870967742
DiT,1050,CATGTA,0.00018064516129032257
DiT,1050,CATGTC,0.00016129032258064516
DiT,1050,CATGTG,0.0001870967741935484
DiT,1050,CATGTT,0.00025161290322580645
DiT,1050,CATTAA,0.00030967741935483873
DiT,1050,CATTAC,0.00018064516129032257
DiT,1050,CATTAG,0.00017419354838709678
DiT,1050,CATTAT,0.0002451612903225806
DiT,1050,CATTCA,0.00025806451612903227
DiT,1050,CATTCC,0.0001870967741935484
DiT,1050,CATTCG,0.00010967741935483871
DiT,1050,CATTCT,0.0002774193548387097
DiT,1050,CATTGA,0.0003032258064516129
DiT,1050,CATTGC,0.0002
DiT,1050,CATTGG,0.00018064516129032257
DiT,1050,CATTGT,0.0002451612903225806
DiT,1050,CATTTA,0.00027096774193548386
DiT,1050,CATTTC,0.0004709677419354839
DiT,1050,CATTTG,0.00032903225806451614
DiT,1050,CATTTT,0.0005419354838709677
DiT,1050,CCAAAA,0.0006645161290322581
DiT,1050,CCAAAC,0.0003161290322580645
DiT,1050,CCAAAG,0.0003548387096774194
DiT,1050,CCAAAT,0.0004064516129032258
DiT,1050,CCAACA,0.0003548387096774194
DiT,1050,CCAACC,0.0003354838709677419
DiT,1050,CCAACG,0.00021290322580645163
DiT,1050,CCAACT,0.0002645161290322581
DiT,1050,CCAAGA,0.0002774193548387097
DiT,1050,CCAAGC,0.00022580645161290321
DiT,1050,CCAAGG,9.032258064516129e-05
DiT,1050,CCAAGT,0.00021290322580645163
DiT,1050,CCAATA,0.00027096774193548386
DiT,1050,CCAATC,0.0003870967741935484
DiT,1050,CCAATG,0.00022580645161290321
DiT,1050,CCAATT,0.00047741935483870966
DiT,1050,CCACAA,0.0003935483870967742
DiT,1050,CCACAC,0.00023870967741935483
DiT,1050,CCACAG,0.00021935483870967742
DiT,1050,CCACAT,0.00025161290322580645
DiT,1050,CCACCA,0.00044516129032258066
DiT,1050,CCACCC,9.67741935483871e-05
DiT,1050,CCACCG,0.00045161290322580643
DiT,1050,CCACCT,0.0002451612903225806
DiT,1050,CCACGA,0.00014838709677419355
DiT,1050,CCACGC,0.0001225806451612903
DiT,1050,CCACGG,0.00013548387096774193
DiT,1050,CCACGT,0.00018064516129032257
DiT,1050,CCACTA,0.00021290322580645163
DiT,1050,CCACTC,0.0002967741935483871
DiT,1050,CCACTG,9.032258064516129e-05
DiT,1050,CCACTT,0.00018064516129032257
DiT,1050,CCAGAA,0.0003225806451612903
DiT,1050,CCAGAC,9.67741935483871e-05
DiT,1050,CCAGAG,0.00021290322580645163
DiT,1050,CCAGAT,0.00023870967741935483
DiT,1050,CCAGCA,0.00012903225806451613
DiT,1050,CCAGCC,0.00014193548387096775
DiT,1050,CCAGCG,6.451612903225807e-05
DiT,1050,CCAGCT,0.00017419354838709678
DiT,1050,CCAGGA,9.032258064516129e-05
DiT,1050,CCAGGC,7.096774193548388e-05
DiT,1050,CCAGGG,5.161290322580645e-05
DiT,1050,CCAGGT,3.870967741935484e-05
DiT,1050,CCAGTA,0.00012903225806451613
DiT,1050,CCAGTC,0.00011612903225806452
DiT,1050,CCAGTG,0.00011612903225806452
DiT,1050,CCAGTT,0.00013548387096774193
DiT,1050,CCATAA,0.0001935483870967742
DiT,1050,CCATAC,0.00010967741935483871
DiT,1050,CCATAG,0.00011612903225806452
DiT,1050,CCATAT,0.0002
DiT,1050,CCATCA,0.000432258064516129
DiT,1050,CCATCC,0.0002645161290322581
DiT,1050,CCATCG,0.00034193548387096773
DiT,1050,CCATCT,0.0003870967741935484
DiT,1050,CCATGA,0.00021935483870967742
DiT,1050,CCATGC,8.387096774193548e-05
DiT,1050,CCATGG,0.00016774193548387096
DiT,1050,CCATGT,0.0002
DiT,1050,CCATTA,0.00022580645161290321
DiT,1050,CCATTC,0.00023225806451612904
DiT,1050,CCATTG,0.00021935483870967742
DiT,1050,CCATTT,0.0003935483870967742
DiT,1050,CCCAAA,0.00046451612903225807
DiT,1050,CCCAAC,0.00023225806451612904
DiT,1050,CCCAAG,0.00017419354838709678
DiT,1050,CCCAAT,0.0003354838709677419
DiT,1050,CCCACA,0.00017419354838709678
DiT,1050,CCCACC,0.00018064516129032257
DiT,1050,CCCACG,7.096774193548388e-05
DiT,1050,CCCACT,0.00012903225806451613
DiT,1050,CCCAGA,0.00018064516129032257
DiT,1050,CCCAGC,9.032258064516129e-05
DiT,1050,CCCAGG,1.935483870967742e-05
DiT,1050,CCCAGT,0.0001032258064516129
DiT,1050,CCCATA,8.387096774193548e-05
DiT,1050,CCCATC,0.00025161290322580645
DiT,1050,CCCATG,7.741935483870968e-05
DiT,1050,CCCATT,0.00016129032258064516
DiT,1050,CCCCAA,0.00015483870967741937
DiT,1050,CCCCAC,0.00013548387096774193
DiT,1050,CCCCAG,0.0001032258064516129
DiT,1050,CCCCAT,6.451612903225807e-05
DiT,1050,CCCCCA,9.032258064516129e-05
DiT,1050,CCCCCC,5.161290322580645e-05
DiT,1050,CCCCCG,7.096774193548388e-05
DiT,1050,CCCCCT,5.806451612903226e-05
DiT,1050,CCCCGA,0.0001032258064516129
DiT,1050,CCCCGC,0.00012903225806451613
DiT,1050,CCCCGG,6.451612903225807e-05
DiT,1050,CCCCGT,5.806451612903226e-05
DiT,1050,CCCCTA,5.161290322580645e-05
DiT,1050,CCCCTC,0.00014838709677419355
DiT,1050,CCCCTG,5.806451612903226e-05
DiT,1050,CCCCTT,0.0001225806451612903
DiT,1050,CCCGAA,0.00016129032258064516
DiT,1050,CCCGAC,0.00017419354838709678
DiT,1050,CCCGAG,7.096774193548388e-05
DiT,1050,CCCGAT,0.00013548387096774193
DiT,1050,CCCGCA,4.516129032258064e-05
DiT,1050,CCCGCC,0.00018064516129032257
DiT,1050,CCCGCG,3.2258064516129034e-05
DiT,1050,CCCGCT,9.67741935483871e-05
DiT,1050,CCCGGA,0.0001032258064516129
DiT,1050,CCCGGC,9.032258064516129e-05
DiT,1050,CCCGGG,2.5806451612903226e-05
DiT,1050,CCCGGT,0.0001225806451612903
DiT,1050,CCCGTA,9.67741935483871e-05
DiT,1050,CCCGTC,0.00016774193548387096
DiT,1050,CCCGTG,4.516129032258064e-05
DiT,1050,CCCGTT,9.032258064516129e-05
DiT,1050,CCCTAA,0.0002
DiT,1050,CCCTAC,4.516129032258064e-05
DiT,1050,CCCTAG,5.806451612903226e-05
DiT,1050,CCCTAT,0.00011612903225806452
DiT,1050,CCCTCA,0.0001225806451612903
DiT,1050,CCCTCC,0.00030967741935483873
DiT,1050,CCCTCG,9.032258064516129e-05
DiT,1050,CCCTCT,0.00023870967741935483
DiT,1050,CCCTGA,7.096774193548388e-05
DiT,1050,CCCTGC,6.451612903225807e-05
DiT,1050,CCCTGG,5.161290322580645e-05
DiT,1050,CCCTGT,5.806451612903226e-05
DiT,1050,CCCTTA,0.00017419354838709678
DiT,1050,CCCTTC,0.00025806451612903227
DiT,1050,CCCTTG,9.67741935483871e-05
DiT,1050,CCCTTT,0.00025806451612903227
DiT,1050,CCGAAA,0.00021290322580645163
DiT,1050,CCGAAC,0.00016129032258064516
DiT,1050,CCGAAG,0.0002645161290322581
DiT,1050,CCGAAT,0.0002645161290322581
DiT,1050,CCGACA,0.0002064516129032258
DiT,1050,CCGACC,0.00022580645161290321
DiT,1050,CCGACG,0.00036129032258064514
DiT,1050,CCGACT,0.00015483870967741937
DiT,1050,CCGAGA,0.00027096774193548386
DiT,1050,CCGAGC,0.00014193548387096775
DiT,1050,CCGAGG,7.096774193548388e-05
DiT,1050,CCGAGT,0.00011612903225806452
DiT,1050,CCGATA,0.0002064516129032258
DiT,1050,CCGATC,0.00034193548387096773
DiT,1050,CCGATG,0.00027096774193548386
DiT,1050,CCGATT,0.0005161290322580645
DiT,1050,CCGCAA,0.00017419354838709678
DiT,1050,CCGCAC,2.5806451612903226e-05
DiT,1050,CCGCAG,0.00017419354838709678
DiT,1050,CCGCAT,0.0001225806451612903
DiT,1050,CCGCCA,0.0002838709677419355
DiT,1050,CCGCCC,0.0001032258064516129
DiT,1050,CCGCCG,0.0007870967741935484
DiT,1050,CCGCCT,0.00021290322580645163
DiT,1050,CCGCGA,0.00013548387096774193
DiT,1050,CCGCGC,8.387096774193548e-05
DiT,1050,CCGCGG,0.0001032258064516129
DiT,1050,CCGCGT,8.387096774193548e-05
DiT,1050,CCGCTA,0.00016774193548387096
DiT,1050,CCGCTC,0.00027096774193548386
DiT,1050,CCGCTG,0.0001935483870967742
DiT,1050,CCGCTT,0.00025161290322580645
DiT,1050,CCGGAA,0.00029032258064516127
DiT,1050,CCGGAC,0.0001032258064516129
DiT,1050,CCGGAG,0.00034838709677419355
DiT,1050,CCGGAT,0.00023870967741935483
DiT,1050,CCGGCA,0.0001225806451612903
DiT,1050,CCGGCC,9.032258064516129e-05
DiT,1050,CCGGCG,0.00034193548387096773
DiT,1050,CCGGCT,0.00022580645161290321
DiT,1050,CCGGGA,0.00010967741935483871
DiT,1050,CCGGGC,6.451612903225807e-05
DiT,1050,CCGGGG,4.516129032258064e-05
DiT,1050,CCGGGT,0.0001032258064516129
DiT,1050,CCGGTA,6.451612903225807e-05
DiT,1050,CCGGTC,0.00018064516129032257
DiT,1050,CCGGTG,0.0002774193548387097
DiT,1050,CCGGTT,0.0003225806451612903
DiT,1050,CCGTAA,0.00025161290322580645
DiT,1050,CCGTAC,8.387096774193548e-05
DiT,1050,CCGTAG,0.00014838709677419355
DiT,1050,CCGTAT,0.00012903225806451613
DiT,1050,CCGTCA,0.0003161290322580645
DiT,1050,CCGTCC,0.00022580645161290321
DiT,1050,CCGTCG,0.0005290322580645162
DiT,1050,CCGTCT,0.0002967741935483871
DiT,1050,CCGTGA,9.67741935483871e-05
DiT,1050,CCGTGC,7.741935483870968e-05
DiT,1050,CCGTGG,0.00016129032258064516
DiT,1050,CCGTGT,0.00012903225806451613
DiT,1050,CCGTTA,0.00021290322580645163
DiT,1050,CCGTTC,0.0002
DiT,1050,CCGTTG,0.0002
DiT,1050,CCGTTT,0.00038064516129032255
DiT,1050,CCTAAA,0.0003032258064516129
DiT,1050,CCTAAC,0.00018064516129032257
DiT,1050,CCTAAG,0.00014838709677419355
DiT,1050,CCTAAT,0.00025806451612903227
DiT,1050,CCTACA,0.00018064516129032257
DiT,1050,CCTACC,0.00012903225806451613
DiT,1050,CCTACG,3.870967741935484e-05
DiT,1050,CCTACT,0.00013548387096774193
DiT,1050,CCTAGA,7.096774193548388e-05
DiT,1050,CCTAGC,7.096774193548388e-05
DiT,1050,CCTAGG,4.516129032258064e-05
DiT,1050,CCTAGT,0.0001225806451612903
DiT,1050,CCTATA,0.00012903225806451613
DiT,1050,CCTATC,0.00016774193548387096
DiT,1050,CCTATG,0.00011612903225806452
DiT,1050,CCTATT,0.00016774193548387096
DiT,1050,CCTCAA,0.00030967741935483873
DiT,1050,CCTCAC,0.00021935483870967742
DiT,1050,CCTCAG,0.00014193548387096775
DiT,1050,CCTCAT,0.0002967741935483871
DiT,1050,CCTCCA,0.0005419354838709677
DiT,1050,CCTCCC,0.00023870967741935483
DiT,1050,CCTCCG,0.0005806451612903225
DiT,1050,CCTCCT,0.0004838709677419355
DiT,1050,CCTCGA,0.00018064516129032257
DiT,1050,CCTCGC,0.00016129032258064516
DiT,1050,CCTCGG,9.67741935483871e-05
DiT,1050,CCTCGT,0.00016129032258064516
DiT,1050,CCTCTA,0.00027096774193548386
DiT,1050,CCTCTC,0.0005806451612903225
DiT,1050,CCTCTG,0.0001935483870967742
DiT,1050,CCTCTT,0.0006193548387096775
DiT,1050,CCTGAA,0.00014193548387096775
DiT,1050,CCTGAC,0.00014838709677419355
DiT,1050,CCTGAG,9.032258064516129e-05
DiT,1050,CCTGAT,0.0001225806451612903
DiT,1050,CCTGCA,7.096774193548388e-05
DiT,1050,CCTGCC,7.741935483870968e-05
DiT,1050,CCTGCG,9.67741935483871e-05
DiT,1050,CCTGCT,0.00013548387096774193
DiT,1050,CCTGGA,9.032258064516129e-05
DiT,1050,CCTGGC,7.741935483870968e-05
DiT,1050,CCTGGG,5.161290322580645e-05
DiT,1050,CCTGGT,7.741935483870968e-05
DiT,1050,CCTGTA,3.870967741935484e-05
DiT,1050,CCTGTC,0.00011612903225806452
DiT,1050,CCTGTG,9.67741935483871e-05
DiT,1050,CCTGTT,0.00010967741935483871
DiT,1050,CCTTAA,0.0001935483870967742
DiT,1050,CCTTAC,0.00016774193548387096
DiT,1050,CCTTAG,8.387096774193548e-05
DiT,1050,CCTTAT,0.0002451612903225806
DiT,1050,CCTTCA,0.0004129032258064516
DiT,1050,CCTTCC,0.0002
DiT,1050,CCTTCG,0.0002774193548387097
DiT,1050,CCTTCT,0.0006193548387096775
DiT,1050,CCTTGA,0.00012903225806451613
DiT,1050,CCTTGC,0.0001032258064516129
DiT,1050,CCTTGG,7.741935483870968e-05
DiT,1050,CCTTGT,0.00018064516129032257
DiT,1050,CCTTTA,0.00027096774193548386
DiT,1050,CCTTTC,0.00034838709677419355
DiT,1050,CCTTTG,0.00023870967741935483
DiT,1050,CCTTTT,0.00032903225806451614
DiT,1050,CGAAAA,0.00036129032258064514
DiT,1050,CGAAAC,0.0002838709677419355
DiT,1050,CGAAAG,0.00013548387096774193
DiT,1050,CGAAAT,0.00022580645161290321
DiT,1050,CGAACA,0.00016129032258064516
DiT,1050,CGAACC,0.00029032258064516127
DiT,1050,CGAACG,8.387096774193548e-05
DiT,1050,CGAACT,0.00010967741935483871
DiT,1050,CGAAGA,0.0004967741935483871
DiT,1050,CGAAGC,0.0003935483870967742
DiT,1050,CGAAGG,0.00016774193548387096
DiT,1050,CGAAGT,0.00023870967741935483
DiT,1050,CGAATA,0.00013548387096774193
DiT,1050,CGAATC,0.0003870967741935484
DiT,1050,CGAATG,0.00017419354838709678
DiT,1050,CGAATT,0.0002838709677419355
DiT,1050,CGACAA,0.00025806451612903227
DiT,1050,CGACAC,0.00012903225806451613
DiT,1050,CGACAG,0.00014838709677419355
DiT,1050,CGACAT,0.00016129032258064516
DiT,1050,CGACCA,0.00025806451612903227
DiT,1050,CGACCC,7.741935483870968e-05
DiT,1050,CGACCG,0.00017419354838709678
DiT,1050,CGACCT,0.0001225806451612903
DiT,1050,CGACGA,0.0005225806451612903
DiT,1050,CGACGC,0.00021290322580645163
DiT,1050,CGACGG,0.0003935483870967742
DiT,1050,CGACGT,0.0002645161290322581
DiT,1050,CGACTA,0.00016129032258064516
DiT,1050,CGACTC,0.00025161290322580645
DiT,1050,CGACTG,7.096774193548388e-05
DiT,1050,CGACTT,0.0001870967741935484
DiT,1050,CGAGAA,0.0002645161290322581
DiT,1050,CGAGAC,0.00014838709677419355
DiT,1050,CGAGAG,0.0002451612903225806
DiT,1050,CGAGAT,0.00022580645161290321
DiT,1050,CGAGCA,0.00012903225806451613
DiT,1050,CGAGCC,0.00015483870967741937
DiT,1050,CGAGCG,3.2258064516129034e-05
DiT,1050,CGAGCT,0.00025806451612903227
DiT,1050,CGAGGA,0.00027096774193548386
DiT,1050,CGAGGC,0.0001032258064516129
DiT,1050,CGAGGG,3.870967741935484e-05
DiT,1050,CGAGGT,0.00011612903225806452
DiT,1050,CGAGTA,0.0001032258064516129
DiT,1050,CGAGTC,0.00011612903225806452
DiT,1050,CGAGTG,0.00011612903225806452
DiT,1050,CGAGTT,0.00017419354838709678
DiT,1050,CGATAA,0.00023870967741935483
DiT,1050,CGATAC,0.00022580645161290321
DiT,1050,CGATAG,0.00013548387096774193
DiT,1050,CGATAT,0.0001870967741935484
DiT,1050,CGATCA,0.0003161290322580645
DiT,1050,CGATCC,0.00029032258064516127
DiT,1050,CGATCG,0.00017419354838709678
DiT,1050,CGATCT,0.00041935483870967743
DiT,1050,CGATGA,0.00043870967741935484
DiT,1050,CGATGC,0.0001870967741935484
DiT,1050,CGATGG,0.0004129032258064516
DiT,1050,CGATGT,0.0002838709677419355
DiT,1050,CGATTA,0.00027096774193548386
DiT,1050,CGATTC,0.0005161290322580645
DiT,1050,CGATTG,0.00023870967741935483
DiT,1050,CGATTT,0.0005935483870967742
DiT,1050,CGCAAA,0.00022580645161290321
DiT,1050,CGCAAC,0.00013548387096774193
DiT,1050,CGCAAG,7.096774193548388e-05
DiT,1050,CGCAAT,0.00012903225806451613
DiT,1050,CGCACA,8.387096774193548e-05
DiT,1050,CGCACC,5.161290322580645e-05
DiT,1050,CGCACG,5.806451612903226e-05
DiT,1050,CGCACT,4.516129032258064e-05
DiT,1050,CGCAGA,0.0002064516129032258
DiT,1050,CGCAGC,0.00014838709677419355
DiT,1050,CGCAGG,2.5806451612903226e-05
DiT,1050,CGCAGT,0.00010967741935483871
DiT,1050,CGCATA,6.451612903225807e-05
DiT,1050,CGCATC,0.0001935483870967742
DiT,1050,CGCATG,6.451612903225807e-05
DiT,1050,CGCATT,7.096774193548388e-05
DiT,1050,CGCCAA,0.00012903225806451613
DiT,1050,CGCCAC,0.00023225806451612904
DiT,1050,CGCCAG,8.387096774193548e-05
DiT,1050,CGCCAT,0.00021290322580645163
DiT,1050,CGCCCA,7.096774193548388e-05
DiT,1050,CGCCCC,5.806451612903226e-05
DiT,1050,CGCCCG,4.516129032258064e-05
DiT,1050,CGCCCT,5.806451612903226e-05
DiT,1050,CGCCGA,0.0003741935483870968
DiT,1050,CGCCGC,0.0005419354838709677
DiT,1050,CGCCGG,0.0002838709677419355
DiT,1050,CGCCGT,0.0006645161290322581
DiT,1050,CGCCTA,6.451612903225807e-05
DiT,1050,CGCCTC,0.00025161290322580645
DiT,1050,CGCCTG,7.741935483870968e-05
DiT,1050,CGCCTT,0.00016129032258064516
DiT,1050,CGCGAA,0.00010967741935483871
DiT,1050,CGCGAC,0.00010967741935483871
DiT,1050,CGCGAG,5.806451612903226e-05
DiT,1050,CGCGAT,0.00016774193548387096
DiT,1050,CGCGCA,7.741935483870968e-05
DiT,1050,CGCGCC,9.032258064516129e-05
DiT,1050,CGCGCG,3.870967741935484e-05
DiT,1050,CGCGCT,5.806451612903226e-05
DiT,1050,CGCGGA,9.032258064516129e-05
DiT,1050,CGCGGC,0.00014838709677419355
DiT,1050,CGCGGG,5.161290322580645e-05
DiT,1050,CGCGGT,9.67741935483871e-05
DiT,1050,CGCGTA,6.451612903225807e-05
DiT,1050,CGCGTC,0.00013548387096774193
DiT,1050,CGCGTG,6.451612903225807e-05
DiT,1050,CGCGTT,7.741935483870968e-05
DiT,1050,CGCTAA,0.00016129032258064516
DiT,1050,CGCTAC,0.00023225806451612904
DiT,1050,CGCTAG,4.516129032258064e-05
DiT,1050,CGCTAT,0.0001032258064516129
DiT,1050,CGCTCA,0.0001225806451612903
DiT,1050,CGCTCC,0.00021290322580645163
DiT,1050,CGCTCG,0.00013548387096774193
DiT,1050,CGCTCT,0.0002645161290322581
DiT,1050,CGCTGA,0.00015483870967741937
DiT,1050,CGCTGC,0.00014838709677419355
DiT,1050,CGCTGG,0.00012903225806451613
DiT,1050,CGCTGT,0.00016774193548387096
DiT,1050,CGCTTA,0.00010967741935483871
DiT,1050,CGCTTC,0.0003935483870967742
DiT,1050,CGCTTG,0.00014193548387096775
DiT,1050,CGCTTT,0.00034193548387096773
DiT,1050,CGGAAA,0.00032903225806451614
DiT,1050,CGGAAC,0.00014838709677419355
DiT,1050,CGGAAG,0.00023225806451612904
DiT,1050,CGGAAT,0.0002
DiT,1050,CGGACA,0.00010967741935483871
DiT,1050,CGGACC,6.451612903225807e-05
DiT,1050,CGGACG,0.0001225806451612903
DiT,1050,CGGACT,0.00010967741935483871
DiT,1050,CGGAGA,0.0005741935483870968
DiT,1050,CGGAGC,0.00027096774193548386
DiT,1050,CGGAGG,0.00032903225806451614
DiT,1050,CGGAGT,0.0002645161290322581
DiT,1050,CGGATA,0.00016129032258064516
DiT,1050,CGGATC,0.0003870967741935484
DiT,1050,CGGATG,0.0001935483870967742
DiT,1050,CGGATT,0.00022580645161290321
DiT,1050,CGGCAA,0.0001870967741935484
DiT,1050,CGGCAC,7.741935483870968e-05
DiT,1050,CGGCAG,0.00015483870967741937
DiT,1050,CGGCAT,0.00011612903225806452
DiT,1050,CGGCCA,9.67741935483871e-05
DiT,1050,CGGCCC,5.806451612903226e-05
DiT,1050,CGGCCG,0.0002
DiT,1050,CGGCCT,9.032258064516129e-05
DiT,1050,CGGCGA,0.0005548387096774194
DiT,1050,CGGCGC,0.0002
DiT,1050,CGGCGG,0.000632258064516129
DiT,1050,CGGCGT,0.0001870967741935484
DiT,1050,CGGCTA,9.67741935483871e-05
DiT,1050,CGGCTC,0.00021935483870967742
DiT,1050,CGGCTG,0.00016129032258064516
DiT,1050,CGGCTT,0.0002645161290322581
DiT,1050,CGGGAA,0.00017419354838709678
DiT,1050,CGGGAC,1.935483870967742e-05
DiT,1050,CGGGAG,0.0001032258064516129
DiT,1050,CGGGAT,0.0001032258064516129
DiT,1050,CGGGCA,5.161290322580645e-05
DiT,1050,CGGGCC,3.2258064516129034e-05
DiT,1050,CGGGCG,4.516129032258064e-05
DiT,1050,CGGGCT,4.516129032258064e-05
DiT,1050,CGGGGA,0.0001032258064516129
DiT,1050,CGGGGC,1.935483870967742e-05
DiT,1050,CGGGGG,2.5806451612903226e-05
DiT,1050,CGGGGT,7.096774193548388e-05
DiT,1050,CGGGTA,7.741935483870968e-05
DiT,1050,CGGGTC,9.67741935483871e-05
DiT,1050,CGGGTG,9.67741935483871e-05
DiT,1050,CGGGTT,0.00017419354838709678
DiT,1050,CGGTAA,0.00015483870967741937
DiT,1050,CGGTAC,0.00010967741935483871
DiT,1050,CGGTAG,7.741935483870968e-05
DiT,1050,CGGTAT,9.032258064516129e-05
DiT,1050,CGGTCA,0.00014193548387096775
DiT,1050,CGGTCC,0.0001032258064516129
DiT,1050,CGGTCG,0.0001032258064516129
DiT,1050,CGGTCT,8.387096774193548e-05
DiT,1050,CGGTGA,0.00038064516129032255
DiT,1050,CGGTGC,0.0001225806451612903
DiT,1050,CGGTGG,0.00044516129032258066
DiT,1050,CGGTGT,0.0001870967741935484
DiT,1050,CGGTTA,0.00018064516129032257
DiT,1050,CGGTTC,0.0002774193548387097
DiT,1050,CGGTTG,0.00017419354838709678
DiT,1050,CGGTTT,0.0004064516129032258
DiT,1050,CGTAAA,0.0002
DiT,1050,CGTAAC,0.00016774193548387096
DiT,1050,CGTAAG,0.00018064516129032257
DiT,1050,CGTAAT,0.00014838709677419355
DiT,1050,CGTACA,7.741935483870968e-05
DiT,1050,CGTACC,0.00010967741935483871
DiT,1050,CGTACG,5.806451612903226e-05
DiT,1050,CGTACT,8.387096774193548e-05
DiT,1050,CGTAGA,0.0001870967741935484
DiT,1050,CGTAGC,9.67741935483871e-05
DiT,1050,CGTAGG,7.096774193548388e-05
DiT,1050,CGTAGT,0.00011612903225806452
DiT,1050,CGTATA,9.032258064516129e-05
DiT,1050,CGTATC,0.00015483870967741937
DiT,1050,CGTATG,0.0001032258064516129
DiT,1050,CGTATT,0.00015483870967741937
DiT,1050,CGTCAA,0.00029032258064516127
DiT,1050,CGTCAC,0.00034193548387096773
DiT,1050,CGTCAG,0.00012903225806451613
DiT,1050,CGTCAT,0.0002774193548387097
DiT,1050,CGTCCA,0.0002
DiT,1050,CGTCCC,0.0001225806451612903
DiT,1050,CGTCCG,0.0001870967741935484
DiT,1050,CGTCCT,0.0002
DiT,1050,CGTCGA,0.00044516129032258066
DiT,1050,CGTCGC,0.00045806451612903225
DiT,1050,CGTCGG,0.00030967741935483873
DiT,1050,CGTCGT,0.0005419354838709677
DiT,1050,CGTCTA,0.00014838709677419355
DiT,1050,CGTCTC,0.00034193548387096773
DiT,1050,CGTCTG,0.00012903225806451613
DiT,1050,CGTCTT,0.0004129032258064516
DiT,1050,CGTGAA,0.00011612903225806452
DiT,1050,CGTGAC,7.096774193548388e-05
DiT,1050,CGTGAG,8.387096774193548e-05
DiT,1050,CGTGAT,0.00021935483870967742
DiT,1050,CGTGCA,3.870967741935484e-05
DiT,1050,CGTGCC,0.00011612903225806452
DiT,1050,CGTGCG,3.870967741935484e-05
DiT,1050,CGTGCT,9.032258064516129e-05
DiT,1050,CGTGGA,0.00016129032258064516
DiT,1050,CGTGGC,0.00021935483870967742
DiT,1050,CGTGGG,0.0001032258064516129
DiT,1050,CGTGGT,0.00017419354838709678
DiT,1050,CGTGTA,0.00016129032258064516
DiT,1050,CGTGTC,0.00015483870967741937
DiT,1050,CGTGTG,0.00016129032258064516
DiT,1050,CGTGTT,0.00023870967741935483
DiT,1050,CGTTAA,0.00023225806451612904
DiT,1050,CGTTAC,0.00016129032258064516
DiT,1050,CGTTAG,0.00012903225806451613
DiT,1050,CGTTAT,0.00017419354838709678
DiT,1050,CGTTCA,0.00016129032258064516
DiT,1050,CGTTCC,0.00023870967741935483
DiT,1050,CGTTCG,0.0001225806451612903
DiT,1050,CGTTCT,0.0002645161290322581
DiT,1050,CGTTGA,0.00021935483870967742
DiT,1050,CGTTGC,0.0002064516129032258
DiT,1050,CGTTGG,0.0001935483870967742
DiT,1050,CGTTGT,0.00023225806451612904
DiT,1050,CGTTTA,0.00025806451612903227
DiT,1050,CGTTTC,0.00046451612903225807
DiT,1050,CGTTTG,0.0002064516129032258
DiT,1050,CGTTTT,0.0005225806451612903
DiT,1050,CTAAAA,0.00044516129032258066
DiT,1050,CTAAAC,0.0002774193548387097
DiT,1050,CTAAAG,0.00025161290322580645
DiT,1050,CTAAAT,0.00036129032258064514
DiT,1050,CTAACA,0.0002
DiT,1050,CTAACC,0.0002
DiT,1050,CTAACG,0.00011612903225806452
DiT,1050,CTAACT,0.00018064516129032257
DiT,1050,CTAAGA,0.00025806451612903227
DiT,1050,CTAAGC,0.00016129032258064516
DiT,1050,CTAAGG,0.0001225806451612903
DiT,1050,CTAAGT,0.00011612903225806452
DiT,1050,CTAATA,0.00022580645161290321
DiT,1050,CTAATC,0.0003032258064516129
DiT,1050,CTAATG,0.00025161290322580645
DiT,1050,CTAATT,0.00034838709677419355
DiT,1050,CTACAA,0.0002838709677419355
DiT,1050,CTACAC,0.00023870967741935483
DiT,1050,CTACAG,0.00014193548387096775
DiT,1050,CTACAT,0.00023225806451612904
DiT,1050,CTACCA,0.0001935483870967742
DiT,1050,CTACCC,0.00016129032258064516
DiT,1050,CTACCG,0.00014193548387096775
DiT,1050,CTACCT,0.00014838709677419355
DiT,1050,CTACGA,0.00016774193548387096
DiT,1050,CTACGC,7.096774193548388e-05
DiT,1050,CTACGG,0.00016774193548387096
DiT,1050,CTACGT,0.00015483870967741937
DiT,1050,CTACTA,0.00013548387096774193
DiT,1050,CTACTC,0.00036129032258064514
DiT,1050,CTACTG,0.00010967741935483871
DiT,1050,CTACTT,0.0003354838709677419
DiT,1050,CTAGAA,0.00016129032258064516
DiT,1050,CTAGAC,9.67741935483871e-05
DiT,1050,CTAGAG,0.0001032258064516129
DiT,1050,CTAGAT,0.00017419354838709678
DiT,1050,CTAGCA,3.870967741935484e-05
DiT,1050,CTAGCC,8.387096774193548e-05
DiT,1050,CTAGCG,7.741935483870968e-05
DiT,1050,CTAGCT,0.00016774193548387096
DiT,1050,CTAGGA,7.096774193548388e-05
DiT,1050,CTAGGC,5.806451612903226e-05
DiT,1050,CTAGGG,9.67741935483871e-05
DiT,1050,CTAGGT,9.67741935483871e-05
DiT,1050,CTAGTA,5.806451612903226e-05
DiT,1050,CTAGTC,0.00014838709677419355
DiT,1050,CTAGTG,0.00016774193548387096
DiT,1050,CTAGTT,0.00021935483870967742
DiT,1050,CTATAA,0.00017419354838709678
DiT,1050,CTATAC,0.00014838709677419355
DiT,1050,CTATAG,0.00013548387096774193
DiT,1050,CTATAT,0.00021290322580645163
DiT,1050,CTATCA,0.00023870967741935483
DiT,1050,CTATCC,0.00017419354838709678
DiT,1050,CTATCG,0.00011612903225806452
DiT,1050,CTATCT,0.00025806451612903227
DiT,1050,CTATGA,0.00012903225806451613
DiT,1050,CTATGC,9.67741935483871e-05
DiT,1050,CTATGG,0.00015483870967741937
DiT,1050,CTATGT,0.0001032258064516129
DiT,1050,CTATTA,0.0002064516129032258
DiT,1050,CTATTC,0.0002451612903225806
DiT,1050,CTATTG,0.00016774193548387096
DiT,1050,CTATTT,0.0004
DiT,1050,CTCAAA,0.0005806451612903225
DiT,1050,CTCAAC,0.00030967741935483873
DiT,1050,CTCAAG,0.00023870967741935483
DiT,1050,CTCAAT,0.0004709677419354839
DiT,1050,CTCACA,0.00027096774193548386
DiT,1050,CTCACC,0.00034193548387096773
DiT,1050,CTCACG,0.00017419354838709678
DiT,1050,CTCACT,0.00034838709677419355
DiT,1050,CTCAGA,0.00025806451612903227
DiT,1050,CTCAGC,0.00021290322580645163
DiT,1050,CTCAGG,9.67741935483871e-05
DiT,1050,CTCAGT,0.00016774193548387096
DiT,1050,CTCATA,0.0002645161290322581
DiT,1050,CTCATC,0.0005096774193548387
DiT,1050,CTCATG,0.00016774193548387096
DiT,1050,CTCATT,0.0003225806451612903
DiT,1050,CTCCAA,0.0004709677419354839
DiT,1050,CTCCAC,0.0005032258064516129
DiT,1050,CTCCAG,0.00016129032258064516
DiT,1050,CTCCAT,0.0005032258064516129
DiT,1050,CTCCCA,0.00016774193548387096
DiT,1050,CTCCCC,0.00023225806451612904
DiT,1050,CTCCCG,0.00014193548387096775
DiT,1050,CTCCCT,0.0003354838709677419
DiT,1050,CTCCGA,0.0006064516129032258
DiT,1050,CTCCGC,0.0005096774193548387
DiT,1050,CTCCGG,0.00043870967741935484
DiT,1050,CTCCGT,0.0004903225806451613
DiT,1050,CTCCTA,0.00023225806451612904
DiT,1050,CTCCTC,0.0008451612903225806
DiT,1050,CTCCTG,0.0001935483870967742
DiT,1050,CTCCTT,0.0005225806451612903
DiT,1050,CTCGAA,0.00025161290322580645
DiT,1050,CTCGAC,0.0001870967741935484
DiT,1050,CTCGAG,0.00017419354838709678
DiT,1050,CTCGAT,0.0003225806451612903
DiT,1050,CTCGCA,0.00011612903225806452
DiT,1050,CTCGCC,0.0003032258064516129
DiT,1050,CTCGCG,0.00011612903225806452
DiT,1050,CTCGCT,0.00025806451612903227
DiT,1050,CTCGGA,0.00012903225806451613
DiT,1050,CTCGGC,0.0001870967741935484
DiT,1050,CTCGGG,6.451612903225807e-05
DiT,1050,CTCGGT,0.00014193548387096775
DiT,1050,CTCGTA,0.00014838709677419355
DiT,1050,CTCGTC,0.0003225806451612903
DiT,1050,CTCGTG,0.00016774193548387096
DiT,1050,CTCGTT,0.0003161290322580645
DiT,1050,CTCTAA,0.0002967741935483871
DiT,1050,CTCTAC,0.00032903225806451614
DiT,1050,CTCTAG,0.00017419354838709678
DiT,1050,CTCTAT,0.00036129032258064514
DiT,1050,CTCTCA,0.0006387096774193549
DiT,1050,CTCTCC,0.0008064516129032258
DiT,1050,CTCTCG,0.0003935483870967742
DiT,1050,CTCTCT,0.0016258064516129031
DiT,1050,CTCTGA,0.00036129032258064514
DiT,1050,CTCTGC,0.00017419354838709678
DiT,1050,CTCTGG,0.0001870967741935484
DiT,1050,CTCTGT,0.00036774193548387097
DiT,1050,CTCTTA,0.00036129032258064514
DiT,1050,CTCTTC,0.0011161290322580645
DiT,1050,CTCTTG,0.0003870967741935484
DiT,1050,CTCTTT,0.0007612903225806451
DiT,1050,CTGAAA,0.00030967741935483873
DiT,1050,CTGAAC,0.0001225806451612903
DiT,1050,CTGAAG,0.00029032258064516127
DiT,1050,CTGAAT,0.0002774193548387097
DiT,1050,CTGACA,7.741935483870968e-05
DiT,1050,CTGACC,8.387096774193548e-05
DiT,1050,CTGACG,0.00016129032258064516
DiT,1050,CTGACT,0.00014838709677419355
DiT,1050,CTGAGA,0.00023225806451612904
DiT,1050,CTGAGC,0.0001225806451612903
DiT,1050,CTGAGG,0.00014838709677419355
DiT,1050,CTGAGT,0.0002064516129032258
DiT,1050,CTGATA,0.00011612903225806452
DiT,1050,CTGATC,0.0003354838709677419
DiT,1050,CTGATG,0.00022580645161290321
DiT,1050,CTGATT,0.0002774193548387097
DiT,1050,CTGCAA,0.00013548387096774193
DiT,1050,CTGCAC,9.032258064516129e-05
DiT,1050,CTGCAG,0.0001225806451612903
DiT,1050,CTGCAT,0.00012903225806451613
DiT,1050,CTGCCA,0.00010967741935483871
DiT,1050,CTGCCC,8.387096774193548e-05
DiT,1050,CTGCCG,0.00011612903225806452
DiT,1050,CTGCCT,7.741935483870968e-05
DiT,1050,CTGCGA,0.00012903225806451613
DiT,1050,CTGCGC,4.516129032258064e-05
DiT,1050,CTGCGG,0.0001870967741935484
DiT,1050,CTGCGT,0.00014193548387096775
DiT,1050,CTGCTA,0.00013548387096774193
DiT,1050,CTGCTC,0.00017419354838709678
DiT,1050,CTGCTG,0.00013548387096774193
DiT,1050,CTGCTT,0.0003225806451612903
DiT,1050,CTGGAA,0.00010967741935483871
DiT,1050,CTGGAC,6.451612903225807e-05
DiT,1050,CTGGAG,0.00021935483870967742
DiT,1050,CTGGAT,0.0002
DiT,1050,CTGGCA,4.516129032258064e-05
DiT,1050,CTGGCC,5.806451612903226e-05
DiT,1050,CTGGCG,0.00015483870967741937
DiT,1050,CTGGCT,0.00011612903225806452
DiT,1050,CTGGGA,9.67741935483871e-05
DiT,1050,CTGGGC,6.451612903225807e-05
DiT,1050,CTGGGG,6.451612903225807e-05
DiT,1050,CTGGGT,0.00011612903225806452
DiT,1050,CTGGTA,8.387096774193548e-05
DiT,1050,CTGGTC,0.00012903225806451613
DiT,1050,CTGGTG,0.0002
DiT,1050,CTGGTT,0.0002645161290322581
DiT,1050,CTGTAA,0.00013548387096774193
DiT,1050,CTGTAC,5.806451612903226e-05
DiT,1050,CTGTAG,9.67741935483871e-05
DiT,1050,CTGTAT,0.00010967741935483871
DiT,1050,CTGTCA,0.00014838709677419355
DiT,1050,CTGTCC,0.0001225806451612903
DiT,1050,CTGTCG,0.00014838709677419355
DiT,1050,CTGTCT,0.00021290322580645163
DiT,1050,CTGTGA,0.0002451612903225806
DiT,1050,CTGTGC,3.870967741935484e-05
DiT,1050,CTGTGG,0.0001225806451612903
DiT,1050,CTGTGT,0.0001870967741935484
DiT,1050,CTGTTA,0.0001935483870967742
DiT,1050,CTGTTC,0.0001935483870967742
DiT,1050,CTGTTG,0.0003032258064516129
DiT,1050,CTGTTT,0.0004967741935483871
DiT,1050,CTTAAA,0.00036774193548387097
DiT,1050,CTTAAC,0.00021290322580645163
DiT,1050,CTTAAG,0.00015483870967741937
DiT,1050,CTTAAT,0.00030967741935483873
DiT,1050,CTTACA,0.00021935483870967742
DiT,1050,CTTACC,0.00016129032258064516
DiT,1050,CTTACG,0.00016774193548387096
DiT,1050,CTTACT,0.0002645161290322581
DiT,1050,CTTAGA,0.00016129032258064516
DiT,1050,CTTAGC,0.00016129032258064516
DiT,1050,CTTAGG,0.00010967741935483871
DiT,1050,CTTAGT,0.00012903225806451613
DiT,1050,CTTATA,0.0001870967741935484
DiT,1050,CTTATC,0.0003161290322580645
DiT,1050,CTTATG,0.00016774193548387096
DiT,1050,CTTATT,0.00044516129032258066
DiT,1050,CTTCAA,0.0005935483870967742
DiT,1050,CTTCAC,0.0005548387096774194
DiT,1050,CTTCAG,0.00036129032258064514
DiT,1050,CTTCAT,0.0006967741935483871
DiT,1050,CTTCCA,0.0003870967741935484
DiT,1050,CTTCCC,0.0002645161290322581
DiT,1050,CTTCCG,0.00027096774193548386
DiT,1050,CTTCCT,0.0007032258064516129
DiT,1050,CTTCGA,0.0004129032258064516
DiT,1050,CTTCGC,0.0003161290322580645
DiT,1050,CTTCGG,0.00025806451612903227
DiT,1050,CTTCGT,0.00046451612903225807
DiT,1050,CTTCTA,0.0004
DiT,1050,CTTCTC,0.0011548387096774193
DiT,1050,CTTCTG,0.0003870967741935484
DiT,1050,CTTCTT,0.0017161290322580645
DiT,1050,CTTGAA,0.00030967741935483873
DiT,1050,CTTGAC,0.00016129032258064516
DiT,1050,CTTGAG,0.0002451612903225806
DiT,1050,CTTGAT,0.0002967741935483871
DiT,1050,CTTGCA,0.00013548387096774193
DiT,1050,CTTGCC,0.00014193548387096775
DiT,1050,CTTGCG,7.096774193548388e-05
DiT,1050,CTTGCT,0.00030967741935483873
DiT,1050,CTTGGA,0.0002451612903225806
DiT,1050,CTTGGC,0.0001032258064516129
DiT,1050,CTTGGG,0.00015483870967741937
DiT,1050,CTTGGT,0.00021290322580645163
DiT,1050,CTTGTA,0.0002
DiT,1050,CTTGTC,0.0002774193548387097
DiT,1050,CTTGTG,0.00025161290322580645
DiT,1050,CTTGTT,0.000432258064516129
DiT,1050,CTTTAA,0.00034838709677419355
DiT,1050,CTTTAC,0.0002774193548387097
DiT,1050,CTTTAG,0.0002064516129032258
DiT,1050,CTTTAT,0.0004129032258064516
DiT,1050,CTTTCA,0.0004967741935483871
DiT,1050,CTTTCC,0.00034838709677419355
DiT,1050,CTTTCG,0.0002838709677419355
DiT,1050,CTTTCT,0.0007548387096774193
DiT,1050,CTTTGA,0.0004129032258064516
DiT,1050,CTTTGC,0.00029032258064516127
DiT,1050,CTTTGG,0.00023225806451612904
DiT,1050,CTTTGT,0.0005032258064516129
DiT,1050,CTTTTA,0.0003741935483870968
DiT,1050,CTTTTC,0.0006774193548387097
DiT,1050,CTTTTG,0.00047741935483870966
DiT,1050,CTTTTT,0.001070967741935484
DiT,1050,GAAAAA,0.0010129032258064516
DiT,1050,GAAAAC,0.0005225806451612903
DiT,1050,GAAAAG,0.00045806451612903225
DiT,1050,GAAAAT,0.000535483870967742
DiT,1050,GAAACA,0.0003225806451612903
DiT,1050,GAAACC,0.00043870967741935484
DiT,1050,GAAACG,0.00023870967741935483
DiT,1050,GAAACT,0.0003161290322580645
DiT,1050,GAAAGA,0.0006516129032258064
DiT,1050,GAAAGC,0.00021290322580645163
DiT,1050,GAAAGG,0.00021935483870967742
DiT,1050,GAAAGT,0.0002967741935483871
DiT,1050,GAAATA,0.00025161290322580645
DiT,1050,GAAATC,0.0004838709677419355
DiT,1050,GAAATG,0.0002774193548387097
DiT,1050,GAAATT,0.0004967741935483871
DiT,1050,GAACAA,0.00025161290322580645
DiT,1050,GAACAC,0.00025161290322580645
DiT,1050,GAACAG,0.0001870967741935484
DiT,1050,GAACAT,0.00010967741935483871
DiT,1050,GAACCA,0.0003225806451612903
DiT,1050,GAACCC,0.0002
DiT,1050,GAACCG,0.00025161290322580645
DiT,1050,GAACCT,0.00014193548387096775
DiT,1050,GAACGA,0.00023225806451612904
DiT,1050,GAACGC,4.516129032258064e-05
DiT,1050,GAACGG,0.00012903225806451613
DiT,1050,GAACGT,0.00014193548387096775
DiT,1050,GAACTA,0.00016774193548387096
DiT,1050,GAACTC,0.0001870967741935484
DiT,1050,GAACTG,0.0001032258064516129
DiT,1050,GAACTT,0.0001870967741935484
DiT,1050,GAAGAA,0.0014064516129032258
DiT,1050,GAAGAC,0.00036774193548387097
DiT,1050,GAAGAG,0.0008129032258064516
DiT,1050,GAAGAT,0.0008451612903225806
DiT,1050,GAAGCA,0.00044516129032258066
DiT,1050,GAAGCC,0.00029032258064516127
DiT,1050,GAAGCG,0.00025806451612903227
DiT,1050,GAAGCT,0.0005548387096774194
DiT,1050,GAAGGA,0.0005161290322580645
DiT,1050,GAAGGC,0.00016129032258064516
DiT,1050,GAAGGG,0.00018064516129032257
DiT,1050,GAAGGT,0.00017419354838709678
DiT,1050,GAAGTA,0.00022580645161290321
DiT,1050,GAAGTC,0.00025806451612903227
DiT,1050,GAAGTG,0.00021935483870967742
DiT,1050,GAAGTT,0.0004064516129032258
DiT,1050,GAATAA,0.00022580645161290321
DiT,1050,GAATAC,0.0001032258064516129
DiT,1050,GAATAG,0.00015483870967741937
DiT,1050,GAATAT,0.0002451612903225806
DiT,1050,GAATCA,0.00034838709677419355
DiT,1050,GAATCC,0.0003225806451612903
DiT,1050,GAATCG,0.00038064516129032255
DiT,1050,GAATCT,0.000432258064516129
DiT,1050,GAATGA,0.0002774193548387097
DiT,1050,GAATGC,9.67741935483871e-05
DiT,1050,GAATGG,0.0001870967741935484
DiT,1050,GAATGT,0.0001935483870967742
DiT,1050,GAATTA,0.00027096774193548386
DiT,1050,GAATTC,0.00030967741935483873
DiT,1050,GAATTG,0.0002838709677419355
DiT,1050,GAATTT,0.0006064516129032258
DiT,1050,GACAAA,0.00041935483870967743
DiT,1050,GACAAC,0.00022580645161290321
DiT,1050,GACAAG,0.00025161290322580645
DiT,1050,GACAAT,0.0002774193548387097
DiT,1050,GACACA,0.00010967741935483871
DiT,1050,GACACC,0.0001870967741935484
DiT,1050,GACACG,9.67741935483871e-05
DiT,1050,GACACT,0.00013548387096774193
DiT,1050,GACAGA,0.00029032258064516127
DiT,1050,GACAGC,0.0001032258064516129
DiT,1050,GACAGG,7.741935483870968e-05
DiT,1050,GACAGT,0.00014838709677419355
DiT,1050,GACATA,0.00014193548387096775
DiT,1050,GACATC,0.0001870967741935484
DiT,1050,GACATG,0.00013548387096774193
DiT,1050,GACATT,0.0001225806451612903
DiT,1050,GACCAA,0.0002838709677419355
DiT,1050,GACCAC,0.0001935483870967742
DiT,1050,GACCAG,0.00010967741935483871
DiT,1050,GACCAT,0.0002
DiT,1050,GACCCA,0.00013548387096774193
DiT,1050,GACCCC,8.387096774193548e-05
DiT,1050,GACCCG,5.806451612903226e-05
DiT,1050,GACCCT,0.00011612903225806452
DiT,1050,GACCGA,0.00012903225806451613
DiT,1050,GACCGC,9.032258064516129e-05
DiT,1050,GACCGG,0.0001032258064516129
DiT,1050,GACCGT,0.00012903225806451613
DiT,1050,GACCTA,0.00013548387096774193
DiT,1050,GACCTC,0.00012903225806451613
DiT,1050,GACCTG,3.870967741935484e-05
DiT,1050,GACCTT,0.00015483870967741937
DiT,1050,GACGAA,0.00034193548387096773
DiT,1050,GACGAC,0.0003161290322580645
DiT,1050,GACGAG,0.00022580645161290321
DiT,1050,GACGAT,0.00042580645161290325
DiT,1050,GACGCA,0.00010967741935483871
DiT,1050,GACGCC,0.00013548387096774193
DiT,1050,GACGCG,8.387096774193548e-05
DiT,1050,GACGCT,0.0001032258064516129
DiT,1050,GACGGA,0.0004129032258064516
DiT,1050,GACGGC,0.00023870967741935483
DiT,1050,GACGGG,7.741935483870968e-05
DiT,1050,GACGGT,0.0002451612903225806
DiT,1050,GACGTA,0.00013548387096774193
DiT,1050,GACGTC,0.00030967741935483873
DiT,1050,GACGTG,0.00013548387096774193
DiT,1050,GACGTT,0.0002064516129032258
DiT,1050,GACTAA,0.00021290322580645163
DiT,1050,GACTAC,0.0002064516129032258
DiT,1050,GACTAG,0.00011612903225806452
DiT,1050,GACTAT,0.00012903225806451613
DiT,1050,GACTCA,0.0002451612903225806
DiT,1050,GACTCC,0.00015483870967741937
DiT,1050,GACTCG,0.00014193548387096775
DiT,1050,GACTCT,0.00022580645161290321
DiT,1050,GACTGA,9.67741935483871e-05
DiT,1050,GACTGC,6.451612903225807e-05
DiT,1050,GACTGG,7.741935483870968e-05
DiT,1050,GACTGT,8.387096774193548e-05
DiT,1050,GACTTA,0.00015483870967741937
DiT,1050,GACTTC,0.0002064516129032258
DiT,1050,GACTTG,0.00017419354838709678
DiT,1050,GACTTT,0.0002774193548387097
DiT,1050,GAGAAA,0.0008387096774193549
DiT,1050,GAGAAC,0.00025806451612903227
DiT,1050,GAGAAG,0.0009419354838709678
DiT,1050,GAGAAT,0.0003032258064516129
DiT,1050,GAGACA,0.0003032258064516129
DiT,1050,GAGACC,0.00013548387096774193
DiT,1050,GAGACG,0.00034193548387096773
DiT,1050,GAGACT,0.00021935483870967742
DiT,1050,GAGAGA,0.0011225806451612903
DiT,1050,GAGAGC,0.00030967741935483873
DiT,1050,GAGAGG,0.0003161290322580645
DiT,1050,GAGAGT,0.0002645161290322581
DiT,1050,GAGATA,0.00034193548387096773
DiT,1050,GAGATC,0.0003741935483870968
DiT,1050,GAGATG,0.0004903225806451613
DiT,1050,GAGATT,0.0005161290322580645
DiT,1050,GAGCAA,0.00025161290322580645
DiT,1050,GAGCAC,7.096774193548388e-05
DiT,1050,GAGCAG,0.00022580645161290321
DiT,1050,GAGCAT,0.00027096774193548386
DiT,1050,GAGCCA,0.00017419354838709678
DiT,1050,GAGCCC,8.387096774193548e-05
DiT,1050,GAGCCG,0.0002
DiT,1050,GAGCCT,0.00011612903225806452
DiT,1050,GAGCGA,0.00021290322580645163
DiT,1050,GAGCGC,5.161290322580645e-05
DiT,1050,GAGCGG,0.00013548387096774193
DiT,1050,GAGCGT,7.741935483870968e-05
DiT,1050,GAGCTA,0.00023225806451612904
DiT,1050,GAGCTC,0.0003354838709677419
DiT,1050,GAGCTG,0.00018064516129032257
DiT,1050,GAGCTT,0.00034193548387096773
DiT,1050,GAGGAA,0.0004903225806451613
DiT,1050,GAGGAC,0.00016774193548387096
DiT,1050,GAGGAG,0.0005806451612903225
DiT,1050,GAGGAT,0.00036129032258064514
DiT,1050,GAGGCA,0.00010967741935483871
DiT,1050,GAGGCC,9.67741935483871e-05
DiT,1050,GAGGCG,0.00015483870967741937
DiT,1050,GAGGCT,0.00015483870967741937
DiT,1050,GAGGGA,0.00021290322580645163
DiT,1050,GAGGGC,7.096774193548388e-05
DiT,1050,GAGGGG,8.387096774193548e-05
DiT,1050,GAGGGT,8.387096774193548e-05
DiT,1050,GAGGTA,0.00016129032258064516
DiT,1050,GAGGTC,0.00014193548387096775
DiT,1050,GAGGTG,0.00023225806451612904
DiT,1050,GAGGTT,0.0002645161290322581
DiT,1050,GAGTAA,0.0002
DiT,1050,GAGTAC,8.387096774193548e-05
DiT,1050,GAGTAG,0.0001870967741935484
DiT,1050,GAGTAT,0.00015483870967741937
DiT,1050,GAGTCA,0.00021290322580645163
DiT,1050,GAGTCC,0.0001032258064516129
DiT,1050,GAGTCG,0.00018064516129032257
DiT,1050,GAGTCT,0.00016129032258064516
DiT,1050,GAGTGA,0.0003161290322580645
DiT,1050,GAGTGC,7.741935483870968e-05
DiT,1050,GAGTGG,0.00017419354838709678
DiT,1050,GAGTGT,0.00017419354838709678
DiT,1050,GAGTTA,0.00017419354838709678
DiT,1050,GAGTTC,0.00023870967741935483
DiT,1050,GAGTTG,0.00036774193548387097
DiT,1050,GAGTTT,0.0005032258064516129
DiT,1050,GATAAA,0.00042580645161290325
DiT,1050,GATAAC,0.0002838709677419355
DiT,1050,GATAAG,0.0002451612903225806
DiT,1050,GATAAT,0.0003354838709677419
DiT,1050,GATACA,0.0002
DiT,1050,GATACC,0.00018064516129032257
DiT,1050,GATACG,0.0001032258064516129
DiT,1050,GATACT,0.00016129032258064516
DiT,1050,GATAGA,0.0001870967741935484
DiT,1050,GATAGC,0.00013548387096774193
DiT,1050,GATAGG,0.00016774193548387096
DiT,1050,GATAGT,0.00018064516129032257
DiT,1050,GATATA,0.00023225806451612904
DiT,1050,GATATC,0.00023870967741935483
DiT,1050,GATATG,0.0002064516129032258
DiT,1050,GATATT,0.00025806451612903227
DiT,1050,GATCAA,0.00045806451612903225
DiT,1050,GATCAC,0.0003032258064516129
DiT,1050,GATCAG,0.00034838709677419355
DiT,1050,GATCAT,0.0003548387096774194
DiT,1050,GATCCA,0.00029032258064516127
DiT,1050,GATCCC,0.0001870967741935484
DiT,1050,GATCCG,0.00036774193548387097
DiT,1050,GATCCT,0.00029032258064516127
DiT,1050,GATCGA,0.00032903225806451614
DiT,1050,GATCGC,0.00014838709677419355
DiT,1050,GATCGG,0.0002774193548387097
DiT,1050,GATCGT,0.0002064516129032258
DiT,1050,GATCTA,0.00021935483870967742
DiT,1050,GATCTC,0.0005741935483870968
DiT,1050,GATCTG,0.00036129032258064514
DiT,1050,GATCTT,0.0004967741935483871
DiT,1050,GATGAA,0.0005419354838709677
DiT,1050,GATGAC,0.0002645161290322581
DiT,1050,GATGAG,0.00036129032258064514
DiT,1050,GATGAT,0.000632258064516129
DiT,1050,GATGCA,0.00016129032258064516
DiT,1050,GATGCC,0.00014838709677419355
DiT,1050,GATGCG,0.00013548387096774193
DiT,1050,GATGCT,0.00023870967741935483
DiT,1050,GATGGA,0.0004129032258064516
DiT,1050,GATGGC,0.0003225806451612903
DiT,1050,GATGGG,0.0001870967741935484
DiT,1050,GATGGT,0.0004
DiT,1050,GATGTA,0.00014193548387096775
DiT,1050,GATGTC,0.00021290322580645163
DiT,1050,GATGTG,0.00027096774193548386
DiT,1050,GATGTT,0.00036129032258064514
DiT,1050,GATTAA,0.0003225806451612903
DiT,1050,GATTAC,0.00030967741935483873
DiT,1050,GATTAG,0.00025806451612903227
DiT,1050,GATTAT,0.00036774193548387097
DiT,1050,GATTCA,0.00046451612903225807
DiT,1050,GATTCC,0.0003870967741935484
DiT,1050,GATTCG,0.00042580645161290325
DiT,1050,GATTCT,0.0005935483870967742
DiT,1050,GATTGA,0.00032903225806451614
DiT,1050,GATTGC,0.00017419354838709678
DiT,1050,GATTGG,0.00030967741935483873
DiT,1050,GATTGT,0.0003354838709677419
DiT,1050,GATTTA,0.0003870967741935484
DiT,1050,GATTTC,0.0005225806451612903
DiT,1050,GATTTG,0.0005290322580645162
DiT,1050,GATTTT,0.0008451612903225806
DiT,1050,GCAAAA,0.0003935483870967742
DiT,1050,GCAAAC,0.00015483870967741937
DiT,1050,GCAAAG,0.00016774193548387096
DiT,1050,GCAAAT,0.0002451612903225806
DiT,1050,GCAACA,0.00022580645161290321
DiT,1050,GCAACC,0.00011612903225806452
DiT,1050,GCAACG,0.00022580645161290321
DiT,1050,GCAACT,0.00018064516129032257
DiT,1050,GCAAGA,0.00025161290322580645
DiT,1050,GCAAGC,0.00012903225806451613
DiT,1050,GCAAGG,0.00011612903225806452
DiT,1050,GCAAGT,9.032258064516129e-05
DiT,1050,GCAATA,0.00021290322580645163
DiT,1050,GCAATC,0.00014838709677419355
DiT,1050,GCAATG,0.0001870967741935484
DiT,1050,GCAATT,0.00025806451612903227
DiT,1050,GCACAA,0.00011612903225806452
DiT,1050,GCACAC,0.00012903225806451613
DiT,1050,GCACAG,5.161290322580645e-05
DiT,1050,GCACAT,5.806451612903226e-05
DiT,1050,GCACCA,0.00013548387096774193
DiT,1050,GCACCC,3.2258064516129034e-05
DiT,1050,GCACCG,0.00011612903225806452
DiT,1050,GCACCT,4.516129032258064e-05
DiT,1050,GCACGA,7.096774193548388e-05
DiT,1050,GCACGC,3.2258064516129034e-05
DiT,1050,GCACGG,2.5806451612903226e-05
DiT,1050,GCACGT,0.00010967741935483871
DiT,1050,GCACTA,8.387096774193548e-05
DiT,1050,GCACTC,8.387096774193548e-05
DiT,1050,GCACTG,7.096774193548388e-05
DiT,1050,GCACTT,5.806451612903226e-05
DiT,1050,GCAGAA,0.0003354838709677419
DiT,1050,GCAGAC,0.0001032258064516129
DiT,1050,GCAGAG,0.0003032258064516129
DiT,1050,GCAGAT,0.0002967741935483871
DiT,1050,GCAGCA,0.0002
DiT,1050,GCAGCC,0.00010967741935483871
DiT,1050,GCAGCG,0.00014838709677419355
DiT,1050,GCAGCT,0.0001935483870967742
DiT,1050,GCAGGA,7.741935483870968e-05
DiT,1050,GCAGGC,3.2258064516129034e-05
DiT,1050,GCAGGG,2.5806451612903226e-05
DiT,1050,GCAGGT,5.161290322580645e-05
DiT,1050,GCAGTA,9.032258064516129e-05
DiT,1050,GCAGTC,8.387096774193548e-05
DiT,1050,GCAGTG,0.0001225806451612903
DiT,1050,GCAGTT,0.00015483870967741937
DiT,1050,GCATAA,0.0001032258064516129
DiT,1050,GCATAC,7.096774193548388e-05
DiT,1050,GCATAG,9.67741935483871e-05
DiT,1050,GCATAT,0.00011612903225806452
DiT,1050,GCATCA,0.0001935483870967742
DiT,1050,GCATCC,9.032258064516129e-05
DiT,1050,GCATCG,0.00016129032258064516
DiT,1050,GCATCT,0.00023225806451612904
DiT,1050,GCATGA,9.032258064516129e-05
DiT,1050,GCATGC,3.870967741935484e-05
DiT,1050,GCATGG,0.00012903225806451613
DiT,1050,GCATGT,9.032258064516129e-05
DiT,1050,GCATTA,0.0001032258064516129
DiT,1050,GCATTC,0.00012903225806451613
DiT,1050,GCATTG,0.00010967741935483871
DiT,1050,GCATTT,0.0001870967741935484
DiT,1050,GCCAAA,0.00023225806451612904
DiT,1050,GCCAAC,0.00014193548387096775
DiT,1050,GCCAAG,0.00016774193548387096
DiT,1050,GCCAAT,0.0001870967741935484
DiT,1050,GCCACA,0.00018064516129032257
DiT,1050,GCCACC,0.00023870967741935483
DiT,1050,GCCACG,8.387096774193548e-05
DiT,1050,GCCACT,9.67741935483871e-05
DiT,1050,GCCAGA,0.00016129032258064516
DiT,1050,GCCAGC,8.387096774193548e-05
DiT,1050,GCCAGG,5.161290322580645e-05
DiT,1050,GCCAGT,5.161290322580645e-05
DiT,1050,GCCATA,0.00012903225806451613
DiT,1050,GCCATC,0.00022580645161290321
DiT,1050,GCCATG,0.00014838709677419355
DiT,1050,GCCATT,0.0002
DiT,1050,GCCCAA,0.00023870967741935483
DiT,1050,GCCCAC,7.741935483870968e-05
DiT,1050,GCCCAG,9.67741935483871e-05
DiT,1050,GCCCAT,0.00012903225806451613
DiT,1050,GCCCCA,2.5806451612903226e-05
DiT,1050,GCCCCC,2.5806451612903226e-05
DiT,1050,GCCCCG,4.516129032258064e-05
DiT,1050,GCCCCT,7.096774193548388e-05
DiT,1050,GCCCGA,6.451612903225807e-05
DiT,1050,GCCCGC,5.161290322580645e-05
DiT,1050,GCCCGG,7.096774193548388e-05
DiT,1050,GCCCGT,9.67741935483871e-05
DiT,1050,GCCCTA,5.161290322580645e-05
DiT,1050,GCCCTC,0.00010967741935483871
DiT,1050,GCCCTG,2.5806451612903226e-05
DiT,1050,GCCCTT,0.00010967741935483871
DiT,1050,GCCGAA,0.0001935483870967742
DiT,1050,GCCGAC,0.00027096774193548386
DiT,1050,GCCGAG,0.0001225806451612903
DiT,1050,GCCGAT,0.0002774193548387097
DiT,1050,GCCGCA,0.00016774193548387096
DiT,1050,GCCGCC,0.00036129032258064514
DiT,1050,GCCGCG,0.00013548387096774193
DiT,1050,GCCGCT,0.00032903225806451614
DiT,1050,GCCGGA,0.00021290322580645163
DiT,1050,GCCGGC,0.00018064516129032257
DiT,1050,GCCGGG,7.741935483870968e-05
DiT,1050,GCCGGT,0.00016774193548387096
DiT,1050,GCCGTA,0.00018064516129032257
DiT,1050,GCCGTC,0.0003870967741935484
DiT,1050,GCCGTG,0.0002
DiT,1050,GCCGTT,0.0002967741935483871
DiT,1050,GCCTAA,0.00014838709677419355
DiT,1050,GCCTAC,0.0001032258064516129
DiT,1050,GCCTAG,6.451612903225807e-05
DiT,1050,GCCTAT,7.096774193548388e-05
DiT,1050,GCCTCA,0.00014838709677419355
DiT,1050,GCCTCC,0.0002838709677419355
DiT,1050,GCCTCG,6.451612903225807e-05
DiT,1050,GCCTCT,0.0002064516129032258
DiT,1050,GCCTGA,0.00010967741935483871
DiT,1050,GCCTGC,5.806451612903226e-05
DiT,1050,GCCTGG,2.5806451612903226e-05
DiT,1050,GCCTGT,4.516129032258064e-05
DiT,1050,GCCTTA,0.00013548387096774193
DiT,1050,GCCTTC,0.00018064516129032257
DiT,1050,GCCTTG,9.032258064516129e-05
DiT,1050,GCCTTT,0.0002
DiT,1050,GCGAAA,0.0001870967741935484
DiT,1050,GCGAAC,0.00011612903225806452
DiT,1050,GCGAAG,0.0002645161290322581
DiT,1050,GCGAAT,0.00015483870967741937
DiT,1050,GCGACA,0.00012903225806451613
DiT,1050,GCGACC,0.00010967741935483871
DiT,1050,GCGACG,0.0002967741935483871
DiT,1050,GCGACT,0.00013548387096774193
DiT,1050,GCGAGA,0.00014193548387096775
DiT,1050,GCGAGC,7.741935483870968e-05
DiT,1050,GCGAGG,0.00011612903225806452
DiT,1050,GCGAGT,9.032258064516129e-05
DiT,1050,GCGATA,0.00014193548387096775
DiT,1050,GCGATC,0.0001870967741935484
DiT,1050,GCGATG,0.0002967741935483871
DiT,1050,GCGATT,0.00027096774193548386
DiT,1050,GCGCAA,6.451612903225807e-05
DiT,1050,GCGCAC,3.870967741935484e-05
DiT,1050,GCGCAG,8.387096774193548e-05
DiT,1050,GCGCAT,7.741935483870968e-05
DiT,1050,GCGCCA,6.451612903225807e-05
DiT,1050,GCGCCC,3.2258064516129034e-05
DiT,1050,GCGCCG,0.0001935483870967742
DiT,1050,GCGCCT,4.516129032258064e-05
DiT,1050,GCGCGA,5.806451612903226e-05
DiT,1050,GCGCGC,2.5806451612903226e-05
DiT,1050,GCGCGG,4.516129032258064e-05
DiT,1050,GCGCGT,3.2258064516129034e-05
DiT,1050,GCGCTA,3.870967741935484e-05
DiT,1050,GCGCTC,9.032258064516129e-05
DiT,1050,GCGCTG,8.387096774193548e-05
DiT,1050,GCGCTT,0.00014193548387096775
DiT,1050,GCGGAA,0.0001935483870967742
DiT,1050,GCGGAC,7.096774193548388e-05
DiT,1050,GCGGAG,0.00034193548387096773
DiT,1050,GCGGAT,0.00015483870967741937
DiT,1050,GCGGCA,0.00013548387096774193
DiT,1050,GCGGCC,0.0001032258064516129
DiT,1050,GCGGCG,0.0005161290322580645
DiT,1050,GCGGCT,0.00016774193548387096
DiT,1050,GCGGGA,7.096774193548388e-05
DiT,1050,GCGGGC,5.161290322580645e-05
DiT,1050,GCGGGG,5.806451612903226e-05
DiT,1050,GCGGGT,7.096774193548388e-05
DiT,1050,GCGGTA,0.00010967741935483871
DiT,1050,GCGGTC,5.161290322580645e-05
DiT,1050,GCGGTG,0.0003032258064516129
DiT,1050,GCGGTT,0.0001935483870967742
DiT,1050,GCGTAA,0.0001032258064516129
DiT,1050,GCGTAC,7.741935483870968e-05
DiT,1050,GCGTAG,6.451612903225807e-05
DiT,1050,GCGTAT,9.032258064516129e-05
DiT,1050,GCGTCA,0.00016774193548387096
DiT,1050,GCGTCC,5.806451612903226e-05
DiT,1050,GCGTCG,0.0002451612903225806
DiT,1050,GCGTCT,0.00010967741935483871
DiT,1050,GCGTGA,7.741935483870968e-05
DiT,1050,GCGTGC,2.5806451612903226e-05
DiT,1050,GCGTGG,8.387096774193548e-05
DiT,1050,GCGTGT,9.032258064516129e-05
DiT,1050,GCGTTA,7.741935483870968e-05
DiT,1050,GCGTTC,7.741935483870968e-05
DiT,1050,GCGTTG,0.00014838709677419355
DiT,1050,GCGTTT,0.00023225806451612904
DiT,1050,GCTAAA,0.0002064516129032258
DiT,1050,GCTAAC,0.00013548387096774193
DiT,1050,GCTAAG,0.00011612903225806452
DiT,1050,GCTAAT,0.00021290322580645163
DiT,1050,GCTACA,0.00022580645161290321
DiT,1050,GCTACC,0.00018064516129032257
DiT,1050,GCTACG,0.00016774193548387096
DiT,1050,GCTACT,0.0002
DiT,1050,GCTAGA,0.00013548387096774193
DiT,1050,GCTAGC,8.387096774193548e-05
DiT,1050,GCTAGG,8.387096774193548e-05
DiT,1050,GCTAGT,0.00010967741935483871
DiT,1050,GCTATA,0.0001032258064516129
DiT,1050,GCTATC,0.00016129032258064516
DiT,1050,GCTATG,0.0001225806451612903
DiT,1050,GCTATT,0.00018064516129032257
DiT,1050,GCTCAA,0.00023225806451612904
DiT,1050,GCTCAC,0.0002451612903225806
DiT,1050,GCTCAG,9.032258064516129e-05
DiT,1050,GCTCAT,0.00013548387096774193
DiT,1050,GCTCCA,0.0001935483870967742
DiT,1050,GCTCCC,0.00010967741935483871
DiT,1050,GCTCCG,0.00036774193548387097
DiT,1050,GCTCCT,0.00023870967741935483
DiT,1050,GCTCGA,0.0002064516129032258
DiT,1050,GCTCGC,0.0001032258064516129
DiT,1050,GCTCGG,6.451612903225807e-05
DiT,1050,GCTCGT,0.00017419354838709678
DiT,1050,GCTCTA,0.00011612903225806452
DiT,1050,GCTCTC,0.0005032258064516129
DiT,1050,GCTCTG,0.00014838709677419355
DiT,1050,GCTCTT,0.00032903225806451614
DiT,1050,GCTGAA,0.0001870967741935484
DiT,1050,GCTGAC,9.67741935483871e-05
DiT,1050,GCTGAG,0.00018064516129032257
DiT,1050,GCTGAT,0.00021290322580645163
DiT,1050,GCTGCA,0.00013548387096774193
DiT,1050,GCTGCC,0.00010967741935483871
DiT,1050,GCTGCG,0.00014838709677419355
DiT,1050,GCTGCT,0.0001935483870967742
DiT,1050,GCTGGA,0.00013548387096774193
DiT,1050,GCTGGC,9.67741935483871e-05
DiT,1050,GCTGGG,6.451612903225807e-05
DiT,1050,GCTGGT,0.00014193548387096775
DiT,1050,GCTGTA,5.806451612903226e-05
DiT,1050,GCTGTC,0.00011612903225806452
DiT,1050,GCTGTG,0.00018064516129032257
DiT,1050,GCTGTT,0.00029032258064516127
DiT,1050,GCTTAA,0.00021290322580645163
DiT,1050,GCTTAC,0.00016129032258064516
DiT,1050,GCTTAG,0.00014193548387096775
DiT,1050,GCTTAT,0.0001935483870967742
DiT,1050,GCTTCA,0.0004129032258064516
DiT,1050,GCTTCC,0.0003548387096774194
DiT,1050,GCTTCG,0.00041935483870967743
DiT,1050,GCTTCT,0.0006193548387096775
DiT,1050,GCTTGA,0.00029032258064516127
DiT,1050,GCTTGC,0.00014193548387096775
DiT,1050,GCTTGG,0.00016774193548387096
DiT,1050,GCTTGT,0.00023225806451612904
DiT,1050,GCTTTA,0.0002451612903225806
DiT,1050,GCTTTC,0.0003935483870967742
DiT,1050,GCTTTG,0.0003548387096774194
DiT,1050,GCTTTT,0.0005548387096774194
DiT,1050,GGAAAA,0.00046451612903225807
DiT,1050,GGAAAC,0.0003225806451612903
DiT,1050,GGAAAG,0.00032903225806451614
DiT,1050,GGAAAT,0.00027096774193548386
DiT,1050,GGAACA,0.00016774193548387096
DiT,1050,GGAACC,0.00017419354838709678
DiT,1050,GGAACG,0.00014193548387096775
DiT,1050,GGAACT,0.00016129032258064516
DiT,1050,GGAAGA,0.0006258064516129032
DiT,1050,GGAAGC,0.0001870967741935484
DiT,1050,GGAAGG,0.0001935483870967742
DiT,1050,GGAAGT,0.00012903225806451613
DiT,1050,GGAATA,0.0001225806451612903
DiT,1050,GGAATC,0.0003161290322580645
DiT,1050,GGAATG,0.00010967741935483871
DiT,1050,GGAATT,0.0003225806451612903
DiT,1050,GGACAA,0.0002645161290322581
DiT,1050,GGACAC,8.387096774193548e-05
DiT,1050,GGACAG,7.741935483870968e-05
DiT,1050,GGACAT,8.387096774193548e-05
DiT,1050,GGACCA,0.00010967741935483871
DiT,1050,GGACCC,7.096774193548388e-05
DiT,1050,GGACCG,5.161290322580645e-05
DiT,1050,GGACCT,5.161290322580645e-05
DiT,1050,GGACGA,0.00014838709677419355
DiT,1050,GGACGC,3.870967741935484e-05
DiT,1050,GGACGG,0.00016129032258064516
DiT,1050,GGACGT,0.0001225806451612903
DiT,1050,GGACTA,0.0001032258064516129
DiT,1050,GGACTC,0.00014193548387096775
DiT,1050,GGACTG,3.870967741935484e-05
DiT,1050,GGACTT,0.00010967741935483871
DiT,1050,GGAGAA,0.0006903225806451613
DiT,1050,GGAGAC,0.0002838709677419355
DiT,1050,GGAGAG,0.00045806451612903225
DiT,1050,GGAGAT,0.0005161290322580645
DiT,1050,GGAGCA,0.0001935483870967742
DiT,1050,GGAGCC,0.00013548387096774193
DiT,1050,GGAGCG,0.00012903225806451613
DiT,1050,GGAGCT,0.0003225806451612903
DiT,1050,GGAGGA,0.0005419354838709677
DiT,1050,GGAGGC,0.00014838709677419355
DiT,1050,GGAGGG,0.00012903225806451613
DiT,1050,GGAGGT,0.0003161290322580645
DiT,1050,GGAGTA,0.00016129032258064516
DiT,1050,GGAGTC,0.00014838709677419355
DiT,1050,GGAGTG,0.00013548387096774193
DiT,1050,GGAGTT,0.0003354838709677419
DiT,1050,GGATAA,0.00017419354838709678
DiT,1050,GGATAC,9.67741935483871e-05
DiT,1050,GGATAG,0.0001225806451612903
DiT,1050,GGATAT,0.00016129032258064516
DiT,1050,GGATCA,0.0002838709677419355
DiT,1050,GGATCC,0.0001870967741935484
DiT,1050,GGATCG,0.0002
DiT,1050,GGATCT,0.0003354838709677419
DiT,1050,GGATGA,0.00027096774193548386
DiT,1050,GGATGC,7.741935483870968e-05
DiT,1050,GGATGG,0.00021935483870967742
DiT,1050,GGATGT,0.00013548387096774193
DiT,1050,GGATTA,0.00022580645161290321
DiT,1050,GGATTC,0.0002967741935483871
DiT,1050,GGATTG,0.0002
DiT,1050,GGATTT,0.0004129032258064516
DiT,1050,GGCAAA,0.00014838709677419355
DiT,1050,GGCAAC,0.00013548387096774193
DiT,1050,GGCAAG,0.00011612903225806452
DiT,1050,GGCAAT,0.0002064516129032258
DiT,1050,GGCACA,7.741935483870968e-05
DiT,1050,GGCACC,5.161290322580645e-05
DiT,1050,GGCACG,4.516129032258064e-05
DiT,1050,GGCACT,8.387096774193548e-05
DiT,1050,GGCAGA,0.0002064516129032258
DiT,1050,GGCAGC,7.741935483870968e-05
DiT,1050,GGCAGG,5.806451612903226e-05
DiT,1050,GGCAGT,2.5806451612903226e-05
DiT,1050,GGCATA,7.096774193548388e-05
DiT,1050,GGCATC,7.741935483870968e-05
DiT,1050,GGCATG,9.032258064516129e-05
DiT,1050,GGCATT,8.387096774193548e-05
DiT,1050,GGCCAA,0.00016129032258064516
DiT,1050,GGCCAC,7.741935483870968e-05
DiT,1050,GGCCAG,7.741935483870968e-05
DiT,1050,GGCCAT,0.00014193548387096775
DiT,1050,GGCCCA,0.00015483870967741937
DiT,1050,GGCCCC,1.2903225806451613e-05
DiT,1050,GGCCCG,7.096774193548388e-05
DiT,1050,GGCCCT,5.806451612903226e-05
DiT,1050,GGCCGA,0.00011612903225806452
DiT,1050,GGCCGC,0.00013548387096774193
DiT,1050,GGCCGG,9.032258064516129e-05
DiT,1050,GGCCGT,0.00012903225806451613
DiT,1050,GGCCTA,0.0001225806451612903
DiT,1050,GGCCTC,8.387096774193548e-05
DiT,1050,GGCCTG,4.516129032258064e-05
DiT,1050,GGCCTT,0.00010967741935483871
DiT,1050,GGCGAA,0.00021290322580645163
DiT,1050,GGCGAC,0.0002838709677419355
DiT,1050,GGCGAG,0.0001870967741935484
DiT,1050,GGCGAT,0.00038064516129032255
DiT,1050,GGCGCA,4.516129032258064e-05
DiT,1050,GGCGCC,0.00011612903225806452
DiT,1050,GGCGCG,5.161290322580645e-05
DiT,1050,GGCGCT,0.0001225806451612903
DiT,1050,GGCGGA,0.00034193548387096773
DiT,1050,GGCGGC,0.0004129032258064516
DiT,1050,GGCGGG,9.67741935483871e-05
DiT,1050,GGCGGT,0.0003354838709677419
DiT,1050,GGCGTA,9.032258064516129e-05
DiT,1050,GGCGTC,0.00016774193548387096
DiT,1050,GGCGTG,6.451612903225807e-05
DiT,1050,GGCGTT,0.0001225806451612903
DiT,1050,GGCTAA,0.00015483870967741937
DiT,1050,GGCTAC,0.00010967741935483871
DiT,1050,GGCTAG,7.096774193548388e-05
DiT,1050,GGCTAT,0.0001032258064516129
DiT,1050,GGCTCA,0.00014193548387096775
DiT,1050,GGCTCC,0.00016774193548387096
DiT,1050,GGCTCG,9.67741935483871e-05
DiT,1050,GGCTCT,0.00021290322580645163
DiT,1050,GGCTGA,0.0001225806451612903
DiT,1050,GGCTGC,0.0001225806451612903
DiT,1050,GGCTGG,0.0001032258064516129
DiT,1050,GGCTGT,7.741935483870968e-05
DiT,1050,GGCTTA,0.0002064516129032258
DiT,1050,GGCTTC,0.0003548387096774194
DiT,1050,GGCTTG,0.00018064516129032257
DiT,1050,GGCTTT,0.0003032258064516129
DiT,1050,GGGAAA,0.00022580645161290321
DiT,1050,GGGAAC,0.0001225806451612903
DiT,1050,GGGAAG,0.00021935483870967742
DiT,1050,GGGAAT,0.00015483870967741937
DiT,1050,GGGACA,7.096774193548388e-05
DiT,1050,GGGACC,1.935483870967742e-05
DiT,1050,GGGACG,0.0001032258064516129
DiT,1050,GGGACT,3.870967741935484e-05
DiT,1050,GGGAGA,0.00018064516129032257
DiT,1050,GGGAGC,0.0001032258064516129
DiT,1050,GGGAGG,0.00017419354838709678
DiT,1050,GGGAGT,0.00013548387096774193
DiT,1050,GGGATA,9.032258064516129e-05
DiT,1050,GGGATC,0.00011612903225806452
DiT,1050,GGGATG,0.00016129032258064516
DiT,1050,GGGATT,0.0002064516129032258
DiT,1050,GGGCAA,0.00010967741935483871
DiT,1050,GGGCAC,6.451612903225807e-05
DiT,1050,GGGCAG,4.516129032258064e-05
DiT,1050,GGGCAT,8.387096774193548e-05
DiT,1050,GGGCCA,0.00013548387096774193
DiT,1050,GGGCCC,6.451612903225807e-05
DiT,1050,GGGCCG,1.935483870967742e-05
DiT,1050,GGGCCT,7.096774193548388e-05
DiT,1050,GGGCGA,7.741935483870968e-05
DiT,1050,GGGCGC,6.451612903225806e-06
DiT,1050,GGGCGG,6.451612903225807e-05
DiT,1050,GGGCGT,1.935483870967742e-05
DiT,1050,GGGCTA,8.387096774193548e-05
DiT,1050,GGGCTC,5.161290322580645e-05
DiT,1050,GGGCTG,3.870967741935484e-05
DiT,1050,GGGCTT,0.0002064516129032258
DiT,1050,GGGGAA,0.00014838709677419355
DiT,1050,GGGGAC,5.161290322580645e-05
DiT,1050,GGGGAG,9.67741935483871e-05
DiT,1050,GGGGAT,0.0001225806451612903
DiT,1050,GGGGCA,5.161290322580645e-05
DiT,1050,GGGGCC,2.5806451612903226e-05
DiT,1050,GGGGCG,5.806451612903226e-05
DiT,1050,GGGGCT,3.870967741935484e-05
DiT,1050,GGGGGA,7.096774193548388e-05
DiT,1050,GGGGGC,2.5806451612903226e-05
DiT,1050,GGGGGG,3.870967741935484e-05
DiT,1050,GGGGGT,5.161290322580645e-05
DiT,1050,GGGGTA,7.096774193548388e-05
DiT,1050,GGGGTC,7.096774193548388e-05
DiT,1050,GGGGTG,3.2258064516129034e-05
DiT,1050,GGGGTT,0.00021290322580645163
DiT,1050,GGGTAA,0.00010967741935483871
DiT,1050,GGGTAC,9.032258064516129e-05
DiT,1050,GGGTAG,5.806451612903226e-05
DiT,1050,GGGTAT,9.032258064516129e-05
DiT,1050,GGGTCA,0.0001225806451612903
DiT,1050,GGGTCC,5.806451612903226e-05
DiT,1050,GGGTCG,0.0001225806451612903
DiT,1050,GGGTCT,0.00014193548387096775
DiT,1050,GGGTGA,0.00011612903225806452
DiT,1050,GGGTGC,5.806451612903226e-05
DiT,1050,GGGTGG,0.00014193548387096775
DiT,1050,GGGTGT,5.806451612903226e-05
DiT,1050,GGGTTA,0.0001870967741935484
DiT,1050,GGGTTC,0.0001935483870967742
DiT,1050,GGGTTG,0.00016129032258064516
DiT,1050,GGGTTT,0.0003935483870967742
DiT,1050,GGTAAA,0.00017419354838709678
DiT,1050,GGTAAC,0.00011612903225806452
DiT,1050,GGTAAG,0.0001225806451612903
DiT,1050,GGTAAT,0.0002064516129032258
DiT,1050,GGTACA,9.032258064516129e-05
DiT,1050,GGTACC,6.451612903225807e-05
DiT,1050,GGTACG,0.0001032258064516129
DiT,1050,GGTACT,0.00010967741935483871
DiT,1050,GGTAGA,0.00014838709677419355
DiT,1050,GGTAGC,9.67741935483871e-05
DiT,1050,GGTAGG,9.032258064516129e-05
DiT,1050,GGTAGT,9.032258064516129e-05
DiT,1050,GGTATA,9.67741935483871e-05
DiT,1050,GGTATC,0.00011612903225806452
DiT,1050,GGTATG,7.741935483870968e-05
DiT,1050,GGTATT,0.00014193548387096775
DiT,1050,GGTCAA,0.00017419354838709678
DiT,1050,GGTCAC,8.387096774193548e-05
DiT,1050,GGTCAG,0.00015483870967741937
DiT,1050,GGTCAT,0.00015483870967741937
DiT,1050,GGTCCA,0.00014838709677419355
DiT,1050,GGTCCC,2.5806451612903226e-05
DiT,1050,GGTCCG,5.161290322580645e-05
DiT,1050,GGTCCT,9.67741935483871e-05
DiT,1050,GGTCGA,0.00014193548387096775
DiT,1050,GGTCGC,9.032258064516129e-05
DiT,1050,GGTCGG,0.00011612903225806452
DiT,1050,GGTCGT,0.00017419354838709678
DiT,1050,GGTCTA,0.0001225806451612903
DiT,1050,GGTCTC,0.00016774193548387096
DiT,1050,GGTCTG,0.00013548387096774193
DiT,1050,GGTCTT,0.00013548387096774193
DiT,1050,GGTGAA,0.00030967741935483873
DiT,1050,GGTGAC,0.0001935483870967742
DiT,1050,GGTGAG,0.0002451612903225806
DiT,1050,GGTGAT,0.0003935483870967742
DiT,1050,GGTGCA,9.67741935483871e-05
DiT,1050,GGTGCC,5.806451612903226e-05
DiT,1050,GGTGCG,6.451612903225807e-05
DiT,1050,GGTGCT,0.00012903225806451613
DiT,1050,GGTGGA,0.0004064516129032258
DiT,1050,GGTGGC,0.0003032258064516129
DiT,1050,GGTGGG,0.0001032258064516129
DiT,1050,GGTGGT,0.0003161290322580645
DiT,1050,GGTGTA,0.00011612903225806452
DiT,1050,GGTGTC,0.00014193548387096775
DiT,1050,GGTGTG,0.00012903225806451613
DiT,1050,GGTGTT,0.0002838709677419355
DiT,1050,GGTTAA,0.0002451612903225806
DiT,1050,GGTTAC,0.00017419354838709678
DiT,1050,GGTTAG,0.00017419354838709678
DiT,1050,GGTTAT,0.00021935483870967742
DiT,1050,GGTTCA,0.00023225806451612904
DiT,1050,GGTTCC,0.00023870967741935483
DiT,1050,GGTTCG,0.00017419354838709678
DiT,1050,GGTTCT,0.0003548387096774194
DiT,1050,GGTTGA,0.00029032258064516127
DiT,1050,GGTTGC,0.00014838709677419355
DiT,1050,GGTTGG,0.00014193548387096775
DiT,1050,GGTTGT,0.00017419354838709678
DiT,1050,GGTTTA,0.00034838709677419355
DiT,1050,GGTTTC,0.00047741935483870966
DiT,1050,GGTTTG,0.0003935483870967742
DiT,1050,GGTTTT,0.0006
DiT,1050,GTAAAA,0.00034838709677419355
DiT,1050,GTAAAC,0.0002064516129032258
DiT,1050,GTAAAG,0.0001870967741935484
DiT,1050,GTAAAT,0.0002451612903225806
DiT,1050,GTAACA,0.00014193548387096775
DiT,1050,GTAACC,0.0001225806451612903
DiT,1050,GTAACG,0.00012903225806451613
DiT,1050,GTAACT,0.0001935483870967742
DiT,1050,GTAAGA,0.00022580645161290321
DiT,1050,GTAAGC,0.00014193548387096775
DiT,1050,GTAAGG,0.0001225806451612903
DiT,1050,GTAAGT,0.00014838709677419355
DiT,1050,GTAATA,0.0001935483870967742
DiT,1050,GTAATC,0.00023870967741935483
DiT,1050,GTAATG,0.00022580645161290321
DiT,1050,GTAATT,0.00030967741935483873
DiT,1050,GTACAA,0.00012903225806451613
DiT,1050,GTACAC,9.67741935483871e-05
DiT,1050,GTACAG,3.870967741935484e-05
DiT,1050,GTACAT,7.741935483870968e-05
DiT,1050,GTACCA,7.096774193548388e-05
DiT,1050,GTACCC,7.096774193548388e-05
DiT,1050,GTACCG,8.387096774193548e-05
DiT,1050,GTACCT,9.032258064516129e-05
DiT,1050,GTACGA,0.0001032258064516129
DiT,1050,GTACGC,5.161290322580645e-05
DiT,1050,GTACGG,7.096774193548388e-05
DiT,1050,GTACGT,9.032258064516129e-05
DiT,1050,GTACTA,0.0001032258064516129
DiT,1050,GTACTC,0.00013548387096774193
DiT,1050,GTACTG,4.516129032258064e-05
DiT,1050,GTACTT,0.0001225806451612903
DiT,1050,GTAGAA,0.00029032258064516127
DiT,1050,GTAGAC,9.032258064516129e-05
DiT,1050,GTAGAG,0.0001935483870967742
DiT,1050,GTAGAT,0.0002838709677419355
DiT,1050,GTAGCA,0.00012903225806451613
DiT,1050,GTAGCC,5.161290322580645e-05
DiT,1050,GTAGCG,0.0001032258064516129
DiT,1050,GTAGCT,0.0002
DiT,1050,GTAGGA,0.0001225806451612903
DiT,1050,GTAGGC,6.451612903225807e-05
DiT,1050,GTAGGG,8.387096774193548e-05
DiT,1050,GTAGGT,6.451612903225807e-05
DiT,1050,GTAGTA,9.032258064516129e-05
DiT,1050,GTAGTC,0.0001032258064516129
DiT,1050,GTAGTG,0.00013548387096774193
DiT,1050,GTAGTT,0.0001870967741935484
DiT,1050,GTATAA,0.00015483870967741937
DiT,1050,GTATAC,9.67741935483871e-05
DiT,1050,GTATAG,0.0001225806451612903
DiT,1050,GTATAT,0.00013548387096774193
DiT,1050,GTATCA,0.00018064516129032257
DiT,1050,GTATCC,0.00013548387096774193
DiT,1050,GTATCG,0.00017419354838709678
DiT,1050,GTATCT,0.0002064516129032258
DiT,1050,GTATGA,0.00010967741935483871
DiT,1050,GTATGC,6.451612903225807e-05
DiT,1050,GTATGG,0.00011612903225806452
DiT,1050,GTATGT,0.00017419354838709678
DiT,1050,GTATTA,0.0001870967741935484
DiT,1050,GTATTC,0.0001225806451612903
DiT,1050,GTATTG,0.0002064516129032258
DiT,1050,GTATTT,0.0002967741935483871
DiT,1050,GTCAAA,0.0003548387096774194
DiT,1050,GTCAAC,0.00025806451612903227
DiT,1050,GTCAAG,0.0001935483870967742
DiT,1050,GTCAAT,0.00021935483870967742
DiT,1050,GTCACA,0.0001870967741935484
DiT,1050,GTCACC,0.0002451612903225806
DiT,1050,GTCACG,0.0001032258064516129
DiT,1050,GTCACT,0.00023225806451612904
DiT,1050,GTCAGA,0.0002451612903225806
DiT,1050,GTCAGC,0.00011612903225806452
DiT,1050,GTCAGG,7.096774193548388e-05
DiT,1050,GTCAGT,0.00010967741935483871
DiT,1050,GTCATA,0.0001935483870967742
DiT,1050,GTCATC,0.0002774193548387097
DiT,1050,GTCATG,0.00017419354838709678
DiT,1050,GTCATT,0.00032903225806451614
DiT,1050,GTCCAA,0.00018064516129032257
DiT,1050,GTCCAC,0.00017419354838709678
DiT,1050,GTCCAG,0.00013548387096774193
DiT,1050,GTCCAT,0.00021290322580645163
DiT,1050,GTCCCA,0.00014838709677419355
DiT,1050,GTCCCC,3.2258064516129034e-05
DiT,1050,GTCCCG,9.032258064516129e-05
DiT,1050,GTCCCT,8.387096774193548e-05
DiT,1050,GTCCGA,0.00015483870967741937
DiT,1050,GTCCGC,0.0001032258064516129
DiT,1050,GTCCGG,9.032258064516129e-05
DiT,1050,GTCCGT,9.032258064516129e-05
DiT,1050,GTCCTA,0.00010967741935483871
DiT,1050,GTCCTC,0.0002451612903225806
DiT,1050,GTCCTG,6.451612903225807e-05
DiT,1050,GTCCTT,0.00017419354838709678
DiT,1050,GTCGAA,0.00029032258064516127
DiT,1050,GTCGAC,0.00025806451612903227
DiT,1050,GTCGAG,0.00017419354838709678
DiT,1050,GTCGAT,0.00029032258064516127
DiT,1050,GTCGCA,7.741935483870968e-05
DiT,1050,GTCGCC,0.00029032258064516127
DiT,1050,GTCGCG,0.00012903225806451613
DiT,1050,GTCGCT,0.00025806451612903227
DiT,1050,GTCGGA,0.00022580645161290321
DiT,1050,GTCGGC,0.00021935483870967742
DiT,1050,GTCGGG,9.032258064516129e-05
DiT,1050,GTCGGT,0.0002064516129032258
DiT,1050,GTCGTA,0.0001225806451612903
DiT,1050,GTCGTC,0.0004129032258064516
DiT,1050,GTCGTG,0.00025806451612903227
DiT,1050,GTCGTT,0.00034193548387096773
DiT,1050,GTCTAA,0.0002064516129032258
DiT,1050,GTCTAC,0.00014193548387096775
DiT,1050,GTCTAG,5.806451612903226e-05
DiT,1050,GTCTAT,0.00018064516129032257
DiT,1050,GTCTCA,0.00022580645161290321
DiT,1050,GTCTCC,0.0002645161290322581
DiT,1050,GTCTCG,0.00021935483870967742
DiT,1050,GTCTCT,0.0003354838709677419
DiT,1050,GTCTGA,0.0001870967741935484
DiT,1050,GTCTGC,0.00015483870967741937
DiT,1050,GTCTGG,0.00012903225806451613
DiT,1050,GTCTGT,0.0001225806451612903
DiT,1050,GTCTTA,0.0001935483870967742
DiT,1050,GTCTTC,0.0004967741935483871
DiT,1050,GTCTTG,0.00021290322580645163
DiT,1050,GTCTTT,0.00036129032258064514
DiT,1050,GTGAAA,0.00036774193548387097
DiT,1050,GTGAAC,8.387096774193548e-05
DiT,1050,GTGAAG,0.0002645161290322581
DiT,1050,GTGAAT,0.00025161290322580645
DiT,1050,GTGACA,0.00018064516129032257
DiT,1050,GTGACC,0.00012903225806451613
DiT,1050,GTGACG,0.0001870967741935484
DiT,1050,GTGACT,0.00016129032258064516
DiT,1050,GTGAGA,0.0003354838709677419
DiT,1050,GTGAGC,0.00010967741935483871
DiT,1050,GTGAGG,0.00021935483870967742
DiT,1050,GTGAGT,0.0002
DiT,1050,GTGATA,0.00022580645161290321
DiT,1050,GTGATC,0.00036129032258064514
DiT,1050,GTGATG,0.0003225806451612903
DiT,1050,GTGATT,0.0003032258064516129
DiT,1050,GTGCAA,0.00016129032258064516
DiT,1050,GTGCAC,5.161290322580645e-05
DiT,1050,GTGCAG,7.096774193548388e-05
DiT,1050,GTGCAT,0.00011612903225806452
DiT,1050,GTGCCA,0.00010967741935483871
DiT,1050,GTGCCC,7.096774193548388e-05
DiT,1050,GTGCCG,7.096774193548388e-05
DiT,1050,GTGCCT,5.806451612903226e-05
DiT,1050,GTGCGA,3.870967741935484e-05
DiT,1050,GTGCGC,5.806451612903226e-05
DiT,1050,GTGCGG,6.451612903225807e-05
DiT,1050,GTGCGT,5.806451612903226e-05
DiT,1050,GTGCTA,7.741935483870968e-05
DiT,1050,GTGCTC,7.741935483870968e-05
DiT,1050,GTGCTG,9.032258064516129e-05
DiT,1050,GTGCTT,0.00016774193548387096
DiT,1050,GTGGAA,0.00025161290322580645
DiT,1050,GTGGAC,0.00012903225806451613
DiT,1050,GTGGAG,0.0003935483870967742
DiT,1050,GTGGAT,0.00021290322580645163
DiT,1050,GTGGCA,0.0001935483870967742
DiT,1050,GTGGCC,8.387096774193548e-05
DiT,1050,GTGGCG,0.0002838709677419355
DiT,1050,GTGGCT,0.0002451612903225806
DiT,1050,GTGGGA,9.67741935483871e-05
DiT,1050,GTGGGC,9.67741935483871e-05
DiT,1050,GTGGGG,0.00013548387096774193
DiT,1050,GTGGGT,0.00013548387096774193
DiT,1050,GTGGTA,0.0002
DiT,1050,GTGGTC,0.0001870967741935484
DiT,1050,GTGGTG,0.00034193548387096773
DiT,1050,GTGGTT,0.0002645161290322581
DiT,1050,GTGTAA,0.0002645161290322581
DiT,1050,GTGTAC,5.806451612903226e-05
DiT,1050,GTGTAG,0.00012903225806451613
DiT,1050,GTGTAT,0.00016774193548387096
DiT,1050,GTGTCA,0.0001935483870967742
DiT,1050,GTGTCC,0.00010967741935483871
DiT,1050,GTGTCG,0.00015483870967741937
DiT,1050,GTGTCT,0.00017419354838709678
DiT,1050,GTGTGA,0.00023870967741935483
DiT,1050,GTGTGC,8.387096774193548e-05
DiT,1050,GTGTGG,0.00018064516129032257
DiT,1050,GTGTGT,0.0002645161290322581
DiT,1050,GTGTTA,0.0002
DiT,1050,GTGTTC,0.00023870967741935483
DiT,1050,GTGTTG,0.00034838709677419355
DiT,1050,GTGTTT,0.0005806451612903225
DiT,1050,GTTAAA,0.0003032258064516129
DiT,1050,GTTAAC,0.00014193548387096775
DiT,1050,GTTAAG,0.00025161290322580645
DiT,1050,GTTAAT,0.00034838709677419355
DiT,1050,GTTACA,0.00014193548387096775
DiT,1050,GTTACC,0.00016129032258064516
DiT,1050,GTTACG,0.00015483870967741937
DiT,1050,GTTACT,0.0002451612903225806
DiT,1050,GTTAGA,0.0002645161290322581
DiT,1050,GTTAGC,0.0001225806451612903
DiT,1050,GTTAGG,0.00015483870967741937
DiT,1050,GTTAGT,0.00016129032258064516
DiT,1050,GTTATA,0.00018064516129032257
DiT,1050,GTTATC,0.0002064516129032258
DiT,1050,GTTATG,0.00015483870967741937
DiT,1050,GTTATT,0.0002967741935483871
DiT,1050,GTTCAA,0.00030967741935483873
DiT,1050,GTTCAC,0.0002064516129032258
DiT,1050,GTTCAG,0.0002064516129032258
DiT,1050,GTTCAT,0.00027096774193548386
DiT,1050,GTTCCA,0.0003354838709677419
DiT,1050,GTTCCC,0.00013548387096774193
DiT,1050,GTTCCG,0.00022580645161290321
DiT,1050,GTTCCT,0.00025161290322580645
DiT,1050,GTTCGA,0.0002064516129032258
DiT,1050,GTTCGC,0.00015483870967741937
DiT,1050,GTTCGG,0.00015483870967741937
DiT,1050,GTTCGT,0.00017419354838709678
DiT,1050,GTTCTA,0.00013548387096774193
DiT,1050,GTTCTC,0.0004903225806451613
DiT,1050,GTTCTG,0.00023870967741935483
DiT,1050,GTTCTT,0.0004709677419354839
DiT,1050,GTTGAA,0.00038064516129032255
DiT,1050,GTTGAC,0.0002
DiT,1050,GTTGAG,0.0002451612903225806
DiT,1050,GTTGAT,0.0004064516129032258
DiT,1050,GTTGCA,0.00021290322580645163
DiT,1050,GTTGCC,0.00012903225806451613
DiT,1050,GTTGCG,0.00015483870967741937
DiT,1050,GTTGCT,0.0003161290322580645
DiT,1050,GTTGGA,0.00027096774193548386
DiT,1050,GTTGGC,0.00016774193548387096
DiT,1050,GTTGGG,0.0002
DiT,1050,GTTGGT,0.0002838709677419355
DiT,1050,GTTGTA,0.00016129032258064516
DiT,1050,GTTGTC,0.00023225806451612904
DiT,1050,GTTGTG,0.0002645161290322581
DiT,1050,GTTGTT,0.000567741935483871
DiT,1050,GTTTAA,0.0003741935483870968
DiT,1050,GTTTAC,0.0002645161290322581
DiT,1050,GTTTAG,0.0002451612903225806
DiT,1050,GTTTAT,0.00045806451612903225
DiT,1050,GTTTCA,0.0004
DiT,1050,GTTTCC,0.00036774193548387097
DiT,1050,GTTTCG,0.00041935483870967743
DiT,1050,GTTTCT,0.0007935483870967742
DiT,1050,GTTTGA,0.0003870967741935484
DiT,1050,GTTTGC,0.00023870967741935483
DiT,1050,GTTTGG,0.0003354838709677419
DiT,1050,GTTTGT,0.000432258064516129
DiT,1050,GTTTTA,0.0004838709677419355
DiT,1050,GTTTTC,0.0006451612903225806
DiT,1050,GTTTTG,0.0006451612903225806
DiT,1050,GTTTTT,0.0009870967741935485
DiT,1050,TAAAAA,0.0009548387096774193
DiT,1050,TAAAAC,0.0004
DiT,1050,TAAAAG,0.00034838709677419355
DiT,1050,TAAAAT,0.0005419354838709677
DiT,1050,TAAACA,0.0003225806451612903
DiT,1050,TAAACC,0.0002645161290322581
DiT,1050,TAAACG,0.00022580645161290321
DiT,1050,TAAACT,0.00025161290322580645
DiT,1050,TAAAGA,0.00042580645161290325
DiT,1050,TAAAGC,0.00022580645161290321
DiT,1050,TAAAGG,0.00014193548387096775
DiT,1050,TAAAGT,0.0003032258064516129
DiT,1050,TAAATA,0.0003741935483870968
DiT,1050,TAAATC,0.0003935483870967742
DiT,1050,TAAATG,0.00029032258064516127
DiT,1050,TAAATT,0.0006
DiT,1050,TAACAA,0.00030967741935483873
DiT,1050,TAACAC,0.00016129032258064516
DiT,1050,TAACAG,0.0001225806451612903
DiT,1050,TAACAT,0.0002838709677419355
DiT,1050,TAACCA,0.0002451612903225806
DiT,1050,TAACCC,0.00022580645161290321
DiT,1050,TAACCG,0.00016774193548387096
DiT,1050,TAACCT,0.00021290322580645163
DiT,1050,TAACGA,0.0001935483870967742
DiT,1050,TAACGC,7.096774193548388e-05
DiT,1050,TAACGG,0.00014193548387096775
DiT,1050,TAACGT,0.00017419354838709678
DiT,1050,TAACTA,0.00016774193548387096
DiT,1050,TAACTC,0.00023870967741935483
DiT,1050,TAACTG,0.00018064516129032257
DiT,1050,TAACTT,0.0003161290322580645
DiT,1050,TAAGAA,0.00043870967741935484
DiT,1050,TAAGAC,0.0001935483870967742
DiT,1050,TAAGAG,0.0002064516129032258
DiT,1050,TAAGAT,0.0002838709677419355
DiT,1050,TAAGCA,0.00013548387096774193
DiT,1050,TAAGCC,0.00016774193548387096
DiT,1050,TAAGCG,7.741935483870968e-05
DiT,1050,TAAGCT,0.0002645161290322581
DiT,1050,TAAGGA,0.00016129032258064516
DiT,1050,TAAGGC,0.00012903225806451613
DiT,1050,TAAGGG,0.00014838709677419355
DiT,1050,TAAGGT,0.0001225806451612903
DiT,1050,TAAGTA,0.00014838709677419355
DiT,1050,TAAGTC,0.00014193548387096775
DiT,1050,TAAGTG,0.00012903225806451613
DiT,1050,TAAGTT,0.0002838709677419355
DiT,1050,TAATAA,0.0005161290322580645
DiT,1050,TAATAC,0.00017419354838709678
DiT,1050,TAATAG,0.00017419354838709678
DiT,1050,TAATAT,0.00041935483870967743
DiT,1050,TAATCA,0.00034838709677419355
DiT,1050,TAATCC,0.0003548387096774194
DiT,1050,TAATCG,0.00021935483870967742
DiT,1050,TAATCT,0.0003935483870967742
DiT,1050,TAATGA,0.00025806451612903227
DiT,1050,TAATGC,0.00012903225806451613
DiT,1050,TAATGG,0.0003032258064516129
DiT,1050,TAATGT,0.00022580645161290321
DiT,1050,TAATTA,0.0003935483870967742
DiT,1050,TAATTC,0.00036774193548387097
DiT,1050,TAATTG,0.0003225806451612903
DiT,1050,TAATTT,0.0007032258064516129
DiT,1050,TACAAA,0.0002645161290322581
DiT,1050,TACAAC,0.00029032258064516127
DiT,1050,TACAAG,0.00023870967741935483
DiT,1050,TACAAT,0.0002967741935483871
DiT,1050,TACACA,0.00023870967741935483
DiT,1050,TACACC,0.0002064516129032258
DiT,1050,TACACG,0.00014193548387096775
DiT,1050,TACACT,0.00014193548387096775
DiT,1050,TACAGA,0.00017419354838709678
DiT,1050,TACAGC,9.032258064516129e-05
DiT,1050,TACAGG,7.741935483870968e-05
DiT,1050,TACAGT,0.0001032258064516129
DiT,1050,TACATA,0.00015483870967741937
DiT,1050,TACATC,0.00018064516129032257
DiT,1050,TACATG,0.00016774193548387096
DiT,1050,TACATT,0.00032903225806451614
DiT,1050,TACCAA,0.0002451612903225806
DiT,1050,TACCAC,0.0001032258064516129
DiT,1050,TACCAG,0.00011612903225806452
DiT,1050,TACCAT,0.00016129032258064516
DiT,1050,TACCCA,0.0001935483870967742
DiT,1050,TACCCC,8.387096774193548e-05
DiT,1050,TACCCG,0.00010967741935483871
DiT,1050,TACCCT,0.00015483870967741937
DiT,1050,TACCGA,0.00018064516129032257
DiT,1050,TACCGC,9.67741935483871e-05
DiT,1050,TACCGG,0.00018064516129032257
DiT,1050,TACCGT,0.00016774193548387096
DiT,1050,TACCTA,0.00018064516129032257
DiT,1050,TACCTC,0.00021935483870967742
DiT,1050,TACCTG,0.00010967741935483871
DiT,1050,TACCTT,0.0001225806451612903
DiT,1050,TACGAA,0.00013548387096774193
DiT,1050,TACGAC,0.00015483870967741937
DiT,1050,TACGAG,0.00013548387096774193
DiT,1050,TACGAT,0.0002064516129032258
DiT,1050,TACGCA,9.67741935483871e-05
DiT,1050,TACGCC,7.741935483870968e-05
DiT,1050,TACGCG,5.806451612903226e-05
DiT,1050,TACGCT,0.0001032258064516129
DiT,1050,TACGGA,0.0002064516129032258
DiT,1050,TACGGC,0.0001225806451612903
DiT,1050,TACGGG,7.096774193548388e-05
DiT,1050,TACGGT,0.0001225806451612903
DiT,1050,TACGTA,9.032258064516129e-05
DiT,1050,TACGTC,0.00013548387096774193
DiT,1050,TACGTG,9.032258064516129e-05
DiT,1050,TACGTT,0.00017419354838709678
DiT,1050,TACTAA,0.0002967741935483871
DiT,1050,TACTAC,0.0001225806451612903
DiT,1050,TACTAG,6.451612903225807e-05
DiT,1050,TACTAT,0.00012903225806451613
DiT,1050,TACTCA,0.00025161290322580645
DiT,1050,TACTCC,0.00023225806451612904
DiT,1050,TACTCG,0.00014838709677419355
DiT,1050,TACTCT,0.00042580645161290325
DiT,1050,TACTGA,9.67741935483871e-05
DiT,1050,TACTGC,9.67741935483871e-05
DiT,1050,TACTGG,0.0001032258064516129
DiT,1050,TACTGT,0.00014838709677419355
DiT,1050,TACTTA,0.00016774193548387096
DiT,1050,TACTTC,0.00036774193548387097
DiT,1050,TACTTG,0.00021935483870967742
DiT,1050,TACTTT,0.0003548387096774194
DiT,1050,TAGAAA,0.0003354838709677419
DiT,1050,TAGAAC,0.00014838709677419355
DiT,1050,TAGAAG,0.0002838709677419355
DiT,1050,TAGAAT,0.0002645161290322581
DiT,1050,TAGACA,0.00018064516129032257
DiT,1050,TAGACC,0.0001032258064516129
DiT,1050,TAGACG,9.67741935483871e-05
DiT,1050,TAGACT,7.096774193548388e-05
DiT,1050,TAGAGA,0.00034193548387096773
DiT,1050,TAGAGC,0.00012903225806451613
DiT,1050,TAGAGG,0.00015483870967741937
DiT,1050,TAGAGT,0.00021935483870967742
DiT,1050,TAGATA,0.00021290322580645163
DiT,1050,TAGATC,0.00025161290322580645
DiT,1050,TAGATG,0.00025161290322580645
DiT,1050,TAGATT,0.0004064516129032258
DiT,1050,TAGCAA,0.00017419354838709678
DiT,1050,TAGCAC,5.806451612903226e-05
DiT,1050,TAGCAG,0.00012903225806451613
DiT,1050,TAGCAT,0.00015483870967741937
DiT,1050,TAGCCA,0.00010967741935483871
DiT,1050,TAGCCC,8.387096774193548e-05
DiT,1050,TAGCCG,9.032258064516129e-05
DiT,1050,TAGCCT,0.00013548387096774193
DiT,1050,TAGCGA,0.00010967741935483871
DiT,1050,TAGCGC,6.451612903225807e-05
DiT,1050,TAGCGG,0.00010967741935483871
DiT,1050,TAGCGT,0.00010967741935483871
DiT,1050,TAGCTA,0.00011612903225806452
DiT,1050,TAGCTC,0.00027096774193548386
DiT,1050,TAGCTG,0.00014838709677419355
DiT,1050,TAGCTT,0.0003032258064516129
DiT,1050,TAGGAA,0.00014838709677419355
DiT,1050,TAGGAC,5.161290322580645e-05
DiT,1050,TAGGAG,0.00016774193548387096
DiT,1050,TAGGAT,0.00010967741935483871
DiT,1050,TAGGCA,4.516129032258064e-05
DiT,1050,TAGGCC,0.00010967741935483871
DiT,1050,TAGGCG,3.2258064516129034e-05
DiT,1050,TAGGCT,0.0001225806451612903
DiT,1050,TAGGGA,0.00016129032258064516
DiT,1050,TAGGGC,7.741935483870968e-05
DiT,1050,TAGGGG,4.516129032258064e-05
DiT,1050,TAGGGT,0.0002064516129032258
DiT,1050,TAGGTA,9.032258064516129e-05
DiT,1050,TAGGTC,5.806451612903226e-05
DiT,1050,TAGGTG,6.451612903225807e-05
DiT,1050,TAGGTT,0.00025806451612903227
DiT,1050,TAGTAA,0.00017419354838709678
DiT,1050,TAGTAC,8.387096774193548e-05
DiT,1050,TAGTAG,0.0001032258064516129
DiT,1050,TAGTAT,0.00016129032258064516
DiT,1050,TAGTCA,0.00016774193548387096
DiT,1050,TAGTCC,0.00011612903225806452
DiT,1050,TAGTCG,0.00010967741935483871
DiT,1050,TAGTCT,0.0002
DiT,1050,TAGTGA,0.0002
DiT,1050,TAGTGC,8.387096774193548e-05
DiT,1050,TAGTGG,0.00014193548387096775
DiT,1050,TAGTGT,0.0001935483870967742
DiT,1050,TAGTTA,0.0002
DiT,1050,TAGTTC,0.0002774193548387097
DiT,1050,TAGTTG,0.00021290322580645163
DiT,1050,TAGTTT,0.00036774193548387097
DiT,1050,TATAAA,0.0004838709677419355
DiT,1050,TATAAC,0.0002064516129032258
DiT,1050,TATAAG,0.00014193548387096775
DiT,1050,TATAAT,0.0002967741935483871
DiT,1050,TATACA,0.0001935483870967742
DiT,1050,TATACC,0.00012903225806451613
DiT,1050,TATACG,7.096774193548388e-05
DiT,1050,TATACT,0.00016774193548387096
DiT,1050,TATAGA,0.00025161290322580645
DiT,1050,TATAGC,0.00014838709677419355
DiT,1050,TATAGG,7.741935483870968e-05
DiT,1050,TATAGT,0.0002064516129032258
DiT,1050,TATATA,0.0005096774193548387
DiT,1050,TATATC,0.0002838709677419355
DiT,1050,TATATG,0.0002
DiT,1050,TATATT,0.0003935483870967742
DiT,1050,TATCAA,0.00025806451612903227
DiT,1050,TATCAC,0.00023870967741935483
DiT,1050,TATCAG,0.00016774193548387096
DiT,1050,TATCAT,0.00032903225806451614
DiT,1050,TATCCA,0.0002774193548387097
DiT,1050,TATCCC,0.00014838709677419355
DiT,1050,TATCCG,0.0001870967741935484
DiT,1050,TATCCT,0.00021290322580645163
DiT,1050,TATCGA,0.00029032258064516127
DiT,1050,TATCGC,0.00014193548387096775
DiT,1050,TATCGG,0.0001225806451612903
DiT,1050,TATCGT,0.0001935483870967742
DiT,1050,TATCTA,0.00022580645161290321
DiT,1050,TATCTC,0.000432258064516129
DiT,1050,TATCTG,0.00021935483870967742
DiT,1050,TATCTT,0.0003935483870967742
DiT,1050,TATGAA,0.0002967741935483871
DiT,1050,TATGAC,0.00011612903225806452
DiT,1050,TATGAG,0.00015483870967741937
DiT,1050,TATGAT,0.00023225806451612904
DiT,1050,TATGCA,0.0001032258064516129
DiT,1050,TATGCC,9.032258064516129e-05
DiT,1050,TATGCG,5.806451612903226e-05
DiT,1050,TATGCT,0.00014193548387096775
DiT,1050,TATGGA,0.0002064516129032258
DiT,1050,TATGGC,0.00016774193548387096
DiT,1050,TATGGG,0.00016774193548387096
DiT,1050,TATGGT,0.0002064516129032258
DiT,1050,TATGTA,0.00023870967741935483
DiT,1050,TATGTC,0.0001935483870967742
DiT,1050,TATGTG,0.0001935483870967742
DiT,1050,TATGTT,0.0002645161290322581
DiT,1050,TATTAA,0.00036129032258064514
DiT,1050,TATTAC,0.00021935483870967742
DiT,1050,TATTAG,0.00025161290322580645
DiT,1050,TATTAT,0.0004838709677419355
DiT,1050,TATTCA,0.0003032258064516129
DiT,1050,TATTCC,0.00023870967741935483
DiT,1050,TATTCG,0.00021290322580645163
DiT,1050,TATTCT,0.0003870967741935484
DiT,1050,TATTGA,0.0003354838709677419
DiT,1050,TATTGC,0.00011612903225806452
DiT,1050,TATTGG,0.00025806451612903227
DiT,1050,TATTGT,0.00030967741935483873
DiT,1050,TATTTA,0.0005096774193548387
DiT,1050,TATTTC,0.0004967741935483871
DiT,1050,TATTTG,0.0003032258064516129
DiT,1050,TATTTT,0.0009483870967741936
DiT,1050,TCAAAA,0.0008129032258064516
DiT,1050,TCAAAC,0.00043870967741935484
DiT,1050,TCAAAG,0.0003548387096774194
DiT,1050,TCAAAT,0.0006774193548387097
DiT,1050,TCAACA,0.00042580645161290325
DiT,1050,TCAACC,0.00025806451612903227
DiT,1050,TCAACG,0.0002451612903225806
DiT,1050,TCAACT,0.0003161290322580645
DiT,1050,TCAAGA,0.00044516129032258066
DiT,1050,TCAAGC,0.00029032258064516127
DiT,1050,TCAAGG,0.0002064516129032258
DiT,1050,TCAAGT,0.0002838709677419355
DiT,1050,TCAATA,0.00034838709677419355
DiT,1050,TCAATC,0.0005225806451612903
DiT,1050,TCAATG,0.00034193548387096773
DiT,1050,TCAATT,0.0006580645161290323
DiT,1050,TCACAA,0.0003870967741935484
DiT,1050,TCACAC,0.0002451612903225806
DiT,1050,TCACAG,0.00016129032258064516
DiT,1050,TCACAT,0.0002774193548387097
DiT,1050,TCACCA,0.0005225806451612903
DiT,1050,TCACCC,0.00014838709677419355
DiT,1050,TCACCG,0.0005290322580645162
DiT,1050,TCACCT,0.00034193548387096773
DiT,1050,TCACGA,0.00017419354838709678
DiT,1050,TCACGC,0.00017419354838709678
DiT,1050,TCACGG,0.0001870967741935484
DiT,1050,TCACGT,0.00017419354838709678
DiT,1050,TCACTA,0.0002451612903225806
DiT,1050,TCACTC,0.0005161290322580645
DiT,1050,TCACTG,0.00023870967741935483
DiT,1050,TCACTT,0.00043870967741935484
DiT,1050,TCAGAA,0.00034193548387096773
DiT,1050,TCAGAC,0.00016774193548387096
DiT,1050,TCAGAG,0.0003354838709677419
DiT,1050,TCAGAT,0.0005483870967741936
DiT,1050,TCAGCA,0.00021290322580645163
DiT,1050,TCAGCC,0.00014838709677419355
DiT,1050,TCAGCG,0.00023225806451612904
DiT,1050,TCAGCT,0.0002967741935483871
DiT,1050,TCAGGA,0.00013548387096774193
DiT,1050,TCAGGC,9.67741935483871e-05
DiT,1050,TCAGGG,0.0001032258064516129
DiT,1050,TCAGGT,0.00014838709677419355
DiT,1050,TCAGTA,0.00016129032258064516
DiT,1050,TCAGTC,0.0002
DiT,1050,TCAGTG,0.0001935483870967742
DiT,1050,TCAGTT,0.00023225806451612904
DiT,1050,TCATAA,0.0003032258064516129
DiT,1050,TCATAC,0.0002645161290322581
DiT,1050,TCATAG,0.00016774193548387096
DiT,1050,TCATAT,0.0003548387096774194
DiT,1050,TCATCA,0.0006516129032258064
DiT,1050,TCATCC,0.00046451612903225807
DiT,1050,TCATCG,0.00047741935483870966
DiT,1050,TCATCT,0.0008
DiT,1050,TCATGA,0.0004064516129032258
DiT,1050,TCATGC,0.00010967741935483871
DiT,1050,TCATGG,0.00021935483870967742
DiT,1050,TCATGT,0.00025161290322580645
DiT,1050,TCATTA,0.0003354838709677419
DiT,1050,TCATTC,0.0002967741935483871
DiT,1050,TCATTG,0.00036129032258064514
DiT,1050,TCATTT,0.0006516129032258064
DiT,1050,TCCAAA,0.0005741935483870968
DiT,1050,TCCAAC,0.00044516129032258066
DiT,1050,TCCAAG,0.0002838709677419355
DiT,1050,TCCAAT,0.00042580645161290325
DiT,1050,TCCACA,0.00043870967741935484
DiT,1050,TCCACC,0.0003870967741935484
DiT,1050,TCCACG,0.00023225806451612904
DiT,1050,TCCACT,0.0003161290322580645
DiT,1050,TCCAGA,0.00025806451612903227
DiT,1050,TCCAGC,0.00016774193548387096
DiT,1050,TCCAGG,0.0001225806451612903
DiT,1050,TCCAGT,0.0002
DiT,1050,TCCATA,0.0001935483870967742
DiT,1050,TCCATC,0.0005548387096774194
DiT,1050,TCCATG,0.00025806451612903227
DiT,1050,TCCATT,0.00036129032258064514
DiT,1050,TCCCAA,0.00032903225806451614
DiT,1050,TCCCAC,0.0001870967741935484
DiT,1050,TCCCAG,0.00011612903225806452
DiT,1050,TCCCAT,0.0002064516129032258
DiT,1050,TCCCCA,0.0002
DiT,1050,TCCCCC,8.387096774193548e-05
DiT,1050,TCCCCG,0.00015483870967741937
DiT,1050,TCCCCT,0.00016774193548387096
DiT,1050,TCCCGA,0.00016774193548387096
DiT,1050,TCCCGC,0.0001225806451612903
DiT,1050,TCCCGG,0.00010967741935483871
DiT,1050,TCCCGT,0.00014193548387096775
DiT,1050,TCCCTA,0.0001870967741935484
DiT,1050,TCCCTC,0.0003354838709677419
DiT,1050,TCCCTG,9.67741935483871e-05
DiT,1050,TCCCTT,0.0002967741935483871
DiT,1050,TCCGAA,0.0003354838709677419
DiT,1050,TCCGAC,0.0003161290322580645
DiT,1050,TCCGAG,0.00022580645161290321
DiT,1050,TCCGAT,0.0005483870967741936
DiT,1050,TCCGCA,0.00015483870967741937
DiT,1050,TCCGCC,0.0004903225806451613
DiT,1050,TCCGCG,0.00011612903225806452
DiT,1050,TCCGCT,0.00030967741935483873
DiT,1050,TCCGGA,0.00032903225806451614
DiT,1050,TCCGGC,0.0002774193548387097
DiT,1050,TCCGGG,0.0001225806451612903
DiT,1050,TCCGGT,0.0003354838709677419
DiT,1050,TCCGTA,0.0002
DiT,1050,TCCGTC,0.00043870967741935484
DiT,1050,TCCGTG,0.00016129032258064516
DiT,1050,TCCGTT,0.00032903225806451614
DiT,1050,TCCTAA,0.0002967741935483871
DiT,1050,TCCTAC,0.00016774193548387096
DiT,1050,TCCTAG,0.0001225806451612903
DiT,1050,TCCTAT,0.00021935483870967742
DiT,1050,TCCTCA,0.00043870967741935484
DiT,1050,TCCTCC,0.0009225806451612903
DiT,1050,TCCTCG,0.0003161290322580645
DiT,1050,TCCTCT,0.0008580645161290323
DiT,1050,TCCTGA,0.0002451612903225806
DiT,1050,TCCTGC,0.00014838709677419355
DiT,1050,TCCTGG,0.00011612903225806452
DiT,1050,TCCTGT,0.00017419354838709678
DiT,1050,TCCTTA,0.00022580645161290321
DiT,1050,TCCTTC,0.0008064516129032258
DiT,1050,TCCTTG,0.00022580645161290321
DiT,1050,TCCTTT,0.00045806451612903225
DiT,1050,TCGAAA,0.0003935483870967742
DiT,1050,TCGAAC,0.00021935483870967742
DiT,1050,TCGAAG,0.0004
DiT,1050,TCGAAT,0.00030967741935483873
DiT,1050,TCGACA,0.0001870967741935484
DiT,1050,TCGACC,0.0002
DiT,1050,TCGACG,0.0004129032258064516
DiT,1050,TCGACT,0.0001935483870967742
DiT,1050,TCGAGA,0.00023870967741935483
DiT,1050,TCGAGC,0.00017419354838709678
DiT,1050,TCGAGG,0.0001935483870967742
DiT,1050,TCGAGT,0.0001935483870967742
DiT,1050,TCGATA,0.0002451612903225806
DiT,1050,TCGATC,0.0003935483870967742
DiT,1050,TCGATG,0.0004129032258064516
DiT,1050,TCGATT,0.0005935483870967742
DiT,1050,TCGCAA,0.0001935483870967742
DiT,1050,TCGCAC,9.67741935483871e-05
DiT,1050,TCGCAG,0.00014193548387096775
DiT,1050,TCGCAT,0.00012903225806451613
DiT,1050,TCGCCA,0.0002
DiT,1050,TCGCCC,6.451612903225807e-05
DiT,1050,TCGCCG,0.0006
DiT,1050,TCGCCT,0.00023225806451612904
DiT,1050,TCGCGA,0.0001870967741935484
DiT,1050,TCGCGC,9.032258064516129e-05
DiT,1050,TCGCGG,0.00014838709677419355
DiT,1050,TCGCGT,0.00014193548387096775
DiT,1050,TCGCTA,0.00023225806451612904
DiT,1050,TCGCTC,0.0003032258064516129
DiT,1050,TCGCTG,0.00018064516129032257
DiT,1050,TCGCTT,0.0003935483870967742
DiT,1050,TCGGAA,0.00023870967741935483
DiT,1050,TCGGAC,0.00011612903225806452
DiT,1050,TCGGAG,0.00034838709677419355
DiT,1050,TCGGAT,0.0002967741935483871
DiT,1050,TCGGCA,0.00015483870967741937
DiT,1050,TCGGCC,0.00014193548387096775
DiT,1050,TCGGCG,0.00034838709677419355
DiT,1050,TCGGCT,0.00017419354838709678
DiT,1050,TCGGGA,0.00014838709677419355
DiT,1050,TCGGGC,3.870967741935484e-05
DiT,1050,TCGGGG,7.096774193548388e-05
DiT,1050,TCGGGT,0.0001225806451612903
DiT,1050,TCGGTA,0.00010967741935483871
DiT,1050,TCGGTC,0.0001225806451612903
DiT,1050,TCGGTG,0.0002838709677419355
DiT,1050,TCGGTT,0.0003354838709677419
DiT,1050,TCGTAA,0.00016774193548387096
DiT,1050,TCGTAC,9.67741935483871e-05
DiT,1050,TCGTAG,0.0001935483870967742
DiT,1050,TCGTAT,0.00016774193548387096
DiT,1050,TCGTCA,0.00032903225806451614
DiT,1050,TCGTCC,0.00027096774193548386
DiT,1050,TCGTCG,0.0005612903225806451
DiT,1050,TCGTCT,0.000432258064516129
DiT,1050,TCGTGA,0.00013548387096774193
DiT,1050,TCGTGC,0.0001225806451612903
DiT,1050,TCGTGG,0.0003032258064516129
DiT,1050,TCGTGT,0.0002967741935483871
DiT,1050,TCGTTA,0.00027096774193548386
DiT,1050,TCGTTC,0.00030967741935483873
DiT,1050,TCGTTG,0.00030967741935483873
DiT,1050,TCGTTT,0.0005741935483870968
DiT,1050,TCTAAA,0.00045806451612903225
DiT,1050,TCTAAC,0.0001935483870967742
DiT,1050,TCTAAG,0.00018064516129032257
DiT,1050,TCTAAT,0.00034193548387096773
DiT,1050,TCTACA,0.0003032258064516129
DiT,1050,TCTACC,0.00023225806451612904
DiT,1050,TCTACG,0.0002
DiT,1050,TCTACT,0.0003548387096774194
DiT,1050,TCTAGA,0.00018064516129032257
DiT,1050,TCTAGC,0.00012903225806451613
DiT,1050,TCTAGG,0.00012903225806451613
DiT,1050,TCTAGT,0.00023225806451612904
DiT,1050,TCTATA,0.0002838709677419355
DiT,1050,TCTATC,0.0003161290322580645
DiT,1050,TCTATG,0.00016129032258064516
DiT,1050,TCTATT,0.00043870967741935484
DiT,1050,TCTCAA,0.0006451612903225806
DiT,1050,TCTCAC,0.00041935483870967743
DiT,1050,TCTCAG,0.00029032258064516127
DiT,1050,TCTCAT,0.0006129032258064516
DiT,1050,TCTCCA,0.0006516129032258064
DiT,1050,TCTCCC,0.0004
DiT,1050,TCTCCG,0.0007935483870967742
DiT,1050,TCTCCT,0.0008
DiT,1050,TCTCGA,0.0003741935483870968
DiT,1050,TCTCGC,0.00036774193548387097
DiT,1050,TCTCGG,0.0002645161290322581
DiT,1050,TCTCGT,0.0004
DiT,1050,TCTCTA,0.0005612903225806451
DiT,1050,TCTCTC,0.0018
DiT,1050,TCTCTG,0.0005419354838709677
DiT,1050,TCTCTT,0.0012580645161290322
DiT,1050,TCTGAA,0.0005419354838709677
DiT,1050,TCTGAC,0.00016129032258064516
DiT,1050,TCTGAG,0.0002838709677419355
DiT,1050,TCTGAT,0.00042580645161290325
DiT,1050,TCTGCA,0.0002
DiT,1050,TCTGCC,0.00011612903225806452
DiT,1050,TCTGCG,0.00015483870967741937
DiT,1050,TCTGCT,0.0003032258064516129
DiT,1050,TCTGGA,0.0002451612903225806
DiT,1050,TCTGGC,0.00014193548387096775
DiT,1050,TCTGGG,0.00015483870967741937
DiT,1050,TCTGGT,0.00034193548387096773
DiT,1050,TCTGTA,0.00021290322580645163
DiT,1050,TCTGTC,0.0002645161290322581
DiT,1050,TCTGTG,0.0002064516129032258
DiT,1050,TCTGTT,0.0005225806451612903
DiT,1050,TCTTAA,0.00041935483870967743
DiT,1050,TCTTAC,0.0003161290322580645
DiT,1050,TCTTAG,0.00023870967741935483
DiT,1050,TCTTAT,0.00045161290322580643
DiT,1050,TCTTCA,0.0009548387096774193
DiT,1050,TCTTCC,0.0008580645161290323
DiT,1050,TCTTCG,0.000567741935483871
DiT,1050,TCTTCT,0.0019548387096774192
DiT,1050,TCTTGA,0.00036129032258064514
DiT,1050,TCTTGC,0.00027096774193548386
DiT,1050,TCTTGG,0.0003032258064516129
DiT,1050,TCTTGT,0.00045161290322580643
DiT,1050,TCTTTA,0.00045806451612903225
DiT,1050,TCTTTC,0.0007870967741935484
DiT,1050,TCTTTG,0.0005870967741935484
DiT,1050,TCTTTT,0.0011806451612903226
DiT,1050,TGAAAA,0.0005806451612903225
DiT,1050,TGAAAC,0.0002645161290322581
DiT,1050,TGAAAG,0.0002645161290322581
DiT,1050,TGAAAT,0.0003935483870967742
DiT,1050,TGAACA,0.0002064516129032258
DiT,1050,TGAACC,0.00016129032258064516
DiT,1050,TGAACG,0.00014193548387096775
DiT,1050,TGAACT,0.0001225806451612903
DiT,1050,TGAAGA,0.0008
DiT,1050,TGAAGC,0.00036774193548387097
DiT,1050,TGAAGG,0.00021290322580645163
DiT,1050,TGAAGT,0.00034193548387096773
DiT,1050,TGAATA,0.00023225806451612904
DiT,1050,TGAATC,0.0003741935483870968
DiT,1050,TGAATG,0.00023225806451612904
DiT,1050,TGAATT,0.00047741935483870966
DiT,1050,TGACAA,0.0002838709677419355
DiT,1050,TGACAC,0.00011612903225806452
DiT,1050,TGACAG,0.00014193548387096775
DiT,1050,TGACAT,0.00016129032258064516
DiT,1050,TGACCA,0.00022580645161290321
DiT,1050,TGACCC,9.67741935483871e-05
DiT,1050,TGACCG,0.0001032258064516129
DiT,1050,TGACCT,0.00018064516129032257
DiT,1050,TGACGA,0.00032903225806451614
DiT,1050,TGACGC,0.0001032258064516129
DiT,1050,TGACGG,0.00021290322580645163
DiT,1050,TGACGT,0.00021935483870967742
DiT,1050,TGACTA,0.00017419354838709678
DiT,1050,TGACTC,0.00018064516129032257
DiT,1050,TGACTG,0.00012903225806451613
DiT,1050,TGACTT,0.00030967741935483873
DiT,1050,TGAGAA,0.00045806451612903225
DiT,1050,TGAGAC,0.00016774193548387096
DiT,1050,TGAGAG,0.0003870967741935484
DiT,1050,TGAGAT,0.0004064516129032258
DiT,1050,TGAGCA,0.00016774193548387096
DiT,1050,TGAGCC,0.0001032258064516129
DiT,1050,TGAGCG,0.0001032258064516129
DiT,1050,TGAGCT,0.00023225806451612904
DiT,1050,TGAGGA,0.0003225806451612903
DiT,1050,TGAGGC,0.00011612903225806452
DiT,1050,TGAGGG,9.032258064516129e-05
DiT,1050,TGAGGT,0.0001870967741935484
DiT,1050,TGAGTA,0.00017419354838709678
DiT,1050,TGAGTC,0.00016774193548387096
DiT,1050,TGAGTG,0.00023225806451612904
DiT,1050,TGAGTT,0.00036129032258064514
DiT,1050,TGATAA,0.00036129032258064514
DiT,1050,TGATAC,0.00014838709677419355
DiT,1050,TGATAG,0.00017419354838709678
DiT,1050,TGATAT,0.0002967741935483871
DiT,1050,TGATCA,0.00036774193548387097
DiT,1050,TGATCC,0.0003225806451612903
DiT,1050,TGATCG,0.00034193548387096773
DiT,1050,TGATCT,0.00047741935483870966
DiT,1050,TGATGA,0.0005290322580645162
DiT,1050,TGATGC,0.00021290322580645163
DiT,1050,TGATGG,0.0002967741935483871
DiT,1050,TGATGT,0.0002967741935483871
DiT,1050,TGATTA,0.0003870967741935484
DiT,1050,TGATTC,0.00047741935483870966
DiT,1050,TGATTG,0.00032903225806451614
DiT,1050,TGATTT,0.0005548387096774194
DiT,1050,TGCAAA,0.00025161290322580645
DiT,1050,TGCAAC,0.00014838709677419355
DiT,1050,TGCAAG,0.0002
DiT,1050,TGCAAT,0.00021935483870967742
DiT,1050,TGCACA,0.0001032258064516129
DiT,1050,TGCACC,9.032258064516129e-05
DiT,1050,TGCACG,7.096774193548388e-05
DiT,1050,TGCACT,8.387096774193548e-05
DiT,1050,TGCAGA,0.00014838709677419355
DiT,1050,TGCAGC,0.0001225806451612903
DiT,1050,TGCAGG,3.2258064516129034e-05
DiT,1050,TGCAGT,0.00014193548387096775
DiT,1050,TGCATA,0.0001225806451612903
DiT,1050,TGCATC,0.00018064516129032257
DiT,1050,TGCATG,9.032258064516129e-05
DiT,1050,TGCATT,0.00018064516129032257
DiT,1050,TGCCAA,0.00016774193548387096
DiT,1050,TGCCAC,0.00011612903225806452
DiT,1050,TGCCAG,9.67741935483871e-05
DiT,1050,TGCCAT,0.00014838709677419355
DiT,1050,TGCCCA,0.00010967741935483871
DiT,1050,TGCCCC,5.161290322580645e-05
DiT,1050,TGCCCG,0.0001032258064516129
DiT,1050,TGCCCT,6.451612903225807e-05
DiT,1050,TGCCGA,0.00014193548387096775
DiT,1050,TGCCGC,0.00013548387096774193
DiT,1050,TGCCGG,0.00013548387096774193
DiT,1050,TGCCGT,0.0001032258064516129
DiT,1050,TGCCTA,0.0001032258064516129
DiT,1050,TGCCTC,0.0001225806451612903
DiT,1050,TGCCTG,3.870967741935484e-05
DiT,1050,TGCCTT,0.00013548387096774193
DiT,1050,TGCGAA,0.00012903225806451613
DiT,1050,TGCGAC,9.67741935483871e-05
DiT,1050,TGCGAG,8.387096774193548e-05
DiT,1050,TGCGAT,0.00012903225806451613
DiT,1050,TGCGCA,9.032258064516129e-05
DiT,1050,TGCGCC,5.806451612903226e-05
DiT,1050,TGCGCG,3.2258064516129034e-05
DiT,1050,TGCGCT,9.032258064516129e-05
DiT,1050,TGCGGA,0.00011612903225806452
DiT,1050,TGCGGC,0.00014193548387096775
DiT,1050,TGCGGG,7.096774193548388e-05
DiT,1050,TGCGGT,9.67741935483871e-05
DiT,1050,TGCGTA,4.516129032258064e-05
DiT,1050,TGCGTC,0.00016774193548387096
DiT,1050,TGCGTG,6.451612903225807e-05
DiT,1050,TGCGTT,0.00018064516129032257
DiT,1050,TGCTAA,0.00014193548387096775
DiT,1050,TGCTAC,0.0002064516129032258
DiT,1050,TGCTAG,0.00014193548387096775
DiT,1050,TGCTAT,0.00014193548387096775
DiT,1050,TGCTCA,0.0001870967741935484
DiT,1050,TGCTCC,0.00021935483870967742
DiT,1050,TGCTCG,0.00011612903225806452
DiT,1050,TGCTCT,0.00027096774193548386
DiT,1050,TGCTGA,0.00015483870967741937
DiT,1050,TGCTGC,0.00014193548387096775
DiT,1050,TGCTGG,9.67741935483871e-05
DiT,1050,TGCTGT,0.00017419354838709678
DiT,1050,TGCTTA,0.0001935483870967742
DiT,1050,TGCTTC,0.0004903225806451613
DiT,1050,TGCTTG,0.00025806451612903227
DiT,1050,TGCTTT,0.00044516129032258066
DiT,1050,TGGAAA,0.0004
DiT,1050,TGGAAC,0.00016129032258064516
DiT,1050,TGGAAG,0.00025161290322580645
DiT,1050,TGGAAT,0.00022580645161290321
DiT,1050,TGGACA,0.0001870967741935484
DiT,1050,TGGACC,7.741935483870968e-05
DiT,1050,TGGACG,0.00014838709677419355
DiT,1050,TGGACT,0.00012903225806451613
DiT,1050,TGGAGA,0.0006451612903225806
DiT,1050,TGGAGC,0.0002064516129032258
DiT,1050,TGGAGG,0.0003161290322580645
DiT,1050,TGGAGT,0.0002064516129032258
DiT,1050,TGGATA,0.00016129032258064516
DiT,1050,TGGATC,0.0003161290322580645
DiT,1050,TGGATG,0.00018064516129032257
DiT,1050,TGGATT,0.0003935483870967742
DiT,1050,TGGCAA,0.0002064516129032258
DiT,1050,TGGCAC,7.096774193548388e-05
DiT,1050,TGGCAG,0.00010967741935483871
DiT,1050,TGGCAT,4.516129032258064e-05
DiT,1050,TGGCCA,0.0001032258064516129
DiT,1050,TGGCCC,7.741935483870968e-05
DiT,1050,TGGCCG,0.00011612903225806452
DiT,1050,TGGCCT,0.00010967741935483871
DiT,1050,TGGCGA,0.00030967741935483873
DiT,1050,TGGCGC,7.741935483870968e-05
DiT,1050,TGGCGG,0.00030967741935483873
DiT,1050,TGGCGT,0.00016774193548387096
DiT,1050,TGGCTA,0.00016774193548387096
DiT,1050,TGGCTC,0.00021290322580645163
DiT,1050,TGGCTG,0.0001870967741935484
DiT,1050,TGGCTT,0.00034838709677419355
DiT,1050,TGGGAA,0.00021935483870967742
DiT,1050,TGGGAC,9.67741935483871e-05
DiT,1050,TGGGAG,0.0001225806451612903
DiT,1050,TGGGAT,0.0002
DiT,1050,TGGGCA,0.00012903225806451613
DiT,1050,TGGGCC,0.00016129032258064516
DiT,1050,TGGGCG,3.2258064516129034e-05
DiT,1050,TGGGCT,0.00021935483870967742
DiT,1050,TGGGGA,0.00016774193548387096
DiT,1050,TGGGGC,9.032258064516129e-05
DiT,1050,TGGGGG,9.032258064516129e-05
DiT,1050,TGGGGT,0.0001870967741935484
DiT,1050,TGGGTA,0.00012903225806451613
DiT,1050,TGGGTC,0.00018064516129032257
DiT,1050,TGGGTG,0.00013548387096774193
DiT,1050,TGGGTT,0.0002967741935483871
DiT,1050,TGGTAA,0.00023225806451612904
DiT,1050,TGGTAC,9.67741935483871e-05
DiT,1050,TGGTAG,0.00016774193548387096
DiT,1050,TGGTAT,0.00016129032258064516
DiT,1050,TGGTCA,0.00017419354838709678
DiT,1050,TGGTCC,0.00012903225806451613
DiT,1050,TGGTCG,0.0002
DiT,1050,TGGTCT,0.00018064516129032257
DiT,1050,TGGTGA,0.00045806451612903225
DiT,1050,TGGTGC,0.0001225806451612903
DiT,1050,TGGTGG,0.00038064516129032255
DiT,1050,TGGTGT,0.00036129032258064514
DiT,1050,TGGTTA,0.0002645161290322581
DiT,1050,TGGTTC,0.00034838709677419355
DiT,1050,TGGTTG,0.0002774193548387097
DiT,1050,TGGTTT,0.0006516129032258064
DiT,1050,TGTAAA,0.0002774193548387097
DiT,1050,TGTAAC,0.0001225806451612903
DiT,1050,TGTAAG,0.0001870967741935484
DiT,1050,TGTAAT,0.00036774193548387097
DiT,1050,TGTACA,0.00010967741935483871
DiT,1050,TGTACC,7.096774193548388e-05
DiT,1050,TGTACG,8.387096774193548e-05
DiT,1050,TGTACT,0.00013548387096774193
DiT,1050,TGTAGA,0.00023225806451612904
DiT,1050,TGTAGC,0.00017419354838709678
DiT,1050,TGTAGG,7.096774193548388e-05
DiT,1050,TGTAGT,0.00013548387096774193
DiT,1050,TGTATA,0.00015483870967741937
DiT,1050,TGTATC,0.00022580645161290321
DiT,1050,TGTATG,0.00017419354838709678
DiT,1050,TGTATT,0.0003032258064516129
DiT,1050,TGTCAA,0.0003161290322580645
DiT,1050,TGTCAC,0.0002064516129032258
DiT,1050,TGTCAG,0.00016129032258064516
DiT,1050,TGTCAT,0.00022580645161290321
DiT,1050,TGTCCA,0.00012903225806451613
DiT,1050,TGTCCC,0.0001225806451612903
DiT,1050,TGTCCG,9.032258064516129e-05
DiT,1050,TGTCCT,0.00017419354838709678
DiT,1050,TGTCGA,0.00023870967741935483
DiT,1050,TGTCGC,0.00013548387096774193
DiT,1050,TGTCGG,0.00016129032258064516
DiT,1050,TGTCGT,0.0001935483870967742
DiT,1050,TGTCTA,0.00014838709677419355
DiT,1050,TGTCTC,0.0003161290322580645
DiT,1050,TGTCTG,0.0002
DiT,1050,TGTCTT,0.00043870967741935484
DiT,1050,TGTGAA,0.00027096774193548386
DiT,1050,TGTGAC,0.00021290322580645163
DiT,1050,TGTGAG,0.00029032258064516127
DiT,1050,TGTGAT,0.0003548387096774194
DiT,1050,TGTGCA,0.00013548387096774193
DiT,1050,TGTGCC,7.096774193548388e-05
DiT,1050,TGTGCG,5.161290322580645e-05
DiT,1050,TGTGCT,0.00011612903225806452
DiT,1050,TGTGGA,0.00021290322580645163
DiT,1050,TGTGGC,0.00015483870967741937
DiT,1050,TGTGGG,0.00014193548387096775
DiT,1050,TGTGGT,0.0003161290322580645
DiT,1050,TGTGTA,0.00023225806451612904
DiT,1050,TGTGTC,0.00021935483870967742
DiT,1050,TGTGTG,0.00027096774193548386
DiT,1050,TGTGTT,0.0005741935483870968
DiT,1050,TGTTAA,0.0002774193548387097
DiT,1050,TGTTAC,0.00021290322580645163
DiT,1050,TGTTAG,0.00023870967741935483
DiT,1050,TGTTAT,0.0002645161290322581
DiT,1050,TGTTCA,0.0003225806451612903
DiT,1050,TGTTCC,0.00025806451612903227
DiT,1050,TGTTCG,0.00021935483870967742
DiT,1050,TGTTCT,0.00043870967741935484
DiT,1050,TGTTGA,0.0004064516129032258
DiT,1050,TGTTGC,0.00023225806451612904
DiT,1050,TGTTGG,0.00032903225806451614
DiT,1050,TGTTGT,0.0005032258064516129
DiT,1050,TGTTTA,0.00042580645161290325
DiT,1050,TGTTTC,0.0006129032258064516
DiT,1050,TGTTTG,0.0004967741935483871
DiT,1050,TGTTTT,0.001032258064516129
DiT,1050,TTAAAA,0.0007161290322580645
DiT,1050,TTAAAC,0.0002967741935483871
DiT,1050,TTAAAG,0.00032903225806451614
DiT,1050,TTAAAT,0.0005290322580645162
DiT,1050,TTAACA,0.0003225806451612903
DiT,1050,TTAACC,0.0002645161290322581
DiT,1050,TTAACG,0.00015483870967741937
DiT,1050,TTAACT,0.0002838709677419355
DiT,1050,TTAAGA,0.0003225806451612903
DiT,1050,TTAAGC,0.00018064516129032257
DiT,1050,TTAAGG,0.0001935483870967742
DiT,1050,TTAAGT,0.00021935483870967742
DiT,1050,TTAATA,0.00041935483870967743
DiT,1050,TTAATC,0.0004129032258064516
DiT,1050,TTAATG,0.00021935483870967742
DiT,1050,TTAATT,0.0007225806451612903
DiT,1050,TTACAA,0.00032903225806451614
DiT,1050,TTACAC,0.0002645161290322581
DiT,1050,TTACAG,0.00016774193548387096
DiT,1050,TTACAT,0.00022580645161290321
DiT,1050,TTACCA,0.00021290322580645163
DiT,1050,TTACCC,0.00017419354838709678
DiT,1050,TTACCG,0.00023870967741935483
DiT,1050,TTACCT,0.00025806451612903227
DiT,1050,TTACGA,0.00023225806451612904
DiT,1050,TTACGC,0.00011612903225806452
DiT,1050,TTACGG,0.0001870967741935484
DiT,1050,TTACGT,0.00018064516129032257
DiT,1050,TTACTA,0.00025161290322580645
DiT,1050,TTACTC,0.0003354838709677419
DiT,1050,TTACTG,0.00018064516129032257
DiT,1050,TTACTT,0.00041935483870967743
DiT,1050,TTAGAA,0.0003354838709677419
DiT,1050,TTAGAC,0.00013548387096774193
DiT,1050,TTAGAG,0.0002967741935483871
DiT,1050,TTAGAT,0.0003935483870967742
DiT,1050,TTAGCA,0.00014838709677419355
DiT,1050,TTAGCC,0.00014838709677419355
DiT,1050,TTAGCG,0.00010967741935483871
DiT,1050,TTAGCT,0.0002774193548387097
DiT,1050,TTAGGA,0.00015483870967741937
DiT,1050,TTAGGC,0.0001225806451612903
DiT,1050,TTAGGG,0.00021935483870967742
DiT,1050,TTAGGT,0.0002064516129032258
DiT,1050,TTAGTA,0.0002064516129032258
DiT,1050,TTAGTC,0.0001935483870967742
DiT,1050,TTAGTG,0.0001935483870967742
DiT,1050,TTAGTT,0.0003548387096774194
DiT,1050,TTATAA,0.0003935483870967742
DiT,1050,TTATAC,0.00017419354838709678
DiT,1050,TTATAG,0.00021935483870967742
DiT,1050,TTATAT,0.0003935483870967742
DiT,1050,TTATCA,0.0002967741935483871
DiT,1050,TTATCC,0.00029032258064516127
DiT,1050,TTATCG,0.0002774193548387097
DiT,1050,TTATCT,0.0004709677419354839
DiT,1050,TTATGA,0.0003548387096774194
DiT,1050,TTATGC,0.00013548387096774193
DiT,1050,TTATGG,0.00023870967741935483
DiT,1050,TTATGT,0.0003225806451612903
DiT,1050,TTATTA,0.0006
DiT,1050,TTATTC,0.0004838709677419355
DiT,1050,TTATTG,0.0003870967741935484
DiT,1050,TTATTT,0.0009032258064516129
DiT,1050,TTCAAA,0.0007870967741935484
DiT,1050,TTCAAC,0.00038064516129032255
DiT,1050,TTCAAG,0.00044516129032258066
DiT,1050,TTCAAT,0.0007354838709677419
DiT,1050,TTCACA,0.00030967741935483873
DiT,1050,TTCACC,0.00044516129032258066
DiT,1050,TTCACG,0.00025806451612903227
DiT,1050,TTCACT,0.00044516129032258066
DiT,1050,TTCAGA,0.00045806451612903225
DiT,1050,TTCAGC,0.0003354838709677419
DiT,1050,TTCAGG,0.00013548387096774193
DiT,1050,TTCAGT,0.0002774193548387097
DiT,1050,TTCATA,0.0003870967741935484
DiT,1050,TTCATC,0.0009419354838709678
DiT,1050,TTCATG,0.00034838709677419355
DiT,1050,TTCATT,0.0005419354838709677
DiT,1050,TTCCAA,0.0005096774193548387
DiT,1050,TTCCAC,0.00034838709677419355
DiT,1050,TTCCAG,0.0002838709677419355
DiT,1050,TTCCAT,0.00041935483870967743
DiT,1050,TTCCCA,0.00023870967741935483
DiT,1050,TTCCCC,0.0002
DiT,1050,TTCCCG,0.00016129032258064516
DiT,1050,TTCCCT,0.00034193548387096773
DiT,1050,TTCCGA,0.00034838709677419355
DiT,1050,TTCCGC,0.00021935483870967742
DiT,1050,TTCCGG,0.0002774193548387097
DiT,1050,TTCCGT,0.0003161290322580645
DiT,1050,TTCCTA,0.00022580645161290321
DiT,1050,TTCCTC,0.0008967741935483871
DiT,1050,TTCCTG,0.00027096774193548386
DiT,1050,TTCCTT,0.0006064516129032258
DiT,1050,TTCGAA,0.00045161290322580643
DiT,1050,TTCGAC,0.00025161290322580645
DiT,1050,TTCGAG,0.00021935483870967742
DiT,1050,TTCGAT,0.0005096774193548387
DiT,1050,TTCGCA,0.00018064516129032257
DiT,1050,TTCGCC,0.0002645161290322581
DiT,1050,TTCGCG,0.00016774193548387096
DiT,1050,TTCGCT,0.0002967741935483871
DiT,1050,TTCGGA,0.00034838709677419355
DiT,1050,TTCGGC,0.0002
DiT,1050,TTCGGG,0.00013548387096774193
DiT,1050,TTCGGT,0.00034193548387096773
DiT,1050,TTCGTA,0.00021290322580645163
DiT,1050,TTCGTC,0.0004903225806451613
DiT,1050,TTCGTG,0.00023225806451612904
DiT,1050,TTCGTT,0.00041935483870967743
DiT,1050,TTCTAA,0.0003741935483870968
DiT,1050,TTCTAC,0.00034193548387096773
DiT,1050,TTCTAG,0.00023225806451612904
DiT,1050,TTCTAT,0.00041935483870967743
DiT,1050,TTCTCA,0.0006387096774193549
DiT,1050,TTCTCC,0.0009548387096774193
DiT,1050,TTCTCG,0.0004838709677419355
DiT,1050,TTCTCT,0.0012838709677419355
DiT,1050,TTCTGA,0.00045806451612903225
DiT,1050,TTCTGC,0.00025806451612903227
DiT,1050,TTCTGG,0.00034838709677419355
DiT,1050,TTCTGT,0.0003548387096774194
DiT,1050,TTCTTA,0.0005419354838709677
DiT,1050,TTCTTC,0.001864516129032258
DiT,1050,TTCTTG,0.0005032258064516129
DiT,1050,TTCTTT,0.0012258064516129032
DiT,1050,TTGAAA,0.000432258064516129
DiT,1050,TTGAAC,0.0002451612903225806
DiT,1050,TTGAAG,0.000567741935483871
DiT,1050,TTGAAT,0.00041935483870967743
DiT,1050,TTGACA,0.0002451612903225806
DiT,1050,TTGACC,0.0002064516129032258
DiT,1050,TTGACG,0.00022580645161290321
DiT,1050,TTGACT,0.0002838709677419355
DiT,1050,TTGAGA,0.0005161290322580645
DiT,1050,TTGAGC,0.00023225806451612904
DiT,1050,TTGAGG,0.00016774193548387096
DiT,1050,TTGAGT,0.0003032258064516129
DiT,1050,TTGATA,0.0003870967741935484
DiT,1050,TTGATC,0.000432258064516129
DiT,1050,TTGATG,0.0003935483870967742
DiT,1050,TTGATT,0.0007096774193548388
DiT,1050,TTGCAA,0.00036129032258064514
DiT,1050,TTGCAC,0.00010967741935483871
DiT,1050,TTGCAG,0.0001870967741935484
DiT,1050,TTGCAT,0.00017419354838709678
DiT,1050,TTGCCA,0.00017419354838709678
DiT,1050,TTGCCC,0.0001032258064516129
DiT,1050,TTGCCG,0.00018064516129032257
DiT,1050,TTGCCT,0.0001870967741935484
DiT,1050,TTGCGA,0.00018064516129032257
DiT,1050,TTGCGC,0.00011612903225806452
DiT,1050,TTGCGG,9.032258064516129e-05
DiT,1050,TTGCGT,0.00016129032258064516
DiT,1050,TTGCTA,0.00025161290322580645
DiT,1050,TTGCTC,0.00038064516129032255
DiT,1050,TTGCTG,0.00022580645161290321
DiT,1050,TTGCTT,0.0006451612903225806
DiT,1050,TTGGAA,0.00034838709677419355
DiT,1050,TTGGAC,0.00014838709677419355
DiT,1050,TTGGAG,0.0003870967741935484
DiT,1050,TTGGAT,0.0003870967741935484
DiT,1050,TTGGCA,9.032258064516129e-05
DiT,1050,TTGGCC,0.00013548387096774193
DiT,1050,TTGGCG,0.00012903225806451613
DiT,1050,TTGGCT,0.00022580645161290321
DiT,1050,TTGGGA,0.00023225806451612904
DiT,1050,TTGGGC,0.00022580645161290321
DiT,1050,TTGGGG,0.00021290322580645163
DiT,1050,TTGGGT,0.0002967741935483871
DiT,1050,TTGGTA,0.00021290322580645163
DiT,1050,TTGGTC,0.00017419354838709678
DiT,1050,TTGGTG,0.00043870967741935484
DiT,1050,TTGGTT,0.0005935483870967742
DiT,1050,TTGTAA,0.00032903225806451614
DiT,1050,TTGTAC,0.00016774193548387096
DiT,1050,TTGTAG,0.00021935483870967742
DiT,1050,TTGTAT,0.0003354838709677419
DiT,1050,TTGTCA,0.00034838709677419355
DiT,1050,TTGTCC,0.00017419354838709678
DiT,1050,TTGTCG,0.0002645161290322581
DiT,1050,TTGTCT,0.0003935483870967742
DiT,1050,TTGTGA,0.00036129032258064514
DiT,1050,TTGTGC,0.00016129032258064516
DiT,1050,TTGTGG,0.0003225806451612903
DiT,1050,TTGTGT,0.0005806451612903225
DiT,1050,TTGTTA,0.00036774193548387097
DiT,1050,TTGTTC,0.0005096774193548387
DiT,1050,TTGTTG,0.0005870967741935484
DiT,1050,TTGTTT,0.0010903225806451612
DiT,1050,TTTAAA,0.0006645161290322581
DiT,1050,TTTAAC,0.0003741935483870968
DiT,1050,TTTAAG,0.0003354838709677419
DiT,1050,TTTAAT,0.0006451612903225806
DiT,1050,TTTACA,0.00034193548387096773
DiT,1050,TTTACC,0.00029032258064516127
DiT,1050,TTTACG,0.0002451612903225806
DiT,1050,TTTACT,0.0004129032258064516
DiT,1050,TTTAGA,0.000432258064516129
DiT,1050,TTTAGC,0.00023870967741935483
DiT,1050,TTTAGG,0.00027096774193548386
DiT,1050,TTTAGT,0.0003741935483870968
DiT,1050,TTTATA,0.00042580645161290325
DiT,1050,TTTATC,0.0005483870967741936
DiT,1050,TTTATG,0.000432258064516129
DiT,1050,TTTATT,0.001
DiT,1050,TTTCAA,0.0008838709677419354
DiT,1050,TTTCAC,0.0004064516129032258
DiT,1050,TTTCAG,0.0004064516129032258
DiT,1050,TTTCAT,0.0007612903225806451
DiT,1050,TTTCCA,0.00043870967741935484
DiT,1050,TTTCCC,0.0003161290322580645
DiT,1050,TTTCCG,0.0003548387096774194
DiT,1050,TTTCCT,0.0007354838709677419
DiT,1050,TTTCGA,0.0005483870967741936
DiT,1050,TTTCGC,0.0003161290322580645
DiT,1050,TTTCGG,0.00038064516129032255
DiT,1050,TTTCGT,0.0003548387096774194
DiT,1050,TTTCTA,0.0005225806451612903
DiT,1050,TTTCTC,0.0011870967741935484
DiT,1050,TTTCTG,0.0005032258064516129
DiT,1050,TTTCTT,0.0013032258064516128
DiT,1050,TTTGAA,0.0005870967741935484
DiT,1050,TTTGAC,0.0003032258064516129
DiT,1050,TTTGAG,0.00043870967741935484
DiT,1050,TTTGAT,0.0008709677419354839
DiT,1050,TTTGCA,0.00032903225806451614
DiT,1050,TTTGCC,0.00023870967741935483
DiT,1050,TTTGCG,0.0002
DiT,1050,TTTGCT,0.0005612903225806451
DiT,1050,TTTGGA,0.0003741935483870968
DiT,1050,TTTGGC,0.00012903225806451613
DiT,1050,TTTGGG,0.00042580645161290325
DiT,1050,TTTGGT,0.000632258064516129
DiT,1050,TTTGTA,0.000432258064516129
DiT,1050,TTTGTC,0.0003935483870967742
DiT,1050,TTTGTG,0.000632258064516129
DiT,1050,TTTGTT,0.0010774193548387097
DiT,1050,TTTTAA,0.0007419354838709677
DiT,1050,TTTTAC,0.00044516129032258066
DiT,1050,TTTTAG,0.000567741935483871
DiT,1050,TTTTAT,0.0008516129032258065
DiT,1050,TTTTCA,0.0008903225806451613
DiT,1050,TTTTCC,0.0007096774193548388
DiT,1050,TTTTCG,0.0005225806451612903
DiT,1050,TTTTCT,0.001238709677419355
DiT,1050,TTTTGA,0.0008967741935483871
DiT,1050,TTTTGC,0.00045806451612903225
DiT,1050,TTTTGG,0.0006064516129032258
DiT,1050,TTTTGT,0.0010451612903225806
DiT,1050,TTTTTA,0.0011161290322580645
DiT,1050,TTTTTC,0.0012
DiT,1050,TTTTTG,0.0011806451612903226
DiT,1050,TTTTTT,0.0035419354838709676
