model,epoch,record_index,record_id,sequence_sha256
DDPM,1800,0,gene_1,081ad9ed35d8785a69ea1937d82f30906a5637d5aa3bbeda3d0c31692b3a971a
DDPM,1800,1,gene_2,3098ee3b5c43ebb33a1e1c9c6344a2cf4a60c54933df1e52a544bedc5262fed9
DDPM,1800,2,gene_3,8e47fb373507e4a8e71731bdc7f018730bd01bff594c109cda05d868be120d11
DDPM,1800,3,gene_4,ebd0780c457ad9ff37b5c1bb3c29ebb9f9c8287a8167f8fa39d93eda2bed135c
DDPM,1800,4,gene_5,c0b43141854a88026ce41f81662c4699b9a8443e245983d72c4c6c5d13aa01e1
DDPM,1800,5,gene_6,10e0f340144551a332ae0fbcec175af6f47a412ac8c3214d5b9b50d5e5de6739
DDPM,1800,6,gene_7,356d611d56daad82360c545f46256e5883ccbb12d57cee53ae47fc1ef625ed59
DDPM,1800,7,gene_8,48dffc8a4282f4ebc4bc91d1b077bd1d7c550672b7abbd59be0c2297a166d08c
DDPM,1800,8,gene_9,1c0687625d6f315cc3b8535f17c1c7457610bb9f02457da92ff149b6666d12bb
DDPM,1800,9,gene_10,035f8bc9933b05092a02428a0c9e48b08207e8cc9d2ce49c3d8d77b0ff9f62db
DDPM,1800,10,gene_11,19ff2b7358b1b5f76aa57d2b148769f8080b8c51495cd0795ae16e93716fd340
DDPM,1800,11,gene_12,a30f0423b24f48b7fe5f08b5ba947e5451dd4418fbd32ee7877a1be5bd93ad93
DDPM,1800,12,gene_13,dbfd0d9f2d5758c170718969b75673a9a56ef5f46f05384eeeb084fcf7d95d8a
DDPM,1800,13,gene_14,2dfde8e33464e9e5531ced69db72e468cc0829f9f2211059f8986388e810783c
DDPM,1800,14,gene_15,e9dae1a094082c8d0c2ea3ced8bb5349d2cd305923b2b907089d8d5186da51cc
DDPM,1800,15,gene_16,9502661f367116ef3e8905c77298c059b43ae303646811c09d80c2340760bdf8
DDPM,1800,16,gene_17,06c504c29dd999614dd0b922bce34888008b5cddef2e85fbae9db2f3203d04a8
DDPM,1800,17,gene_18,62f07900a8f4118528321c83bcc69cf2f4f6663b31b3bc2080fd9f8f6c26214f
DDPM,1800,18,gene_19,ee89c4a7734d8df118acd5e43e022735cf5ab68a16e2cf435db035541c3d619c
DDPM,1800,19,gene_20,3b6f8f0052a12623af5c7ae6fadb8cc458e77e0803907411bfde812cffe35725
DDPM,1800,20,gene_21,96dad00655b1c0cf40ca98443ea3de6c0b009f4bab7740b37432fe5966fabf28
DDPM,1800,21,gene_22,cee53d682c7071856fb0e8e4b6dd6dfb9371af623e13afab780ccca043c0fce7
DDPM,1800,22,gene_23,c59e06394e3aeea9accbf571fcafbfe8a731558f447506dc4861fd432cbd8526
DDPM,1800,23,gene_24,5dcf3dd9ed4d020feb1cf2ac85bd3e3a621492d68a90d9e2296be296cc01eec6
DDPM,1800,24,gene_25,d3db62ccbc6ed4075e1280a9f154569abd0c24ee6f4df00503d0ebde5d8e1580
DDPM,1800,25,gene_26,8ece11f3e26d43f37c33a57ce9d986c26659a6fec9e8c1776270b31edd2d288d
DDPM,1800,26,gene_27,0a87e97a0f01514552cd1d98f42d4d2e95d1f4df52c4fa542d791631acd62249
DDPM,1800,27,gene_28,7c328159a45c82d2be8e53599c723fd0159f99e5329971e1cd06d1cf6acdad5d
DDPM,1800,28,gene_29,592fb29118fc93df38ecc5ce17bbe8d659a49849a5d88fd1f2cfaf272a4b1994
DDPM,1800,29,gene_30,68745cde9a3e98d87c36b06acb29e944f1e1f0cf234bdf2a344b2ed406c3e90c
DDPM,1800,30,gene_31,66787dd0e59003c5b9910d1a5b1b6531b74e4f259953c19589d6faffd9777d65
DDPM,1800,31,gene_32,c2c53e957d34be15e8a7ce218aef6ea642bfbb9bc6aae8a1988df888dec9436a
DDPM,1800,32,gene_33,bec744f430da67ebeb37bc7c920d39b10c68711bdbfbf28e972519b27c90d5c6
DDPM,1800,33,gene_34,ae0bba40fba0a32a86ce2487bc1d00233918125408107dca836569f645382151
DDPM,1800,34,gene_35,49adea9bd278974d0c366e5a79a6726d557b030e6c721d0e2697262f0f22d920
DDPM,1800,35,gene_36,7345173b8e571299ef1c29ed5dff88b97aff0275e50555ecf0df5cb93709cb55
DDPM,1800,36,gene_37,3ce34a558d44358a7a65149fb9ba8acdd56567a6a833a5bdeb69a93e23a38ac6
DDPM,1800,37,gene_38,e4b43d3f892a652886de8b2930a32cf219361ea33f5f0668b391442e82131d5c
DDPM,1800,38,gene_39,80e5c6ad6c5c831b1d8e61a106fe71e7edc14e7f809e77acb7e00585685b0a17
DDPM,1800,39,gene_40,2b0d73b5a03cbdd45b6f8ac4dabd2a69e9cd938f213c9c6d77b1f5bea7400e4d
DDPM,1800,40,gene_41,2a83511c6b15dd6eb0a8df3d166bbfe1b895ddd0bae1c1b44b6e14a1f723d9da
DDPM,1800,41,gene_42,12ee9e8d4e19b2288cbf2dfd4cf94e3b88c52a0887565f887e8215a1cb6f1e02
DDPM,1800,42,gene_43,ce7e5e627b3e49035f20affc46a71ebe950ea97ae3f3b9826126a00d4778b618
DDPM,1800,43,gene_44,ece49795aa35b6e47f2c57054926add443bf04bed6ec494addace4133bdbc66e
DDPM,1800,44,gene_45,64fd17685573fd566e296c6bd589c5759fb4f840bf426d06160ef4f78f890467
DDPM,1800,45,gene_46,df5fbcaf2c390e919b9355975007759c2df3b394a3487bb4cd80c79ad548e8fa
DDPM,1800,46,gene_47,68c76b83fef0abd0e47aa42ace7c98041c4ac4bc8149118dbaa72dfb707bf334
DDPM,1800,47,gene_48,e993d99d2a63456924d544dab3c1229ef90b1e3345bbc6d3ee9ebbad3a450bd2
DDPM,1800,48,gene_49,0ca7c3758c1a6360f443959d8db960b83a79f3eff40ae38c5bffbb58492f9ef9
DDPM,1800,49,gene_50,f9ec31c2080c00b10927bc6e97dc415e88473537a49178b42788f12165b9aecc
DDPM,1800,50,gene_51,5916ad4b7288a320d55213908f90f30e64bfba48c04d16b8791e43654913be35
DDPM,1800,51,gene_52,73844f628eb6f4c975fb5a366dd75eb3cdb5b2b5fe3c7894ff9ddc81f64ec07a
DDPM,1800,52,gene_53,dc3bec7b3da291cb3a61380652967a130d0456b8b0f2b29d806dd740258b1d9b
DDPM,1800,53,gene_54,701aae55ce614586d37bfe1a2be10fb7713a6601c06589453debc6228dde72db
DDPM,1800,54,gene_55,1e8a3291b4cdb498627369514402eaf4fd0970a5aadc00ab7e9a5d59b4828a55
DDPM,1800,55,gene_56,18ea28f004a47231beac37fe0936d65a4039b48b724c40c242f407eb69639b2c
DDPM,1800,56,gene_57,69663b76940729397e601fbed07e65cdb8a0eaec10a27b5b70d8cea6095577da
DDPM,1800,57,gene_58,dfac6724bc92147d2f31bb7c81247dfa7e3c1151eca142a6d98088c0a86371f4
DDPM,1800,58,gene_59,1e57ad18fe3e4b4c29dc18667e21ad39c67144a30d06ece99adad4a9dcaa407c
DDPM,1800,59,gene_60,09099a6e87840a95a325cb15d72238bac271bff5d3674da8dbad3b7a04d1165c
DDPM,1800,60,gene_61,500d79993aa1fc4c72174fdd2445af6db21167fdc741b23f16a52af86cdddf12
DDPM,1800,61,gene_62,1b6f0e4a728c747bd3a425b8cf5ecf226d248997d39917d19d22b9303f2c642e
DDPM,1800,62,gene_63,f36d461a9c550eff3d2100a6a348df76ac91a43d2bd6d863206c747a65b26940
DDPM,1800,63,gene_64,dcfb85cd1d69fa1b85fc856ed76b702c111c4459010a85b896cf062868a04bd1
DDPM,1800,64,gene_65,c100cff07cc1fdc76549f7dfa8200aa74971536c42523a7aca43adcccb6a46a5
DDPM,1800,65,gene_66,cd22545b95de2eaa7c8c455af01702bd04c41b2b46e6bb7b2b16c6fe0743fdfd
DDPM,1800,66,gene_67,41d5dffd28754e398e05452b000ccdc6c1cfe60ca573b4bfe5516f152bdb0528
DDPM,1800,67,gene_68,3c1281fef87b867928868498de40ff5871edbb7d7fd5ca9036afb1d85990b26b
DDPM,1800,68,gene_69,fcce75137d6b3776dba03f7fc8f5d1ba679de181f378bccb55668c4c973bdc22
DDPM,1800,69,gene_70,f43a2c4b0f3a57eefde44b6ee5a5f6bc79be9fdcf396562f6e635f986794e659
DDPM,1800,70,gene_71,10cb4395806054c6d518d2cce0f686fc233b9e4bc8c1c88fadfa69c6708f745e
DDPM,1800,71,gene_72,4d86b82fcdbcf6689ba58dea653399385c12cb481137659eb77c78ebcd0c72af
DDPM,1800,72,gene_73,3ea0bf5c36e59ef2842948352a8ae4ad2a9508c3047dbe39fc5897eb400f7498
DDPM,1800,73,gene_74,6525b1af03c93a203a6a2536a3ecbc683c119d271ba5e901bea93f7ec7deb362
DDPM,1800,74,gene_75,e8c6b9290580ed0ef7e4f3ae469dfca134d69616617769fd8facde6daf28e631
DDPM,1800,75,gene_76,cc596fda68b3376deaecf9e6adda9f4153d66c83651f45c191d39c6a44c0ee25
DDPM,1800,76,gene_77,ad8887605d0acb5e952c5481b44df9616a4b12afc66c5ea5976d2ff803e0bff4
DDPM,1800,77,gene_78,5d787bace80ea11d3ba1111d44bd0833b41ca72762147419e73da6471a6af072
DDPM,1800,78,gene_79,cd544d5f8dacfa9e0d84d7b9e2f61f87e7b0ee04abe732cd46ec0825337aa5c1
DDPM,1800,79,gene_80,551d9a8d25e1b496101e5f0bb792491fcdf7f3ca4d57bb6d77b531649a5d6255
DDPM,1800,80,gene_81,8b7adff8ac737d2d14a1e35dbe0dbbb926b053d5d5e22ce7e63d1c3b3ac4283f
DDPM,1800,81,gene_82,815fcf8bc656b820426ff45f51d638ede9f5a5ad52e09b8d9fabe86e54476eb6
DDPM,1800,82,gene_83,1236f01ee0e36a3879bab2e0c3b2272b8a270a8065f306efcedab92c64484cb5
DDPM,1800,83,gene_84,f237ec1dc328f5e3ecd6e5bf3635d050b90c3ed6e5329eb4d7685c23c429ce15
DDPM,1800,84,gene_85,d169bad7bd262da0e9d29ea9f1a73e374c9ee06118bb9ffb42b2c6ef95d45d02
DDPM,1800,85,gene_86,7586fba35d535c8dcbd6ea4a7532544e5a64508d9662083375aca82475056874
DDPM,1800,86,gene_87,624cc37f125b3547a1b0873f9a13efcd9d069e1ae30191669879af6340ad1463
DDPM,1800,87,gene_88,e76fdeb1fc159a8bbf5c24d6effe15149f4c739fa5cf835554675cc3024331c6
DDPM,1800,88,gene_89,800350325d2831f558944624c4fc2b01bc94fdf20550dc52b5da81bb4c5f0033
DDPM,1800,89,gene_90,e0b2a659d0c4d076c9500326941e0d5aab816c3ff77f8f26d22f7a73c52c3479
DDPM,1800,90,gene_91,ec00cde878ab502e3166528cbca0d63e302b0869132090a993b0fcae89e3df6c
DDPM,1800,91,gene_92,c766ac276db2408f42c822812a6028f7a06b9e77db618a852dbd9bcd13e3b108
DDPM,1800,92,gene_93,4a246e911279d9ecd7045758dbb23d82c2041d91258ad01fabbbbaca06fe76c7
DDPM,1800,93,gene_94,89255b528fb2a6c9b476a5294ece0f271761c0f8b4fc06b2e147bf0203a1ff68
DDPM,1800,94,gene_95,f037d3254220632d7d7800f2c31467222d146d27e482fb1f0ed700799b678797
DDPM,1800,95,gene_96,af25095f5c507585177fa9a9eb4a8aaf0643dd5fa4768732c41887cdde0e5230
DDPM,1800,96,gene_97,650a9d64def49b444615319803dcbf2216ef04a13e850d7a2d699217d377d1a7
DDPM,1800,97,gene_98,560227ccfda061dccb3a49e17a0a506691989f8dc9aab55678fe19ca4547feab
DDPM,1800,98,gene_99,59eacfbe8803aa9fe347260a83ee14879aa20702d982ecc1a5cc30ada8f60d2e
DDPM,1800,99,gene_100,eeda98a7a2b93ec142545afa38ab92315f08d06a05aa308a4480ea80562c6f5b
DDPM,1800,100,gene_101,a30306d27daf7b432fb0b178a3b4d38d94a7cb304908f67f37c005f46d77f43c
DDPM,1800,101,gene_102,d65bbf9a00b21c06ef41000e6a2ad8589d6a2d48dc3a0ec1ea820f39a66c8893
DDPM,1800,102,gene_103,2fabd78d2de503f03c1aaa011ba51f6469f716a2d57f508d50beb416ac101a78
DDPM,1800,103,gene_104,fc1153f7f93e512c22854f9e9888f2fdab200cf2fdb2b3e0d49fdf118deb8e68
DDPM,1800,104,gene_105,56618e6dd90e548281eb438cfecd85dc53f3b98aef4dec7518d917d6296fb728
DDPM,1800,105,gene_106,3b968472961653602bd3a2e51293520517fc0222b26bca879f9b813eb28c1c1e
DDPM,1800,106,gene_107,a6fd25ecf19e011d3c68a15d954b99a1036be97075a13f490ca6bb54e917b69c
DDPM,1800,107,gene_108,293cbe99dbec07cfc20ee426e8b9e3967392882b66656e2595a3b28cdd2dcf05
DDPM,1800,108,gene_109,0f2ad6913988df610dac4845bf24dd50c0cd6a24d8770ebf5a7eea6d85fc30aa
DDPM,1800,109,gene_110,9decbe963284683e2019c8da567d2c983c6a196152cdffbccd455a991c997635
DDPM,1800,110,gene_111,28ff99013ccb94022e3f9972385e84c51e9049a1f6c00d6fff796eec148640b1
DDPM,1800,111,gene_112,514e561560850eb2e7ae878155b80056282b1dc0560f0dc651a62e7024e4f56d
DDPM,1800,112,gene_113,24bbbd3bd8a96700b20a9679dbc6ac36bd920fd3a53489c871ec062c5bf06c7b
DDPM,1800,113,gene_114,7059168dccda60f601c6ffcf2d5b5cbbc378c9e60c5f04a149e5c6e83d44e01d
DDPM,1800,114,gene_115,a86f696132e7d0f5a010ec49a086ca2607205eae828c47b0f47733dc26cca5ad
DDPM,1800,115,gene_116,875cdca0076452555b25f48955871a858ec1c2b7ea165dff14b137cfa16ee110
DDPM,1800,116,gene_117,b2ce9dc2525c49667ee89feb063dd82dbf331767500061bf8c44af2d89996932
DDPM,1800,117,gene_118,e7eccd388e54eab0cdbcb754ddaa4e266560e167b2a48fc5f95144758c0c8325
DDPM,1800,118,gene_119,8b15607866336d6fced252e47a7d1e27a6d71c2fc4608ba4df352db0bb002d71
DDPM,1800,119,gene_120,f4484e7c05e726dcf1e2f5e0f00a63a8c76fb3511e8cad0a2e4db88f84859455
DDPM,1800,120,gene_121,eb4c785b0226d9f672bcfa82668c7e027ad9fdebf133a54a2484de72e81b8b4e
DDPM,1800,121,gene_122,b2944860a2e221448e50e91e6b2889b631379de629c986496d7c7e35f68a0f3c
DDPM,1800,122,gene_123,502f88fce68d345f8a04db95aa7aefc7383dab912c05160234a1178509641305
DDPM,1800,123,gene_124,089293fac61dd79914bca1bf7ab8c8d543a49244a2bbeba3a17d57c4f1f52b1a
DDPM,1800,124,gene_125,6321670450020581e150a5c49cb54c8db81467233d44b368670f3ad381749c54
DDPM,1800,125,gene_126,a51fbd75cc2eead2278f54a1155cc437015fee90b5bf60ee20dcf865868ae98c
DDPM,1800,126,gene_127,624a0861b1229d3331fd7cc965172b0fc2a8167a681946f99d6a51a179df6a39
DDPM,1800,127,gene_128,42edc78e6121c97a8c8b1edca78ad54a3133d44ac8eaf33a4f93196ca18758d9
DDPM,1800,128,gene_129,4762c28036f6ef58c23bb2bfb1c3153bb87cda25e02406005996580dcc04cf55
DDPM,1800,129,gene_130,90a636c27c76ff98031f3748975852d9b417c1f9dd0e063e8419e1745544b4aa
DDPM,1800,130,gene_131,2cac91e30618bdaf438f33a7caf56b5f56097abc59ffa5f37f18a9073722e172
DDPM,1800,131,gene_132,a9c6ba3b5829f4503c083ee155feacfee79a334175a8e2c2f07ee69644906dc0
DDPM,1800,132,gene_133,307c59651c7af88e315a69a2d33b0a8c40e5e2236d25a4c285fc564c863604f9
DDPM,1800,133,gene_134,943694c9e8e6d036b7b88645ea9d6b90e6d2e9e2b9dd16d0ba9ced84fb4d43bc
DDPM,1800,134,gene_135,b931aafa46c88685b649d84c91dba5defb59b1412d59fd75dbdd6c48e07ed0ca
DDPM,1800,135,gene_136,96a6ffd5f8ecf5ca4b58bf938d587af3e628701ae5d9c63a19813d1079157eeb
DDPM,1800,136,gene_137,820cfbb2ec82688fbd63f918a56c3bf6acf01c6f8f19c1e37a10321fa7353922
DDPM,1800,137,gene_138,fe21017471fea51f53d7ea4f1085ad74280a55d542f84217174390303ba283ff
DDPM,1800,138,gene_139,f06e993ac999bd1b200adba8e001dc11ba47698e41f4d2608291189dcc6fdcb1
DDPM,1800,139,gene_140,aaf97487ac2515bc7d9d8e98b709e7cc7bb631f410ccffe2f098316c4723e4f2
DDPM,1800,140,gene_141,f9ca76dccfa9d090dffdd46823381939e33e80c4dcc3dcf6f1262dcd2f9d8cb5
DDPM,1800,141,gene_142,ffd12b9eeb4ecd71aea23b9a6347632a7da9e6428de84c6b49abbd884ecaaa81
DDPM,1800,142,gene_143,6236b04477caf25b3f082cf29a35f67170bcfba745e775e994fe27a4080326f6
DDPM,1800,143,gene_144,4fe65958a602cecabeaeb909b8c0e6d87374b54f3a14cca3d947429851120afb
DDPM,1800,144,gene_145,b346caf5288c9fa5f70e0f8a4a6c649535c558acd23960e4e8e0c35f11752acf
DDPM,1800,145,gene_146,fcde3169d3d0397bf571671753f883e44b650d46f76bd929b8ce6f5ea87a5894
DDPM,1800,146,gene_147,39a00a8417186dd353677f34426f01d767979ae2389da7ff6fe9984180f8ccb2
DDPM,1800,147,gene_148,7b1f0f25882e9f4b0029757a5968591e10564c05676ac87ebe4d933861958bf2
DDPM,1800,148,gene_149,3f86b3182b26963760c8954f5bb5333dc4ec26265868e2268a8f2086919d280a
DDPM,1800,149,gene_150,b81428ea023d0703e4ae65d134e86c19746087bf2820a5e5eba7a83f6c7491b8
DDPM,1800,150,gene_151,85be6a8f507c8bf2c9819f5ee3418f0585f5f82911d63ef2e96973e158d9cc50
DDPM,1800,151,gene_152,3b60f686b809bf54df3f1061977cd147933b8247afe960b343319bedcb18c0c0
DDPM,1800,152,gene_153,98564178e3c74a03bb7479dcfad8a0b5580792978bcabc88877993a7443fa81c
DDPM,1800,153,gene_154,eb30548b3c1a1ecc4b6045f357322d71ae663ccf57e7e9eb0a06745ea4e6a03d
DDPM,1800,154,gene_155,655d334f1531bd0e35508ded38df23fe30f0bf12603da8e30a4e6973b5893296
DDPM,1800,155,gene_156,b7abd02f2736782c5d8f47afc5d1ca62041434e3f5f32ad240708fd0c30e67a8
DDPM,1800,156,gene_157,df5a3819f23edd3e08341d48034c69fb9536a78d5298feffd3b9c119f4f8ba4e
DDPM,1800,157,gene_158,7913958be2f7ed6d8038269f271243ef6b1370e2777a22d0232d5f4da5c0275e
DDPM,1800,158,gene_159,51d6d92e8c40794f1dbc0bd2ac2b1f6daad47163539ccb26c300911152e91cdb
DDPM,1800,159,gene_160,2e239abd74a20300d16c69066754e09d9ea317080bdd6948f0b6b0c7a270084e
DDPM,1800,160,gene_161,bfad285890e4a2379723a556432c0f7a177f5879db0a037e6c5863796f0019a7
DDPM,1800,161,gene_162,b5d931abe3a16ab067f82d39d8851c9754eb738834da5e91b0140440bbab5787
DDPM,1800,162,gene_163,1896a9c518ed75f6efc2d3ec6a9c65ed9fe9696e0c7b0261a7cfc07560457758
DDPM,1800,163,gene_164,426faaecd9f7cf2912bc01ff08471694a837656ab6a0ed04b63a8caff1260f7d
DDPM,1800,164,gene_165,6761a97ca0b7986af5adfad39efbf8cd8248247e771886020eec96bf34ecc3bc
DDPM,1800,165,gene_166,639fad0b150009291a4640d5180dd1e92e054db2954de97ee25ac8c3fc67003e
DDPM,1800,166,gene_167,2a73353d8da3664ffd260cd53ea15124966f449ed09787f57e589bbadff2cc90
DDPM,1800,167,gene_168,0b8e2b146914008553acc2fbba310c1878ac0f1861b40b155c8fb2fb6c41344d
DDPM,1800,168,gene_169,e2869649f362c2025f5cb75ca824ab6553b9cff0d856eb2694b9e2a790276dbf
DDPM,1800,169,gene_170,65ba7f63943340d0cfbabdbd20a4801ca5f1e4a0907045b137ad3c69ccfa452a
DDPM,1800,170,gene_171,5d954059c1331dd9caa519f6eccc0a1fd4506d2d4297bb0efb329dbbac5a1b9c
DDPM,1800,171,gene_172,e0832eb3387281f7723fd1689b6dd6230c93888d46686dbc4dd5823119199093
DDPM,1800,172,gene_173,777e6840dcb4cf789959b648de34ddfd496652a11d986cf34ceb597229d7ed20
DDPM,1800,173,gene_174,3764e383456296083ed127433daab50174e24e9bde1b964890db8b0a3982826f
DDPM,1800,174,gene_175,98aacfc605b5b14920cc86cd3f9b931d9f979bf2c276e22f18827039e819af0b
DDPM,1800,175,gene_176,4b489e89eb380dbd11ef184e0ca4e54ff373d05fb5aa6ffcc6690790fbbb8546
DDPM,1800,176,gene_177,c1c72ba06dc2341b32c9040e0c2e5d44d1373191c7df65c8bc95dd27e1327a78
DDPM,1800,177,gene_178,ada06860da34fa4a978b2eb2fe891f1911e5e8944df8b47b2c9de2d2325bd2f9
DDPM,1800,178,gene_179,d307accdde750b51facc8f421c98cc4d6541461c9249a8df243c6a98a9668c13
DDPM,1800,179,gene_180,31a23c6f7ee952413f6309ab1b43e6604ceb15ba574c5f9c46e13adad08f8a22
DDPM,1800,180,gene_181,758bca06fcde12129fecd462e52f1dee1b632ec499bb12dad200a32e138831a3
DDPM,1800,181,gene_182,3deb250bf6ccc2a774858be4cd703635a984383fbdb0d38b58ce55eba51b1e1d
DDPM,1800,182,gene_183,7e2ad4ad0a770eedcb69b37945c80f82ac896e3675c38b761c0f6d486a83b049
DDPM,1800,183,gene_184,076abac0a700e0c65fe0a4329eb6d3a1d586adf9f2f8789c0c092ce9d586dd76
DDPM,1800,184,gene_185,33529e880aa25f936f8c1a3624de1a6f135d693ee3c6ff00bfc793d223c29839
DDPM,1800,185,gene_186,7b56f7a73d61610560433b39b3a7218035172fcfc88a3d4d90f6ede012b765bb
DDPM,1800,186,gene_187,7337c04509aeb7a87b042ad77e98885146b53944f382407412285e304e977926
DDPM,1800,187,gene_188,4691a6339183d7cb45fc41cb86f69b4fa9503cdca8c5f47d0aa901612b4c0c24
DDPM,1800,188,gene_189,17221285dcccec2f6b31fba6ae4e2912e11ab848e02db8a50ede8bdc505658cf
DDPM,1800,189,gene_190,e1e4acce7b13a344f15a62aad2fd0480571822c5e1217a575f7f69d23978e2db
DDPM,1800,190,gene_191,2ea5af03456fe50484c1f19158570d566c1c901ffc45f466325196ab8f768ef8
DDPM,1800,191,gene_192,6280c1fe39392735cb1a71eba637eb7885bb9e33d3271d7457856a56e0d8ab62
DDPM,1800,192,gene_193,06967c57279d7f16347a017f2ffd4d79b992b3253587368ffff10399509a1d6c
DDPM,1800,193,gene_194,8c113c42e764d2fa2b5a29de4c3c9e073d98b305e9b08ad9a431034b554e7208
DDPM,1800,194,gene_195,404bd7b0ab3f4f0288bfe7c6bbb466ea218d49108640c99f0cbd14f95d9d0aa3
DDPM,1800,195,gene_196,5a0c433d0cee3de1ac09bb18817b57ddec4b563a28d1aa0c65dd41fb1394b1d9
DDPM,1800,196,gene_197,259b8424caf014e31f67a1f83bfc6fed2b3c383197015783a63d56f7d6e2d245
DDPM,1800,197,gene_198,8fea1336217f426d4a6fcf35d5cd47d010d0948e4d9fc26d6599f55affc380a0
DDPM,1800,198,gene_199,d1cbf0901b812d4a4063f30ac9d7e13e6bd55523be6b31c839d11606a7d6e473
DDPM,1800,199,gene_200,dda2b68d412a8367bfe3513416b8e93acba954ab7447ef157dc288973cd95dac
DDPM,1800,200,gene_201,3c619c0a6809452ed0bf97edec577952917fc2e3a0353fb9c07a3906609c39c7
DDPM,1800,201,gene_202,a9ba545e532fd727ab5871ba347fcf007406954804fb41496a545fa41c3ee853
DDPM,1800,202,gene_203,7f1f3ade7d49423d5997f9b3d7a006678fff9f0ad2dc62f6b4fbd8d5339d97e3
DDPM,1800,203,gene_204,95ea62347a05b0e30bdd7de8beddec12d53fe3cee30f873f06af8960450972ed
DDPM,1800,204,gene_205,0df9754b7ecd8a88ee9ee9790fea794be4d1bd772e4370fd461d8ba41a2012fb
DDPM,1800,205,gene_206,5ac7dc1e9cc7ede61126ebf91cd4148521f77c96a2f068389fe6c4d7bb477020
DDPM,1800,206,gene_207,8b08abb2a8039dfa6fc169665fa58be0631c82ec0de24f22af9b1db33002f0b3
DDPM,1800,207,gene_208,6ee47d8ed821a6d5c3014979f5f8dcbbfa2af0ef563e71c8c8637a5daa7b705a
DDPM,1800,208,gene_209,b656f43e301057e036b6ad0182465f7e3ddaaf6bba9b226566fc009926a58c1d
DDPM,1800,209,gene_210,7e93b5a95edee7e40a964ee35374b0f6dfb8bfe1bab6e2750e6b2dfda644df90
DDPM,1800,210,gene_211,9a8695433e16d036ee5c7553cd054bd86e7c623ae54649bf204e37988f1f93a4
DDPM,1800,211,gene_212,4953210dd3cca4f1864a87a4f463c2daebe1af868e8b0b14f8feb30c6bfa6d97
DDPM,1800,212,gene_213,f623416db9e10d290f69b1c2f1a4fd8e54ba05371825823084336bcd1029b990
DDPM,1800,213,gene_214,33e3bb584b8aa09bfcfe6308e2392cfd5f848c78dbcfc96e3023db8acc329752
DDPM,1800,214,gene_215,c2ea96ef53e7b13cb64d89ca09717f070dab760bf960cafff0534d22a8b5b59f
DDPM,1800,215,gene_216,fd1dd829718489f8ccb360946d7c6ff3e1e178b8ef35f97837069547d2148d51
DDPM,1800,216,gene_217,15efc89e03d997cb4dfcd31c5b501ff93df0e2d5fb88f12ede960bd37cf94197
DDPM,1800,217,gene_218,317bed9a634d8f76af0e1d4ec04005e05ca43ad4797bea3f34c2ffc667ca3059
DDPM,1800,218,gene_219,f8b59093a14c9dd79b8691b7be3e19f38625104747a601d24964f484be61aed1
DDPM,1800,219,gene_220,b1c03f38cf9121890d833b0af39aa62abff1d479614fde48d8517918e24c4fe1
DDPM,1800,220,gene_221,c431ce02e0fc6516275762681a4609e73290cc7e2e0da1490a94006e01452b04
DDPM,1800,221,gene_222,43c7142c76ca8cd6dd6c0129b25b98afdc6f4375f94690b7f3eb7bf17106bdf2
DDPM,1800,222,gene_223,1768bf39b50f525c23e2a666d72fd07cbbdc4a9224750954f29c4a8982315f51
DDPM,1800,223,gene_224,44d60b5982e4c8b7245191860d3f26e0646aec1cf674ddbacad2392f77216a65
DDPM,1800,224,gene_225,9694814613a71df87564c23ed0098626e6025b01498dc5906e343aeb8e2bed1a
DDPM,1800,225,gene_226,4a3727d5216179fd7b6f4dccfb63cf51500cfe4f4dc68183958a398212beeb73
DDPM,1800,226,gene_227,c980541fd70bde1fa2237fc492fdecc30f1cb6cd1d89ee45b10b8cb4a10db20a
DDPM,1800,227,gene_228,b5d4663aadce3660986ac3d5ae0e809db60882b15a50ec3a5e0d67fe72e079e8
DDPM,1800,228,gene_229,95f2481f333cd7128b88cbcf9633d128b1bb62067fc873e18544718f96e205e1
DDPM,1800,229,gene_230,1c68dd7ff49576649149e6f22cd263467540102c9a7182176f91e8606c506bc9
DDPM,1800,230,gene_231,d33d1ea95ed61d48abfea89fe3de3a5e94d118d0437e7b17f615ab59c8428791
DDPM,1800,231,gene_232,49e5a54c4da9ececde6e76d7909c88dc9a886f8dd4770e257cf43fbce950c91a
DDPM,1800,232,gene_233,81af741d01044299abb7fd563355364c486f1aecd672a83a5c91950abb6b7053
DDPM,1800,233,gene_234,2123a11f233a4634f0c2f83c66453c1d58eaacfd5b83960284505d5920bf8853
DDPM,1800,234,gene_235,aae2c289d7253c9e9fb825439b4d652142d5af1db430965bcaadebb272465d81
DDPM,1800,235,gene_236,d7b9201ecfb03a21357d379d4116c6a769da8c45eee0b6caaca347108811025b
DDPM,1800,236,gene_237,95f1dad41d5f789ba53d2df72556a48a491f1e726899d6f8fda1c5a5619ffdc4
DDPM,1800,237,gene_238,1bf128fb900a72fe09d7ecb085f31d43dd19ffc98d88c670d7e11ecb5a60eddd
DDPM,1800,238,gene_239,6feaeef4c88c87481ea1937e4ab9d71e8a1ef0934dbfd6e48fdab3deb3791cd7
DDPM,1800,239,gene_240,09cc04d92d1bb3d4300e316852f2f390e83e7ea2e5874da45eaa38a37550d014
DDPM,1800,240,gene_241,32b8716e97423916afe1121e43a373016fac58e225b0d08f4d731b665b2f3844
DDPM,1800,241,gene_242,bf563ab564f11a153d77e890939c34e0aacf94606b2255e955bc8f1a72912e84
DDPM,1800,242,gene_243,a5fc5c1532e3b35544f531d8512c18f5530d5fd04a0a9f9ec07c377d9038140c
DDPM,1800,243,gene_244,484804eb900bef4642f5fec88cb5e90ecde05c722fb60b0cd48f54a18f183c85
DDPM,1800,244,gene_245,8376f2437789bca8969f42456b211335c7983893455f47fe9f901a98b7ca4fe7
DDPM,1800,245,gene_246,3c4c733b47b29efaa0a381d6421f56f0748f6de0517c8819cd664de71f885176
DDPM,1800,246,gene_247,7b9f8354b61e56c17754d7d983a3d1d86a616757dff103f6c9d8234b73b6d351
DDPM,1800,247,gene_248,981645334d3394a7174e10612992f6ed346dec6b9f5f36243682862f34806a76
DDPM,1800,248,gene_249,669645e2ee6614a97b7ec15d2b194de6e2a03f8488d6edfbb3402ced0c870f64
DDPM,1800,249,gene_250,0dcd3b2b4d7351662a18dd245fc13dffbe66e7117f3fb575c1e60f89cddbaf36
DDPM,1800,250,gene_251,938201d289f7587986f07daa2db81f3e7f10b97930f141fae2327402ed60b35c
DDPM,1800,251,gene_252,bcc1e78256440c3b2ebeaf7fecc8968d922caa590f2635f6d856cb810e414ae4
DDPM,1800,252,gene_253,d2ee7c7fcab15a9ab83292683c14ed32b0c68521296d6515eea8e68efd52c7e0
DDPM,1800,253,gene_254,3d8ac6498ab076be821d359904a44d24b01a9967401aed30bf9e4fad429dcb91
DDPM,1800,254,gene_255,517b46cd2e9daffbbf76b1f441dcb36a2bffb9f1166292ba5add46df926ea50e
DDPM,1800,255,gene_256,70fc906c59c1592a89b50cb91be8ee9753b047ca6a8a714df012d404a0d8e174
DDPM,1800,256,gene_257,e0504db4f7de32fb02d9a5bbc26395d683488034a55e8ff821567572a86fa834
DDPM,1800,257,gene_258,101d44f88bfbba35b542706f2a0131d74340a52ab0bea4127d64099b848add3d
DDPM,1800,258,gene_259,953559d0a76af5f7afdb98fe87ff560c19924ac5878e44aff1237c5439e9fa37
DDPM,1800,259,gene_260,f3a3ef4f08ea576e75b4d046e04ce2f63371320c5e97d705da675c1e4edf1aac
DDPM,1800,260,gene_261,250e82f93365e5cdfa02e62020d1a9a913b47599f3a2d4f80758df78b2b435bb
DDPM,1800,261,gene_262,1cbda518fd24f8ab24fd124317c322170992b80d1e0514e8d44b85b9dbe1f826
DDPM,1800,262,gene_263,a43f9742fcff5abee021185ccfd7fc9c8c100e6871cc7b9ae0773d5d05d9af7c
DDPM,1800,263,gene_264,abce6963b5f345bcb187a0d41d0e19be9d98cb4ab630b667c44543eb4b838387
DDPM,1800,264,gene_265,8c5cc7dde07174ccba4a10ebe7a7f1f09021792161ca52eadb498d9f30b172b3
DDPM,1800,265,gene_266,53f0baafccb3394df9e09f4e4a0341d5821b42a0b18be783120f0791bc7c6eaf
DDPM,1800,266,gene_267,9cd3907dda2fb557560d616bd4a4b9629634e9afaeb9752fe3f8cf38cf3e7229
DDPM,1800,267,gene_268,6c031a71b17c60e84afc4f1041d2a1c20df40cf5e1c3304eb7191b527574e074
DDPM,1800,268,gene_269,ee6d1ba4251ebdac50d74359bf8b16adb25f98634a799c68fd6bda00c200b0e4
DDPM,1800,269,gene_270,17cb721030c8777c5df6053e2e1c4616d34bada4eb7832ae1e30dc4032228159
DDPM,1800,270,gene_271,a42d6f7b37bc58f1267270d327c9bcdd534fc4c8c9b2bbe5791755df1915822e
DDPM,1800,271,gene_272,60ab13c6e0ec6afbeeddb92c8c8f73c50ffa8a08fa6fe7ce2606b2b1f54901cc
DDPM,1800,272,gene_273,e562e7452142e0506e1f8da7458d66bb5e7b9da954f0ff4eb8fa757244f7f8cc
DDPM,1800,273,gene_274,dd16e986250756015c9949945105e2245b74ec21eb9769c239d4fd7d3c0b88a6
DDPM,1800,274,gene_275,c7f28b38406d58242ac5fa5597a6629630fe29006462a9ae968caedc8d917424
DDPM,1800,275,gene_276,9d4ee71bdf24436e57cc599df528ce60db76509eefb2de2157279f0465dbaa9a
DDPM,1800,276,gene_277,dc95a037a991f64e95b368d28906825dbfc31eae06668a52c2a7ebbd574ac773
DDPM,1800,277,gene_278,3a3d9674185ee5e350d1a5d05e41d1561e1962e674ff95104a52e81b02da9e8a
DDPM,1800,278,gene_279,7bf51e950799a62005940d1860b91f2369f27d75a309367535dc01629cba69bf
DDPM,1800,279,gene_280,219601ae837a2d74426f63e6fac78ff2d81eebee5cf6e9abae8ffbf56e23de36
DDPM,1800,280,gene_281,7b0a69122e3d6b126775b752a08fb016021e54e6318840322d09061a8177d04a
DDPM,1800,281,gene_282,1b8d72baa6544a4bd031606e367b393109efc2ec91d5949c872b85c147a5dcb4
DDPM,1800,282,gene_283,efffd533f5be731f798d3f497c1494177c0ff08d89bbe27aebcecb7d3d7d975e
DDPM,1800,283,gene_284,8d50e645a5c870d9c01ccde7f915bba4ddcf468ab6ad7bcdf87602417bddba05
DDPM,1800,284,gene_285,ed37e3f972a195a949275d7f02d1a3964c4dc5f8dcf214eaa5bf8d57f8a67a41
DDPM,1800,285,gene_286,c1afaab15fb8924561346ba538db0a6ccfdab4701fbd1eaf0580eef08c1676bd
DDPM,1800,286,gene_287,25ee01070ec6adc15f0e3b976fe2a4d4b2bd65e86e88ff434bba8618125bf89c
DDPM,1800,287,gene_288,56e105b38b5dd2fadd1f44aadd3f442ee323978e70afff5f2080b2a568f6b852
DDPM,1800,288,gene_289,53243beca8b48f802a4acad088bdda17009fd2c6d9d96d8b3014c95c7aed33f5
DDPM,1800,289,gene_290,dc7ef9b90c3a309e5053e8b144d991896310e8b873c9bc958d423a5ed9964ed3
DDPM,1800,290,gene_291,3eb8e36e5c70a03935263032e09fde0afef5b1019e97f61fbdcb2dfff1af77af
DDPM,1800,291,gene_292,fdecbd30577d6f8c6732c1d4c2c951ae70164ec922ea7984ea6d9dd11d5de281
DDPM,1800,292,gene_293,938f27f36e956561cbc19af75bed6fd3827e945f1db89b59d91643c1419bf9d4
DDPM,1800,293,gene_294,fe76be14c581655a2038aad1bba87bf8352b4dfaa5e64b4789dc637c8a15f867
DDPM,1800,294,gene_295,f6f46c825ad39d7c81417582e8060df08d6220a6eeadd44ac7dd10159092c9f7
DDPM,1800,295,gene_296,c1e947af4ee4847ffc12e59c57aa5927dffad68691b922caf0d4c39fe37571ac
DDPM,1800,296,gene_297,377e045f5a1dcd631ba6a3a9eba03e03079a5e41bcd20e41f648ff6bcc916474
DDPM,1800,297,gene_298,64cbd85559a8bdc56fe7676464c13c8b1acaf9fc6b65f9323b74bc7929deb76f
DDPM,1800,298,gene_299,a5a2c9be69a20c6514ca2b8f4d48c796cef07d03f09d2c16627235ed6600ca20
DDPM,1800,299,gene_300,2ee4206b175e4321789bb224015c6f1b49876253fd404bb74536e7ce6760d399
DDPM,1800,300,gene_301,80b7c061b6cc3e10305e42a688f4594443d51ef00b62ef670fad737c62a5f71c
DDPM,1800,301,gene_302,759cb41311954c828fc6ac1e728f28e3a1d9cb49475cd5a39b4d1f70a585c697
DDPM,1800,302,gene_303,cc24b6c2df78f6a8ad8d394a09c649f0db494c4df88c933a87b084c5b40905a2
DDPM,1800,303,gene_304,720f5c8fccf8bbafec3203148b482d659d8add97d598cd457c073587675e8f18
DDPM,1800,304,gene_305,ecc64f447618dceb8a48ea27d95e9d17e8889306579838e2fd15f99e9e414071
DDPM,1800,305,gene_306,a5b41409379cc80987e6c9c545a3e0e0e7b3896666d6991db2731d5948914847
DDPM,1800,306,gene_307,b839151efbff6acd21bb8e16601c654c6508165f3ad2894611ea4391dc017bfa
DDPM,1800,307,gene_308,ab3b7b6c314402f6e3ea212dbea55d2585cda0f7a46da46b676a7f4725cef7a9
DDPM,1800,308,gene_309,f7a648b1a3cb32c3f3beceda3dbb23e0a246083e46d9d5d1267b9463b8555788
DDPM,1800,309,gene_310,67c44b4b7dcf98e719da7111db4ca7ffdf01c1f93500adf3090946d8aaa2f1d4
DDPM,1800,310,gene_311,605d62e28730805bfece7511a49f86cb6a5f74ee1a7dcd94e440b3db8c53999f
DDPM,1800,311,gene_312,f946d206b3c8a35e1bcaf2d985fe0bd199a4b65055a82469accb7ee53a1ff852
DDPM,1800,312,gene_313,80f69bf323f32e76faee1e17c371600a8416e49a09ae7dccf3e80e3616a8755f
DDPM,1800,313,gene_314,df5f9c528d805962c9070e4d96515ac2ee88973650e363c10e836b92a14ac350
DDPM,1800,314,gene_315,4d150146f1a8350d2144a4b2ae5f6c816d4abd2e50a5c16d2582d391de3a35f3
DDPM,1800,315,gene_316,37d9da4da1969af466019badcdd354bb42146c2c1a455ed029fc6e364b89a071
DDPM,1800,316,gene_317,49fd23a47893867aec53ff61eb1ed87fd3a984a2f7a75c5dcdc4739c5ac8cf02
DDPM,1800,317,gene_318,da6fe2bba8d43d0d2e6742065f4cab65bf1a3ffa7feb90f86f743aa8b777b96d
DDPM,1800,318,gene_319,b86d520a08c76a2a9af123e68174658165c9477cf83926d51c428df33f121aaa
DDPM,1800,319,gene_320,8105a4d98fa9fe6acf95a93955a586093245bedb7866a34efddeed7ba27ce507
DDPM,1800,320,gene_321,80ac36e03cd1bab41389679c12f723ddd5a27519c58808863a070829c8592517
DDPM,1800,321,gene_322,72449ee0a1a6cacb860e235610317e9884388dbbc644dda32d1a0f713666cdce
DDPM,1800,322,gene_323,b77687aff6f784a43b8236c4300ad996c3aebe85096b777443726cff93186c13
DDPM,1800,323,gene_324,b9d523e9b3919a0f19ca2077a97a13c37396bb593dedbca6c8939ec35a3df274
DDPM,1800,324,gene_325,2e329102628f9a6957cc6ad1e28f034338b38c782a1f5680726762c797ab9fc8
DDPM,1800,325,gene_326,4db8243adc3dac19ca8e37bfee0c8acb6251687cf8b1728d7296c55ede657c8c
DDPM,1800,326,gene_327,627cb41da42c8e5ef077a99bd3e68ae3b056eca9e3a7b9586c2123f0dbd4dcf2
DDPM,1800,327,gene_328,f51715296c4d6d057a5270e35e0e0a167844d5b6d7437bea3737d7b5c03415e1
DDPM,1800,328,gene_329,cf6cf16703a4cc154b146ad995d369db26a7a0248175bfca268fee3f757eaaab
DDPM,1800,329,gene_330,165b3ef4ae4089f4396df4a7beb25fcb6058cdae602b1c3edfb14f50c86e9bd6
DDPM,1800,330,gene_331,95b1c0b19dad93e2b5751b7aa05980dba938a2c32717adcf17ab09141d951685
DDPM,1800,331,gene_332,7a98050d9d19141ea5ed4b96be458b3ab81a80097dc907c99ca51f67a2816759
DDPM,1800,332,gene_333,c22447d4f04bffaa8c927680af4e3270fec7f3e345981bcb2d6188c92e3db471
DDPM,1800,333,gene_334,03d2bafd297d961fed8e10ea2215f37c69217e283eb63112f37d31920600af33
DDPM,1800,334,gene_335,2bec1531c26bbe492510872a26e69e78e5d2ed14014a5138c48e8168480e8c0e
DDPM,1800,335,gene_336,5b5e3afbc993517dba3ba538963aff0c8bb4a9e0650d0a11663524f3ca8f4ea3
DDPM,1800,336,gene_337,d236f836f19aaa9e2a1af45d4b6124d46aa348b7efda3124694ffb6a4ef3de42
DDPM,1800,337,gene_338,9c20686f25990a9bc44b1c2d66e0e20a6af7f204c93292e190096fb725f7f6e6
DDPM,1800,338,gene_339,713de486afea7c51bc758df54a8bd22cf37078d1877dd10923a62814d9a7b4d6
DDPM,1800,339,gene_340,0d02f7d58a437ba5f99b1c2bed565617c9d2256fc9e3a2bfe3a1b4a2dfae59aa
DDPM,1800,340,gene_341,985940dacd7d74880653e4a9e218e660f828aa25103cb2bdc96880e211dc9b93
DDPM,1800,341,gene_342,6d9c5e53f685bc5790aae16328979ad53c33bfb6cf3f541730b2a3a25717e69b
DDPM,1800,342,gene_343,7a44c871c8b069e57a86ef965eae7f57b5a3168b5ed8eef957bc4bd6c1a3d80b
DDPM,1800,343,gene_344,bbec83c82bd2db5c8e5d71c6d16fd8cc7e69a513859114c6333651d356ab70a8
DDPM,1800,344,gene_345,243bd8335636cb5f019a37a63810282a6a2750ed72dde3c5207614ccb5aad791
DDPM,1800,345,gene_346,6a4ddbb75a5beb0610043dd3161714d2810e473bc742817c040f70f5085c3d5d
DDPM,1800,346,gene_347,1a92c52f82e695e00bf773108bae85662d007f9a3ff7d88f840ae15291275d0c
DDPM,1800,347,gene_348,d75009b97f7c5000186eb933ff180d20fc49309f3353d2a8ebba19a244caa770
DDPM,1800,348,gene_349,82d440fb79637b76020139ab6018d1a3c9a5a8fd8eaf608409d8d15b25a6d08d
DDPM,1800,349,gene_350,e04c5db4bf268a8a1fd416371fc6ef94243ff98d70451c664b857704b850528f
DDPM,1800,350,gene_351,756cb908275ccf2bba04d6687c306ed79fdf4bb969cbea153de2d6179bec961b
DDPM,1800,351,gene_352,6609803a9ba852b6c4a43b06ba35c4a62120bbcebf740e7dc4e2f9328e561c20
DDPM,1800,352,gene_353,c8e3c018c067d643066220fd0efa1690211d48a4a8a20e538442b88081e025c0
DDPM,1800,353,gene_354,885bc9c37b69a6bd03f812980a539be24015dfdea510a2c5a4d571ba4c5d70f7
DDPM,1800,354,gene_355,5a45067b44382d1509ef0a7ae64baec3ccbf522bab85551c57416c56c2842b9f
DDPM,1800,355,gene_356,9e72ca1e51a22a2aa0e2c8dd0e5b6aed46d0ad7468121f0b7c97816a2f31ca26
DDPM,1800,356,gene_357,f6b2e599f2fdc5ffb44a6f0343522d398b3bef8051614fd16243f4a362e12439
DDPM,1800,357,gene_358,abad749badf6e5bf42068dc381db8824c511aff8efbb647b89cb648f0a29a305
DDPM,1800,358,gene_359,67965707f12c8905f12dbb1116e1a7f73c3ceafaece87f8c0aad310e6ce45931
DDPM,1800,359,gene_360,9388a982e728a501d66c9cc0655dcd3f33a65fc59a2bc4a08fe33f4df05f5708
DDPM,1800,360,gene_361,b9404d10969dd8efaefb56d43d39e599c8190a8652e56731b81c8154982f71b0
DDPM,1800,361,gene_362,c201bd6467c723d25fbea7ae3df2d3cc561aa09685845ec4b4dbae34bacd60d1
DDPM,1800,362,gene_363,952d94ed82525d3e2ddc9d2a71a0db0ea828f49d2133617966d623d5281f836d
DDPM,1800,363,gene_364,8fe264752df0ddb565facc64b52e18a8d2f6fd8b4cfe8c4c5045da90136be8e8
DDPM,1800,364,gene_365,57832ddb972ba9ad1f3eb1be1545282881c1eca9cbcc38adeac80d5780d3365f
DDPM,1800,365,gene_366,b64684cb4f9ebf98febdfdd66400e103dee4c81de3e0a3cbe6743be8f9c70d9b
DDPM,1800,366,gene_367,0436758a556a33c4960cbc5a35901aaaedf6729e6691b492d29a69a3bffaa62d
DDPM,1800,367,gene_368,9028786ba5dd0566d6b0019f422852f1e5cb28d6d8e6f3ec0187b1054dead1d3
DDPM,1800,368,gene_369,e73033d5c1efccc66e6b57f2d9296d63332a2dc8e5af325f1f341ad602004841
DDPM,1800,369,gene_370,5b2b3ad46c2c3eaa01edff2d7a6f29ebbce5f1822e35b8a77c4310bc34a5f4b9
DDPM,1800,370,gene_371,dc374157f91ce271557bc1368a58e7dbc4394e9cc39b144dd3a16a678633a366
DDPM,1800,371,gene_372,bd416ac32047787db91e6788dc737df653fc4b969fe055dc01daf99cfdb1f3c1
DDPM,1800,372,gene_373,a3c971d127afeda94ca6a4b9bfb7b7f88f2cb2d87ad41576beddd991b99386b6
DDPM,1800,373,gene_374,20e51a05302a2977d2a52c220d66bc366b278ee80e5604d1e0536dca6bab1b9f
DDPM,1800,374,gene_375,12df85aad32bb27a49bdf08f8e7469b947b8403849a81c94a86a58e0be32c727
DDPM,1800,375,gene_376,e4cf4e24f765d3c2e4bee50eefbcf423ce120740ba1b5ab28d1276dea9cd58b1
DDPM,1800,376,gene_377,f077b298e1c66498e57f43bf4e1e6986b185a8b5c96866d191f181a21b8a3a93
DDPM,1800,377,gene_378,b67e06768e4b935bfd3559fb29493c89ebe7bf2b95da444df008339803c026fa
DDPM,1800,378,gene_379,b1be09c6d308ed1243641873b8027d50650bbae8a14080e4a24ec5ab96c5acdf
DDPM,1800,379,gene_380,5d48e9fe21574dc9289a5278c5142363d986c4e6abc0ebae63963582d30f85e5
DDPM,1800,380,gene_381,583936a9297a6d72ed02cf68cb516909bb6436e64375fd1f96d5815cfcb0c8fe
DDPM,1800,381,gene_382,1a8d775322ded24def8e5faecee0abdafb1037b0b1b1612cfe6d1b932c3cd89f
DDPM,1800,382,gene_383,421970e5123d5154867896b38d0ae1555b5b5b1baa226f2a0f98a287a78f9c58
DDPM,1800,383,gene_384,a4be2cbdc6b5e91c882c76e1bdccd48ed01f5f261c6d19b289309e6df6796265
DDPM,1800,384,gene_385,5f6af5f001358f96cc1393d760566a328dbaebddc2cd6d9cf03a75786984bfe6
DDPM,1800,385,gene_386,bbb690027ca5854c7eebef27f3e5652cbb6d5bc8adbb99615de1b80cb43ed780
DDPM,1800,386,gene_387,487ff7433f088d99ddd9c780447c101b59676555ebf1b6bd28865f8d26fe8ef3
DDPM,1800,387,gene_388,1a383f5a9880d6ece80ce84fecace1d19a468570d049b281ab3ff358982aada9
DDPM,1800,388,gene_389,b3f26ef43425440107b9d3ccdbd1031b6fd92631d9d9cb4c59172b4ceaa4b502
DDPM,1800,389,gene_390,53897b96256d3241665fd8176377e61706c5750f2dc864e68cbdf723fa92dc77
DDPM,1800,390,gene_391,6512a536bc64c3c9ca5e587ddd90d1e149cab23959b081757fbcd4ab61847365
DDPM,1800,391,gene_392,f2ab092c1f42696b3b464eba13e459013f703475710ebb2db418fde74fbf2372
DDPM,1800,392,gene_393,b442ab2acbd27f490a57ad5fbc61c97f5a2cfca16522183c397dae2da55e3549
DDPM,1800,393,gene_394,d65201c3638ce147125c1bd624832061b88b92d24e8e2f86d6ba6de4d699faa1
DDPM,1800,394,gene_395,d021b3aeea909c62c7f0a6c737979f100a9c8e988da59cb18c5ee4c4735923b1
DDPM,1800,395,gene_396,7608be268320b4649e450d08580df5cf28066a4e07c238e8f809be306f4622b9
DDPM,1800,396,gene_397,2dcc16bdf254052fe0b5c45c7f936145a0ebbfc7a834079e2006d56da85522ac
DDPM,1800,397,gene_398,b191852e05ec227250744cf57923aa4054ca68799124321e886b7f23ea727301
DDPM,1800,398,gene_399,e73d1bf086a2349198da64f3fde2546bad28f18b65b52aa01d439e76aed97729
DDPM,1800,399,gene_400,fa94b974bc33937660f679dba96e8fa3b8b8a76c12e55503f2a38d6967b191a5
DDPM,1800,400,gene_401,19b3225790f467d34262993ccf05ea7f1f7ad2c1f2666894eccedc17f8045147
DDPM,1800,401,gene_402,552edd61f6c0be82762f78701ba0028059369f0a8b93f1a6678b6f7c1564fe61
DDPM,1800,402,gene_403,dbf041ba7156dcb236aac70b00e36268529764f11cb3f69adcef1c175fe160ba
DDPM,1800,403,gene_404,ec271e57268276fd9fc297c909f97986572d5c981a9340054025db2268ed3002
DDPM,1800,404,gene_405,bd742fc7e8f62bda5eea47828d7002c0612cb9fbac88c0c39d6e2a6fcbef1f93
DDPM,1800,405,gene_406,3a3a6d4437504fb7c22c22f90888783de69d51ac0eca413bd67cd00b532ea82d
DDPM,1800,406,gene_407,40fa6b7c75b40ad92b2f1036c80cfc291c0ffcff17327c14d399dc322182edf6
DDPM,1800,407,gene_408,d2bdba07ffa574fa89aee89542f34904e7f72b9aa2bcbdda84b97a8c9ad63986
DDPM,1800,408,gene_409,062d3b3595faa40b59f693bbdfc3ad26244839956ea1e5cf9e6bb54d1a7e5e89
DDPM,1800,409,gene_410,399e678b3422e3d7abd77beefc7f3250f4aaff08912172b4408ef799e7e13b3c
DDPM,1800,410,gene_411,46bd4f93d44e51102149724ad324f6b1eee5bbbe310f3c8853c3fcec9f31b73d
DDPM,1800,411,gene_412,fa4ef7be4ceb9f5169574fa2143d1e91b72b9922824fcfa19fec6def6ed07dda
DDPM,1800,412,gene_413,cdcedfc3d8fe99df2a23670454a02b6bfb3b8d411413c56367d3c42dddac379f
DDPM,1800,413,gene_414,f59e736e34fda092e6554849120b51cee02b942827cbd640185440f8645f044e
DDPM,1800,414,gene_415,3cd31cc0d749bcd252b2143115584f03ecdf18d5c09b17fb71702e67057e0e3b
DDPM,1800,415,gene_416,2051e1af4816eb84c63ddb44aeec02f31f8ec151eb36c98d5d00c9c16aa585a7
DDPM,1800,416,gene_417,cc04581569b55eacc38125807a2cb8420e410baa62d9a5a0b300938925e9342e
DDPM,1800,417,gene_418,f29f5f68959f8ea4bf30eedb43361fb28d83ed53f65d3a446e90a560d84471c5
DDPM,1800,418,gene_419,1a8cd96543007d27f74e049235da568f9c11031eb9963caff6f844a845cb5bd6
DDPM,1800,419,gene_420,fd2ed901c5e3e7a21d9551321512d6c2ba6bfba9719a5c58f1b789f510851791
DDPM,1800,420,gene_421,b4f31e23738860cc7f0aebdcfb8f90f162aeee276573d265254a92c971647d11
DDPM,1800,421,gene_422,7959217a5819c2fa865d910f80406f75a34cefc02ae0504bbfcc314e1415b7ec
DDPM,1800,422,gene_423,bd9372f21e4e635fc1c1249a29dfb783b51e3e79706af1bb955dcd137c529c09
DDPM,1800,423,gene_424,83567d2da682bb289488cb170bb6e58a30a151378810881c57b96a408269f3a0
DDPM,1800,424,gene_425,01f6762d1e5ca5da005ef2b8b9a55140606ff6ac70ee4f2eb1fd240e220a5543
DDPM,1800,425,gene_426,21a68b20896adbdbd0881c6f4a67d8de1929bfd3a460e79309f7e48bc8790fa5
DDPM,1800,426,gene_427,631c85bc2509984445ab8b71a006ca47bfbae73ec43036a15ceacfdf969f8b9a
DDPM,1800,427,gene_428,84485f8c9e76ceffc33768da97547e67a81a794ddd4598a0bb943c4fcb46b17e
DDPM,1800,428,gene_429,81ccfdeb573f84a610aa3284a96a7d52791f59ef8a67470488082e0e5f448dee
DDPM,1800,429,gene_430,151dd1d38658c83b2f2b1c4b7a55bbbd1272f622cd6e9f7d2f1ab37f964fbdde
DDPM,1800,430,gene_431,8f96067c22a32d5ff07b6b9a087c1645ac350a465c24bf9b04f77e5dfae8f7ee
DDPM,1800,431,gene_432,850b982eeb1ef7f20241eaf410862529621e7dd0b6891514652749cfde86c87a
DDPM,1800,432,gene_433,636416a2870cca171be1da92c6fa941fd77357f6eca521f53e22e57eca45627b
DDPM,1800,433,gene_434,cb4901b0d5dc2db1310d40a2fb5889226ebe609cfd19c27323a37df67e11e451
DDPM,1800,434,gene_435,d1977577d9c2447da226edef7ead94ff9072636b3822a69757c22150679c4f32
DDPM,1800,435,gene_436,534d68a1d935943ee3d5942c34eff3c6ec4b202302504a7da1c5354085a54762
DDPM,1800,436,gene_437,fff14187277643d829534a476cdc143d774e611c52027d174b11830478106f6d
DDPM,1800,437,gene_438,810110151817c931f978567d84bbf1d0a6c285f1c664d5fa0e1167044829c60d
DDPM,1800,438,gene_439,621ceaf35741344abf94a028b4cb1a9105b112e22b977faa4dfa1b4428988db6
DDPM,1800,439,gene_440,831ab906e4866329955198090b8d7826dcb3b0f7a11829ac54c4cda4ee62eff4
DDPM,1800,440,gene_441,777a62ef09f832799749db4f7c1f240b642c3327635f84d26da5fbe094be6de1
DDPM,1800,441,gene_442,3ebb6fb151d50dd7177b973f1a4d760d34317538f1dfd1b212efdac1bdacdbea
DDPM,1800,442,gene_443,0f1713d3d99d089a73d9111c01adf3baa3da1cb4b54f06aeae4c4595560491d2
DDPM,1800,443,gene_444,47fce71e39f28b1ec29a1c4cc074709693c023953008cd4e0b95a3fe3c042de3
DDPM,1800,444,gene_445,15f5b115251c374a038613dc1b1386bf9063037c2120a72c97173186a0327d18
DDPM,1800,445,gene_446,84484dd164ee4a3db6c5c9e590551cbde123d282ac5f2930372b56dd0ac6a466
DDPM,1800,446,gene_447,de70870315e933a9ed483c5f56b66f44d602f09a15b6fd1cff6485a295c2017a
DDPM,1800,447,gene_448,3e4a1c53838d313342ee4bb890cc987fdf827da6ff076470e661b899afb507bb
DDPM,1800,448,gene_449,1a8768deae74ff95b2d8c72d186f9a9232b71802de7d658846b73743fa610bb7
DDPM,1800,449,gene_450,a86b5e4cec54d2b626400b4dda4d3bc439f24574e82876b499edd7c38c930ee0
DDPM,1800,450,gene_451,5c19c9e099cb03d9954c290420576020d1cf8ee3baa6c2819448584ac743a8d5
DDPM,1800,451,gene_452,7d888bd20de856fae1d77aa4875b782d50529340a7490d1f3e8ac318de224bd3
DDPM,1800,452,gene_453,6265fca93198b039cb230a0fbfa7bfa54e48cd942568f89d9a18121b8fe3194d
DDPM,1800,453,gene_454,f14160ceba51770bd8456d8977e6cbf66216390e1f10a56ed8b095a945f3d2c6
DDPM,1800,454,gene_455,063f8da0705b2744b67e252af5e73a54a5b844eab340a96a97807efa0516a93e
DDPM,1800,455,gene_456,97881fc9b7a583b1988d229dd4b9aa411b9cd66842bc2f0502bff1970957f4e7
DDPM,1800,456,gene_457,c008aab0c250229c9291d4a4b2d038e3e9304f49377ed52ea7b86f16c8ada10f
DDPM,1800,457,gene_458,3625d1b529a3bc387f62e85a8b3570ebc46bfcf974952cab7f07d5e01c329d4e
DDPM,1800,458,gene_459,81a90880ff8d3b09c01119350488acd886121677a327a0360e8bab3b8ba221d5
DDPM,1800,459,gene_460,84334128b098a8c213516b58978e83d2c7f430130c7fb1621a041c3d6968340f
DDPM,1800,460,gene_461,72f5533723329d6f60bcc8e3c3ac981daf3cc9db24b3bd9c69257681e9d9ca4b
DDPM,1800,461,gene_462,0f59e6317ac3d85e2c353ae5a869f047fe85b4f58700594e6e223967a1326ec0
DDPM,1800,462,gene_463,7e6f0ad175bb79d228930333b2486a6a703981aa07979544618014772542bed5
DDPM,1800,463,gene_464,b0b59744b460c60fd6fc2e11bf2d4b083344e45db53c7878f87ee32be19a88e2
DDPM,1800,464,gene_465,b7c9a3f98b4ac9372febe9a5c109609165fbba2c0e8fa4fe79c0ce321be10fd7
DDPM,1800,465,gene_466,ac091992c6287c99aefb38faa79dbbbcd1fe3ff379c855cd3d4773fd9ff7f2c8
DDPM,1800,466,gene_467,596770be64f95c9ee18bb0edba10e7f023588a1d90f9d138c650b9254ff526cc
DDPM,1800,467,gene_468,63f39d7f46af7afdd895dafdf73c98e304cdaffd43c351c68b06bf50369b0bd7
DDPM,1800,468,gene_469,3ee3301ddcf9f43144a62d82a38041071afefcb05015624988029d07a3799d48
DDPM,1800,469,gene_470,befad0f4f0ffd5ecba1de6c90e1ff8420f0bd527e55cff8216fdaa0abb08084f
DDPM,1800,470,gene_471,54cde851e17454e5d6bfc468bcbed59dfc97c20db390cd0b5989a2a56a708bfd
DDPM,1800,471,gene_472,6e911f04456349c0132e812d48615ef716b3d2d61a7452cc39cc27eb25533496
DDPM,1800,472,gene_473,2cbde1121cf182c1a2626de6728239dae86d5d469bf1d44485e7aa5e3aa110f6
DDPM,1800,473,gene_474,324ad941397ffb7722bf7c5566b30d824e6d442e2d7a73a6924a872420a9f449
DDPM,1800,474,gene_475,6b0168651af8a475b40134770515cefe05caba4602ca9629a8adfcd1c61d5713
DDPM,1800,475,gene_476,7059b1ecee1e08343514d8f09d6ce40f0540c0c1820fcc79a65b8a9ad9d7fc81
DDPM,1800,476,gene_477,9dddcd3264946a6576337327637516eb60e680da0ce5941e0d37e5d54757eabe
DDPM,1800,477,gene_478,ae3b2ca9e12f22a8bf01d3785bf791a5f5400e27b0ec3889916aac6adc81dc61
DDPM,1800,478,gene_479,0995046b7411543dd7664933457512a0dcff5965c774f568fc65121a5bd39683
DDPM,1800,479,gene_480,7d4b1c31cda4781b7a317264ec7f9b1b88f222c83addecd9618616f1131a0460
DDPM,1800,480,gene_481,cbfbbe729054ad34e1b7b5e8ed0be84f34bd80db105fb8a6427d800bc0070afe
DDPM,1800,481,gene_482,92cc72315ebe831c4a1540c5db04711b4b0e0e06320a66ce75000e54a8b2ea2f
DDPM,1800,482,gene_483,cffab005ec465f1044f61134f570c31d48a70ae2a4c96497676ebde797d4eb01
DDPM,1800,483,gene_484,a430ffe8ec349422c2b9faf5a8f2990290a9fba425cdb307c6bfe5325f1e7119
DDPM,1800,484,gene_485,e7b3310255d6dedbb85d183a8a7f3fb4b46c2b69dfb3a0c02815b4e460fefdb5
DDPM,1800,485,gene_486,4eead137d4b0963578e81f2e5114f72d468055ec5df8c2d6e4c78740d4442c5b
DDPM,1800,486,gene_487,37e970f0dcfe5ac8ededc4a62f2d039ccc9f506f975be2471a98d0a35c8600dd
DDPM,1800,487,gene_488,db5d8c9158ebde77c941307bbebbf70c59cbbee5ca8c235b581cf6e400c9cb42
DDPM,1800,488,gene_489,cfc7d6f1527c6b8eeef99fc64a5a68a0aeff58f67769194b6a09cb8f436df47f
DDPM,1800,489,gene_490,357b734d535c580fbd8b1082dbff5095ff67ce09464383c612e64a5b7da254a0
DDPM,1800,490,gene_491,b725d1ae34963ea7c03a8b9c024eddb5c262fdd1b198405367b1f701bde9980d
DDPM,1800,491,gene_492,f7265cd38e298479eaf0639e4ea56b1e6307df1b29cae8acb3d8a1986f1c1810
DDPM,1800,492,gene_493,43c181b6e45c87ae42b583f819d28a017c124daf8b1e31b1988c9656cee2a24f
DDPM,1800,493,gene_494,976414b48292b99a2cd531ec9d9f6099a5f78b1b04cdae45c42130d6b335a66b
DDPM,1800,494,gene_495,9a288a1cbfda8835c759d6e921f49c67bdf2fe838cdc12cb3c60241d8a5f7d60
DDPM,1800,495,gene_496,28d65cbe81dfc418d8b967992ab00a132a2073d5f00983a09966c6edeb30de62
DDPM,1800,496,gene_497,fe398d5b439884b701490ebecd0e72a830b464b1ffe9a2a754b1bff95017cb8f
DDPM,1800,497,gene_498,df3d4d62bfbd4fc57d0bd73e2d8bb69c3f8088addb360931d5071319a0f34ff3
DDPM,1800,498,gene_499,70c2910da6c0f36dfd93e3b68d100aa02f0ca80a3b628ef4e85e3bece4f6d8e2
DDPM,1800,499,gene_500,e304fc517716c9094d774a6583e8ee026eb32d6c84926f7974c7454961b5fdf6
DDPM,1800,500,gene_501,f910ef058b45ed33f3cf70c5c8597397e1dba49d20b6decc3650444abcec572d
DDPM,1800,501,gene_502,e79b1721bdaa3adb9d236c57ce226f1e9f34c837123d8ed09fa3479b14ca5a1b
DDPM,1800,502,gene_503,fc91500ae791aab2ad9d7d643fcbeb41960216787350591269446fc881b56a39
DDPM,1800,503,gene_504,63f7a2ec201c7158c32db7376635c7e9ccf4309e1a47284b818a5cf72ad1536b
DDPM,1800,504,gene_505,a3854bf6cefc035709af4c488ba476d21af48d0632922eaf0515d978ae6ff438
DDPM,1800,505,gene_506,d74168af8aa68e52d0516b90ee34a7eeababae8967563cbff288ea64d9f27504
DDPM,1800,506,gene_507,708ff526f6b00f2a9611509010ba55795bb0642516a4135ddcce833549df7458
DDPM,1800,507,gene_508,b33da7ef4deee12c33f233ac2281bdb3a2a9f430a269845d6af09e857d445dc8
DDPM,1800,508,gene_509,08263660059dd01c1d060d017cebf61a0834b136720d4310e94fd40c1360c6da
DDPM,1800,509,gene_510,27c055a6f6f39aebbc80fc40388f0adc210ab17354785d2296ee49d6952ca5f7
DDPM,1800,510,gene_511,c14435a014557efbf810488d4ad7c0333f3996e604ecae803db628b862348544
DDPM,1800,511,gene_512,3e628dc174fc9a9cec99605df1a55cf35d6d92c133625f0dc6d207915dc8acae
DDPM,1800,512,gene_513,64a8ae418325f17bf5b12d4a951959afaa7c62c003248628f6c25c6f84acc04a
DDPM,1800,513,gene_514,8b5e8bc90e1c8d9d9dc23fb90af7fac22025438110c078faa901174c3dea1d64
DDPM,1800,514,gene_515,e82745a10fcaf536ef55ca92b77d7712f166f1d604cd6a0ceff36fc1254d4879
DDPM,1800,515,gene_516,2c40c4f0e458287d74a5731b4ec000fe682f2c6178aab1e4b6d2f09b647071ff
DDPM,1800,516,gene_517,16ed3e326c7e2fdc1e1e3f0edcd306bffe17495ccfb273055ccd41299f40ad1d
DDPM,1800,517,gene_518,82fdcf1e26e23a1caa1d9fb9dedc5f232d276aa9f2b5c180e06af8ca76c96bdc
DDPM,1800,518,gene_519,5db2634ae660498f39f4cce7d9a71d38be2d025129d7bd0963bebe02ef7b83fd
DDPM,1800,519,gene_520,dd7dc66dc96515ba756b51619800e4157b8202c3be476dcb513d2d76c3d775a9
DDPM,1800,520,gene_521,55b7dffbefdf3af2e6f5f42e74f05b6ce1c51656a33b73b6fae3b21200ca346a
DDPM,1800,521,gene_522,d4be89fd12b1b255028b98a036499b5f38173dd8cfbe612d9827024306121271
DDPM,1800,522,gene_523,9af9d9261e784698a66764ef3a708218ac9f85c416a8580d7683fb567959881f
DDPM,1800,523,gene_524,bc9cf07e10f11a15da2d70b9dd1798207198b565043f1d1fc7ac6934824f3819
DDPM,1800,524,gene_525,2d1f2e124d05c4e7666c657252695122abd3acd2811133db8c7553e49e8431fa
DDPM,1800,525,gene_526,361d6c8ce7b45d2e8bbaac34ab0a819a9487e430ba5fbba03f0df3e4f94050d1
DDPM,1800,526,gene_527,7ef683a0d58e945ca03493e4950bffdbe0d553351cda3f0ba70e29c4c7c03187
DDPM,1800,527,gene_528,3a9453ebbd824a9e7fb4b08692e5e8f4fdce12449474b8b60d3eba01a61d70f1
DDPM,1800,528,gene_529,447f26da4e05b2ef10d659759bd2bc81a7e19be9ac914d26c595ac0003e9078e
DDPM,1800,529,gene_530,2d71cd1ffd5f81b4deed9503b90ba5d41e9114db007eaa104a63631dd257cc4a
DDPM,1800,530,gene_531,0258de154fbe67e69f3459ea01e43e07cda8956933fca0c7b279fb4c472e0341
DDPM,1800,531,gene_532,5466a1528054118ae4a02ea93ffd665b161736ba89f4ee57e2234acae1b96f40
DDPM,1800,532,gene_533,bebf1786cc47335faa28b292521f016ec0d43d8888ea813407a195c259237789
DDPM,1800,533,gene_534,699774acbf9f1acb222ac1a0e37c9fa3aaa1db4621ca981d96318826ce07cfac
DDPM,1800,534,gene_535,ba311a4f2202cbbf691d0b6f611a1760e4aaeb0ca5115673246d327c3210cace
DDPM,1800,535,gene_536,9d847a858a17e440be151629814fd3461cb75b20f39df06024e0ddb5c08e9120
DDPM,1800,536,gene_537,7f1dd85a792bc9aadeec60d88277c97c63e4dbd6ea1386ee0bb055e9a01e1888
DDPM,1800,537,gene_538,414f70051106bb875d759a58baec58d800a3db74504d232aeb7e5f6bed1e8cf4
DDPM,1800,538,gene_539,d766b6080a90e630d605d5d0d0f34eb27ba22f28a07e0de06f599f48d0a7f3fc
DDPM,1800,539,gene_540,f493929c473487966e924898a0c8c2d69ad96312d5ef8d7a160d2f28cc29ea94
DDPM,1800,540,gene_541,47160c60d33659cfdf1549d01d2be46083d960599a6a5666e906a9d045afe4c4
DDPM,1800,541,gene_542,a1f62f2a3b51045f40b80d71c932690fb0568d196ec21288da43ab68f1983004
DDPM,1800,542,gene_543,ad199d43ad2cfce2d0397186d6860313d15f32702b1e9307ebd1e8018ac418be
DDPM,1800,543,gene_544,b5f4af70986c56fe7596597ab1d3febcccbc8eeb44ef41d12dc3e2cc9decc2d1
DDPM,1800,544,gene_545,316289ac546852b91429819d3c3167fcd1e06c78a5cf74fbeba8c905d6067a77
DDPM,1800,545,gene_546,481a92e029059f1709facdf72be486266efe62ab44d0e83186ea931fbabc47cf
DDPM,1800,546,gene_547,2ccfd20ff2fe2b25247f510ef0a60c591764b3848420bb2a702892119d69f7d8
DDPM,1800,547,gene_548,ad6563ce0f10a5253906a2032e7a8884b6115c0abb0d61bf8b6e2cb7f4b4d042
DDPM,1800,548,gene_549,77725c3f1a4006bbcc7a73fd4d9391300663ed811bd06b648a25bf6cfb9afe23
DDPM,1800,549,gene_550,9ba4aa19d41dd6e9b25d443964365ced38958a053cf68e2ee80aaf6cb2a5ca26
DDPM,1800,550,gene_551,3982947338cc4a595471cd833e4621f39dd877a808c330eca8ac130828cfd3c8
DDPM,1800,551,gene_552,ada356c66368d0ed54f7650d7685bd9073de1cd71c371a842c82177e2c46e84f
DDPM,1800,552,gene_553,2086027335dd0c7d3e15295fef5dce55e80543afc1ddf11d68570e216809e40c
DDPM,1800,553,gene_554,2d64694e11f62b97e8132abb71792a4f74ae109a278f69284d91b9702048326f
DDPM,1800,554,gene_555,e9e10b5799fa2164419ca09e773471693f008c85c2f8fe76feecc3bc0c9504dc
DDPM,1800,555,gene_556,3c32101d9372808d75ab320ae45e4f88c40bdbe3e63019625aaeeb86bfe50ae4
DDPM,1800,556,gene_557,4312ceb693a84b644e85069aa1293f199da40ae7881f0a7d019651dc172e67a4
DDPM,1800,557,gene_558,744bf337629c857d28134c7e805257b87973eab5035ec242c18c0b9b64f0d036
DDPM,1800,558,gene_559,e86246bc32beed3fb32d6fd794bd358b4c9f82731e9c5fdef634467896c3263e
DDPM,1800,559,gene_560,d0092b4fc6c3a9f6ee63df79424d53474d7c5bb74c0782480081991e99d2715a
DDPM,1800,560,gene_561,4deb2c5a7ea92bf2ace768bd61d8613393d8712dd2ece3a934d39274de719a61
DDPM,1800,561,gene_562,7a318824da43d4180823867217ea2262ab996c19d7af0cf3bb21565987b921a1
DDPM,1800,562,gene_563,36b704bc503c3d55a548991ef515d1db468f34f60589c4dc135764f4b4511ac2
DDPM,1800,563,gene_564,9cbf5fed1e2d0e9a5f9cc85a4df6c15f3443018499c703ba7bbd1ff9bbfa8649
DDPM,1800,564,gene_565,547ab191c83fd3017ebe15ab5a003d58d1c59f1168006fc5c44533924244399a
DDPM,1800,565,gene_566,fc37e672c80070b9beb741652f01f19851d81eeaaf806f5756c7374158509730
DDPM,1800,566,gene_567,a8b93be5515382515a0d2166035d772c5e8921e2d84fc88d29666d7e874b60e5
DDPM,1800,567,gene_568,bc43ecc9c06b06680b034e2cf92d3f9a716abeb04b65af55e592d8fbf13e95d3
DDPM,1800,568,gene_569,dd414ec8d1bb66530df26666301568e08dbdf78783ee38d1cf6a3583b10fae69
DDPM,1800,569,gene_570,bba555c24e6d39dd1425c1c045116377354bce1c0d2c60b106dc4a2fcbab0f08
DDPM,1800,570,gene_571,f40dba43f86ad228897c6cced51dbd7da1e7c5c34195ad50333495325429f178
DDPM,1800,571,gene_572,aafb427c0e7bc99ea66e407154fab1c780490d8c9779555563cfcbfffc9ce876
DDPM,1800,572,gene_573,dab1f5a76539c3ac7ec3fabb9543cb4cf78ecbc446c822305f31afd8f0ceb862
DDPM,1800,573,gene_574,8d4503e3de84636d3b0b831bc994230d2d8f5b572757fbedd0bef02c24e8197a
DDPM,1800,574,gene_575,672f353d3093a04c4ed9953c4264c3b692e12a0dfbfe10a0601a539b7ad39585
DDPM,1800,575,gene_576,a30d3774ac18da34abb678a6dbdfb5bac9226ae98e079f14176bd324bf5011e4
DDPM,1800,576,gene_577,83508553e68cae8a7681d154877012bc3cb3028a5b4f587b143ae657b6fb010a
DDPM,1800,577,gene_578,0e85d0fa1b807be4569e1fe88c11dc1218e532fde195099590f98d5a825670fb
DDPM,1800,578,gene_579,2c99ec052ff15123ae040285d9d05e8787f88b4ff141b5da9afcddcdba74a530
DDPM,1800,579,gene_580,220d5b15948ae1335d6509da84302d98839629da4a79c46363e743c7a8ccebb4
DDPM,1800,580,gene_581,650fe3c64f8edeffaaa4460a03af91edff49435b5290dcd825b67d17c7db8c2b
DDPM,1800,581,gene_582,b2a10ba9c240bbc3840932c734d38b7713fc13b315651a0b680ae8313f0fdac6
DDPM,1800,582,gene_583,66ddb639e165ce3b326da1766e3d16eddd1e1ed06567827b8f0cccd3adce4029
DDPM,1800,583,gene_584,539d9116d1eb947ca28dc20a709f316205a52e07d5a6f527f59c2b0ca46958ce
DDPM,1800,584,gene_585,138013a7c68471618f800c13e3a66a4d2e30d1eb3469bf053a04b1a35a53ad13
DDPM,1800,585,gene_586,d9685896b39f8948b67cdad3afa02a673d81755c1a1ceb7ffabac54de703be33
DDPM,1800,586,gene_587,e0414e69ddddf66776b0a0c73acf864c44921d46e7f852f72c52cd701b665d3a
DDPM,1800,587,gene_588,fabacf6a0085fadf2dbc3fcead3a1b0f25cc55dd90da43e9dea383f3f7ecfae7
DDPM,1800,588,gene_589,7bc74d78e74d3d44d44af65e5cff8bb48226ddd1d961b0b4af417467cb779926
DDPM,1800,589,gene_590,ad729aae6ca71ecf0355312723cc73f1ca2f70f0bbca2e956a3a1e990b12c2e3
DDPM,1800,590,gene_591,071a96ce9ee7a93832330e55eba6c083eeb9c663d4267e18d1a51c2fc2eb48fd
DDPM,1800,591,gene_592,77736f18c2fd8bdd456b896d5289b34da3fe6b5ebeef820e64acee2da8169b00
DDPM,1800,592,gene_593,cac6cd36f6711c26c5f4f9195ef0646e276c1763a8cdfbc1f1be7a918f9d4852
DDPM,1800,593,gene_594,83944eafc7696da4d6e1a2b8fda547db487734346a69bf502773391f7a5481b7
DDPM,1800,594,gene_595,ce0adbaafc64953b7afd4a7b3033261fd62c08fcae1755301a3ec7291593fa4b
DDPM,1800,595,gene_596,ea16b7009dc9d32ba9f63c339d60bc3b051e6529cbf71f9a053a37bce620c1ed
DDPM,1800,596,gene_597,0e2b7a0085dc2e73deaf61a8bf571d9200f45e9c731d51259f681486b4413e8b
DDPM,1800,597,gene_598,56b75978616c53805cf1dc2cafe5701def315e478315e9f0232c9f32175a1883
DDPM,1800,598,gene_599,eb105b3fad2c43ada55da2d29b1f9a6126da9c95043d1ee3d8d068419cfd3d85
DDPM,1800,599,gene_600,9262329e536606d2dfafc7b10eb64595dc64631f21dd629b080036df6b8e021e
DDPM,1800,600,gene_601,0e5ed2c2b4ae39e11f1be91ff186a325fb97e07e544cf3a24a362f538c975686
DDPM,1800,601,gene_602,34d40d921e5770aadbba4fc5285360a6c403fe8f7d23c443345d33769c6f3aea
DDPM,1800,602,gene_603,8e22f2c62585b2d5e9d34c9ae48ffd45fef11abe5ebe41d754aecf5349fe60f9
DDPM,1800,603,gene_604,a9f718047db1421a37b191998e11661fbe7106ccd99f3964e09b28b7d6fb4a0d
DDPM,1800,604,gene_605,30fbd953366a19fab11574a7f686472f09d0c1a19d4bcaf78b891076c86842f8
DDPM,1800,605,gene_606,36bdc4fc1c9a586a4862343f694c18fce1ba2cf46af5209fe4eb0cf119295200
DDPM,1800,606,gene_607,d6119158a911bb003fd78dd2d27a8346aa0fa884046dbcc099b6521450f7c563
DDPM,1800,607,gene_608,1949b5d6b93c662fbb2e805b2849a8f3021a7115e21bfd802cfb051978bf357a
DDPM,1800,608,gene_609,107ca7bd72079f127419a389ecdd91eef34eac5dc21a8ce7f9ef024757835930
DDPM,1800,609,gene_610,5eac540bd306b5fd963d58c45e9357d45b269108ede9e4a98d76f91ee7283c23
DDPM,1800,610,gene_611,8635e94e64ea26278a251ec39db3265477fa8c01f345752837dec3c73c12367a
DDPM,1800,611,gene_612,b3dea295198cabe0e2eac8263024058b04a2485b9424a77a1022b43b3540c4f4
DDPM,1800,612,gene_613,db63751718a018468c380a2ae8e1eb819754ce40715d724a0a3b0880a2fa0fa6
DDPM,1800,613,gene_614,3e7f0717ce61ed2a29622b425e0fe7831ab055e0db156478219ccc0c1508cba6
DDPM,1800,614,gene_615,8ef799ff41f89354f3b112a28d3a0b95dd0c5c97ce0637ce82cab0f4759d9885
DDPM,1800,615,gene_616,e58680b07af39c494044129bb9f1a42f6b8ea2f0f462a1dc57f3c4be3824af9e
DDPM,1800,616,gene_617,c0a275929ec240b5df5b9e2a6b580574e15541c0ae54f685eb13403c59fafc13
DDPM,1800,617,gene_618,bdac14370eecf155ecc6ea85de5ab48d9734cb3bf2fbe03af6b1cd69d31be843
DDPM,1800,618,gene_619,e1b7a25d3a6d073991c5b516f3bc2ab3b5bcb65eca904b78f842b2aaea73f911
DDPM,1800,619,gene_620,0ab35ccade6deb83feeab2356b083071b2f0aef7f272646db25a21a136e37294
DDPM,1800,620,gene_621,955d2a0d5537b6552a929d4d209b205ebc20b4bba0909dbddc2b261636571f19
DDPM,1800,621,gene_622,27e2952f1a1cfd40f6daab0d8dfd5c246e83dd009b0cf82c832d648bc13c988a
DDPM,1800,622,gene_623,834cff4ec660426bc77644da9f0bfe2a6176c4ff057c1b61615fb7751c33c1fb
DDPM,1800,623,gene_624,2633143e283d02e4195427eefa24e256189752d7da5c00d2311956cee7b50fa1
DDPM,1800,624,gene_625,3219492dffcb218187cdf5c4c16174f24bc47174e9da80c6f1fb3a2c065fbaaf
DDPM,1800,625,gene_626,fdad4683fb60ec2936b148c822fa1f8f9cc24d7d638140e8628666c572abc11f
DDPM,1800,626,gene_627,666a5ccdf4c54e2ba6878bd5b065fae8b96278deb7d1a7a727f8f64dda48c76c
DDPM,1800,627,gene_628,2c5d656d745a106e294097ca2646be4503d9f7baec3579861ffe33a9cbaf0de8
DDPM,1800,628,gene_629,46a98b9ae6ab2d21013fe9e5777ef883b1bb1bb8d34c2a29340810f8a5e9f9d9
DDPM,1800,629,gene_630,f23e4c50b04b915e02e67a1d0df56f5fec431e4663dd5ac457ccc263267003e0
DDPM,1800,630,gene_631,b43988f8c8e365258a6f9558d922ba764bf6adb23af65bac54d8f15cbcfcf586
DDPM,1800,631,gene_632,d82766a424dd5b26d052fcb9c0eb90493b4018a472de819ec12890c29a8be854
DDPM,1800,632,gene_633,6bca4d687705f5b38fc00b613863e6303b812d8222ac48452417e8c238f70600
DDPM,1800,633,gene_634,81cfcc331d241ed5eda3db24a7582c6131c81b715e007d41880a48512b4b35b2
DDPM,1800,634,gene_635,94a61d87897853303bdfac5f0db97e014d97b663a1d136b641b0f8ef27798332
DDPM,1800,635,gene_636,16043610542ff5b1eb26568d5c2a1c5a86eec2f68adea515bb01e46966ca1a19
DDPM,1800,636,gene_637,fd3d66f31aec4e5ce760945f1bc0676c642d3be4c2ac06ba00b3d2bab4174aaa
DDPM,1800,637,gene_638,1bc0274e328de5186355dd4138b15aa5dbd938fc06bb5908c9faf0edb45804ea
DDPM,1800,638,gene_639,0c4f34f0237b879c69991aad79bf35d27571bad1d9563b7ecfd82302032dd87c
DDPM,1800,639,gene_640,5f6cbc49abcb1fba3f73777324111bec455683d480acf87c20f0957f70faadbb
DDPM,1800,640,gene_641,4fe76e7201879c0291c70f1222c1ea00ba41a990e5c58889c6a3ff59c09db522
DDPM,1800,641,gene_642,00513bd3ef9572c122202310263c0461128a3bdf540a1612ff451e7ca61ed900
DDPM,1800,642,gene_643,d9cbb1dcba9b234269175290c5e0886f8f198808383cbda3d31b92db95157b88
DDPM,1800,643,gene_644,7e7dcceae0b789913f8519052b5df87c75016fc2c8ea2c03d8a60bedff2de1c9
DDPM,1800,644,gene_645,f312f5947f79ecbfeb7658948e992ae398991a59809ea4ae27f696e4230ccf48
DDPM,1800,645,gene_646,72f1903819c1f35aba4c2dcb2e30881559aaad5d708f14183d8615b53848cf9a
DDPM,1800,646,gene_647,acb430968293306da1100cea2f5237baa4bb4147bdb9d7df7a53fb18fa1afa97
DDPM,1800,647,gene_648,0cae2f4bbb59bb47a034eebb488514c5cb2bfec5641ca3f9250dba747067972a
DDPM,1800,648,gene_649,82e6956170818db8dd1d69921b27e563d2abe56a5a72b6e534ee6055f78da578
DDPM,1800,649,gene_650,f3ee9daad7a9d3fcc2b2064c91b0770c3aee18d152a2502def33b72e24d3a459
DDPM,1800,650,gene_651,9d3c2ba15c18418bd2c7e0c5fe433c93bab318fa2356bb5acb7e1630a8655219
DDPM,1800,651,gene_652,4e2e11f1d3baddd7e52332cd425cfa1dd874a3d6bb064d7c5b3c870456d53d38
DDPM,1800,652,gene_653,4f66ed78f276ab76f8fdf71b191c46dfdba248e13d42bd458722150957be2c90
DDPM,1800,653,gene_654,76968e1af27efa333afda6967d35aac9ff30b43130923789a99b230dd6677ae7
DDPM,1800,654,gene_655,fa8e6a23b74e1610823055c540f82de19e8a9d5ba5e3ca52fffe254060db5e5e
DDPM,1800,655,gene_656,c35e83c487c72c30b6b33d06d0f39318bccb2b922c9920ccb76e3e5a37a1c713
DDPM,1800,656,gene_657,85292e58b447edffec4addb463a3d0986aec94ee6cd49ec641500fff1185b539
DDPM,1800,657,gene_658,39937d5a4645ba2e593cdb86d3b056654bced91d39ecce0250b281fe243a6e29
DDPM,1800,658,gene_659,ddf3eac26867da00dae19922da30ed4b57fb50f5625cc6aa7b46cb1bd116958a
DDPM,1800,659,gene_660,15c771feb6523a5f5b9c04b343a13fca7df55b65bf00fcbf1e6dda4a086a7224
DDPM,1800,660,gene_661,27c1eb326b811522bf88af4be239cf42c1775eb0578625d83e8861d0701128d1
DDPM,1800,661,gene_662,b9b375f71c267289c3e7802e000fd58060c21637e934688af988da9921ef70a7
DDPM,1800,662,gene_663,113be75faccf17eed8c9aae59a8f852b56fc2fbbaf0b2a36855293ef27d6101c
DDPM,1800,663,gene_664,8e76763d4ee4ed618031528390e5ff8281e6d672e46d7d6df09af80990e28603
DDPM,1800,664,gene_665,d95e5acb4e412abc0269f37d9dc028bf327af95ffd3d67c2bb940a40c3a2f5e7
DDPM,1800,665,gene_666,eaa382d80ef6548908a6e021facc19406e987706a7532c490b56c27c8a5983d0
DDPM,1800,666,gene_667,9326dc76f4b69540dc4aea73398fb4b05425c38997b5eb8c380c7bcd52414ebc
DDPM,1800,667,gene_668,99743f798875b93a88109fdec3fe4c4b57d1a829ce7ac486710ffe1df54bf87a
DDPM,1800,668,gene_669,98b7f270ffe3c308deddec03e9d27151a404700a9486ab132bca92ba9ce61554
DDPM,1800,669,gene_670,887f9c9571285c7a5d4694808758531b7e196e7b6646ea58091fde32ff588fd2
DDPM,1800,670,gene_671,692538062facedcefb90c6fdd471ef1c2b10a32faa5730628b98221fb33cd275
DDPM,1800,671,gene_672,e1c296cd8b6cc8368bae9d96c04b7e3470caebcab66f52d161f598590846f47b
DDPM,1800,672,gene_673,cf5d1dc0270514c20f9e87c9c7145c93ebc38b986567b086eb14903d61c915fc
DDPM,1800,673,gene_674,817f49ea03f221e59024291e01abd5bbe529bbd04819222d564b8a7b661bc0d6
DDPM,1800,674,gene_675,32948311a131cee77e9bd8bc0e3454d2c21b5c82231a153e5c08da9f38008cfb
DDPM,1800,675,gene_676,cfad62b3c46abcc16797fd6bb5ea27a10d873d42c8f672b4280f459cac6a0be5
DDPM,1800,676,gene_677,9dd4f040bba9a0a9161472b0104a5edf0c7f4e6fb67ee942b1e3b96888d47dad
DDPM,1800,677,gene_678,31ab9a42e0c85147f89aff413f545a2ea33e8d9e5df5eb86bf30e5f6067a87ac
DDPM,1800,678,gene_679,b66625f5b40c69f69b9320a5a8522b8d0cfead7220a876655b5331021464c278
DDPM,1800,679,gene_680,08ae806365ca7bdd34cd721df3b416f5274308da7365363ed563db537bd933d3
DDPM,1800,680,gene_681,d7d947719a0d8d2246d4948cf652a982abb3a4e7fabcd56253c17a8438c25df8
DDPM,1800,681,gene_682,f971a806a632d6a3ec78b5a8b7e53f4ea8daa782281450a2eda9c1d63d92fa18
DDPM,1800,682,gene_683,0ff0bcff60a64df3e5f0b0a4b1d46f0cdb39c6c674dda79cd1ae8091b645f96b
DDPM,1800,683,gene_684,33315f9d6d4dce3792345bc9e45abe10d3d96f43e40e3b3e6fdf3e40518b6c6b
DDPM,1800,684,gene_685,c96abd50f7c2132991cdf8326f84962a021c8f536bca7754f6629858f02c5bc0
DDPM,1800,685,gene_686,1b89fad285255d424c0aa5805060921c0dc22a4a161cc1cc6e3932e287735cfb
DDPM,1800,686,gene_687,62d1219019b1843452b711daa2f7865bfff3fa6035731972823b0c825f15cd5b
DDPM,1800,687,gene_688,a6922da3c0acf63aeef8ab4b45984d0104a1f8de1c7c54f8e57586a9fdafdaed
DDPM,1800,688,gene_689,7e6a602ccc0fe505ab37e221fc03d1f12658d43daadee1703b3be579875832f0
DDPM,1800,689,gene_690,5b261202b988c1145a640fd739a261cc081088a898610f0746aec2d11a219a50
DDPM,1800,690,gene_691,b1dd2696014c1665e21567e712696b4703e710d38315689eed982ea74268eafb
DDPM,1800,691,gene_692,4cff9e4fffd5499136181d018b2ff6ba9b827b39cf6f3f114a0ba3aa1dfbb6bf
DDPM,1800,692,gene_693,7e72badf0e3ec1543072114eb648f190a5b125403d4165adf2a9301d11f3253d
DDPM,1800,693,gene_694,d9ad6f9e8460ccbafe10a6050d6da5b5cd05c5063ddc6c47de8c575b6e3cdb59
DDPM,1800,694,gene_695,0f46a1a0f37acd13f6c99f08aecbb065a6e3fb43f8f6420b2ca2be53c2789051
DDPM,1800,695,gene_696,30e58d301405d166ed360fe530248946ac80f8f01c09a550d83476ade96aeaaa
DDPM,1800,696,gene_697,5658f0e440d08e64cfddfb54a10502cce88b93f7b933e0d268d274d2ce97795e
DDPM,1800,697,gene_698,7fae65224e623291ab5ac3658783861f1ece2e895b76326af3f56bc9df3786f4
DDPM,1800,698,gene_699,4436400bc256e3187b06cacb224d712463893d1e4c96ce9b382dedac0bd0f4d5
DDPM,1800,699,gene_700,f117eaa243338f325102abd34f249ba37711d19a16a68301e0d15c926d2bf65f
DDPM,1800,700,gene_701,efe2f933826c5368b58645fe2fbb3710119bb891784f03079d09d3a410712272
DDPM,1800,701,gene_702,a31057edc3c2133cb92f6b8ee3c7d0bcd9ce87e49fef17e142ec263b50b7ebe4
DDPM,1800,702,gene_703,25f095003efc29826b14c4bbe73e0d2f95b5cb509f674676473ce7cd63261d9b
DDPM,1800,703,gene_704,59ac605f4b56fccbcd4e9ab6b40c7b6475c7aa376b1cb29756f155dfc66a560a
DDPM,1800,704,gene_705,f29d6be90a15e4e709a7faf8c4f794b03beb371e9fffe7483305012ebae99117
DDPM,1800,705,gene_706,bc49b6ac5acd15a25557beee693ef2f28c1cbe391fb41ab4836bfde8e3de4bad
DDPM,1800,706,gene_707,58d6915a92aff3e8f1c3667d72c187d166ab74748f2f961d4b6696d3b5990e0b
DDPM,1800,707,gene_708,26daa1e4d0034966415299e1d6eea8daaae6f1229e46f86d6a76521be16e2762
DDPM,1800,708,gene_709,8d5c11ea153a9d3b79f7bc1726b7e8d29c3dab75b508c3fac80159fa025632e0
DDPM,1800,709,gene_710,61f7babee40bcc748a43c169692ace09eee4473a7b35ddd2e1f4f0874f983cac
DDPM,1800,710,gene_711,0077dda6122d9c603295040d69bef6facb6ea3dd26dc76697bf4763eb3f05b44
DDPM,1800,711,gene_712,15691de25108ea6025d4256435baea2df3f27c5c27c842ed10ae0ff883db1a51
DDPM,1800,712,gene_713,289d5738080240e00d2169b8abdb485efad26ff9cae8bd2f3448a0504b6cd851
DDPM,1800,713,gene_714,2975ac0b7d6b55e3f16cd09993844a8f2a430f9cc44f0502895dad76f04c2773
DDPM,1800,714,gene_715,2a68cf2e6e799ec131d0c0fa49852d3132b3c3360664f654161b96ec9a869d49
DDPM,1800,715,gene_716,3bf5c48010cc96ce984e12926121e39afdf29ad63835e8a470ca03bf8528c9c6
DDPM,1800,716,gene_717,619849a999f55df8f0bce24d86af497c900ec398346ba879f905dab4d89a18f9
DDPM,1800,717,gene_718,4092ce8f6826d84f581e9b7b38f724ef14a253a9078b79cb7381dd3b6edb864b
DDPM,1800,718,gene_719,3be006d7064b94570908fdc0a8c1802e676355ae681d8f43ffd550ad271332d1
DDPM,1800,719,gene_720,acbf22cd32ef4f75038ad107afa0bd5537639c577575219a075c2969c746ac8f
DDPM,1800,720,gene_721,3cbd95aed369194d0205274bbf8eb593fbb5baeda63d1c3a53ef2d3f3420206b
DDPM,1800,721,gene_722,b08eebdefd14fc657f59d580787ce02435491161ad4927676ec6296b7cc28d1f
DDPM,1800,722,gene_723,e3660bcd10114d7e97de0b4a306207c07ec4a51289ceb335305766c10bf5e145
DDPM,1800,723,gene_724,fd4098556a5910a0b7a40a543c43d42c1a0af3f4eaecff2aa2ed3ad504270ce0
DDPM,1800,724,gene_725,0dea0f8f70d104a599a0b8a4eebf216754998e9b746aa5c58f6ff8ccc2cffcf7
DDPM,1800,725,gene_726,f2f288ebe6716ab2d4ceb888031567d510e3766b805d95b251a4ba208970061c
DDPM,1800,726,gene_727,b4b6b704916d10e5d73b5c4943a8091bd3b069226f0fdd02ceadf86b30d2e008
DDPM,1800,727,gene_728,95b025a3743e6b0d9eb66f290d474d742a01d4ea48909eab9c69b4c6f129b8eb
DDPM,1800,728,gene_729,0657917606f36ca113ff8b7a8f1c2528fceb60deb39423a5f53dfd9b691fe377
DDPM,1800,729,gene_730,a8681b8b50c9210364c01a388a6de7e271bbc2e514bc8964e8f364a3334e9b55
DDPM,1800,730,gene_731,d762605cd7d0db9e84fc7938d12b2676b2af34703ce0f5573aa4e208c102a99a
DDPM,1800,731,gene_732,5ba64fa46c76620ccab93bc2f4f8f92bb4470a6fc4bbe9eb2195af1d6e33ea1b
DDPM,1800,732,gene_733,849a7023a6e50b0e85d28445451ddcab8ca13e9f19b8129e4485cfde1984c98b
DDPM,1800,733,gene_734,400aea052e365f05f8de6977f45d92201e9935b65c5fd7f86aec348a066ac162
DDPM,1800,734,gene_735,49c36885853394393e57da079c1e95c12a9a1d05478c819ddcbb6fd8673185d0
DDPM,1800,735,gene_736,ba4eb23958698806f86e9ddfa3caeb1361c4d65ea73285e85c30205f7030db43
DDPM,1800,736,gene_737,01361539c71244b86290463c9ca5ca30a53a2554c57b9980ae135d676fdf42f4
DDPM,1800,737,gene_738,43adedc123f559c2724beb76dd288aafefa1e0d9284382c87a947ddc13e74bff
DDPM,1800,738,gene_739,78d86731b768574beaecad88310660263d956e5cff774a3d48f2b8fd8e32c881
DDPM,1800,739,gene_740,53f46bc2239e6b53920b7b44e1d33dde05146a865627e81b8f98e2bfcdcb82be
DDPM,1800,740,gene_741,9269b259860a387e2ecc0b6ee6d94e643d113141ded824bfe4135ac336187270
DDPM,1800,741,gene_742,4ee7141d3c42911d2cb3137c487bebdaaecfdc74752bcb1e35d828aa6ff86bd4
DDPM,1800,742,gene_743,dcbe54be769e26d1c9626df60ae04f208df9d009c220de88a5ed8b5bb9b2644d
DDPM,1800,743,gene_744,048aaf320a9a948b0a48a60497afaa1c9586929e9de635093a99de022dae3397
DDPM,1800,744,gene_745,183c6d7270853aa19f0c0f366d570bdd2ed3b13ab872b200a909dd2ea55af824
DDPM,1800,745,gene_746,e1bdad6d55975e8ee30793fa67eca7e645decc39d02b8a332dfbe964c1e2bd9e
DDPM,1800,746,gene_747,dcd0d5b18212f0f1b7723bd1607f5080890c60b070ed1a1b35de31ef823fa9d9
DDPM,1800,747,gene_748,4c3b444ddea9c10bbf35f0f5a2147688f04a71465977670ad8ac7051602d91da
DDPM,1800,748,gene_749,b5705fdef76991cb5a112cf2034d8acd3e7e679a6ae03d975c24ac5838d77577
DDPM,1800,749,gene_750,ae56f4e836bfe631324fa20fa53a73925d41b33c698d5701acbe838ce1701cbf
DDPM,1800,750,gene_751,a824ee5434027d7ca48722b02aaf10a280056df17127bdb93ed03376622e3204
DDPM,1800,751,gene_752,58a6378a270bef28571dcb3b10b9d6be9b34d98e5205709758f9abb44815b155
DDPM,1800,752,gene_753,5bcef656ab825ff92ca2ef7843340347b09f3d3e720808da0a8dd0ab854658ee
DDPM,1800,753,gene_754,7658802096e95696bf02144e542e754fd881e015dd07c98bb170bbfedd6cea97
DDPM,1800,754,gene_755,57eb7e0d43369521d2e50aa70433712944ef98d186efec79e5d696e5fb801ea1
DDPM,1800,755,gene_756,f5f0d9fc18c9a0cd5d857e9ca9877577958964e1041ad7ce615a1ee9b6c7c721
DDPM,1800,756,gene_757,c157673a11b5f87d7ddc6ee6ed4f2e7997f5eec689ddc402f674ecb10f3c26fe
DDPM,1800,757,gene_758,22537b6faca3aa06fdebb1a28c12e8feb79f81629acef54ac1fb5d1f7fd2a87b
DDPM,1800,758,gene_759,9b021606af6e33582991a6805e0eef506e5dc20061caaec333bec4faa347e33f
DDPM,1800,759,gene_760,a2a06dbcc07ee9ea5dfb99a265acec164a3f3c83bc953219f595aae1bd59630f
DDPM,1800,760,gene_761,012786c20a3790c74684dc51a48fb74a2bfd53e73da8e2bb56d4827a87cc0bb2
DDPM,1800,761,gene_762,de3143484df14b12137cb9bf114ad27232d5930cf2d27bc519b4df22091b9a58
DDPM,1800,762,gene_763,7f811ee8fda5e9cbfc736d0d1cf6b2c3d8dce452cfff5c9117a0e3137234701c
DDPM,1800,763,gene_764,957cf1be00918a204cf96af364b23d86c135bda93e435503d362fc78626b3cae
DDPM,1800,764,gene_765,26def23c52f0717633a7f0850f1991a1eed9b38d1b3f46b79c37d952ba80173e
DDPM,1800,765,gene_766,08aa7a0fc715cf150154937f21ce060691889bc29b888dd56f1810fc47cc495d
DDPM,1800,766,gene_767,006b2c3b1fb8ac6997c34d89d442e8ac033f16d51dc0417bed7663be32a8b842
DDPM,1800,767,gene_768,cfc40a32d1c87426854752236afe5d3637805fc450083e8277a82de800716851
DDPM,1800,768,gene_769,689dae08f34a5e7ea10a2816aa78ab809852402866eb35cc4f30ca0be7e5a138
DDPM,1800,769,gene_770,4faac52f199f87d99addc19bc99d37895ee962f04135becb9a71817713bef238
DDPM,1800,770,gene_771,eca79fb39ba4a92ffcc6ae2e165d389aae1f45dd06299c8a29aecc7137583e6e
DDPM,1800,771,gene_772,5f5300f562873804b69fab98091174b4b5fd053666db32fbc3fe604c6ab5163b
DDPM,1800,772,gene_773,0dc351e3020c3afecb0406371c9321c106a2369d92e7e28d91ea620a88036d9e
DDPM,1800,773,gene_774,5a2f0f34e5a8ce0e5ee7ae6172ccd69b7910ca3247071d8fc248e9bbfdbc4482
DDPM,1800,774,gene_775,0f2f7975054ca4eea1787bc1105f9ea7ef86cc1651368b16fcf8c2be50893365
DDPM,1800,775,gene_776,b8ae63195bc500217315515a9aeab6e7e1a293192e65e2a4b59a9a5a76621afa
DDPM,1800,776,gene_777,c7eae1351e5764b45e9a583b4df12d95f7c31999099cd9748e7d6a6ce0372267
DDPM,1800,777,gene_778,9a8d0df18d1d004697991710eef31fb3a03832eeba6e5f0fee12f040a8947ed2
DDPM,1800,778,gene_779,0634334dee3486e1d25f3b647e464a115d5d3c13a3ebb2306cd97bc5edcdb9a6
DDPM,1800,779,gene_780,12194ceabcde366131c35c6db519272fe64316a3f06655c765935137a043c415
DDPM,1800,780,gene_781,cfae26e78e6dbf41f65fa11b9bed4668ef9988326ab11d2e56e3905505dd6c86
DDPM,1800,781,gene_782,99600ced9d75c3e36bc1dc1961e23350bcc83ab0df02602e1b92380dba9c4545
DDPM,1800,782,gene_783,56a3aa8f26bf103ea22b4c9677f28bd0b9be142837d4b1c0daad3cec5830d0b4
DDPM,1800,783,gene_784,36b67bb787fe9ca59e44a738747eb86f011dae7c0a9ae9ae8cd4857742fb95be
DDPM,1800,784,gene_785,f5741fd1a88bc75ad88a7be0e786e10e98df194120c3b08b348cca142f08c078
DDPM,1800,785,gene_786,8a6f78cc01fec253502e0dd0623d64c5dbe36e418c70b8ad1e8bf08c5dfe5eb3
DDPM,1800,786,gene_787,59bf6d44a02eecc85e33eaebb084625da6d87fb8820a73cea7520b4247986925
DDPM,1800,787,gene_788,b91cafb6e54b184a350bb56e720407a64a65a422097be6002823b5264db7b986
DDPM,1800,788,gene_789,eef1076e030a694f51359f5491db59e92595bea785c0a550d9bd040f64c46f91
DDPM,1800,789,gene_790,d66068bc367caa3d57c92a8eb2dda5b80f15e8294aa5fd2587758a5614e51581
DDPM,1800,790,gene_791,d18d26e9c13bfd18de230e319b30271265c51c7519e073e4d78669b3ff917cbd
DDPM,1800,791,gene_792,fbf2a0f20932e128c42d2931f0c5f58a3de5cae0cadd3712704b97d066f2972a
DDPM,1800,792,gene_793,16582aff7e7c30460c4c53811f3902c91bc2e033b77ef35e16e273492f297848
DDPM,1800,793,gene_794,6e3c647edba33c57d963d19836b8a9807601bebfa40804e16d1f8d7c76819dff
DDPM,1800,794,gene_795,16a4b8c32ebe36cd3f4a73e0018c1ab5ec127667c25a0383177145fccf68f0d2
DDPM,1800,795,gene_796,ff0930009d0b5e26c51d4b991cc1b8eebf5ead650cfe2182b6a055383e5211be
DDPM,1800,796,gene_797,33a439ef964f08e7d23d9ec8b59ad7b4eb50c20d871af9cfc810eb2738538685
DDPM,1800,797,gene_798,6c2caf1b00369726aa7b55d92ebafbf3844a7ae6fe66d28d8e2e96fd29945df1
DDPM,1800,798,gene_799,6bcac7671884a2f2da3db895a3111e19d00d7967bf22a4a09e841b1648103082
DDPM,1800,799,gene_800,bf09d9e2fc4310967290e1638762d66c158c50efa9d3d535e5c2f0b096b65137
DDPM,1800,800,gene_801,77dac64f55c496cb7ce565403f307cba305a92fb6d7cd14d79a1e3e33042c864
DDPM,1800,801,gene_802,16e46626f23e7e82726d7ebbe7edc70859c49d6f5d0f00bb1a280a6176394fda
DDPM,1800,802,gene_803,03a2fa372527c9b28eedb1b4bfac2f1461ee825c6d7176995ebf59e09e7db68f
DDPM,1800,803,gene_804,b16e374ed0e82fd5ae4cebf27191613a23ba8c3569606b9803df26072dcd817a
DDPM,1800,804,gene_805,6470bc3e59d40df1dc66c0c6226783c9f03faf85de5ece2c98748f84d22982f3
DDPM,1800,805,gene_806,9818e549978e40da9a06404968add95582da0af8f1bad35f54a3928612c90de4
DDPM,1800,806,gene_807,ac978308cd4a7c6cc5e8ef281cd55d6e53820dea9ae245d2e1a2ecf5bfe3e19b
DDPM,1800,807,gene_808,84299ddc64b1067b810d8526e56064b087b96015979ec5f65cbc81f5e4bf8a13
DDPM,1800,808,gene_809,04bca6042e3313fe110180a180ec01f1c392d5a126b2767084b616d5d83bbb34
DDPM,1800,809,gene_810,0864439ab1662e18df6f3677051f306fa608272670028049bf33884169fc8196
DDPM,1800,810,gene_811,ccb1356857d229f73b4cf2759257bd9b9dc101fd9dddb0cea579c1c54def0694
DDPM,1800,811,gene_812,bbb8e696ca3368a25806870a22c0fe8d00c6b7e448d82aef22e136937b3970b3
DDPM,1800,812,gene_813,2111a10bb20c1eef53e641b86d24b6fae8dfeb25730789a31e93529c3b0254ae
DDPM,1800,813,gene_814,560c5977a6374aff2be805b9b4655b7e259bce2ecd577da7986222c19cfa641c
DDPM,1800,814,gene_815,6f8bacf88753eb0b7b72041d4fa5adffdcbc48f8b97141e4424c97bc64196b66
DDPM,1800,815,gene_816,571ac2b5902b8d5fbfc49a2641d586aa40264c9306d2abd4ba854a3b8c94c216
DDPM,1800,816,gene_817,146ca4c2c3c9d3a2d7bcd826135425915fe24790fa7a0cf39673e682d1445246
DDPM,1800,817,gene_818,8a80a6c8171aa269e93419fe1d2532507ac48adf7383b76fd7181c040872b697
DDPM,1800,818,gene_819,081a2f5501292afd7d87ab587bb4e4c0c07073cbf01ae381796923d61d8b81e9
DDPM,1800,819,gene_820,6a59d826bae177c605b34431d58337ee6788680316348f92be2db3eb33638cf8
DDPM,1800,820,gene_821,ed59ba2a9f028b3bd0dbd6aa172e6f64e22d50cc980336cb4588070b2ed1d34f
DDPM,1800,821,gene_822,048cf85aaf3fe3ec732bef8909ccba279d0ff36ba22f5e53456804638baeb29e
DDPM,1800,822,gene_823,68f85af3fe70bc91a5da49a4ba529a33fcb96e3c9ebba8d6b9fa9fedf4e18977
DDPM,1800,823,gene_824,048d461542f2717f1748e339246d44f1c3008b87654c18029d539236063c333b
DDPM,1800,824,gene_825,97615468f1fdc2b6813dd53bacba26af094a437a698248c3079e19f68b820b56
DDPM,1800,825,gene_826,89766d6a9f0887246b41dff02506c5f7db17a4a069bd920685a02ca78a382d51
DDPM,1800,826,gene_827,17ebc8439ec9545be4b746c957cde8248093c40887fd1ff33cc3f7a5f6a2c463
DDPM,1800,827,gene_828,f1d4a61eedc712aecc9fbc651097f8514796b68b91c520644c7bd3df05de766f
DDPM,1800,828,gene_829,5ea37638a4b811be0116cffb37c6c4efc4fda8fc75fc7480795c636a3b79bb0d
DDPM,1800,829,gene_830,035728cbc3ee0e10fb0f6795d7c48ac03fd6a3964881c6d96d07fa85521f333e
DDPM,1800,830,gene_831,76150209dc9a22886043e8ad56b4e2ba051e543b273959756fc72b5ecbb0b0e1
DDPM,1800,831,gene_832,69ff3e984c3155037960e34f1bc1da6ac276688c39dd74188f9fbe887437601c
DDPM,1800,832,gene_833,36523f97082a6a18c0bb84aafed941222b8a1bfbe5f2c8971066af51522045cc
DDPM,1800,833,gene_834,113e703e214c27b7a221f8d8bdf6e8be2546e63cffe9ba49739b3fc0d5400146
DDPM,1800,834,gene_835,05dc99f6dcdd5e5acbe003b073ad8d4d9ce0b39eefbd1b162fcc09b03bf786a4
DDPM,1800,835,gene_836,0f3a7e6b06880efa1d6b94052e2791ce059e7f0a05c084af1451efec3254eaeb
DDPM,1800,836,gene_837,f95cd260dcb05cb002658518a2454f4673ab57232cb7af3333c2a95d06b53fa7
DDPM,1800,837,gene_838,dec2dbdede27e2f4df0ce206c8ffb95da73eda411b500c62a0a4cb54bb864ce8
DDPM,1800,838,gene_839,41489de04cbb233828fb22bc742ae47016e028f06519157a19aef8487112543e
DDPM,1800,839,gene_840,5b72d8c4168272d5ea18cdef575134f128e7b3ef9ab682bab7f99aed89e96b4e
DDPM,1800,840,gene_841,27feae523ea37ac035feb75e16ca4c515e7ed6a3f37e5db23a6f359562130904
DDPM,1800,841,gene_842,0ae3059d03f260caeb1517ee36cca6bbddac7c6a33ebf9675a4d9b7d0738c8be
DDPM,1800,842,gene_843,4c97302156a945bbcdc04a8b123708c6ab99651345f607e83e398e93104765d7
DDPM,1800,843,gene_844,d77200334d772681f6d679b7fa7220d70d8ac30e81bfe88c8a632301a0d2b80a
DDPM,1800,844,gene_845,6e5455fea43522fbd666de4633033f9a893c984bf90a9ea45dab12d9fee3d247
DDPM,1800,845,gene_846,6a4637a488837736259df582392e86dd6795948e44fb4e81dec486faee4156d1
DDPM,1800,846,gene_847,8290a23115b58d9bde4ffe52feb88c4e1f677aa575628311df4362e6f6b3f1e6
DDPM,1800,847,gene_848,2969844d6cceed803fc748291f6d541529924ab6a1de4b9aea88a51291aafb37
DDPM,1800,848,gene_849,7d555122dcc2de3cb16eaa2ee18417c191c98875d7642c8f46858c2081442700
DDPM,1800,849,gene_850,1c5958fe41aee11e3eca6d0c9e77bc6605847fc74b5e83acf986670e08177268
DDPM,1800,850,gene_851,40b8b3d62391acf76c37da9c7a43f93b2810a458d118e3b796ee042cfdc60a47
DDPM,1800,851,gene_852,eb26ced4eb259c7cdb4682978032a80fe116a02057bc05f705f31f980acf3477
DDPM,1800,852,gene_853,9183c881c78e1ad8fe7ff139b5b14a631242f072cf04f805afe193ee749eb0a3
DDPM,1800,853,gene_854,82b2d85724b81d5f22aedbc4cb92b282076b606c15eb8acf585d9e026919f394
DDPM,1800,854,gene_855,60b784f6b7f7b55ff5d8ef56c797532631275126c3ac085699557852116bc7b7
DDPM,1800,855,gene_856,ad01f936c6a73b80a6e962e0c6e606e982f3192c6093760cfcb382e44894f593
DDPM,1800,856,gene_857,b537921261a21c5761c86609824bcaa2138579900b20d260c0f27bd44570f173
DDPM,1800,857,gene_858,6d87fa9777e039ff169c9610729e92ab95ad9872da3b3b547427f59645a7bca9
DDPM,1800,858,gene_859,4e711e8c8c972b9a5f9afdd684c180a3b35539f7ac358d545b593c209af396f1
DDPM,1800,859,gene_860,49fe495ca4e384058915b3017ee021d21f5bb4deebfd99767780d7c610b31ea6
DDPM,1800,860,gene_861,1ddbff81246a61e9c9f281aafb82677ff5f7ec2cab707815bece349bea38e826
DDPM,1800,861,gene_862,6046f0b9935493ece634cb2509c4c94b96c34c767c1c09154315b51400b12c82
DDPM,1800,862,gene_863,981594cff1e49e3a3523cb4a04ad22ca93b364846a87af2953200499eac2172d
DDPM,1800,863,gene_864,b8817098f9a472c8b61ef06ea2d01ac27dcc7b0f50d97f1ae40dd6cc7ebcc5e3
DDPM,1800,864,gene_865,42e8d825990e2bac2ce9bfb76f68f8a37b4fca4c4919013a53edd46ef00b7c2e
DDPM,1800,865,gene_866,0f15f73c6e598ce68b944215647e39c5f5027c63a5f87e3315f8d297477b2113
DDPM,1800,866,gene_867,624aab1b414d943da4b210413131d1635b919ab8e92f928904f7d7183d611896
DDPM,1800,867,gene_868,31fdc4b966cd8d9209007e60118b579c1c34a3d6df67a7bfe908856e05828df3
DDPM,1800,868,gene_869,b877c1873564d8932e6333512a0af51376f2d261907a72e2c9f027d3fbf33411
DDPM,1800,869,gene_870,252acb8018bad7ff2fdacb798bafd0c6c904561004b4ebd7a4e2a766de67e3b2
DDPM,1800,870,gene_871,d6a14793944888bd7c551164db28d9c92f89232cf7713f816e42f1ab1bfd9390
DDPM,1800,871,gene_872,882de8f6ce4e754006f976f097f3a25f6879e52fab7c17ac7baa0405d552eb50
DDPM,1800,872,gene_873,aa8c4067779e18b25c7ac2e7c0058d5b6f8e9908a0ad949a06e87e714aa030d4
DDPM,1800,873,gene_874,51d85463c3a30fe92bce57198ae3d8937b6798f3873b0db6a36d897e8deb26b8
DDPM,1800,874,gene_875,3966782385c5518ece97e32ea4d9ec5e6a7a70adda168f26142e3e24d69113ea
DDPM,1800,875,gene_876,8fc2b5b1d7740787ec1a3a742a51705f091b3640c6fef440d2e9a42ccdcd0ccc
DDPM,1800,876,gene_877,d1aea3dbb4a307c378da1f9ca23d3aeaa7a964e697953772dc270b891e7d634d
DDPM,1800,877,gene_878,341e71d909df3de92f08c34a0bf25d432f040566d5e26e4a49b69a1686260cc9
DDPM,1800,878,gene_879,692e079a406e20cc88fd3bcd2951f20536eaceed7f97a5197c5942771c0cfd9c
DDPM,1800,879,gene_880,1ab2611dffa9379add85c3f58066240d72e134613eeeb1d713067621dfe0f0af
DDPM,1800,880,gene_881,b096d3efdb87517bf28c92c2b0eb4b7168c89f6b96b4966eb3cb76abbbdba06f
DDPM,1800,881,gene_882,df83437d43383f203914dd2914c44bc4f544acb57e5d761866e82a9dc98f9b69
DDPM,1800,882,gene_883,b6d200cb635c886816b2ecbd126c35e3d260c6ed4493ab17ab8f88496588620c
DDPM,1800,883,gene_884,a19e41694817bfb6d319bc97ee107de1933d2483f9b9e163d080c7ad09c25381
DDPM,1800,884,gene_885,79935f03e34319f67c006fab2ef0a957040820d7d9c9fbb8d813863459fad344
DDPM,1800,885,gene_886,71d6f738936bb2995d31a381e9ac5ebcaa4f333b26f5fa07065c72057f7c2b8a
DDPM,1800,886,gene_887,bf4db8ad3f48c690d87fbde85fea1996aabb5dcf13eac3acf0eca3547bf3d8e9
DDPM,1800,887,gene_888,5618dece7ae63c8dab461813a65583149659bc42b2be95222b793e88388fa319
DDPM,1800,888,gene_889,ccaf6a5d0bb51ac12f5ba2c337728a994f1317d7061cbd1971b487b2f9f0f035
DDPM,1800,889,gene_890,78b6620f114a16dd0ca3d0200f2a6980993a98b8dde3644b7e331e153efc5c38
DDPM,1800,890,gene_891,60293b1bc0ef23b513fbde3d9fc8d9d014507c39cb757e891618a1bb740f0714
DDPM,1800,891,gene_892,f6a85f12c04d1d935f9b13da8e8f6d37dd3b732030e8100614053d5fecc87c26
DDPM,1800,892,gene_893,636f2cdee4c79d21af5a78b38850471cd38fbc2a407caf90a5bb4857a5807a35
DDPM,1800,893,gene_894,5b6fbccdab69cbc2ca2feff3c94d6d5b5615b029d96922eb1ed5fe8085dce9e8
DDPM,1800,894,gene_895,7b2217b548dd69466b9e6d75ec57525f820abe4cd7ea177a5b1f426106fdf9d9
DDPM,1800,895,gene_896,8fd8b2212576c6bd0222ecc05c6e8dd8b52f73b0c26edeabefc1ddfb51c5ff0c
DDPM,1800,896,gene_897,916857c59f303ae207e7e848ea8133ddf4c52583194a61bcee7af6537f8b6fbe
DDPM,1800,897,gene_898,4f4c9ea26cba3d3e7501632b2bde098403b5f7920a5c55802a0de5f5c0bb7b43
DDPM,1800,898,gene_899,4a5d6b9c4a7a731da94a4fa6f09bf3f46f0699576aa6af96007a564c7bc4870d
DDPM,1800,899,gene_900,ecbb92c1017d67f1c012158f6624b182a2d63a03440fd3cc80bd51112267ebe6
DDPM,1800,900,gene_901,581070d34b4c5bd93a5d44d6b9626b4378292e681cd577911f559ee575d8cab2
DDPM,1800,901,gene_902,220bf396d64ae5024fa7a4ed042d44c97c813f54d9a878e479003ae282be5cbc
DDPM,1800,902,gene_903,b59448718740f6951c6ee1eaa7a241df74e15287bd3ba61a68470d3909f3336f
DDPM,1800,903,gene_904,f0b6c5c884ede1c7a22cf10879018ef41a324b2613a23a332543b58c706192fd
DDPM,1800,904,gene_905,667aae665c1c4c0c3711e0a5abde87a7e0b529dd88781e67ac323896a10e6d2d
DDPM,1800,905,gene_906,d94bf02304457d7c7c4046a7955d54c60f87899d52071eae462f01b468203bd9
DDPM,1800,906,gene_907,8f11bab2c884f751aedc1ba227d99e98ab18ed1e87edb0e10ed8a4d144e5fc72
DDPM,1800,907,gene_908,78e6f1eecd8093d274fff8dfcc1571446d5ea96e9f60daff49956038a56ecd56
DDPM,1800,908,gene_909,69007bb1f5b421e6ca0068eab3abb4ab3de9eaec1b21a1186d138d9bf565ecb3
DDPM,1800,909,gene_910,e3177121112080e845635bdb129494240c99ccca80b8613158bf83c88109815b
DDPM,1800,910,gene_911,6b9b943a3aa0021ad34b0fe14ac93d763dd613ce71071f83e9c151e8d0d1a326
DDPM,1800,911,gene_912,c89aba3b6d44e38ead2964817fa0c5993af4f3eb4b5e5e08c5b412e23d80a3de
DDPM,1800,912,gene_913,5865e9b19551bac497311052315cd6838b6f625ab2ba87ba8591ec0acc19f590
DDPM,1800,913,gene_914,d1712e0804067ef8227e0b8ebd4428b384906ae4cd55bac4047ed10ab641f457
DDPM,1800,914,gene_915,fcc52eecb5d6a3642322b1aced974618010de0ae5f8290b5ca2dbc6735295d22
DDPM,1800,915,gene_916,93a4ec4d5e3bb8d0cf061937f32932a2948d5b92c299db5e6043795ea8ff8bf5
DDPM,1800,916,gene_917,dc6d6da0143187477ec1e13e9c04a88cd31d8e8170d884ff939ef4788b39eb5f
DDPM,1800,917,gene_918,a64bb2bfe41163b95dab8086c45b1f9e1d636f6237023516fd3324d2d8d02dfc
DDPM,1800,918,gene_919,b7d567e6d6f9e0f90ace46d61b0f7cc8a54519f47a83c19411ae837272601427
DDPM,1800,919,gene_920,c31fe929cb32fc44447dd8f286bceeebc69f5861a48fd119e5a52db1cb0cc66d
DDPM,1800,920,gene_921,8f3bd8566c30af295c286379c47500ee3e59f4f4e73edd80fe156204a53d1d25
DDPM,1800,921,gene_922,e3eb412bcd8e5ee6d4a7913e93e8affab40a1305f8377c436a439a5daa899538
DDPM,1800,922,gene_923,945a63c7907e79bdb0eeac79d59c9f7557d7c9987a3b3eabbdc5931664992bd2
DDPM,1800,923,gene_924,202ed7166823dee23f79a58cfad6718f5dbf74aaa3220eadb5e456cb5c69b942
DDPM,1800,924,gene_925,9df94eb59d1fbf795dcdefb94549135ac2d3320d3a9bb87200753d51a73d0f07
DDPM,1800,925,gene_926,2d6bb8010e231805282e4474fec1f1764b88c94a87040648e13ff256a3645654
DDPM,1800,926,gene_927,ab00634aa756ede6cc6c9e6073a72db3a5bf94f9fad142c39276d76ac62aef0e
DDPM,1800,927,gene_928,d5d009c2379f48b96f47fac200f7d51a214aff8a65fbeb237e3f38016c9522bd
DDPM,1800,928,gene_929,ace6fcf3d067876f5703e2bb52202da4e8365b5d40d8a7ca72dbbdff22ce13c0
DDPM,1800,929,gene_930,d5ad53e348e4e0f6f5aa0a8a743dc66c919d43176fcf87e8c4119573a6125d63
DDPM,1800,930,gene_931,2e2e3839867d3052ada246c00c4f606122424657585e7dc8888fe91f5dd7e60a
DDPM,1800,931,gene_932,93dc03cbbaecace435a7cead90a19ce725890240523ce279c34b54440001d28e
DDPM,1800,932,gene_933,57b2731179db2a5141e9937153295d2479864c387e9feacb064e3f9e9d6dd4a6
DDPM,1800,933,gene_934,a6391ff3a736f904e1afa279da62106c5ab557ce8b1b6860ea77f6e88421f070
DDPM,1800,934,gene_935,7a4373f949ba77ebae6c94cb79eb3e86cb15915c072ad50b9672aeb04543b0a0
DDPM,1800,935,gene_936,444b2c596d68c07dbac9bad7a9f9736d684efb58f8215d21df126273349ef7a3
DDPM,1800,936,gene_937,a70266b0cc66617c511db85aabd9b1cd39dade2567a7888751aa46b8e06f7db0
DDPM,1800,937,gene_938,1b7b3f89731ed32520ba56972fbbf623ba364f0b850b71da54a9bc023046c545
DDPM,1800,938,gene_939,c462def3cddddab65008c8a5cea32c18f3c433676b8c5861b5c30616c2996d8f
DDPM,1800,939,gene_940,7cf261804bcfea6198f1daa20bc11cf2cbbc880665787ffb6696464f368b6f68
DDPM,1800,940,gene_941,6607ddb690330f10dedc213e8a7006f59979efa7d0b9e891a32f6994105fbb05
DDPM,1800,941,gene_942,2ea20bc10647798bc64639dc3aeb487f20d300f0515821609f78519c8cb9f22f
DDPM,1800,942,gene_943,8b0f214743faa849ebfdf9020f5242e826fe607881242d2ca3407b07f56c7b17
DDPM,1800,943,gene_944,92a198bd774b52d9aab4ab57c61fdc6d99c741dd2209d3bcfc946aa5c01346ca
DDPM,1800,944,gene_945,159f3a0d49f433a6b8dcab8f47ccf7c45d0885ba92d8d80c949c58fb18d78c2d
DDPM,1800,945,gene_946,c2b3e1e15294b2ba01283627c8ab6c6958c6f56b184414bea2e1b194af5a2e40
DDPM,1800,946,gene_947,1291ae652112ae0ab04142c34603d24b913fd79306a98bdc980e6ea2070c8919
DDPM,1800,947,gene_948,659ba5386b4a0d7515ad42dd32b0f407e299f9528025176d4122df4b43e85ec2
DDPM,1800,948,gene_949,4fc45e09253167ecb1f8d0147219aacf8481815e0f1a62dc02092b7a788191fe
DDPM,1800,949,gene_950,f231619a92980cbbcfea175ea4e929597f845e0f8f7f2f627dcafd15776029f0
DDPM,1800,950,gene_951,07096334eeb1f1b5bf1ea6d9e24c83b0227ac35cfb9a03f50a0387cd17234239
DDPM,1800,951,gene_952,9ff16324754866d8e5eb97bf5c4f00ceb1c47c0eb3084cbb251c1897e580ede6
DDPM,1800,952,gene_953,3e2d7391e5253565a51bd55250a9b39de0751b12d173fd93e5ee415fd1dea250
DDPM,1800,953,gene_954,3cd0a975f159f2cf0365b83107de6e3c4a78b498317ac7ba06373778b16d227a
DDPM,1800,954,gene_955,405ed19ce748a8bdb5025c3e553ff88a8c5f562fd9c181671d6e0c097fbf713b
DDPM,1800,955,gene_956,ee4178466848d2fd5064e159ff3cca68407229f0db0bfdcccd1c5ae8603f3e85
DDPM,1800,956,gene_957,c537b6423b64a501e98b8e0d5e59f75de30aed946387170b8dce2a93bb47b440
DDPM,1800,957,gene_958,ccd1c2c3df7de7dab6775bdba29bf0abb73ce6c7c6c2130a9925be237051d20f
DDPM,1800,958,gene_959,986ec260a6a91764905a29dc1fb474aa3a001a60a6099b099e9982da2cb9b028
DDPM,1800,959,gene_960,6aa761a811a82e747d41c25a0f0c42e4ea48c305e673d43276cb31686159cd67
DDPM,1800,960,gene_961,3440fbcbc91dedf24790153a3020d0e8861e3b0891ec5ad626616641972e1766
DDPM,1800,961,gene_962,7d68236347f4d6e053b24816cfcf39dfa0b72b0aa067afa7bc94d994d5b8e47f
DDPM,1800,962,gene_963,d004c5397aa7258c4b9d25b2074c00209efe00edf5865babdfaa7ffd90473617
DDPM,1800,963,gene_964,7869929863a1b0795ddc51829c82c9ce423d936d09978b8fcb38feead9b587e0
DDPM,1800,964,gene_965,9c5e87b12965a06746928c9ee77792cc15eceb76646733212d750f5b9b4f318e
DDPM,1800,965,gene_966,fd94356cb2996fce7323decb2b9a0980696d2d1abd5df46af168ba23163ca30b
DDPM,1800,966,gene_967,08eb2f8db2fa0c00143ad9b7e163b8e71de89a8e2a55ab0b5b7c087e8264d79e
DDPM,1800,967,gene_968,ccb6ce16382def0d7c1f9a7905a70164fc120d6e2bf4f25a336f24ca40ff8f30
DDPM,1800,968,gene_969,b90e1700ba2a723f376a8a5e1adceec34076e4a201ee9b0b74b23be3502fbec8
DDPM,1800,969,gene_970,0b2db4dfca1b2a56ceb120c0c86030a18ffb31859710ccdb252ce617c7e75b67
DDPM,1800,970,gene_971,5f7c058bc2e40286e16b0d4182d6f60138a040e1e84deb77aafdf3a0ec5732a3
DDPM,1800,971,gene_972,0795c2cfdb6ac013db5d891bd78f3bed3a254178e6e70dba35680979b05dce54
DDPM,1800,972,gene_973,051d1223dcbcf404c998d826c11f954e9e70403de35e07478a61325bce6e25d3
DDPM,1800,973,gene_974,f6bc357dca1941a0686dc853f124e1d93699abdaad40a26dbd98ecb0dcba8583
DDPM,1800,974,gene_975,8b0dd13345cb4cd0df16fdc68033119dd7c412082a7b77799262092d7db58b98
DDPM,1800,975,gene_976,bdb867b3a126908fc789da115be814d73d1c26865737aab87415f8e7881a076f
DDPM,1800,976,gene_977,738f4322c579a2b0ce8e5dba05c71405434ab229b37ccac22b4ab29119e3aa5e
DDPM,1800,977,gene_978,706a36d32351c96b119790eaa2a1d5f1250ed394c13422e614c8a775227de3a7
DDPM,1800,978,gene_979,d3a7bedc55179013256c810ef80653be73c082c35528be937dc9ece16c3d36d5
DDPM,1800,979,gene_980,849bb7fd4e210f2403a932142d364e03bb5bc3740fb6d28022cb5219f7392794
DDPM,1800,980,gene_981,a7576075df3a8d6b07508ccef6b2ea9ff658ffc83221bfe5d5f5c9b6a3ab3bb7
DDPM,1800,981,gene_982,019891c899eba1e83ab6ef373a31a0bc91b0bee347d0387a456880874376a7f2
DDPM,1800,982,gene_983,02d46b9c81c5d3f6a0c670666df6b3ceb135c95f703a89d3562a9c527d864a88
DDPM,1800,983,gene_984,01b8a6a4c34baa557eee4c368e5adc3b97dc3ae05cc916277c6554534327ecd2
DDPM,1800,984,gene_985,96e0bed2c1d3306e2722e8c7d5b2632baee51aeeca4df72a380f114ff6ad7664
DDPM,1800,985,gene_986,a12acf792626b5ef2dd05c3ba969480cd27ffd9456c329b43c2e42ed5f43f7d1
DDPM,1800,986,gene_987,49574b775c2e8525313a3a926942d90b8ea941a172fb5f92f2a9d3f544604273
DDPM,1800,987,gene_988,fd7f8b044651af6a32f9bcad67a5af04d0ef6ddf9e88923b3d30305ba971496d
DDPM,1800,988,gene_989,a77dfef0a1e443632779f869f1568b2e35b2bccc043359ecc91868bf55a644f3
DDPM,1800,989,gene_990,bd452f3d3bafc67979f3718077397b3a0ec7da9856d20a06e9e8396ed3ffe274
DDPM,1800,990,gene_991,8c82f317a72232cdc9ab3766590d3b5df6efccd7c47c9835f1c4a628304c4a83
DDPM,1800,991,gene_992,480d33ff815ea83b7c05240864645dee5be8860bd7f10f9b6de365a38acaa3cd
DDPM,1800,992,gene_993,5e3983bf4dd04ddd0134285d1db625a48a5ce60981148b669a48e0636d7fb4ca
DDPM,1800,993,gene_994,95c978416b805a3208e31ad3180f937033099273f7d09463eda92275cb686ac2
DDPM,1800,994,gene_995,95c30a0988784734411c4971e9f56642195b85ab3af48bd00caba8181ff37749
DDPM,1800,995,gene_996,3b2dbec18523795143d70f4278aba35d4ab9edd04934545ff89bfd3c3774bf8f
DDPM,1800,996,gene_997,e86556e94f288e44ecaf69707781a628750484b2faff6e9016ae7f620739a64a
DDPM,1800,997,gene_998,eba41301a993a53760a1ec123310af3190b6a1035b03bdd8165044c73fb78798
DDPM,1800,998,gene_999,8d91fd43bb7b790e949ef9c39794b694f7b3c5358ddb60478995b4b1b5f8057a
DDPM,1800,999,gene_1000,f5f2218456b694b8d06cfeb5b41f1e89ed65c2d8a7808e87b0d741afa4954865
DiT,1200,0,gene_1,ed9c1a3d5a163f0e446bf2abf89c96bd92a0cd5dfefea6042a7d8a91d2022566
DiT,1200,1,gene_2,cc7e047d19eacd6a27667db8525ef4063043a72648bf875022de4726570a4a44
DiT,1200,2,gene_3,054a92ed02779710667eef8b7302af80ff128f4c447631679403a5d37865c87d
DiT,1200,3,gene_4,56e9d89ab62631ef8d6aad10b1f1a6a8ae94f0c7d5d380248c951c444423f6d0
DiT,1200,4,gene_5,849a6acc32da6809c2b9431db2c09f696b24cd64f4538966805535a84587e8a0
DiT,1200,5,gene_6,311a3e3cd54b1b3173f7b60c081341f8ed8e539122ebcedc361b4ee16d4fc28d
DiT,1200,6,gene_7,b6fc0403ae90227ce3ee568d3418e1c37d14d0d4aa328c367955405842ca3b30
DiT,1200,7,gene_8,a2fd0c321b5821cd0808d96a4cb44d4c889faba8da7fa3a6aab3d4003cabcc10
DiT,1200,8,gene_9,b82d048b3a49f41d8f1d1c3f46e7969a0fde89f2f473aa3a0b2cd166b8f77bab
DiT,1200,9,gene_10,e1849741728a189ee568b96854361d18938e85d6aae6160c1a5247ddf49bc6a1
DiT,1200,10,gene_11,5b1bcdc809f9235b14443c446ce0b035f3e4480d8bab55450ca0301a70d7452d
DiT,1200,11,gene_12,44707a91dff6ebec0c072fc5baff2f653c2531d1fa07b9b5e7c898ad73c678dd
DiT,1200,12,gene_13,389a8f22ae132d5e615c8198a2ed4af60541e61e174b0734602a102e12af1f3f
DiT,1200,13,gene_14,1795049a57628980c475418f21a1ac801981cebb2a17fa51c3ff5e485332830e
DiT,1200,14,gene_15,b6ad537e8534882548dfc7bcea556c59e21b019d0ffa998a3cd985bf172143f2
DiT,1200,15,gene_16,4919e23101ea6dafb4567e40698786ed270adfe256b45f6a81aef5a072dd963c
DiT,1200,16,gene_17,65f86b4f0f23719022e18613906884b97039828c334078ba76fe1543295f975e
DiT,1200,17,gene_18,0a07e86607cf808299c0203c9589618150957c39f8ec8f87fa288046c03158d7
DiT,1200,18,gene_19,ed0c7657912bf202791b98638ac61f5bf1912a56ea359e985b1e7f9f292495fb
DiT,1200,19,gene_20,23bdc58c3a1a7acecb6e1df565c03ae1740bc5b4b277ed8dc677d2f608eafdea
DiT,1200,20,gene_21,bea85717a815bc04ba86c988265815f863b91b6428c4e6eb47501a1a3c4e366e
DiT,1200,21,gene_22,ebb79a94ef3bf73b275df9374c704c00aaffb2d18fd7a1292eef2c994756f7c5
DiT,1200,22,gene_23,db0ea02cdf43ca4cb7e61938c54cc290c1d1618d2af390b6a1f9ffb302459a4f
DiT,1200,23,gene_24,92faafb2f0d2c8ccd35d274ec9a0e708c282f69fa5d28ab81be051ebd8be1b32
DiT,1200,24,gene_25,03891a439fdbea5ab623d6a3a1de942992016e64bce5fe9497bcfb232223c867
DiT,1200,25,gene_26,3859913e6347413424d124e6c1364e18894a8c1f8ebef2e4019c2b2e5d898b3f
DiT,1200,26,gene_27,59773b632692d054a9b3535cad5abff431d065934892f4cb8371d844092e3273
DiT,1200,27,gene_28,4ffd12787978892aee5067c301a30f7e32e21d63adb5081efc8b48eb68059118
DiT,1200,28,gene_29,df6f08e09b05d4ed8c0003aaa1b0b66e8b523258af4690e2c7f9082e8cb5cf24
DiT,1200,29,gene_30,452dfaacc7c6fde841ceed9ea51de3dda32b8f90e8641ffc412220d4756ef845
DiT,1200,30,gene_31,b0b6970a51f45cb514686e66fa6303bae362243b1119825442d2f49ada2d5474
DiT,1200,31,gene_32,6f32686f29330ab60c8d893601f3ace0af7fb8e6387b2047e12f1f7622ff0155
DiT,1200,32,gene_33,c27dc87ab4ec696c8381ebcb68b5d8ef6f2e15572b4d3cb28f2da9245d8760ff
DiT,1200,33,gene_34,0cf3363417072580c6635fe94c20837ba617a3acc7cea83ac780c709e70544a1
DiT,1200,34,gene_35,636b17de3560edf035522db5d13ac2f9b455dfbb384192ce81048d77e6b4bebf
DiT,1200,35,gene_36,9c4cf498a734a1e3eb7c7e43d27d44e4deb6c1f568365f783d6e4f24eab3d8d6
DiT,1200,36,gene_37,1009b5189c69fb5f75125bdec8ddeef72efce632ff692ad5e9611b1a1c6f3079
DiT,1200,37,gene_38,29db40e527887efa519776dad00b2991f4ac4f55ff5385bf4b3cf0206ebb97e8
DiT,1200,38,gene_39,5b1a333cb1e71eeaec91d3c028bd7b766f00bc4b045d8e6982c926e773657010
DiT,1200,39,gene_40,64043bd0c45e29d77ee9ee4fc7a65818ca3f07388fe7514898d2ce5fb3b67a2a
DiT,1200,40,gene_41,d3743158e86612ab30ea4e8aad494369fefe217f36fb6c4f7a542cb2d19cc2b4
DiT,1200,41,gene_42,8e3afea32ba9aeb8e37d6c5cab60e771dce0806eb71f50d28ba362314c2f42c0
DiT,1200,42,gene_43,0b5f4df564be0027a544cc77c1f55e1343ce4076b3311ba347bcc13f4161de34
DiT,1200,43,gene_44,a43a45b5a1e5201adf649bb43c7111f335d585152bee3d3d4555fcdf4c572ea0
DiT,1200,44,gene_45,95b482b7066e7ab088487e279a63b2487786096ae76e7f6b13e10d037a8029a1
DiT,1200,45,gene_46,6bcb5c16787a4274908a259686cc8e8ed4cc696cfc11d55cc9ba988883376212
DiT,1200,46,gene_47,df88e9b7b02e19bb7864ad48129fa6738f647d45c8a6891b9f1f4a3a5dd326b3
DiT,1200,47,gene_48,5f7fd03bf86c24e164f989e0ee88231729a6b7d58311cb710c8cadb5dd8042c0
DiT,1200,48,gene_49,928c433c46b9d8c649ac0ec65c32ba1f7b2fb0221651561071872b78bf521d54
DiT,1200,49,gene_50,7d0b802e069cbd8d01564167a7e5056f9589b128f26603a8963ce0a9f7d02c5e
DiT,1200,50,gene_51,b556fbf14e37dc6e3995ef4c5c943b5eb07a9d30b13d23594c4da7b9e8dc308b
DiT,1200,51,gene_52,7a73cedadfff4842d5e783b3e187a81f75522372298a0b458bfd4a8ef0f7a7e0
DiT,1200,52,gene_53,f8fd1415d01f2792f1f012e7c10153f8bae6afa0da2dc0c4d07ac87ada514c89
DiT,1200,53,gene_54,a522553e6b28f45b1a740f4107624750f851c23076b2d40277ae650bd6350b3e
DiT,1200,54,gene_55,ec602f4f5f460a83b22588e55751062c2d4fd14a304229e2a18f411647db3ae6
DiT,1200,55,gene_56,c06a419a5cfa7385aec45746a6edefcd4a93cedb242d00b9bb8798a822fcca62
DiT,1200,56,gene_57,931a96c207dedf9006727b14c215d10ddb1552c79d5048d1e12cde9f467f3fd0
DiT,1200,57,gene_58,ad0773b11dc9832b61b6bcc4ae6c26f9617cc3a236b5a86bc399baa3c880fb2e
DiT,1200,58,gene_59,60367a43e022cb18ac4e56118a2046be0c28fab41f3a891777a4a0d7f7675936
DiT,1200,59,gene_60,364ed4ed518e457d74787ca60b28a8428763a45355515642cb5101a1c2b4baf6
DiT,1200,60,gene_61,515c7a497984bdec6b6cd103422035021116fd1307d379a9940a0cd67b7002ff
DiT,1200,61,gene_62,389558db008d9301644f6feb7406a0149fd690aa67bba0a531af7eeab7b7c109
DiT,1200,62,gene_63,d6eb51c0b1a30e9553a81c8ab2c1673d86e65d4f7d8498e8a3c323ac1ead7e95
DiT,1200,63,gene_64,1e30cfa1912ffcfa185132714e9403c3d28b00fa94640a68d903284c8217d5cd
DiT,1200,64,gene_65,7029ca97dd477b2b0445e23d2ee2c9362b0c7deb83cf23e318b62b5d74685f63
DiT,1200,65,gene_66,ca907eabecfd3d737a9a5cae120e7c0845b574373720ce4ae8e648b27f5b9781
DiT,1200,66,gene_67,ed01012eea7a38500e3fe97fbb11bef9b7dc0a4e6bd4f16b3b89495a13e60868
DiT,1200,67,gene_68,6bb99eeaa0149594167bc89d82cc4c4b601c9496aaedd32b943677fe561591f6
DiT,1200,68,gene_69,fdc8067a1c507bab9e5966c548f3fed03c58f3e38b7f29811ba7e84788355e11
DiT,1200,69,gene_70,be52b8b88fd158a939c0aa33ad8fe242bb905323359a61391729809c6e18b3e5
DiT,1200,70,gene_71,0d6f7a247d54f7a07f22ec93a97e338278d8b96894a04ed65ced2b1b223c69e2
DiT,1200,71,gene_72,8d15698e005fd5039153d81d7832439cd0ece597cadf17fe5226940059a14344
DiT,1200,72,gene_73,a84df2dd90baf70a831034356f840aba8ca6cce476d9b0a4d6d56947c1125182
DiT,1200,73,gene_74,d3996c6415df36fdf6e66ea5b024b746a13d290b8ca78f5e662bc7941f327040
DiT,1200,74,gene_75,dddbb7e350d9a4d2b07a09730fa49b660452b762665e0020dc1f9c14eca1020d
DiT,1200,75,gene_76,cdc45ad66cfa477121f4eb6b922434ed3e45f138f218fd737fa03a5a1986775f
DiT,1200,76,gene_77,7d18ee1964079818c6c8ef0c395ef4195ed062acca39b422374f622d53817a44
DiT,1200,77,gene_78,750f396cc2033b5bf6a932379af0e2be608c577d4a37ce0f2a422ef53360a4a1
DiT,1200,78,gene_79,c7a3240cb8848507ac6f670518ce00ef17c94d3abc1bfe81c919e126f2aec1a9
DiT,1200,79,gene_80,54732ed5cf8e26625cc891d3f4cba41fcf4e24ef60f12e1d5c8b22871c9b688d
DiT,1200,80,gene_81,cffbea844f581acea609b7eaa845963e8ac0f3ea3dbd16fe0cc0f98441bad3fa
DiT,1200,81,gene_82,15f28ce16e5b68cf93f908a0ff8567c654c64974a455e10db0abc8bc7581d954
DiT,1200,82,gene_83,0b0e686be5b68f0cb12b16260fc43172e68995892c19e6782e9711657784e915
DiT,1200,83,gene_84,12ed5f31dbbac79940561ce6323fd6fcb2a696ab8944917917a1b21118a786d3
DiT,1200,84,gene_85,64dffea6502e4d80d7d67cc05c5140c97b58331289357faa2e123f9167d05b8a
DiT,1200,85,gene_86,6b8179cc60645dedca4d315855f3fe2e6ad504426bbd97070f787f6065baaf85
DiT,1200,86,gene_87,a07376d963de0c5e56f3bb627615de062844e3db87e5469eab103b519dcddcf5
DiT,1200,87,gene_88,c11d17fae93cfc9142aadca445040b914c8e22c19666d452e506bb7f6338214c
DiT,1200,88,gene_89,98dc7d7d3479f0f88c85d58ddf65d2ac8c4d279fe769f728162e3ddfd299fdf9
DiT,1200,89,gene_90,2106c90552e146a2b782e7ffa3b976e4d6edeb98c80872c59dc4c861bede9015
DiT,1200,90,gene_91,2e6706471df89cb236767619ae0e3f6c0e7b8b703c400aa2a9c3af136645fc9f
DiT,1200,91,gene_92,9922b51664d8b0628701272aab64ed2034ee47a2156d55c3d019375fab91efe3
DiT,1200,92,gene_93,de0c6073ea8f98b8e6634ef44cb70c3bd18b99fd14260a69b687cd6d510534af
DiT,1200,93,gene_94,0b9272623773c8cccf5003f736d9486db871793f73bb5e1c504f20bf90a2fff0
DiT,1200,94,gene_95,c934356f61215b5bbec1e6fef2ddc759c550fc50b0ff474229a2cd443c58c62c
DiT,1200,95,gene_96,9e5b3f18d7dd09baeb461840849d0f512dc02a589d23b9bfbf4833195ebc1516
DiT,1200,96,gene_97,39c7da21e536980685374eacf526af34e6ac0c0cce62a88ad0da87400839e312
DiT,1200,97,gene_98,42c4bdb118a4df2d3e89c19faa2125fe9e3358a6f240af75dbf23520627bf65b
DiT,1200,98,gene_99,05d2355714f087583c3c15dc3541b4da134f15936c56177bcac13646567309f5
DiT,1200,99,gene_100,5fbd29bbe1d430e7ea52ac2f3abdb9dc2a8036bc0ba0183efce8aff65a699e86
DiT,1200,100,gene_101,b6db5d502c3c44527beca01c5a82f602a4df99b2b2e5aa44eee57cfa7067db2f
DiT,1200,101,gene_102,ce82318fca3c14641d2e382202cda7f5c71afa35a788319ede2fb029899db98b
DiT,1200,102,gene_103,9fe2e7b603f6bc9da6f32a725e9cdf864b9d1a9457047e7aa98fbdb5d44ab1b1
DiT,1200,103,gene_104,e7cbef61ef7ed2ef7a9d83e2b28a79f50c372f9b27bdd29702eb261776a59407
DiT,1200,104,gene_105,e126411a1361632720e85e06ee324d026787b207c7b669d197ef10566eb3a0ed
DiT,1200,105,gene_106,fa6c48b4ee13be9ce94df37390a3869eecb9c3ad23fffee4f8ead54f9da0bd13
DiT,1200,106,gene_107,4fbf849e0568af184539be80796717fba92176111a99cea13484cbc14e5113f9
DiT,1200,107,gene_108,3ce7d89c65f5b24b10f2868515b94e162a857b017b26713df2b2491d7d4d143c
DiT,1200,108,gene_109,d56cccfe8804762fac5bdc5d11d76e65776eb9a15c89a78158a32b8a8c23149c
DiT,1200,109,gene_110,13faf22cf6be689d8a3036efef974b3c5a206606062a61a458e63532c4786653
DiT,1200,110,gene_111,29c270b82b198cd088a0979d3561e242a3e99cb0658f8cff078f4356887209e1
DiT,1200,111,gene_112,4c72c23878b6f5a8e393c8907875eeeee66f2e426435cad6d626bc4406cb9fc0
DiT,1200,112,gene_113,86fe4f29ece86d059fd1895e41b44e7ba3b85415a735396001c43a88eb5446dd
DiT,1200,113,gene_114,e10e41d1a3ffa5ddc0fd4a706541000a07630b0e2617274a84c1c1a374546be8
DiT,1200,114,gene_115,06404cb7d09494184e149f0afd0ef7a2b4f36eed6f88295262461e671c35316d
DiT,1200,115,gene_116,f6217bbb0dd2a560c2a8be5899c1f08593f5bb801fd7e4d0083d65a51284ba3d
DiT,1200,116,gene_117,c20e96e39a9cc497949eda0a34df75ebd28d26543511399c8bdc71443d2e0ca8
DiT,1200,117,gene_118,0520c9af56c4376153f9d4be8ae0fdae900e5852cd6669335ba49939759debc7
DiT,1200,118,gene_119,af1ca4f1f7ba78203bfed140cb4d5ccb358535292bbdf358199ee254cbf3c64c
DiT,1200,119,gene_120,8a18f8a3c99493536116a450c79317795abc918aa36fc5b90fb7456734cd7b7b
DiT,1200,120,gene_121,e0d8d3022342bf9387145fb2a2080db4b397d6c51621cc21ebc36a69970b6b9c
DiT,1200,121,gene_122,0526520c14621b694651ea606e295179392a45f62b886133bac2e3cc3e17b563
DiT,1200,122,gene_123,f6c3641a74ca67342c5c656bc258fcb7dd75d95056b16d9f9e800d844f85e193
DiT,1200,123,gene_124,9c1b956b4d3a7bfc6482e881a30d3b353cc0898965377682c5857d9e1496f7ae
DiT,1200,124,gene_125,2a46d13288344fcae112bd2da5538b66ccb8e04a0e0b1a048f89c8e8b3137687
DiT,1200,125,gene_126,28115f915904f9afa3d99e8d46664805146886a722b4a83c877b4523351d6620
DiT,1200,126,gene_127,31e57208f1d2107772b060ebf7397bee42ad1188df379e5a25f740950acac647
DiT,1200,127,gene_128,b29830838164e22ad3dc6aa01c4fd4d247676fbeeb28054180a5d1803094f89a
DiT,1200,128,gene_129,ada300a9653b13ed3838aee11eb28fda82eac0102c9a4dbd4967d6b705a1b180
DiT,1200,129,gene_130,e415fc452d2c01266dd67d43b3192be49b6fbc650b77d2ece9aa838d0ddb00f6
DiT,1200,130,gene_131,8ba889def9392b03888e8140711a7b3e38414ec6b6ba7987db84382709a1663e
DiT,1200,131,gene_132,43bae553793506718a320323741ccbf3875d2da28ca7e55400f7d497e03fe66c
DiT,1200,132,gene_133,0a7b489cd1c4a2ad4990816936bf9ca28e5d4f2b1453cd0f23ff61c16421afe7
DiT,1200,133,gene_134,d97b8de525316239dbb198fe122e12252e7969dd7bb81f87a4f235fcc4b16c07
DiT,1200,134,gene_135,1e64d36598352aa785a7f3fa3edfc27376beaa9c7eca325c507e719c139443f1
DiT,1200,135,gene_136,f6c719595d6a1a36b0b56742757de2da1900d4b73ce6d2de84ae2d9f1cce3df9
DiT,1200,136,gene_137,8fd34015b548d5525c0e4919ad576ce2d604f14ad488052bd4a283d34bc51226
DiT,1200,137,gene_138,b748e50101a6acdd412b0715f30b20973f2c743b6c902bf534e4df1c75d69bfe
DiT,1200,138,gene_139,0a45b775a941f07dd2754b426600e94e5dc718e13d9f174c962c56c47a4859c4
DiT,1200,139,gene_140,eb2d3d569ef05c2f63f9f6b0f19cb692594dd9c8736b0093cb74483bc145b1ee
DiT,1200,140,gene_141,41aff2de266e0687abaf15c3c9637f421fa037c20572d28aff227832e01eaad4
DiT,1200,141,gene_142,3ad84058d763d71010c2381d6c445b828291e26359b2873d7efddda6f2f87068
DiT,1200,142,gene_143,b47b8fb20061695cd954f0184dce0ac821b0a0649a1ab0e95aa8daa3f67009f4
DiT,1200,143,gene_144,ff0eba518d05ba038214ad82a3e8b5ad3e79c16c714b30d604ab6294d4e06176
DiT,1200,144,gene_145,0a7cdc08edc89e7d4b0a8ec7f36819f307c7ef5423051caa954cc40384071a49
DiT,1200,145,gene_146,a5e2c1d7ab00900a9e346bc219b42d628e05422b31782decfcd8ced54e5277d0
DiT,1200,146,gene_147,c0ce373c97cdafa3cdaadc1a814cd3e9ebd449318ce76444e8cbd4881c1a7552
DiT,1200,147,gene_148,3878c486dc5a9a575581c6652fea6eb3ffeaf0538e32e4628ce329781f44836f
DiT,1200,148,gene_149,76865c097e11a8e10acc5fdc4db552bddb6424463fb02fe40a00a86f254a4558
DiT,1200,149,gene_150,f4aeeccf5ff5e908ba35db3a102ea03f0eccd975f107b5f97c66fe83e81ea747
DiT,1200,150,gene_151,bfb38342e200150a5d0d8fa576a3959df29cffb57ca6a647396fa5bd814e68ad
DiT,1200,151,gene_152,82718ff9b762462af026be6813c8a374df62e352706fa4a8853eaf3fb03e912e
DiT,1200,152,gene_153,efcc255dd0d1644ab3d35f16d3d7751d98a00ace150cd182b46f467e462e5b48
DiT,1200,153,gene_154,00ca4ec1a1670db6b66d1206214cb3936e41b3a59a096161bb66b098bafe56c3
DiT,1200,154,gene_155,53ef446179252fa58577e436e1d0372be1865ba2d4b87b5537410b0f12633b8b
DiT,1200,155,gene_156,afd2c6e4880232d8af122284ca3cca5d6efe845a22253567101948e4710fb0b0
DiT,1200,156,gene_157,37c96af42cac82263634799eff7dbd843c7d10f5396fcf20c0bcb7f96bc8d7ef
DiT,1200,157,gene_158,7d4952754c4760b62f859f25823867071801f7df06d67ead029ca2392d6e8816
DiT,1200,158,gene_159,ca49332acfa84e10bed76a229a62ff83658c0fbd4926c787da0932ba5e34b63a
DiT,1200,159,gene_160,b62945c50536c32cbfbf546772da78c3275624697be595d9effd70751ea993ec
DiT,1200,160,gene_161,738eb1831a50e1ca335a449c82db4d268017bff16197b2ea10597c29cfa599a1
DiT,1200,161,gene_162,3ac348c8c906cc0e9224babd2e2cddf809d3b6128ec7c87afbf29bb9c43eac8a
DiT,1200,162,gene_163,1495c4399183e42f41e8376905be634360ee624e882a2624c0fc5ac44caebb48
DiT,1200,163,gene_164,4cc861d2dafbe137e6c6f0917eefc8a3f53d3403df672b700869ae1041f54f08
DiT,1200,164,gene_165,c36915e391234128029020ffe51c80443f973b826b73c4be4b4a7543495b3b1f
DiT,1200,165,gene_166,3e845198b20c2f7a1ddc272918e5c0f2a7a86bc81facc0d3367e120a142a55e7
DiT,1200,166,gene_167,44c4134b4a5c94dd972ac1ce75bbc382c7265831f018f8e288071a201e7d9127
DiT,1200,167,gene_168,9c01460e158dbebc7b86e997b7637a25f6df40ec26556476e83bb639bf33061c
DiT,1200,168,gene_169,9f75eb28eefd96427bb60683079a41d5a5d85672ed56b143c10d33596fb111f9
DiT,1200,169,gene_170,8cd25f16f6c0d475e529a404f845f0feceefcd8b7c43551bf4dee12db2872f2a
DiT,1200,170,gene_171,a2550d22f40bb0f735ac1dc91f528ddeed4d607e0e44324f9158ce618f86e2d6
DiT,1200,171,gene_172,bc69d754e17488f4e2e76787e74ca9b9a9372f3fb6cd3d440256604b527d7019
DiT,1200,172,gene_173,9b9dd8ccf93df144020960c5b3f98e42e806d4b0499401ecb93ada9072a32926
DiT,1200,173,gene_174,1cb30a49bcb023172b21860e37017ffb9ce65ffc0a2688a4827c663c988924fa
DiT,1200,174,gene_175,60792e4db927955fa5610570d96dfde6a417975800dc2edc6553e77e2aa7e35c
DiT,1200,175,gene_176,59182289a8b8636c569c605a862eb353c3ce0d4b423ba6aafdbfe9708f495da0
DiT,1200,176,gene_177,b95d54d5b708d7d3375f075b5b0429bb2213210248f1b619f42196e07e15761b
DiT,1200,177,gene_178,694ef087d8c30227f7e2a093569b6e25e8ee307244f57c8aa2171c3c1fbe85e0
DiT,1200,178,gene_179,54d3f7226142aa1d063228bc33e3d2502308ea7a92e1dc90d9fec7fda45bc105
DiT,1200,179,gene_180,b1182a886b465f8e3052ca73ffe324cf7d666ce76eb0151e3c0e7ee449c58406
DiT,1200,180,gene_181,a03faf7e6f23d7000663f0a7455b2b3f4f975ac2f89a4d635a6c30777726766d
DiT,1200,181,gene_182,5e2172c6f05c0a4c2fadc98c239063a8eae28ed9cab6b691e36cd52d3da2549e
DiT,1200,182,gene_183,a6e55bcf14565844096f4277a9a17d1abba26d7d5fa9d53f83ba07e6914260d0
DiT,1200,183,gene_184,af94ad8019f6e2c17036a9abd859ee33c8fe516ff9c82b92d0165b0569b5dcc7
DiT,1200,184,gene_185,d58b923efe5fb625580319d2db9db984675790c06cc33f0013361dc9acc8a170
DiT,1200,185,gene_186,cf29a9c4419bc763646d792b8e85fa022309d043e560c4b81f336c99aa9985ad
DiT,1200,186,gene_187,fad703259edbd5e274aa11b1fe832d1b2cf0558030e86b38c235f355817cd1fa
DiT,1200,187,gene_188,a98e32b676523bd5ac7197260ac75546716d747060769f59e8d244920d22fae0
DiT,1200,188,gene_189,5b509ab84950df5dc377f27854ce9d3d8765d4a20e6d717c5c43fb3c117c14da
DiT,1200,189,gene_190,f4c2cbdd9ee174f01742887eea4e480dccd4b89de512aa2f2fd2bc1c279f27a0
DiT,1200,190,gene_191,d436b6db940923becd752ea4c3de43f649fcc817c6a00e3b6494218021c0c5de
DiT,1200,191,gene_192,36a87aea6b4b9973f249b4cb5d9de06de420680f4b471ac91bee5c744f50f888
DiT,1200,192,gene_193,e9b7f82540830c717feead03171c4c17ffd93b929822a49d13ca610ed5c36285
DiT,1200,193,gene_194,fd01e7fc9c311fa439e0865500ffdebc2269555b8beaef4213a039abcb621274
DiT,1200,194,gene_195,b6df702cbbc23991c4f79385541984df43b737ba1c859ee6e88bc0762d51e861
DiT,1200,195,gene_196,a2a046889ad82a293925cb5b8ed473c1e2290c4c55489ac0664d6c6ff6570eb8
DiT,1200,196,gene_197,1880761d74fc4798fdcfee0566492ba8ffebcec5994550bf83f8f41654057f7e
DiT,1200,197,gene_198,8e7117a5c8a72f53e8b218af72f76451372a332a59e60eaf0b843db34d5f62ce
DiT,1200,198,gene_199,5a5d6beac474c12bddc4b3bfc02c3573fdab3e81a6df481a06b6e14d2233d5f1
DiT,1200,199,gene_200,bfc6b65ad0ad41b5edc5e13ceff760df6c1f71cf6654cbf765d951d0ac3657e5
DiT,1200,200,gene_201,84808aa87155be8edb1e6cdcfd6a619e245099c1386431065ec00b9f743e1e8d
DiT,1200,201,gene_202,94b49b86917b53f980625fd7afdfbc4f1ba27837312f23c600803116db77e891
DiT,1200,202,gene_203,354bf40f28277f944210cd21a0681a3eaa496cce490b5d17cdaa5efbe8c11daa
DiT,1200,203,gene_204,eba6bfec61debf082db2e6152fcfc1f8e275b4d74b050fed5f0f4f65a6284d2c
DiT,1200,204,gene_205,f2abdd3fb71986319d73c7a34d73ee77d8740228cdfae492f122f75939efd76b
DiT,1200,205,gene_206,80de704b85e64189dc5804ad8ae08f4f7f2d4c96bc0e0c709286337d569f13eb
DiT,1200,206,gene_207,41cba6c5a95f077ac0fd81e0f07ecdaf3bdab396006e46b9ffb4c0a9d6382c0c
DiT,1200,207,gene_208,02eca752178b0104e4f2a2db5064d66ba09664ce90818b8d50d5042163e7e46b
DiT,1200,208,gene_209,9692852054c37dbfb0c0a5518f3af3162065423c39df9f2e4012a17d09d8801d
DiT,1200,209,gene_210,2002c60076e4494cd40451e8a552aae752b0411dc67b51fed87cb4aec5d4cb31
DiT,1200,210,gene_211,ab2d472419b22042a8b7d89b33c509ac4799b94f2ae060131034972be2374a5f
DiT,1200,211,gene_212,7534fbe8f42d6873497716eb6c3d7dcc347ce356597d289c7166806074b0b84d
DiT,1200,212,gene_213,ada6734688865de336e31960cc1cf0312c6d324fb1fcc4b7c3d2f74733e47475
DiT,1200,213,gene_214,02d779e3cb7270626c14c92d865e6e9ec26b781656f86460d5518fc509e691cd
DiT,1200,214,gene_215,fe7da6badab1cfcf447d5b65bc50ed7508b20885895ca01b88c2806426a22a1e
DiT,1200,215,gene_216,5d7ef549802cb73eca2f61245de5d273e19962816b2544988b34c2c2c876e465
DiT,1200,216,gene_217,06a17a5b6cea4e27c1559636725c31447f9617b7464f5c157b9d2a50a9f2ba3d
DiT,1200,217,gene_218,4928876d41d8d22d172ffb00df744ae9f2109c7390a158056575bc279d241bcc
DiT,1200,218,gene_219,29914591ee3addacc6d94db4dbd59fb35b2a1c6e5103999a95818ee2435b20fb
DiT,1200,219,gene_220,32e165beffe737943edf150945a80632b726cc1fc777929c9809567f70a627b8
DiT,1200,220,gene_221,580071d81b3c0c6b3336f31a74e2688ce24da333a05f391e1b09fa3bf50bf5a0
DiT,1200,221,gene_222,4e14321faebc74eda88cc2dbba0c01e21b7b0da5e7b84f0bec078448ffff989a
DiT,1200,222,gene_223,1fa5acd3769fff3c1d05cfd82411b52dda0d8736b165c9646669736c22b48058
DiT,1200,223,gene_224,17b4ca6589e01a98df67d0dd737caff6f377347e7307b82ecdc480a1b0722c91
DiT,1200,224,gene_225,d3d5e46a137f1ebb7139021ce5aca59c64122ac0275342bdf69bf5223f2ef45e
DiT,1200,225,gene_226,7aa6b7ddaf08d4ee67cdf47cc6c2f0b9800c2482af17281910454e43904fad0c
DiT,1200,226,gene_227,2dca0bfa563ede7d774769f00ad49b7bd87df85d2f915e4a59a40c5e99f6f179
DiT,1200,227,gene_228,84bdad6cc7a90d26c3c0a5d33eccd4bc7a8475c736838cf0c79a2feaa0f1ff5a
DiT,1200,228,gene_229,2b3b541068a5a57a5aa50ccb600fa4593f1e6064d21777e499a9cb154e4381a4
DiT,1200,229,gene_230,df7f3e85c20c336d6d0f2c0507a9671164e71cea571965c4b94f0893e5a46170
DiT,1200,230,gene_231,4a2c10a8a54bddace7da66e4c445954cc77f7cbeea343c5e50b692e41a91d993
DiT,1200,231,gene_232,fc806d545b1ad01cf4bf566a13c01b8eeea73a1805307cc71a067c68ecb96f79
DiT,1200,232,gene_233,abb07471adcbbdcbc905f2793be131d56ed5f4043da71efa3f183121570f027a
DiT,1200,233,gene_234,19ad6a132ad09e458f0a404e005eb1881967f05cabddc9937c0a59cfb5c95968
DiT,1200,234,gene_235,90e91fa95de6173cd9b437cef973ceb4ea64be4ea86c0b8a001fa3f6d3a58ccb
DiT,1200,235,gene_236,0c8517d41a6ecbe572afad8cd399ce633adae32cbbaf04f62d4e0848d76aaeaf
DiT,1200,236,gene_237,9042bb58b44a249264c9d5b582e2786eb18ca5faad09c6c3843c56f3040a82b8
DiT,1200,237,gene_238,919a850d8b607c1aa8e0ef22d0bf4a2a8eedd0864cdca715b60b682314995d1e
DiT,1200,238,gene_239,b8b74623089840d5277bbcec71ffbe828aba6db6e6e88b556647db59d34bc221
DiT,1200,239,gene_240,cc0a03dd4e45f47fb3bf6a0b333244f79ff63b969b031e0f49c06ae77458f9af
DiT,1200,240,gene_241,f3f8f9d76bb125ba9f510c92d212235ed92d06be3638f03eadf4840516fc1bbe
DiT,1200,241,gene_242,5fcc523573083f9df4cb422ae79e1c821ef29edf48602dffcc3e83aa90bd295c
DiT,1200,242,gene_243,03ca42efbebc1cae4f40abc6659a2ccfa2e4291f0ef8c95b8f249868170e7693
DiT,1200,243,gene_244,fc33633956ee56e251f0248b22ba384fbd7337f2d515b76dce29e35e5387c6f8
DiT,1200,244,gene_245,a0073cb49de4c41582a2a876f2bd5b5c3c8f768c45b95aa5a642956b33286eda
DiT,1200,245,gene_246,f12dab80cac93343acfd221c1e495c04ab9bfae96be1c225fee0720033acbda4
DiT,1200,246,gene_247,704ac0b6e7862f86e6504a9ad2d794a0f2f0260fd8b34be2fe24bf88c3c398d5
DiT,1200,247,gene_248,467b3a0f0eaaf4a77018078d2ed507ee8875578252b1e1c07a4048d27a25213c
DiT,1200,248,gene_249,90139a5e786c77eaec122e727dac88e8d35849da1ba158596fb58f6e27e5f481
DiT,1200,249,gene_250,c15f2e032df03797a0a87bc0eb7fe2dfb64ec16a6016be089acdacbc7dcf65e0
DiT,1200,250,gene_251,4cd24efa2134a4affc24e2907742f55ce092f39eace1bc2c371dda208aca8b0d
DiT,1200,251,gene_252,61c9336228e1f1b0edea02c57bfba32a2dfffc4329e07a1499d404c8f946ec00
DiT,1200,252,gene_253,530a2e935576855622bf82b3873258052e41b6a5daacc25394638ee22db9d93e
DiT,1200,253,gene_254,08ce26b6080334196d100db93dbf3fb5f1224a9e7fd37aa7bb9a87fa54d0a676
DiT,1200,254,gene_255,39e84160a58f59ad8bb9d0886e1e5476c1a37501cc30f4bd4a0ecd23190d8e4a
DiT,1200,255,gene_256,5ec6ce8f65ebea1b55e18592bda05fdd80573f97ba45f0e3e49e76bf53422857
DiT,1200,256,gene_257,52fa78f5a3c1ff677bf9460d9fc2545238026b7924a57c537b35655cc82e0117
DiT,1200,257,gene_258,081a1923141c0e72116a695b8789be5ad999ece14e2790b80d839527797ccd01
DiT,1200,258,gene_259,8bfeedc50c0ce4c1a1accfca97aa0d6a47f2cfce8cdde6ac6fa2ffcd39e43238
DiT,1200,259,gene_260,f9c175dad1de7c4c6b058189c239f6640c291a8682979cd73deb3a09c53ff12a
DiT,1200,260,gene_261,3e07c34838f6ac29cf0533c4a2bc4b642e963cb877958175db4991d1fc4ee291
DiT,1200,261,gene_262,69947be33e962e008fab2544d0dd51e4ba363becd1cdbea7c1a340490a3ee2c2
DiT,1200,262,gene_263,4a2935656c96dbbbdb647e0701ef1de87bb30f67dc0df2d42b2c1979b8c5a62f
DiT,1200,263,gene_264,abd821be587ed2faadd1d32aeb023351a11c680facda0a96cf42a498329a7334
DiT,1200,264,gene_265,73b93b0fe6aafdd9fda12491a23d246517b8dd191c055739bd7a6197c294db2f
DiT,1200,265,gene_266,d70d5be0b3151d8a6e3ca2f8d04d1fa5d8d9868a56235143ed08de84c2880129
DiT,1200,266,gene_267,93703bb1fecf303cf4036b2d2c2d4048999e0717f63cfae675ce8da2e1705cc8
DiT,1200,267,gene_268,4ce9265ba59ae1eddbffc86b7987e789714b40f773f2a660c50e68ff7a106299
DiT,1200,268,gene_269,99cac29a938aaa320d7610ff5852dba838d3f93f9e2713ff294aeaa4b5c0f4ee
DiT,1200,269,gene_270,ba29ac666feee1afd8cd82528db420232467a500725e30d7334a245cb34e5be9
DiT,1200,270,gene_271,dbedb02017f1ab08e24b963016385ce58c40890146d418d258b9c844d7e9deca
DiT,1200,271,gene_272,db2e6ebe19158db0a8e6e2cfae4cbed5cf415c066e0e6ea8975f05b0237843de
DiT,1200,272,gene_273,6c31bd3e3fb3761e99a7c3971ef083b997cba944e4a7c68ce351e8dda235ce79
DiT,1200,273,gene_274,911a5b845ff753ce206e6d02d7689efdf2a9f787f066586952edeea7b8bd2867
DiT,1200,274,gene_275,c7dcbf6b4f91776f28036a2b87bc1c78e0b014041d71271934a6f2105e27c946
DiT,1200,275,gene_276,dd95c78384f110ce3adfd5657d67ec439886f756d31ba79ae299ae19d4fd1554
DiT,1200,276,gene_277,7f8f506d90b4c840c31c5b391e0ec931e54834dc36f65310b69df94a376612ad
DiT,1200,277,gene_278,7dc6dfdd93c66af5c4bd7886fe777bd8aa9fcbb2c76a380f124cf9198e838000
DiT,1200,278,gene_279,0b53e59bd7701d8d16d8dfd9c8de12402415497a619aecbe3b6117ebc8f6ec68
DiT,1200,279,gene_280,61b4478780456e57b4c9327eefa8af680bf13f38133e75a6520080a8099f84fd
DiT,1200,280,gene_281,b3198c9ef176ec84db80a4bcc63a4dd145c996260264de815cba1f34725a8691
DiT,1200,281,gene_282,eff57e65b315951af378e15825126f5681ce14fb27bc907d7bfa0aaa7b411f14
DiT,1200,282,gene_283,11654b53eded2ce4383ad7d91c2f8bc4d75a2c9aad8e20c50d66b16e8d55d3c0
DiT,1200,283,gene_284,59d5fab6d03c73db1dc8b577de7c862a9c39966b343f129ce1d319244926a92a
DiT,1200,284,gene_285,bbef35fd08e178034afbed7571ea5ff1f9093a34ee54f9eb516ac600a37d758d
DiT,1200,285,gene_286,067ed38c7f32e4329ef0a5f7edacb451ee7d76a4d736ad04b1a2060027807a2d
DiT,1200,286,gene_287,9199d63a0247c7a0a8774acdc8145c2b5c3e7cb67bf199adb4514f922165e628
DiT,1200,287,gene_288,a40959c54fab598238847477931607fb2c52eb623563c490580a9a175232a151
DiT,1200,288,gene_289,36c9113e1412ac2b4b74581692adc87f1f25e13c752b2e6a8a72bf604ac42c94
DiT,1200,289,gene_290,b34da8102811924b6aa3bc416c7167c66d338abbeea2d1a9b96b6a1aadfd7803
DiT,1200,290,gene_291,054cf0303133267ca5072dfe88763c7fdf509bc596b677cf0fe51c42b7e072cf
DiT,1200,291,gene_292,a7db6964b4ca248b6b4e7e3f246d0229a3e4a76c5dbb2ffe3efb9f198e7792ad
DiT,1200,292,gene_293,a1e542e5f529f798de5c73656f6add52a542923998cca17193ed010034de4f12
DiT,1200,293,gene_294,06bdc2b816caeaf112ff60c6414728b9e87d8c15ed8bfd62f8a41e2e02f92376
DiT,1200,294,gene_295,ccd2f71894960dd064e7a7f5cb6a2b8473efd2e72ee35dd1c04ff9222157c20c
DiT,1200,295,gene_296,2efb45fa60fb7643be051adb8d4039874e1d23a6c75f406c2b62ac871537f830
DiT,1200,296,gene_297,8737f9f6b7c7e0e8c63e7f6b0c251d4a9318dab59a9df3f325b129506dc0ce7c
DiT,1200,297,gene_298,faaa2b92f0699ef4bf3c5809b20877d2cf193b54fb3cf3ef780598895465eaa7
DiT,1200,298,gene_299,fcea688fc1aea0d526179d46838b230138d8b614afdbab3cd855b96b44f4a179
DiT,1200,299,gene_300,11aaea11f127135961836a6c736821fd001f0edd49f64069cbe1dc28f99c80ef
DiT,1200,300,gene_301,cb4948d657a7b07e8267528a44c5e36164415471e537ff3a655ebaca28c05afa
DiT,1200,301,gene_302,0062302d60c1a9d1894d4d090b5fe6fdf34215020ffc2014645e913e8f80d74c
DiT,1200,302,gene_303,1f512e67fe29cf820ee8361b62e76b49d7b488ba34ada77050a0dd87a7b510f6
DiT,1200,303,gene_304,1397251abdb69d003f3cf9c380cf9c5478da9f59462b69dd478cd76cf00f1cba
DiT,1200,304,gene_305,c5a5c7012151b6a6b74824a0f6575e4e8c0265d1c5b4feba9daf517eccbf9768
DiT,1200,305,gene_306,f81799b077a5a375a9cc7a0f08956f3872246ea525add04ab290045f5fd505b7
DiT,1200,306,gene_307,145b1e5f865b0ffe38d00fed4ec3f131acea3a810b5ad6442eda5abec62ceeda
DiT,1200,307,gene_308,b44b7e7b4e56c2d8bf6bdba939524362fb851db3bd5df1dc4310aacb6d64a22e
DiT,1200,308,gene_309,977a3a2a9cd78bc6b66c7dcbfd662839fdd52672f2cd315fec13e77e42b5f7bc
DiT,1200,309,gene_310,4e2b1fd7412b57b2472e4ef2837154c685f7f13caaea76a030c12d8d8f03a943
DiT,1200,310,gene_311,77ea234c8905217bc76ce2daa4c124f964aa68b0de386250f238bc8cb87c1c1e
DiT,1200,311,gene_312,3b464f49f743c0b4bd555938420f81b38ff7198849e9f653c6c30f37f7c88714
DiT,1200,312,gene_313,f64cbe7598b89e5c1dc6125cca5c53ffacf8fefbfb704684039735c3a9254aa4
DiT,1200,313,gene_314,6ab1fc5f01198ec2a3e1aef26e88f8e259a4abc8c7795e2c2e57334d30fcd2da
DiT,1200,314,gene_315,5d16a0f65cab079597c8eba71c6cdb6a16d969b9f95d1d0e310fdf866ba6a5b8
DiT,1200,315,gene_316,693a6dabca0625f3fe2c5eb5ca51760f0423403ec66fc0eac19631ee618c52b9
DiT,1200,316,gene_317,40f6d6213aca924fa9f9b1a8a2017096f78ec761300cfdef4f1fbe2cb34da22f
DiT,1200,317,gene_318,23bcc36ea55da6ab29061ea029da73166f393273151e9bc631ffac893014e60b
DiT,1200,318,gene_319,40c51e2045bedda12265991780ecd2261365003437cc68fc7a850a1dd9ec89f4
DiT,1200,319,gene_320,a653a940831c6f139d41960d21633df42e272558718f2cecc73af0401e52ee64
DiT,1200,320,gene_321,cf3dc631acec136cdfbadc7d68b4f6237fc55479e98a69043c766a763f9191cb
DiT,1200,321,gene_322,f8edf8e33dcbb8b030970b412066044ee34c3102e18dff52c1ad5dab7db629cd
DiT,1200,322,gene_323,92625833ee86bc19e2bdd4ac0ba5f40df06a208a22598cb6920e0890776e981a
DiT,1200,323,gene_324,aa8c9bdcfffdee91fa40f47750f7e0face33ccb6feed4035719225a742d7b75b
DiT,1200,324,gene_325,9b35d5dd3164f0ed5f444b0e0eff6bb134b4e39e09914bb0f6dbb047ec3231eb
DiT,1200,325,gene_326,3956a4c9ea5ee74dfb16a87e180ff1cbcf34330ab5971553e5ade8acdcdb8be4
DiT,1200,326,gene_327,56ce8e90337f31d2dc80cd8a8ba0b4147289479e0203a0145ea00612e72ea739
DiT,1200,327,gene_328,7cea8a829b45348d0101c3745b7e0e7c56fb7f81003b2b47cb20d1999a36b0e3
DiT,1200,328,gene_329,f0ef38b3a484a0674a36e792ce1a4b2f9d61b1e5a3f6ead6f5f4369299af21ee
DiT,1200,329,gene_330,e7d4bd49ad0c46e2d67de6056c9fc4a595367faf3d614986ef1697e0d2e63878
DiT,1200,330,gene_331,740403a7eb340ee2c172c86a3a7143851f0c36b8bc99e77caf64124af5526653
DiT,1200,331,gene_332,2ff950743215ad1ded4a0744b482856181a2e5786e7f6993a0b06f8bd6c6388f
DiT,1200,332,gene_333,6b1d9fa0fe117b67b41a9e4b31f120bd1072cfdaf54bcaf88f185aa5533174f4
DiT,1200,333,gene_334,3e3813d4806f45af4c03a87106da59aa223dcabd9e0d0632344bf0154eef6ddc
DiT,1200,334,gene_335,3b311cd225d4f0c851a60d491d9f283340e398629963cb56d4a8973a92e74735
DiT,1200,335,gene_336,8dfce7a70e91561d3ed9babcc47fb10f5aba16bc7961c14db117105320c33710
DiT,1200,336,gene_337,23169f58dd5fe56bddc1f6b680901aa80ab32d80ce6737de726d10d6861ce818
DiT,1200,337,gene_338,6c73e3399bb9724f1687af00de145e8d01693ca898749ed494059419e3e44a5d
DiT,1200,338,gene_339,28893eadea06844c5912f3b877c10a0afe0059ff8872fd1a5964b5aaf6cb1614
DiT,1200,339,gene_340,d18dbefc1df067734c2bfbe30f1b5cc5d8c8253bd2787234d14311c01f592d6d
DiT,1200,340,gene_341,d3a26b29bbd4046c2791962d7b7c7079f69c12f77cdee006ce4097942efd3191
DiT,1200,341,gene_342,8a548948e6f6684fa12bf2e913612f1537546459d75f45c06ba2679fb84d14f7
DiT,1200,342,gene_343,a4cc89637349690f0f309dfa030e9e1fd78261f36f4a10b9883f025f7968a6d2
DiT,1200,343,gene_344,55598459f7a2f197a55fc44f3ab9972e06a2846be6ec93f70f6b7b3156184e71
DiT,1200,344,gene_345,07cf01b2388cd6df5cb448184ca58a820adc7819deafb193d82e1aabbb5da6ff
DiT,1200,345,gene_346,d7cddf6a6d9b44938b3841f80f9e418447f3a36e6bc89b5b27a5ac6691691139
DiT,1200,346,gene_347,7502dfca9d262db3ea5d0b3b629b1b3d1d567c616511838742c7ae3205174874
DiT,1200,347,gene_348,6c75a230f004cbc82a8dab02c56a696e2f0807b69da846e03570f8ac7b149b29
DiT,1200,348,gene_349,f8615ebdf8780ef4ecd18d9a4ac49be49bfa06980d0ee330e8544fc36ce564bb
DiT,1200,349,gene_350,0c4f5bdeb33c7e805b8f0ed6cd92715b0dbd07e573149acb65b42eacdc089aae
DiT,1200,350,gene_351,c6deeb25f0b583209d9413ba4610c5e23f97239b4336f48878efd238dc81072c
DiT,1200,351,gene_352,00a6fc684698ad7cb57de867eac86ec1ea1723cd8e42ac96be8a7257fc41e754
DiT,1200,352,gene_353,a2007802d5b26fe5f3c7b439330e6f9469a053723f7e07f4a4597f5869f3ffb2
DiT,1200,353,gene_354,5419d37f713b11a54a3e5f580e038f69f888fe7bd9d0c9f12dd87602a6db7962
DiT,1200,354,gene_355,7da424a8518bd2dcb3554b8e094799276d4ca9fa4358499387b4b07e9117e03d
DiT,1200,355,gene_356,971a6a4fbe6115f6c2c9e34adf855ce0c2e60971011f1c999556a24adcfcfa7e
DiT,1200,356,gene_357,22a5e61b4f819837d84812738b52c00f418f61a471f9deb02ca4ccc7c53667e0
DiT,1200,357,gene_358,d7cf52a66cb738661d3ea0f95f6a788ed3babe104ec7aea24e4cc96d99dc3119
DiT,1200,358,gene_359,f12363c76c25586cac8602506a08789c29c07c4ebe24ffaaf19632af29743856
DiT,1200,359,gene_360,9f852c43bb2b9515df275d94bf2b689d517c7646219de2c06af5b31abbcc41b3
DiT,1200,360,gene_361,ee64bd841c4693eee51c26f4d41a1c2eb2c260bc834b590d45cded86de25d098
DiT,1200,361,gene_362,dd53b6d14b7b4a30d8331722080ac6b2d3913dc254987d3885b4b418947b2ee4
DiT,1200,362,gene_363,68b056f9d8733f3cd4a87554049bcf57c35df96738c68f705d91b4ceeb14d78f
DiT,1200,363,gene_364,5c7343886a491a59fd94a0a1affebff5050a3012cad0c5ae7fb4e347ef3a8de5
DiT,1200,364,gene_365,b94a53eae3d46c51b5968e53308724f94f15e31dc0fb2e2fa7e76bac0dfa8c3d
DiT,1200,365,gene_366,f18c6148276650d5e77ab2d2342c11e8e384fca398b18abc3c9515881eeddfc8
DiT,1200,366,gene_367,f517ad09def09dbab1b20310d35b3f2af590c8ef381f84661686ea307b041f89
DiT,1200,367,gene_368,c7840605774d0dfa239a7b55f71ad282b588a481dd38dd61ef87ebb194430037
DiT,1200,368,gene_369,55e2b24a6edcf095b6f04f0d140c239fe4c8bb54ff82ebe78480e947cc90cedc
DiT,1200,369,gene_370,f12416d02339b09b557e5e5a70a45c6c9f4ea91790d06b7e137a7cf5a6b71161
DiT,1200,370,gene_371,25b30d2e67a3ae92c61ec7de49e7e524656546091383dad5eec1e2ce844a169a
DiT,1200,371,gene_372,9b649465deeb9a694d2c4b0f7b61e8b05e0052605c9bf4e934dc00c64e881237
DiT,1200,372,gene_373,b7df486f792143bc6dbf691651717e6a706fa3dd7c4412624af2723f33cdc948
DiT,1200,373,gene_374,d2c430c200716ee851ba89fecbce6017ebf8c9872e754ceedcbe5d992ac252a6
DiT,1200,374,gene_375,859598eaab17a9d9d71ee21a08c78a3a1bdbbd25dfed8cc14511a2b69fb8c771
DiT,1200,375,gene_376,a3f9f82ce38562e199004e41f4cea349879abab8142ffda262ca15ac8580dad8
DiT,1200,376,gene_377,f66e42c20273d10dbdcf02b6305ae16e2bfeddf15e308d72c8248d69e881f949
DiT,1200,377,gene_378,ca962469a02fdcafee241332487ac4738e9b2ce049cdd081b289519d4add47f1
DiT,1200,378,gene_379,eaefcb21636e7edd46027e2da23a6e233a9863ba77bfa9a3fe9a75da56557114
DiT,1200,379,gene_380,a42067415101a378a3f4df6051dc89534942ddd493376c5225719b911376d987
DiT,1200,380,gene_381,becbed5a4b2dd03545ea9575997f9b0d8067fda299f450ee072b54aeb8877874
DiT,1200,381,gene_382,f859cab7579c31f963d83e8674a88bb45174e37cbd36439dafadc91c25eac28e
DiT,1200,382,gene_383,3500d3ce9e756e8a10e1337704136389ca2ce2b1a81d3e854f680689d0e33e11
DiT,1200,383,gene_384,bbc15efc7202e3181ca17ba093acf5c885902bc19a2752b19e18c0bad1a7fd08
DiT,1200,384,gene_385,9c1a53d931811e1359fb03c2f00d007b5adcdc98daf6dfad1719b41f8aa03f97
DiT,1200,385,gene_386,b1dc9ef91132ae7a8ad0515a2d0c3bfc9c54ae209f329c73347edb2d002549bf
DiT,1200,386,gene_387,aaa60565d41ca2768f71ff8aacf5bf3375a0816039b4e5e0ebfc49a17706c613
DiT,1200,387,gene_388,c0ca42316b715cedcfd275f18ad3873995416ac4abe1668129438cc64ab3dc8d
DiT,1200,388,gene_389,6b8e654285dd08e26dfad5b94ecc2b988524f9300e35357ef6512124d21262f1
DiT,1200,389,gene_390,1ed34e1955edd66eb14cfd154c9cf213723caa83c0ab65bacaa765964f8090d4
DiT,1200,390,gene_391,10b851d6fbd1c1eee3d914c3ed137d409d319f12faebd5e96a03f04da0380ebc
DiT,1200,391,gene_392,1a91e737070b1cb5e5b70e029319f332697a919285f8cc254b2436d03aa289e2
DiT,1200,392,gene_393,656215ae835bbca8b6de8699138b245f0e14701d7b238b3446ee531da00c7544
DiT,1200,393,gene_394,82fd45825ab3fe5bbdec335c339c10c0321b560e00a7555729aec3e09e31c32f
DiT,1200,394,gene_395,d845ff7aae370a0b29b323ca58d62dd9a2c119457c8dcc56041b7fd9a7d32a59
DiT,1200,395,gene_396,501fd0fec62390a3073930ae30bcbcf9ebfa8c9a676d5a430887cb0f2a43175d
DiT,1200,396,gene_397,dd2cfdb8e9e7da0bd35ef0c33a1d5ec62baac10513dfc8f7718b19b28edadfeb
DiT,1200,397,gene_398,3a511a2837caf1e60a28b233a880da43b68fffca922e61cccb0b34c91147a83f
DiT,1200,398,gene_399,210ac27e5aa24dbafae474876bdb1b55b45d9a9f46305da1f000f6a28d5a295c
DiT,1200,399,gene_400,1e6fc6e8ba68faf2834861b8219677046abb9a89395097fc41e9b3447c46a387
DiT,1200,400,gene_401,43123901da9779ad9bd90cd8b99efd4e1e67ab7e6cc5e5f779a651892e87613d
DiT,1200,401,gene_402,8eca3e620e0e2d420615ecd884b0384738c7e3875afe7b8a60714e52c581ddcb
DiT,1200,402,gene_403,10e8da4c2836236c03fdf612e7f717ef8952cf19bc3b15d0552e9e01e928f986
DiT,1200,403,gene_404,d0ac4c9d2698dc912c2bbf474ea177857cba97e0d04f9bdd9a350a1cbc6c115d
DiT,1200,404,gene_405,fad226448f3a9eb7f68d54fa5ea11c39345aac40520a911571216765494160cd
DiT,1200,405,gene_406,cb71f4d3831fbcc910a121550fd64237d4f5b6b9ccd00d314520db31790e28df
DiT,1200,406,gene_407,014f915f9e837fe964c674a76f1d3057e876b665d99826ce8fff21dc39a83fa0
DiT,1200,407,gene_408,b7ebf4022ab55cb8c69e9d961830f9d344e41aa07af427b1a5f48789b45cd248
DiT,1200,408,gene_409,a80b9184d072f9e7da8aff531a6d910c2dd1dce8b30807466758c8d6563a7dee
DiT,1200,409,gene_410,062a91cebdcaa2246b6b9afe0bb8a7c7fbca606992335142be34f4f8dfeba1cc
DiT,1200,410,gene_411,e8dd9e08c847349bed84130be9495395fd6427f742586cca2bfb8b06951acc48
DiT,1200,411,gene_412,8756afd0cd007a1adf818e60bf3ee5c50d5b6c916b6bed3f298a39362d5e3f44
DiT,1200,412,gene_413,313f32883dc1ed02738cd4d629305b07e1f132027ded30c1494b57b129a588dc
DiT,1200,413,gene_414,f243d320b39a51a4d179eb7d371a609cddf79707ae9e5d86f77aabbd257aa3b5
DiT,1200,414,gene_415,fb3f36dbcd344997aca5703278e9abdd1294cca9ef297c366699dfce9eb6d4c5
DiT,1200,415,gene_416,87bd7e578c1b43776d14ff2ae7fc72756dc68ae2cff554e27e219689a31a9af6
DiT,1200,416,gene_417,cf825732a60f2e1c405e892bd3669fe60659306f0f423bf0e928f6106fbe334d
DiT,1200,417,gene_418,12005d697fa66aea5cb3678dc906bf79aef79bf326683c0801e9fcfda338cf7f
DiT,1200,418,gene_419,d891a5049c16e2e67cf75e7e9b7c81b6e1dbd6430d44d0549cd2339b802c3a6c
DiT,1200,419,gene_420,71cd6893f555d3111d0dc3d9ad8f0838bddb65f7de0e9495b00e149745e733a2
DiT,1200,420,gene_421,173abcb29ba3b52593999c2e10d63b660a0a7d3e34d7edb202467cae12c6cfc8
DiT,1200,421,gene_422,0e0eda190fa34bf66997d02530c49bcc4f3f2f1087900cfa62ea368edcc959ef
DiT,1200,422,gene_423,fd6b01f43654d9fae9a993ea74cb55f6f39707d96908fa8040dff0f7ea3e232e
DiT,1200,423,gene_424,3d9cc47e0f2d50a93ed8a983a551130291b1937e920105d7324732fe2af9488c
DiT,1200,424,gene_425,d98aa5ec69b4672e5e7d2a71cba4bde3fe2d02b10483c52640a89b9cb3d2094f
DiT,1200,425,gene_426,1a2323b7be1b9174d6b4f12235f7f855bbd2b65f843509556fab9c788e250c13
DiT,1200,426,gene_427,66cdae9a7bc5099488dfb2f45c14d9a0d84850fd810585a2964778417776bfcf
DiT,1200,427,gene_428,3f49ccc357baee5f9dd78b40d302c280d331339eaafe194b1008f6d26f389180
DiT,1200,428,gene_429,e2400cdc5cd8c2e549c50f780c75d59acd608804c71db2459a20e030cb673f3e
DiT,1200,429,gene_430,d70922ec93a739d12bd482a51637091988cbf7e3bbfd8b22a04550124d0c64ab
DiT,1200,430,gene_431,664838b4b8ff43e12a32a6cdac08216ca530b46f15863fadabe670983a07d261
DiT,1200,431,gene_432,88d7fb4fe23db9700f34543fc2c672ce19df06474abb8e2d20e205336252424f
DiT,1200,432,gene_433,98a942117ff0bb9aedaf6ef98dcfebc23540671fae2455ed7e9d1abd8f48e442
DiT,1200,433,gene_434,dbba0b4c09f32cdaabfb9c4cdbc47bb64811f0dc34a70eb5d4c7b6e5be47120b
DiT,1200,434,gene_435,813a81d0d6d6b062b5e55f78a8c56b8e6a81f26136cdb5adeab5aa149b35f1e8
DiT,1200,435,gene_436,e3dabe26fbabe08a25867065c4c7745be4c6a6856b6fa7822f6cb6a7ad908d77
DiT,1200,436,gene_437,8af04a1f223ebe2012a15af89eaa82b618e8ab2677d86db0f82770775e441c4b
DiT,1200,437,gene_438,65159bd2fa48cf1f424631daa1a14fe7297660ba01afec3df51f8cae8e7cb950
DiT,1200,438,gene_439,ba6620238bd27eda5f2ccd6f7fc2be04161e42f5139e7095a5f771e807aff714
DiT,1200,439,gene_440,b38740b492747e70d26920f042a69e4e391604e998d29fb17a0f32259d98b7df
DiT,1200,440,gene_441,18d68c6d036b581e4fb8b8f1a5c4ddad6ed6617987b416927560413eba3db83d
DiT,1200,441,gene_442,1da34d193d838096f88d0a5f2d14512f8dbf008a574b9fd292c1a89e9b1b4c26
DiT,1200,442,gene_443,59212bb69eb71e971e0e350435e030914af5fef0077a98fee0ac53b977ec0fc6
DiT,1200,443,gene_444,bca35aeb701285a19bb7b832ee4da57c0995303409f2569549c12e458c29599c
DiT,1200,444,gene_445,16f05a7d333e272ed7a59a806cb42642cd204a45e8486bf96d8fb359596b64d5
DiT,1200,445,gene_446,b53cbfdf4bc76e33eaf031afab68d547bfb5e2058b908944100eceb2d1156322
DiT,1200,446,gene_447,d2ea02b867d9ecbe89a6c02ded066654d5916033b2503e1a2920d39df5a25f68
DiT,1200,447,gene_448,4a0d93140053c93b1411b895879c9f50bd0d555317edcc19aa171a837c6f7fcd
DiT,1200,448,gene_449,b5387c09b54b1015aabc03e8451d7a23110167eefb273ca31e4e447a2b4dd32d
DiT,1200,449,gene_450,2f341c901bf5a2dc9b7b4063c8b89bacb5a87551735d26f97e2c145977578f60
DiT,1200,450,gene_451,0f5c73b3657738ca919f414c3aeb578d33ecfe156209acf51d588959663d3018
DiT,1200,451,gene_452,2f7d2359f85a7c1b23b832be708a1fd657c5b8bac3c67759d0d6bed4512a16d6
DiT,1200,452,gene_453,c6e3383afd86cbe227e9e7541c93008bce317fa5d879695f7433c1763367cfd2
DiT,1200,453,gene_454,eed6d2629f18eeaee53bfddaccb349f03432d66f7775cb8b8d1787c88eb69ad2
DiT,1200,454,gene_455,09732ae53347113c1fcb23564617b7d266e06a421f4ccd4e12b8eb3189d7575d
DiT,1200,455,gene_456,4647173239fce39b9bc4bddf152e69151dfaba2514300a31f6d4d01ce60a3e12
DiT,1200,456,gene_457,7a70892fa48d81a3756061f1cd287ef4fb18cd5e3ec8ffbe7fed74dc8a241a16
DiT,1200,457,gene_458,a6c6ee601d621552f701edec54d6f9682f55c5fc9ee0becc7aff1ff1dd04109b
DiT,1200,458,gene_459,f6671f72209cacd248d1cb26fee571c77db6c656ca929c37c2e26847997cbf4f
DiT,1200,459,gene_460,8a09b8abc1ebf587e6f2ab64181a209cabc6e77eacc23dfb7cbc2d038272eba4
DiT,1200,460,gene_461,3719ea458c96aed843cd8ee5c91db7bc3b180b23e259effb23cf41e054b4a640
DiT,1200,461,gene_462,432ee07cd7668a0f3732e52ffe0416468d834de3ac54f3706824de8a28a6b159
DiT,1200,462,gene_463,4527a0b5022fd7a0c71810deb3fddd8cac0173057b2c122b063a649c2a12045d
DiT,1200,463,gene_464,7a61b1d63d3a079e36c072cc8a22ec0271e43193d6cc885a83c27ac19bbd0a3d
DiT,1200,464,gene_465,aeec9f4d823b65db6503e15c4386b3914210983a1c2443adabf88d0e8ab3e416
DiT,1200,465,gene_466,a5cd0cafb112177c6230febf6d0ec18f6fbbfeff5895a92d233f8d06e0a4e181
DiT,1200,466,gene_467,9f50f6856f3efc90ae971054a67e8fec90af3ebb1446afdf137a46646505152c
DiT,1200,467,gene_468,9c3e3d83c7360527c4bfd16b8f496a80f6107a6edd91931cfb322986cdebcb64
DiT,1200,468,gene_469,61ee05ef68bb5e1ff252287a084215987cd8264ac78ea62fb2461f9fbb2e82a0
DiT,1200,469,gene_470,6a3a4941f7b03f8485f043a3388217cde625047f0c1f09335896f9bf7d0d2911
DiT,1200,470,gene_471,82425213d6f03ba784e5ce806b0c7de9d0ec88f43ea35fdddb6b426b82ad71c0
DiT,1200,471,gene_472,f97a8ba2a024e5cfe14230e62270cea285e557b44f7b76f6e96b91f0df9a83a1
DiT,1200,472,gene_473,9195067b47f4d8bf47e452467a0291c111696fda212947513f8da3856ca638b8
DiT,1200,473,gene_474,db58d9e8961e56d0091d8d8b2e0da28d6bcf11c2e6ada15bb5ac58204b2e7add
DiT,1200,474,gene_475,6d284c5847cff84312843e9dc3155e0c273317b9c8fc066b1b669641d9e264fb
DiT,1200,475,gene_476,5dae0204f0a623c57436acc99da5a4a0af59f19cb878925000e7df0af4107a05
DiT,1200,476,gene_477,715e6d53c8f625c5e73e8c05117dd494dfb624b990eb1d23b837c72581be60e2
DiT,1200,477,gene_478,2814f4307a5ab9e1331d6824eb9380c6efa5b29df74203d77fdb5cc024039e33
DiT,1200,478,gene_479,362d69a2a7b1968dfd49d29466391b3599d294316a88b7e5a009987a86af981b
DiT,1200,479,gene_480,96d470008d9cc5488a2b80b0f6c0f687e806dc741b4bf830c14145ee2c2e997e
DiT,1200,480,gene_481,13d5dd2e222bdb87c11639a7247e00a6f9409db3b3b5706fb6d437a35a72f355
DiT,1200,481,gene_482,5b0bbc3381feab9e1874b845fb96c32d616167efeb0b2b7911d3b746db6109ac
DiT,1200,482,gene_483,cde10e1215fae4a08fedc5ad7aedc5bce267f40395a54b88f357d49b6c65c36f
DiT,1200,483,gene_484,c571740d3c6b1e7a452f8bc80886f261689cfa3a8fde5f6401160374f47a2a77
DiT,1200,484,gene_485,16389fddb5c59bb392033b7a79b4115b279965ed8685143a39c9fde182a47b87
DiT,1200,485,gene_486,c7857ace1db94a543adebd5cda7ec8478b3de111558424cbb9560794ac286f50
DiT,1200,486,gene_487,21aa969cfbb0a3aa0698b134153460386dadc0744108ea05bcc37c0a03686a79
DiT,1200,487,gene_488,a81b5b743b522e008e1cd754d269de83878ed0ddcaa54b22cc7872b80510bd54
DiT,1200,488,gene_489,62e9881e57f804d91528d4e5e5f0f07c1a145738e1efbd2592ef259c678fe7ed
DiT,1200,489,gene_490,2e2b228ff55203f355d726399713fadd65ad2826924e7b15ca75e735e98a22cf
DiT,1200,490,gene_491,c3c74dc4364300deb5da9b61092a231c193e335db21a9db5109f14600089a5d2
DiT,1200,491,gene_492,505809f0944a4a8081660b5378b111e9eccadb2a9034d81552fe355dfaa7a98b
DiT,1200,492,gene_493,06e4375f9d5ee6a61ccbf72f4ef21a0db686072b1c087ec8de45b985c50ee6b1
DiT,1200,493,gene_494,70482e4c5fb138a50ae33e248c07c75e0afeeb57708f968e867c3a072c901b46
DiT,1200,494,gene_495,c2c70a05ea124aed537b3462967e567a8288419151b355ec358cc113fab87250
DiT,1200,495,gene_496,c6c709135fbc0176d36a2cf0d6af5fb07bc4ae53ec872dd6bbda73cfa31b2de4
DiT,1200,496,gene_497,8bd975cd4271345fe87587af498cf9390288368c635f5157467e30348c8b298d
DiT,1200,497,gene_498,91a97f8341fbf2a0b1b4e86ad5d11f88345fc6f9dc334ff51fe723166e4ba7ea
DiT,1200,498,gene_499,477b9ac747b30b3ad683ae63defa50e098516fc194404a655a08993902220250
DiT,1200,499,gene_500,3daea1d0f65b8a7fc4224cd5e0e9beece5d2c49cd33247ea342a696814723b28
DiT,1200,500,gene_501,708f34b85992275ba78ad09c07c1458e251347f60bc9162eef17001a5990a635
DiT,1200,501,gene_502,40e07930ee63bc99185101b6245c192e039fdcd0ccd54b19f6e3c1931c23fb64
DiT,1200,502,gene_503,9c689ded8d2942983446e9522bca20d8456edd52d77af9f5f5591a3280fc43e7
DiT,1200,503,gene_504,7fa5dee687237e7afc76cf7c7a13674d13e3f2a3a9b3f76931fb0d06e9c23b1c
DiT,1200,504,gene_505,933c8fbafdf0837e5f19dcb72bf51cfddfd5c9ed291a50b0fcb8861ba6ea68e5
DiT,1200,505,gene_506,0e00a6f29d181972f4053df40f4eda9fbb790d9e625cc6b567cde1f75092be10
DiT,1200,506,gene_507,d104593ec3f8319fb40d1f46545dde936738d6c8f0408383616ece0e164c3f50
DiT,1200,507,gene_508,14077d9a2d6837f87db62074262bc9f4f4c4525c1ecfa12f4476eba59c03fdfc
DiT,1200,508,gene_509,5daf3ea349ac2c0cc832a56038e5a65744e1311a8bd380398da446c8630b3a67
DiT,1200,509,gene_510,18b069eccbfda25f330319159d19b21e3cb3847b1ec98c4195bee8c5ffc5841e
DiT,1200,510,gene_511,da193a5c52b2b2a2f1f4c1922f9a370aff4814b50dd4d99867fd4638d3daaf27
DiT,1200,511,gene_512,315cce563a599ab690e4c85633dd9e170cf6fc7e68ba520f53adbce8138ad419
DiT,1200,512,gene_513,64c3f9fabe0b4388af141cb89566e6148c295ab6feafeb35c932f0a1b4f95607
DiT,1200,513,gene_514,c63616947df852daeaf3309f8cc36279ee6013f3a52e798787120b6239d68aa8
DiT,1200,514,gene_515,09135acfe8ecff11d23567495a9cf2fb23c26557366a8527bf8e926f61a85eaa
DiT,1200,515,gene_516,2563da1b7e650d194e5fe3ca4d80607646c15b9f9f2dad0ef3781fce8383872f
DiT,1200,516,gene_517,6569ce86042fcb7fe2b5b6be35b56234666602ffc90cf40644f283c2ff134341
DiT,1200,517,gene_518,1c8ee1ef5fea87358ec091b637dfb3fb0092d6a4ba22e3472f75e095283834a9
DiT,1200,518,gene_519,52544b4babb7055ac26a339e8d92277e4bb8357c84508eed911def521b6bff4d
DiT,1200,519,gene_520,0812b0688decce3c300d8aa94e262b5eca22eede0cef630c9354ba55525065f9
DiT,1200,520,gene_521,4a28ddcb105f3f6bfd93053370df20779b53fb44238a5b657a92dbb14b2ccd7a
DiT,1200,521,gene_522,82516d52fe093a0eaad28ad5911855c4acd90170a6e5c71a04963c3ea02ccc5e
DiT,1200,522,gene_523,136e99cc6ad34ddcb205431424dadfc6808a6c93717810ceac8e03eccb4efea8
DiT,1200,523,gene_524,a3bf1a5b50f19e50f7348600d331864f6ec68d04440bb9d0acde804910061194
DiT,1200,524,gene_525,02998894499a7ec4ae0035ad6642569b398f14e44b0964653cd4296049216f33
DiT,1200,525,gene_526,1d0bc0e38b73f5dfdeaf69d5e67306bc113e3a16ea8d5cdf22edc551dbf4b70f
DiT,1200,526,gene_527,ddadecc612c270fa4d1fd160fc1e8dffdf9cfc045feebc0a5629c339faa97721
DiT,1200,527,gene_528,eb458ec631a3eed2284907b285aac56a47691aa1843700be1e7c71519fa8b76f
DiT,1200,528,gene_529,0dd65950e973a7ed39d41dae106e11425bc26c781c42e08298bd25e2cd8d37e4
DiT,1200,529,gene_530,67bd2ff5b8c7175286a174b27ad9a2ab9ffe958e6ebd837956266c9d9db2ab76
DiT,1200,530,gene_531,380befebe4c2b9d1eaf479586d2edda116baf135a099e3b747c036632d1b869c
DiT,1200,531,gene_532,9ef113cb3fd3d87c29910729817384b6af6d9ce81ec403cd9c120469fc577838
DiT,1200,532,gene_533,3e05ff9488e88e0387a1a0bc64326208bf43e60a2d23b63742dabe3780fcb1a1
DiT,1200,533,gene_534,1a9f8cdd2eea916d681b463a9cfd0f59d3e50e983525b4a1c07326aa8b1f50af
DiT,1200,534,gene_535,4d29a3f121b923676148ba2ba0bab8e7a86aeec4909b78d687090a0faa79e0cb
DiT,1200,535,gene_536,a6ea05adc51f636410c300579cfd165d5314282ef36b5b56eaa3d587c96068c9
DiT,1200,536,gene_537,8e1bc19c5fcd493678e6918613b6e7fdecc3c5199bce870df9b503aeec4d8292
DiT,1200,537,gene_538,4fbfaf9e9a0796c663b42724d8f134510cda2bb1be54fe27a677496730647bbe
DiT,1200,538,gene_539,2b49774d3342cb7cd2bc47be7d38af7f9f943e1bf8933072f1578e44e9760e22
DiT,1200,539,gene_540,66b70b31653d1f2e1632b1e1ab9ee34ce2f0aff01ea4755848e5f4bb9d5296ef
DiT,1200,540,gene_541,e01ac188179bd9030915465c90a34e371dc3fd84741460f999d26a21f385faa7
DiT,1200,541,gene_542,95c3a98e6947184a4e7de429c867f880150b54f255280697341a5c7207b906c7
DiT,1200,542,gene_543,9f485644323908e64d4df720a2804a06537df02a588dae10e741c5059b6b5549
DiT,1200,543,gene_544,b1795eab18acf00486014cd572ed079a73af503a95ce5e9982dda80dde429ac5
DiT,1200,544,gene_545,474d77e335e0ca08af2bb7a6939a8f9f0f56285a8ea62201881699e74d56c244
DiT,1200,545,gene_546,db74b5bf2f8e758767435f6d599887085199694bf6cc7ccc1186ca661bd96d80
DiT,1200,546,gene_547,af9eaf9da7dec547c0aacae69553b122080bb043d79f492419a2cccb5f50d080
DiT,1200,547,gene_548,66dc17047714a76f4207619367c7de96cf0910bfd5435700ebe11838cc4ecdcc
DiT,1200,548,gene_549,89854ff387f2b4c524f46f2e50a7a27a068bc02187e8d42d63ac8b27706c6ae6
DiT,1200,549,gene_550,80c5b1640e6ddb161861c7b8af7a357e40da58c3e812fb99f2b4c162cbe1f627
DiT,1200,550,gene_551,6ccd738bb8a80e5fca433c76622cd6d17512d33059d55b22a4107d48a7e43b05
DiT,1200,551,gene_552,b87bbf9bec26241663f48aaf92d713fe4579181a210ff3c7acb9d42318e98e15
DiT,1200,552,gene_553,d0c1c5f5363bcbf01ee20ef08f7005c1876fbc9973fc9f4f8e8a70f8388369a7
DiT,1200,553,gene_554,a4d90eb10e1142d4d3a0986d38eb07fa18af0c0e272139b1acde6282cecbd793
DiT,1200,554,gene_555,26816fbbbdc7140b9e54b2fc8d393d20d20c470cc2a9f4c4222503cb9fe76c5b
DiT,1200,555,gene_556,252df14629d3cb72051e787d3d57d55ae8551227a1ab6e0101e7ca1224efd6b1
DiT,1200,556,gene_557,eb0e8dfadcbce6a149d958b7d30c63b259407c9ed75e81153eba7de420a49167
DiT,1200,557,gene_558,ca76652f956148277993d13bacff1b36f3930769907ed99742ed673ca595ee21
DiT,1200,558,gene_559,acf6a8700db53959a164759bdba62adf0182aec6475406acac15b8acdd3f00ca
DiT,1200,559,gene_560,39dd62f26670e7028743c8eb4ac425314b927860f71696e89279ba4029c4cf06
DiT,1200,560,gene_561,b499824a90ddd15b8a8eb7b0edeca8113647ac6dfbbfcd89db9158c3a36ab02a
DiT,1200,561,gene_562,1356df37b963c77cc55bd0869fdcb0e927e2dfb9666f7480a709593f24521651
DiT,1200,562,gene_563,3dfe8d16812b3d6208b8b7995b715385a961118d5560b589aa3916236c5536f5
DiT,1200,563,gene_564,9ea2093e2ae21bcbd58b1c99fe4f11d082a0fa0c5aded40cea0c7c815cbd22d4
DiT,1200,564,gene_565,0572a2386902be033b4c1970f8b7407f6d2d684a87b94a6d28cddb4a206e25d8
DiT,1200,565,gene_566,3f0f5ea76f273ffabbbb843f7082c3a6d93ee40e1006fa737c7b297a315ada66
DiT,1200,566,gene_567,52b321d4b2f2979d5fd9dcb87cd77ffae1c52b0c51de05c291595f0508e57378
DiT,1200,567,gene_568,f8eba0b95f22826759aa0b0553238b93a60747f9643ffd903934cb1c6e9c97b6
DiT,1200,568,gene_569,a99d1bf5b789f1bc408a36c4cf1defa3f0e478d2c0f0d7f78b5d05fd66dbe197
DiT,1200,569,gene_570,9a30d871c91e69e316645c09bada4ae987cc4e5f27b3983b4b9e28325d2e6089
DiT,1200,570,gene_571,022852590f8089cb0bebccc500381b6e4f65c0bebad03de543514d41bfe5794d
DiT,1200,571,gene_572,2bb90202a6dd68a7353c550a290616b34fc367bb1293ae213c98d7e125170b2d
DiT,1200,572,gene_573,2603d699cab314053f62429febb2f56def69421a2ac03ac44421276e4edbe47b
DiT,1200,573,gene_574,678fffbeb8e3c4f47a4881dd27480a5635825fdaa25d680c26c20aef5a9ee362
DiT,1200,574,gene_575,f48165711ff7bd37de5f178903d6a2ff5f51ebb78e5d42765500dd436fba9ea7
DiT,1200,575,gene_576,44eb5cab8b0289f2a80e19bf1103fdab5b9eda8641d0997f1d4c07e3f0567de7
DiT,1200,576,gene_577,a805cc98a9c944687dc5d847d3fabe19da573f212be4d6b370ead36b8d68522b
DiT,1200,577,gene_578,f8fa3175911cbc0b13ba9225e9d81a532960b3b67d4b8be4c0c780cf5e18097a
DiT,1200,578,gene_579,47515de490d440138d04b5e976652f59e5e5358cb4ea582598a74f78f5257194
DiT,1200,579,gene_580,2100b10f3923e428c3b3c3558f4c51f6632177710a949dfa2c85d0389e0f613c
DiT,1200,580,gene_581,e845c49131fee44bf991734b4c0d4ce8b355525724ab7e1c83114ecc27711ae6
DiT,1200,581,gene_582,1602cd57a56812a1b21d9441238e7355643ada8a389ad4beba033167998312e6
DiT,1200,582,gene_583,24fef34026c36a06672a671e6178593b03ad0b6a92ecfb6da4f67910eaa71cab
DiT,1200,583,gene_584,9f46f6000b7f8a4cc63b902a7b983803dde87c801546434e48f18934b008d2ad
DiT,1200,584,gene_585,ccef252c971fbb5812b380d8926fb0041f4670322d725ac1f1e7acd09a356913
DiT,1200,585,gene_586,1f3f6572bf64dc1a3dc64df3a9ba198e909e6334587d8b2705bd1106ee6372ce
DiT,1200,586,gene_587,69bfa7caf363dd4fbd3d6b21d7c9caec837560382e0655a10b22e9c7e6a9af59
DiT,1200,587,gene_588,c4be0124e238d1bb9197d97c3eb087d276f7b28c9789f2a100d1e1fa738de347
DiT,1200,588,gene_589,af664b58f5e57816e94fa4d1e754088377cb2d8c5f475046d7cd729ba3d42ccd
DiT,1200,589,gene_590,422daa00d36bc73641f3f5a1ea9256f47af67569bd22af894245894f7f93edbd
DiT,1200,590,gene_591,d0d423d114d841815e372b6772b2e7f456425bc6dd756c433f2d606762883657
DiT,1200,591,gene_592,fdf771bd11a56aec178cea60eb6b3ff7698fdbadba6bf210d8ee8da1dab6ac59
DiT,1200,592,gene_593,ee6de147237d1623214cca37f6639269db7705df88bb90a0b20797b96e982e07
DiT,1200,593,gene_594,dc2d141eea0681004db849c4a5bcf9411cc321ca4676d7fa0e60a56066461177
DiT,1200,594,gene_595,ed3ec3c49b2ee0858c2a02cd2e30b0c52ab471db74883d09026e37e0e6febb4b
DiT,1200,595,gene_596,0f73fd0f8a27042bb13d437728a9852d967dab4873d480ca7309471c3fb745b0
DiT,1200,596,gene_597,edc47ef6e4abe4e740f146def136a91a5b3618fe7adc4d49e27f5bf05ad0cd9f
DiT,1200,597,gene_598,eff5698bf80fc32282eafc768c0019c94bba9857b227c37f4da5fc95a264d849
DiT,1200,598,gene_599,a9433d7e1a29180dd1c045e43a099f1466e66ec42ab3032aa386f1121225aa0e
DiT,1200,599,gene_600,df8e803c411b249bb3f1e35499994a470ddf09cfcca5c4bd5a9d536e0d5cadc5
DiT,1200,600,gene_601,dc7906559d73ac5a9f15893967b8ea13867127f1cdff2886c324274d73e4865c
DiT,1200,601,gene_602,3210663d1991117bfb6084b64e3108b2c9b89960a4d3cec980f8f060ae69fc75
DiT,1200,602,gene_603,9d45c9ab6454d452511b37348c95dad7c3516248249fded87fae969dea7fc7ad
DiT,1200,603,gene_604,74982ff568b3ef80378382af0910008075987f17a38241a4ec91421b9dff26f5
DiT,1200,604,gene_605,74d1dc456d9ace65d147c00518ccbabad721f2103cff1f2feae7ae62fd148dd0
DiT,1200,605,gene_606,d4fe7403f41a5a3f40c6ce7ee715f6f1763bcaa2a0d7586afaf42259f96d2fb7
DiT,1200,606,gene_607,d7e740c4116ef1d66dd99ac613fd43158afbd2237fd0a31d3b4cb0dbea475bfe
DiT,1200,607,gene_608,e7265bb4703fbc084e9f478e3dd3c29503804130018fb04d4c6788f834eb23ca
DiT,1200,608,gene_609,878b980eedc870dad7986a43b84c26db5887912c54f5d40aef479401d92e8dec
DiT,1200,609,gene_610,a07dd88ed2dcd90abd8d49a2c6a5e367be3478aefea9428dcd50d5224b2ea39b
DiT,1200,610,gene_611,c6842cb2365ba79bd912b4a7c4a0f519b35541a851216f93adf6869733be7178
DiT,1200,611,gene_612,b3b0c916b4027f10964b3c942b9cfa360cbe5073c0f47bcc91f147ff5f3b64bb
DiT,1200,612,gene_613,8cd697ab8f6db17358d54bc141fd6205d4f5a47cd35b15d500d2707285d7b579
DiT,1200,613,gene_614,3668fff77287875cedb87e67e00935ff733e730212ce6a36ef39404cd5ada7a5
DiT,1200,614,gene_615,dfd5295dfaae6217885bceb2d74ca2b8d9843e164c28e47072b01c886232d002
DiT,1200,615,gene_616,3ea5ddf761880aeab5ce82891cb38245427e78f85c08a1dd174391b876029fd4
DiT,1200,616,gene_617,128291b9b27f08fe80d2c2ed392fe84c1147f9715c690ef68ead2840d276fc2c
DiT,1200,617,gene_618,11d73219d6d295787ed96c8210b0482b8a0523386d6e05f810e3d620da4ba7f7
DiT,1200,618,gene_619,b508873b2a7992fd067ece95de8989bdec546e9cb138139f251db5c15286b4fb
DiT,1200,619,gene_620,65ec222f73d841f56cb65f2bba49e5b229d018153a629d97740a5f376d72280d
DiT,1200,620,gene_621,9d3fc6182317e59b6d2c612ede66559da2fda600889192271aa5a747a2e00a44
DiT,1200,621,gene_622,5da37fa20aa5b6428cfe36a537703328c49ce229e2ba0d7b3f978203935b041b
DiT,1200,622,gene_623,4e4ab868c46e12f4f34b8794db7d995e5a7e4172442cc90c2cb11702861deff1
DiT,1200,623,gene_624,aeae162e3f4027a7a4dc855bf31d54b5f67c21174a8c5b0a1d56db4923a972b9
DiT,1200,624,gene_625,e39a6b4b307f0f715bad8062bc572b0906cf182b77559133ad7d06c82d4d2040
DiT,1200,625,gene_626,f83c3974d795eede8984f2cce58bfdbaab66df31df0246bcda7adb0dd5d7934f
DiT,1200,626,gene_627,d165dc8022d876a36f7eb7d263df4f5ce541289788da063aa655a022f8b4d7a7
DiT,1200,627,gene_628,c784d21abf0d7b709d7a54638b7145f222ab12defbc15e92c645b911edaf8783
DiT,1200,628,gene_629,c205b01c6581441f78c04305b19a12eedba3c823a1e2ad421f8507ff0f76f0c3
DiT,1200,629,gene_630,f273f4a6636555b41cac50f9b32b6f4bdf26adf9f20bec94b376ac028d39c2d5
DiT,1200,630,gene_631,f9dc674a7cab3efe4f998785566621b77869bd945ad2fff26c68f7d7fde9f702
DiT,1200,631,gene_632,41aec1789db89cc8e979e03d5850099b009edbd6ccd6f5b3056b5a90516a9df9
DiT,1200,632,gene_633,2915fcbed71eb0fc20b25a24d7211b56988b7ec8bf57ff8fb9cdbecaf6b8f892
DiT,1200,633,gene_634,045775581c4268e4c8edde5cd59b3b2f42500fef76453290d8388c67a378c0e3
DiT,1200,634,gene_635,e24c455ae51cc9cdf25f3d9b6fac2bbf9378acb1086c31479989b9451e8cf7d9
DiT,1200,635,gene_636,54c47b2a387435048d182ce8c960b82e3e824c45faca2cd87fd6d89a86f099d2
DiT,1200,636,gene_637,8e28b0809ff52b300cd5a1de4a3448d726ba7b97ecac5e2031a56058a743ba40
DiT,1200,637,gene_638,13b596f2d7907e5742c8a364e20634d0ca5ef268d1eb46ccbef18fe72943e3f3
DiT,1200,638,gene_639,6c77941a1522edde2c1e87fcea66582dfc2b462a2d42cfa924bba76dfb205060
DiT,1200,639,gene_640,4c3a4fa0e46602d6e4b236cfea8769ef603af1120695e59096586d28ca38d21c
DiT,1200,640,gene_641,c7de0b9bd4165447aca95333d9b838f823deaec2a813e46ece47cfcd78fa1064
DiT,1200,641,gene_642,deb9c81839c6cba69e3a9beb1505efa5db086d8a728b430a5c1150acac1ebfcd
DiT,1200,642,gene_643,ccdc1846e853680c1d778cdcde79f73d2ab1f80d08844474a9eee25d3621bdae
DiT,1200,643,gene_644,d3d1bd29f4726019d29e2e1bf0fb85b1ceb9467419e594ea548df2e2a9d6b725
DiT,1200,644,gene_645,9804a41fd9d85df1bc8d589fdf165078a94b506ee935cadab14310a66a8556fb
DiT,1200,645,gene_646,213c8f6b924efbeb51fde878eaedd7cd18454a189ebbc4a0a6d5c40a8e6103b8
DiT,1200,646,gene_647,32133f2798ce822e13b2f5708ad0e8e5f6052c87cacad66b0e98682c7037dcd4
DiT,1200,647,gene_648,04200f1068173841f16db9836b0844789370a030a63b1a46f3daf8fcf6ec1adb
DiT,1200,648,gene_649,2dbc92099e28ef4aa9172e1c89c4ee3d730d4b4783c0da6e7f724d15894dad87
DiT,1200,649,gene_650,9b10aabf6e3084103de9d9c35ea7c5303a8e418092785cbc9c60543f7d581d68
DiT,1200,650,gene_651,22797d8bec4495dc428b486e541f483f5db4767ec3558e3f06ac6d32c6061833
DiT,1200,651,gene_652,50f84c2526d2addf426be702cf31553a8404b7e87fef0e5ad7aa7e61a36e823a
DiT,1200,652,gene_653,cb018e2304df61db7421ca37b5b693dd4d055df476e0d4b620bf2520f2a17d71
DiT,1200,653,gene_654,25a24d2c6e96234d000e171fa1dccebea46124160bb92f7a615ee884450dbcc1
DiT,1200,654,gene_655,b1a900ab9bad7cb5edf1a355ba865ef2ade9b3e12e0dc849882ff417028656b6
DiT,1200,655,gene_656,0d0b421653cd577d9ab9da16f4d9d57b45681d7328f16d9c52c3fdc62d919eb9
DiT,1200,656,gene_657,9140f5733672f139f50e090c3703c986f9f0494aa3d73063e6a98f65ce310844
DiT,1200,657,gene_658,bc42701c9135b1deaf584e0e48e4a4fe4ad46ae933dfc87a24744b938d98dadf
DiT,1200,658,gene_659,251f2c7a097722d8f862dbdb3a69913a2e1875fc6d8344ce4ec05aebd6152993
DiT,1200,659,gene_660,783d74ae3950c985a8471c929fcd2ca4ee0fcc9d26519a6038f34f222e19b75c
DiT,1200,660,gene_661,a75a0b7d3bbba81ae1fdfe299eb9bd3e80c6ba275bb61159625c746c8df06f7c
DiT,1200,661,gene_662,a5f334d3bb72932237846ea8d5c0233beb2d31ce639d5b3ca67c160249276fe9
DiT,1200,662,gene_663,0daeceb138b970c4176cf87287913c6cd5073adfc7063adcedd4b80d4bd0391f
DiT,1200,663,gene_664,cef7013c4cb93480293a394b041021c3846e26c5007fa92dc7402ff160d9a1b5
DiT,1200,664,gene_665,0345477bff00af71ebed864cc82db9f7012676a54e5f369bb3f81a6ec902d190
DiT,1200,665,gene_666,0c0958106d9886884ddb1ea39f2fbd399e2fca6d7c78b01e5e78c8389e171d00
DiT,1200,666,gene_667,3dfa1ea8889878f3e0ebdf28e84009c17d050a8fa90d82c0b8eed0850577c2ed
DiT,1200,667,gene_668,44dd1efaf819e09e96ef06d87266a5c1dcfbb235a7d041dd8793e45dd981dbcf
DiT,1200,668,gene_669,251fb16e30198187cfeb397127e35dd413a67590544e2404bb75164289387778
DiT,1200,669,gene_670,2481bcc3882fb48ecd9354c138461275dbabd8f282324cb6f3fed1973f516182
DiT,1200,670,gene_671,173d3a5a9ca4aecd868324e1d6af2e7a45c9e026060c64a01ab621e7dceb51e1
DiT,1200,671,gene_672,bb7920f7dff5c0cf250a2ce344a42d3ca39119e77654ee416cb666117712f2dc
DiT,1200,672,gene_673,42658e3b7d4304f9480990674be6bbfc12769d8c526c97f172eb46fa60fd8103
DiT,1200,673,gene_674,96c87ad309e6fde4677efb4a35e3f328c80114c316a71a4c5d9e6dcd471ef72e
DiT,1200,674,gene_675,3b8ec443a41a0228119c37650576a1e7be77ce4315568dbf82fd708fb8d801b4
DiT,1200,675,gene_676,e001e35df1e546ab1fbedb3509718a19a45ea757bc7ff093258e2d8040abd482
DiT,1200,676,gene_677,2befdc87c5eb4546a79181245eb6192fd339156016c75bca25b55d6fd48da354
DiT,1200,677,gene_678,8c3e50fa2c64abd0e126e77b8143ebff56648a6f7fafcf7f0927d6d2346c5a31
DiT,1200,678,gene_679,3799a03d20db0f5798c2a751f1a4203d181d46bebc094b80101c480f62fd7a1a
DiT,1200,679,gene_680,d2c9d8a545838ec5178bafda5299e9222793425d1f9a15711e4023756de6babb
DiT,1200,680,gene_681,8ee5a4fb9781ed1fc985d4840fc651a91f7400ad4bfc5c1c92c1169bdfebd194
DiT,1200,681,gene_682,7beef7f8c132b2ce1ba0c79fc968f9ef7866c71e8ce7976c8c74ccda9263cceb
DiT,1200,682,gene_683,1458f6d354a563fdca78842b3c0b20260445faba06e1a7c37b1b6737661e6342
DiT,1200,683,gene_684,d6a3bd548e57c908dc73837a3e478c370ffa589ffd415b088799a93fb316c95c
DiT,1200,684,gene_685,f0a3a7090e3ff9805bfa0367919693921c1d47194a651140ed8311863743d528
DiT,1200,685,gene_686,255ae92aca7e4a34337f6460d057ec2f3486b834b57a6a521414eebaf3647b18
DiT,1200,686,gene_687,fe6a9b79db4a3de550b1752694923b8d7a863191c666785efa250b8143d7a63b
DiT,1200,687,gene_688,ffb015eee14c11055db65aac783b2b5072d179c9536b3560fbac684cbad51bfe
DiT,1200,688,gene_689,60d300a2d718a4e21b76c31775a155cadc2b1950db2f4b828a50ce55c65db180
DiT,1200,689,gene_690,991258d24561edc804740bd94bcdbe38c20f0b40a5d93881ed1e954dfc32c5c8
DiT,1200,690,gene_691,918d9f1cad6c7c6f37643bbbf98ba16196392f06843f6055df3308e429c5fe84
DiT,1200,691,gene_692,ccb1ac19471c668b93d181756e6be248e695393f7335952fdf47289a6eb420b1
DiT,1200,692,gene_693,9a13bedc747aab15a8dc16d682bd6e3096fdb25863b1b65174a4de825d8320fe
DiT,1200,693,gene_694,b066de3cc3f58324471129cd8ae21035607853b59450c5704d5a92b3c8f6a3fe
DiT,1200,694,gene_695,c1ffe48d493a97cebd7ce9675bf66fd6ee3fb06407fce3309f4b6cb828cf8c0b
DiT,1200,695,gene_696,88e9f414b3d2d3ef4b140409a544af5be32c7f0dce319fd8208fc10288678d95
DiT,1200,696,gene_697,4b6bc341d7b64c8d8a73c05936ea69281afbf678ee8f598be62f53da537048c2
DiT,1200,697,gene_698,dee4ca38d2888024267960121cfbaf8620253a5514129c6e53eeed756e958d2f
DiT,1200,698,gene_699,43fd18589caf89f7d4deb131440dcc59849d6b5efc9d45841c07f7fe0e3de07b
DiT,1200,699,gene_700,2a50809d476ecf05ef90de71094df2d2efdba3aa3db0cb536486c2452ef65ad3
DiT,1200,700,gene_701,a820253b5ed0e942a851e0ab421e352a1513fbd1b941ab66ecf20af9eb957323
DiT,1200,701,gene_702,d62c4cce6c276bd4eef005bd1cdc2d7eea9aff19e4f7f708b0b607fc7ddcaa3b
DiT,1200,702,gene_703,22ed547cf6c6044e9b7ce645eff09b935354bb06df026c08d247d936286cc019
DiT,1200,703,gene_704,3036caf5a012bdde3115a7e2a2062c255ecb528c34140d206dfcfa9e6d10d1f1
DiT,1200,704,gene_705,4632982d2cb8b126d78320f6a8a573b355dee6f086dca363fd95c2f5196af6c3
DiT,1200,705,gene_706,a9e022b5a56ad4a15ab5f508abbbea79761b2e3f0c80826573a5cd869e3c404c
DiT,1200,706,gene_707,8dfa1205da893ad120b77b5661d2b6345adc1fd81d8fffd7c72d92ac6e145028
DiT,1200,707,gene_708,ff3f81f6eae5abd3de346efdfcbcf2fa398070a6b331a2119076527806216ecb
DiT,1200,708,gene_709,7056cbdad001b95784cdcc9008f04f345caaa66bb8bbf0a8ed45eeadd4f9cf6a
DiT,1200,709,gene_710,62c4d60874353ae24ba5b75b3839bf930e735ff48eed085cbc633bdcc60996d4
DiT,1200,710,gene_711,f3bd71089de2c2a90c759cc5fde0fd1e535aca9af2aeceee3cb04b03b1b03607
DiT,1200,711,gene_712,7d736ae586f7a14179d9ea3ad929d92ce9ab706189e3c97898ed0d7bfe82f652
DiT,1200,712,gene_713,6c48c09ab653a4e0c778f24b2b690480d76f26a572b2fd6a4a2730b26855654a
DiT,1200,713,gene_714,9ea37c4b74949ba3f55fb4700d467d4cebbeb43fed9060034f8c5b3104e3debd
DiT,1200,714,gene_715,c82824a35a94b47f9f07f3588bd0ca9b7c5746dba02a1122433f2664a7d880b6
DiT,1200,715,gene_716,47f2cfb4f280b9f868cac4941d683449d4cdbc30cb3603ec234979c428c0a0c2
DiT,1200,716,gene_717,847817dd4aa2a8b33aea4ae011eb7592053e3e5446f96875177b53012d932c4b
DiT,1200,717,gene_718,65c39db02c55246c7509e9bc905bfd2cc88389a1d55ad99217a5cc329d9e0ae1
DiT,1200,718,gene_719,1fe7953bb59b1a8244e36b053e5c420d61afd888a23dcbdc4ed62103e1aa42a9
DiT,1200,719,gene_720,f59467338198f0fc3a1ff7a5c8df0865090e383a657551e1c8d61b0149c7c097
DiT,1200,720,gene_721,425b73a0e9e56afddec4b63c3557d54cc859d165e4314733346525e09c72be65
DiT,1200,721,gene_722,7ae377aaf90ced8e41605ff465e9411ae95f34797e6bf5d6f790a6ef915d4f50
DiT,1200,722,gene_723,69a89c169b7ea282c39f0e135fa7d3aae7a0de16e4f8d5b25965c7178224564b
DiT,1200,723,gene_724,94552de42380a2549ad245f0450431ffb687b9160b02f0ee9a35640224af5639
DiT,1200,724,gene_725,23e2f7a12e3735aa08187bea042be728510c237ffe5d9311ead8a90b6991258d
DiT,1200,725,gene_726,006f84ef777263c4f961ecf07d33e1e33c8ca7a8b8ac35addb1dd978bf4c215c
DiT,1200,726,gene_727,0168efd74ab784db35d69f450ce5e639fce3a6a316207fe9762887924db7da1f
DiT,1200,727,gene_728,a12500129fe8910e209d216b92478d4efe9c4594e794bb982d4d74b62d1e8ea6
DiT,1200,728,gene_729,30e259e6bff7f8d5e135bd39b1dd6480a4cc800ddb5c48fb46d8a3669a9fb6d6
DiT,1200,729,gene_730,ac06fecebd4b4dc60bd8e126d17631efd1f2314c0990b6ae55eb3947757d6772
DiT,1200,730,gene_731,c960c59bbe7c869633d6e6554ea4657aca184654511c92dcaa849bc133c162f5
DiT,1200,731,gene_732,38bcb765b566244c7b2629d93f4762a99d46b398a4fb7c46c2fa875d80dd2b27
DiT,1200,732,gene_733,b3514c6acf8f60043fa84e8a01a50d9c854b721f971d0976c5bb4f02c5d2dd84
DiT,1200,733,gene_734,ddc5ff7293377509f9bfe2f41712c8b4dfdf461bbd359a15fc47ab1c3cb2c636
DiT,1200,734,gene_735,5f9f178841946bce9e88270f71f59e6bcd6697f90181c104eec8d60701908b5e
DiT,1200,735,gene_736,5778997b580ade22e4894231d5fc713a8d4ca9dc7b37537584eb25e535833fce
DiT,1200,736,gene_737,1254cae59973a61ac86ffa9dd1668b237fbfef99f0960c170660d444f04ec400
DiT,1200,737,gene_738,39096c25dcd2138df0f861a99410a68d7a7060cd921a87f398f6fab57e37a5aa
DiT,1200,738,gene_739,c09520feb1d8ba41ac1148db050d416d6e021cfda41329d47626abb45cf68d8f
DiT,1200,739,gene_740,186cc4fbe28859c45e494afe0eac3e072320d49615cf39408ec1918909cf525f
DiT,1200,740,gene_741,b257d228bb04b5fea95094afe857b1cb1b32238be5bf0f47819e55b8e0917c38
DiT,1200,741,gene_742,495486aeebdf9c49ebf6758a04b5ef159929d43bdf3fb7b8c31d328245921499
DiT,1200,742,gene_743,94649291416368200261dbb02fd4e726eaa19d33bda92fba7c44594483ad7765
DiT,1200,743,gene_744,054d183182a30282a0f546ade7172fcbbc2c4095041e4ec220516133396b87ad
DiT,1200,744,gene_745,dddcbf3106b9f800daf42a6060d132bee93fdb9627c770960550a8f13e313559
DiT,1200,745,gene_746,30be29b8e80a2d6d57e12bbec277fe6ed8041dce139e22a6a2fa31aa11631914
DiT,1200,746,gene_747,03a67dc39a4239e8568d42aa0543e7881e3faa6968f883a109ea03f7afde720f
DiT,1200,747,gene_748,52207f83a607fb98c7a7b0cc5928a72dc85b6e6df422641b1234bafa35cafeaf
DiT,1200,748,gene_749,cc5c060b7155f3e63bec287d810dbcf37ed53865b8dac3c431844fa9d8db7ed9
DiT,1200,749,gene_750,70d12c721365a173b3a92c3debc6787ff328b26ffdc889621e650495f3a7b8b3
DiT,1200,750,gene_751,08e895dd4a6bca3a35a56e0bee3c8ce9334755bd44891f3382519af5e2854983
DiT,1200,751,gene_752,a69185590be93824f33b0afba47914f1d8fca4dc260555a499778be8eff33bb5
DiT,1200,752,gene_753,b35a5bcde2a60c616b851131dd8764fe533d8e5ea991a565d9c49e9e1ebb97b4
DiT,1200,753,gene_754,c0afcb2a948d563fa948ef9d78e318a2596b372a455bd3a7fa2ef48c2a9c8101
DiT,1200,754,gene_755,4d820ec70236b3c151486165a0062162e237756fba81c429a73382bad0d51c35
DiT,1200,755,gene_756,817a6e60e41b65a919a90c868f8f82455ec7d094f729d31b4809d654eeeaf124
DiT,1200,756,gene_757,9f740c61c5f05cc4aeb9766b24750c29e3b0b8fc73223f5bcae3aab3835bace7
DiT,1200,757,gene_758,029e8bc94d7411220a39a38c1b54acbe8b7c008a034ddf9d05df3cfecc93cbe6
DiT,1200,758,gene_759,155d46b41f1388b9ddd7266b39e44662a2f411249157a9bc2a4e3f0e7c3a21a4
DiT,1200,759,gene_760,6fa6c346bffb539871d392ca5da7cc7cda707dff8401b5ec6e7e5e2b936ba83e
DiT,1200,760,gene_761,75d6fb3e05b8230bdc7ea9431e91e8f7e4b6915df7ee23dd8b1069d10eee7f18
DiT,1200,761,gene_762,007057b217e46795b7a3bfed23abc38ae55e63ce22e3dad6f20377bf480263cd
DiT,1200,762,gene_763,da46c3dfc01c10eb8bc682d2f01f2e6d160dfaf3e514af69b2ca484ed5264d3e
DiT,1200,763,gene_764,65bc479fff65c863a4009ec2e6d6618d92e920f9d9a7c09df47a6c9859eeebc8
DiT,1200,764,gene_765,9547101493e8bdec65e9d946822a5fcbc8ee767de56a976b6ff780a7918c2988
DiT,1200,765,gene_766,db8c0c81e16ae3f8eb1905bb7e1a3c48dcea75ff73e01fa8298f4bd9f818e7bf
DiT,1200,766,gene_767,3f37905b58cdc1a2cd5a21f9e4022468204d198c8cf7716c7305981b51b3764d
DiT,1200,767,gene_768,cd1e7ae07a516cb2c509f9c71f8e83999a8439ba916b34360a25801b2fd90997
DiT,1200,768,gene_769,e3410823f7f29e1540dca1c61b10621167f1a1c4f4bda9259f5c97eb02e1c83a
DiT,1200,769,gene_770,f9915e2ff6cd73b0710a734ac8042fec90fc7417146fbd4c7e96c0d6b5d86d08
DiT,1200,770,gene_771,c81c6739bab5625c5e238fa66083f9be55f4766c9f3cbe3c7823cd7141a006ce
DiT,1200,771,gene_772,4920f4ae0476135cbfb3e302c8fe9f73cb2650c00221e81e5df026bece989741
DiT,1200,772,gene_773,6a992528ee3198c261530eb946b4e6c6ccdb851ab7c8bc5080d95e5051d535ba
DiT,1200,773,gene_774,699592e4ecf5c05b0f1fec500be10d22f68127e9bce7e0e6742b5b7cdafc8ce9
DiT,1200,774,gene_775,3dacbfac66bd97ac86923372926eb3104ab2f390da77c2c8f9a6a65fcfbab286
DiT,1200,775,gene_776,df2f60b4a0c61500d05827a3d177b0ece678f008d06eccc253037c6a89d811c6
DiT,1200,776,gene_777,6b81307f54f2701c8c1532e9dcbe07bb6594b64df157fb819a5f03b1c22d0999
DiT,1200,777,gene_778,fd35407e769a558b9ec8edc5abaa5ed2a50e90b07554ab06f755a03737982507
DiT,1200,778,gene_779,2c1a687950cc2919cbe372d2973d540c902f639ad43f78380802b2e3ffef496c
DiT,1200,779,gene_780,977028e6640998bb5141f467f90a82542b74ecfe52226241336fef6a69c6a45b
DiT,1200,780,gene_781,5683bd4cb3ff37c359e4dda1468f0894fc10e505a0a1212ded023028c039a3b3
DiT,1200,781,gene_782,b687f19c2bfb83314645bf16c401aca9792d3060e3919659c4a833f5144746b7
DiT,1200,782,gene_783,3bb8777dbb28ff445355dac69066e272e60c74ef9d1e0879aff49b5dd4b47b08
DiT,1200,783,gene_784,efe82781ad119c0097f5e185bae8ba9c3431e5695fe3fe15d5480a4b56c9181b
DiT,1200,784,gene_785,71c057142a3fda42f13e0a996d1ef20680966a57371132e5d0ce6f93d4bb91f8
DiT,1200,785,gene_786,520e01327d962240cbf03e8769b6f0305e9f52277baa969c144f26239828fa21
DiT,1200,786,gene_787,0445475f8a84da0fec0256e065bd26fe23159b1f074775d442ab1981fd40ae0d
DiT,1200,787,gene_788,b1568cb370cff59e1803b6befe193855f7880eb0fd3a4b8d666d620b58a4a319
DiT,1200,788,gene_789,c49ab5187e5a518066d8128d0a895dab61cda73a02f68f9ce286125ead9ba700
DiT,1200,789,gene_790,635a8d00df79f9fa3be6a525a95479791ed67ef6c734a8afe2ab6008d000e686
DiT,1200,790,gene_791,b0d0f543a0c8c1d9e6f8331198382f4ec8487907a0299d8bc43bca9ac550421b
DiT,1200,791,gene_792,48d0fb068a8ca5fd61ce1931f4f6b577d7d4169a9abd0ae2bfdbd42227da1eb0
DiT,1200,792,gene_793,fcbcdd80ac5860c86865c25b3066817700800b1e42cdf7cd2145e9f4419f20e6
DiT,1200,793,gene_794,05b8113ba287ba425c4cbce6d3cc85c68da8be62601434ca6c852d26a872a123
DiT,1200,794,gene_795,375331e7a7d3e95d56a336204820b5d632c7f300ba56dc92f18fd0f7e359ed8f
DiT,1200,795,gene_796,2575e91c4656644edc6af1db31aedcb1e3f3469abf3674af0aaf93efa428a03e
DiT,1200,796,gene_797,7a54ec9b8a44878de5cdc7b67ad92b43b90f77f2168617c3d2ed049beebde358
DiT,1200,797,gene_798,8cce0157c67d64a10ec6eb59aa3b982eb48632f813d9168de3ff57fd7ea1713f
DiT,1200,798,gene_799,daea821519411eda7aad18c069aee0a46fd58b085d49a23dd53be241d6703907
DiT,1200,799,gene_800,6b3aec747dc156636974ea375ca23822ac0ce5f984769237c3fe9d4fd75f87e3
DiT,1200,800,gene_801,be82cd07cf3b4979385e5db22e1b6f9c8fae2633ec5aac273ab54d4bb3f6c1c9
DiT,1200,801,gene_802,77b266a6cdfd7464abab766c0273ff33caacfbff92b11a979f9322b5aef0ed81
DiT,1200,802,gene_803,9e8a90adc6fb1b0cf321958f4219c04efbb628085004b08047d5be13992ff6a7
DiT,1200,803,gene_804,dfad349560187905b5bf31e27d1430859db137f751816128c889cbd83549ea8f
DiT,1200,804,gene_805,1d9b24c28b908b88a71e08168814acc4f99efd296bd7796f392fe2c0c46f2ad8
DiT,1200,805,gene_806,2c1429b48d0bab9ef625baaefb602c328bf1b6e7bb45b7d3468d94643fe47389
DiT,1200,806,gene_807,f02fe7e9664f0c207d31e20193db0cabba1462a7b6e6125efb1869b9253c9d4b
DiT,1200,807,gene_808,9764bf78c2643eed9f3829dcab2aa88d5b7a6837d55c8b80bae28cbd95cd7a22
DiT,1200,808,gene_809,0d64de1a394cead60459a397a690002939ebb31d81ac43254391bbd9bdf56c1a
DiT,1200,809,gene_810,652b036abeab4f845a400324c24783f4069a3ba85fc78f85ca8b0ad6fe003106
DiT,1200,810,gene_811,56a16e59d9d3cbe395bbe3574fe6b8444596342213cc2204fe2756f6794ab02d
DiT,1200,811,gene_812,98daa722d8698027d2388f3a7712141d668334a858952d262b1281e15324d87d
DiT,1200,812,gene_813,b05f0798cae63e7f39e82167dbb706d5b0255d838c52b70e938d501616717a06
DiT,1200,813,gene_814,02a9a52b6b4c891eee26bc11d78e8f14741d815875c4bb85f38e7170e78048a2
DiT,1200,814,gene_815,333dab38322a6596726b7f44b7664ca7a3223b396560e6b7f67f26434ceaca3c
DiT,1200,815,gene_816,914cc06b3a1c4dbc46ce5b759e14e0947944a10983eb06e48aa7fa1332b40e69
DiT,1200,816,gene_817,3321428f8c9239a85cebd371af2a1bc82387a419f81960775ab6d122bb9ac7ac
DiT,1200,817,gene_818,829e3a2c05740d3002a7e15fd20a6427d987e2d5b33447d38b8196f22070d7a2
DiT,1200,818,gene_819,0d97625c249160ee2fb945d09105a475bcd1d18a7f299e8c4585132bfe481da4
DiT,1200,819,gene_820,6a0fa824ec0bdeddc497edc35d128abd3843f5f78e2550a76d12b0282c1954d1
DiT,1200,820,gene_821,8426799a0d56ad3b42a9105e22eaeb304b166d0ce6fe6d56c4834e644759b0dc
DiT,1200,821,gene_822,332e1e81f2fdf354fcb8a178fd43eaaa030ef942fe15182c67393dda4f07c79a
DiT,1200,822,gene_823,85960cc5b3ae424da40d44a3194ecf00f21384b4c354e20d0875e6dd1fe16973
DiT,1200,823,gene_824,43eba2476681e7941131d29dee84e541e5f3d50dbcfe5479413a8e8454d7506e
DiT,1200,824,gene_825,6a83df97a0458bb75a88f04974588e9f49101ab70e08c88ba4af893245348912
DiT,1200,825,gene_826,d7f3ddc9d319ae383abd1805d41db56397814e8cb61c8fb1f8a317837668d80a
DiT,1200,826,gene_827,2e9f6ee1b518b846a87922391ef95e95b9e29a0ba57965c1311758836d4cd404
DiT,1200,827,gene_828,eba98b94b929ac7409630d4a96d497585cada3892797f643326df639aaf5d931
DiT,1200,828,gene_829,bcea47ec31568d3dccfd5dbb0551a13361cf7418384f1cda343cf70a257eeeb0
DiT,1200,829,gene_830,6811985564a637f503e1d9e71524941daacbabc18f228051a96d63279e01d760
DiT,1200,830,gene_831,fa524c39a45928640b08d4ae492327415aabaf02c49b0f689058340108eb9458
DiT,1200,831,gene_832,286edec4b6c9bc487a130caaee74cd9584c191411c652ecd2636d379adbf90aa
DiT,1200,832,gene_833,5cafdc732f62baf76fb7c79fd42db22e8e8207f7b6d87731334b23b966ceff9a
DiT,1200,833,gene_834,8b83860ed61b508f1e43bd3b2c1ba59a14b820a3d14334a4b47f2c81f5c1e4dc
DiT,1200,834,gene_835,bc6cd38228774d77ba10f3c360b3169eb4bd0a6fd453fcb796130693ad215288
DiT,1200,835,gene_836,fa888fccfea18c21cdcaf2656bb9265f0ceb08d65a9c2e8438108888cf843bd1
DiT,1200,836,gene_837,81ec37f6feb515c3f0a5c4aa712bb673b893dc8f0bba26243789ebf5f4b8e2e0
DiT,1200,837,gene_838,da447e981991f67006400648c3b7ce698bc40d300d6d2ff4cb98445eba8e4320
DiT,1200,838,gene_839,bdd3ef2e34d9606912c1e01228af2d87f4f59992ea36cddd90606820776bd442
DiT,1200,839,gene_840,4c6183cf67258bc92f37880ae4b9b1d7ced831ad90a9f010f83411fd98c080c6
DiT,1200,840,gene_841,2811239ed470a8c26d40c00a2a6dbfc21e02fd88b33db354d9d3d1cd77308c69
DiT,1200,841,gene_842,735c2d556f456029eb6a833b73bfb85ab24ea4a0a4d2f66d9572652240327598
DiT,1200,842,gene_843,2bcf688b07ad36a63bb4af7cdf7c609c9afc6a649bfbed36092f2587d0076e0d
DiT,1200,843,gene_844,4dc0d592a41278ba2d8f76646dc2e89ea5dd8e154cc144b624c373da445964eb
DiT,1200,844,gene_845,7b3c92a54fa0b334965113927cd0c0cdf7338a7a72c196a88b279da697924e32
DiT,1200,845,gene_846,46d9d64f2cbd8f818fa9f5d1e349b947091d5b40219e14606bc43137844a199e
DiT,1200,846,gene_847,e0c16917e9e115e6f4ce146dbf6e79602c802d782fbd2f07a297d22c5b6a90c0
DiT,1200,847,gene_848,4053c62d95d905bbead09e9f0586af559d4e975ffed7e80c869e994f656a165e
DiT,1200,848,gene_849,3dfb8fe42d9342fad1c95ec52463a836a9b902384929b1a29e7c115c842b6c1d
DiT,1200,849,gene_850,26dd53888a8641d124832579f068fc512b85538d94d3cd990a5fba0a8d248e53
DiT,1200,850,gene_851,0b55c10986b5b6a400fcc70d6a114e23f6c305dcc8c8bd1b37ac69e9fcf8fdb7
DiT,1200,851,gene_852,a2c717238d4468e6cf665c5a5aca354727551d5782bb8bed1502ff339efa3073
DiT,1200,852,gene_853,6df04976905778e4e6dd6a0744b2413d4c0c4882593e0ffd95594756bd0e470d
DiT,1200,853,gene_854,037b15f340646eb4cf6b2ac4b56ebcbefaa36a77a9d7409cd5fdd078eb1fc53d
DiT,1200,854,gene_855,a8ddec5b6a1b45609bad5ad84e290c0bc5218e663559a3e6e1da486f8cbfd64c
DiT,1200,855,gene_856,e2192c2718abb34d4c7bf927a8e15edb1175a8c3c33be2ade606ace2dc3ad5eb
DiT,1200,856,gene_857,a495a50975c36efe7aef4cfb2af1550b419e5ef6c535a203295857341b3f75d1
DiT,1200,857,gene_858,3f4b7d164bdae62a5e1b9b669c30abd1a02155c90329273c03596bf87f634efb
DiT,1200,858,gene_859,8e0ffeb88d870cf6656e62e63a4c054eaa88d33adb59bc8d996bd8e3ca87241a
DiT,1200,859,gene_860,300704e930bf07369358607abe340a8303d3db920ce7c409d644a8fb4315323b
DiT,1200,860,gene_861,1620a7241648402d81dd61e0fc24bf15211ab1e0300593281ce91d5f92f93162
DiT,1200,861,gene_862,156818d7841e0a4f47daa181180e478bbc80de1faf6a01b3f482145e024424d1
DiT,1200,862,gene_863,03417dd1aa704fc5a07ed0865760833afd9eb129aece5c6412d198b078072f6e
DiT,1200,863,gene_864,cd7ac25fa5cf3d9b5872bc807455dd50cdf8b8dbf5b316eec1d0fa31814dd40c
DiT,1200,864,gene_865,a9e0944f6eb7c546da6b45ac0361fff58ae04896bac5c9b428f048d7f960170b
DiT,1200,865,gene_866,1f817cae19095f82ab8da077b42357a28863f0ee43c721ecb53bb6aaf9c9c365
DiT,1200,866,gene_867,7b87de3f1c06890f7cc32cd8bacd181ba4f9a1f19769c5696d56484dbe193154
DiT,1200,867,gene_868,51dafc07365d047389cff1b721d551c3f985f9d852d23eb2b42094a44bf895fe
DiT,1200,868,gene_869,a2b109e2c3dc724e12a95176dd0dc087413b8181b7a0541546fa4decbdf7f185
DiT,1200,869,gene_870,aaccb9b27f1bcb2d25145c1674b9a26b5ab5bd324e89460d8122f0d6978ebc26
DiT,1200,870,gene_871,c6569e1a2c02456e72afa2bb3b7a5acfdee18927cdebdd9921734ff40c4e5082
DiT,1200,871,gene_872,b9119172e5b803c52178fd095666317400cf621f6689db9fce19fcae4d3ac16a
DiT,1200,872,gene_873,ff8c6009543e6f0fad9bac8e206355877fdb61cbeafcd1d7762b401d62a39a61
DiT,1200,873,gene_874,c87037b38d53ad9ccf2352c798bf231fbc264bd85dcb81d901b815d8a5a34ef0
DiT,1200,874,gene_875,49ac96d592405136ea00d14be60cf8cab89fadb389cf9161e17a5ee90be955c7
DiT,1200,875,gene_876,b0d84742357ae9729e1a0a49e2d66d0d63fc8eba9e77899426658382bc78a981
DiT,1200,876,gene_877,0c18fcacd576e504b65c8bfd046cd807f7380161f219b3b7553c7037ff75fee7
DiT,1200,877,gene_878,7a70577cb7113cea1f6b9320d356f534f98e0a2d417fcd49651cf6790332c46e
DiT,1200,878,gene_879,54874212a8b49e4b7022c045ba92ca9ccfb8da34ebea49286fe26bd55154c707
DiT,1200,879,gene_880,aab4164792bc1fca2d47cf0240cdcee5bd5cad9abd8031472066b3848e45f436
DiT,1200,880,gene_881,79ebf5f4816121c49a9a65394913081064f0f29dd6e03dc474aab4dce4fc8554
DiT,1200,881,gene_882,960c8c301506fdf0224f3e3dc2949bdc246980f23019cf5978a6f37648bf830f
DiT,1200,882,gene_883,6706fdeb56fc78cefefd26e0a69e7f981ae4f6e8dc21cadd5718267f144d6e27
DiT,1200,883,gene_884,35eaec7ce01dbf37601d85c65e65e95f315eb22cee5e2b415b7d38c1cebabaab
DiT,1200,884,gene_885,5b0381ff4aa4bf1fb910363915d844fb85564eb28c569af92d1cf35fde41ce4a
DiT,1200,885,gene_886,c934545bafd78b11924d55fc3bd7661a537658e20128cde5669efb0caf3a8d33
DiT,1200,886,gene_887,1825e4ea70948c898502600f0b3d13f461bc7de83327529b7d38cad32f1b39a3
DiT,1200,887,gene_888,b03c4c57c80567845ee12db66eabe23a69e4f0074e82536c1f004b60841c07c7
DiT,1200,888,gene_889,7977fce916a2ce36d69ad25b42c7918efebe2af5014cdbe8821030120dcd325e
DiT,1200,889,gene_890,8b1db84419c3ad7e8a383897078ab25dc90ac5fc6398fbca7944a6e1cdda69bd
DiT,1200,890,gene_891,be623f950690ebecb68c51a984f0fa0648722f3bec8f858d3da815adf0d68ae7
DiT,1200,891,gene_892,246ba79ee4b8f4ff2096c4c1822ce25d4ae74e9113a51a6a8f08281d7e7c389a
DiT,1200,892,gene_893,1e984107397e6ea34192a5e634fda03a63c453cbe7fb726ff51c9c8055e33fc2
DiT,1200,893,gene_894,82de8a9a9517e5e3a83b25cc8eba6970fd993b7ffc7a2d4423770cc0c2e3a2d8
DiT,1200,894,gene_895,644e82be5087f2b27d86b665753f6319c7d02fc436c9f771ecbb6e858e1bc803
DiT,1200,895,gene_896,4e22c5a72ccf5c00a303ee3f851f0085b2d951e00bf10ea68ce51a510f4003ae
DiT,1200,896,gene_897,618bfc0511fe8c9b9e5e6ca14fe9057af358a943250fbbb4709562d80b7211ad
DiT,1200,897,gene_898,f6f32101c6c05bc519b88638fe684898e5ec55fc1d8bff1de3c60401605688bf
DiT,1200,898,gene_899,07b5af5b7e699619330435592e58d39c410176fa2bce57e8db34828869c1f275
DiT,1200,899,gene_900,cb5ab050b0092afac0cf9921d5fe91f644e1833a46db61c39ca22d1f4a86839b
DiT,1200,900,gene_901,b1fbb4d58682eb1319169516a3fc844b62f82b1d74310d613801e50a30f7ff82
DiT,1200,901,gene_902,752e7b7836f9d2d6ac05f430ed62daa4f5a1f2f6173fbf43e838b00202647883
DiT,1200,902,gene_903,ef71ad9ffea41ef0defcacfbb720eadbfc8177a95170770a6340fb721b3acb5b
DiT,1200,903,gene_904,7d48ef49b3c3bf2ef0a63f233ee6c1a1960e4da11dea9f94de166450aeae9fa8
DiT,1200,904,gene_905,cec96f67002d42423ddfc2602e0f023a336d560db9d154026ca110d91b7b5393
DiT,1200,905,gene_906,29bdc61c00f99a9554df11566995f475606eab07a16867c75551631770b9ebd5
DiT,1200,906,gene_907,50c01ae1a5543dcfee1705b536b186337f93743fa48570b77405e738d66e0c96
DiT,1200,907,gene_908,9f383e508871f47eb8514a3a4f832be518dadc1fc9392c3e5dcf166b884e6adf
DiT,1200,908,gene_909,f5c4557c6e2dbb7295bc1f3717296727d18c378b9ee77b988d8136c9561dff27
DiT,1200,909,gene_910,f0f13a1c243863ce4d5aa43ac6ef17c8fa19a73e67649de1bda58925da08e961
DiT,1200,910,gene_911,dcb24c25250d9c7241622c9509d60f25004305e1c35080b68918bd448fd72096
DiT,1200,911,gene_912,9930a5c737be4498f8cdd4f371cf6783ac0adab51333dfda39fe1cd8012ad2eb
DiT,1200,912,gene_913,34157c3e44ca9e5b3a88d39a96998d21921c61854196ae477c795b93411c4b80
DiT,1200,913,gene_914,b5a9cdabd4fd8c5ebefec4223f20f28d92f0fd1afc625c2093615b9a5975632e
DiT,1200,914,gene_915,7950fdcb44c9a10300e905538a0a6f5eeaa911e5068037fbe5847eac80d10ca1
DiT,1200,915,gene_916,e3058410132be0b98c9cffd28fa97f766b551d492d80f7e1526e8329bb35c921
DiT,1200,916,gene_917,e50fb81f87ddd45a73f9d08dea3de3f81745f827731043f4583140d9022da29b
DiT,1200,917,gene_918,1e5e8d9d40b5502dcb0c07f04bc04b2fb08cefda7d8a56910acb63a39b4b9408
DiT,1200,918,gene_919,52e022d6844d7d36098e8336446e3bf2ac36b16cc8c78987dcf74a0bbc995364
DiT,1200,919,gene_920,cccabbbd737e4934e689c359e343407e3eaaba07004001ec53c0f1b465168a19
DiT,1200,920,gene_921,2bdcf8f665f7451fdacdb7cbfdf139fd0f3c08db8b29342fde487dfdfe12dd18
DiT,1200,921,gene_922,4e02c1dc31e50c0c6eadf101dac56ed14de765741d36f76411f6fdb80e07796c
DiT,1200,922,gene_923,50e6e8477001e4f9f1ee1589614f3ea1a1b24f561a05260bf614962066e1d784
DiT,1200,923,gene_924,181a958b713073610d4c01eeff222d205fd489d3f2dc08ba6514afe64279c94d
DiT,1200,924,gene_925,2baead53407c182c4c5b40c92a42cb2c0d30f8cc02a2228325907d51386fecbc
DiT,1200,925,gene_926,5681fdfcf5e19ece7168bdd657abe39bd86edf2e78a307638e19712b35431952
DiT,1200,926,gene_927,69d29b0fbec6a37abd4b8940c561066bd18fedd04f67f25ed6758829103165aa
DiT,1200,927,gene_928,dddfe2a58cf6b8a3fbe8283c177db1747f3aebcc6e8558244b64059406cab0c1
DiT,1200,928,gene_929,78ccac4604cced5709ac6a0dd673e9d98cd7885f47d5771be3e548b85a577945
DiT,1200,929,gene_930,c5009781025b2ea003fb8d249ee0fe3870b075dd70baef787c769ad0499b0666
DiT,1200,930,gene_931,3c45391b84c51eb944fe4fd90254a0cf720051c762a4b5139bf00992cd483570
DiT,1200,931,gene_932,bc81abe26964a6723a62cf2577f0efb030cc110570792570170f894132818e83
DiT,1200,932,gene_933,cfa598e2827ead2a09d45b91ff2a6acb3c0dcf90fee84c8cd8bffd332fd0344d
DiT,1200,933,gene_934,bd42d998d9f94534a677c5fc8f2376f0dee8596d390bfbe780a6739b838a483c
DiT,1200,934,gene_935,fa179350b2a43e2a5964a219d324dc054a3aeb02efe8109d6633dde3ffea8882
DiT,1200,935,gene_936,9b00422d0b4e13811d8db1745e38edbb2ae1ad420843f866e4903e21a1e16b55
DiT,1200,936,gene_937,767eda3066f04d0a44f363fc5ab23324a7f046fcd581fa17f3e53c0d31597ba9
DiT,1200,937,gene_938,4edf3e602a4c45b443b0ea1689393bf96a9f3fca3f30c02486c9998aaaa6efaa
DiT,1200,938,gene_939,7ba6e59c5a955c46778443f631e6e15f0506c001091e470d2a4e6a7a993212da
DiT,1200,939,gene_940,c62a94f17f62fe77021b29dc8690566b1ea1c3c7333cd8eedc049cdf61bb33d3
DiT,1200,940,gene_941,8cc9371a0c44c6dbb855caba96f6d1d34cc83a0a6e80dca753d25b02c158dbca
DiT,1200,941,gene_942,e70bf5f54cb2bde8a59a71305a88948749f7cfd0e362c7fadb0ce55bd400ea45
DiT,1200,942,gene_943,3ea496c5a59d1ad08784c558c6be964a80b82106634581cd3b9f90d792d701ab
DiT,1200,943,gene_944,e0465e2ac008a409bec6778d57b99cdc5472b13db935102dbda226aab3b1f6fa
DiT,1200,944,gene_945,cbc1673e4aa74c9b0e5bfdd7547f0ae4a320fb7ce23abeac8f266fb0266c20c1
DiT,1200,945,gene_946,a2c5aaf189d92f372f92c746fdf30b325a80e24d8d926bb515ff120cb4e2e652
DiT,1200,946,gene_947,97b1205bbb63dd0d16908263cb1b3b978edcf2341c0ec5de08f50a07d815e619
DiT,1200,947,gene_948,817f3d21dc800577b5556eec9bdedc6ecde90d00a55f0c7f956c9e58558522cf
DiT,1200,948,gene_949,590d2febf8fea6a3620f1c6ef382e88cec39fe3a2109b9dad70bc480d1a5f50b
DiT,1200,949,gene_950,ee153d0f321e338c84f19e4180659b429ba5452553c79c0b9d771688f8d85d96
DiT,1200,950,gene_951,02de0d3c081573f221252f9f508efbbdaa241ea1d1014a4825effaa13ea515fd
DiT,1200,951,gene_952,24de40bf3b04be443ae9df0106a95dbdebf1e6991ba3ae425e5dce61d7586e30
DiT,1200,952,gene_953,eef29841bd6d01a3aa77e127ba28baa014dd8b48b86f3500a795c7b161825541
DiT,1200,953,gene_954,113932a3a156cb6a08e47a74e6c31975fac9d70a43772c8a1a5085b122818a0c
DiT,1200,954,gene_955,15643bc7f71a6ee2a32d590689e66ffc0161ae3997ed1eb4ff54acf33d3aa764
DiT,1200,955,gene_956,b9236a155305523fd4a8040f42d9179ccbcfbe108b07c9080aa2bc048ff219fe
DiT,1200,956,gene_957,58631e266541ce90f9f597d9fa5fd5dcbf7f132a1704aa73214d8d8799e046f5
DiT,1200,957,gene_958,672d79806ad8ca7b6c721983cd97cf55facbeef383599f71fdd6c8fa759337dd
DiT,1200,958,gene_959,7c5363508f46ed6c8906e0a86169ad43f110e1cc6d2794728d3ff5c187aedaf1
DiT,1200,959,gene_960,2b5e5b71e163d316338143a8697d8101db33ca5a28041ab1b28bca09f176ca83
DiT,1200,960,gene_961,82c6e029c7d7a439016100853a27129644f9430f78fbb8f100380215545e3879
DiT,1200,961,gene_962,e75236ba8e53c85eb7cc624c4fa8275b4910a8831965ee8005ec46b217e68117
DiT,1200,962,gene_963,cec67ae8cbfb6a83b99a6aee2895a64beb7b129af22a9e31546db90261ef9d22
DiT,1200,963,gene_964,df0263e9d638a0713b1c7a90ad141cf8e8420e6a6f706d1b049f1c31df03b566
DiT,1200,964,gene_965,46c21af7f184375880f7fb19334207366a69178e59c41f1dde9d31f7b323a4f9
DiT,1200,965,gene_966,766ec39c269405c85bee3fb249aea689541009ba0bc5d9dfa2ca089cb5937468
DiT,1200,966,gene_967,7fb565aeb340aea4848c89622f00325e1ba7a28feb2a433df1dcb96578abe70a
DiT,1200,967,gene_968,a4a43901fdbfab43e7d6f92b4fe66a05e8ea3abaa8cd509d876a6c22abfe30de
DiT,1200,968,gene_969,b1c83d340c83433eaa2441752fe6723956eeae00dd4ff586a3be97c6bca35a01
DiT,1200,969,gene_970,c373777d8a12a9fa3b89857169581499fb0c1e4075bc44c3c7f02899b9368430
DiT,1200,970,gene_971,e917c7c98911b5a59c6e739e08b1cad27cc671fbf9f63bf22cfeacaccc7a68d2
DiT,1200,971,gene_972,64d4da179f99b6e914374c306132a45ae029c2d69c231476e8ea1877dfb99de7
DiT,1200,972,gene_973,3ee1c4492182e7381c956871c948610666626355b55a6bf372f7a3546e37b510
DiT,1200,973,gene_974,b77ae6944b542a6b0c334c5950274c0f53ddbe1f0b6fbe75596062f878cdc23d
DiT,1200,974,gene_975,bc7ed3a1ad00de28d936dacee2cd076d7e81fce4c5723a5e28149674ea96e0ef
DiT,1200,975,gene_976,da893152a44b0d0dd35ce9eb5a3b46dc6caffb7302d7a9e1884b93b04aebaef8
DiT,1200,976,gene_977,16d161014423f58aceac76fcac8425300bd8fed758f167238e70b3fbdc373b53
DiT,1200,977,gene_978,14572dd656b78f7c738de8a5eb028115c3eed8059d1d05d35d911835281c6da7
DiT,1200,978,gene_979,3896e4c947731f140cf2f829f2bf9f53acb834da3792b654e9a415dd4c15452c
DiT,1200,979,gene_980,6ebd44a65a49744dfd5fb9b5502590ef5393e7bc348c22001436c610ff7b5bf9
DiT,1200,980,gene_981,208e5c20f44781cd451510b5f7903ba9242f231b4a8ada5b63c4bfe7883c91dd
DiT,1200,981,gene_982,b6e250335de412271168c6927bda37c12c1482793484c50fbf9de20fdd72cdba
DiT,1200,982,gene_983,53e2d0f7f76c56ffe3c9b17518417fc0b1935f1596c35b7c98e3562134cee60a
DiT,1200,983,gene_984,aaeefa8db190359f724750bdfa70ea2d217fcecfd168a79cd4c3c44b33101041
DiT,1200,984,gene_985,37e8bdfaedd3cd761981352b548bdde09e3855230821a6c284a996675f2ca67d
DiT,1200,985,gene_986,ba1a660107a14e4a0c72aa5500a6d7b98904e7194e4304df0dd485e8e432bfc7
DiT,1200,986,gene_987,f4f5a55e730bf476d67b2507954d9f3228a44796eb6988bbc65f14943ba4ba55
DiT,1200,987,gene_988,ea380bce58356033d872e76f9bc36037ae7cae16a32f0d0b30cc413e1ff4bf80
DiT,1200,988,gene_989,342a248d80fa34946e7837eda51f96bf4c893875ffe995d35cf9914b9f7e479e
DiT,1200,989,gene_990,8b1ab7ba0b6a9f2b764a00d2606177d5ea2cd04bfad94cc6d0309eb865f45e30
DiT,1200,990,gene_991,a5d864d246011a7cbf509e44a6f2a38ba7cb088bb47528b0b901fe472dc2222e
DiT,1200,991,gene_992,294bf266958417a0de34b1c2fc35bb37b7a449bc39f993d87563bde8ea82df03
DiT,1200,992,gene_993,586a622ca563ba807e8ce129ec6fdbcba3dde136b7a780f162cdbaa13fba085d
DiT,1200,993,gene_994,bc021740a234689f2bf3b5534203904c901a1ec4055bc8a286f4657a8b24b19d
DiT,1200,994,gene_995,42aba4d78c79fa7cdb28094f5c6caac163192d174b7737b8e4f981039852f74e
DiT,1200,995,gene_996,eda4feb2384a19d05f0bd04f818d86fd1f28ac687b384453aed54702da2c21fe
DiT,1200,996,gene_997,995ff5ffffe3dd40d8aea178f188569bbb04904255c098b27db148484715c531
DiT,1200,997,gene_998,587fbde0751781c5ce5855cf8c607333c6799352946c19b09ae257964a71d58a
DiT,1200,998,gene_999,568375b771fc07e0e29102c71512809224bbcdbb8fa7aa239798ad074811e4cb
DiT,1200,999,gene_1000,cb9e17d828fede8ed26007a318ec51f250522c8590d23d19bddc7274d717dc9f
DiT,1050,0,gene_1,be76e232afc1c1a163359d4734bc252c1a704d9e5570c78e9f0f2f587f6f4dea
DiT,1050,1,gene_2,ff51e2138e10924b7867ada1856b1bcd458ac384f3609086a10f41fdd0855f63
DiT,1050,2,gene_3,5943d09e55e58ef68828123735dab9edb65f094a3b63328b53948b753f6a9301
DiT,1050,3,gene_4,e6c085999000ea24cddc323f48cb0720276129fed67fd5961d567c2e3c1f39bd
DiT,1050,4,gene_5,50a375d8227c664c1ecbbeddb7df47d76e2f811439109b8b4ed775922e49adf6
DiT,1050,5,gene_6,1bb9c9359ab3e75cbf9d3619c06263a35cefc33b759b1d49bf5cec04c4f3199e
DiT,1050,6,gene_7,4cf7bc5e41c7a7d6384ea050bd45dd48bc9a20695a14745c327b5efc4e085ba8
DiT,1050,7,gene_8,e2bb2091d0643dbc46a26ae61955108cac3497c62069d7520c039a0046a3f57e
DiT,1050,8,gene_9,030de5389c94e5bdf4ba78c7f3ac2bf46f5fe7261e15de5b9c264acb3146ad20
DiT,1050,9,gene_10,61ce103e49106f8d48e026fac64de33d8c44e1507399ea55ba0a57bcc6006992
DiT,1050,10,gene_11,2675f4c1c0c14dec04ac2d3bf006e123bc0daf48dcd8b6d260e3c96292fc4fb5
DiT,1050,11,gene_12,4b3347411bf960bbeedfcbb8732f8adc10545f3c0a6bdb4e287aa6756df63496
DiT,1050,12,gene_13,d4ef2386bbbad41ffa12075052cd33f31f680ac2ec3628d52f521b476a89af5e
DiT,1050,13,gene_14,14397abbfee3775e92168e04415989a923dbf987a02732099df5ed282b35adc7
DiT,1050,14,gene_15,af22573b80dc55cb99e2092aad0039c1089cef089468bf38fcd85d44673c846f
DiT,1050,15,gene_16,eb6d8611807542647867de6a3ade76d3c1c9947a9a67d5eea71c4ef35d420ce5
DiT,1050,16,gene_17,f6c4361a032382cc0cf18bdf57f31c0754db77c4fadba4425dbbf6af7a0f9786
DiT,1050,17,gene_18,6eaaa250fa3cc9b8faf964c11bd528dc4d02ab83efc000b95f20909dc525e1ed
DiT,1050,18,gene_19,8f62643c4b9d5acdcfe9d1f4f663135bfd80e9abf4b6dd3ef02745012c0a1c54
DiT,1050,19,gene_20,52cbabf202974cc4c403db762d60f88b1a725800d6158654698a00e9125916f9
DiT,1050,20,gene_21,e2e9fc19c736efd524b28730886d977ee865fdc03fe7b58ac9eafc28457bb039
DiT,1050,21,gene_22,ce48df6dc8ef504bba3140646496a30070d04a262ef31f656a09d99e7238c9d5
DiT,1050,22,gene_23,890877a95627da4d66cd8c8edb568db63bde623024b86d207f2172682f49b027
DiT,1050,23,gene_24,e582847c50bec54d3ffe8e600f099d953999946fc17c3e882aedd7d41147896e
DiT,1050,24,gene_25,9b96278f49102677a0e56d9d24e3b4ca5e158932a251642913869a2b5a2087be
DiT,1050,25,gene_26,2dfcf4f22c82f904f2c8f62c39ef55e529aaf154e45d69ba2115674d3db4d3ab
DiT,1050,26,gene_27,57b52f17153482e84a862e75b289eee22d6d1756b81b93a922bd77591f8f89b7
DiT,1050,27,gene_28,966a43b972c62c1829b5170c8b47da8823de967d7fd52c686145b0743a58e895
DiT,1050,28,gene_29,1ab138e2b29d841cebcebe2066b58c609b06bc66966698d399b861ceab592a5c
DiT,1050,29,gene_30,0e8fa9206c5c1b341e541f243a60f5f62c91a12fdc90c95c8e475776a37b6dc7
DiT,1050,30,gene_31,bfa11ba07234365e82bdddda5fd1239d8e72c3c6d2e6061df5ab0a016d89d5e4
DiT,1050,31,gene_32,183f130c67e97973440e7a5a44267c4ffa6cc77dac1a27489fb4fddb4aa21b04
DiT,1050,32,gene_33,580f64e78265ede4e3c81381afc5179f6f576888922d1852aee80dc2f38cae7b
DiT,1050,33,gene_34,2f8a3d7cd42457f60df14bd525bbba221afe91af6956e5e7c6ff56017ab07345
DiT,1050,34,gene_35,4bb4301641c5eec09d7c2f6e1cb4b195d62006ff6a52cde384ff7093c2dd8347
DiT,1050,35,gene_36,0d49f0fe61ac65c697f276d801406034b8958d68db8451d52f1e4236a5325d1b
DiT,1050,36,gene_37,05a24be722254b4616ee781805a31653d397b3f1314d2743cbe20a5399308014
DiT,1050,37,gene_38,7d4e8b2d79d380ef684749f739a141edb5e87099ee8393ef274b17e6e3698398
DiT,1050,38,gene_39,aa1d4147b48849a2ba541a328b5ea93cda384f428b57345a094bedf718fce3a5
DiT,1050,39,gene_40,566b75305fe22c384200db588d1f967045d66ba47f664e4531ada3e2da7f5bda
DiT,1050,40,gene_41,ca23233f441a75754d8d269b3d5205198cf488cb4633fbbaad3995dc7916765f
DiT,1050,41,gene_42,4483d837ab2013cc43941ebb6ec788314ee0fe411aee9510b242802e02dbd5fb
DiT,1050,42,gene_43,ff31265f5528c09eb32905ca8d9b95421c516a84d1b5707a85c99a6080dbcc7e
DiT,1050,43,gene_44,8847ba88a1729d9eba1b71e1aed1ec9132bf6383508285846fbae244078a1a34
DiT,1050,44,gene_45,577bb27950c871e31be854c9901c60a61c405cfcb8b332c020365a070ca1ecaf
DiT,1050,45,gene_46,6e722ceef43d7dd26a60db5ea0953e83c822f3a7b1420a42f2f0fe2a0e83b32f
DiT,1050,46,gene_47,622df942af827ee3135731e91dc4cbd9b47f3d4cc66afa008f449f12cf5624d4
DiT,1050,47,gene_48,f65981346af1b05ac2f60e14fceacea32d61f02e9a8171992bff9e3f68192e33
DiT,1050,48,gene_49,16f5db2f04526ce4d9919efef097b7a01ecb674ae33cde3259d600553fec9462
DiT,1050,49,gene_50,d829eec560a24777b79b5ef168dee02730e3ccfabde1377cd4f8caba03497bdf
DiT,1050,50,gene_51,56e266d228a70521a7a9c7415dfa93310f79e673cd818cea86ebe3aae6fe20ca
DiT,1050,51,gene_52,cd06978e7ecf8e9e178a0b51bd6b629aac67a87ba41939c29d01945c9d761424
DiT,1050,52,gene_53,df624903da81095153eb5a24653a7533fc969d602b905f5e4cea15e4e29e3f12
DiT,1050,53,gene_54,536c2ba5cf828d7ad0891944a14ef8927f7eb8cba7b17bdedfe96ea3ffe1ab9a
DiT,1050,54,gene_55,7985976f5f37a0f73023626095bee071e3ae9525c7c0686400adf966c511c8ae
DiT,1050,55,gene_56,29a0b0ce05eb8926eca37821d95fceba362df0603b842b6a589a7170ed6a9f76
DiT,1050,56,gene_57,49975fdb187564c8601a575d903c649ea57fa56dc27f65aebe51cf49a27b6f79
DiT,1050,57,gene_58,78c402a6bcff370ec984996390056e829bf9aa488601707165def52e8b3745f6
DiT,1050,58,gene_59,c78f840f8201d006fd8dd18f8159b07c63da9c8e3318dac3ba7ab2492b3a07b3
DiT,1050,59,gene_60,613c8021b5d084fdfe47f56bee779d0f560d87acf0f76cc7514810138e81411f
DiT,1050,60,gene_61,0f7c8575dacb1ddf9c5af8c59b6d4c34fff1c436dab7001955c126b00d8fada6
DiT,1050,61,gene_62,782edc809ccee8fb3c8f32044c93c0dc99aafbbceba99c2afece44163fe3debb
DiT,1050,62,gene_63,0881dc18e85e95d023d73af05ccff361bb7c3af97311415e7f394ff7c4db4422
DiT,1050,63,gene_64,68298d375cec65e10f51153adc1a7f886f7917c4f52fdf71d2139f89b13485d8
DiT,1050,64,gene_65,bb673d0c71c6b4954a665c6306154159681d0eadc3d5681c724d88d74745c9df
DiT,1050,65,gene_66,020e26eed2fc072721cf7b9cbab013ee51a45e08aa726cbf5c063740888ea52f
DiT,1050,66,gene_67,29e92e726c20be39437d337cacf0f4370302ed39e38f20c1cd4e6fbff099c6f5
DiT,1050,67,gene_68,313b4efa0eb753041ef94d6935460f0ac4134dc4ab74a30064ed8ba9dc7ffe2b
DiT,1050,68,gene_69,b6cf7b1a6aca21cf786d8b2d438635336754b7e4ef4f463fa07c80327c103409
DiT,1050,69,gene_70,b37e2778174111169135b9ac2837636aa9aaf3abe0c76a784363135cb449e30d
DiT,1050,70,gene_71,1eb8928ed7097ce9e576e7ed02b1455e1c7fc05e8cfb7f5c82569fdab6ed06da
DiT,1050,71,gene_72,31a78e4a67980fe70993331d2095327acf22923245667390f90081bb44ba5edf
DiT,1050,72,gene_73,835aec6428e10c0628c3a342ae2d80fa143eb9df103824e5e5b94294f7f9b4f6
DiT,1050,73,gene_74,e980ce3b2f907145f47332f6a29bda6ae69e928d0a5b4c1b1aec8941e744df08
DiT,1050,74,gene_75,ff2d5d4e72bc8b2e4719283ac6546d7b853d19d7c05d12874a4cd1c8c76901f4
DiT,1050,75,gene_76,165b35233197d94c30977c5e369580145ade4e36d84ac9a84335d0902d79ecfc
DiT,1050,76,gene_77,94243dab67af1fe90258885b8edc73cd1dea3dbd1ab897a5ee12d13f2b6570d1
DiT,1050,77,gene_78,56076c7ee2c726f72f66e67a382f8f24092605ded15813f00c9f8f09cd934fdb
DiT,1050,78,gene_79,9e29830ed5e27f29754984b8d5fbea14a3ba31c5079ba8a11e8f668ced5e1fe7
DiT,1050,79,gene_80,8fbd3180e9897054f7f57b6f270c0ea41a3e34d0a9c971a03eec76d0b8efb3b5
DiT,1050,80,gene_81,fe5ee906101d974d232afc52531c740ffff1732516582a437ceff93d06813c22
DiT,1050,81,gene_82,d71f54bbd5c4b35b26365b6b667b689e62693e651a4e15bfac818c076d213631
DiT,1050,82,gene_83,a0d01f34e18abffa83235b040d06b8e6b8f18039baa71ad5a0e1af5f03698532
DiT,1050,83,gene_84,fb88c7b6199ec0a6766c46839d74090675e87ef7be29aa2e390c6d0c0929238b
DiT,1050,84,gene_85,54f290d3382480a3ce7d127c7d661d60c38ef886c3e56a8b47c02cbb853845d0
DiT,1050,85,gene_86,66e341eacb507c005333bdda2cdfb6637cb0474fa0012354e20323b85c72a5c0
DiT,1050,86,gene_87,c01e0384a28fd64522cdc61b802c259a8f23e72dc94237e43ed5b2a3aad482d0
DiT,1050,87,gene_88,fed204e014d554acff85d63769bf753bdba2cca4de29c30e9f3c08b2285dc0bd
DiT,1050,88,gene_89,3c1602c26a66cb26cc5a166172c8a81a44cba96e536813ff993783a68020a934
DiT,1050,89,gene_90,5f80a3528f92aa83bf948649ec2cd6da29f2c0d0c12e87267a662779e9744e82
DiT,1050,90,gene_91,f38e91396d046796688c281389fe472fa902c2f7737d9236e07cfdb335699935
DiT,1050,91,gene_92,d76844b526b29357822dff8a5f7e55723f14dc7476ab35e332bbf350cdede3b5
DiT,1050,92,gene_93,bde00764640e56eac3e882e57725046c888a0fb4c2b292487a95205fdbbb9d2e
DiT,1050,93,gene_94,b18c10d3ac8b56370395f4a4a801fd880ee3fdb04363124e6d47a2bd43b30cef
DiT,1050,94,gene_95,d3930954fddfc7df1322ef31ecae000fb9724626abfdfb1bac03682b68bafc4e
DiT,1050,95,gene_96,d6cdea7d7528a8e8e15340bd057a7e07bea641b38ee35c5c811745ced6a68321
DiT,1050,96,gene_97,26d438a61f0210963dcb996b87e97b8f042b7bb9323eca2dad5cb7bae9c683a3
DiT,1050,97,gene_98,6313d46f9e8faa89ef60b37c420da4036a1b22a4d9b47369f5afbbdb8cf5f09d
DiT,1050,98,gene_99,408f5b5d81926dcfc138921c9c4b035bd2d2a5af1d17ed66da802627b569d3d2
DiT,1050,99,gene_100,ba56ec40c902d9fc03861d2ad7e5305ea070ce547fe43d05f6fdfce9995d4c72
DiT,1050,100,gene_101,06ec6e4ff9d1efed61e2da993552e2e76aa3e1417c250c6c3a14a18bf5705f62
DiT,1050,101,gene_102,df30fd3ca52b6affcd51b417189a1b13b8ace26364069384e8554b043d260d82
DiT,1050,102,gene_103,7b011b86ba8600907f8f3a4d17b9b76448d778dd9500b7bfe99f5a2f29a36dba
DiT,1050,103,gene_104,3422389da023a110f229af9fb8915be3fd724ff2648e62be799e8db1d672e3ef
DiT,1050,104,gene_105,d6a1be1ae4d79e290c17411af4d9a9c29a3d5dd72552efc7781adae8f61013ce
DiT,1050,105,gene_106,a390520785ca3bd693e6a5ccf77711abe6344e25183e634842edbbe5ff832651
DiT,1050,106,gene_107,3b444d8df2262b5f75f7859d9bf5ebeb91588857a1d61d6a90c4b3758a8f2807
DiT,1050,107,gene_108,f3aad3561b9b0d472150b1a009080eda6caccdc97e8fa4ad70096b0ebc06fb12
DiT,1050,108,gene_109,bc03645c9eac4e4df8d76b20960515e9f51c721a6ee214c792bde9334fbad936
DiT,1050,109,gene_110,e869238c77ed86a8a410769c67d5793eb48bcd315818864c4fe9e57e83a21c80
DiT,1050,110,gene_111,d31a8a93aac63e8f79a1b93313521c8085d2f62e9184885d8b546d8e8b71748c
DiT,1050,111,gene_112,789bfdd3a7dab3904056c572dde17d0f6ed98c5768e8b00049f297504576a362
DiT,1050,112,gene_113,ffb6bad2a5ffb3bdfa0ffdfff1b106a14d3aa0d455388a9838b9531f6cbd8ed0
DiT,1050,113,gene_114,7fa93677450c3905b1ca972aa91b585a81e1660d3d09226145fb55bb3d21a326
DiT,1050,114,gene_115,ef2f957aceff9065f43e7a7fa3a655df685344aee94adfa1b48ecd5abbbcc848
DiT,1050,115,gene_116,742a624f5ec2e281a2f7e4a72da0a75e578cd9b246948eae0b9af182ff001251
DiT,1050,116,gene_117,8f3ee5eca08202ddaf777448ce0488d0117daffb9c81fcc47cd54c6484da4616
DiT,1050,117,gene_118,b092e648cc9d84422f3c35a79753845793b23c60dd435eeeaa97fde04cd42434
DiT,1050,118,gene_119,f466b2539cdaeea596cf1c5d5fba197261d00315041af0caa418d2ebc6ca295d
DiT,1050,119,gene_120,bf417d90701e40700d1d2be0220448014df0f2bd041969818df61f5ca9b8facc
DiT,1050,120,gene_121,70a10fcb39ef120abe74ba7aa706776256ee6bbc37eeec7d43abe009512ff144
DiT,1050,121,gene_122,68eb49d21f13ca9a28015040e5a3656e87f6a5e80cb4948eb2cdc1dd23187203
DiT,1050,122,gene_123,c46c402aa9c82a3c9344c9b5c56a60aa584f5d67880c753a4d26aab00d16a2a8
DiT,1050,123,gene_124,78d78a2b448b533001fdc7ff77ae923f65f17f4aef410c66684f3d2c8cf7cbd0
DiT,1050,124,gene_125,8255d62dc0e65e10ee1f3f2a12bdf51d11dcfcf1adb517a7f3ce5fe44b8264bd
DiT,1050,125,gene_126,e92da91aa14035ada44a808f2948e73466444adfedf04b794cbc97d74dbd6d29
DiT,1050,126,gene_127,ad71cd702fd1d19ef236fb317634782ae15a742d373ffe64485c0bac2744f2db
DiT,1050,127,gene_128,1060f33c52fc3c103734a5e0d124f58b25cc27d551033be3cfbb2a6a73dad6ca
DiT,1050,128,gene_129,45572aadf7515542f2c5fc5154a7e9b5bf4f76fd7b92cb9ddf9187ebf5d00848
DiT,1050,129,gene_130,6704583535e72dd350b1d008b0712963ed4363d27b6afdaf690d1b5469d598a4
DiT,1050,130,gene_131,669981a5f11477f9f390035a47cab05287915bb1f263a3b0708d239e6b060443
DiT,1050,131,gene_132,060f9bb1eac502dfe555272f6431a87e58f8d0759fab2a7ba1e24b640c8c288e
DiT,1050,132,gene_133,87b7a568d61b6463f6844b2885b2428dbd808894b2b300bf7b845e50797e8f79
DiT,1050,133,gene_134,db3705487e55affb21ed347e68c56670aa78c1cf461584ceba07aba7aaadb823
DiT,1050,134,gene_135,f4c78f0f688f6e6cc9d210db976252d8994fe6b00fa25163dc268d667de13cec
DiT,1050,135,gene_136,f2fbad7674ae0c69c3ca103d14fa2d69fcbbb8ab5bb2b644cbc46a01bacc474e
DiT,1050,136,gene_137,bb8622a11d118150ff0a470c6a9d3ea52a769f2adb42980e1cadf2a87d1ad869
DiT,1050,137,gene_138,6b6246731d2026252165df90ca7571ff02a1db768cd7b2ce839e9fbf7c9cdd6d
DiT,1050,138,gene_139,4c847d895838a5a59825146e281455b4dd8010ca989917cb6e0cc16d6557d25f
DiT,1050,139,gene_140,24aa31d0b4a7453cc622ab2610a3b4d5bb094e8ec7c3843a5bf138118af86f79
DiT,1050,140,gene_141,098b54afb4c507f0eb3ed295292acce4e8639ff26a933b035dfbcdec8a6ad534
DiT,1050,141,gene_142,e29135a54e2f10ce7d1a0e6becb38667f76fd40a397561447939198f5deaba50
DiT,1050,142,gene_143,13314a7d3f8c80bbc9f05278489e802a09f962ccb30e03be067822138b4033a8
DiT,1050,143,gene_144,c1e95f63e848889a24b0f6f9b1178fd2e706407b4d49c5334173f937dda66a38
DiT,1050,144,gene_145,176c9ae1b3e0f790cc4dcd900964f921f1184327bb6d2739ef31bc1a744e939c
DiT,1050,145,gene_146,4bb7e387b5fdf045939b52e2eb99df2312781d3324037add38951ea4653230b2
DiT,1050,146,gene_147,f86bce36517bd6a347ce2157adec171b0211a0e35c785a9a9b850fd669e11719
DiT,1050,147,gene_148,56033739e0e3f5b8a75b0a094f28c15ffd8ea4fea982b11f14f1157815386827
DiT,1050,148,gene_149,bedfb9119042a86f564edcaf8509fae93b12de04f962f3c1a5d02a9f1c5f09a7
DiT,1050,149,gene_150,12d4467b67b5cd54bceb2a0a625b06757b589f2cee624544fd0044b1c68b57ec
DiT,1050,150,gene_151,5d417c21dce6dfcab03364de91174a2d464c0e8fe696791710a9f1a7fc96b97c
DiT,1050,151,gene_152,b4456efbcbf9eaabcb67c98c19f85811952e419c829f0825d23eade8ea942011
DiT,1050,152,gene_153,ad3a571e94f7d07e6ce93a67821b6a253ffcce5efc20237fc4899b06c8c35802
DiT,1050,153,gene_154,0a17b2ec96a1e66f58d12a41b6eee297b5e8a6aa4511c4baf6dd8fa09d461bae
DiT,1050,154,gene_155,7f43b3fa79844ad4951bcb4b3bfd69c8eb9698ae8798c500f3792f352bce4a89
DiT,1050,155,gene_156,17c1df618e78b0504c9ff5eabfa6160dc7595968ce5c0fda1b0742e8629bddb8
DiT,1050,156,gene_157,c936a58151e65d6931d51c04233c507286ebc5c7e9f7ef18424ac947c0e246ed
DiT,1050,157,gene_158,17de5041f27bf072e267340ae60e1c3b05f463e50be4251de3407572ba4f4598
DiT,1050,158,gene_159,5d8a01374748b4e8d99f9c4be1ac650959da9327850a0fb27a3bafc30b4dfbad
DiT,1050,159,gene_160,a1c741051d655e6ab0a09e71aa683a9d44dda7aa874c8b60cc848cf7e994ba48
DiT,1050,160,gene_161,ca76e753ee619eec2555a0c1a2e601243df3a8f14444aab98160b8911e0be9d5
DiT,1050,161,gene_162,225b5c27c2cba0e75755af32875d7dec6845c56ce613941bf79a9b45893fb6ae
DiT,1050,162,gene_163,e9c298bb0550d5dfa490f1048cae05d1023868262e0e6f83a63f91dcca2b3edc
DiT,1050,163,gene_164,0ea2dbebc287bd72e70b4a13032174703099fdb4e044a884a1e204ef2302be21
DiT,1050,164,gene_165,7f2ec7b6674421f6231d3ce384f6740c5e0845e40eed10625a191c3a1a27a72d
DiT,1050,165,gene_166,23011b6216cd4b2a672baa8109e7c0dbf9c02d668ed451c4b8b1c3e5bde2a0fc
DiT,1050,166,gene_167,8b874730c8c27f0ced23e538933ccfc6b6889c82bda4b4f21c2bd52842d496e3
DiT,1050,167,gene_168,a0e1aafc0de922b294beb076f1a4698b50de66b6b26950717d0edb6d83c2b321
DiT,1050,168,gene_169,2f1760ff6510a3bb892888a2f0b259be930f6f2f5c088120c23714b0ecc0ce59
DiT,1050,169,gene_170,51dabfa7b65ab97c83325ddfb1ab53db8998f211ded720e39f1f3f38799b20fb
DiT,1050,170,gene_171,29e7f61a0a9dc940bde5ea5a6e7370bc457a31b3486ba5f8fce5d34b27dd930a
DiT,1050,171,gene_172,64df2bd1f323b09738a1b9a3d3847f2a25ff50ab3152870c29267cf2d72ebc9c
DiT,1050,172,gene_173,6fba092fb44bf0c762edae9de6406eb75f189ef5bcb7415213e38117e06eb6d1
DiT,1050,173,gene_174,c3de2a616a60fba03974033c4f9f152d89ebf15bf3a8f7ea3be0f1fe623e2ad0
DiT,1050,174,gene_175,df0f3628ecbe1c213a334a16e69e8edb421afa9f6b7e92d00192691ebd3b2c1b
DiT,1050,175,gene_176,d5f7bf7dba3495a751262f4bee5f983c10323fdd23411fc78a1b97319bd5b9d4
DiT,1050,176,gene_177,203fdd09ab19d0b75612988edf9180331e88f340a05220103fbff8cfab0f3c86
DiT,1050,177,gene_178,29d2b25c0c3b0c4768d356cadf3ff0a4afeada1b06c86d70412d71b5ded1e361
DiT,1050,178,gene_179,987bcff95d9f22d928b3cc59a209bbb032c02ce2295bd4aef64d69b0f1072037
DiT,1050,179,gene_180,e43be0d9e722b52de4d3ff2b3805071aca3561070986fe320c1d6677a673a6c4
DiT,1050,180,gene_181,2ed03087b07c53c9b3e04b15cc03bd9579fff2a39014f4c5e7a193517fa28193
DiT,1050,181,gene_182,e5f9fa7e6095e10edbc153ce597c3450624a82d3d3b0b71c3a26c4fc66ac288e
DiT,1050,182,gene_183,a7b61ca8cfe635bc9640d4631958456383c29dee56e267b13855175834c4a788
DiT,1050,183,gene_184,404b753954d7b35259634583b7f382f93c71125e706d438cee9c707b5b19e64c
DiT,1050,184,gene_185,3b0d33d359c24cefdbcfb9e65539f4d8bf8df3638d30e1cb6ff331b42a7916cd
DiT,1050,185,gene_186,fbf8d5b2fcba0bfaf3b7f300ee99613bc97d2b5d8a191c037319caab8e5500b3
DiT,1050,186,gene_187,8456c1f43a39260555b045ff11c2d32c41c8cd9577cb79ccb17de7820621f992
DiT,1050,187,gene_188,7ea7071c9c81c6df5e727836bda3a57ef65a22f8beaee522075a1c58fe085b0c
DiT,1050,188,gene_189,df61e024b75c128a4378d19e30fe1c30d9cfa326f5e804949b94724524de0769
DiT,1050,189,gene_190,3fd1daf01b7c23b813719d385218b04bb16ca07e041e068a32d35e32875efd48
DiT,1050,190,gene_191,271803a1632630f24998d5654ae9972b06f3cbe08a93e49fda7853a4e5987b67
DiT,1050,191,gene_192,ceacf8af891ff2ae3fb61414c71473116de0ee7d74306eb118549fdae356baf6
DiT,1050,192,gene_193,7cf1b96d60c1d6fce17e9bac90dc92c8cbc786ea6cdb0c94062d05f7210da794
DiT,1050,193,gene_194,93bd9fe512b127651c1956061e8f1ed22b8c357e4a0103a91d1d557df92032ca
DiT,1050,194,gene_195,b987e772a34a2fbebf156598683b7ef4fc843961bc26f8f3eaf206bf4b2ad6df
DiT,1050,195,gene_196,c806e9246d8af50a68e2bc356f6dd8eaea06002af53e6eaf51d7d90a1b97df66
DiT,1050,196,gene_197,47fa6c6f9d76b1b3d3b6518c292209a07fcd9d809beaecd498d5ee92f18b540e
DiT,1050,197,gene_198,bc9d26fa3caf35e1aa6f6a842546cbe0cf551f09e445340836472573238727d7
DiT,1050,198,gene_199,5cc43d9d86318770554206d3ba9485a21ee808e5fabe386d8ceadda86e933f28
DiT,1050,199,gene_200,a1695e25d06e72bef3b2bc65387c912268d5a6d5e52864bd6e597a76bdb9cfdf
DiT,1050,200,gene_201,4cae10f02e64e67b8a2c820849f8a45a9dcbdea984b11d31dcca7c332c3553f4
DiT,1050,201,gene_202,bfcc5d2b37cf2945257034ae4cddfa7176a5b0b47bd20019e738eded9d029917
DiT,1050,202,gene_203,228229816733b6a5dbb8b6534bead8b153c9e86bf16dd167c66e678369e48c99
DiT,1050,203,gene_204,72eaf86b36ca1c903c4fd0a317c2db4d9d29639c0659f7d95344e8c3d2d8ef9f
DiT,1050,204,gene_205,a45930c4522e9b4e3f80e3017205152f76c28da6c8355386b86bc570fd79fd0c
DiT,1050,205,gene_206,dec22cdb4c901d80608ca63101dc87e9c1fae6ebd11343b0c93c52d30d4b79ef
DiT,1050,206,gene_207,84ba54b88518f0404400e0ac793e505daf7d1107fa31c9d2050d83c6702ffbe3
DiT,1050,207,gene_208,f46423b44b47c9ee968ee807cdd3b55cba9fe61a27e003dcba17ca6d845c47c9
DiT,1050,208,gene_209,6ee17bfd249560a6ee327680cde5ddbc78287f9497377ed1f0924b1c0827aa39
DiT,1050,209,gene_210,f50d30cc42ed46e434781f9415b2717c139a892a644c65052dd1eadfde5718c3
DiT,1050,210,gene_211,8d7db4e0beac757cd68ec051b2b060beae255ae4087fd9a6cf10c6b4d774a75f
DiT,1050,211,gene_212,c27db767dca2ec8045e54e691278a0515c13a4b353a2d437b25c652db7315e3f
DiT,1050,212,gene_213,2165f0fb153ccf3f79c48f20f34418fbe94e35c8eb207a732870c5f1daf0e68f
DiT,1050,213,gene_214,f66f3801956429295e2fcd39589f6391288374e8c2dfe9f3dbd3dec3f2e60b85
DiT,1050,214,gene_215,612ba82cfd8c39af16b1ac25ec8b16b1f30dc5cc1f426762a185eac46548654d
DiT,1050,215,gene_216,856993d6aeac5c19f60edd1083a3b0137f6da3b5065c9e7dff4493340dd18396
DiT,1050,216,gene_217,6bf1bf5cd4cb28c0eadda72d8efb155f0aa741c1ed8f3b0c44b5ec27d6314773
DiT,1050,217,gene_218,55ba50fff464c07306338d6db84c87608744f6f4e84fe742a63de35880187916
DiT,1050,218,gene_219,586f228f1c40c52272152307580a496165edb4194b01d2cc3c60015760d19f24
DiT,1050,219,gene_220,d812052d39cbd54bbdb887d2d14a3da084324d3680c04efafc8e6c4e165d1ddf
DiT,1050,220,gene_221,bed20419163db14a368fce721d222dcaa87890efd5caf19f42c39bb2117f98a1
DiT,1050,221,gene_222,bdda74bb8eac1d751fe251718aee3eb3bf8add3bbe1df4d147a092f501d6a819
DiT,1050,222,gene_223,9f2ac12df06ebbea339a5a97611353b98f6089df89e9626be84483a27cb2e649
DiT,1050,223,gene_224,97ad166b5d51d76f1cc55d3c06e75c8bc9cf1bb863409328a88213e8541448c5
DiT,1050,224,gene_225,da746fa738f25d2ce0bad9a3226b59897aa72dd8dc77303161933e5f9ef1af52
DiT,1050,225,gene_226,b840c793d4c7c2f213b84182ba20f783b5d65c6a93d9650d14e0cc69d942d576
DiT,1050,226,gene_227,36a63f719ca53452d0e16d374ac4099f16782ec5487451483bdaf1cd8e1b09ec
DiT,1050,227,gene_228,cfe60520b12f1edfef4cb3f691ffdff40756341848adc58a54476141f073ed4e
DiT,1050,228,gene_229,0e003c66614ba1e35bc8caa379e81dadf401a665253c05b38c7fa07de15376e1
DiT,1050,229,gene_230,ec2e25334a6e4fb86469ce7bfc39ae96281aa4b90de7b60e77171abba37fb35d
DiT,1050,230,gene_231,4b9d2b3f726edde91ddfea334c075ef6e51cc0b891bfae50a63cdff71030d3a8
DiT,1050,231,gene_232,5dd2d516df301b27e47a3df9a6c7e768fe54a6987d205cd2224f3ea61b2d4352
DiT,1050,232,gene_233,9772d6812798ebd19b8975559dbb3ae8decb9e835b7deb7f9a54d838b62ef779
DiT,1050,233,gene_234,2e39819adde478af97f8a7262991777cccb4a48d5b40f2c11faff1c6a08fe249
DiT,1050,234,gene_235,fa9a866b89343f93796e694abb30e95ead7f6700e166aefaa96ed187676cdb06
DiT,1050,235,gene_236,ec058fba344c0d1799821ea5ebb7fb74b1ed204122f277d424fe926267313e06
DiT,1050,236,gene_237,e71f6ab850c58daa196b9ff74f47d54e7a583bb1aaa1ffcf21fbacdff7aafaf1
DiT,1050,237,gene_238,6a12ab8c9e57a3b7886d355cb739fce85e2232982adc4730ceecf2d0b6134719
DiT,1050,238,gene_239,5ef05a4110b9250aad1e66cc99a652f0aa25fe3e4d5ff0fcfe27de4e4bf2f069
DiT,1050,239,gene_240,628ce755f79716c653038fb9b5dd59a29730d0bd5c79679b4705b609c53027ed
DiT,1050,240,gene_241,bd18355436a04f00057a7177eb84eab8140a3fbed5c94c179b42caa6a0bca654
DiT,1050,241,gene_242,67fdeefe468ff88acd2f541552fc824bdd6c27130352488842c32cf979d8735e
DiT,1050,242,gene_243,6ab4f31a9d9374c48289c19e46a38b570089af5a26da78e48de1a87a71e91adc
DiT,1050,243,gene_244,043d3865a8a241a6a343442ac0d0ad43fde47d1c9528f238bfbe2ec5d4778961
DiT,1050,244,gene_245,c49ec02908659f37febbc973ec9fb878869d7345b622b2f6b57681aea9d420bc
DiT,1050,245,gene_246,f5f72986d0a73cab748489e0fef62c64382b8b6958550cce0b3a685284c6a257
DiT,1050,246,gene_247,7830c1e778ead1306f276aeca588f2e7e8dd78fb365d36c1f8035f396a17f618
DiT,1050,247,gene_248,f7214c9e28e9451478492d9cd76b36a278b2a1d589e5cce09141b428f43e351c
DiT,1050,248,gene_249,18ae5a31d9fcb125542066a619ea2e850ad0deb6395df9b6bedbb0e96fa72360
DiT,1050,249,gene_250,8de701c5ac5b1a768cad0cbcd042959aeb063c65ac7061bf74667e91a34a3c2f
DiT,1050,250,gene_251,028938bcfd5dcc14552803a554a49441870c3e8f548519a822345df701a9df72
DiT,1050,251,gene_252,f3718d48900f9db81a7456dc564b3bd3727ac291464ead782e9a77ae0240f07e
DiT,1050,252,gene_253,2ddf74949285a53ccd0fd0c30c60d8f9790e13e60aa118952aec87eae003e940
DiT,1050,253,gene_254,b2741d205c43d5265861c0113a4ae7a2e8a07377852f824e0b7185ad0baed1c0
DiT,1050,254,gene_255,3e33110e0c1b2287dec051ae309a4a9d1b1929b385bbccac6df26b9f3a376f64
DiT,1050,255,gene_256,a38b4b25d5a8ff410047cab526057c8c244b15e0a4f0d3d9046d3db50cb96f9c
DiT,1050,256,gene_257,220b0b80db4d7ce3b70a9f780d4f7ba70e79a7d6b69e42362dbf9c8774548b9a
DiT,1050,257,gene_258,d878d3d16719894b5995d2c4bff98fa749923e30496cc61ced31bed67a5f27cc
DiT,1050,258,gene_259,aaddd5416ff762f36ba34c74e5eba28f1059533218b262aa543bf3b80848f9d5
DiT,1050,259,gene_260,cc7cefb213de0d1bc160249ed3381870db23732b687959feaf17338aa76d5c93
DiT,1050,260,gene_261,6a97890d294f7e1313f932d6a37508e871d5a613075039b82f27f42dce84dd88
DiT,1050,261,gene_262,ba9f911bc6474778e462af2c48c166a62c69ec84bbb3f3082aa48f0b80784f6e
DiT,1050,262,gene_263,07ce60e6247464dd1a4c8e8550586fd0f98421d0be6cff320aed34876c0c7db1
DiT,1050,263,gene_264,e9dd129f84afd890cd467a4baab9585e4b34de30b657eb6ea1ea2c810be9c9b7
DiT,1050,264,gene_265,5d3eef52d2fb445e33b774e843b62927757a5152f69d9bd1f6d8d601dee6fb35
DiT,1050,265,gene_266,01e484bded85d44d4ef98f9e74cba3c2598bb35f99e4d9eb5d5d5dad1627f2c6
DiT,1050,266,gene_267,3818068c7b79dfdcdf98ece91643b243bf77cd66eac71baf7de468844328d1f2
DiT,1050,267,gene_268,7b5bcdda5130d455c9b9a2490a17bcee238178569ce063e9c45d741131e71323
DiT,1050,268,gene_269,598b5f8ec55229f0a9eeea3bbdde6eccc6c68b7cf21beffed00addd1f7cbec49
DiT,1050,269,gene_270,8127ef5aa820318931526fab0c9e5a1994a4de11e4bdac088429b5d298093050
DiT,1050,270,gene_271,a886056b55aaac5823f357dac0ff3f001ead9b736b4e1ff7cfd195980ae4ba08
DiT,1050,271,gene_272,c5312d3ed87c2d2fc7427debf63c95d38d1ccbbbf2c21e7a8d0474c5e7a2f5c9
DiT,1050,272,gene_273,fac89660623b99654c9c2f9c9eee342572112acc2f870ff1a382998f5366c62e
DiT,1050,273,gene_274,ad0524ea56d6e93310d247b925074706c065bbe5bfb43e07314cb17327a1a096
DiT,1050,274,gene_275,322f3dd5de59eff0ce8df707d2d0b262e2e20981a9d98f7b9a6812298ab9ef42
DiT,1050,275,gene_276,daea73640d2535993ed7e6ebcb79cf67b217544896956030e4abb9cc01246258
DiT,1050,276,gene_277,75e0d561f8d471c1a690642d19db61b46433d5a94d05b93b3e48cedd4d9a9838
DiT,1050,277,gene_278,0459e1f04030a17bf91712bf7c8ac771d81ae822f9eaef64f326223d061c69be
DiT,1050,278,gene_279,34b30fb9068611049093c63abfead2496aca68fb1f18c9d6654d03792b5d49b1
DiT,1050,279,gene_280,d9e64770423b7c3e730b19470785de674c5544f3207dc6afb84c2e0aaeee77b0
DiT,1050,280,gene_281,733c396803c3cb394429b5b8c87c5a264282a3b0b2af0ceb4b729c7b9433dd1a
DiT,1050,281,gene_282,248141f5810c21b5da8f927c6ed423e17e8798478fa41d974a5d86383e614443
DiT,1050,282,gene_283,8c9dfc4d566568a7b34559a061af79475e59b889ec1d0b70f02610cf4e90475a
DiT,1050,283,gene_284,6bbd9b67550f15d24590b70480e4141ffa2f314d69848f4e35e8f2d332b6b928
DiT,1050,284,gene_285,02c51d72d4ad5a005fa084763d8d72a562e7693ed6103d5e8fe9a9f99cd1260f
DiT,1050,285,gene_286,69fe5404812ea24bed84f57020aeb69902b905ea9568b6bcdf33572afc2ba800
DiT,1050,286,gene_287,309a15ed1647425f746249f7cc7950a7bcbac94933b9cb595ab54d3c8a718d3f
DiT,1050,287,gene_288,52cf5f553ea9636ddd947e8bb22966b5e5d9d4ad101514be639524ddc83fc516
DiT,1050,288,gene_289,53c7b898ed092529c941b4d5dc50bb41edbd0daae994bd5d9e3180a86059e1c6
DiT,1050,289,gene_290,05b2785c233d7887d517066855a84db5b57142ec98ab76bdf70b19e6f0dc1456
DiT,1050,290,gene_291,58217a6929174bee0ae612c67c6ba43fc2029947beae709f5f38022fefc1d40b
DiT,1050,291,gene_292,8cd3fb7d4d22b1a198ecf498ba7976e701cae53f6b94d12172e9e2df5c3f40db
DiT,1050,292,gene_293,3d3fb480015c03d14efb5d358d3d2bf74af76e6564a515edefb22bee2a4b91c7
DiT,1050,293,gene_294,f037f3e7987daaf13562fd4c129609e18da01a85080e6faf8a9f7ba9c3548811
DiT,1050,294,gene_295,24535267925d19fa68ec1338f607dcd726ce41619b30a3e7a292e7f15ed49ff9
DiT,1050,295,gene_296,950a659b2e36bf1f4cbf60b0a5f1b3edbb62b9976a3b18c4bf962eec8a1d5240
DiT,1050,296,gene_297,91a4188a71388155317570f7b4a25c545569ccbb7b8f68ea0e0df5365a0ba65e
DiT,1050,297,gene_298,c337700ac87cf2308c218f1774421b57b2279a283027f700e1da2dc5c5701d82
DiT,1050,298,gene_299,3eadbb42bc3c4cdd1dfea7fd1348a06f239a9484014ba84274274f1cb2071ece
DiT,1050,299,gene_300,f0c142d2f4033210341bc0b95f25a4191daac1de71c52488011528e8dd4f0f02
DiT,1050,300,gene_301,8059ba04cb6181a2ba19adce3c244db01d91924cba5232e635f8090c9c9316c8
DiT,1050,301,gene_302,141e45cfd75e42b29b4e9dd886b190462257613f9f53abd9e7787175a2bf9903
DiT,1050,302,gene_303,148c5989486d631dee351ee037de614325993421952563e1df326e7f32d5fac6
DiT,1050,303,gene_304,4e743767d8f773f50cabc32a1f6b18a5d80dbc6833e06213d0c70490b31bac92
DiT,1050,304,gene_305,6ff93a7a00dca15cc8404c55319077b13842bd71b27abea59fbd413edb347d58
DiT,1050,305,gene_306,5dfecc6b5a22f4226c302c866a09e460cbf95eb7e6744e8de1b36aff6e2be277
DiT,1050,306,gene_307,4a75fc71a32fa1dba0391820ce57c82c8225121f36c6febc2841b6979ad084dc
DiT,1050,307,gene_308,812ecd7c041294889f55aa8a8ac16aff4882eb548154d7b86e790e543b71ba01
DiT,1050,308,gene_309,094661c0b71213610de215e6f2607c886d7fb26d930017dce48bb38bdb44a23a
DiT,1050,309,gene_310,aa8e86ae23f37fc7b6b5fb9fae3306753fdbbd546e8a0ecce889dc8231da4744
DiT,1050,310,gene_311,989ff5c235fedfe4a871e30065dbc2c61b84016101f8619944177963c2c5e9d0
DiT,1050,311,gene_312,2b38a185e159734cffd5fe0507bafeedd2c8a09f9127caa9568fdc98e18803af
DiT,1050,312,gene_313,67f7a728f0d0b0b08afe4c9c7f9cee2ac8296eb71c0fc518b304241182eeff6f
DiT,1050,313,gene_314,19660694df5e8d3b76fa16de5220657e8ec438c8a50e20886d6c352e8f879ca1
DiT,1050,314,gene_315,d4ddc76ec2ff36c8cf62e6b7d9d7b4ce605c89fa79f6b3d15148b7de50554539
DiT,1050,315,gene_316,cd9fc756b51ec33d5abc852669953ff37f445335d06bdaf6a695424b4e37c60e
DiT,1050,316,gene_317,9f5d7c009075065d96221270597852739846f72a329d5fd85eddacf0350e2381
DiT,1050,317,gene_318,4aaaca803c40747735471c669feb117dd1ee119f57eb782dbfcfa1b14054f107
DiT,1050,318,gene_319,fc1cc310ae042b0a990ce25798bce0e94f145f9bb4ecb61745ef9d4286a8a440
DiT,1050,319,gene_320,5c4d808b6d59f1a1f1cc0ac9b8123691b7aa376cf0ef51547afa055bee3e699a
DiT,1050,320,gene_321,d2df22056c6e214941c0dcea04612d3c0a9697e47c79e9e3561683617934d08f
DiT,1050,321,gene_322,dafbffe0e5a7da34dcd6baa1b6799d58510175208d837b604c91f496420280c9
DiT,1050,322,gene_323,4cc40386d08c70e58cae564690ef681436333e4219a5cd610f3074841c8b4781
DiT,1050,323,gene_324,1406c87559edca64f9db601da20480c11233ab62c3ae11c80de8e5a407812317
DiT,1050,324,gene_325,b72715c45d7202c838eec8d57fae8ac1dde93e651d2a280903553c95786b9663
DiT,1050,325,gene_326,2ca2f1b7a29612a8620e2c469bfb3de4f64389436e9f0617c4f51552023daed0
DiT,1050,326,gene_327,81e7512fb7895930555c41625b0ba45b465b954e94097769d409f3f38f62b37e
DiT,1050,327,gene_328,a16fcdc43e22c3d657589375266d0879f4d76c4509e708152397e34f337624fe
DiT,1050,328,gene_329,dd4a63c47ed87ca689ca901eef760f1819fb9595b69a400ec85170b2952d5673
DiT,1050,329,gene_330,37ef74950073268ea31fde1ebccf1232b4404934890fbbdfa55885e24a375404
DiT,1050,330,gene_331,a1948479a6f2cf93ecc2d64046738fe6ba078d7ae743f8ae1c2b97eb3efd76a3
DiT,1050,331,gene_332,f4ea5785f900ae5440ae080af3a671f8c52a18b28d497dab60fcb75bfcf8b29c
DiT,1050,332,gene_333,a860557a412d2edc802316e1920493564e1d500af028ba1c4af50dc95ba369cf
DiT,1050,333,gene_334,1dc92425d57809fc49bfac8700c4a7904d1871e0353ea1b162ed4d5e537e1055
DiT,1050,334,gene_335,1f5c3a55e2f3953af7b114d020125796bbb90523de3ef3634ed7794ee5c458c4
DiT,1050,335,gene_336,2b77eab86e3e6082e57e2d71c6890665482f23b60127693367a20f6347a53b49
DiT,1050,336,gene_337,623668108fc579b8df628fc47e91661f07310909184ecb5ca947e699148c544a
DiT,1050,337,gene_338,5144b6216fc48cb71275fb207ddb10cea5e251a324c2c09f6645c8cd35aa37ea
DiT,1050,338,gene_339,ed889a162a75bd9b0c3d041805dbfa582200b1b73fbec94d557c69b5fdc06ecf
DiT,1050,339,gene_340,ed233249341fba4bdad1afd1d54ac05ac44366463538b6a30e7bc4bb99f65526
DiT,1050,340,gene_341,dfe7e8e2505a0c13340f8aa9573e682c35320727b9451085a8105e700c5a1756
DiT,1050,341,gene_342,fd19cc765781b4da9a4706006bbcd94a3caadbd3dd82503230f5da4ac9e212c1
DiT,1050,342,gene_343,2493e58589f2a5a228682e8f6a7b12261cea6fa95f5e5bfb2c79c7f19e3b4a7d
DiT,1050,343,gene_344,56f614b5457aa39a7154c28a59f62203709be3ea0f7599eebbc349d17e5a5609
DiT,1050,344,gene_345,d2d62457b1469ffe78f9fae176accb10b77690ea548598398da542d8cb3ef991
DiT,1050,345,gene_346,7d14331e6954477543581e221614ff74c8245e26f21655c08419997e47cd830e
DiT,1050,346,gene_347,5e3330e8fb36d3f96063dd11ff07a8768749c17e695ce09f62dde3c5f82358cc
DiT,1050,347,gene_348,fb6410a118fe2802061eda7a915e524736bda51e1fd2b1c190842d44e23c7568
DiT,1050,348,gene_349,29a6d61d26c615b4a7815c39f3fd5373ced1e44a422201caf3458b817e7aa8f8
DiT,1050,349,gene_350,a7e9c88e05fbe89fbe17e82419e42692fb46dfd6b58002c4789bd02ed1ba653b
DiT,1050,350,gene_351,93847fc750808b2d45d699a6c35bed8ace43ec2850e5068c301b844d7ea2e32c
DiT,1050,351,gene_352,88639ac26d23367d6e4f4e92ce50079e543933e9427750e1f94d4dfa0b135a9c
DiT,1050,352,gene_353,3c492b5d67b69f84d771c73414c4a517e21d3d54d2e652eea87f91da474e9774
DiT,1050,353,gene_354,4695d9b0850f46440f9b8245ee9f7cf84e444e64916e0d9128acfa031dcdc5ab
DiT,1050,354,gene_355,bd89d53c5b9f8558c2c3bb9729d87ac92e64da0345d507d32b87696ccd8e98d4
DiT,1050,355,gene_356,57a1f5795e3fe38da5e325d872953d72e63fae9a0c07ea86a685b6782a56372c
DiT,1050,356,gene_357,5d8c72979a0fed4f5da79996b1feb83ee6b437408e4d176cfbd64a0022b3f9ad
DiT,1050,357,gene_358,3e807b786f62d1e8df740d3991340f909d9d7b75de064391049a957603666318
DiT,1050,358,gene_359,abf898756020da3b4416f9f153228b7b24e3137a48199720a4013d70fc3a4f50
DiT,1050,359,gene_360,c0e2d700bf9586ee53f02908699bbec54c19e5d851357968ac33421ac9edd53e
DiT,1050,360,gene_361,764f60de4a5084d14ed394599d83babffddbb6b6ae349dae4ebc37b8815d1046
DiT,1050,361,gene_362,9073566415eed27ae46d143aed645026c0ea3761e962f8ea0101152ecd49445b
DiT,1050,362,gene_363,0a5e381c4dc275bad4464c6a1206c0a18b01131b7a967826c5cd01919b3b6d76
DiT,1050,363,gene_364,8464ca0049b56c035da80739bd608fc3ee90b1589c3edcd49e114dac35c5b047
DiT,1050,364,gene_365,966ec154088f865192ca9f08e2a50b2581cc6a82357ef943fd2e6cf4830b3d5f
DiT,1050,365,gene_366,34d721e24a82e48d0990c5625cbbd9f07e9cdfe6a4e683910eeeff2d7f34104d
DiT,1050,366,gene_367,28da2271c07f69dbf6411ac3b0eec856e2ab53e8764cb47c5233146c846d9692
DiT,1050,367,gene_368,ec0f56c5767b211c0ebc77e2404b976e58e907c6ebd7af5314a9f736f5cbb559
DiT,1050,368,gene_369,07e3727ebf2a938567eb8d193bae15535f8c066a6fc99745625f27f0974634cd
DiT,1050,369,gene_370,ac256253efa8461f5bb9ac0e0f7656341a687b0f949dcef24110ffd6f964a7ae
DiT,1050,370,gene_371,1cb498a4e27f051656e42d4ed35a04afc2eddcad5cb7f62f3fe5df15d7d92c19
DiT,1050,371,gene_372,7ee5704eb4b2514728786d0ab8b14d1cbe1bfcdf1d396fe67a5cf9a279d5ceb6
DiT,1050,372,gene_373,a094faae150a35c1cee7488f4978b03bc8e7569ffb6f2bfcb5e423cbb14b13fa
DiT,1050,373,gene_374,5e4769b64b2613d4e8f0eb489340ca6bd65fdb12a1ccc9132082565967a96365
DiT,1050,374,gene_375,b140272c855344b99bf98df375fb7cba5b8752020c60730650414190c6251267
DiT,1050,375,gene_376,e37af224db448af2e68a4c232be5cb9d5235d56e1ca9fc918703dd097fa6d437
DiT,1050,376,gene_377,aba93e34fb3c564678d0685c38932b43a393a5f3552b8214e2a2ac369544ef78
DiT,1050,377,gene_378,4713ecb36fa5f83196c5e69371a42a8d6c865271c1e03ffd64cb7b120ed5518d
DiT,1050,378,gene_379,7b5ef2aaf7cb945319268c3039db447df592fa60050571e1443e74a8c38887fa
DiT,1050,379,gene_380,96147482609793bc390af3a4aafca52c6636709e63f3ab9ac12ccf830af24971
DiT,1050,380,gene_381,3dbdc7612ec131c36c630b1e48d00accdde678dd0718637bdb94956c0643f283
DiT,1050,381,gene_382,26b60295a5fe1fcd7b047a12419b30a745d76dd43484c08f3bd3b6f017296e36
DiT,1050,382,gene_383,d87457090da55308006b7b46f162f6a397f89bfe75e535aec365fd5f0fe938bb
DiT,1050,383,gene_384,d9e295b4ff1180c8dec77bc8cde06f2a5e93cad3a4d64af0deccd7afbc2cf38a
DiT,1050,384,gene_385,6be5e71b68e4a1af0482ce33781864df045af0a99e3faf11ba9274c702604654
DiT,1050,385,gene_386,1c72261baa3ad32b62afff95e3777f1483235afa75758a32c45bd1c6265ad458
DiT,1050,386,gene_387,8a2dc0a0e6a5825b28500276b2486d9c21ff38b2520eaeadf891ef3ed52027a6
DiT,1050,387,gene_388,5a7ae3d943f4e481d9386a5a51017c05bc45e8ed9262481c00ecdf6a220e203e
DiT,1050,388,gene_389,3f40b802af7e761a1f2aa8c5b1c2bed0c0addfd83299a7502f78df679970bdc0
DiT,1050,389,gene_390,a13c31adca2c5c579d9a80cafb0766832915950e819ca0bed76de5d837a7b3cd
DiT,1050,390,gene_391,54f551fd66440ceec00a8781fcacbd55644fc060c4648202b89d71df3faef89a
DiT,1050,391,gene_392,c993a6bf97c2cc4fc5c9dc7f4d3549220721ffa9c37854d06dbced6c208885be
DiT,1050,392,gene_393,d2202c94d633d761fef45fec874057a30ee754288d2daa9bfb921cecf2a85bd2
DiT,1050,393,gene_394,70c321bb4afdfdbb3bb2073edbafde4cb7606596b316db75173d5058dda44321
DiT,1050,394,gene_395,be6facde33efbf6169391d56c68dafc4be5708a1318e7ba32cb2979877fb9cb1
DiT,1050,395,gene_396,a3887ec96d26f7e06ade935b7cbdeaef7a19e82e656312481907e743c4eaf9b1
DiT,1050,396,gene_397,b8115baaa045307cf9a432b84cde1342d5ad9553c5cae2db59a85ff3cd5945d7
DiT,1050,397,gene_398,63088125aabdac898e65ef1c45ce2b9fa33fb2af8e375d9bee482274a2646a34
DiT,1050,398,gene_399,4a272e72e3371a9e9f80d076a086ce36fb2b24a351b684adfb94873f3f0e50fa
DiT,1050,399,gene_400,2f0cc9c5836914ba6e92e8026f1fd7fb8d8593269ede10bd1b03a462e2c1c2d8
DiT,1050,400,gene_401,3b17ef1badfd6b609b8362664f3defdf8e7272c8d55aaeeeb157c35559df3bf5
DiT,1050,401,gene_402,4b5c1c9e1df8c516239f6addbafa95ff6b6384233d6090450ac66f6a54e220d9
DiT,1050,402,gene_403,76c7552419936b12a2bbeb0330f0bdbe2e4779ffd4253f6388e905c853d0af4a
DiT,1050,403,gene_404,ea3085739f041e7d01156de7af2fa764aefb28eb97745c597be86aed2e299dc9
DiT,1050,404,gene_405,52ac948a6a34579388841028bc17438ea97c80c2eb659febe7beb5dfb9a59106
DiT,1050,405,gene_406,75073f58c43c8edade68dcbb1b4ff9e4b8603e1e1dd8a61e3ecaf73488b38e2e
DiT,1050,406,gene_407,d83aed4ea9d764a9417a6507de9c1e790b8dad2a826a52a8790b552dd2f52dcd
DiT,1050,407,gene_408,8f0754f5bc6965f20c5769a391101e62783cd4871965c6de577436195fd8c406
DiT,1050,408,gene_409,351a8078fd422229dfe8893ba7be75b8b7270519e151150af19535ba20e21aeb
DiT,1050,409,gene_410,5d832d91fad0fd31416e09d70b57032b91ce1fe8d936538cd86ad15746940a92
DiT,1050,410,gene_411,df524da9a4da579d03d637555712661055c5febf6c73b63074304cbe0ddc52f7
DiT,1050,411,gene_412,f6dcbbea0a1abec51532a3d326dfebc079ceb6f1487ae1575e2909ad3034d6cc
DiT,1050,412,gene_413,bf7515bdcc6fe4d19629ebeaca03233b8945fd375aa7dc496dd2f91ef5e2bb32
DiT,1050,413,gene_414,0786355576fa2fc36aa09fb7f46e896174ac6af120639630f1c0c438a7b7f9ac
DiT,1050,414,gene_415,1b579d3111f715e6cd44d258f9a50d63829c861aa3b13a51ea29828c9412d733
DiT,1050,415,gene_416,ff2422d2c4c4da9979d889027e7f31324a1498ce360e82ebaced85696b8f2bbc
DiT,1050,416,gene_417,e25eddbf6a4717a5d2c3f49aa363486e63552563969d711df7c0fbd2fdbf4c67
DiT,1050,417,gene_418,42201a01123266ce9f38c4a612fd99fd5c7d51475d16680b235002119dfa204f
DiT,1050,418,gene_419,7fd09325a5164ce495438ba1d69d08467f7833aaaebe54173c6273365d9ba137
DiT,1050,419,gene_420,a430a1d6b433323db727e6d0f4081961fcc122a58fb8c026ba672cbba2f3a36f
DiT,1050,420,gene_421,9109ddda6bdb155fe83c5757a2b1f7c92f8116e073cd210210f90a6c549cdfd7
DiT,1050,421,gene_422,85c3822c778295b046136435803d99dd9b0c912cd8fbd66cc324048fc98f0452
DiT,1050,422,gene_423,ac6037afc20a310cf95886f49e072379c29a094b4a751ac6a419383f05b75ed2
DiT,1050,423,gene_424,9dd51f83353cdd629637cb7a241ebc9c3a64ea3db10fe5615e358be30f42de15
DiT,1050,424,gene_425,059aada17eff6674e7c48cd2184e8f0ff288cffbdcab2836b413217294f93912
DiT,1050,425,gene_426,58c5eade28d100a2574f5682f17ed69ad088a6ef5dffdc002297a95ed6686e43
DiT,1050,426,gene_427,62e9a175d1220d16d825dc3673ce381d5a0b8388fa82a068161f266ef427b404
DiT,1050,427,gene_428,f7071185e33a333a86b161d5bbfa53575955de51baa398b2ccf025841c39ec1d
DiT,1050,428,gene_429,3ec6ba9d1a9605842a4375a1b9891919da7ce073868e02e78e0bf3bf76cd1ec4
DiT,1050,429,gene_430,845ff4448a3fe89db95d4eb4f28fc0c6fdeda6fd8f0a5e53ab42394c5961c467
DiT,1050,430,gene_431,9f519359f629376cd21dffc181350c6404df3ff48f78393b50d9d8647b2c8150
DiT,1050,431,gene_432,66752e2f1c58c60460bd567ffb2b0dcd7c0e30230a265f8e028cfab2aa304c3f
DiT,1050,432,gene_433,3a0f8a92498409aa75a1b1139152514638fac63c8a599f0b90f6ad1843721814
DiT,1050,433,gene_434,cf195918452bec6546dcccc60efd317eca7922894717032ea3a37dbb144f30af
DiT,1050,434,gene_435,281e8d060ee9b23babb4e2f39a5830da4a2b26f1ad7b89bd179b081e431e5941
DiT,1050,435,gene_436,787ab10198ac947d0b81025e4c02a0e8d7f4fd38f4c23731589940d0e2743eb1
DiT,1050,436,gene_437,519ad1c5c8eee0a5b876750bbca441ca7affbdb43c5480fe8346df1f8ffb7566
DiT,1050,437,gene_438,b220ac0cb7c6553404e6909bfbb0ed6a6492982d6418f7a322aaca08b2d1d38e
DiT,1050,438,gene_439,1433facf8d687720871946c79db3761db9f2ec2b4aeedd51727c4e9e2575e38e
DiT,1050,439,gene_440,746183d293bef372ef3a7ecd3d545e0cdf85afe4c60a45441ab4f3448348eab3
DiT,1050,440,gene_441,5eb5c0aa4d752a3bce3c28b4ba5e265b274f75ec5be919c4db283a6d849a9f1b
DiT,1050,441,gene_442,0f1f987a91d170223b1052904e3f2c3d159b7eb3ee73ea65ff81d0854c61996e
DiT,1050,442,gene_443,94a4b15a963961201fcc748c729e1a858ffaa3e52f3cfbb50c474a47bc42574a
DiT,1050,443,gene_444,77453578408db40af609281ab84efe7091662c1c16c6c7fd42bff3fc8d3a48aa
DiT,1050,444,gene_445,0ded44f037bdd7e994aed2145609f6264c837c0248563d60b2418f233cde0590
DiT,1050,445,gene_446,f131fdaf631905dbd510df422a512978262ec3b6b9a4b6ea27db2fae1645384e
DiT,1050,446,gene_447,b4e050445d5d30d1fc92bb286fc673cc17c8d98decc342f670a6fb28c1ff60b8
DiT,1050,447,gene_448,deda91239968f09881e104a86255e876a637a2f8534ef8b0f3f79046849b70eb
DiT,1050,448,gene_449,4e69fc5b0ef65569c819ea658510523a801a6dcf301b99202e12f475105b5303
DiT,1050,449,gene_450,42056616dcbb8a8d456cf9567bb7cf2d0c39d3f859736b40f08e4cf4916f6b0a
DiT,1050,450,gene_451,ab701769de016db1f9c9be4bc294e30a13258a9ed12a7484f59e5825a8cad986
DiT,1050,451,gene_452,0d2c2abd93a4b8796ddb946b9fd79cc12a30e8c3e51fd826b60187209c385109
DiT,1050,452,gene_453,b58c0003a642fbca72bed0124b645f4a6a2e8d0a74bf390556f885211a2a52e5
DiT,1050,453,gene_454,465c70312395a371fe498c145e75f67ee740e4895aece279ae8cb263d06fb20f
DiT,1050,454,gene_455,137b73f27d5ef49ec4ccd6f345bceb7801d7945b4c0d7156057b1475063edf02
DiT,1050,455,gene_456,645e0e0eada7344dc8d65d48c8105d7fc9bd59648ffb74b2eb26bf8e2a9655e8
DiT,1050,456,gene_457,5b096ea433f1a4df47c8c75338a2568055ce4173f6acff5ec55cc17792e0c803
DiT,1050,457,gene_458,b1f6502afc7e53fade173e9ec78e6759d6c2210898fe5d8feb83403a55bfae10
DiT,1050,458,gene_459,d26a3b67b332935a2a8a443322e2a61bb83eedbe8c5310c00e440e118a5bf912
DiT,1050,459,gene_460,f92d3bfa0307539d79c868bc5cafe34401d9cdc9f48043e0df804528b348e364
DiT,1050,460,gene_461,0f5aa89a1e84c294e5b5d617b956e617ab596954ae7ee8df90966e369163f65c
DiT,1050,461,gene_462,c1ee161ba461ced9f9eed928a49b0a25464218420890d24f78363945034f3957
DiT,1050,462,gene_463,1f3fe7c6ca17d79b52fa26f7f96e8f4f4c79f0910133453e9e4e10caf2a18d70
DiT,1050,463,gene_464,703e2192af548731cecc71fa3ef96bb80b6b9d10d571f16e1ba02d1f6ab20d65
DiT,1050,464,gene_465,5d57be2532e24b7c54839fadd189917a975d45a26af1a824366d5f7894fe9894
DiT,1050,465,gene_466,67125c08d90ece15accb5e08e2603cd726bea01dd85a5e164806d21b0e971dd1
DiT,1050,466,gene_467,203037fde2a95c536ba250ddc87fe60224e28c7a639577dba7f553bab9ee7f5a
DiT,1050,467,gene_468,f1f334416b090ffdb6d480c7a78b9a1940b48d6804dc1f4029b3ba69d5ad07c3
DiT,1050,468,gene_469,25ca94b8b37e13696faf97df4fdf30ac52541f51efb5402ec8801c47a1da2d07
DiT,1050,469,gene_470,7536fb955291d7fc3674dd8032350cf49cb93d5cf25189ad1bd6e295359735b8
DiT,1050,470,gene_471,d38774b0f92eeb5309aab3bfd8430199cc5ecc28b85ce4f5cd88dfc0c4c9043b
DiT,1050,471,gene_472,8f073ecd336e7d779ade7d11a11a86ee6f645f1d417b70cf3924a3d098a873f0
DiT,1050,472,gene_473,7f3143d2c07926b9bd8842591144e8b812fec9b14fcca2a5c24ff19830a5e5e0
DiT,1050,473,gene_474,481991b5d17b8ba8c590e02aa23c30f78d75a2044bc20d5cb83bdfac57fdb1e9
DiT,1050,474,gene_475,f0fa3ede8ed6d263ef9495074ef2370b5ef6b0823777e921a857addeb29d44c6
DiT,1050,475,gene_476,a714df4156699b11f3ee1b86e4274b801a379ade78dece7b517ece22796e0c53
DiT,1050,476,gene_477,f78e47a2aee9f5c5a076864702e6e716e3870720b1b6b4de616f8a5618010d02
DiT,1050,477,gene_478,ac9411783026fc1f85f7ec5f916a08b364f30710e5f98a66e62b592a342307a6
DiT,1050,478,gene_479,20f2053a60b039b5506387c0d6a5c8f203804fa2874cc9402e825dee4c4ba6d5
DiT,1050,479,gene_480,ec19cac00448283070ec46b6670c45ee30bb3a38766f14474338e76a7a61a4aa
DiT,1050,480,gene_481,cdf8f7f104493ad953d82fd491ff8da5d10a6d5bf8e3aeea520ef8df6ef0aa27
DiT,1050,481,gene_482,192c11bab2d3fe684df91cc5a3c2526543ebb7db45715ed34ec7b576c7775d58
DiT,1050,482,gene_483,988b690ac578bce2beb2b6f2fb77c313ab5c476485739c01d39ea7535cb07146
DiT,1050,483,gene_484,385f1ff2da476f21418f0245962ca641ea41ab5176f73d3001c0172cf3bf4ed7
DiT,1050,484,gene_485,8f3d5c6fdaa18f8a8dca65f8109a7ec88c5824b1349b1485088795b68cf26bab
DiT,1050,485,gene_486,7bd2f38f9aaa5d8bb8410e301b65599320b5b4e6dd3ddc44d611cd4ba4f233b3
DiT,1050,486,gene_487,1b3221d48217202e95a6357241bd94fc6e8cb3a70359d09bdcdebfd425c652f5
DiT,1050,487,gene_488,ab3eb9a11fef0f85e20f5c98fa5fd53340bfe8fa13331f287e62325cc394d238
DiT,1050,488,gene_489,35c6c6942873454642b963d42b5989af69e5b268620aed43f7a1c8e2c4f8a561
DiT,1050,489,gene_490,6629e145133361a9c27d88cf35434bf5fa1603e05a41dce31b0d28d1a4645063
DiT,1050,490,gene_491,92db0a4e1c122e1eed5a79da4872a98dd208291f36284a77831e2cdf2892eb93
DiT,1050,491,gene_492,ecef94be94fb629312dead438ae103b716e4a0bc21fa7084271f6c88341c402a
DiT,1050,492,gene_493,059764e8209b509b6366054add9196b92f51296cf2d8e197244778c439a0cceb
DiT,1050,493,gene_494,acfee88d13b31d2627acdea1e874ceb8aa11619908e0f66953c24faf21e35463
DiT,1050,494,gene_495,875d0ab7d35fa2783fc0bc224a1dcac1d6ed05702cfc59fe35b33062e509edf1
DiT,1050,495,gene_496,e538ed1693804bea88cc966dc6f0d9452da9f671b9626e96fa77c5710b398aff
DiT,1050,496,gene_497,565d96b1c0bf56e87586145490ae0bd57f0bdb20f9a478acc29426c864811851
DiT,1050,497,gene_498,ef6520ec8afe525c7ed6679976adfec144727b12634b38ba10718d763f0aaeab
DiT,1050,498,gene_499,b85b16f3f6b5bc986edcb8f73e26b6db31acb4ab1fe8dcff06dd9bb3994d3e07
DiT,1050,499,gene_500,80b8ff6aecebcf518d8b06632eecd0df492694cdf68edd87b45837c417b15875
DiT,1050,500,gene_501,3c9886293d52069c922802417c9109ba03f98818b3e2bd489a0186ae89124d2d
DiT,1050,501,gene_502,f798d0f5f40db933d3729c7bf8d9ba52e922d4a342b2fd1d10688f6274dbacbf
DiT,1050,502,gene_503,b9658fb231546601071ea97523a055ae1b3f254455c01f009dee8ad2256f7c3d
DiT,1050,503,gene_504,854e6638cbc6ff14e2d3883345ad0c92ac75378a396c7d70e66cef8be5a76b34
DiT,1050,504,gene_505,57ca5f80ee99f6e4c8492e65fb39343cf5b1786105b55fadaa068a5de57859f4
DiT,1050,505,gene_506,9e26ccf6815dbf48118248f58c8acef1149836534d43456cc02f14035bcbafd0
DiT,1050,506,gene_507,9d388af65ed24a353eff3797156ffc377abba7c9c0fdce7da224930f58a04f63
DiT,1050,507,gene_508,b0688e378b0ab137d85de51de6305abfb14b594de945ad94be2e5514248466a6
DiT,1050,508,gene_509,ce5d36a37c853cef6e4ea5f030225c2824993fc306ee382e34c8d233a6ef5a98
DiT,1050,509,gene_510,3766547375c3188258e834973f31ef32dc0668c3c461b1a18fd74c615aa02fdb
DiT,1050,510,gene_511,6d08cc6cb66d89fcf2520ac6b038e78e1f4d2c14dc79797a6dc10a41dae7e818
DiT,1050,511,gene_512,e1c1692ae489b9acc47606b1771cc89a6d9c4f7719e36a206ef6535591a1d6ae
DiT,1050,512,gene_513,acb923e8165011dc5618751c1626cdefc1ccb1266e18fb8975a67365b5806cc3
DiT,1050,513,gene_514,33df6bdda0e7c165ef27e305340bc818dac55a04e945520952440a9d09320235
DiT,1050,514,gene_515,4402dcffc9b30501d1f5e978d0327df060d65eb7d684cbd372740fe8e54c2c84
DiT,1050,515,gene_516,3041948d6c985a4bdbebf39a0898b1c9ee02c6be78ff6554b34b347aa7568c82
DiT,1050,516,gene_517,73f71386f567422a67b79bfe031064e1498b9326e30f3e0d9be8cd432749e2c2
DiT,1050,517,gene_518,dcca7361811867e7af42e894fea5a5acd5bc35f4d84c66419178b8224c76becc
DiT,1050,518,gene_519,aaf79f4c254c9a1909d16ff42fa96074022e45cd62c04bf5a51ca716e6ad8161
DiT,1050,519,gene_520,79616f84b9078861c3c6756247db097dcea3c6b5991fda6f2c482b9cf375b6d2
DiT,1050,520,gene_521,a4ea9a1d7b8ec582c0935074df248eba8745f7231807420871638cd985fd7bee
DiT,1050,521,gene_522,2528008bac68f8689dd8031ce175933e205b68af0324f41d31859e0f1cdb4124
DiT,1050,522,gene_523,6acb6ba012871cd6734027b075ff219b5244bed291dbe382a67119c1a1483a81
DiT,1050,523,gene_524,09ed5177b76b5233a5c0aebdd6b8e58da841480ea80dfa1da85795a003324994
DiT,1050,524,gene_525,4a63ea79f9f0ee86fa10a433df5bb9f335830e03bac1dbe41e1590a731010696
DiT,1050,525,gene_526,e7d4c388b3f4d150fd398aaa0aa6eed1ab547b0045ec089586918615d0680435
DiT,1050,526,gene_527,61fb6ef108c865e1789d81bf68b5b48555b942456422334445b7e9b41207006e
DiT,1050,527,gene_528,019f7f612616fb5aaf103a7d493afc8a569b41a78718e3c6732ae64bfd9e9c29
DiT,1050,528,gene_529,27c41df07a78785d42e7c5d146aa3117e7a71406923cd62eeb17a2a29897e56e
DiT,1050,529,gene_530,15dd4a0bd887f853c76ab64e58e7190932c2cb8ed575b7af83c64595e5d177ed
DiT,1050,530,gene_531,3ee8f934f4e12f84e8d86687dc9154a12225254554edbe29a9fd9266993184fc
DiT,1050,531,gene_532,8b989868e6e466b3cfe831fc7044a5c79558a59049ef87dac30784df6fec0520
DiT,1050,532,gene_533,3abf91c4c64e4320f2d709c9ad4941b55021bafb2ac995c7513af6c0ff42c29a
DiT,1050,533,gene_534,4e5c527a9bc4f688ee1196e07bb35553e4604eca812232f69555d109a35ffeab
DiT,1050,534,gene_535,89bc0ab156258e19eb8e5600aee15bc8e4d95910049107af3e867b13523d2405
DiT,1050,535,gene_536,01fc44c8492228b2c8b8aa079b981ff83a46debee61efe465227b584255a07f7
DiT,1050,536,gene_537,9819ebb3815cf497599e7c84a2cac99ce0e6062e55365fe8c08c10758cb57ba9
DiT,1050,537,gene_538,12d286ca603b02640fbf9029908a6fcddda1d328b255bd36a2c6d5306f621601
DiT,1050,538,gene_539,2a9470ea2e6e6b24a9c346c3a59e9ac4b6efb5efbab1e13ed893aca917b4b153
DiT,1050,539,gene_540,53500c312662f58f0cf64ac895c3ec249d16e7828a549ecb3348bdd80f7bef1e
DiT,1050,540,gene_541,df02b305a7affd5d722e1a9d468f4860bf42c94e7c4006f79776e370ef5d9cd4
DiT,1050,541,gene_542,a420417099c6f614461c80cf5dbd12d0b8d4a52da5856beb9887c7bc0b145ffa
DiT,1050,542,gene_543,1bdf4821b1b06eb000aea7ffd4dc30a5ea0d00a7feabde60195a1967af66cc0e
DiT,1050,543,gene_544,940367acadfdb885eb72ab4369227d3d5ea1cd8e36073904e81aa6b537b32040
DiT,1050,544,gene_545,a55e14391b0874002aadf827b7330c5fcc443c1600330a2e98bccb62af8901c4
DiT,1050,545,gene_546,ae14faef92fe1bb3d9bf6338a5e3e9db0942b4dc68b01dd539c603332ae68269
DiT,1050,546,gene_547,6f4135ac0fc39be95bf48afa314097e08fdba293f19a8f2741d927d2bbfffcff
DiT,1050,547,gene_548,649dfe6b2e34c4089b2dfb1bdb301686b954d574a987264f70d48580b81236f6
DiT,1050,548,gene_549,7f2c4d46861047d3e566dc9ef4271fa04844e00469b4a94d70cfadf787f7efcf
DiT,1050,549,gene_550,827762d787253fe4e95393ac6eb902dcf6f1636df79a37746c3866cd872cb7b0
DiT,1050,550,gene_551,0384640b27d5a781e3aee6b8e6ca5b79235fe17a456a773344a74ed0fb06dc5c
DiT,1050,551,gene_552,8fed6a241112843f35337760fbf8fdeb530271c97956573e9aac5cffe078f1a3
DiT,1050,552,gene_553,ef01dd4218e0328396dbe6298d321c8ef10820314aa67e8a987146d87fababcd
DiT,1050,553,gene_554,92728db22c588009e61e4d0779730ec016f13645ceacdd51954f635ac6350db9
DiT,1050,554,gene_555,397c7b436bb1f5d88c217fe892f1adf9f59b7d01a748589403b8353c71d0c6aa
DiT,1050,555,gene_556,afe836d191585588bec3d5422e31cf6fd0526ac6612f77c44583f560f4ec106d
DiT,1050,556,gene_557,a7c94dd40162e7c9de473882f9fdb33e674e77735648bed399e3a185c98ffff1
DiT,1050,557,gene_558,b3a0e61fc70b8e2030970c5009bd8b22b9af77dfa628b53f6af1aaaedd4bf254
DiT,1050,558,gene_559,bd00a18e2380a3c37b6a58518e92e51ad3468882feac9d44afe69a3513e3ebf7
DiT,1050,559,gene_560,4b7798ad9e355f099d892081fe772a578742fcf6452db6f9e967dde128e9ec40
DiT,1050,560,gene_561,941cad08ad607adb3168fbf347379eb265002d154dc5fe345ab83a98637ac64d
DiT,1050,561,gene_562,a1e7de96a1b27c324e92b893534768b4d46f362b4a4223b2602861ca67370ecb
DiT,1050,562,gene_563,d13070e64489d881960c330c4b9803a7a990fcc92886cf6419796ac8062e1966
DiT,1050,563,gene_564,c432706217c2c82553075d34e4404727a9d346fc47af72b429b51c6fd1254345
DiT,1050,564,gene_565,34c79d855bf1c0f913e6dc2aaec23830ad10c9850044499b7e54749bbd756514
DiT,1050,565,gene_566,984ceae8eb69a33f4aa26caaf45db46d1ae2d7d9038013512a9b3aa4fbafbeba
DiT,1050,566,gene_567,2b334d89557d361186a63d139e6c2191f2c7c730aee384042d9c43b00fdfc69c
DiT,1050,567,gene_568,fcf0e7de1bae7c6f242dbb4867e429b5ef72073ef740ff8cd6a5839256d70dc1
DiT,1050,568,gene_569,4c2dec8816f983f2b73ef9ace157ca47d1a34c7d183fe6fa4ac50789e7f3c970
DiT,1050,569,gene_570,49c3673a658f2dfe3ffe2e5411eeaadc2b7aefd67368ca6a97b2fdcef2f81654
DiT,1050,570,gene_571,d3f80c13d479ead625313ae6b0985de8558bd4b2bec20160c3e579067902a6b7
DiT,1050,571,gene_572,ffd188cce160bdf881ea0734c1770db3944f2e821affa4eebfbae069568a3abc
DiT,1050,572,gene_573,a4a1ff8d8714ef6c2d37399266f8bad118f8bd4091276985f1088f272e4198fd
DiT,1050,573,gene_574,d9b281941d8d15c2e5fd9c9d5ae6c56c33b6829b486ebd60a37a79d5b6b28854
DiT,1050,574,gene_575,276fa201be93a6920a72ee46db5b74198d3ea9f22004aa6fd2ce4b130ea07450
DiT,1050,575,gene_576,776a8652a2cb64ce3a3ef34ef314ea305c0bf4e05e6fc193af479049ffbe3f39
DiT,1050,576,gene_577,0b71f2fde0d7d27e54dc1a3e84499e0f754b66226e0c06e40656f2ffda74a189
DiT,1050,577,gene_578,c68bcb6497b8f1907b2823d188a14e41ec424c14c1a76df5eb589f7b536ee9a8
DiT,1050,578,gene_579,a848831a1342e5e483124ee8d36ba185213c1ce469febe2ea7301ffd7e7a8772
DiT,1050,579,gene_580,609231a32bdafe3db5cc70d78eb452b6b26da1b4239eb8e5afd88f3f877135aa
DiT,1050,580,gene_581,558cab0b2bda61e9c0c8851546f7c1f27fa6c6859c50cc45df9bcf848b741762
DiT,1050,581,gene_582,c5af0cd306328491b649e9cce24c2860972a728fda371c6d039d68aeebb4dc92
DiT,1050,582,gene_583,fe673a2dbbaf19fceecc7eda559fe86c9f673ba6a93891480e382d971c702ff4
DiT,1050,583,gene_584,5ac10f8108fbe482e7f0e82df16d0274b91bcaaf7c81958d0e80fea6dd02e6e7
DiT,1050,584,gene_585,8adc725fbe933a396bec50dfe6f774add9a4dfbfea6dd0c2fa64b5fa189c159d
DiT,1050,585,gene_586,522c315523e40f2a6c3160aee8964ae2af1c6b4b2568f58c10f2ebd9e4f4e7f5
DiT,1050,586,gene_587,a287ed722833994b6d9a5d07a3cdc2f6c43af1adfabb235b75cf6a2353697d6e
DiT,1050,587,gene_588,d377fc16d08bd7c19e36a31da03a4b10bee41de26fbdc03d3f2c9be521f69e56
DiT,1050,588,gene_589,6db90ac4839302b8303ac0573850970fe8c3c3975e659e5ddf998460cc73f672
DiT,1050,589,gene_590,ae9d52aea3a172b00b54078fb8de3696fef41ecf3739375d235548a18c16394c
DiT,1050,590,gene_591,ea7a5383dba396bc6a79944c7520c58c296c9368e3f3badc0d5df0ca41aad552
DiT,1050,591,gene_592,c88a4cc67b7c09812d8c6b961e0233aa540e4ee77533e5e19caf3090e754729b
DiT,1050,592,gene_593,28f15b9e76af0ed9b252d056e9b049c81029ace5fdba0ab9d729096da7f0e1b1
DiT,1050,593,gene_594,372778dee095fcb6868303b2d93cd999ef3e9945f6679cc59444585690918a0e
DiT,1050,594,gene_595,33535e2384fca01e8e5bfa992ac87649da0329ad7e8ad7966afe2c3e41519413
DiT,1050,595,gene_596,3ef05a3ab6514f7e9ef987452b798977be5de477975340635b7b7e815e850c9f
DiT,1050,596,gene_597,2ab2dc7de3eb86ff14a40515b73411f91d791374d77594e5f6b75751fd65ff90
DiT,1050,597,gene_598,0b6dd237287e1db3614a6b8f4a42dddb7eb7d7185b28961ab1c1ae99b03831f3
DiT,1050,598,gene_599,f61cd27ded911dc86279d10e72758a0c729f7de5208c9848dfdaf28ac7883982
DiT,1050,599,gene_600,ddc55408ea5807d303360643ebadaecfccbc7b7d2b851910e36394d02ffa5294
DiT,1050,600,gene_601,5de62693509c89670fabce032fc3bc5b5b23f9406b605a076dc039981ba09a92
DiT,1050,601,gene_602,796ae3371d05e411a0fa04baeb3b7fcc1f444774d37f248ffa5ac56ecb4a4743
DiT,1050,602,gene_603,332d0ed519b75cba10e0ff549dd25c33940033811dd96dbefa2ad6f06403dfbd
DiT,1050,603,gene_604,b43d75862993663e34b2fb8cb5ed208ea41ee59c4dd6dc940d665fd76030eafc
DiT,1050,604,gene_605,688c40ca14f668f275275ac48531a41b96cd7dd10b3ad2d50172d43bd264df15
DiT,1050,605,gene_606,b6a4785661675664567c22b1ac7f3406db9b4fb7317659aa20b8bd34053dc38f
DiT,1050,606,gene_607,224bf25ed9748e3471aba5cd27a5871821e156a8b254e8a32a1908cbf64a9e76
DiT,1050,607,gene_608,99416ea417554e8663c6fd0d4937f655cf8f856d03931e8698d13d90fb394c4b
DiT,1050,608,gene_609,a21afdde5caebc43aa1d048b2fb173fc15c29604f57e25c73ddab1c8d6e31ae8
DiT,1050,609,gene_610,ccaa9bc9344533aae3ed48ce6e53809b796ff6eca97c1a3dd3b57e42a81042be
DiT,1050,610,gene_611,21651b9313f439bdc7fb89b7ca958c5134c03fb19490f33ac7463578221c5c15
DiT,1050,611,gene_612,9028ab5bf906611447ebbbb17a1a5d79db3630bd391bbba39f1241f41b4c496a
DiT,1050,612,gene_613,f9a280de56406f7e05aa234e1aeced4873896cbbcb9ee502b47ba97e11ee723b
DiT,1050,613,gene_614,717f40e0d288e0e28265e3d2baf0298063339e53e0814ed594b9c1916acff171
DiT,1050,614,gene_615,87dec8ba7f6193342a0b9c575e8c312a61ca038adcc79d3f33ed97aa671dd00a
DiT,1050,615,gene_616,6732d5ecdc99afd7f87f968d3084a5f6ce6c8d1c8b1d0a1f962a23a5d32a0c0c
DiT,1050,616,gene_617,7097e7061abeaaa359e4d8f64e24ab9f725d22780b103488d2cfe7d7262e6157
DiT,1050,617,gene_618,bbb775e7e845d781b06aae693d58585cfa576694f5edd2ad84b8883ce9bfc399
DiT,1050,618,gene_619,75afa8848e593af0d6bb130aa161362f6e3b8effa92e37bd912627a639452017
DiT,1050,619,gene_620,3a8f327f377d62b12a18b3412d3aeedb8a5240da7c79bea7007047072460a3c1
DiT,1050,620,gene_621,a6ee7524db06a683262568f8c25cec19fedd29102aa4ad1856dd2f3c7cd4bb97
DiT,1050,621,gene_622,b260c1211002c8b55f222355873ee1a1312b19fdd2168d09550e21c0eaff91b2
DiT,1050,622,gene_623,7293e44f44220dc277c991a48ef23a8728448f3c94d7056f985603e0467ecfba
DiT,1050,623,gene_624,4936dfb603f4df03628746a957ec0c033a7cd10e8916907735a7544c4e5b1492
DiT,1050,624,gene_625,18b17127ee3ad9aa732df80003d0a8fa49c3e6fd1b3e15ad67de6e41dc072130
DiT,1050,625,gene_626,310a0ecbf517e857f49b65b110be452c4c9de3351a90055d8bf75b7918d9cf09
DiT,1050,626,gene_627,e42f5a63df4aeddda794fe8c29b3e22449c9de7290042472b01b672acfebea13
DiT,1050,627,gene_628,03887918af2426606ec22a6042717c628e60b074ddafce73a48583b1f1e21476
DiT,1050,628,gene_629,34d6fd33eccdb9c4030d91c6447eb1bea001c91b8595142f91bdcf200669ca31
DiT,1050,629,gene_630,eec518f7a9b94e7b56f621c025f22a35e0344083830d3e2c0621f9b2f451aa55
DiT,1050,630,gene_631,b9a1ca605297550b9944d9d0b9e267bad2d82901d5a61ea93157ebfa0a02dc08
DiT,1050,631,gene_632,fd038da8bbb574545d579e91ff45c3a8cd3e4f64a124903f78e0e06505e64c6f
DiT,1050,632,gene_633,70e03510b48279ec1b478a0a4647d5b419de0313d6c04327a1daf98db6bef80c
DiT,1050,633,gene_634,31c8c2a2d32a171cf51adeea96c62860f76987248b9b3e69523e35b2ce6d0a4f
DiT,1050,634,gene_635,a792b0552a8a6009fe0b07c7573fca40e87a3f688e44b8bf1131565221ec36b1
DiT,1050,635,gene_636,b89d954157bc681ca734335875211216375cf3e35e9aca9f369db92a0a68b1e1
DiT,1050,636,gene_637,bb955f20bf91daf2c13a3a8aea340d943d57faaf8bf62a8dbb18739d48c14a65
DiT,1050,637,gene_638,f243a2132a30bdca854b5aea4d9d52481c9e4ee57d77c36a8fc8d186afa1a544
DiT,1050,638,gene_639,473b39749e8af19b27adb17218528133f9793bcb1cbc9ef74610b7cbdac9e007
DiT,1050,639,gene_640,f0ddd812c5ffbb8b955faf17b176e1a700ecb5c8da8e040269e8100374a4d368
DiT,1050,640,gene_641,5d9d73e58c0f24f93d1b11eb606843044f6a6aee3fb34d0f47e8e032272f12cc
DiT,1050,641,gene_642,57430501f0b289fff8dd26f30dbc770450a86d20915e4697f19bdbfb540a1676
DiT,1050,642,gene_643,cc08806e736ebf09988cac0a82ae1e8e4ed320408b92b06c41cb7c808393b895
DiT,1050,643,gene_644,d60fc1948647db7a263b583a71c99429004fbe3a86949a61b77a5c001c9cf693
DiT,1050,644,gene_645,60644c6dbec7331a3a4b5ad5638cac51f99688e16889055234f31817b9aa7ac4
DiT,1050,645,gene_646,970278ab51818ac7ce24b4d90fa38c632eca3723d6060c87063fea013bc3eedd
DiT,1050,646,gene_647,b5425b3ddbc0b45c76fc27ca2fac977a70a31177627906acbe48c42585a4d283
DiT,1050,647,gene_648,b09339d92b1d4ac5d3b4f24f5061713ff78a0958bd7ff97cf76c8713f91ce061
DiT,1050,648,gene_649,074f0346c5ab319763825ba8a27508655b4e526f987da6d637aab35a1c8f8426
DiT,1050,649,gene_650,6b6056a198b5505d03474c16f7f6c7bfb996ad6e586ffec0da413ed2c79a73a6
DiT,1050,650,gene_651,b7a29b724bd2801d2d462ddadc599e072ecfbf5efb37bf7834b37bba3e3e4d99
DiT,1050,651,gene_652,2d265cdfb2e04cb1cb585a0ee07206083012677cc19f5b10471014f61e273967
DiT,1050,652,gene_653,db55155138e12af9841869a510b8df16a48d2667474dcd63d1d2951084507e59
DiT,1050,653,gene_654,26b03568c0a3310ae61deee276234f2239975a5f0c92e6246d58e08d32e3ab81
DiT,1050,654,gene_655,f9ef28ced20674e0b57e86e53246a9ad27e04353e1a069800ea3fe02aacacb30
DiT,1050,655,gene_656,c5bf274f2cae105950c57b3da129b306f6f7f988494d08e28e7f059be6c64256
DiT,1050,656,gene_657,7b68725b59019a950d4b9da4083b4e90695872e551fdecb2987dfe7f67df1425
DiT,1050,657,gene_658,26c2d20e37c888fb3ba60e3664cd2600fb89aeaec15a3ff9b0d4a8f44e5b817c
DiT,1050,658,gene_659,f5778740b0e3fb2fab33252531b94cb617d5afcd6213656903097cf37d7a04cb
DiT,1050,659,gene_660,28931948bf70b6954943253e50200b22fd5e0782645a6cd363551a36da7ec0a9
DiT,1050,660,gene_661,772778e2816560eea95235811253f80535537a04f81967b8cf3c0b64829261fb
DiT,1050,661,gene_662,64ecf033bec2892a5e151a5a8d48ac699579acb053ad4f3d506331ddefe2f06d
DiT,1050,662,gene_663,2bd278c67f6d7ba186457fc29b97517c81bea841d1587ddcf72b30da37be2060
DiT,1050,663,gene_664,c51c5bc86409f7cb80fbf63f134b5b6924524bf9309c401d3eceb2758554a47c
DiT,1050,664,gene_665,3dabc50803821b25831e727367b13a8bbf63c8f59716ae9c303ac395df9de453
DiT,1050,665,gene_666,10c58372f3880f78fbcd82e1ebaeb27e016fdd9649f2c6c2a49b73dde9301d0c
DiT,1050,666,gene_667,020b4f723437f9448fb2b21ca97befedea10ee2515652758c8e35ac12995f437
DiT,1050,667,gene_668,b7d5dcfdd12f999ff9315524bb11c80ba72b15649a8b5f189aa9ad46b092ec9e
DiT,1050,668,gene_669,c8203c428995f44c4fbf571a588b4436992604f0074d05ef7f84a46df8a1f251
DiT,1050,669,gene_670,6ee3636f139fccd4357b9d31aa9fca5ebfcf2cbaba205d729f3e707641914612
DiT,1050,670,gene_671,25acd8592d41b9315ad3e70526d46c54c47f2ad32133afcbc4451cf34e9b9012
DiT,1050,671,gene_672,0248904d136d8a77270844c62839e39b77e3e9897e44e3b51f8188b616a5fd0e
DiT,1050,672,gene_673,1d41b09accb99751d4e4c8728fd6a1964ee4fab9aa6358784cfe1837cf4bffe9
DiT,1050,673,gene_674,4a865dc57e3fe87eafd3854e4ef663c0954c10cb87209a093bc5749d887ac4bd
DiT,1050,674,gene_675,7380d91ceb796c2540da709213ea8f2e1befc4cb2e156de0ffedb819fc2e68c4
DiT,1050,675,gene_676,def5e8f1fe94ecac668350d29f264b357d92dde8d6f282a62d5c6fbfb5d7a8c6
DiT,1050,676,gene_677,39c1bec697a28c6f8376fd3b543be37c7a6b5aa842b559031a3e881f1df2c4e1
DiT,1050,677,gene_678,1aaa77d2a83128d93ca79c89b33b23aeeb933db06b78adeab3674fe8862f272a
DiT,1050,678,gene_679,e956b13064fbe557db7fa2a05a79035a5b2f1b69cdfda929965691abb47e128b
DiT,1050,679,gene_680,8133f9950620defa45c866c7571743cfc0dca5aeae7e51b6cd8027d321c58ab7
DiT,1050,680,gene_681,c1cdd49a5d8baf07bdcd976a04e902012a54ab91cd018460b75d553b02426c50
DiT,1050,681,gene_682,198c7eda0914bc3a2597c59366a41ca49e257a7596adcc17e5c6c37c58269345
DiT,1050,682,gene_683,9ae1a737fd92858809b61658e5b26f5ad8f695bbcea0fff0e3508818ed3d90ff
DiT,1050,683,gene_684,20214fe0846549105d92f79e96db524c048a95364613aea85be42da0aae1fe0d
DiT,1050,684,gene_685,107dd8b28f5bc2975eddde84a3a8e456bbb7a10b95666707339056d4240663a0
DiT,1050,685,gene_686,141247a5f27bc833a8626d3ca825285e5041c03889c7701db31ab30dfd505d99
DiT,1050,686,gene_687,e4a8b4e95c7e82237b93f461eb65ee0d83eee12e9dccba0659f463ad8b52be79
DiT,1050,687,gene_688,0573d2f16421241dc294bdff2818a6cb3ab76d056f1578dfbfdebf4f57222be3
DiT,1050,688,gene_689,3573e8168c70507d474cae34e3a88d32eef3cd386e0bf6b29632f5eab49d5e3f
DiT,1050,689,gene_690,b6aa9828ddbb1f9e6d335f44e9a9469e8318b8b091a59d1b18dc331ed65de2f3
DiT,1050,690,gene_691,6b46aafcf4dadce4f3432247e0b60da07c0cae0b1c09112961fb76e0325a91c6
DiT,1050,691,gene_692,a6de4a3ffe6e2263669a762323304e535078b86f1cb52f19056c852f201b46d2
DiT,1050,692,gene_693,f45699677fa50819a6b2b8c82eafb824eb08aad3c2a3e84a9ba9a89a31246d61
DiT,1050,693,gene_694,0e2cc8e145bc2984e1c2687d5b1b8b79ef40c122a8ec883b9154fd2951e64b4b
DiT,1050,694,gene_695,d2a356bbcc7e69715890f6612d79f3b5d031fb039348a2693273ef9b30c29788
DiT,1050,695,gene_696,45fc88b0c765b2a88dd40b6beb37f2ea8d4c709d65f61a1d49c7384dd5a2c444
DiT,1050,696,gene_697,698e8c194bea7d072c52d9d66be92bbcddcfaddeedff3069236a5870db5f9fb1
DiT,1050,697,gene_698,bcbe26743ffda6f106db85f838d28131b25123c31c0d0f6f69e76ab9515e0614
DiT,1050,698,gene_699,b97972610abc18ddf85a6b22de19a42dd02de2004643dd1d6df2ea1aa2393448
DiT,1050,699,gene_700,0edb454bea90499a91ec2dc1625662086ad55e319200f4787d4f324bb2d37c5f
DiT,1050,700,gene_701,bb316cb18a60e8c3ab1d3748a829275b553816ecfd9d4ec02d97f0f50b2f2755
DiT,1050,701,gene_702,102706469f2b7c8d14bff1be049477872955fc211b418c90f0a64c0b831496df
DiT,1050,702,gene_703,4e4fe172dc8a0c728e28d6a02e558e5487955e04276b6f7d5489d9ae41ab03c2
DiT,1050,703,gene_704,7a432bc3930c191a62459b42ad40d098745c5fd34511232682e2b7730043abf0
DiT,1050,704,gene_705,b0499506203c74cbc1067458063acf5c9d79176c78207fe8fe4fc787262de150
DiT,1050,705,gene_706,9abac2ebff18ff2f9849fb19f9e8ac763b61102eec4b63776f1eb2c5bcf327cf
DiT,1050,706,gene_707,fc8ccc37450c6c3ce16810bab8931a8abc2148ec1e93e771d21693f1649d21fc
DiT,1050,707,gene_708,b8558108fa14e10fb09e2dc95e02af3d15fc7ece515c46e8275ccb0cc331f2b2
DiT,1050,708,gene_709,53dfd0a9343943ef0b567bd333ed77aca5523210b1aa93420b982fb1725a658b
DiT,1050,709,gene_710,0ee975b9a05fc0d4793425cad541676e7cef3f5addd0e41a949f69332fa42bb0
DiT,1050,710,gene_711,dacea7a77acb8d0e68cfc7ca77094c5cd7f74b310232705467658e10a52da191
DiT,1050,711,gene_712,b8537e287f4d399c294a142414139e08759dbe90bdc170d1518b9cd78ca3b36e
DiT,1050,712,gene_713,2a08e364a0db926e4b7fb039c2d0887d6d47ca0ddc48f97d9fc52d5e75c46b9a
DiT,1050,713,gene_714,4ed85d5f0c3ff434ea9e85e913ece2430ccf0f202685388cd4c3ba088887f8ed
DiT,1050,714,gene_715,92d6f417571e9efedf463dd9d911aab50dfc60a88086d24469f1a4bea9bf3f29
DiT,1050,715,gene_716,8e8d46c8ea5feb061f56ebd20c3963807103e681dabe35de3971342ac97b9e21
DiT,1050,716,gene_717,94123097eb54c49b8bd2621f22a6966c2707b2fb69b1786b52df2c61d8b6d963
DiT,1050,717,gene_718,dc0dbdd736c583186ed910ce032c1f44ce4fd4712f0463652d02eea4fb304b95
DiT,1050,718,gene_719,89b6dc20f66e535f1051ade529a504b046f6f09895dec4ee30960c6e32cdda59
DiT,1050,719,gene_720,563e0ab4ea56d759f5d5e1d3c03f4390ab9d9d4e5fe81bbf77c4d70091d7f815
DiT,1050,720,gene_721,7562c1299ae6d50946a7f539d0dccd63c2f6fd9b760c1fe3d8e55db154b5b20f
DiT,1050,721,gene_722,dc9bafb886580f539878beffdc2a4830e7b1fb9c4fd5ff44882ac9e4352acdc0
DiT,1050,722,gene_723,b3ac418dbc4b9b5e55dc891c4e4ecaecfd2e37772596cffa3da8543d657a5063
DiT,1050,723,gene_724,47d660736a61816ec3b79f6b68e846420b4204aa6aaf75974a9d8133aa525a3e
DiT,1050,724,gene_725,71f6fb952dc6685f195453a1b2e2c381aaf628a340ce4c5a807db9c817d502f7
DiT,1050,725,gene_726,17b4f2e2560858f81e3dc244cd7c6a756e24d715796988f38f127d2dcaa74168
DiT,1050,726,gene_727,c609a5f3866bafacfc384b0b8546511d63256c36705e2702f7013c1b06634d7b
DiT,1050,727,gene_728,b79665ae675d492043e769907f1743577c5a8f811852a2e01604bb67f4dbc2ac
DiT,1050,728,gene_729,406c63f408945640838a4f20b3b50045a0817eb572b8b60498d916e0e0804b29
DiT,1050,729,gene_730,358c83ee7519ae5bd731ce0465f4d89c834bec5ea9f99e5f0f43d7d9dd58b7bf
DiT,1050,730,gene_731,ab71f78253cc216c1ff861f300a6eac3d82deca27a4391b45c144a8b81c93c04
DiT,1050,731,gene_732,adf3e41dbd0b07ea6b0a4c8548417786cedf4a527f9abb5c0deed529b4b42bd4
DiT,1050,732,gene_733,e33e998ec6579ba07d05cf0f3f465eb94513af77da308a89814b90f98fd7820b
DiT,1050,733,gene_734,bb5672337cadf52b26fbb5141ca817cef97359cf65fa799b797e06ff4e559f9e
DiT,1050,734,gene_735,9e2b68e90a1658de85c8b34bdc53b68b27f00d48955913a5fc5cf67ba740620c
DiT,1050,735,gene_736,ada549a48846961746b2b68f4b1acb922f75f7f6388cf0909fac2ec282bfacfa
DiT,1050,736,gene_737,96ba901da47c10bd9df98dfaa1cae1279775d20a2e1fcb1c4d459c2ac371fb5d
DiT,1050,737,gene_738,2346a2cde079096b8a8612f24b78151237887cb69686c278b254cf53377bb7a8
DiT,1050,738,gene_739,06b4a876397f731dfc1fcc93545a85df0f071f8bdf7bdbbbe7bdce29bca6410a
DiT,1050,739,gene_740,18dacb33f4513360c48e1aff6d09077fca8a79d9ebb31e9e4c30e470925cf450
DiT,1050,740,gene_741,e4b487177fe36cb8e5791af1781a1283c258fb4b8c83df5ef13b6dbc355a17e3
DiT,1050,741,gene_742,db9eb9c50cfbd935f43e7e74d51334ac69fe93b784dc93712ab15ffed4e28646
DiT,1050,742,gene_743,8af5d251660f5036d1ea410224ea44c3e5882cf511930344bbc9799b33f399f2
DiT,1050,743,gene_744,e4f6fb83b2e5c653bc46717cf9608b400d3aea38221b7f5227c3fc53eda97024
DiT,1050,744,gene_745,263d7457d4df0e24110c3647b93430d2a57f8af28ae6d0ac6c77eabb22880b43
DiT,1050,745,gene_746,9101a7289f713eb301d286d36a509ebbd30ee329813f89a5cef5e3c1055bdc54
DiT,1050,746,gene_747,3289e0f7afc78afac4217ce50a257949d4ae36242dd9b146cb09882dcc86a0a3
DiT,1050,747,gene_748,5cde0829291cae42ae0bb302ef3390251fc08a0c212d5fd4310dea6964b4d42c
DiT,1050,748,gene_749,f95a063f849dd194d9359c3dc3b98bab4da8eaa5415bf40e5d27a60d3cf2f68d
DiT,1050,749,gene_750,b61aa2503743f549fcc063258d1ca7263b7d9bf6769cde0667336fd9888533d8
DiT,1050,750,gene_751,62fd24b71685018b18ca55f0bf12a18134f20b752b9b0ed789ca5b0ce3ddb0e2
DiT,1050,751,gene_752,b5428fb0c1485e89242970d8c755ed764e7cd2e1a79ab25c85980fae2f377e69
DiT,1050,752,gene_753,c8d65512a49b341d3007baa06dee06774cbaf0c5a8f069665b0ae894d7838090
DiT,1050,753,gene_754,1906b25fbc63dd80e83c00bee224ec576c3e95c134fd63c6e699a2a95413b2b1
DiT,1050,754,gene_755,229c6c0d6b11a882494c90f613ca2c493979e2e7bea417241ce9aa2013d2eb96
DiT,1050,755,gene_756,408e4ef414da65d315d3ff0895e0f3e88777b49daed74f9c2dca52eca51a1480
DiT,1050,756,gene_757,cfd9f65b2207992ba389e1e9c882b976060cca38a60cdf0025ef3a4fc8c0b088
DiT,1050,757,gene_758,ea48b636b6aa2beb4c3c6514532c6e69771b8e1a79048bf48cb5c4fd72bad14e
DiT,1050,758,gene_759,5298f27fd5d370451f4bc17d97ebb6050f08ff4dc913b29e3848d2764dde9e8d
DiT,1050,759,gene_760,54759c669aef4f203a1de6faf1b7328fdda61544bdc71ee4e8d07fb952917b27
DiT,1050,760,gene_761,b75488ea44d54af747d2612523e0e5add788fb549934cac668b98d85ebb78a00
DiT,1050,761,gene_762,afc7e6ddd4990abe93c17e97c52d28de0e7ed943df8794f7cad795e2b1ed7d51
DiT,1050,762,gene_763,56f0583bf8372929e182dfc418eaa49c6af33b2abab860ae70b854ef4ab6b4fb
DiT,1050,763,gene_764,7ccdee0717c03cb9e284952574282fe5d50add18447ffc8c404378cd592fd781
DiT,1050,764,gene_765,acb782feeffa53f03f9bb2702234903a55a782fbc81f52fb8b93cb3129a86fff
DiT,1050,765,gene_766,e8f4c7912baf7e7fe965503e35c017a353c96009d4c707e47cae6ffa5e1c90bf
DiT,1050,766,gene_767,c1646a657156efaf62b08eb486d2d724c7e783d8cf54c527ba76a279bcaebf46
DiT,1050,767,gene_768,37039b22b10c211752a642284207ecaba83868d9eaf9672f5cc347e77ea7941c
DiT,1050,768,gene_769,ecbe27185557cf88652484740560e235916c8cb209d60a3812c0ee8ba60e4844
DiT,1050,769,gene_770,f0814e7bc21587c0bc34f4ff9f74f2402e8dad224ef8cc80d2dcdb75c44682d3
DiT,1050,770,gene_771,631f9b895025019db639a3d9ccb0b4eb8e95c741af94d9a9269e6a2279db51ea
DiT,1050,771,gene_772,d914f6cb27f9c695da26dc2e24938a29c0e99cfd4f785b959da2298e44721096
DiT,1050,772,gene_773,32d5f62c75e5ca16f7eaad0297457474ca783b03012bbe58d1efb4909cef6718
DiT,1050,773,gene_774,ad7350e68f161e28758085beaf5c28c1664539b92fa0684955c8f02e7c5b5e17
DiT,1050,774,gene_775,f08175e46a3b453009c2ef5fc92f31ed29678ecc113e1bf87fd0dc10ecafe71b
DiT,1050,775,gene_776,5ecd117edd3753c2d1ecb8581ffb6275dc5add902d3890d35da4805a2db3a03d
DiT,1050,776,gene_777,0772f95df4ffcb986732869b16001aaa6f6d1c2e0837991af6ab68ddfdec39a8
DiT,1050,777,gene_778,45d88ecde7a340e1bb6f51a6a5f33caeae78cd3ed649d84d3e53e6c36076e569
DiT,1050,778,gene_779,811b7539a9f475cce0759028bb00b7b0d40643f53efb5e12bc711a6ba79d21ae
DiT,1050,779,gene_780,6d33dacb10f66e98349118c035076dc60f694f28303fa044ede1800555164208
DiT,1050,780,gene_781,efaaa70c8b10908000fb19080d13ff0a89fec6fc4894dd92e041f94b5c92b15b
DiT,1050,781,gene_782,188e76fa93acec52c7b1f46b0fbd8df9329a071fb072e0e02aa7f4d7e681e09c
DiT,1050,782,gene_783,640463b544d6804d2ecdde682fe3a0aff66c145ea9b6a258d19898aff8001b61
DiT,1050,783,gene_784,440d6559053d1e720dfbd5f19b449ad41287932e4ead60b281d17682e5b24417
DiT,1050,784,gene_785,6cb84feadde4a2f9a2878546869bd4c70cdca092ddd6f98b222cf1b827e90b64
DiT,1050,785,gene_786,4109ae7ab9325e20153757865455aef64b7558fb50b03b29f728206615d4d54b
DiT,1050,786,gene_787,9b6383742fdf69e8c3c05feb4a69b0faa0ea1e9fa0fffca5d8b9e537acbcda9a
DiT,1050,787,gene_788,64d595acc924d1b3dbe4b3a5f0b4702473f16772f58c82492d6854cc92928a0d
DiT,1050,788,gene_789,41f257bd261578cbf232ff98c8720f019fc9fb37b590c25df2b09bc3b970245f
DiT,1050,789,gene_790,2c7421461d18f10442fb0e2e758b509109e667a7e9963b3da187ec59b4b7a746
DiT,1050,790,gene_791,14b06ec216e53e478c7bdb60bc09375d574ff3f8ef1747e2a575eac00e2181f6
DiT,1050,791,gene_792,05746c3ff993414703a7ed5ef7b57203c22e4e11dab1d527ee5f4fe894f57247
DiT,1050,792,gene_793,8905f29711a8e49c5e32ddb23879d7d3ddf5ce53754c47a9fab5af2e978d11ed
DiT,1050,793,gene_794,1781c67a61902d1ca3e5d560f370469b3348631a31c90b79dd9c853602b2f053
DiT,1050,794,gene_795,96e40c9f3fcd46d2bc2b9acfccdfc4f23d1b75838bfd823ed5a7a4d529dbdc1b
DiT,1050,795,gene_796,0b0be7f580859691b9d8f6dad6491d3b1b4c590d5789263ce318d9933d97c3b2
DiT,1050,796,gene_797,1464878332b9aebfd85bd258e54c46de5e97af097697e532d7ff55b413b1f196
DiT,1050,797,gene_798,90f59f7f4da56ce1f68ae594338e7b27825f29c7265f76b4aa39e9dba8d667f7
DiT,1050,798,gene_799,04ef4e606a04a5102d859ca9a41605b91249a2a25932e06558da2405ad260f3b
DiT,1050,799,gene_800,3994c6440ed9c0de47f3e85ada0404a4e2d80e2a724fa61960c70434faa6f36f
DiT,1050,800,gene_801,95e81f4bdb2f7645ace7f1e39875fd37572d00241582eaa6daabbca1b96c1704
DiT,1050,801,gene_802,a4d5b17e3a71ff861d3cb0e1745a9d19174943f332f5b282b3296dd5ef32ebc1
DiT,1050,802,gene_803,98bcf7fb80b3b81a77b963dc498cfd0d890e4f845da8d2b525f0143dcde887dc
DiT,1050,803,gene_804,43edc3baa00f1385fc5361ee0a028d0131dfb90b149fb130ea4610c5ab2a241f
DiT,1050,804,gene_805,474a1281fbd17a40a292d3ddce9f3c78280640591450a03a101569e4d65da91b
DiT,1050,805,gene_806,b493d7ff946d19f617d50f08f3251f7a439905738c278034c806428663d8a3a6
DiT,1050,806,gene_807,9fece15e0dec2e607e538ca25b585219312a082aedf414e88d77f2f76fd947d3
DiT,1050,807,gene_808,185c08d0b5094a133b284fe9c5593d15d4adaf777b51d56ef388b2ad87aa2476
DiT,1050,808,gene_809,db92c3cb25ded2bb781ca776247eb23e65876f673b5d3f0ffb0fcf1422b3ab18
DiT,1050,809,gene_810,9b56986dacd29a9b30831adf62e0345ce208863bd11d0ecffab9c58e0de23d8e
DiT,1050,810,gene_811,fa10d9f8bb12cc6458d9a09c0298734645ffab166e7a32165b1cfbd1988f8ad7
DiT,1050,811,gene_812,a920640f44d99aa9c3f96058ca255dc65083e3bf04a2f46fea869e7cb3e6e7e3
DiT,1050,812,gene_813,b0b335dba7cf25ef6ac02a01fbe892fa81cf439e5b262b45e02e37667419b44f
DiT,1050,813,gene_814,15b02c549508acbcb0f0c85dca46a27609dd5952d84bf6dc0b710df3b12d80f4
DiT,1050,814,gene_815,9f61b70899eca0a28ebe040d3f177a8917fd1e8efc353324d3d703f575db4d8a
DiT,1050,815,gene_816,3cceb7d17699f41f82e962c98ae52899e58fdd7310d717cf8832381fafc7208f
DiT,1050,816,gene_817,96f91587faa785e23bf76e5ff6c8d057df275d5c663a125682896cb4c6571cd4
DiT,1050,817,gene_818,790cd6958d72fdbcc29f30ca11147b62313f3e974de743add63782972ae4ddd3
DiT,1050,818,gene_819,02098ca4eab5d38262bffa45f036d77b562f0f9b31b6dcc79ea51bb6b2598fb2
DiT,1050,819,gene_820,ba3891bb35d96ca320f3f368a02376407341014a8c1a46b2b4e176d4380becbf
DiT,1050,820,gene_821,5c996b72fa377f08a6d527f36e68e4ee9d9fed3373fbde4f1e61dcae71b246f1
DiT,1050,821,gene_822,53763e3f401e9aef9a9de3094c7ed3749295b194770cd64da756138837121278
DiT,1050,822,gene_823,01d3334a1e263ed2559850f139a194680627414f0fa61dc6d3c51b1b529dfa5a
DiT,1050,823,gene_824,468feaa4bc2cd52ecf698fbe1307f659436fd69d998872f4a286b3a23963c536
DiT,1050,824,gene_825,527f465854b185b4247b7470e47eaeb20b6044e675368f5fa7c2ad522718e726
DiT,1050,825,gene_826,c715b599bb7fea211b4e7f35637acc59e50e8744406fe4d8bdb55aad6dab32c1
DiT,1050,826,gene_827,474094bd48a0bba845f14ff28e9ff1832f7c461d4fc0c35e121f3861942f734f
DiT,1050,827,gene_828,d2d7c1e122bbf780f5d1a6bb9bea48fe242b3e723ca8d10a180f73a92f6a644e
DiT,1050,828,gene_829,3ed7e2c317a137145b17eae57c0f899ae350a243f351260f565ee71b7b680fa7
DiT,1050,829,gene_830,b8897dcceb8f2a7e06f9bac0f5813e63772b1250df42b7b4c14279016c94afa1
DiT,1050,830,gene_831,85f0523911ebc7565c0db36a8788b5aef5f63365349a491560fb7933b1bfb896
DiT,1050,831,gene_832,ab81f797a07aee5982be788a75d14ffd0abc6e550f3f079ec1f05954e400d51c
DiT,1050,832,gene_833,7ddcc36fcff418d5e1735b809b094f6bd548ca4c973eda8aedb1c0bd5a14b158
DiT,1050,833,gene_834,f3685bbfd6d2ce712f755d2be05b795e3e12fc62c6567a832778e499a781f441
DiT,1050,834,gene_835,72c7d29484caed86e4b0fb54a7cd69d63e00ca6445a45de11c44b771f6489d53
DiT,1050,835,gene_836,1dc284993cba2dc95c1819a24e648207a95323e84e6db10a54d2f21d6f4fe4ba
DiT,1050,836,gene_837,b32cb54233fa2cc8d227b87715952f9ca14643e3f7f6d112dab262f058c3c67e
DiT,1050,837,gene_838,b60539ffa97b6246921d00f87f23497ed2d9d87dc402385068132eaf3c032937
DiT,1050,838,gene_839,04650356d474c320b17499145ca8faa449e0023aeefc33edfbb1cd59aa8444a2
DiT,1050,839,gene_840,22a114977a06e3c03e6b3860612f8c17ceefce0095d06043e24a6f87bdaab1cf
DiT,1050,840,gene_841,33cc3b4f7da1cd08c6a524f35cf50ae2828ca05fb2e7c6d2674c3e6945855576
DiT,1050,841,gene_842,b566aa27756a6050365f85c973e9aa58431599aa1de6ba6cf187c2304bc45eec
DiT,1050,842,gene_843,d58270eb4ded4d6de85332ffe6ddcf40f394d3788470fd2fed248bbb507d85c9
DiT,1050,843,gene_844,6ed9dcb2daf2757a33d0fe16329dd2d412a2cd8a5047a8c7b8fa715d806684db
DiT,1050,844,gene_845,2613805df2d833d81200985841061aa4864cbf2214f5f664a7945257b5c965c1
DiT,1050,845,gene_846,99196cd676ea8ea375ed5cba21ec2d59b30fd4ca90ee7cfc64e941c69666dace
DiT,1050,846,gene_847,a53fa6b94a71707f4f7f569fdc8832642e739fcd1d1327a480192e70480dc6b7
DiT,1050,847,gene_848,e2241f5f4d5d409be25964c13f23e119fede98966c952b009cc3f1b470fe7410
DiT,1050,848,gene_849,c4c042d8f18882206dc9cf40cc8bbf3c57a903b8c3c51b39a18b47817e618a7b
DiT,1050,849,gene_850,aee4e3ca86e5cc42f5d4ac53eafc6800aadf4bd172b9a72b6e4567223b6fd3d9
DiT,1050,850,gene_851,0ff18118ba5fb693754106845737bead4be8d48e446b08ad113dc2790c98d2ee
DiT,1050,851,gene_852,2020aceacd1054dd7895a06d4449ac92b31a2dd7585205d318d132016885a33a
DiT,1050,852,gene_853,977f079a989584afb5e21914cf73d02b567d1e2320143560f3723b9a655dc6c5
DiT,1050,853,gene_854,f7e54c8f4eb43316519a3b9cad0b97e7b8018bddd7c9c20e1bf5047a6e6d0572
DiT,1050,854,gene_855,52311de2dc61bd1c6ab5c363f961cc95cb57ac9a44c2bb592b682a3130dfd594
DiT,1050,855,gene_856,3f2961b810be8c5f2d438c0e21589e7e71dcb677190d45bfd06c71a8da6ffc83
DiT,1050,856,gene_857,b0cd98fabe79a631efd5c80540bc20426305bc675718dc61e7775feeeadb37ef
DiT,1050,857,gene_858,863c83086a705422d19161db6d8264b72df1098870b7528c8fa549233b521f4b
DiT,1050,858,gene_859,48c429c7525017ab628556239f7b80bbb79dc1c4e43f24e812bc057d88c0aef7
DiT,1050,859,gene_860,2addcf4be3736ae65177a10130a402b4e1f12bb73bb14a3e1022ee2b8197e16b
DiT,1050,860,gene_861,f4408e58f07a513177cb5f47928eb62f1793535a36a7dd500a0b8ff32179e36d
DiT,1050,861,gene_862,3ae3878fa62d365238433fb6b06da58d3bce18f159723ad54682f133f0a0db87
DiT,1050,862,gene_863,0d8b1d68894b92532c3eec55723ab5d2e833b5e38466c2724a255a45d580c97f
DiT,1050,863,gene_864,6ef9c7f33ef6f2173a5b12969b41a55d994b224cba2ed8f5fe1ac8492bdcb5d3
DiT,1050,864,gene_865,1fe5c90c9bac621dfac421bfe3bb5ad47f8fde900429e9797f5899d1a58042e8
DiT,1050,865,gene_866,792467f3dd9135676a42d51e303b4219a6052aa88b77a859a91247663a135f1e
DiT,1050,866,gene_867,4db16e728399e80fe7cd8b65e64562f68f9ed3742c7eca9074709442ec07e9ee
DiT,1050,867,gene_868,d5d738f6500761c98d19054ac941364f809bcea583dcb108bb02dca5aef73da8
DiT,1050,868,gene_869,4d4f7e310843a2da1ec49b16143a76235c69ba1af6edf4a567286e0f5d91f50a
DiT,1050,869,gene_870,9d3d1b31d5d3dbde17193613138301057c21913a07e5ec4b01dbbe7ece4ab219
DiT,1050,870,gene_871,d177cf4232f69c1ba2a10fbade4933891a1adea0b1d64d94efc352cb15b5e280
DiT,1050,871,gene_872,7f296373f53bc79ffe488941085defdf8706a9137d8a4c8c80d7ddc2a9ecde4e
DiT,1050,872,gene_873,b4c09916c8b1d3691b0df822ac05a4ce277f6076bc77c2ee86213f2c18dac744
DiT,1050,873,gene_874,3afff3f8fd214303292c52aab13450dfb11a020b8e8936eee7565dd7536c3fc1
DiT,1050,874,gene_875,64ce94ae8d845b23536ee13ef4d7ee240b3e8f86fef66a20b13913296698ea34
DiT,1050,875,gene_876,96e93911e6d16ec846507b1de3b9512758dd222181f3793737f2f677de06f05b
DiT,1050,876,gene_877,ab8544343443c9b4a59243fa3c45721ac91bb55f2ff5b50d20f2e1dadb340e62
DiT,1050,877,gene_878,e4ee56ee390f9b7145b5542579867ad823d23f459ef79d48f84a6e1ea54de9c9
DiT,1050,878,gene_879,3d44c116c6498298485a914511ffb78a0e7bed21dcdfdde8d7910f0758b1f98c
DiT,1050,879,gene_880,575da9b5f9333428d9f701e92cfc7c87f17b965a9386d23aca5f1ac213b0811d
DiT,1050,880,gene_881,7de682be1494429a15c354faf20532fd1c4c42a1b93712140a8b54294b270e40
DiT,1050,881,gene_882,90a2af05be412784843229b15f4c0e7f6b527eb70bf36288970fbf5a55bac71b
DiT,1050,882,gene_883,d853f9d81f37d612606268c1fa62ce2ab4bc4de50b5bb8e2130e36a7e5e36ac1
DiT,1050,883,gene_884,2c558429a4d55f164d97b009a114ea858113d2ffa73b2b9136c17513ae6c7c7b
DiT,1050,884,gene_885,27a8a25a38eafa3cdb4b53e11e3adbb2da55f41122b03f0de995759e41c8ce33
DiT,1050,885,gene_886,4c2125422a8364f831571d76e2d0dac312f604372a491ed9057e768d254b33a6
DiT,1050,886,gene_887,517a95cd7a03f6094eaf148ad3cbe880b432c6d7d280fb710b8ec0bd56f50566
DiT,1050,887,gene_888,06b703240d0c3041c472bc91ca6d4dc3b0c68baf470638b290488e72a1920f21
DiT,1050,888,gene_889,54757dae0b5cecf0446b75cea24a1dfa8a9f96a87f3018656fea089d658999fa
DiT,1050,889,gene_890,64515b2c3db68401c1b200fef4aabb0f325b2d7a4cb3d9b93130c5222d125089
DiT,1050,890,gene_891,afb625b929c68eec2a793a57dacf803c06d8223b855835276139364d572ee96a
DiT,1050,891,gene_892,92113c024f52c5b27b87dc18a5175f20ea5cd68385599af3a59bba549aacc584
DiT,1050,892,gene_893,d21d77a049c8f6ba97ebbaa331ef09f868d9e8757a63030ffa439b29fe49af55
DiT,1050,893,gene_894,e17a0da9d839dd1112603886dc42e343dedcb92562ecbd7adba9fbabe848d13c
DiT,1050,894,gene_895,3833b5b7d28f38bf1130b9946394e2613d50e69045c13e08f0e12ecf03665d87
DiT,1050,895,gene_896,b5b40db098978df9676655d5c38ca0049e3e4cfd7324e879a793ab9a012af3c9
DiT,1050,896,gene_897,9850e8355b16c90d5807dcb254ba3252e4066d086b428d4744019a948798f6bf
DiT,1050,897,gene_898,d269e3797ce3be36fd32a4d0a2cac5b177fe06ce05fd251cf0790d6c0fe27114
DiT,1050,898,gene_899,ef6481dbf9e1544bc225c3e02bfbbbb109cb12437fa14ca8590470cb8a8a7c89
DiT,1050,899,gene_900,c353ceeeec135f049259fc6d9aaf1781bc5cfd61e667911053bb26aed04b5c19
DiT,1050,900,gene_901,9546ec831411390f965983076320096652bf32cf77b1c6961c8795b4e87333db
DiT,1050,901,gene_902,31e0850bcfbbc4153fe4f0589c9b6bea558b0787f9b28b476f9f3b2fe6f55130
DiT,1050,902,gene_903,75596417fae636422433653763d822bbf3a0925239806318432ac73b8d22160e
DiT,1050,903,gene_904,1782b04c72ffc2da2c6c565a2cc836698893bdcef80b3897c07ff0f38768a9c8
DiT,1050,904,gene_905,ad516ade46a4bf391b49955d416371fe3e746b204cc8d8ba33e0815e956941c5
DiT,1050,905,gene_906,a6fd1fe60d924258d7ec141622940b35ab8ea1a5f0f658e734a663fc84e25edc
DiT,1050,906,gene_907,053f22eaa43fbe33cf710501aa5fef774f883483f390558cb418aff9d61bedc7
DiT,1050,907,gene_908,fc458fe1042ebcc478df0fd2549605308e6cbd199fe61749c68bb5ca76c62c5c
DiT,1050,908,gene_909,4770949852ff98c449ab0b87ee89691ae2c3c121984c1f7f0160afd115af7c92
DiT,1050,909,gene_910,3ac1ed5a0adc7f942163adda5c21642c2d35e14239838f1a87b90640edacc82c
DiT,1050,910,gene_911,95dfcd7774d1e11e5ab6e256b8a98941656060ad25185275da57f3e5e3297bf3
DiT,1050,911,gene_912,6feba131669c8a18de300a06fb181b8f741f24d2fd0e43c49f362724a86c7b5c
DiT,1050,912,gene_913,30c242e30e76f287b2bee8fad252b4948138d5654314591dcea7675f70276865
DiT,1050,913,gene_914,4508d267afe8ef4f2f2d31795d468e9742cbd62722b088ed1451a780675da749
DiT,1050,914,gene_915,750ae5c4f16181d1b69ec6ca31020bb0665fae64fa72041df5270970544d0422
DiT,1050,915,gene_916,b9699d75429d1636e64fa40958ecb4758b5be204e73a9814d6ce9327c5ac2e2d
DiT,1050,916,gene_917,f1873aa53ca76125262c05063be77994db25ad3afbe1d61fe9949ada172aba22
DiT,1050,917,gene_918,dd35287446d2d1d59df59e4017b663c9091444f3b17d01d04fe1d8498436715e
DiT,1050,918,gene_919,b41bf7766009c6d2bdc4a14cdfb9dd3e294909398dba99392f9fad7c658556a7
DiT,1050,919,gene_920,1e9836bb47833b5bb1c4b67df53d23e784433c11862ceea5f74ec0c27943f339
DiT,1050,920,gene_921,01e771fa32c65ad01ce853d0376a5ee2b9ac740bd95650e9e5aec2714b07d8c7
DiT,1050,921,gene_922,a2ade78f06efda167cdcc0fe42f9f1df322c1c6995617b1b2a18b549a2683afd
DiT,1050,922,gene_923,aed20643ae596ec77f4d03860d4e3d654322cfe60a5f3732d24439ad58419058
DiT,1050,923,gene_924,7440f843707b0494b14248adae9d84c9fff322271739a8f2a91949b6c1074693
DiT,1050,924,gene_925,a2c689115e6fe742d2ba791da560a724ec60d3bf3a74b1fe7d9321e027f9247f
DiT,1050,925,gene_926,ea8587ac163d868c2b8580cfa6514763424261b978dcc0379c993ec939a68b04
DiT,1050,926,gene_927,423ca572bd2cef396ed614cbcb5ad4667d4ceb91f8ecac556c4f628d6d79a40c
DiT,1050,927,gene_928,12d04bdbe43474a545aeb4cf60761517b208524dfbffbcfb3a8c67b6c99897a2
DiT,1050,928,gene_929,0d2e72b73957b96f727855347f7135453c3edaf5946be813dfefc086ee631d53
DiT,1050,929,gene_930,642f74c79fead8e07631ae8eb22e09dc45aa458dac2ba030402cc7c2bbeacd25
DiT,1050,930,gene_931,4c8746905cacc47d0f133a5038823bf7faf148680e605ecf3a6ba59a656b6ec4
DiT,1050,931,gene_932,f2702054a0f7c813753a504702f85865902893a3cdd7fc45e2687ba5aea99679
DiT,1050,932,gene_933,3aced4283b54d2dc170b49044c1a2d90313c50d7da12173d67db5fc6c704974d
DiT,1050,933,gene_934,a68a378a8555d8b3ec877a974c4babde5ebc9f69da83df65a359b409a7f36c73
DiT,1050,934,gene_935,51107247d24ddf654d9ed4e9e5b2ed0be7ac3a3e753c63f2e72b0833b74b496d
DiT,1050,935,gene_936,45a90bcd96fc23abff563d243ae75896afe59e8954819463b4cddbda3869fa36
DiT,1050,936,gene_937,d679b606e43673c2f161b52331d122b767669b83f23c5e3c93951dfdadff7113
DiT,1050,937,gene_938,65be7e8f140a1be6a1cac0ddfa68bba284dbe6a87645e0c524c61c9d6dac1661
DiT,1050,938,gene_939,b9f0f32e5e3038edbf15a5f0972227c863ff4a68635ff0ae270796b7cd133004
DiT,1050,939,gene_940,7c2a66155e39afad5c2727c958fb212fb1efb2727afc6a6670db9f9f4c521673
DiT,1050,940,gene_941,250ac4299ffa050d7907a84f5fbcc60a5c147350fc48a9c79ea0732ad924c703
DiT,1050,941,gene_942,7aa137e1bd2982b1765aff13f6884b159bc768a861dc4bd46b5c953dd79f967d
DiT,1050,942,gene_943,1c4c7a475e4e11b5582ab8ec3c186e3e161fee99e66dc8c889d6175ee5cc7fef
DiT,1050,943,gene_944,42a83fed49671a39ed78553a4aecacdf654aa33b60f75d67a8ab07b3d1979f0f
DiT,1050,944,gene_945,dfe3808eb0512fd00ed41327fa32631baffe9cc63b6f96887a1ccfb251c9de8a
DiT,1050,945,gene_946,d92dbd856698d59a29c5c2c9eae75aeaf0b4160b1531abd0c559ce87ea5ca902
DiT,1050,946,gene_947,624cff446587dbd25785018665c3891f1139d6fd5a043b31541153da4dd28363
DiT,1050,947,gene_948,9cf766c4a6de75d8b9c7c1e0468476bf775b52a814f1a26d4e651b6f06d30ae1
DiT,1050,948,gene_949,f18398e87865e42e07b37879c3c238bc2de28cfc05598a517594e12ba4256805
DiT,1050,949,gene_950,384655dbfdaeb03af6118087034aa92906dde48dd9fc5047444521795c73295d
DiT,1050,950,gene_951,0505f70b0db7563e7d1ac6b41c05e7e9817410aee825492b744f60234fcab500
DiT,1050,951,gene_952,799dd6eece879ca8cd2de611cc21cec8f006ee1a277e0c1ac883421449816580
DiT,1050,952,gene_953,48e0addce52c1b3efce38c8f08b5ebd926dd85f0224be59e0cb5327ddc9465ff
DiT,1050,953,gene_954,91c3aa079541db9f53c3c6d0b67fd8e3d91bd1d220b72200379c3202fa1ce2c5
DiT,1050,954,gene_955,f810a1727f4c1542fc1e0429d8bac44847fda6e8929ff08e91245e87a2bf6e32
DiT,1050,955,gene_956,e81634a11e07b4eccf77a46359c4e50ab17d0e832d3db14c8705ac3f225814a3
DiT,1050,956,gene_957,54803eaba0cc0f16f9006af98da130e2ae71812f1df2d55b6f684d2f476a9306
DiT,1050,957,gene_958,959719444138b2035188343ff916a25a79f5e687f2dcae9bd93b3882b5df8553
DiT,1050,958,gene_959,8368284ab66c7bcf52e0c5f4c932f14d410c7afa672e58cc6b050a9aa951bfa9
DiT,1050,959,gene_960,b1b9810abd784f16c74781b6865f3f9fe749b00d75de9abb490ac358cf20fcb7
DiT,1050,960,gene_961,fd7672523223994fd50740b81319b2473df2b219160b09ef1c1cab5e2c30444d
DiT,1050,961,gene_962,a7e913e5290e20cb648146d1c6080ba3df0451f4a083085cd33e9515c4075801
DiT,1050,962,gene_963,7e87a5513b073ea4d97d9a186a212ee4c9533918d69b3eea4ed8c374cee019dd
DiT,1050,963,gene_964,dcc9cffb494818f0f161421ec6b78fe251ff8cc25122a9e96fcb2b117c71ecda
DiT,1050,964,gene_965,1da6b8d19c5918245ebaec1106ae4f296c827d2f7545884e0e4ef2e04e1e5148
DiT,1050,965,gene_966,f32eca6db6d3023c7b55dd3ead66cba375a06749c67839e75e15c1cf4718aa84
DiT,1050,966,gene_967,b8e76f3e4e2cc4f8166c9585c36ab60ebf32aa1a9d7597d0b93d50f5e0eb51e8
DiT,1050,967,gene_968,d7e7e1d2316133b7b969c21c4994a5298ff094cfa463ecb467ecd91a0dfc01b7
DiT,1050,968,gene_969,36537e78f93d83b62ae46ef276909cadc5750d57831c71670bf900935379818b
DiT,1050,969,gene_970,59acca816485fe439db8aa8b013cb4f41df6540992ff5ce97e6c93b38c245632
DiT,1050,970,gene_971,3ff4675b0453a285700a785e558980168330357c28344f6711fe0e64267357cf
DiT,1050,971,gene_972,4d4c86f07fb3ab1de7b9b7c154bc5e821147c25dd759e67ace06cb9f9a394c22
DiT,1050,972,gene_973,bc215547ee24e245810bf841c85f39921278db2c7d11f4fbe07431c44f2f9992
DiT,1050,973,gene_974,2fe14dd06e327f142e313123c0df6762d87860c774c2f57b762b0b084d4a2af9
DiT,1050,974,gene_975,4bbd0e0fa8197c3fe45607dff604aa4a9c3f66d83582a91a77400add169c14e8
DiT,1050,975,gene_976,e9f0d5de8fb3270201dbd068fa71a9d9118f03db60ca6b6e236d26e4d09838da
DiT,1050,976,gene_977,2ed7b80c3a1b2074d140eb58250dd49ecbdbd260b6e5f1ad57bd70e60c144d27
DiT,1050,977,gene_978,ee4869ad15fe71d1985941eb609f2d190859670940201ca3e5e027a0727eb5b1
DiT,1050,978,gene_979,9c07277f4aea72f02d8790f0910d670b83de68666d8a4910a7e1b74a40167e77
DiT,1050,979,gene_980,1bef5d65cdbf05c5d49777b2b34bc25d12b0fd21952eb3aa800b386a9abb1fc5
DiT,1050,980,gene_981,85d913684df7ccc56bb9e9008584730331817efec599b981f5d9fa3fd2c1abd7
DiT,1050,981,gene_982,5287c79dc706030c0fa921938fc2d4dc0acef27187b8c945e66592d362148a81
DiT,1050,982,gene_983,ec41c3ffecf7acc016c01816eec8efe953be9bbb06eb97c1e1e10246a8d9d4ee
DiT,1050,983,gene_984,a63e6065962ca9964049ea0fab3a9edf8eba43f8298d6cac7f1a40110ec42266
DiT,1050,984,gene_985,0708d5867d4f61a68f7f3f4ea899fc02af9aec2273b9665de7be79bc76623d72
DiT,1050,985,gene_986,452e8dfa6e3ddef38ebedd1275e703b48f1225f12f2c94f4403c56b2fe390a5e
DiT,1050,986,gene_987,140038b18e40a4ae2cb5dd232003dfceb3ab1582897cdf92a5a63cda025625e1
DiT,1050,987,gene_988,151c0d24e3254d97d6b79558d5dbd94443bd7a68da9d31a39083d1f3c537fa62
DiT,1050,988,gene_989,104b12941a294a379fc87ec6194d29072e6dc8c7d8eda52e1c33d1cbe25b5ad9
DiT,1050,989,gene_990,e2edb4fbf1aa802778b067050bec0877648cf1cf7c6ac920b7ec4c47ffc16668
DiT,1050,990,gene_991,92851caa8da0b4463fe210e94f86c767ed79795e51fd76f8816e434eb0a7ffed
DiT,1050,991,gene_992,63a877c2cd29c5c35080ea0b43be0ab10a5d9989d54718edbf50765851fa42cb
DiT,1050,992,gene_993,08c74ae43fceecfd97092646664147dad40ff295fd209c42bcaa2a71ac7cca54
DiT,1050,993,gene_994,2b099639ad3b39656e528786bdebf95a57689ce17aa82d708d76865ad3ed2e23
DiT,1050,994,gene_995,5b73100ae1f771b7664999513fa7657a883fef1362c0d057aae5a23d6cbca015
DiT,1050,995,gene_996,381e11335f866dc1de0c8840f704a861ae735ca37d4f50705a8bbb4b831a4954
DiT,1050,996,gene_997,3425f61a596f56ca0151508f1b687dd456e39d539ad399de662fec9330f05a49
DiT,1050,997,gene_998,771ea84c73e2667027a4b176a4954a81fb0200080d88db0512d7df4822cd9b61
DiT,1050,998,gene_999,f46cec4b089ad65468a8b0374d6e454b49ae506cc18c3aa9fd672a6c12279093
DiT,1050,999,gene_1000,39dfc02c87134f3110f633c635ac6242aab621f46aa85383f9f63b2f1c182249
DDPM,900,0,gene_1,af591b7e090203bffa3a34ade717eb8588e7420a6c191aa43c108c6645ff7964
DDPM,900,1,gene_2,9039d4e7c25214ff037fe88fd3f0441c1954f4ae5d6bc12f76b2fb4493ec87f0
DDPM,900,2,gene_3,d6c1756455d1840e7dd70e6fd7e57fc21cb821068b20bdad8f55670b18fc825a
DDPM,900,3,gene_4,3ddd4421531b9ab40bf080fa1eef134e325106c6e09601d0788fb9134234ab45
DDPM,900,4,gene_5,f24d8f2e9ce2ca1384f03333e0554088de5152520005151eb18ad77a9e22e912
DDPM,900,5,gene_6,9b84a13a54e5ab72b9dfaab52cbd763525ea481df0129f8068f5371b0e1e50f5
DDPM,900,6,gene_7,fc3d906364f1d54403c58b2f0366ad8c3335b54018c6a27fbcec58a0d6f38404
DDPM,900,7,gene_8,fad645ebc72e9058fbe0cc830969e64cf442342696501f47543010bfe25daf23
DDPM,900,8,gene_9,e4e6f56b8a075c500a941777193ee625f45111d2cade7239c8bca2af9654cf28
DDPM,900,9,gene_10,71af2bfd4a602d74f26aa7ad856af2c21a26d1a33830b8939792ad6a01957e22
DDPM,900,10,gene_11,0f909db162ee2ce6a562b9ec9693d87a9dbbc583ca5e0ad22aef647cf0d81c2f
DDPM,900,11,gene_12,564ff1c583fa76ccabdcd27ef7351754a9be7f0645bac0348acf9e9c5f1cad73
DDPM,900,12,gene_13,56c3b15dcd05a4879c31a2dd92fe240882d940f77d9b0dc7b30fd896e85699be
DDPM,900,13,gene_14,b5e1e60f7c348bd611b23045f1d6c9be675edc87f41ec2cd8098a0c24ea2db18
DDPM,900,14,gene_15,0910483163cafbe02825bab8b070733c965769cd13741d435f3217b2acb2768b
DDPM,900,15,gene_16,8fe038fbe152c8d8d14a22e5fbf8146421b52a5fd8f44e1406bc8226d45a676c
DDPM,900,16,gene_17,d237dfb2c65f86dbaffca1aa045559bc6e577d45345d0ffc66750330f24f76e1
DDPM,900,17,gene_18,940a4901736dfb6a4c2ef6e6fd749297634f1a314e5056c53f4c13b5e48edcd5
DDPM,900,18,gene_19,bf9258bac150c080a08a2bb4c04ebd2553a65e77322d210832206ee88229da90
DDPM,900,19,gene_20,60306d42fdc6ca22e01c406e9b47dd91a0910b2c4faa474ad5479c5f43723c5c
DDPM,900,20,gene_21,0a44a7242d06ca670f275a4cef3ddb9bb0d8f122cd3d0bb0552795c90a459c1d
DDPM,900,21,gene_22,758b5f3bd4e6120cbd90ff85378973e764ab138b06bfefde24ebdb14c72c139c
DDPM,900,22,gene_23,1635fe7af6a0f0293758cd5b9462906bd26dcb2adcaeb399223420b883fe4585
DDPM,900,23,gene_24,1fc79aba947e6d9dd633588db7f46b118081d130804e4da7d692444057902152
DDPM,900,24,gene_25,4d4602701cb5c42949fbc8db6f0c7a276373409c8040100133c03a3c2c50bb5c
DDPM,900,25,gene_26,5ab36c39a23563bbef76f2ace3ea68f5419415fa3c470717cfa91848666230ce
DDPM,900,26,gene_27,8feb98d78dd0bd4dbf60f38eb8ba53f5e40447baed6689ce5394174b9cbd61ce
DDPM,900,27,gene_28,b94225a57eb1b153aa39896fbc2616386a68b928b5878cfcba4c3f327b8eeb06
DDPM,900,28,gene_29,4d15bffbfd617b9919b4aa9b5de36b7107653ed7fccd197f8921b7bfaf468e2e
DDPM,900,29,gene_30,a7643c5e9be486385449b4e651d29068d83b0bac1c5f2c077439904078e1dfd8
DDPM,900,30,gene_31,56bfc1d30ad5158ac988bbe6bfb16cfbb74d6b91ca32707eca6fe8552b884e14
DDPM,900,31,gene_32,68aacf07bbe3c72c3b3a9aef78dbde1157efbdf6f4b95cf312e0eccb5dea5657
DDPM,900,32,gene_33,fcadc3c406650281e4c6bff5e7fc79cf0c0e2b7d3a53c0c17d64d28a6644f95d
DDPM,900,33,gene_34,f4702b562e53cfa9ab1061f67ef4e13a744d1bf9df0c90ac1a2cfcef5302d71e
DDPM,900,34,gene_35,b120b152084dd7084f2ca5ec0518fa88b49411429b2182317646f64ee603f0f5
DDPM,900,35,gene_36,f4763e188d2e9a015a69268bc86c5e4641b905cd6a6707eb1433704b29e2ee97
DDPM,900,36,gene_37,ddeaa23d8fd066056a235dee4e7966212602b83353bf66446033ab38b78f60d2
DDPM,900,37,gene_38,3826993aa19c4197518b10111bc1d018cd2d5e98c1909542eb44018b363c7b8b
DDPM,900,38,gene_39,2a5e7eb6fe92beac3272fe45c171afbd33b94ecef949cf8090bd4e201802908d
DDPM,900,39,gene_40,609b0583ee9f0b5bf5c5a0284d3144a2b23edcc97fadca9f46aa690307573db8
DDPM,900,40,gene_41,e3ab1b83ff1aa544ac8c9ec0ce2b1773888b772fb966ab82937cc28028f4b6a7
DDPM,900,41,gene_42,c27c05d886acaf33db2dfd093fa344352c549bc5551ee9a8bf7ad7823a20fffe
DDPM,900,42,gene_43,acb8d38edacefdfce3d94efb225188bd95b3caf48e006f34a6c6af9bbf188e83
DDPM,900,43,gene_44,bbe593a406ae57f737e08b8a73fcd321ac8da1d85d6f62f23b2ff1cb52a32d27
DDPM,900,44,gene_45,7b8feb909ad1eb9fca7a0d6ada78448ea99429eedd2f02b34e8ea1b2ede4a7b4
DDPM,900,45,gene_46,aa39c1ca080fcdc79ef8eb4a75132c449aaa9236cb2f9dacaac79a65b523a89c
DDPM,900,46,gene_47,69cc3c8234d53b767e5110dac3c0b0801bc3d632cf974e708ac41037a7872b8c
DDPM,900,47,gene_48,b0396ab1b0b4f1f1e1a7ae42640476eb054386a61ef46fd620553105377cc943
DDPM,900,48,gene_49,bcb17b6e5dca3f3587993ffb3cb915665e0b3ed71875baad4549c4f5efead9f7
DDPM,900,49,gene_50,6120a71699199929ecb15bdc91c2e3f6568a2d2ac498312ced561c0cb9cc0a86
DDPM,900,50,gene_51,a9764b867d50c8a269e8cfd2a1169cd46916b32c20f9d72d381fec921f1278af
DDPM,900,51,gene_52,413857521204ca4822c6c00bfc14b51f34638b815e4b7c6feb36bff775309e59
DDPM,900,52,gene_53,8b1b8dc1c95f88c2452d5ec097830f5d5e53cded8ecbf39f2ff63fa018342841
DDPM,900,53,gene_54,135b295fee810cb122b1cfe8ebc763e2a6affd42aafdadf6f47e35c241047caa
DDPM,900,54,gene_55,edba9de01c229845972e207f716cfc7a3d91f7b65329200c9e41419501be4328
DDPM,900,55,gene_56,cbcc7cc45951a7708866f73ee099298e17c3fb6f297dfbdb15eb3b00cc056440
DDPM,900,56,gene_57,96d0138fd74725151297b0b2b809c68f2d511e8718bad6f8ba460cc9517c49d0
DDPM,900,57,gene_58,ece8d2314b1931bffc975e1eadad62b1c9d099ddeb19e314ecafb9d539908c29
DDPM,900,58,gene_59,5ab94e69c912df22bf00e3bffc18caac492dda688101b27243961911347f51a9
DDPM,900,59,gene_60,98bd3fe7cd58b3622b823300b79446b755968e3833d9d9b7005e8e8f2273c4dc
DDPM,900,60,gene_61,22256241ba011b56e9b838c8757ba2ae8536cf7aedf83e1761967c7607e8a6f5
DDPM,900,61,gene_62,70b010577990d78d2d4f23e53f64b052996ea67a61c9c4cc34871aab5929d956
DDPM,900,62,gene_63,1bc6e6a6ca443db205904bf3acd1dbc401445356c488c3430817a5a15f6cbe43
DDPM,900,63,gene_64,fc9a3f680d9af87492e46e3cc5f131b2c1299eaac4a754c9e52e8142dc455e57
DDPM,900,64,gene_65,d6d4ddb8e3683a37469b1b622221e65b8e795c14c418aa56fcc2895d2dacc40e
DDPM,900,65,gene_66,e6e9ef48503fc2b173344f1752fe0319284f7986cbb9b4253546bdc85440bdb1
DDPM,900,66,gene_67,b5b8138db4a1642ffba67c3c29fa7fb1164a5abd938f7245431bdc49389161a4
DDPM,900,67,gene_68,1ec430fc9851008709531af9340d394db01ec8657fffa14a893fb33e4871dca7
DDPM,900,68,gene_69,8e624a3dcac672abdaf04355b48b029686e242124e62a9663748097ad604db09
DDPM,900,69,gene_70,f255eff857255f4f30df4c31eaafa00625b75287fa7c7140c5a20b4cec4db99a
DDPM,900,70,gene_71,a79a0997eeffe31f724bc8dcbc3775791d3afd8f6a8b22a49ef051f78d83792b
DDPM,900,71,gene_72,e3f9f3403166e10cd9ebd5a0fb0bd0ea478683da13f8eb33217b19e254a6f01f
DDPM,900,72,gene_73,3ba7267a857256a399c5136f951c4b6140c2a46e2e6a4341bebf59b7a3ad98d2
DDPM,900,73,gene_74,93372be61d75f6f669ab0bbdd1ce4e2f952a33080924a013fe62fd3e8970bab1
DDPM,900,74,gene_75,984d3282bf4c3ea38acbb0846bc7f64f330b88d0b3979fff851200f37f3d79db
DDPM,900,75,gene_76,68fd1b61471f0857db3cc3c12428e782f0f991106a302cd3f5fed7400a0fcd6a
DDPM,900,76,gene_77,6028db2ad528bb4f7e32cb1f8d5db16fd9095acd7c7dc26596d89cf961db546d
DDPM,900,77,gene_78,7ab03ba05383406d42b08f39d25a5aed94b7dd3f3901152dedb84ea60708e7f7
DDPM,900,78,gene_79,ca432731b414db4f32e24866b342df605586b2edd92872a3516ec628d72be663
DDPM,900,79,gene_80,7a53ba84abf1093e695ca4a66244827b091cac437dadfd7dab0ace0323cd0143
DDPM,900,80,gene_81,7bba1f08203c1fbf87e73daea8c83e794ad2f0a414acd56cc9164c59f9af393e
DDPM,900,81,gene_82,5c3c9562a77ad463562d20c6fadfd9fee6a4240684bdf315a1e7d68e9e45839f
DDPM,900,82,gene_83,24930f041709aba76c9a25794092c7efae611f1d31524e814569bfa55fd0c038
DDPM,900,83,gene_84,b99f77f8df5fe2df51097a012dd6d7da002985f5bbae12769b680c88584a173f
DDPM,900,84,gene_85,451ad2969d07cbb3a7af71356c8f631955882bd0ac1275501b75d7939f2809bb
DDPM,900,85,gene_86,a9c080c3f51f4661cd13838548b520b8df629f2e0eb0f184c976315095237dce
DDPM,900,86,gene_87,abd29e0052f4d9b09ff90d502534499c8ba2e3d940d1b3c5263518b368f3fe86
DDPM,900,87,gene_88,328652742b5b96d8e593f7dc23503d054ed837f861b7eea93422cc2f5e30cc4c
DDPM,900,88,gene_89,7ff0588629931982c038cb8ef07cefea0a27ef4beff857cd18e7c792c5016911
DDPM,900,89,gene_90,08e96d2715e7698d2b0d61e269385c8cd0202f0bda06bd255e9f1159c5543f96
DDPM,900,90,gene_91,c5f8d8d4c18b3945141ad9464ec78c1337983bdc48872fc32bc5b43ab537c782
DDPM,900,91,gene_92,233b80a3243559a77785c35c47fc92750b9c46fc47f4cf224b97eb9d8322e80d
DDPM,900,92,gene_93,472d374a8adbafef6838d5ac872c0ff34c804a0002f443e66534aff60b523de5
DDPM,900,93,gene_94,ad2b927fb792b268a1712d27eeda3fab150f40fae3fadb12b6526d619a9b4fe3
DDPM,900,94,gene_95,076631ea08f727825c81d20657d36b04d88253f88ab21c7b8716f2b7b2536e1f
DDPM,900,95,gene_96,e4e7d576d3a21f2cc9a57234097c1ced3993f6a72b7b56ce875354186b1ef234
DDPM,900,96,gene_97,df53e950ac88ba262604c73b28fec2ed321dde5361a6632802fc8fa986bfafbf
DDPM,900,97,gene_98,4601bc5757a965f4b914bdbdf1f3c0eab40462fdc8c0bc72c2f2225015e858e9
DDPM,900,98,gene_99,07449acc31bac20664c99e2de741fa28fb1fe8928bcaa52f7c3a107a062c52c9
DDPM,900,99,gene_100,440a44b20ae9ea61dd2342b1feddb3549799f22411643e670a3267834ed55942
DDPM,900,100,gene_101,a2ecc73705a08e41968fd4d9cfba73f3687897cc373117ce6d53ab9e42f18fc9
DDPM,900,101,gene_102,1df7ba6e056f6d4531fae0ff77883b69150cd359d50c9eda77a57a9e25ec3d0f
DDPM,900,102,gene_103,7128130614671cc566265d50cc35ec9dea679891d95a43575dabbebe9a814779
DDPM,900,103,gene_104,f5f43c0a58ac9dc9811adb66e3eb929f51a1c707e0318ae4c76c6c4939af66e9
DDPM,900,104,gene_105,b28bb2088510be2fd6febfcbf8ff77f18f519513a6bc43981b2ebee87187a0c0
DDPM,900,105,gene_106,aa171774e292cd3d8c145d6f90ebe6d03455c55203e6075132d002daf3ad7656
DDPM,900,106,gene_107,f0d1a6cacb1c18bdc9d7ab732765a758c5d0f8d5c611d1568d33008448caf271
DDPM,900,107,gene_108,a3f47f6a83457e16f3da4048fc0ab6ffa10d163e00e65a4a817b9b09a8fe03a9
DDPM,900,108,gene_109,b51cc6aa08919deb07df2cd2ea0c7972c637a9ac82ba7ad87c4ce8b50ae06173
DDPM,900,109,gene_110,49c075920a8a26a4a4c63d4a739b0b72325ff483a6e1d4541a337fe81dc28cc1
DDPM,900,110,gene_111,a6ca52b4f063de68c5a94c971e88bf292a98961764683299612f1e8860576e63
DDPM,900,111,gene_112,f40559bc67b249450f1917e3ab941a3a0eaef7c371d5fff1c25f54508420065f
DDPM,900,112,gene_113,5320a3d968d0054072bdd3ed478384457185e93c03bf1db606e09ecf39b9d375
DDPM,900,113,gene_114,1e0b64730f9d8225f3ba99093f3e8f1179a6618be4b584a80b834c8d60264899
DDPM,900,114,gene_115,4e651dcd7c06e55ee57598b26f7f8323b31539c89f66db2b173c30dedb156f88
DDPM,900,115,gene_116,0311a330d8463dc337c1611211bcf910079d582d4c58f45deb5ea51e10ba0797
DDPM,900,116,gene_117,26c7240e919fc227bb798c7cbfbaab4c5c51c2a0c24bfb8267430505f3f0a3e3
DDPM,900,117,gene_118,f19af09e55869b25f4019461dca1467049541e27493ee38841b82347f96eafcb
DDPM,900,118,gene_119,851c6674e52a59a18735ca98c0b505188d3afc3793eea7d395a8e05509f18b2b
DDPM,900,119,gene_120,606495d510826b6fe386b3c01cea752d5a34c33054c4cb9343c054b4ba55050f
DDPM,900,120,gene_121,1012dde2963d28529a6aaf2f012a79567c94182885bcdd717b22f5bb7249b080
DDPM,900,121,gene_122,01a5aaa906c95c061c7e65f4c7b1c4b4aac847dc6c1c709881fc6d7877fc0304
DDPM,900,122,gene_123,f257497c9f34cd44e128208bf172ef9fb78a9c5899da5b22fa3ca5c942df3771
DDPM,900,123,gene_124,555b50e12e2533245b3d4932d4e89a8304acbae4a232bf29a1a5d0fb695fba68
DDPM,900,124,gene_125,4f353cfbb1213f6e0ce679aaecdc1c4f614759f4ce0e1511e88228969ab5e265
DDPM,900,125,gene_126,408435b7000cfdc18f1b9f3365b433b0b53dcbc2caea7adc2759b0e34f11405d
DDPM,900,126,gene_127,cb9bb5cf5278e2124f70ec5415920a35967f38f6ef75bb4cdf22596615fd99de
DDPM,900,127,gene_128,6af6ac36a1450f584f47b606c6e5ff01dbb0cb1139c58e2f8be4ee373547c52c
DDPM,900,128,gene_129,17da5fe17b838dc125da576afe1ca3dc3491044c0cdf923fca26258706526bc5
DDPM,900,129,gene_130,085f80cba95379d4ef231929cd2181cb65f832024bddd2306c8a5ff1109501f2
DDPM,900,130,gene_131,ef9af67b2b72af84746c84bdf9e2d46c34cbefbd68c221415b1e7e245ae5acb6
DDPM,900,131,gene_132,041d9d950668a9bcd614c0d6c4870317e4aee5d7a219e32eef57f6927fad6ad2
DDPM,900,132,gene_133,0d28030186910c00128218f0cfe6be326bb548d623ffeb305d0f7e59535392d9
DDPM,900,133,gene_134,cc3cadacdecbfbbbaba4161abdd1f8e0b0784c62f260fa99762017febd19e63a
DDPM,900,134,gene_135,fd02836558ffe12597eea1ccbfaced32463b1f87f199654088b5057f24b40a5d
DDPM,900,135,gene_136,a4adea63a79b5dfab6c995362f94661d26808a28b523870390b49d08b0156d3e
DDPM,900,136,gene_137,3f79dcef833163500151627d79e8dc6cf7e432dea36738a0d887da81e7f8c4f1
DDPM,900,137,gene_138,77ca3c505b9a094401aa3cfce2c4b22908dedafbabce030f92d0dc83c7b75494
DDPM,900,138,gene_139,2fd96e5392beb814297c3a0d84354c5c1f2b2aed7bdfab3cd9a1c5ef793f608e
DDPM,900,139,gene_140,a5716a33a95b9bc2ffe1d669962fac6571feee28bb15608c7f80109de04080c5
DDPM,900,140,gene_141,b5f70d353ef28789cdcf60a16bb776a023f5d076b3efc91995e4e4a24525536f
DDPM,900,141,gene_142,45e8985aa50df95f05565b1ab5571e6e8bef11f5dc5d2e8e38ddfe85c67ed47a
DDPM,900,142,gene_143,035fb6ba407ae66d1c07ad06270cf73b0d64b72bab10e64b8d4738cbce0a8f01
DDPM,900,143,gene_144,a7327e2607a1226313c1bf3e9f7b176b353e4862759a754e50e0872371ccdeca
DDPM,900,144,gene_145,9fcaeaa29d2ca2d1842a818c5fcb20292c14a416ab457841bd233d38d189705d
DDPM,900,145,gene_146,afa06c893dd03512e37775bc78d327d33e0183a184d74efb189b0dcb7b1d956b
DDPM,900,146,gene_147,6c57d795d80132d4d9eb8dee559913ae0665d6db50757dd704285a3b06e016a1
DDPM,900,147,gene_148,eba84363984bbf8f391b4eb419f1d040fad79ede26dfc6ed4b81ca28a04c21bb
DDPM,900,148,gene_149,c0f295a5df18c80a7d47d69bffa02198a0e9abde42762d01c07dce0e99982e0d
DDPM,900,149,gene_150,f0709a7aea9423bef2d14b4e46d6536e2580613bb3b0bb579735170db2e1e5c5
DDPM,900,150,gene_151,4cc6a35be0ea8347dee17bdab7a8e9b1729477b4d16f75eb2dd80a1a406f21b8
DDPM,900,151,gene_152,a13d10a5e9d2d2f34b122f751ab8b9182a5d95fe6f2738f22599f718ce7ce31a
DDPM,900,152,gene_153,f33e6977874bb3eb0257d4c4db219959e80334a15fd980ecb5f780f967f9c0c3
DDPM,900,153,gene_154,76285976b680681a1d99b3ca30d1f40c7207e5bf38625b6cf970b1f1b5254a44
DDPM,900,154,gene_155,74701c3dc121799fee099d0c432cc4f484afbef105350715e2d187bcae0920b1
DDPM,900,155,gene_156,1cd4d6d7f01cc6fa396dec9b475e73835dc53c7e7489f07bb6df91808156e17f
DDPM,900,156,gene_157,cfb8ba5f34a05f22f21b85af93c900e7582083c9cbd16200b2355b976a5c9fdc
DDPM,900,157,gene_158,576652fdf67e4fbee11ac9cbaa65f0abd029a4f3a58ccfe3ece6b0394caed5ae
DDPM,900,158,gene_159,8af0d970e5b7240776cfd443392dbad1042cf49026d657a1b8dcfcdeaf47b2d7
DDPM,900,159,gene_160,c96c66c0ca30ffc19aeb62748eb2abac4025afc794781aa430de6261ed74625a
DDPM,900,160,gene_161,c80d56aca849859f635f03a092e9c76085767fe695f1299026644b79f5a5ed1c
DDPM,900,161,gene_162,49b8610347d06547778a55be12697b4ca7bac1875b770a76f0b7edd59d3883b0
DDPM,900,162,gene_163,75e20e2d112e1bd699f7f28484fd0452fd272f1e8bd94113e4139d7b81f28b1b
DDPM,900,163,gene_164,aefd2e88c53671937e0a7c3949c732842b35aad6568f7e021c91069a6d2234a8
DDPM,900,164,gene_165,dfaee2fcbd14a133001534b94236b5d59489af6600a8d91b6bc49a371d1d8873
DDPM,900,165,gene_166,35355f94ded05ec789b3b18756965674267c977631a540ea7cf12cfc2ec7999a
DDPM,900,166,gene_167,28352897ef49298d363d5701292fbaa0e8c68224948e1a81c80598cc3b8d7a8e
DDPM,900,167,gene_168,bf620848e2ac351daef86cf383b0395f31657254b1b60e86f9e80c0d2300be69
DDPM,900,168,gene_169,f746ce4a9b1bd3d5bf8de93ae9fd1c6caad7cc1f0c8ad71588fda91adaad11b2
DDPM,900,169,gene_170,b32d721d1e831b8b4b47d14c4fb904dd01fd20c2acd4141944fd044de0e9ebce
DDPM,900,170,gene_171,e9d88a753b874961df8346f990cc0131f1cef28e4530f07aa0a86e85517c8d69
DDPM,900,171,gene_172,5ada3b4774da6704133beb60959d330179cff74489d5359558302b99e3f79d91
DDPM,900,172,gene_173,3b7b9fd7a23b6301b44da7846d6425a60e0c0f5de20a60b4ed080029c518108e
DDPM,900,173,gene_174,8d6b7a2656d8bee7e7655830c570ebd25f8929e0856d9cbd11d701a8682ea007
DDPM,900,174,gene_175,7091e08e4785ff5c3c54a948361d1db7555fa00eec1535f149b317454a5f00a7
DDPM,900,175,gene_176,06499ac697664317d5415c1e31edc190189fe7e2386f51446a8e94a860a25096
DDPM,900,176,gene_177,9d5c89c52306440aca172e6184a5c25d537e911a1f7de519cb3529a50f5505d6
DDPM,900,177,gene_178,c9b3604516843ae440ff51820680af66336dde529cd82461a7950d6c89ac8dc3
DDPM,900,178,gene_179,735098174d7ed46c38cdb94b23ec1df7188ef80448a6e2d873cf9e055bdccb90
DDPM,900,179,gene_180,30f99691975f9e2f4c7e3174d62f03101a8551c9fb6ec3fa4cb656d6ea804e60
DDPM,900,180,gene_181,42866c6c5c2e49a62b7b424aedc14524db38775134840ca1c3e49c1ac2016954
DDPM,900,181,gene_182,da66c2c79f7bfec07567053eb419e18035eb9d94c0cd3b3c924720c3a47d2c52
DDPM,900,182,gene_183,0c2414afaf1b1044ea39462519027131ab74d40b38c05d7e926a67ebe9331e19
DDPM,900,183,gene_184,8415d2f77261365143d88f6c3c16d466414fbffc1bed8e81ed68ed771e250c62
DDPM,900,184,gene_185,3a35b8b4359bad6ee5d69fa97d294be9ab478414ff396b73567b9ec91ca0bd3a
DDPM,900,185,gene_186,2764b3b1f0cbbe8e3229b9ffc036b630f536be3783b815d47fe5f56d0298c231
DDPM,900,186,gene_187,bba2003867357505571a5ee186a4e6d347cf2a32c29311468f484d4dc20eb761
DDPM,900,187,gene_188,64ddf15b58555dbfce4a9bf01aedd64d1bf4cbc07dd73f416f15681c369fd3f3
DDPM,900,188,gene_189,6f3abf7c03709b5468b4250e2d02b590e0b9096b07b58a54e7ee2a6ef71a9fd6
DDPM,900,189,gene_190,f2abccbeb000691315b8fcc052c161a7997035f21ca67aca677cf740865704d0
DDPM,900,190,gene_191,2f996567af169a4454e357943a7926fb7cfbd35b8bd01ce4758e80339b60a6b0
DDPM,900,191,gene_192,60dbd8b3b4926bdce902f1070b865f1c1d28b6f4ef0d7740dc10239f764212be
DDPM,900,192,gene_193,ba8fb839ffbbf450e84b8a72b4e8ed0fe76e6ca4f1e9a90f0cdeace75d2bb9f7
DDPM,900,193,gene_194,073fca20d5d69ce41b777c38834e02f8c3e4a3ef0ff0c17080b6096c23f4a7bd
DDPM,900,194,gene_195,b9916686240d6f76bb6e2c87894cd619ff3ccb73ff223e170b9b253787bd518c
DDPM,900,195,gene_196,154433bcccf778438950fa0723bf8bbb0e7f3eb1d96e92cc682beee5dccc247d
DDPM,900,196,gene_197,72ea5206ab58c28f4c36d546d034f1dfc3d7caccd28079a2b1909d841d8e4e2d
DDPM,900,197,gene_198,a0c5fc243763d2ada6a58483ebcf78694865814c25d0cf1d52a7fb1729d4198e
DDPM,900,198,gene_199,5cdb469e9987037ef9b59a46c8532df88b711edaa01b391038ed0b3ae2bd9776
DDPM,900,199,gene_200,6e13cefaa4ece67b5dbbaf2205146fd623a572bad33b30f150d9e548d1d88d16
DDPM,900,200,gene_201,2e924d7f782e8bf5400371f6307495c4fead21f015b2c2f089030b938ab70160
DDPM,900,201,gene_202,896f169ca1155441ef666ba1df195c1fedcf6690e27234b33d5960b3028b2d24
DDPM,900,202,gene_203,f89529e1c565718c0eee8c37e484af0dda6c3287e1f8d56319f8d0acb180b585
DDPM,900,203,gene_204,203407f81759b5e4627cec7b7443cda944a909604c93d4073843c98ceb71d073
DDPM,900,204,gene_205,fef361caf41576bc9199518f67663297aeb529fd3186b51096249c7287f10041
DDPM,900,205,gene_206,3afc435b83f9182b1e53035d444dc8eb7cbbb990804f82339cb5fc2bb9ffc346
DDPM,900,206,gene_207,dede461c7fb929fa9becc3f4e2841b175cba22f1d938abec58deb9d640ddf516
DDPM,900,207,gene_208,cc6326d2cb1d8f0dc20a06ef71e88576c211f589686b60b640302a5cced29a7b
DDPM,900,208,gene_209,3b0d101df500a8b6e0b03442cd725c1e8caa43c72aa0c0274834f75520da284f
DDPM,900,209,gene_210,dcf6ad6e52cf41ae542557465d252c0d171c2469cf5b5362d93a5f6a73c9e3a0
DDPM,900,210,gene_211,35cc63e4706be70582ef7eae0da6276fd591e1dea5f82e9c353abea48fac245b
DDPM,900,211,gene_212,5370b8456a2f7dc4508df76a20cd3367eb5904adc151f94d4e3d5415fb99791e
DDPM,900,212,gene_213,15dc5e6c3000f73dc13b9ab49f9f63575ae282dcca6173794e75d8e60ebf9e56
DDPM,900,213,gene_214,3749d69f53dba27e445cc9e5d385a07d48934db9525bcacd7f9dabaaeacc8c94
DDPM,900,214,gene_215,80032fafe9a1d4062cb626ea78f78314a1b38a7ad547f5e1168e02259a4345cf
DDPM,900,215,gene_216,7c3ca659b0a1c4663e236b88cc8d207111788bf27d5cff8375d3c48bfff12c96
DDPM,900,216,gene_217,9f1c9d42cda158a3303c7d032093166e0819780cedd53b9406b05bf6e1a32bd7
DDPM,900,217,gene_218,c95ba2104da23f51cc629e45d398e6a722d1ad58080f2aff8259d99efc7eb101
DDPM,900,218,gene_219,99564ed3d8dfd8cc3c00466073879a1704215178df496cf55dbc2df42b2d43e3
DDPM,900,219,gene_220,339c93d949fe4c5ef3c2c3c29c81e58b8eba6cb283f3cd0b61c7d29eb5fb5f44
DDPM,900,220,gene_221,93f005add281958666278f4b826631d978031edb6dc18c53b6c6b097fff8defd
DDPM,900,221,gene_222,0db7f262cdd68f9b9f48a30c740c31c4fbe05d6f8f92c3d28f27ff30935b226f
DDPM,900,222,gene_223,c8221289807ff653b3bed491fe6712d79c2b412f071fb156038a3fcc69bba17c
DDPM,900,223,gene_224,c6d49218c359513ca6be8f2807e4bd6dceb26e1b330f06f5d8902c9b097524ca
DDPM,900,224,gene_225,8cf4fcd3e95113a0f2dd6a767c8a16a9ac901f468d990aed0932d25b4030261e
DDPM,900,225,gene_226,2806ac909fd9109acb57d6a097287f59dc1b1ae5ecec5bd3e52c867db8fb9516
DDPM,900,226,gene_227,52e91ba4381e1d4acf561dc28559978f7bdf152e14bc4729dd3d0e85c75f726c
DDPM,900,227,gene_228,d9f0e3874ebf2f7e477f315f0ac4eb7792c340c68e569da0d9dcf5d519f3ad48
DDPM,900,228,gene_229,b1b540a27799084662ed2e7d6b7fb9e411e09c38ebb62e27ea025b94d20c1b7c
DDPM,900,229,gene_230,75622339fcd9b7fc153af60e8a1290a3bf2aa7c5d66918f147d40bc583ee2900
DDPM,900,230,gene_231,a24ecc627e77c98975bdf58d8fe55dc901f7a4e87c73ce31b1dafeeb00ae413c
DDPM,900,231,gene_232,1d268f404c1ef3addb6c1ea73246d8ab57b397d422fc311646e4bcf457020eda
DDPM,900,232,gene_233,c6e5b3e2f2c2db9b3e4089d45d276af7895b17666d23ce76d4c5935bc7c5b6da
DDPM,900,233,gene_234,037ff6fa50f84ae2c55897ca255ef5dc3233646748177d408687747eb7c3e671
DDPM,900,234,gene_235,c688856c0fcd261f1f135972830a546e53f18bd5fb4f852bcc2b744a87030090
DDPM,900,235,gene_236,cdb71e37c51d3087b628f6160ecb1ce34e085f3d7072ecc05abba0872791865e
DDPM,900,236,gene_237,c83a5f8ad03b2e1aaf0b67d065ee5bbfe040961af38e64646a54751c2fb5bbee
DDPM,900,237,gene_238,39e5e3f69c8c824d2a325d12ab67e80a340f6bf1510b8b8859e65aeceb0a42fd
DDPM,900,238,gene_239,5450a3bec2a933c268d6f65b31473cd5c95f38e713ca21ca2d1f6210455d5386
DDPM,900,239,gene_240,eb687a75d6fc57058f873f59db5e122b5d50025708f1ad4b7ee854eea9e0c9b3
DDPM,900,240,gene_241,a811307422c5d96b8914ad565749b8609623f0911489f5e1aeca8d4ab6dd3650
DDPM,900,241,gene_242,623fd4e1172bee80b991652f4f739fdd2d0a2c0027163babc7deb184712149e8
DDPM,900,242,gene_243,251ed958d5bacd12eb56e4fce2149bc8ea9476516a7e1ae9089ed5e890b560fb
DDPM,900,243,gene_244,699c821a22719457d33caa9e8ab3951344b5ef8f2981845120f3f990ac03a793
DDPM,900,244,gene_245,a40f26a3cbf149fdcf258663f15f03d3513140756804e3c5d8c4617df4f2cc0d
DDPM,900,245,gene_246,0c62c8bd82056c4b1229ab71374e37619400720f0a80c11a6d25d8ca62433665
DDPM,900,246,gene_247,047c55ec1686d364d1a4428a49e0da7e4020010a28e2136b3f483efa23ced3bc
DDPM,900,247,gene_248,2aaba783021689806a338af6f4a38be302a1bfbbd2a78fd0a97670d66cacbc66
DDPM,900,248,gene_249,bfaa1f5d7f3a4a0696775bb32a487b7672d1572ae569d8dd932dfc407db7a18c
DDPM,900,249,gene_250,601fa67b247fa2ff6406e78cce2d5d208c5c2d4c607ca5c86865e7793d05d85b
DDPM,900,250,gene_251,16bacaf4482c309162addc74393d86d2f452298ca4b4abfc4bca6d605c82f089
DDPM,900,251,gene_252,3a3c4e09f323a82e0a09e98f5e9b99045953c8152b91e1332de1764b3d006f5d
DDPM,900,252,gene_253,b775b65dca08c19d0f0518090e01647c05a3f7df368d40dd18f6c4de804346b5
DDPM,900,253,gene_254,d9a7aeb742d88f48f6427141fafb40a36c6508737af50c531dd79e97d6769b61
DDPM,900,254,gene_255,8db62a051994cc1ab595addb0a71ec79c2102383cc39a67acb6d589389becceb
DDPM,900,255,gene_256,f0d9288ccbde83d5e2252c390f4eec99579ad0b7351f02da052f49799d5b0188
DDPM,900,256,gene_257,69245e1c3a517b922117aa95e47882e70283e5d0b364a88da02313dfb5486852
DDPM,900,257,gene_258,f32129dc4991295a421306e8c71fc6c8c4a884ec7b962fd0e264a051c2715e4c
DDPM,900,258,gene_259,bd50e529e93e31ce26ec848ddeadc2dacd38ec79ab5152440fa50ed88bb8b905
DDPM,900,259,gene_260,bc43aff6d834e8ef90aa5e661e13c931f68280fee35d8075278b21cf15c9a0f0
DDPM,900,260,gene_261,3dd07cfa8bfe8adf7362546a23f7ab38ec34fa7fcf9a636d3242675ec1b0fe89
DDPM,900,261,gene_262,0a2aa281de4f0da1208946dc45ebdda551b9ecc1c718ce7b44237ea4ee295cda
DDPM,900,262,gene_263,10a9a865c3325bb1678f0471c48fcc97feee536fcf11c4dd6254758b9d0747bd
DDPM,900,263,gene_264,f27637d754ee4f0f0c68cb4ad66a12821854747f7a6dba919f2e5fb3f64a3b63
DDPM,900,264,gene_265,e654c715a7a26a606afcfd061f07c071f7cebf875ddfe03d520a7b938416253b
DDPM,900,265,gene_266,8d67ebda593f493c3a960e70653c14ce1afee48b581927f439f85c288d6c93fc
DDPM,900,266,gene_267,af7ebf4de6fb9313a670c154d5b9db7ffee10223a700f1f45d94381f0bd1c5ee
DDPM,900,267,gene_268,81114e31210ff067af617b252adcc1a94cf9cebbd01adc1bcda34ed2af7561fa
DDPM,900,268,gene_269,39687b806edff22d420a9ee6eb7fe297d10ee46399b93611c9b008ede10417d2
DDPM,900,269,gene_270,0f00d34a8643277cc453bd22593d063ba11d733d66ed0383efde50d00c5ee962
DDPM,900,270,gene_271,0d2e6f4719423eecec2066f09a30a79053c592ab06fed366a4fbdad1fd7916f9
DDPM,900,271,gene_272,ee43ee2f549999114e51b1db3b5cdc8bdbe8b771ef84a6fbe084cdfa4e888ac8
DDPM,900,272,gene_273,a7aaf41a0f4fbe7b2968da128662932c6f613f107c48bb9f67ce4f80809f5f46
DDPM,900,273,gene_274,05fa22288d86e27db54f8ad5137c1410bbe7b6630a061b75a252a1aa532c2227
DDPM,900,274,gene_275,c2aa9fa87ac11613fa04e2abcb585cbff691ad60cdd935d7275f1011398ad841
DDPM,900,275,gene_276,a6cc81a5db4c21361e28160f48d0869b16d59fdb37ebf72ec280e9c5ed54bc7e
DDPM,900,276,gene_277,f369088d459d8c41aeed4e17220a837ec5093a50a762b4c8546cc70589469b89
DDPM,900,277,gene_278,7441db76eb8b091137d85fd59989ec783248dcff69c4bfeff13270b7125b8c71
DDPM,900,278,gene_279,088d6ea8de9074439f602372aaf1bae833156ebdacef6fed4078fcca764ca20f
DDPM,900,279,gene_280,f9b505055133658a82c9bf965032ba3c2100ab0820037368db565c498bdc0f40
DDPM,900,280,gene_281,5a17c1cb8add31156652158190fadb70d45e2c7beca16e111fd45e18a27d014a
DDPM,900,281,gene_282,a7f65e81a1db0f14dcc6c02e8ef8fb86ecee82ae1d98095b2b0a0faeb6e0aad4
DDPM,900,282,gene_283,1c0f1f41d5bf24318815be4fad8f184b0c4979e4c0824e426099f2e2d29700b1
DDPM,900,283,gene_284,ebb5fce4189aa468ac177cecc434bb2a808f967d04f5742ba09d6bbee96eed3a
DDPM,900,284,gene_285,4e99656a1b1558565f8339f209ae49717c18248ef9e3486a40628e936575d2f0
DDPM,900,285,gene_286,d8b157ce664a6d5da5748afdd41e9c6638e4d995a230dd91b7207fc465973226
DDPM,900,286,gene_287,a9497ce1d47623f9d9c8e7e5a3eed1612b37f67e726790ce9971c8f4afacd0aa
DDPM,900,287,gene_288,b65e4094c5e4c26269a10cb08135d9e60f6a75217ce68d8a81ce7058e13336a6
DDPM,900,288,gene_289,9716bba43eeab3d5832f79b75a0fdc6af5d6748d59b3bee266580a60a5dc446d
DDPM,900,289,gene_290,31dbd3ec7a92bf2b7498579ff676cd27079799bca6f68ef2ee9ae4356887689c
DDPM,900,290,gene_291,9c1672b7bd69cfa6b2e6e069a6c7d60f609761823abe3d55ed5c4179de525427
DDPM,900,291,gene_292,cecb53b5cd55b8dc7380b3f3f81138dc82f899d9150372a02b96759f979ebee8
DDPM,900,292,gene_293,b8e6d1b3e39eaf2ff49449454dafa51d845989f720a90fb9b9f47d3ad6e3df0c
DDPM,900,293,gene_294,918fe597323f43d520bc546f854ae1b87deafb40922e877c0381a41a33d6baba
DDPM,900,294,gene_295,c26585fa03430d8bbb117e81168c1320adf3930daaaa8350e90911e70d8858c5
DDPM,900,295,gene_296,4c1a473e324ed9d56682c1c4a3ce50388bb33a8562289125e65cb84022aa6cc5
DDPM,900,296,gene_297,c6896afd8adc743ebf36e8ce77376a6659d9de2bb9b0fbfd2111311f5fce1249
DDPM,900,297,gene_298,41433236fb9bc2a9be3ba901b87d7aad774dd2aa8ac344f196368d9d0792f3a4
DDPM,900,298,gene_299,62ec2f1ae81b00f548b1c2a7594bdfb1a7e2afb061a7a5605a03c303fa385893
DDPM,900,299,gene_300,61f081bae01b52fd758a6084d2e29e885494df5f365c16cb8d978e8383589fd3
DDPM,900,300,gene_301,8f87400bea9e0ee16e0471a1482d42960f39644fd91f5a14ed463fb110f65c86
DDPM,900,301,gene_302,d0aaf014828ca79920c81939cd7405b62abeaf40e3a53c469a2ccbee870d9c75
DDPM,900,302,gene_303,8de3067b82f6770ced175f0df322a79726bfb762b094595d3a8ec86a018aa2fe
DDPM,900,303,gene_304,4f6c4561a69a492a3c3db3c8091cd7098ad40398a567710b41f025602b0d762c
DDPM,900,304,gene_305,639ee35f82452a842316c968cd7e68d91a68a474c60238023649d47d256dcf32
DDPM,900,305,gene_306,e978f13404b27a1a2e9f22af756c147fcccc16fdbd0d492aa4f8b94ad268756f
DDPM,900,306,gene_307,472d9492c6bdcfe96472c4cd7452ed149640aae89fa0f5c2e73f22b23baeef75
DDPM,900,307,gene_308,5253f15894d55615337d8929cbc0fa90ab3b11da619a853a7aa70cc97d9cb6ab
DDPM,900,308,gene_309,ce6c48da2aedefc19f81dd41279cd8eec9fcbd8e35b0ba3a6bea85efc2242577
DDPM,900,309,gene_310,af7b9f6285254498f2412b6c0e0ff9a16028ba146eb305e2b60aa8b4f2dd73fc
DDPM,900,310,gene_311,9bec3c46031ba06f4f70555135a99d163f3d93a2fdb3779e64e5f475e9c3220c
DDPM,900,311,gene_312,b538bb2266b2d7df971b320bf935264d129212230fde2915568e85a3bb28bacf
DDPM,900,312,gene_313,2f0550e131ca6b6c2ece415715e7a29b222d0aaef582991a5a7e3984f13c3697
DDPM,900,313,gene_314,d4f483c9470f79266cc41fbb0cef191eb8a2ad87883b964fb786b230b93398ee
DDPM,900,314,gene_315,3bea3233429534bd52937c8df63254be7003d94e4186ff95b8424a42ad396d1f
DDPM,900,315,gene_316,5f6823245c7ceb99292948b0259947f136880c7f764385d275fee5c70616e7d6
DDPM,900,316,gene_317,8b216cb5f7774cd04c62e7402af3c4ffb5d5c755fb53f3c26dddc165bbe05345
DDPM,900,317,gene_318,9d132e4f85e42c100b8ce720b7f911e546e645ba13a0522ea4a0bec61cdc1f40
DDPM,900,318,gene_319,e897d7654b74868d3a31c0d81ba33b8e1c6a15dd7d6daea47a8c2eb072868cca
DDPM,900,319,gene_320,446012751f5b6b6406b185baae8e31c2d93c5491a4cc2ad17fcd05e22dd0a61d
DDPM,900,320,gene_321,c0194248c3adaae568ba999666fc97e0414baf233ac3eac87fb1916b27988ccc
DDPM,900,321,gene_322,20c985fa4b7e80b4d74c684b338f7cb20d2d466fd6529f07878b6f5362e1a824
DDPM,900,322,gene_323,38d98c57dfc8fdaabc1926f16375b9e2d5ae666745144582619d3d4dc51b7f83
DDPM,900,323,gene_324,303d3c5bc7df3f49ece9062919df29e42dc536ac3a47845155492004326633ae
DDPM,900,324,gene_325,5195c6962b4382af5ae69de04b8f367368e5f569f9df7ef4f5b6fb50894db790
DDPM,900,325,gene_326,f8e6396804aca7b8e82aa4e07613f9bff5577e9fd12eabd46508733c0bd48043
DDPM,900,326,gene_327,65a91cda99c1fd32c1e089ddf147b7376da0bd4e55906a95d4809ce0da08b800
DDPM,900,327,gene_328,daafeb0eb6502dd8f3745375ba0ed6bcf67167a00e240cafc6fe92ed6838ac9b
DDPM,900,328,gene_329,58fede8f8f2472e158a07ba2798016fbf5fd42bb3135b37dc404bf67e11b32ea
DDPM,900,329,gene_330,de52d8211c93d174b9b0736e86da096d15ad80c4daae176b8c1ec6f36216278a
DDPM,900,330,gene_331,4a14e9565790c50760fe369f44719aee4721adaab0c85615e34e8f15104d872f
DDPM,900,331,gene_332,4db5d969da01435ede93ee3d6abb05dfa467718da5fb0a4cdc41744110873132
DDPM,900,332,gene_333,4bd5a40841e228a2c547cc10f913f678489cfc91e42b16df66d144f6ba911a12
DDPM,900,333,gene_334,d7a1947fba5c89f4a076b98c9573e791ddf92728f2df86af160ead954206865a
DDPM,900,334,gene_335,e7be0819500709ac99f8be2d73ea5d68d152ba388d1be8bf0939c11c4466fb28
DDPM,900,335,gene_336,2ed0ca1d762bc26aa44e110330e12a2d4cabc5cea01026c33d4af594c0712bf2
DDPM,900,336,gene_337,bcd4d70f1fec044d64c0d869fdabce1ac3d5e1e0ea63f24ca5048d89fe10a8fe
DDPM,900,337,gene_338,7845f5e8b5a5eed5214fcdaa9d2392457279e560f398d766921375b7b72bb662
DDPM,900,338,gene_339,00361ca21fedca8f85e15c0d3b5adb72d5219af3bfa56af0c71bcdde7f03e335
DDPM,900,339,gene_340,e48dc2c9ce91b397d4629c0f9431d9e9181a70929c6edc6b8bd7e11ea0007b93
DDPM,900,340,gene_341,ed49cfb3bd92ecea4c6f9956bab2e0e8a8ca20afbdc98eca421793a7452be012
DDPM,900,341,gene_342,16bb1828ab1b497f6fcfe71b8ad3fad67a06fb6cdc325c7cf776f6541ec2cc6e
DDPM,900,342,gene_343,ac7d0a49f4f399e5de3f35e4ed9a9cfa9da1e378252839c4544b0ac64828e473
DDPM,900,343,gene_344,66bf50ad09345f27d1facbf8986cc64810e1c45f37d27a4c9d59b2fda5e033f4
DDPM,900,344,gene_345,0673c68bf02edf2242781dbba3ea0a209d503c767259a3c7a59201ebd4d4262d
DDPM,900,345,gene_346,ac235657cac4c80eed2b11366a19d3bd58f92027068033089c1bb93a6d028223
DDPM,900,346,gene_347,83b22fae6424763324ee518e0ea655cc24734de5420fb1cc32822c569ee02144
DDPM,900,347,gene_348,290733dbd6e601133a31d6d698825040cde47fc6a950eb4b17bdf68685c97829
DDPM,900,348,gene_349,a9f4ee4f48b7ae73b5ee6b85fc7477e466623ba8c8464f521dee7cf273300765
DDPM,900,349,gene_350,e149ddd5e0f3ac9ef6728ab798418be59af8a0f01441ce5518742ea70f03f29b
DDPM,900,350,gene_351,802e5ea028a1c49e70c9dfa1fa0dd80ead3b2b97e9387d4d1e3b8ff1d6eff512
DDPM,900,351,gene_352,16d518f83276ffa698a9b2665078c43d37aa6cef778219999f48557ce10a6838
DDPM,900,352,gene_353,be6ab52000c9a858abd3c03381786dd5cc84ff1c4dc74a29f7e59c570da9b492
DDPM,900,353,gene_354,65d9e62c73ae73e961ca0e81a888ee2363d9bed382bcbd6fb7f0e7feea7e1fcd
DDPM,900,354,gene_355,033bf58136c454491665fa0f585bc23fe473eacff324696b452551aeeb250121
DDPM,900,355,gene_356,5b2100c1045e72ba9983d575aae9c1a7a0ae1de9b130ea6c954b5f1eb574eb18
DDPM,900,356,gene_357,5ea1735385ac9d80b87f9c127c63b7e0632632b06e6f04bccc4261b90a81b356
DDPM,900,357,gene_358,1b6d239d5b5da9fcacc2eb5101d5bbd3d6184bd07781f077733931f91421b391
DDPM,900,358,gene_359,e5c5498c2fd97c41483337464b70fc6515f896298caff59657a0dfaa7e8044b6
DDPM,900,359,gene_360,ba4e6e174f3d5ae447dae936ea63fdd2c906df433355eb4aa2894519f2b8459a
DDPM,900,360,gene_361,c6224953463c815fc9f53ef7f2498fda845b5f3a188805b1a0e9200f8296156e
DDPM,900,361,gene_362,e0860621546728929d4626ce083830a1bce5d29aa99cf83ee4b6ff7453dfef54
DDPM,900,362,gene_363,7cac623f4c921be469695928efb3b1604a24bf5c0701ff16084d45903985960e
DDPM,900,363,gene_364,b2617cd7abbbdec81d4b69361ddf17bd0e67fc24110adfc77b50a0f4781d73b7
DDPM,900,364,gene_365,4eb95c0bc13d9abb347ee37e2180fd77d70bf5f9058808b9af54882912f58caa
DDPM,900,365,gene_366,08756f3517df529e79c5f3ce58c4ac6e41d012774f522931cd53a0966c1b6a08
DDPM,900,366,gene_367,f8965ed7fd1f133047517c6b00f7d9cc26781f9e4ed6547d74cc57edbc013f7a
DDPM,900,367,gene_368,69504e7aa4a00236f63f60f0745bd497c317b9c69d413362f1bf643fa28ac4eb
DDPM,900,368,gene_369,286a9b6ded8c084c1ed6d4df9bcb9fc645e0e93d5168032bae45adc5d2246622
DDPM,900,369,gene_370,4ab05b7a5ce3a056ca75a225b414b968cdeaad29b1eaf5e131740cecd208c420
DDPM,900,370,gene_371,652d0d205e4378a3ace938f1425ad98316f689388fb6bd779dd8b47158a55684
DDPM,900,371,gene_372,d153b296209d2cad10d7825598d34c79a2b50a993e94688e39e5bb34fbb07cd9
DDPM,900,372,gene_373,2c92dd76c4cc572b6c04186d80637b74eb4ac1d62926d349e03a8888e503eda9
DDPM,900,373,gene_374,c7b5615aa30286d74f947c84b483b3777862cac026bf165307a5340e7bd0ff5a
DDPM,900,374,gene_375,b06eb92bb0e9bcd46d82d599b46f562f5c55329723268f9afa6e94b34eb57e3f
DDPM,900,375,gene_376,85def192d0f4694cc5a30c5b3b43ef735b26ca7ac5caf89a672fb268b102aeeb
DDPM,900,376,gene_377,7c8bb7ec407f1e6f519e6fb9b89c23d0b7c875e7da87ba3ea9a85036f55aab3c
DDPM,900,377,gene_378,a929cc2e74783e78e57c661576eaf7540f1dc33967fdbd3cc68cf857389d0c73
DDPM,900,378,gene_379,2ba34b621e4a8bed32b2dd125f32d22710dc17b2ab9ec9ca429f9014a3f0b4cd
DDPM,900,379,gene_380,3069f032d23f4644da603e19e2e9e0a705aed777ceb73d9214cdca92fc184f20
DDPM,900,380,gene_381,b622fad3d9fd61f3fe806c84013de0e4fb682d6b52ddc32df7dbab8efaa7c7d2
DDPM,900,381,gene_382,9667c2ff2a6daa1b08ffd22cee231fe2e9414e70b9bf75993b4aa4423f81a070
DDPM,900,382,gene_383,b1aabce76cb547c0aaac263ff32368b0513d902948a02fe9766ba3392dbb3ffd
DDPM,900,383,gene_384,b89475997810ab1fa0a25464b810b3aefac3253317ff279a28662b7d60861846
DDPM,900,384,gene_385,f587989ec170284214366ebaac542030dc5607301290835f6bd36a2e506652cf
DDPM,900,385,gene_386,bcee63e7ed325450397bb02aa9e82175955b28f528206c31253927a1f0f13385
DDPM,900,386,gene_387,e4929ae6ca9b0fe94a51a1a718086f3a7726875e44e23fb0773805b2ca957a2d
DDPM,900,387,gene_388,141d504171510b9b41df525132dcd5bd0877edb0e2ae0a1bce09a4ea59cd49df
DDPM,900,388,gene_389,2b2bf3b64a14a337be7e797aff40abf5c060a2693917ee0e81eec86989fd0e0f
DDPM,900,389,gene_390,612d2916ee56e31ef2407a2f96ea73953fd5f541e47bd7937f052c7b2835d65d
DDPM,900,390,gene_391,2fb7e3d34e1c14291727ce2465addbabe069c7708f40ca191ef80894b080eb2c
DDPM,900,391,gene_392,c4c6f514a4fe3ae88db22aed1a3c9bccc475ae2f3e1f18d6cb3eefeae3dc6b78
DDPM,900,392,gene_393,22ff08249bc5b0e591c75bc6a4bacc497b4e0531a2c379bf86d7023cd985ee9a
DDPM,900,393,gene_394,58e0621eac2ef06867bbe04623a1af0c33cfb28d0914a167577ef51ada2d8773
DDPM,900,394,gene_395,55b914b593e69c64789b4f83a56bb1e0bceb0a1fd5526427b4f2b4bf3ee082a2
DDPM,900,395,gene_396,ce2c2a3461495a4c60eab2bb19ca50c9607c38233c9ac542ff71e3c2c841b044
DDPM,900,396,gene_397,36c583f2a34e51d2e171171cc4d67f4f713bff861b42e4a985ea478b277f3e39
DDPM,900,397,gene_398,b258af5b44995e164c0b0be7dd854216a9224f23cb8e21aeba321f2110b144c7
DDPM,900,398,gene_399,cadfef0194dde976982a2dc755c28f4e783767c0ba9fa186e1eab55b36fad2e9
DDPM,900,399,gene_400,7ab20e43aa0e877e8d3e04423f1eb626b560eb1749cd993133d9d7757b21aade
DDPM,900,400,gene_401,54288082e4810250fb6014ea03ab0712c5ca5a5ae00b8623b8b0fa3d13422fdf
DDPM,900,401,gene_402,4859ec1b341db497d48a3372ae8213f08310216a2b2fda6ce4e50e44ef29805c
DDPM,900,402,gene_403,b421b1604def733527ee972fef5296d20c4f50a579299350950fba874616dc30
DDPM,900,403,gene_404,df4e9d7f668134ea0d7c50fd404ba2c6c5b0ca492aa4ee1f693fa9c51fd0555a
DDPM,900,404,gene_405,3bbbaab677c5a68633441482c067576185b5c44a339c165c96f4c129a6034590
DDPM,900,405,gene_406,8934836c104a5549bf0b212132ae6108fc01b4e1ce614d7a97a929324cb94879
DDPM,900,406,gene_407,9c474aa80b7de8c86a9733fc458f3129133a430a5f716d7aacd774bfa8ccf022
DDPM,900,407,gene_408,f136a88208b68812ef2a71f661fd74602365a5130b27c861b1465afc05eb6430
DDPM,900,408,gene_409,18b69781439ff6cd53c3942f6d863b6908840fbbb0ca3f073842b7d77e7ec963
DDPM,900,409,gene_410,76cb5c6db2a8d5ad4a70a3b8a8bd6f5c7e3167dd627eb6f8a9e576c8e76363c4
DDPM,900,410,gene_411,4f409131e4bc7f672368d350ac3d48a491f95ae2c830865757c06688abc14ec8
DDPM,900,411,gene_412,71127c5039019f732b5461f6604476e183f219498a6b3ffd868ae67d0dd37a29
DDPM,900,412,gene_413,22bb6c0e82662c01a7478367376d2a0012837b2591ac53d9c5637a6266cf0f00
DDPM,900,413,gene_414,03d9c57d0b6dab0e7ff78984d2fe8e22b2d1b9e67310d9c7e07c4f97e5f3d2d7
DDPM,900,414,gene_415,bc3c552af336cf62beaf1f699aa0de351c7ed57878361439d21e4145010bb419
DDPM,900,415,gene_416,b45af5a1c76e1207e3c0117de0e3166d35b641739aac8f3dc255c2b9660e983a
DDPM,900,416,gene_417,547a27859aa7dc2ad289beb01d02994d75872d6b2c99fb7982089283a227276b
DDPM,900,417,gene_418,51b5e8d71d8908c113fb21b504d8f65e0832011ccc41e98bebe08f957d076d0f
DDPM,900,418,gene_419,29321dd87e7f7b27fea5bd87f9fbbf7c2e46a348c6d8276f04e96cfcbb1fe0c5
DDPM,900,419,gene_420,7dd63c3cac719c5430323d8814467d7b7596c62db6c1f21eb7d21b8c75d1894c
DDPM,900,420,gene_421,fd607761e44f4ee3b593bbdb124948c3217973551569fe64ab07b5701186635e
DDPM,900,421,gene_422,4fb8d7e1de25fc4913286577bf03efad38e75b7714f0af2b416d8939b19b4a70
DDPM,900,422,gene_423,9af16a7b9f4fabb6b5bfc6095071656844edf3dce7e4d99f504de136ca87127e
DDPM,900,423,gene_424,088202a0595a456468a22f57da0dd2d01aca4714125d09043605dea4a532d359
DDPM,900,424,gene_425,83221127b9419ee3200d0efbf83d7d51811cc784925b4be420d01ceaf5fa762c
DDPM,900,425,gene_426,3a5152124a13299cd9729358a3c0988ca37b3e987354115095d34e8fb8c78906
DDPM,900,426,gene_427,e501758845e35ec3f16062ab2b8c3f004ec9683d4a82d8d223864d6ce5ba885f
DDPM,900,427,gene_428,49d19016945f10a274d3eb20c4f4f6847841dd669771a493b14ef60c7b80bf53
DDPM,900,428,gene_429,2dadbb74c94957203db839eb9aec0b693fe4199983a0306f16e832fd39334554
DDPM,900,429,gene_430,4fea3c95ad8a7c1e9910590e57fcf56c474fd94b1a54a9fcb37b236bd4e9caff
DDPM,900,430,gene_431,aadd68298ca8f217b492bef762d07131aad9b24fc8bc4bf8f6d0ac680523b111
DDPM,900,431,gene_432,09e296f4e9ec2a12ed46589cce64e30f6ae0066b970f48a2d17552f82099f78c
DDPM,900,432,gene_433,65ee28047352b8d054379fcefc4532e429bbfa8cac593191472eb2cdfbc14fb4
DDPM,900,433,gene_434,c96fa902ece4be5fcb599f708050b42dbc66922bd06f37f10ef1244784be169e
DDPM,900,434,gene_435,51abd895020a44d51c05de1579a387dc71f2aac82e9905068c72f52144fd28eb
DDPM,900,435,gene_436,c9a84bc8a3690c8165d22566488ba6d25b6065dd4f08a1edd21d5e8485444370
DDPM,900,436,gene_437,bad308ea72a9c7d5342dcf5e0ad66e83c71e773546e71e31d5925b1f27c0b8ab
DDPM,900,437,gene_438,f117410122b0a0844c89f52c57c51205f3c71423ecb1e7f7bdfaa95dfb9556b4
DDPM,900,438,gene_439,8e04b2cb6c072f7bcd33062202289b2c0909dd385c30882e0d47190f93375823
DDPM,900,439,gene_440,964af3e8755bfe22f061f3ecaecd5af457a7858abeb0c0ead07203baac2aff34
DDPM,900,440,gene_441,805c3d0caf92d1103a0bfb5e3b43d48a22c2884f70ee6bd60fdca3829bc1b300
DDPM,900,441,gene_442,fcad6ff350c91d02d34fe258e45b429a2a1e393b488b943d25ec005138028ae0
DDPM,900,442,gene_443,d6f84aee57ee7731593b74411c78f8c6ff15577cc6da03a2502da680679c0747
DDPM,900,443,gene_444,13ec11f2cc15cf67256dd9f7d504ad6c9fc9f49cff99135bb2a508556a0b6207
DDPM,900,444,gene_445,1a18382cacc4ce4303eb7b958514e502751a4b89a15ddb2e5f699ae52d232a94
DDPM,900,445,gene_446,fa5ac256797d30f4c28aef204f0ce5081e650dbd92de12639fcaf772e1cd3d5f
DDPM,900,446,gene_447,c46e28764fa8c6c0b5503f51c3eb9a27aa9fc45eaeebe6589f18b07edbc3dd56
DDPM,900,447,gene_448,71826ad60054fb034f124d5de8b6efb841700755157393428d9457443005c357
DDPM,900,448,gene_449,8e73bfbb074c873bf10df423e1275729bc40079115989d4656e8bba5a90c777d
DDPM,900,449,gene_450,bb497a13dbd6aaba979bab239b0c5b6b3d171a424aeb9df3108947548d4cd62b
DDPM,900,450,gene_451,5a0a3872b6ccc2b39af39cf7d22cfe791d087d88647a1328763c7cff5dbade07
DDPM,900,451,gene_452,ecd5965aa2086f3cdedf28d165e8ae76c9becf20494b012b9451fa5499221679
DDPM,900,452,gene_453,96904f9c86433440b2064e10eb0420ee7d4ed9dac06ce49b2929773dda730c93
DDPM,900,453,gene_454,cd063b15bae87cb4cd4a9e97b98d8c416a9b41f246612726df392e1c130d570e
DDPM,900,454,gene_455,6d8c296be819736019ddd040d7dd5200373581609143c3fc5dedb6c77cb0a3f2
DDPM,900,455,gene_456,b3543f04ae396f26469ccb97c1b6c8360845d653b959bb56d3cc81295c209eab
DDPM,900,456,gene_457,0fe420ed82f6b32b08234f8455f7739c9ffed972820a0ae4c8fa77f47118b985
DDPM,900,457,gene_458,deedcb6b20905b985c0fb86f191419504cd51021d4cd219b4e1429c584c17bcc
DDPM,900,458,gene_459,8aee305909600c41c24772d5c6b3699bbb49ae837473270a4194bfc52b4d4e03
DDPM,900,459,gene_460,9ed565be81bcbdc2c287abcc96dcdb8286ddd6d7f7046f8cb492d31d027a4105
DDPM,900,460,gene_461,be3db2e500f87c95ece0039e8343b97366f9577d3c408c2ce9969abed327388d
DDPM,900,461,gene_462,fd482ba31063aad5dbab25a759e9ba53bc077e2b0a6d231ff1a5c0b4bea22d36
DDPM,900,462,gene_463,eb3bfc36e0418b7089c2900efe6fc0fa66f20c2fb94fb340e564ad8fc0a5f281
DDPM,900,463,gene_464,de4d006a4778fe25b2262fa14257eb7140ece25ca5d37135064649120c6073f2
DDPM,900,464,gene_465,1d1839983b12dcddd10c026a6735a83048aeb6b84ba655128ae38d5c1a3917ef
DDPM,900,465,gene_466,783dff368d0c66d96fbc4ebfde4bcba3e4fdc620b5c56b4a506a11b3b9a81b65
DDPM,900,466,gene_467,96268b61318574c76962a331b172405e8072ac0f888276fdba819795ad416dda
DDPM,900,467,gene_468,5938aca19bb49fa7c2f5f44b30ede8295afd39b41519ff21b1a0ecdd9d28e638
DDPM,900,468,gene_469,0cebb2a846a76c6f3b2fba4a104d23d815f09a8259a61ee15673e58a8be4610e
DDPM,900,469,gene_470,cba8f03e51475522e2aef85c3ef42f6b0f162b7e8104ef3b9353e05c42792895
DDPM,900,470,gene_471,fbfd1d507f509c2380debde99e9275871ea740b75ebe8d3a57b59fe386d21d23
DDPM,900,471,gene_472,fd691166b27c420c4ddb99fbabc4348fcdc7491d039479b240987053440b1c95
DDPM,900,472,gene_473,743950679230fec2deb3378a4e8f892eb62d534a2605d2aec4a76a837855d10b
DDPM,900,473,gene_474,587733eef63c89f4798d76aef50a3bc60a97f059b0a44e7db363dbf54ca9efb0
DDPM,900,474,gene_475,45386ced70505ce02642e07b1626fad01f70d49f0650d0c3f58702c4c14463fe
DDPM,900,475,gene_476,037e234e887ddd88aeaeaa5b38a33862d9ac44a5f678ddcea8e04c6f69ff6ddd
DDPM,900,476,gene_477,54fc7aa6dc4aaffe0556043a82ffdc26dc62e5ec57d865419bc9c9810eb0d119
DDPM,900,477,gene_478,5c3b446a04296e26d2c3e7a194a33403ecf14eecf8a9dab68450abfd75bbc433
DDPM,900,478,gene_479,f34d894e36f739283d372cfdb659ed319e2eac0ba036ba5afff91b5acc1c53b1
DDPM,900,479,gene_480,1eea8c943f4aaf009b37848d0af90089f7af18fb0b7366bc59e3a0a393be9592
DDPM,900,480,gene_481,fb20d0c1e85b3316add75bdbfbd3048710360ca2ff6f3d3ce08c52454b9f297a
DDPM,900,481,gene_482,f01a102f4fe4fb68040c493cb291a659fb1868086803c27161b6b88e1a0c0c46
DDPM,900,482,gene_483,ba9c1248006cd43ccd3e7da8ab62928592937eb7c61b811ecfae7b00d89c260d
DDPM,900,483,gene_484,04a72598168fa3663a7c80e88461e6b438ce2ece5f145f474b7cffffac25e93e
DDPM,900,484,gene_485,220c45f4f62c6880f752c9c52fcd44296f1b597e63de7f15154949a64e602739
DDPM,900,485,gene_486,0e92ae4f1471ff37001c4f3c55fb3bd5b04bb585804fbb61fd7b45e9230ea205
DDPM,900,486,gene_487,88d13a74d60da8c256a938cf604a7dbd1d0746873b48981e32613db2d0eff504
DDPM,900,487,gene_488,beed4b9c85d488799a5f67baa3cc801637e159207a1ade03e1a91a8593152a2f
DDPM,900,488,gene_489,ae069ee87120f022ce1a06d2a3919115b3178f597f7f275851704c0aeb8e693e
DDPM,900,489,gene_490,2a5723c60aa2651c87cf896d59a4becae78124b5d7fdfcca09c65ca5ed8afe82
DDPM,900,490,gene_491,b7d539d03eefab42102140824ae5c9486e4b0c28904cf2c8e35c7461d9f9510c
DDPM,900,491,gene_492,a128a8d8f61abd6941d3af406847e4750de0a8a84841d17781f536b9efe9f112
DDPM,900,492,gene_493,c65ebc4dafe4467c1a26b8637e41c3b36a646cfcd92fc76e3e745f3b4aadd67a
DDPM,900,493,gene_494,0830981f8395d3dd697e392178c4bc442aedb1151167b605e80b162700060960
DDPM,900,494,gene_495,0522d0fe7ea2cf8f89f744481250957e7ce8bd95773ec86f4b05a7d5318929fe
DDPM,900,495,gene_496,41643fe567d0585adecef59014ad04427d02f0ec8d6086db2b5e04f81493610b
DDPM,900,496,gene_497,d74a25610057ad330094273654bd2d83113dd8fea6a18fb08b0eced1837814e2
DDPM,900,497,gene_498,a8a9ea0911a39a860390beb80b202e49e432d3ba04b5bf83a87bae191f238e0d
DDPM,900,498,gene_499,2d76786d571eaf86b5aed7e082b524af28d088203dab1327d19c4281df62859a
DDPM,900,499,gene_500,b3624ac9f02bb64c544517e0cafec01d8d7ced6d6982f39e6790e1ea8a94e6e1
DDPM,900,500,gene_501,c8920687754e0b86477c1441a12290df9684d4d2ecb9cc25e23259b0f31d65ba
DDPM,900,501,gene_502,3cdf58d82f3edda1ec14b4b1f4b6ac5be52ec043da7151f2d0c1c9e0c18547b2
DDPM,900,502,gene_503,39eb6bc03cdbafb75f9e65dbce2ebb0fc42a7bb7ae8f104f281587624e041acf
DDPM,900,503,gene_504,6db68e5bb0df0416cc3d6e10272973f8b995d679f49b06fe59b11df428a3a7be
DDPM,900,504,gene_505,26b6ed6064ab34e4ca281b59083ca10618a41fc005237e65b1693f51e1a7ba9d
DDPM,900,505,gene_506,84205642a4c37ff82de90962e24c9fc37a486a90b9e7df45037867f4142c1c0c
DDPM,900,506,gene_507,09a3dff393b3597490085fd9fba00a8e58f0ee1f911faf104465a384abe67744
DDPM,900,507,gene_508,1225572d35cc45e9f68074706f1cbc4cb257e5734d36dd0f5f3c018a86dd3c10
DDPM,900,508,gene_509,228f3dc6cacb0d727f80af1c2f1aeeb3a5ba2a243a1f31ba9a24411f67c70fb1
DDPM,900,509,gene_510,d23dc5f7597fdd2b9f53e56ae78af0d27ac45f95065a84e5a98ba0f637a563ff
DDPM,900,510,gene_511,3747852876c43dd434466eda99eba3176639fd697d8f1c72229aeceb399dcd80
DDPM,900,511,gene_512,b61463e78a1e37910ae0d3aeaa13041e0fae231eed3b4becfb440e22eaa96ca6
DDPM,900,512,gene_513,4b98e670a5ae31d9e9aa9f6605a93223642aad470723b541dccba08c0b02cc29
DDPM,900,513,gene_514,a722a5acab7fc30486608f74be7df70a1e62910338fef469eff74ba2e16f71a5
DDPM,900,514,gene_515,7fedb0e9f77b7ae6b52484963098177b8a6f628efb6fe51690f383f8ed5bf480
DDPM,900,515,gene_516,4e7b7f759f122452ec5309b1cae55cdd3eb3b336019790aeed6f63a03bba2662
DDPM,900,516,gene_517,039df477c4fa28963cc3676145a08a838559dcda4d9e14014420d4b06ccd44f0
DDPM,900,517,gene_518,88cf393ce638533e33cf143d7b41dd4b004264b0992b3b4eeff464344beaa887
DDPM,900,518,gene_519,33d82f6ebee0ea3a62ef08b1990b6d59a172f2c96ddee601e6cfe390e33da55a
DDPM,900,519,gene_520,6ff23ff3642545a6770da0da9a53a8ec34d0b803933952b8d923a5e991ab2290
DDPM,900,520,gene_521,2c69bc1c0f9edd43bfdbfbaaa5702bbbfefc64dd157a0b53a2f189c811754808
DDPM,900,521,gene_522,2bd706bb0437a7ec74354e1a2a855246d8ae8a23483a0ac7ae04c334eaa1de64
DDPM,900,522,gene_523,6f889d4d786b1e4277a18e2c1949d643295e7438f0b67b95fe92e36374d159ab
DDPM,900,523,gene_524,27eb5e050cbd6ba63b25038ea9a3c4449079e7069027213e1ebfcda5cadcadfa
DDPM,900,524,gene_525,601b12d197fb7946604ad26d56a6265773837bb73ffe77ee05cb80d9b52a1a9f
DDPM,900,525,gene_526,91b718f22ffda9ea3f9a652dbcda9d8e63c490361d04916f6c206a54e6efc1b4
DDPM,900,526,gene_527,8a7f4ee989c90c26b92cf5f4a3570589623815661e5fa23222779bccf9039f62
DDPM,900,527,gene_528,61f3c9827c8377219bdbcc9df47f5b2e8a0eca14c795e6e5793f7e64790bab70
DDPM,900,528,gene_529,433a40896b5424ad019cd44b184f361906cd33d1dc7e73f58b5581e2f9d54d72
DDPM,900,529,gene_530,bbf57f6426e2bc8254ca2c064abf8caf32c697e5cf0cd76b8bbd8f69a577d69a
DDPM,900,530,gene_531,5ec6ad6b58849bf553421fa44c34dee10dd2b9ec9d1efb7af21a38909827d2c2
DDPM,900,531,gene_532,3a991c6a9a495b674695dcd93c752128635c4d47faa1f9e8ee33a66f86a65caa
DDPM,900,532,gene_533,7ddfc550665882a4050ded3826a5c8d0560c4b2a77634e3650a69a04a2bc49cb
DDPM,900,533,gene_534,fa1e3a681c90e7f6f69316e918848bcc9b148e65d490a9dd8965b49573ff268b
DDPM,900,534,gene_535,180dedec87bf6a9e7a2b51cab6f57dee9b080599a376d25a20ccac21bfdedae9
DDPM,900,535,gene_536,e6f13dc80c7ff204a5350dcdc17b74cd2f331be35846c62677494f479a1e876f
DDPM,900,536,gene_537,98fe2f762cfc4e5e9dde56b4cecbc79c313089112026a1083d6dc99da3ea9f09
DDPM,900,537,gene_538,e6a1e29d2bc7669f364fa21f7e0a4a47d118d9fc867e23da4386b9e40cb708be
DDPM,900,538,gene_539,3e40f368c091ca465306760ec44a750b68f9f5d5ee865b2425331f9b09579898
DDPM,900,539,gene_540,ee1c6fa877d05b10803987ab266b4faa73a4727c40093e83e137188b20b64204
DDPM,900,540,gene_541,82df136a1617283aed4befa7e43e539efaabfe01f03d2e5e20db100672d02104
DDPM,900,541,gene_542,9b318ebf9baf2ad9909dcaa71975bfa9ef5fc013072e4f6717d71252c51046dc
DDPM,900,542,gene_543,658bacc150853beb9b8c0d6a35b81e6304343051c18c775262010601ba2a91d3
DDPM,900,543,gene_544,2f1d3dd108d3c67f2dd9809e59f32713b9dba27fe3f35d8657bc1aaffa33f7f9
DDPM,900,544,gene_545,062844e863899cfa07464008c5ea348e2aa7c4bd243a17deddfa499c824013ee
DDPM,900,545,gene_546,da8842c148f34e379ada3a078b632bfd7abb7937850d848c0eba731060cbb197
DDPM,900,546,gene_547,10b772c8d65b94b4497567edd4056ab63698f86e045dae7948e5e22825212f28
DDPM,900,547,gene_548,156be666daa8fb08591305b9e8654316813a0e17d335270fbaf95d54f3ee863c
DDPM,900,548,gene_549,8bce5404eea88384fbc39a131455172960fb0cf409e3b82ffcdb7cf01c74024d
DDPM,900,549,gene_550,ecf2d5c2dff88fc69dc1bd4a888cd51b36db0fe5e5e2921561eed45bce26d8f1
DDPM,900,550,gene_551,75feae364773980111bbce05724f4455185bceeb463df763f00a3e29c10f10de
DDPM,900,551,gene_552,8fb7d76fdcbc14e2f08869514cf292984750515c5ffbb147aeb702e1e704f17d
DDPM,900,552,gene_553,d294adaeff0d99a5774f6af7734900cb8c91fe281bb808caa99cd19f4a03238c
DDPM,900,553,gene_554,aea55bd7d6555e080c73918e3175c1e04c8691ef07e2861b27ee9bc55adda023
DDPM,900,554,gene_555,0ab34d9c513867b8f684819087c1be6efe663fd9add88d1f2cb59365d8ff1560
DDPM,900,555,gene_556,0554a00b0f25b72b572a5b6819b9457a6aeaf7090518ded05760d93ce8e57a9e
DDPM,900,556,gene_557,2da59187a36f57e144e161f276fb49d88b68403dd53c62cfb62fa74a50a464bd
DDPM,900,557,gene_558,0b4e3cf72d8b9c9c1ddd283081df83dea1b1d621397e6e2881c3a94e89a7f3ce
DDPM,900,558,gene_559,45ae9745c50cdbb979dd8b0efde8d68429f4bfec78a0736ab6f5ea762300c926
DDPM,900,559,gene_560,a1b6ceb054aa8dab7a2338abe02fe66e6411dd22e0cfe47002ca64da97cb0265
DDPM,900,560,gene_561,46b9915714774679c4d5f1da7ec6c90a047322330f894fa701ae0295bbc4f7a9
DDPM,900,561,gene_562,7921db5b5883b896e289712a4588fe8ed0724a995a934cb88c1461983eb5b2dc
DDPM,900,562,gene_563,ef2b90dcd92f1f38ee7fe7696b02a8cd25e891ba7d614dbd185526ba3e95dd9d
DDPM,900,563,gene_564,f3198bbb3209d6735bf1bcc5458e35d86e01b2334c1407c900ac38e2ff487129
DDPM,900,564,gene_565,19904e51a7d5cdb8e0e73307f570ae2068df972d858e0f83a0cc808efa442871
DDPM,900,565,gene_566,35f4562f1449638a27d26c5f6370c4784bf662771691b7d6ac007aba9be571a3
DDPM,900,566,gene_567,b001e6026dd7c96a5b04d364da12dfc537dbf901b1ac4f566db7ec42f4b62a08
DDPM,900,567,gene_568,0cc468735c68ab81711c8898ee935a944fc3cb7bffb01d7b765babe27a7a02a4
DDPM,900,568,gene_569,a038cb10a8d7fe9e604aa8dee493e1aa68b10a11b8a51477ecb39f80ceaea5e3
DDPM,900,569,gene_570,d2842618da8977327d3e04e603b241ac53849daf3850bc0090b84cb61b3af000
DDPM,900,570,gene_571,19d2714bec1a34e8db0987e9a87851345dee313aa6964cd7e189390fe01f20d4
DDPM,900,571,gene_572,1ff2d14333afda2eccde6e25a258523ab596209463bae9caa95eb4286a9dde09
DDPM,900,572,gene_573,d7ac7594505e6958db6cb7cda02a65f622b11f400c356da050021958e54d5202
DDPM,900,573,gene_574,fb3f4ffe5515bcb1381ef31d77b906f98e6f9002ad9dddbc13c26b442b78de5c
DDPM,900,574,gene_575,62c442f2f7ed113d85b968d1b0e9f8f0abb5f09ecc12c624c0dc15e894a7d5b1
DDPM,900,575,gene_576,404f6949425a35b0cb3f8884a711af23001d86d095ce582b5d4bc3e619630cab
DDPM,900,576,gene_577,2ac22fa541eaf0b4ef45e6d01b83868f0b4e6b81a51c170239ab45f554c7dd2f
DDPM,900,577,gene_578,e9ef50582e5323d2c7902fe76f2205981c871d9019f456d8d6eb082714cd1d6a
DDPM,900,578,gene_579,1acda3718a0d13c43d06b7da34bbe1756dfc7e39ad0f664b7837140c6c3b0b2d
DDPM,900,579,gene_580,61747f5702021c32128ed27587db8db6abd2a61b888901c515e1e7db2e64a5ef
DDPM,900,580,gene_581,efd5cc0b839889fdf7ece1846b3a56977eea525c802589ebb6bba4d222b62096
DDPM,900,581,gene_582,7222323807f3ce7dd2fab43a478525e2a5e7d76830eed3b513ae845a9ce06442
DDPM,900,582,gene_583,5ca0c82d6e5449dbe853efc7fe5ad61efe8bd0a47c7ccc5c7da357b8aad485a8
DDPM,900,583,gene_584,a66ca1c01045d06e8d8537f6c148d40e4f727317f16635697f251eb107dbbf75
DDPM,900,584,gene_585,8ae1b999419b7e094e4670eec59fa40d2e9e1832bc03de1b2ac8f60ac0346bbc
DDPM,900,585,gene_586,893159b309720566ad72e9c1f7d775ffa870870903deadc7067221550eafadf8
DDPM,900,586,gene_587,a52759b509b33e9dfca2f8e61c41365f400fa435fd679bb86bb37e5bd13198cd
DDPM,900,587,gene_588,53eef88b9476aa759448818d8c8fe993e7aa6a1211fb80eee8ac1c5e313d56e0
DDPM,900,588,gene_589,e7ff75ce36955397d64a775c585296ee6b4cf060baac616295fa2c390c8ad4d5
DDPM,900,589,gene_590,f4eba0ccea827bf6c8bffddb846691f872d5e0d5bf20d848b39a624e4251f46c
DDPM,900,590,gene_591,3764ab726183642b200d706ef43a0dd75f32928787ff7deb65b2ef3d8aa468f8
DDPM,900,591,gene_592,9c01260405d8c7085d899ce1af0b6eb752d90bb3d4fc44e0db7fd4e4ae7b58a1
DDPM,900,592,gene_593,1d25f96bff4653a42916bc5c4243dd3e8148ea565ebbc47dce2240bb088c50b3
DDPM,900,593,gene_594,76d8be3dc749b7283ef32e0bff10f56e1c4c85b02c511c3805d94e54c1241946
DDPM,900,594,gene_595,e160431efcf36d1e3b23c90d8395290b215fa43da9734908187518e013f76a2b
DDPM,900,595,gene_596,fbe70dcb2ef61737d2ebb235d1884988a4def3805983a4e11169e48b4694388f
DDPM,900,596,gene_597,8d3136734e9e39ef0e18b56e8b82518620beb9b595b7e16cf9b1880a16ac198a
DDPM,900,597,gene_598,ea354f0dbdf94dd306f9b3ccab2c660c762397f29229da5af5128438772cc4a7
DDPM,900,598,gene_599,8fd533a05ce12fd6af00098d75d0d966019b3a861250b16d528b58f530682f70
DDPM,900,599,gene_600,a544206835da437ac21567e7333362be2a08d97688ddc0432ace5e4106dd159d
DDPM,900,600,gene_601,4f933e5e6b87b1a78dd26ee831ba792027434a5fe7963a5c0f4a04d667f9fa1d
DDPM,900,601,gene_602,bd03af9a9d2bafe748dfce94bcadc82a207039e8cd1f98a56c2759edddbbd1a0
DDPM,900,602,gene_603,d57d56a8c1575ad92f0d4dbe8a51c5d6c93024fad8511ff1876bfdd93c48fd7b
DDPM,900,603,gene_604,d890cb2650a1a228b7b0333653b01d38c0fd7f6b12470253a87b66a469d44c64
DDPM,900,604,gene_605,fa58c36eede845e5c40471c21debd541a7d456fb0eb007cf3fcc5aa6102f1add
DDPM,900,605,gene_606,0b3031105b44be9b14fe467c5b113b8b0efe5ed90c2cfc27f0a97dec91150c90
DDPM,900,606,gene_607,e682c0ae57e5b353b25c7ea1f1baa61638d140839f034728dec7f0860d4bc926
DDPM,900,607,gene_608,04da90da6651a0665c2c7eb340c6c2025e6218d0445f2d55e233b66eadeb0576
DDPM,900,608,gene_609,50d045f17e7da0aff87097b463e540508bd801bc0ce56bfc8e9e8c9bad9850bf
DDPM,900,609,gene_610,fc76f5b04f10affc4da0f6591e144861402279d9d801636ff54528f2ee5bd32b
DDPM,900,610,gene_611,e29cc1fbae88da4cc5bd3edfbb8e758a834ab5829e8fdb8f0b64ff98d8a395e4
DDPM,900,611,gene_612,a108c9cb8c32871aeed400c893dbcb1e832675cbb4aec9763ae6777ec1fbf14b
DDPM,900,612,gene_613,354eac5deda9ef8660cf5902da642d1f934afe10c1a8bae2fd33cb826bc43ebc
DDPM,900,613,gene_614,c8833740a9813cfba53cebbc752fe3479cbf8cabb518113fa1c246ff3af25f70
DDPM,900,614,gene_615,defdb974481f774cadc2c7b1bf7bd6a60a4fba0383c607a9f6550cae539e5f1c
DDPM,900,615,gene_616,b99b9861db00f6b0367f8d2c8dffb772be80afc3781e246dff655d5e5c083038
DDPM,900,616,gene_617,7115c8ecaa0ded2f75233c3ef82f4455429c057646d7a7f3f77b1c4758226e55
DDPM,900,617,gene_618,e969051b5408e7f5cbbbd238f0d6c34638300c7b5198a19d83b05f9fea5b878a
DDPM,900,618,gene_619,12137566ba64d19d60a3613ce2d22026551a90736f58bacd35704a841fafa312
DDPM,900,619,gene_620,b7a33e88d9a5d37544b599ba564ea63ca0fdb106eb2f88abea3d91d48ff5ab19
DDPM,900,620,gene_621,43902c8cbc6c72b592569e58290d0fdcb0baf52a4e5295225f6c0049afc64788
DDPM,900,621,gene_622,358ce766c669078f9d9c8bb1ec551866a0e0106df195617f751182d7480dd2b9
DDPM,900,622,gene_623,eac2e2ea23aa1771b3124a87a48ad0c77bee4bff8869bc1ffbf6d0b4b0be0f5d
DDPM,900,623,gene_624,931bd24f4e2a1e5ab7c75dd6f2856d611efe67421e7a4f1630de6fafc868df29
DDPM,900,624,gene_625,cef4faaa65dfcc118f6d4bed7f923c2811f2c0314e8585cce9e3e1a1b6955e29
DDPM,900,625,gene_626,a89601d914021209725c675895656c86a14abec09eded259c9900289b9279865
DDPM,900,626,gene_627,66e12af57797d0e20a13bac42c3675684894342a6d9f95b6f1347c68a3053796
DDPM,900,627,gene_628,a2b5a0873cfedf0dcea37ac8418b90a3b1b0f26d1198a9ac01b79feff5e4b9a3
DDPM,900,628,gene_629,0a7331170f92082b6a10d73761ad413d521f3c96c744ea6155e650c37324bf55
DDPM,900,629,gene_630,4dd370faba0fc5329f4d8daef10691272a3c9899fc3f8b84a4eeb74586e081a0
DDPM,900,630,gene_631,b370e292c8a9dca3a134b7f07fa5a3115a957e81fb1efb674b09b162cc64eec2
DDPM,900,631,gene_632,5385643a14efcbb989b86d2bb5cc64057f1d97f0288641f5dc899d195521ae26
DDPM,900,632,gene_633,a1bcf4a0523951037cdab9222af1ef0b9735bcf64bc8327580cfe1db24f4aa90
DDPM,900,633,gene_634,f960c0e820db94bf67a992e819f947519f91cf5b52035cc6da8a676452b916b2
DDPM,900,634,gene_635,bf5a801fd6994f46c7081fc4adac7c0c1159b52f2deb86c19a65bae4c5c6ca47
DDPM,900,635,gene_636,c537f13197d0ee5924d012f0ac82810ff1dbb55e44723b224a58ec8bc6cb3e1a
DDPM,900,636,gene_637,b19777949c2737f8ed09ed6e42fae09110ea7631dea8080c70531075241c67fa
DDPM,900,637,gene_638,ebba9a8effb705cc764ad574b65d7333a17ff2f28783b5f6dbf11fc21fed9c01
DDPM,900,638,gene_639,15104a440c286c148c5f08e20f8f17258205d0253b591d332e9cdf7623566e39
DDPM,900,639,gene_640,77634e4072a36b668bd96337de029270008b30e8f8cfa38e23f49d09fd2d5dda
DDPM,900,640,gene_641,9fb2d498c63fcd23254f524954176e1c77b55d50b01feacfd29dd0c1c7aa9e45
DDPM,900,641,gene_642,67273b54d22254d5b9e411ac41818c4dc44a07d5c55573885a2e92ce8cb29ea3
DDPM,900,642,gene_643,d06899f4a4a43f961e708ec0fedaefffe67cb9ce94a8ccfb73ad306ed305b864
DDPM,900,643,gene_644,697d23b38ef7b4e6789bd945cf24db29159b841dabb975bfc5518ceb3dbc8f0e
DDPM,900,644,gene_645,98b5b691fb24a7af5d5f67a9eff3b1d4b594743634c9008a00334837c7a309f6
DDPM,900,645,gene_646,0aa08ab72ede96d67d73dbda7a589c38c6df92dbbef251d13e5118824d01e780
DDPM,900,646,gene_647,74502bcc74e733ab4f4445701adcb21793e78b5c98be3a55e6fd2ed58a7d295f
DDPM,900,647,gene_648,ebce1c5d064045401fe3693e443624951c0864e7e7ddf6f28387edfef93c50e9
DDPM,900,648,gene_649,094a8d44191aa826061e9ade02e2bc6179537742c767ce812c376f0d19585afe
DDPM,900,649,gene_650,a50412b5213e454c4d1aafeca5e7c9a358201911a5d8b43504d4f75b7b75d9af
DDPM,900,650,gene_651,d89910fc6fbca1426bd5124a69324adbf90c3daff2cab787f278d23cb50a6c74
DDPM,900,651,gene_652,68a4f9006adf6c2aeaebe9772697221cbde228d77a4d1aff5d0a1318bb4ace10
DDPM,900,652,gene_653,d3a2b77d112ed3b00a2d7415326fedef514152824322367b9d27d5503bc95934
DDPM,900,653,gene_654,620a71e964e67e4758cb2b6006d1abe39564e8ba120a33927279a772108c48be
DDPM,900,654,gene_655,22e65e6ec8f5b4a88c373b9f6fb65d403b11198e0747a8be736a60e1a8868917
DDPM,900,655,gene_656,27e28294a888d39bfbc8f9a32fe79bffaf665afffcdd98c330a1dc0b7857e7c2
DDPM,900,656,gene_657,a08cda36dd85fc07a5d197bf34b7b9d3d4ee4034639befa2089f0620fca28947
DDPM,900,657,gene_658,6c5d03613afb9241b266f6c110deb2ae27abe5bf207d0aa7633a7a47efd1f2e5
DDPM,900,658,gene_659,514daf1ad1b71c5a8f9e94cbd234a4c62333437ebe2495250424f19a1fc74cb1
DDPM,900,659,gene_660,a4b3d6135d179e7129676d168ef2703f125277c1a08bcf8ae7d9e0ccba4854d9
DDPM,900,660,gene_661,80da6f2032c09e2a851bcff3670f2f5237d1e096ff9f4d8ffecf5177ec62213a
DDPM,900,661,gene_662,7fc4848bef9485460d44f322ff8ec69f878641a3368950f486cc6a760f922988
DDPM,900,662,gene_663,d2b2a553e9d4168cfb01881c36c7da854a489223794f2e520ba5c471b7e429d0
DDPM,900,663,gene_664,713ebabb4662ff1150f75ec75fe2ccda75617d3473068c71011aacd8f07bbb9f
DDPM,900,664,gene_665,9e8c8afc5821944eaf637284031337878f8ea11311f05e2fd95466d03e7ee4ba
DDPM,900,665,gene_666,e1b2446a6efdfe880e91ce3165430f302b459626b41a10a06c3e1c8733601b04
DDPM,900,666,gene_667,5770e5f9886bb725e67ee34e96f2eef45947fe4fd90ad4afa2f283bf1a1a7c3f
DDPM,900,667,gene_668,273e4bbc788d3bf72d6e466345fe18c04be6c8909f55cab7da00d66cbe0edeb8
DDPM,900,668,gene_669,f6a76230362ae63e97cefa9d55fb7f69df717c4c46f35d7885371abebadda242
DDPM,900,669,gene_670,4bb2f3cce2422c6a629a84128b0455a44d443622ca0074031ac6aef17546e0e7
DDPM,900,670,gene_671,3d704d11780a98c36295f2cf821d73be1ed2e78b04bf6613a43433adb0fb7f5d
DDPM,900,671,gene_672,e44aca902fabab5278609d43b746ee1f3750727fc802fea6d4ac950a745cd64b
DDPM,900,672,gene_673,dbc0e4773a671700478d515bf3060ca2aca4823af1e4f190a4d4e380510fe517
DDPM,900,673,gene_674,537dd781e4366c0bcf17fd35f40e3c49ab67970b116715271c641733de9c24be
DDPM,900,674,gene_675,bd6d416f6811358170c5aa63baf3d5ab5c78e80d44532d017b1df177d86f9f25
DDPM,900,675,gene_676,2d13cb38ad0729062a790cdcbdbc2267d8a00eca427326518417503164a334a7
DDPM,900,676,gene_677,2706bff5452c7bc001c3d45971e205e525f3088c96ad77b18e5966463f33027a
DDPM,900,677,gene_678,49f1b8f6818d916ae139b51145dbc0ae6b950d42739eba6f825bbeb4f152adcd
DDPM,900,678,gene_679,30da2541dd172fc2cc5aa689c167351022313fe14e1a69d32c6d557b1e931605
DDPM,900,679,gene_680,bc507e4a3912057a06c30b19b78cc5f023b16ce144aad7461af306e647da1c74
DDPM,900,680,gene_681,6f236994c45c658ac5dcb262d3afa8c2d203a54c6e2abc08dcc718ec2c5e698a
DDPM,900,681,gene_682,c85b7d8202bf40e7c7b0b4d57d562663fd40421a01708f9d3744e5ae656a87b8
DDPM,900,682,gene_683,f3c6b44045f4509137e8d6cef917040c160a03bee7bc1f9ab72850851902773d
DDPM,900,683,gene_684,0af5e98842bedc4314fc5d525b2891086484805e8667c0d2a09d5f0216b2782b
DDPM,900,684,gene_685,25a8afc8970cc630a8ff617662b5c836a0166963227c158b3ff82185f083b3bd
DDPM,900,685,gene_686,947091408b87cadc5ea7cb1cdca4ba89216c31f928ae4fbfdb4c1c879b0ce185
DDPM,900,686,gene_687,09fcec25c3559af39ca92ae2ab5d25b63c915996d2a4728de3f5f8f5d14592b1
DDPM,900,687,gene_688,5809af44f749faa0aab635a5b312fffd38a373c3802d79d9d0cf9b31e3081f6a
DDPM,900,688,gene_689,c499f6f038535b62e13e44a13b19409e2590f08d38fb88a1287b648717043d48
DDPM,900,689,gene_690,9f69a2ac44da7ed6deba5d7b1c8e0f8a69040dc1e7f3134fb8db03d9bac7d02e
DDPM,900,690,gene_691,b2c1a18efa0a51d557c05665391f385ee7c328ac7012d87dcc92423c3bb91ae6
DDPM,900,691,gene_692,9f8d4f13fb35db1dcfa2d1ca38f6cbcb80c18f13507995ad8c93eed17dfc9366
DDPM,900,692,gene_693,a14864b498baec798384f4e7eaa81df4177478d0469a43ed0ecbf9cfc3cb5f58
DDPM,900,693,gene_694,1beacf23635d3f3e7c3f3b6eabbec131ab6924883fa550b7c782b13a2a8abd49
DDPM,900,694,gene_695,5412725531913f32424f4522880eb035053fef5e52fa513ef36552ffb5119f9a
DDPM,900,695,gene_696,922901e46b382f24e614506829bbebe55ed4c9d0379ac4b04def79f9cfaa9eea
DDPM,900,696,gene_697,b95979fe30685d74edd44765dadc00dfadffe9f797c5a72346aa4ce3b4e45ffe
DDPM,900,697,gene_698,91706fb1bbfa65b54b2a09de5de9d32bc400ac795bd04de2f33026bf1a9608a0
DDPM,900,698,gene_699,72c3bc1830ac6b073cfbb8eafa10fa9cd46537df3747685344ee473b6ab3f810
DDPM,900,699,gene_700,8dfb2685ee787a7435bc3c0ef7c149d175b71bc7d194ae59563e73783039f9e5
DDPM,900,700,gene_701,c03e6b03fd52d915f8766a5a120683a812576a842cfc03071ba9291a34db0a3e
DDPM,900,701,gene_702,10c622b9ff0502b6753f60cac0fcfb40c2acf7ec86ed1d21475cba00b4a55b49
DDPM,900,702,gene_703,36f160b153bc659a7fcae8ee34a52559e570cb65aa22e1023606af7e1275fbd3
DDPM,900,703,gene_704,83fa193dc1b62e9b0fbab1ffb64b98fc07a2a06713d71a7173a7cad80126294c
DDPM,900,704,gene_705,b5f55146ebb3ee619a1efe354411509e278759a2f7c308211ebcc78774abe242
DDPM,900,705,gene_706,e7d384655b67ebc44a119e7dff7cc547e8627bdcd89f80e628f0e75f258f3908
DDPM,900,706,gene_707,29e413bea38fdd4702d8303ce7a94722b08958c8855cfbc3e8ac336a43a18a39
DDPM,900,707,gene_708,029c42696277a451ff5927dbbb12e4d1d4beff5b502b131aed351ad2f344cd29
DDPM,900,708,gene_709,dbe2cd4f32e0b05a1b0a09766e405c9a5fde69cb91a92ce9e918a621d4c167a2
DDPM,900,709,gene_710,2d8409677fc6a27d3f07387714bcac328b92ee46d180baa56e99df987158e16a
DDPM,900,710,gene_711,be56f580bc9515613de72a0990f0649491f93c89f90808050df72cb825d4b048
DDPM,900,711,gene_712,11510fa49b71813538f7f7217dabfeebf9945e4bebbc4135ca4a801952f09852
DDPM,900,712,gene_713,5d1670cb760a25b1b2198f33633447ca1bcc508cc290437431cd3ec7af33c630
DDPM,900,713,gene_714,ab7347411e38788ef179fa0279c3c5d6dc5cdcb7aa2f16b30c4e3b862aead238
DDPM,900,714,gene_715,35ffbb2dd0c60994b0b61ab0c8ec81a7f63cbb93f89ca7c236cf422c7a745c97
DDPM,900,715,gene_716,d27842eccbb5407fb59afa0ba3953a99c519c8ebaf97d885939a6042aca9194b
DDPM,900,716,gene_717,36c68da93f7415da68bd4c3074f07715a05acf3810d52a00d8e662ed0f3a97d5
DDPM,900,717,gene_718,4118a781e39ff45c40fb42d5c355780b91a2a3d9c2aa6e004a2d2421bbb8bc8d
DDPM,900,718,gene_719,0b669ba711b87c8c28d43c70f58f7f7be4397578922aa209325ed5b2d028ac8e
DDPM,900,719,gene_720,ac37cee4380e04a6e6aee80769dcbd6203a6f38fe6bf2b0d53f365e9fb48de6e
DDPM,900,720,gene_721,c2b24e76f44b227eafa6b56bbcf80d78f5dce2defb347c06d1ae5cc601634674
DDPM,900,721,gene_722,afc3b6dffbbaaaa485d58cfdfd757eb52d76790a8501a44c417f9f04d8a40d03
DDPM,900,722,gene_723,6f396f54a76adbf27881cfe74647562098aaa8f329160f76134aca83de81416f
DDPM,900,723,gene_724,7bf74e7d785896b7cbbdf47b2269da1423eeb982bfec0e555c75f3cb00ad8382
DDPM,900,724,gene_725,eb1f96667677966d1e55202b367e30f62f5e4f6bd88156853a32ef77e97344a5
DDPM,900,725,gene_726,0497ae463d8dbfc12efbe9482cd8e5618cf5ac50cb0183af33be2ebb899ee533
DDPM,900,726,gene_727,1aa5a11f65088012a4aa7c1f42366409a79fe9b951fcda445201d5850ff5cded
DDPM,900,727,gene_728,c291b87192aa5574fc51cc0923b664cd46df3619f874350b28a84421306c446e
DDPM,900,728,gene_729,966f8ade6a4f49ef4edbba2dbbda004c59a85494ffbc994a45cbf77c3df669ab
DDPM,900,729,gene_730,25a6b92b9bf0cf7483a6f0d6e89ec2d917b88c499cf320ae3f4e85012a82e2d3
DDPM,900,730,gene_731,69da3b60b6c37f118301ebd1f377d49330b936f655ea7a1e9642811cfc776543
DDPM,900,731,gene_732,1cf04588c4e4281e20e51b5dbf1553c8b6348490cc96e730e5442c4ea8cd8275
DDPM,900,732,gene_733,f4dd1550c29796b445071597dfc263670547444bfb384ebb9c1171d0d5402fa6
DDPM,900,733,gene_734,a52357addfb40e823cceeacc708d3fbfc5735a4744de3a0e62ac1c19aa923a7d
DDPM,900,734,gene_735,2b4caf8fc76539c331ee0673b2cab245ba07b3cc71f57941e2c8ea5e58ba8da4
DDPM,900,735,gene_736,ff1cbe882c9f98506122dfe7591e4ea8d7f7e0b7a9cda5e897603e6d2290e6b6
DDPM,900,736,gene_737,d93f3374cb3cb05737f79a401feb84e2e09466ecd9f2a35ce2986dad4760620a
DDPM,900,737,gene_738,aec522b81af6167ba8476a44bdeac71a8733ccdd671d9ea71bc621ffe5dd8ed8
DDPM,900,738,gene_739,4aadcf294bc0949a22224b6ff74f8ded46bb752deb63b3db76394bd8f1dfdf76
DDPM,900,739,gene_740,cb8215122cd1f5d081292ac696e6a590daae42925a0df47ab94590e1db8c2bef
DDPM,900,740,gene_741,4a1e98d01f8c3ff2e9acec7ac8048df556603cc03e0b9b6d86df63957858d1be
DDPM,900,741,gene_742,b8bcdc62800cbbbf8e71123aaba21e25e6d484d5c3aea30d89f316b821982f8b
DDPM,900,742,gene_743,ad4f16794bbe10a207442dba7f9096f3e5ff7a047420f59a38731c31ca716ba2
DDPM,900,743,gene_744,6904e4f70bc61bba1c0366b228253bfbdb2d0928536dfb01b11a59d4112125eb
DDPM,900,744,gene_745,33808fe995fbe5222ca0e32fc6c6d15ffd10eaecb40d7e4e9b864d5d38ce3efc
DDPM,900,745,gene_746,b3c8cee00a66f2d9a7f195de3c4f66d9043a581c11990f5ce27bd10df7673df5
DDPM,900,746,gene_747,5024697592c60b5e8f29d5acd0b7358b237e4ee9e6540e55f248facf10b03802
DDPM,900,747,gene_748,968613af1fccdd82990969bfec062f0871f861aaebfde87963c02b0018e9c499
DDPM,900,748,gene_749,f8a7aaf88cc78287e6bdaa619ec8d6d52710559c56d03b91e7ade4fbd78d06b2
DDPM,900,749,gene_750,6c0d07107723a97cadc28757a7124d13cfbceedeb3b026f97ead81713523cb56
DDPM,900,750,gene_751,a4bf7dcdce7e70bb5f7ec5c206abe2a6ee3ddd0a694c312e32aa070d8119f730
DDPM,900,751,gene_752,d405d10aba3dead25abea414a9e09bbb5ea8d99583b535f67d8370fe50b11a2a
DDPM,900,752,gene_753,db5f4e4d881c7b6ae4e8d13bd25aa0450f98f959878a242c6df40b07561568f1
DDPM,900,753,gene_754,8c325e7b34adb9f4c61d9e58781843184b380207bb8307246c308804d5cab34a
DDPM,900,754,gene_755,b88f806e256ab3854ac00bccc497c81a6456cbc946875fdf54cabd7cc08a0274
DDPM,900,755,gene_756,45df0ba13dfe0e680d82a8e3e4230923fe0e534837d5707dc44d30e9453c18aa
DDPM,900,756,gene_757,0274787dd15307d7b165fd7bce395e68799d068eaf4f77e4e341a348a0a62397
DDPM,900,757,gene_758,281a249731c51383d2f542e182a5452c54218b8b2f9649c962005fa0524ef21b
DDPM,900,758,gene_759,2f4e277ce36f6a52ac9e68977eb25e156b69d333623a7950f30e03e7f1082bfe
DDPM,900,759,gene_760,669ce3d8a60819d5f019cde02f8d6b8f2a85bc39765597844fbe7ea3482832f2
DDPM,900,760,gene_761,bed5757868c018678abdd4c61216150a8c21843adfc114478ab0369b52de3ef2
DDPM,900,761,gene_762,4c6d9738d4bedebd0cf64691200017ac48ee7fb020ce7be91b811d1c3409ff09
DDPM,900,762,gene_763,3df004e26f5518fc3ef489531ef5c08ff7fa4498b1e7e33b545be4b6a6674959
DDPM,900,763,gene_764,9e19d1b1912ce986ab9d3be1a8e02a976341ab572b466d43338e2c201b7884d8
DDPM,900,764,gene_765,b9163ffcf02e204106025a1070fd8053833d3114fa2849ad965fc04137e699e1
DDPM,900,765,gene_766,b524a32d7ef20c26a798a6d5f0a0884996c6fe69a8f6ded31b8fee5b2929649c
DDPM,900,766,gene_767,b8ac1e3b91f2b976d55e2ce0ba7af33beb90dae5adc56a181409fe774192625d
DDPM,900,767,gene_768,bcacb745db5a6d86aeeb036a0cd33919ed4b0a7835af385dc0afc71afa28da56
DDPM,900,768,gene_769,968fffb617fee0f1a5bdf2c167e57e66b28c1754cc2e8c2a2301f2fd050347e3
DDPM,900,769,gene_770,6ab799932e12e2d899cbce2cb9c4a75c04bd05b97cf1053c5fe864508d0edff5
DDPM,900,770,gene_771,56abb904f70da7ab9beaf178d5d6e9c3107535304eba47b74bcdce87c8d1a668
DDPM,900,771,gene_772,1cb0589a3520695d1216aa4cf2b11d876f709095167a6dc197ef7526e2d2fb61
DDPM,900,772,gene_773,b5621b876af49649407629fbbe1c7ea285d3139e6b4abae58199f98b98430563
DDPM,900,773,gene_774,ee763414adc48a57b6f8fc0aaa58848db8f3525f76a7f6e4e0b60b24be789f30
DDPM,900,774,gene_775,eb982a50d66a18d324b6ac67aa327bf32280bb6a33ccb9e90e1d712164cf504f
DDPM,900,775,gene_776,efa8fcd825e085611a3fa289045b16ade5996b4ec3dcf8736bda7891dd5b6bc8
DDPM,900,776,gene_777,23768b7f5d11ba13ca3fd11d0cfc1c581d7aff6d167985eb4899c128b9eb24c8
DDPM,900,777,gene_778,290b6e34d85f58b8f6f84fca6b34a5e768165030bd2fc47325f2de01ab4b8a01
DDPM,900,778,gene_779,c24aa859920b8985b30d30ae322889aca284202f5da0964264ce49807049ea5c
DDPM,900,779,gene_780,105c60986be5fcd559493c3c6a6392dc7ebaaf77d2607344b3886248618dec8f
DDPM,900,780,gene_781,86a1db165f6b5c74a97a2587a3ba73b3642c6687ded82f6cb7bdcff2c9861177
DDPM,900,781,gene_782,6ed467637805b8a497dbe9ba3eaa4f2d97eda74d468f09fe2aeb50c2a5e43dcb
DDPM,900,782,gene_783,b85e48f8932dd56a315ba102671cc00f8026e717a27b15c547b5683349a1a2f4
DDPM,900,783,gene_784,c6c64b7e6198dd72f9208abb6aa64b429e4789c8585c7d33ce9f5fb87b370080
DDPM,900,784,gene_785,a8653664baa99a3de5232bbf74aa4d6733a24a2822e09a0913b3112a31974cb8
DDPM,900,785,gene_786,821cc58b5649bd385d7cc2be2c627ab7bc6652c1cff4c7be320f9f67b93b2827
DDPM,900,786,gene_787,1c95922dcfc21d90ce0a1a141aab74b590d132d55cde2381cfd2733df952b59e
DDPM,900,787,gene_788,99e953c3206882daf171af335bb58609feae93f1db645d06a839f6100ec11cb1
DDPM,900,788,gene_789,64a3db77c45f1ee3d9e893ff319d406247a8a6c0aa62699990028159413f0216
DDPM,900,789,gene_790,b265d461ac25e99f30da5fc25953f70eb7aae6bc1b49bd55bb77390f7f158533
DDPM,900,790,gene_791,c8300887b3a1346d8f6e3ce5979c0e225afa9598fdd6f6ec992ca57417563bea
DDPM,900,791,gene_792,e929277d3c89992ba4cf6c906325f5b3d506e7e97cf455f1c80e2789eb8c635e
DDPM,900,792,gene_793,f3c856dc5bff03ec00c678cb823632a5c186ef5e21193c4ecc24dac6e44862f2
DDPM,900,793,gene_794,3edc055d769f582b65d667d049d143a119b856388c6722af4d6b28d74914a0f2
DDPM,900,794,gene_795,e0f9f07f90d604586b35f6055cee96587b6a1bad22729d5f9d421c6ae6d180e2
DDPM,900,795,gene_796,32d6b7c7d804a854113adb04438f0573a09d34d449c6461daa16f6ee25a0259e
DDPM,900,796,gene_797,a9b05d0afd4f7983d4a312b6b9728b82484e97867bf62169216857df941300f4
DDPM,900,797,gene_798,0832731fe65a4920963f694e504d742f5d928770db516d8513d39a6762ccf131
DDPM,900,798,gene_799,3b74473c7bd628bd3a89becbe2d6c6f3e0f8fedd16c088df6f3c1aad93a2b0cd
DDPM,900,799,gene_800,66814ed01f40a2bda55338cb829ad918e6ce3bc65dc7377658d723d4880c4d76
DDPM,900,800,gene_801,75698f2c556388cf6e15d7cee74d2808d97d30adff8ea2a1a7abb1ae01a5fb41
DDPM,900,801,gene_802,da12994ed3311b073c0603713a22e7d935df981581ec132de5408e90cfc5bc4a
DDPM,900,802,gene_803,29e8336c766fa57d45e25f2787aa3764b7b123be665ed27b53d2f97b8463091f
DDPM,900,803,gene_804,1944240bf820a70b297cc39712f5136d024c730d023707c2c19f2ee69779055e
DDPM,900,804,gene_805,cc2acdbc539188c5fab36760eb718debd72d4a8ca062a1d5396e024883a209cf
DDPM,900,805,gene_806,027909e0a7de653316457a33611df891e89a632ba2ee21088bf815614357edf7
DDPM,900,806,gene_807,157b78effe3e08286170b4c34ef8a7898c4b3f2f2adc3e300700daaffa1402ba
DDPM,900,807,gene_808,5a6d6a9e5152aafc03e6a9cd7cdc8dcca9b1b3c388971c4c1898a31d498b9692
DDPM,900,808,gene_809,84a9cbb0016958463dfd1d585a0d2387a31c7139c46c3af2e4ec7809ea53c5bb
DDPM,900,809,gene_810,a70b31145524d3946a27d0742ea59d3aecd251366086926f8d565071a4b5a109
DDPM,900,810,gene_811,ea97eeec9d6c89bb8ef39d7373a8f9ac68f19e322ce729ba1ffa1eade9f98c02
DDPM,900,811,gene_812,2f16bd9468dc92ca1fff78fc15ad789e07d521073bdab5a461046fe85e5bd86d
DDPM,900,812,gene_813,36998be4470a933669992a2264933a2d5cf76ace934763481e2fdc0a4acc6713
DDPM,900,813,gene_814,54e832cc3688768b1e723d06cd2e65a8c6361888dd6e980cbe5729e5a07c6424
DDPM,900,814,gene_815,0f8cc4404e310b0c10e033a7c7c386a0ce75ad6d84b570d2667dd133f12b5a14
DDPM,900,815,gene_816,d8cbdcb8746c7f48a42b9d2d365af3c15f4357ad02a4aad34da66093385ef47a
DDPM,900,816,gene_817,da219be60aee2b9ac3db79cc003f7017e10b5f31d840281dbc024e0082a4874e
DDPM,900,817,gene_818,472b0539282370fed8497b7fb61d2c3a1e28a78e2e175a58802a07e22ff85955
DDPM,900,818,gene_819,b9cbf149dfd01de7de3829905b25641d832e574f0f058955fc1b239090d8973c
DDPM,900,819,gene_820,81ed8d66db23498fe3e6e49bd9d35fb6ecb12896aa418b01abc339060ff3534b
DDPM,900,820,gene_821,1bed51ffbc3f153f0a46e806056bf4048da83514834c462a69dd067df1f23b95
DDPM,900,821,gene_822,28b59b7ede6f3a95d875e342598acd7adad1bdc9e2215e1001830337ed4c3c24
DDPM,900,822,gene_823,b9a814f0e34d1d5103f0d4373aea01f3b6e47b50dadcccd760a5031dc037a4a9
DDPM,900,823,gene_824,c9efbac2356656efa618e67e07cc935424056c4f4f44c8f2af683e8bac912a47
DDPM,900,824,gene_825,b3c47cd3c5bcde2f2c90bfb9b6f27fe7bd16164544ca0b8699352b4e36e941c9
DDPM,900,825,gene_826,908686ba12770dc238d5af42dbed65063c0ed991e39bed05a1323ce8fbb58700
DDPM,900,826,gene_827,f19e33b256d07dfa0b04df112b80758a9809b40f9bfecd155981716bda1431dc
DDPM,900,827,gene_828,1bd677fe11de51798efb661c0b202cca7ff76fb29e3f28d63abf1b8502dfbe10
DDPM,900,828,gene_829,a0eb9d4f5642ddf6360366007d043ed610a43daf4d68d82510c1df4b6ac68d78
DDPM,900,829,gene_830,6f2aec10e09595efa011782877b7085ba5cebe3fcb78047c6ce1852f89d2d017
DDPM,900,830,gene_831,0f25792869c3314f252be78b0014eabb1f0f9c8c93d736cbede6e805dbd2ea93
DDPM,900,831,gene_832,6ba848d5d1306f31f9b979e20d7004e03c3080913aa7a4a7613ac74847f1aae8
DDPM,900,832,gene_833,33214369fbf28d994f6989ade0b6ec8e9c1aa7fb7679e44e788910960b02e89b
DDPM,900,833,gene_834,851bb9591f827a39fe421586276ed0cdd232b02899cc9a6e91eabd6166aff63e
DDPM,900,834,gene_835,e8da992019fbd061dec1a1b5a8eeeaf6a384ebd6f68a935e7c746ac6848ab59b
DDPM,900,835,gene_836,30f992cfb304311406addae76d04f104282eb8bed07ae10c85a87c59b0c471ea
DDPM,900,836,gene_837,d4926477f521761748925eaf46da77f046f1aabefbb8ed82418f8b4e94b892bb
DDPM,900,837,gene_838,0f091da5a87194f31642d2bf00759cb11ec3ca88037a2d2ad009a75f9feab7ca
DDPM,900,838,gene_839,98e1b56684f6feb27cb4c5d57d4c5cc2f60fec1ff7b975c3018f1685a74f03a3
DDPM,900,839,gene_840,dbf1c2380382a0c49ea02684bb9a8d6aa17c7a55cc17277f0c4e440091306cc1
DDPM,900,840,gene_841,d6ca11df69e0c775d6f82582cf6f944d0b25cdc74f2613364b52c146607c7690
DDPM,900,841,gene_842,9896000d0bffab6824f6e901e5cd19ddd32ae95ebde02d6af996eeb76628c555
DDPM,900,842,gene_843,d0d3ea12c366fa9d0a0781e81f37daa5f7f93a27503d7fa012a4ef6b2e767f9c
DDPM,900,843,gene_844,8d021db65dd89be699717accd03be01703c77522c8b13d1a1d1b58a3db7cc6d0
DDPM,900,844,gene_845,64ec21e7575645204fb689b5ce9f0e6ca3db0fe54b9d4a43573a95500d83db70
DDPM,900,845,gene_846,c7032104a147ceb4e70b813d0a8e38230338e870cf944c98844f686549cd4591
DDPM,900,846,gene_847,580852f04e3029a89460d468e08d9cf840b344d1547eb2f37a7d32b5796cec8f
DDPM,900,847,gene_848,e125ab170f7c82d7d7d4e260ca34240ad9cdb44face5acac617f5826a23b9fbf
DDPM,900,848,gene_849,8a11ec262c85374994414139ff701e24469e7d337e5a0fb7cfc6c8bbae236688
DDPM,900,849,gene_850,f7962339da37d75e50d862609a1285a39055928b3fcd75f3bc9ed6d9012672af
DDPM,900,850,gene_851,2f303cd22eb70b4358d203b8d2804bb293cdb6968dc90887c79f952bd763455e
DDPM,900,851,gene_852,531e0c7d088af856092bebd5dfe6227f991a243a95139862781ec9aa1711115a
DDPM,900,852,gene_853,994f1f2dafb3aaf0b6d301678cec0279ec97899a4fdbce3f2cb4cd52b35e788d
DDPM,900,853,gene_854,7b1561b696995ba0a0ec06a5d55dd6494384b7e7d81023a93a3506bdebe39f51
DDPM,900,854,gene_855,0465f9f3a65e4aadebc2befe9306deb3a323dc7df1d502c59f79a07c3c48384b
DDPM,900,855,gene_856,d4b7d6ffea0be32028ff75dad39a201c791cb55f9a40fc696f22e44bb86424c6
DDPM,900,856,gene_857,88091bb7fc7659d14c83760aac8e386711757db510b93588f41f02abaec6c3dd
DDPM,900,857,gene_858,e46ae61015c79433d177311448f185edaab97f30ad4ed10036488f1ef4dceeb5
DDPM,900,858,gene_859,1bb13b78d39869851e8c18bf3753499bd5f8396c22d3f8efb9d7399d7676842b
DDPM,900,859,gene_860,b718161c7e04028df2bd283c64fe4665d3acf96f7fc0fbed942502aa6f813f8b
DDPM,900,860,gene_861,917633750821780749ffc5f79cdcfa4be0bf8231e559cee71d99c2e0b4e9bd38
DDPM,900,861,gene_862,8c7a0b92df3d12a4a41a9f58109a614bb9fda11dd9ab39c0863173edba9be7ae
DDPM,900,862,gene_863,b23570476a4489660cd49dc15d1d53758f364283c8ba39754071b60f16de2be1
DDPM,900,863,gene_864,3ae9aee154bb7fd3c9242215bd1b0922c823d4b14e491e50157d1ad85e5e410c
DDPM,900,864,gene_865,080c35c06193820ee528b59d19f0ae22c9ef0815211c028d5471b6eec6a892d4
DDPM,900,865,gene_866,8437e3c30990230ff19601148513c78432243187e5d55a409517fa3672812701
DDPM,900,866,gene_867,6de2167868e05175ec5ac95f79995ab342ea10cd876aabebe835673e1b438eef
DDPM,900,867,gene_868,76b58a5654948adf1086c4217c2b3b908efdb34fd9001ed289e9abdcadc0b9a2
DDPM,900,868,gene_869,be6aa5cb31f8d7d9be5e74e94e6bc606fb3c6c35670ed91a7e3185b0b827e3dc
DDPM,900,869,gene_870,ae536a9c5e58dcf0835563e39f81f786882483626d3863f0652dc68344a840af
DDPM,900,870,gene_871,1494aa446867d8ce741d730a72b3390df067f6e6449b7610bbd7ef8054be7aee
DDPM,900,871,gene_872,a5e71a29df5753461fb0cb41458f03f12fb853046a366b6588e84c09530eb261
DDPM,900,872,gene_873,5e9298fb196044782e17efc1d1fe72fbaba1b7d549c43bd3fa24fe08496842ae
DDPM,900,873,gene_874,17f013e5023c2bbcd19feefbbb1fe4659f1d55144d38858ae7576e5ee534e036
DDPM,900,874,gene_875,eaeab62a9e3f0c83f63fd7cebf6da1f2e1492660bc51de51d4e3178e9a303bd3
DDPM,900,875,gene_876,52e80739352e633ed56af9351b5f48cbff2e3c1687956a632d68084ab3e3c319
DDPM,900,876,gene_877,f58ae5b35196a58702a0473cc57682bc4e216eb4fb9761e58e66a8147e34b90d
DDPM,900,877,gene_878,cf4d0f5cdd9b1bb8a365764bafb166b2471145a9f1d3040fc8a9ddb3b1ff7a2a
DDPM,900,878,gene_879,541fc68b3f9b51a3766aeb3ea28d319e6022944ed2b9b2f674648ff72bfe2884
DDPM,900,879,gene_880,1b6d6daa155d0fa1d8852baa7b8d262d4d77ad9fd45f2ab41b0e1b54870b4f6f
DDPM,900,880,gene_881,48d131372104019066401cd3e5673c1b8ad6844af43ad2f7cb41afca15169996
DDPM,900,881,gene_882,b022391fcecf05441718bbf3189b885c76481b79d12cabee1f53688886f7a70b
DDPM,900,882,gene_883,9f346644230a8d79444ce559143b0d71627787069bea093d2484e16159ffd19b
DDPM,900,883,gene_884,a26024500f2010c03d6e3134317437609f121be1ee299eb3deef89f6a1635363
DDPM,900,884,gene_885,39d9fb17ddf49b40f33a8dcaaf264346c9d85c9d546f032bd0fe19dbaa79b67c
DDPM,900,885,gene_886,8453559f567b9110e59580b3cca6f9891ceb15390f764770a81b4b059fc21d87
DDPM,900,886,gene_887,8c7e964055c2f12990ff435696024d12b7987398434ef3fb541261bf36aa7e6b
DDPM,900,887,gene_888,ac6907e7ee0e45893aa3204a851ce16f7db03546014e442fbd55e4be9bb1c2a8
DDPM,900,888,gene_889,93d1bf3e2c2031d7e52eb1b6182782bb1a6d397764ae4f0429c217cdf5f05035
DDPM,900,889,gene_890,dc2f952ba7d141438d74c976cf5cb2ddc6c3dfe72230918f31ac468e31d5447c
DDPM,900,890,gene_891,c0e2a53cd92415f88c442260ace98f74e1dc0a10dc15eca86dbb395adc801041
DDPM,900,891,gene_892,411aa0c04e7c84db7cd4bf2d0332882b6ebcd5dca77dc001ca7f9261f2791cab
DDPM,900,892,gene_893,6f2de8da2318814ca28fb126e1f09a621e86febacdcdd845fbf629d60db0f2ee
DDPM,900,893,gene_894,1df5cd32810f0dceef84fa8ddde3a1655c3d33d3712b955bf1e56c0af8189b5b
DDPM,900,894,gene_895,d9b038b43afa67b4a9bab38cd8cd940700bae3dffb12d725efacad42ecd4c0d9
DDPM,900,895,gene_896,13cf6a25169a7afda177866d863be3073a403cc02486531d1058dc341cafb7aa
DDPM,900,896,gene_897,a50ccd7dc4367b9dc769641a6b4410d90de58521dd2fb02adf9bc80159a8630b
DDPM,900,897,gene_898,cb829c89bde8f75643a6631be05bccef9848cc0307881492d42ac9d58dc83871
DDPM,900,898,gene_899,37c97eab4fde2ae7383f7d8fa3bc913f851113578be39eb37f8b6e148448b620
DDPM,900,899,gene_900,3d9f81e21c70e83ab8e55cfdf52fc013acb95a052ec363fb7ffe73c5cf9a0db2
DDPM,900,900,gene_901,0084ef1675eb3b58b0c71d925f65143880c1f9d5ce9c544a7e984c2500c51176
DDPM,900,901,gene_902,adae39d1c83ff55f146fb644ff6777d34e2ae27cb09e8399fe70f827e15e3355
DDPM,900,902,gene_903,b5295b4e0ab30f5d284b372f1dcbf1ebf69d98d4e83db5e997a468ef5b58e62d
DDPM,900,903,gene_904,5e8cffac97806a08863917a1ce66868503508e1c83a81f01e47b0aca4fcc746d
DDPM,900,904,gene_905,f1ff681d4425a4150a0edbf3be4aa47d663ca5b2276b7e5dff1e21cba01e385b
DDPM,900,905,gene_906,4293f743ca78100b4528dd30e7f2bc32c20202941850741c66455ceaa57d8fda
DDPM,900,906,gene_907,9639ffd426bdf8bbd2301fffd8fe168d20c1bc8a3060e79811b96d83fd61e5ce
DDPM,900,907,gene_908,66805401c1911ac6fa664e4c60c0af839f48437cf77e8eb030b2ddec696500c6
DDPM,900,908,gene_909,dda0573b39313f409d5b735464c5955e497fd005db7a1a4352917289712d5755
DDPM,900,909,gene_910,d1361aaeca1f1567cc6aff81e0ba487ca5b8c3586137b8a4c47615cc96b0d8f5
DDPM,900,910,gene_911,d9cfe68087d9af53d3943d4c04771ba886796b9e02ee342768ccc205c0ae4ade
DDPM,900,911,gene_912,8e2d50d073930aadf47758839d1a74561b75370fb93c3d5e9ce0c7457f81811f
DDPM,900,912,gene_913,6cf79d2bf3f84573552ccbfabcafcccdc5f8e2a6437e46f694c85c8e47991a18
DDPM,900,913,gene_914,a6dd99dbfeaf19b32793a95ac363600923c3e0bde0db4eea359f8077b5c486e1
DDPM,900,914,gene_915,949dde9700159831ed3d15a4649d737a5c3f8599729708461b7d7c70d71f679e
DDPM,900,915,gene_916,4595a14b99c9d9490cf137c1a870b6cc9b92d984bb5bfcd092908e948f480114
DDPM,900,916,gene_917,7caafb3bada3fa6ed675df75b67d99a2e88f8fc6b3ec8035fd06e1a9b1754e8a
DDPM,900,917,gene_918,464e62189721c6e652eaa810b207262b7f2d1a4ce8a10c97130f1e1e46571d03
DDPM,900,918,gene_919,f642543bb4f0b1d3bc99df65ac0963ce5705013432d2fae9fdec0140bb799273
DDPM,900,919,gene_920,e4aa93983dcbd9eeb81dc729c195b5f84e53a6c29b4795289111911ae15d4845
DDPM,900,920,gene_921,25da3336ce61d58902552277760560ea308edc4da435c915dec6a5efd9640af5
DDPM,900,921,gene_922,53c013bcec7f33ae20dd911fbdc2e52960a889f8540ec173ec2fcba343e5d29f
DDPM,900,922,gene_923,876e8b9ebbf9022f7c3ef99597a076bfed3659cc0e22649305871d2419845d0f
DDPM,900,923,gene_924,be527441a481c895b27cb92f7e6de20e265ed54ef8a58ce5c2183e8db9f1aaa0
DDPM,900,924,gene_925,1caea820a7a2a283a7dc9f3f9e90ef13cd6fdc2bfcb7c35e05b65e0ac8347b69
DDPM,900,925,gene_926,d3a2eabde45a28746b88c12d87200c272fccf5e668271704fe2499eb9370512c
DDPM,900,926,gene_927,48d5842e9ee7f33fffa80fe73e967e135ce1aea22bc70e69c41fd2d3bde59c1b
DDPM,900,927,gene_928,32a4a6159eeab1e0105018b8d5297ce6db92c588efc0351be6ea58d5faa087c4
DDPM,900,928,gene_929,224db6a9a4e1bbd212581361e76d21d9c4d08e5e087a8671708da301a26239fe
DDPM,900,929,gene_930,7665677c5fdf09cdcd2efaa7d83dfc8bff5e320df0bedc24a07f005d50b6d110
DDPM,900,930,gene_931,487c9c245c118e08ada1afcac46985cffbbedad716950b8e7cb84a7b2dc4bc06
DDPM,900,931,gene_932,f2181a37777bf99ebdb316a12c55000eee9cd21e427edcedfd90f3599b009fee
DDPM,900,932,gene_933,553cec957f26754ac5e5c19c5394547e75dd9e8cc5e8d4e3fc36ae1c4b969aa9
DDPM,900,933,gene_934,b9ef0837523e6c95a7f02d94f30e89fc7acbc34b4ef73ed77220cdcdbd7763df
DDPM,900,934,gene_935,3ffc7b4d1e65c429d85d5ba5b8e351edc0737b6d8e5277f11e8e4b46f3cc3e8e
DDPM,900,935,gene_936,9c29fc7a482bb6b0388ef0646da31c31db5693d4f4e093167a26522bb00e95d6
DDPM,900,936,gene_937,02249dff370fa375dcd105d91ab5534cda77aba864a588a10cfdd5c53b578050
DDPM,900,937,gene_938,4803ed48b45d42466319d049e7ad5a9b7a5bfa5b45579578ae52cb735a5d5f79
DDPM,900,938,gene_939,77045f0a2dabe2e60dc7041df2f740fbf2d2b91fe18a7403599b7e53da738b8c
DDPM,900,939,gene_940,796727f994e1fcb9ed7e1a99c5f1a9aa02b957da2ac6493d9d4c5b5e4c476008
DDPM,900,940,gene_941,d9579c18fa18a3a6bf4180652108ea7dc3f73382c4ebc727665e3d31d7ea85dd
DDPM,900,941,gene_942,4f7dc29d0386b350979ee6575d051b02be3fba24bfe0992497196debe85677cf
DDPM,900,942,gene_943,d1386b15f5d5169f72568f10307ef368c5296ec6de9b953fa850ed3ab1648cf2
DDPM,900,943,gene_944,32bc334f6e9d41ad902fd044a62440065f0216340ab0813ca82ff313b28cf6d3
DDPM,900,944,gene_945,6ca0e74671ad068f27e60ff8af16aeb142eb42782f3e51667f9f4f43428c29cc
DDPM,900,945,gene_946,e98c2ff20907f0c7d8cb8476cd282a7445d18c41464db9d1af5fa31ba794da45
DDPM,900,946,gene_947,6157990b321264d91a03f05169bca38506bc0b5ff7837d05be132c945dabe6af
DDPM,900,947,gene_948,2b9a9ac82acf4c0b53c2513e30ddeff2610f8e258792e691c968fe004fba85c3
DDPM,900,948,gene_949,4c394a358f46ba4f8356b6aca864b7e708a2a643df8fb13798db4dff371296b9
DDPM,900,949,gene_950,ca67f8aad22bc813a58c5c8d75d98cb01f2714295084bd89e0d184916946b554
DDPM,900,950,gene_951,6ef5d9f30e1f4da2721e2580cd1abec999e0c965088d8027447913ad1a7d201b
DDPM,900,951,gene_952,87e1b3ee5b413459771dcc004b30d5aa283aa71daffa4525ca6f3934d4063026
DDPM,900,952,gene_953,7664afe75a97f17def08d6867226bca0b4fadb60233f1f2470d68f8a5de49c5e
DDPM,900,953,gene_954,2e47aa4c737e7db1527ac9ab2bb8f835d7581a764bc6e42727815b68e1d8d143
DDPM,900,954,gene_955,802c79e3b3618b94c3322ea053dc85c6c8668535d06048ad23011512f54bc19e
DDPM,900,955,gene_956,c8e9cec8e909a53d6095e8ca032997284ecda5e0d5579ce31c733b09272e98a2
DDPM,900,956,gene_957,1935b6e450c9f4ce8ab9f135cee79e3253c6c91169a8575a660694a6e5df96a5
DDPM,900,957,gene_958,064a51f5c432f68f42dad6eeaee51320590acf626d50da9972f8aca8138406e6
DDPM,900,958,gene_959,96077d6c71d99b8fa1dae6431d21f4955dd469941995cbbe879403dd9abcbf27
DDPM,900,959,gene_960,145892a457586bb65cbd7bcf9c4364c1fd208896f50b4b5782ae45cdaee4c28f
DDPM,900,960,gene_961,0b35282fe97e1aa9a16b38df82c2908c98ba2920cd35b7d1253aa2e27d915e6e
DDPM,900,961,gene_962,6c4dfd994bda52ddffe41ab14f2fcff08ba0aa51377e66e1fd6e6cc1d1fb4f55
DDPM,900,962,gene_963,adeacb3d6fbf1779b5c3f4a7655259dfe2253b0f5677712868079951045eb4e2
DDPM,900,963,gene_964,01b04c65016aedcb5e874da38ee6afb4bbaab43386d1ae51f6e72dd31fce38ad
DDPM,900,964,gene_965,8dc5980ad3a8d20ced17a547ce38a23a91dd91824447cf17db665de7139818ad
DDPM,900,965,gene_966,c07bcb4a7f95d891aaf3d342216fa4f0212444c5d992870b2bee1ffdbc6d40d2
DDPM,900,966,gene_967,1921be3ad7a36acc6a67789261459eea027b517764cb4d30302d5e0907a4691b
DDPM,900,967,gene_968,d7ddee30dab55078c7debe0a3b2b45fb5a2fa66850a9338960cfe11721d13688
DDPM,900,968,gene_969,3f721aed71cfe611bd6892d141b9c98d9a8c5b7246554c9d0e9d05983b799c63
DDPM,900,969,gene_970,51c6ec88fa1a5c5f5a809ca1980adc11e4269cb48e2e459823314adfaa1c12a3
DDPM,900,970,gene_971,064189c1743e1570c1f1a1cb34da48569596d5b875c3a805d8f533f3d92e9a12
DDPM,900,971,gene_972,0d4d9bb070f29f9b3f717a06eae508fef269d84b1ef57455bcc79c3fc4016f18
DDPM,900,972,gene_973,cd06b9c5022a6b4141798a3e47c14a53520c25695c96d5096362802494bc2933
DDPM,900,973,gene_974,caf94dc90258d4095e8b22129251efac4c51cb8438a7e467c249e37963d88faf
DDPM,900,974,gene_975,0f4c087922827227fa38fac559677177bb637aa56970918c66b12500907d7646
DDPM,900,975,gene_976,456b9a4fab67a1136e47820da64f09e72159832043c697e1c8d3367842fda34e
DDPM,900,976,gene_977,0464a26b607b7d308060e10a02ec14e0f5f64831319a1ac5ade16689fcab152a
DDPM,900,977,gene_978,2ee86129b5240233f1353ed0dc4d918c68dbdae7cc68118c06bbade07478d044
DDPM,900,978,gene_979,e5bf2db87ed06eb01c9ba58ba5e6c2fb5a25fab953b03c409570eb0015d43f6d
DDPM,900,979,gene_980,cad0e93de7710b818f3df7c2b7fe54d2e3276115e2a054e2efa7d59f15addf3c
DDPM,900,980,gene_981,a6bcc34084c1437fec30df1c133a186e94bafb2ea2681e644ef1af0ee8a34275
DDPM,900,981,gene_982,79edc15604e960af274280df1047a52b8711faf72b83cbdad5c5be9acba379f5
DDPM,900,982,gene_983,938a429ac83db842342b362db783981caf5bebf4a2e6d049e5561b5f9a142f27
DDPM,900,983,gene_984,84054d2b3dd3c525fe6be87f6e0da123406af8df1adf59abc5b6701f82118f3e
DDPM,900,984,gene_985,54aeb9e2e644c4f696d3bd4d42326817d7b25e6215cecb6e0e253760faf3645e
DDPM,900,985,gene_986,86c629eb1a16da2f99566d6efa2a4c47230ce37e011500d3f9f62bf4abaeb92d
DDPM,900,986,gene_987,7502551af23aa150f316cb7364ef6944d883bbb989f8fd1441ff94b90f5ba3b4
DDPM,900,987,gene_988,c2acf9f2514817200029cb79e2c5a08cb78a50d338502178ea20a4dfea670ec3
DDPM,900,988,gene_989,0541bcaaf64067fc8edb098f96a9445de95fb0b69fd99e1825677630ef0ae9c7
DDPM,900,989,gene_990,00b463ed4de057a52fd370cc6c736d46c13b367d33fd955ba6dc78064c86774a
DDPM,900,990,gene_991,e6b4b9f8ea8ee258467d7716ce49e16c20314be5857fd00e4ced8d5d5c2d11d0
DDPM,900,991,gene_992,baed5e55d07b433d807a246cf4ffb34dacae54b4721faced75dc92f9da07568f
DDPM,900,992,gene_993,c1a68ad41017ebeb107c922ac85b857a2c16b70b21027ac414e6637815c25354
DDPM,900,993,gene_994,556c60e2e3354e755582f029d74d0b2d84c79fa6cb2fed423cf1b3e9ff5f0015
DDPM,900,994,gene_995,a087d15f5bcddd03ebcf8108bce5edf099286f3534177829d20e7124e0ad0a0a
DDPM,900,995,gene_996,1aa493784877cf7e2e7dba70ebbf22f2ea020de36052fca7d726189cf57f365f
DDPM,900,996,gene_997,9beba63eaa0d038eebb893168fb7775058cecfee0c7744df97e528186bbafa27
DDPM,900,997,gene_998,32d219badb059a51ce15dcefaf08a216572285fe37156ac510427aac5c9a4904
DDPM,900,998,gene_999,1e9e8063acc408e1673c3196174a9b3e3f8d8ea83325813709717b4455a45215
DDPM,900,999,gene_1000,c3112da5bc738cf3cc42dd84c0f5f1390bbe7fcd07f74450bae306909921b2b8
DDPM,2000,0,gene_1,a3246ff79988ea12b94748503a60d075d2ef150b683b702f21e37994103d6fb0
DDPM,2000,1,gene_2,c5b0e3317bed9dbb153ffffd331934d65e3ca877776fdeca1689165fb5a210dc
DDPM,2000,2,gene_3,5240b8364252a47bfbbdbcf179c7761c84c5c5a5bd3379dcaba486ee5a297603
DDPM,2000,3,gene_4,1c8e710892e06d3044f9207e54e5c0d936fd208665ba72b3d4016097e4dae2f2
DDPM,2000,4,gene_5,62ee056dbf1f2796ff4c2b12a85b5931587059e0b8051eb295c2a6e3ce1ab82c
DDPM,2000,5,gene_6,0b54717d765b9522df67fda3243d78b0d9640e225f4e2a25de0dcdf9294cfb3f
DDPM,2000,6,gene_7,7ee326f4c6b5019a992409d296e3b7b0505bb503cb65197ab55693bc96437a90
DDPM,2000,7,gene_8,4bb93a9d7b78f5d81b0e121a68c8280f0a869427d9806d931728c4a0cc518c3a
DDPM,2000,8,gene_9,b8b3f67e9998cec61846935b6d766833b33735f84aab56e9c67edd944dce467a
DDPM,2000,9,gene_10,94ba71b25c0b3743fb63c1b734a7a26882fc55439f1dd883e653b49b19aa2ad1
DDPM,2000,10,gene_11,a6457a671a8f63c4bcb4b3ac93821954202e05ef02e622b961312cbd20ac0376
DDPM,2000,11,gene_12,c5025b359c6af1e566752a279539b70ed86836d2f73501b7a25391b6faf53388
DDPM,2000,12,gene_13,a1731044e63bc3531fdee4e81be3fd638876ffd7cd87a18b9bce1bfce915bccf
DDPM,2000,13,gene_14,106a3485c7f101b51bca9aea0b27ddab822f27b88080f5f919503d0eca98ab8c
DDPM,2000,14,gene_15,83c03d736dad6ffbe781ef735ccdaf2f7c6fa4b4e8ec3625313f62322449ee6f
DDPM,2000,15,gene_16,2b148af82bc40296983dd1f467dfbb526b69676eacbcefb6c9decc3a9b5cb8fc
DDPM,2000,16,gene_17,606df733a78423fea83216ff2c19d4fb72e6b041d70fca96452b5a750420b87d
DDPM,2000,17,gene_18,bdd935281c5ffd307d5620a31b4008830334a702b6c3fcd2c1c75bd2321a2236
DDPM,2000,18,gene_19,b226cec8990b05477483c4380e9e571e758482d71340698080da84e487610a00
DDPM,2000,19,gene_20,e3b10b0a558a385328338371cf0778aefe98198939f69fb420842d3212930707
DDPM,2000,20,gene_21,d3cf12665d93184cbf3bdd8f15f005974cf5f3db8179569d8035d07ee8c4ebea
DDPM,2000,21,gene_22,8fe7a8fff1af24c680f59afe0689b77f0456aa381a3915375d9420ed3586d3ea
DDPM,2000,22,gene_23,dafd5145b65517f18987d6b055da10671391e5a08f778f3bbc9d73aef88d050e
DDPM,2000,23,gene_24,18dcc4d30137bff4d2a42b7eb1d5066c3df950314ffa7e528fc0b3b8ff842f27
DDPM,2000,24,gene_25,ff711c52ae35c4e78bd5563529e715d0ed708e718960bed341d7bf462d99e96c
DDPM,2000,25,gene_26,12f7b28de2ccdf74041a1ef03bd4f3a9c12856148af0c87f234ddd181192c25c
DDPM,2000,26,gene_27,395dd1edbb2bd9fe2d96f551a86d294790b5d24ccaedb644a6990077b729decc
DDPM,2000,27,gene_28,bcdbc27ca7e6941c3c29a86a99cf37c0da3dd7007046443e8a56e28b5fc7669b
DDPM,2000,28,gene_29,c22df70cd4194b0f155511c8722d561ca7ba8eb848fc39a3e653108a379e8e34
DDPM,2000,29,gene_30,1310a7f2ff70dfcfab3691594d8279c732468025d14ac1bcba091a56b63f3900
DDPM,2000,30,gene_31,3d6859f05ce4da355118c96b265fcbedf97f43df95136a27ed34e3761c330a89
DDPM,2000,31,gene_32,e612408a09ca24e23afea579ecadf9d56e52ea73e99f15715d8e78b9cf95ca4c
DDPM,2000,32,gene_33,a094e70c424e5bdc2d3e24f788443416ce10ed622195b82a5fe3ebb0cbf0d4b3
DDPM,2000,33,gene_34,d245b5fa979b0926b60cd5c34cdca8008a39aae460848804ddc117496a0e26ef
DDPM,2000,34,gene_35,b86b20948e5a84472475e8e9dc42a31e9d565e5ecbb2df69a6f41d580ae7632f
DDPM,2000,35,gene_36,612fc4c48f51e7baf2d659116adf515059c87507860939e95b193d464b3a13f2
DDPM,2000,36,gene_37,58ba0fb9d373f5985ae7665e9dbaa853c7875803937e653c7054d7975d317a91
DDPM,2000,37,gene_38,8b0b0107f1c7c748bfcb839019f02cf1effb6cfe3d575248a180f03ff437b1a8
DDPM,2000,38,gene_39,4ef7e0ef31a8cf334211fa17548e87b50f35cb0e468fb817eda4c484ee7f8829
DDPM,2000,39,gene_40,b4f17f1292c0024b59d75156342a011aa0bac4d0645f70e9d0cdc17abf8c2ba2
DDPM,2000,40,gene_41,066849973eb21769bf8fa510fc24f45ab7822ad2200210ea767a887829720e4a
DDPM,2000,41,gene_42,22a4165e05d6f5ba91b0e65c43b65b08a024e8158280d18f440b0b5ef9678ead
DDPM,2000,42,gene_43,67a5440ad44748548980274a772aaf0c93bd4fce6465f5a30e4e594e7580c6f7
DDPM,2000,43,gene_44,248dfefb2bc770949f08571081a28049a074ba72297dc2434d80bffd31f0b825
DDPM,2000,44,gene_45,16c97af651987f39bf715b1e00845e28a8beacd88db404bac589457a72c98d44
DDPM,2000,45,gene_46,1c4b5efa2bf191d446ec3237f2dade22874795605768566386742cd35fe732b4
DDPM,2000,46,gene_47,456291efceec8357b94dae1c7c364df07e7e8cd7b00500f50cacb9bc6e712172
DDPM,2000,47,gene_48,ed6b359197e2aad1f9e84e017e667be3a17743e9d5c769514c028949d3032bfb
DDPM,2000,48,gene_49,c585d8ca545bcda871f5453eb190ba91efd697bc3b874b3221d05516ee27a934
DDPM,2000,49,gene_50,7ba15fe3dfee6540a906ed8c19e8583520ed4f20fd0a386cfa8c476042acdc71
DDPM,2000,50,gene_51,ba995551419342070df8a35bde22e07a8dfd3d233cf6df02ca15423abce41f0e
DDPM,2000,51,gene_52,bb938818be51f58fc88155f0416a2ae3c8f0f07a5301815fa79338a57ee0211d
DDPM,2000,52,gene_53,4fc0454a7a4ccb24d73231cfed1aed336d5516735165d37ed23ef26f0b79a760
DDPM,2000,53,gene_54,7c4d6c0a5e58e5f5d7b892294024e3add231a8e0a99d514cdda9530b3db683fe
DDPM,2000,54,gene_55,9a9712b3dd33a9c519103c706917fdb9f736e5175ea53b6362d68fc746e9db82
DDPM,2000,55,gene_56,3de5c52d92485eea8e4bfd08dce0becd2ed4a8187581a7f31a5cb558f363b0cf
DDPM,2000,56,gene_57,3d067e506141f4d3d7a1bc9f37352b59d06ed7aeec3b743e5f025b3250f3806f
DDPM,2000,57,gene_58,e85dd29cdae457de8c56f1c4a15d7bac3c3b192c926e6dbbaf057188d4fcca32
DDPM,2000,58,gene_59,8345420239e28c6bb1bbabceb53d88a468fdd0c3bb2c734b74cdf9d473bb9a7a
DDPM,2000,59,gene_60,fb18c2935c306332e0d5b55564068d03a58f4448325dd444542d2afd869bc3a2
DDPM,2000,60,gene_61,eec89041e9a60ad6d90db7b273a88fd31818ac20607cef5ce0f0fe58abad86b0
DDPM,2000,61,gene_62,cf265f74f2393b766793f257435c42d804cd5cf0742a51765421d37eb91131a3
DDPM,2000,62,gene_63,e289feb1024e78ef2e22c99abb747f5bceaf72e7c569ee8d7314526d50e9cd9f
DDPM,2000,63,gene_64,8d0dd1227d7e223d3b37dbff140a746ee9bd0793388f2375cf3a0e5abd87c159
DDPM,2000,64,gene_65,f5e500c48521617cec6d2bf36de5fc502c0d510b36e1f7ad4fad7bf711f6d684
DDPM,2000,65,gene_66,38407787992119b7894b82935325d03c3b2a31328b52ba9f98b676581bf181d6
DDPM,2000,66,gene_67,146425d0ca0f4b560139adf1f9c2941223831958783ae05fec3f2cae5c8fcf71
DDPM,2000,67,gene_68,9d5f7b22d73c8ee9c838f1f9729d8b8ddba0a40da766cc7611960523a967f954
DDPM,2000,68,gene_69,06a9c96b0d7adf921be041fc4f42768c32912d725e1f97fa8cb089198c0a0e20
DDPM,2000,69,gene_70,805a8f627dfb1153e89c3840e2f4019a20f2187ea022fc065e33d36b741358c1
DDPM,2000,70,gene_71,ec5fe71458048035d5ab82d388f9f9417eb257caa28badf6136701344a5cfe64
DDPM,2000,71,gene_72,95e51384f2c2584f728f6e8da9d480279e54bc1bdc2cbb723103bc196d864209
DDPM,2000,72,gene_73,c3936dce397279147ae0d6dfcf51ca94f7df6159a991e71ab9824a8126442078
DDPM,2000,73,gene_74,2359feae0f098f235b8fc8df5618e6d7393064dba00195464bc530f00ded1be2
DDPM,2000,74,gene_75,f9ffac2cd58325a5bd1bf0c1e53b8c857a94ed0766cb315f4723bf05383a17cf
DDPM,2000,75,gene_76,e52cd5a50899e030d0a732509e7d30f2a2f0a2218a3b553bab0264c2d0f3ea2d
DDPM,2000,76,gene_77,cb84e76d46c5345837f62d79267d89495ab35fa9b3dc02cd74206c889253b2fb
DDPM,2000,77,gene_78,e8b962c2678621eaad6f467b4689540b93433050e00e2a81a2ea5a429371af33
DDPM,2000,78,gene_79,832396467e2cb0711a934ad79c791616123869128fc31986dd19288d5d9f12fe
DDPM,2000,79,gene_80,e7dc9557ce26072392d5a8d9e07028bce8cb9f18fe079e48a6d7e97e24483c50
DDPM,2000,80,gene_81,ef58e519866dbf7104a90d13b67312596081a9c3ca1048629f5b0ed3676df8dc
DDPM,2000,81,gene_82,398e7419a720fe2a5c581c4a29af0ebc763d3b8094dcaa92fc3b80246d61184c
DDPM,2000,82,gene_83,f7e0dd9104df6e5f548ec79c011c3e6c79c2e86fad5bd8af5e6b0410ecbeed2d
DDPM,2000,83,gene_84,2107a8ebec0e7493934f3513a8ae537bafb5f4f3e4da8b17b0854e8b58d96990
DDPM,2000,84,gene_85,7a520027df799e62678c7a89a83bd6622ed014e2d7b60173360d50d391430b20
DDPM,2000,85,gene_86,2a09f12965633f66fbf9f1995e0a56fc5ad838cbe5a9bcd92fd30775d8aed55e
DDPM,2000,86,gene_87,d4ea01893a277896cc47317164eec61d46a52c651b484df8ed9cd5aa9e5877b5
DDPM,2000,87,gene_88,4c43627c0466f0bbbfafa9d50adfd8319b3e79a1a63b6a24efa9ee049ca65cba
DDPM,2000,88,gene_89,7879cd39a3e6e8953118f40fc91733be46be4a869648ad2613cb9e4d7d400fbb
DDPM,2000,89,gene_90,b1dce3fcc9e37b0ee00de37c729fbbd54740262d49591090733118265a6773aa
DDPM,2000,90,gene_91,8c8bfee372ccd56bbab32e12e2b305a5723a69d4d795a8f5a69f18d95053174a
DDPM,2000,91,gene_92,0412e51d2fd2cb3007fe8e13ee59c1de7c37d0d369dc1fffa455ca1c3643c398
DDPM,2000,92,gene_93,cd3581e2ad7f9b3e851777b1202e756044c30d53048f0d3da29371addb72c09a
DDPM,2000,93,gene_94,4d0284972c79fe209a21643f8bd9a40d8f8ee1adedde186bf0403563e192d752
DDPM,2000,94,gene_95,ae654863647340ab9af411b45d944697ca86d87a99102a10c0a79cd373743072
DDPM,2000,95,gene_96,770ae16932ce3ba83d35428b91252c2e82d82401f837ab40b1facc67a74275c8
DDPM,2000,96,gene_97,201ac311063ed97a487a25c654cbe96fd891588e10cd79fe4c4404dd22094508
DDPM,2000,97,gene_98,c960cca8cddfcd0386227e77e80967ea4f149fde9c5ec191df474c02ef6449b8
DDPM,2000,98,gene_99,21c43d9bd4664ced23b78f6447bfe67d50327723886f95b43371c7b6b6c7c824
DDPM,2000,99,gene_100,4d34a08dc6b410f87c9daf8d713ad0eaab0f8aedf1584bcf15523d45eccbf96d
DDPM,2000,100,gene_101,507514a5a17e38117ab928ea555184487d12e8b40abf5a8859baf54880a5cc91
DDPM,2000,101,gene_102,4decdb6097bd04fe0b5f4428b0908c96a1a793e60ec22f72c01f81255b12e8b7
DDPM,2000,102,gene_103,a66f5ed58662d0f12b3ba76b1a9bcd45e695ade93dfdb378a94f80ec05776ce5
DDPM,2000,103,gene_104,028a3127d63f5564fd0924ae13d256826f824dff4af611c4ab2f7c948dbb6959
DDPM,2000,104,gene_105,a40b4fb6d5967eddbdbef63df8c368b77e47d3e574bb2d7dd5d28c42f44820cf
DDPM,2000,105,gene_106,6e0b95b55274c32ed8c9fb7751eb88a4cd906645586fc8b0d20bd8fc30ac93ff
DDPM,2000,106,gene_107,fe28f6a4dda4a9a09ca27e6f34677aea62d3a221bb07b9e347ef20c4b7d1b864
DDPM,2000,107,gene_108,9a54dccc223b5bbd669a5f7c9f63650f6142f327d5be554757b1acbf82456342
DDPM,2000,108,gene_109,2ffc0568479834dbd7e78e3f00e78496fd6368c00052965ad1d8acc93bb3712f
DDPM,2000,109,gene_110,7e36280438ef34c6643cb6da02d30fe90b8dbe126e3c15fe19cc2a47f41e1dc5
DDPM,2000,110,gene_111,b329135c0b237c92821e92a8c131911fb6321c8fbea3d00e25b6f23af4c3cf85
DDPM,2000,111,gene_112,7bb6e34e5c8bd4b0c17fc4c0ce2f4194f839791cfa21e1a1b654bd2a19d9207a
DDPM,2000,112,gene_113,ccdd860427fd202d994dc67bf47ea8ea15419faacbca6b8097571679f9416d18
DDPM,2000,113,gene_114,a808bc0e5d43d6f97b1345c415f3ecd88d84698fea5b9d74e522eeacf7011501
DDPM,2000,114,gene_115,d172917593a032239bdf4d192be546cda9222a915e2d8f625f516dd9065c45fb
DDPM,2000,115,gene_116,296ac3e0e78063ff52439b108171ae1bb22836dd2fe9afb67880d1deda09d7d8
DDPM,2000,116,gene_117,fc7e10250a5e880ab5b53c6a7a4d959d9910cb31ac504f7e3c415aae7470c15e
DDPM,2000,117,gene_118,c4797a9c0677ec09f3a1c80862ec638c2907928378f07c1baeeac3137711580d
DDPM,2000,118,gene_119,fc50319464bf3fc9be4baf1b45cd5bb89410337e0fcee4cae2224ebe9427e01d
DDPM,2000,119,gene_120,319986871a0c106bd70a7e7aa6faf2081ba0d850f7db421b959cf476e05575b2
DDPM,2000,120,gene_121,677f1175527a701667c97b6e25dc0e6c48117a81b979d753b91c129231ad6d3a
DDPM,2000,121,gene_122,d9bad822729fbc37a0f5a56d00c6798ad86948042864f9449e06479152f4a171
DDPM,2000,122,gene_123,b1000b987921a8974285542df062a710523cf8b1dce0099c708477cabe860a2a
DDPM,2000,123,gene_124,4cd3a8f8b326f86d28113a4c2129347c1636049eaed4839cfc79f152e2710f60
DDPM,2000,124,gene_125,49fbce57a07a86ffe1b57117a6bf83164111560564179bf468223ae7f29975a5
DDPM,2000,125,gene_126,a69843555e13f13d7f617fccfafb19025e7747fb6297842fbfce129a87431bc6
DDPM,2000,126,gene_127,913bf0062c28f3a0e94ddd66fe7be8a9acf4b2c648447fbdeac8dd8712f093b6
DDPM,2000,127,gene_128,df111f07aca270640e7807e34f353765724ca490f0cd3b4f344b8fce5ae5ca78
DDPM,2000,128,gene_129,2549c16b7954a7dc9f617cb20ded998be00d1189684cd428b470d1d7d3164d44
DDPM,2000,129,gene_130,c4d926189626b0531ef988ad1f1678614fb9b3327579bd8f97c2427dbbd933e1
DDPM,2000,130,gene_131,d512bcd0cbc0bf72b721a6e2c1f9edcf756a3ff8f62d49966214661eb372bef1
DDPM,2000,131,gene_132,c7053049b6792ceb2008a3a326704787f657ed14ce10031fd440d90cb1003fd7
DDPM,2000,132,gene_133,b78260e60c49d0242b4a8b40c1fc96ccb73a0a90ec5ea16b236e53e163b04ed9
DDPM,2000,133,gene_134,81f054be2ddbba9880d8a4a54892697cd7a6a93efcfa8db2270cd974fc197c75
DDPM,2000,134,gene_135,efdd76f61dc4bfe556d9e513d87d952dae8b5e428b500b4af68d06007c4c7a5a
DDPM,2000,135,gene_136,65b40993f3984d82fd2f898688da9affa76246ef584580e5c8600f6d0e7931a3
DDPM,2000,136,gene_137,a48d6b4d4b21dde4b86283a3cf92e6196f5ec3f19e3a06dabd88f1e8d2b74c2b
DDPM,2000,137,gene_138,2a4b258c68b744e9784e349dec1172d460f4edea9c23ce287b9d7776ff4c9edf
DDPM,2000,138,gene_139,6d2053aceb109ca4328a69b27fe94ff62b262f85b9ad674fe8a2a1ab4b5810ce
DDPM,2000,139,gene_140,c6a02fb438a3ff2df4a7ee559b4558c531f5e36bbe668e2c669361bab46c7a86
DDPM,2000,140,gene_141,8272c1093b2b48e3fbfabfeb51138e3a4b8c67ae1d30bbf00a6e37aaa4ef5f2f
DDPM,2000,141,gene_142,6652726934567d7e96b97ad0a701b4b3faaa746567bab6c0bd0aa14522e14c0c
DDPM,2000,142,gene_143,39c213223da2b8f68a3d8f2d3e522f11682188a109d65e46c80ac2e361a1da19
DDPM,2000,143,gene_144,f666b866ed6ad8a19e4a8efd12c8c0aa04794f4b3b651cca82ffc78f2f7dcf57
DDPM,2000,144,gene_145,00e7c3d88877cb30968422448a60db8c1fe108621224b4333604fa32e17fb796
DDPM,2000,145,gene_146,5e81fd8679587c912149336cdb9eb848cc9ff1b8c33a5c9fdfa0c98930aa46db
DDPM,2000,146,gene_147,ca580485a9d802aa36315ba1f90df0d93c504d93cc03f90a3b823a0a6e606225
DDPM,2000,147,gene_148,33447c6d192228fac13d47dcb1ec9e1032614b78d6ccf9e02dab7d7d9077463b
DDPM,2000,148,gene_149,ee4a3d2b2a91d877c53e07b2ba948d613511b181d68cdabb3bbaa1c0d3408453
DDPM,2000,149,gene_150,fb6e248160e7127bf65ced2ad2698c3194ac54d6dacd1314d99cc490b5c9bfb9
DDPM,2000,150,gene_151,5423818903fa88f3a7a63a1adec12a91f1d5d8841394bf508bc1b4c75f01b21a
DDPM,2000,151,gene_152,b4467862600ce8498a8378d4a53d6e91fba53d3fb484940f3395f16cdb3562dc
DDPM,2000,152,gene_153,cb15837e192cc80d460a4bcff2c0f17b99039c2f79d764cf21b1a581f8fd9c3f
DDPM,2000,153,gene_154,80ab43279fb289fcd7828ee2c20b67117a438b407ba81157815bd838ceef2a96
DDPM,2000,154,gene_155,2434e2b321774f9590aa8ee74d1e5eb4f39781bcdc33910b4006518ecd800749
DDPM,2000,155,gene_156,0527aa0da4cd7a3edb82ac76f8605107c878de39e91e397f9d4e9072f33b337c
DDPM,2000,156,gene_157,5309f68911f308089bb9bfea129cc066c1b2b567467516a1bedfecd2aadce067
DDPM,2000,157,gene_158,6fb7152522ade898716d54b016d5ff1d8117dd78dc3dc483ffacd46efd57b7e2
DDPM,2000,158,gene_159,d8ad03f5ca9509167cfe8ba96835081154d3a20ed28b382113627c91e10bfa8d
DDPM,2000,159,gene_160,70d70065212ab82770235e789a2dad66d446fcbb06ac023a6d25a303e7a9f923
DDPM,2000,160,gene_161,9142e6d72d34444777c12cb115e6ea0fb7b08d728d2dbf5d1eeb379bf7ffeb81
DDPM,2000,161,gene_162,fa9e943ac957feefc46768a1fa92b4095b02fcee973c1c8b4eb5ee6c60b979ab
DDPM,2000,162,gene_163,28c67db93f8b8b48fe2c42b2fa65463b4c4daf145e4d8410fb9ad972f1a46377
DDPM,2000,163,gene_164,057f2d88b9b0cac201c213d029681822575d564cc33b0ce9da4f030ab8934b59
DDPM,2000,164,gene_165,d1c23b5453d626ce18b17cb410dbe14440e4a48f89fbf479826c682114ef4dba
DDPM,2000,165,gene_166,b2cf26e0176832fc77d8c0ec7ac225bd0897e05580df0010c8ab8fe9e2cc6fbf
DDPM,2000,166,gene_167,38268308822480794a273d4d914c6fef3d990b9279bd03cfddd227f56cae5841
DDPM,2000,167,gene_168,26b5752d5f682189f994461bd8e4e4e1df5927d4b2fd7d3c3862602e15a626af
DDPM,2000,168,gene_169,b7986695b51a18dfdbbc344ff86d7eeff7949c63aa6f949bc1e1e496aecf90c0
DDPM,2000,169,gene_170,f7cb275eaf844b2b9811c42225e15cf093a381297c0342e00e9b873c0c33e424
DDPM,2000,170,gene_171,1fc9fa7378833199ede8ce2f9efe86892173da4bc102ccd687e5cbd2de7bb361
DDPM,2000,171,gene_172,6e647806f94592c978397abef51767bb842e2d94c876fa1e2743bc835be9c1f6
DDPM,2000,172,gene_173,f3ddb5f83af511ec48f5afa542ccaa936408d9f6599fff6bf981cc9ba3fb46e2
DDPM,2000,173,gene_174,19b94566ecf862015e2b719f5ec136587e4a74e928668a59d90ce18e833616b6
DDPM,2000,174,gene_175,3fdc6f665331b23d3c67fa025d021a809a7744f975900f4f0b90d6c545dfdbff
DDPM,2000,175,gene_176,45581554e183fed96b0eb394c787ebfac28e34f196fc5242360ab7a170f3dfc5
DDPM,2000,176,gene_177,e1043b8a3d17536f7419840dd74356442733e1efd66e77631f30df91bf94db33
DDPM,2000,177,gene_178,930781bb8f0b5fe46d1556db73742d1ac64fe895e1bf1a5f016446496c66ccb5
DDPM,2000,178,gene_179,74ed6fc0fc763fcdd5ce6563d81fad36e282ab3b06417248e1af2f8d68722dfd
DDPM,2000,179,gene_180,d6272a84b357839c021fd2f71cff46b7268348514d53505fe12c72d51604e95a
DDPM,2000,180,gene_181,4602f692e25798d289adb3dcf80a95f69ec8230c61c2b46fb92f381f3843ea32
DDPM,2000,181,gene_182,25eff4807c282d55a6c44e432edabcb7fc36eb9043b0e4f5aad662e235e9fbfc
DDPM,2000,182,gene_183,43fc3e4283da4aded74c52158fcfcc14b14434dec9a8125c2cf06bfac54f038b
DDPM,2000,183,gene_184,9b9b9655cb5bd1e8603cc9d2d24f01ca9d948910f763f4b8982f3482149926c0
DDPM,2000,184,gene_185,b5392099d963b678628321ebe3c36e6051f96c73d2ad3c9b30ae6d23eb133a36
DDPM,2000,185,gene_186,34e2a322d0a5ed12898dc731bf88052c72d54f2017bc9c1b792e308c0749a09f
DDPM,2000,186,gene_187,c78c112d6d4821b99cbb7dbc2357c25203f6d0bf62eb2f812c79982b1528899d
DDPM,2000,187,gene_188,e4f05a4ac01f23a3a4b0c78030a8133c9b31f67ca67625309204d2711fb6b1eb
DDPM,2000,188,gene_189,c42f99ca2924df0c85e80c8fa71ce8fb7bfe0f3c033b0fa0053ce3e6b9da8359
DDPM,2000,189,gene_190,9845476b2d02aae74521ffd8cc6295e499a60ddfa8f8b5f55c391c122c559946
DDPM,2000,190,gene_191,3331b915ba95f772d18bb9f2c9f57fbb9e437e2caa43d7ff1ebfd97d74a6e407
DDPM,2000,191,gene_192,f2f526eaee4bc6604edaa0b202cfca7ddc2601be384ef88a1e7f723e8054afd6
DDPM,2000,192,gene_193,7e5e5fded10413eef377205358cb93eeb597b95a3e540f4a538fc7d3a8bf9aff
DDPM,2000,193,gene_194,a8aa7b205da8e37e0c1d9ded36fb7b9b2226f0751b9c91ea17769cf851046db8
DDPM,2000,194,gene_195,6fdce0cc6613d04fdcb91a8e44a3c9389a397fc436fa84e9f323c3ea66354d56
DDPM,2000,195,gene_196,6df93641fbe7a4d384347923c0bc0f72a6a2411544ec4891d3813391080a3c2b
DDPM,2000,196,gene_197,4cd60c0fd2fe009c0460aaedba7a988caa855d8f404d0c2c9028c84c29fa4e74
DDPM,2000,197,gene_198,e1bcb7af4bc1fbe7da518a2d3a85284621e9cbe6209e4bcaadc72925c46fd776
DDPM,2000,198,gene_199,63167c09ea1962cc4e85dfd8e90be76f09d2db2e249982273fbdde6ed575d324
DDPM,2000,199,gene_200,016e81f841b441c32c82787b1dad877d3dd79f8691c9a6863ea2d351638e6aed
DDPM,2000,200,gene_201,877ae4707e2f9b3d297b2fe5c5f363077ea151d412e4438eebc459577c94d988
DDPM,2000,201,gene_202,69e66778b49dd8a5c1bf200aeac92eaa2ab8415ea884a6d35f61d3d0e130df4c
DDPM,2000,202,gene_203,783a6fe6ff37c13ea6e86d695f3eb6207ace574d382d4f3749703c50a5319922
DDPM,2000,203,gene_204,b18ee64e6e91f8d8a1fe044dac4f4caabb1c140230279f76c4a5423f439ef8e6
DDPM,2000,204,gene_205,d5bf44cef1ce6c90bf40ec26b34a980872749c2d93ddbbc627876ba1c5c4c5fa
DDPM,2000,205,gene_206,8c71ebf54d78ae7aba94015e4e254053f44f3ab8e775c2bf69747cc9d0f00b8d
DDPM,2000,206,gene_207,0b2742bad214b12dc2a13237649cef4ed1119beebc5b7d123817c8f9bf513222
DDPM,2000,207,gene_208,3bf2d07f8ebd4db9d062b796fd53fb001494b2ca671f504f0f3781ac0b87fd60
DDPM,2000,208,gene_209,920eff8e4cae03fc672a4766b7aae95b58d01901ef62761ded5eb2ff01d6ad35
DDPM,2000,209,gene_210,be9b9e80a49f9c0b37b3a7958e2fb02e5a090f74f66450bff81f3b0e40c8f891
DDPM,2000,210,gene_211,62d96c48f4f31018b2d1636d53a9ba6589c014fb7caa3e58884712d3cb70cbf9
DDPM,2000,211,gene_212,cdc183efb4bef189499f38d97f1cfdbe14401ab33365c6a70bae4a98ab8596bf
DDPM,2000,212,gene_213,6edf9c835972da35652672510e03e9b15fb91904fa2782e5e81281021c772348
DDPM,2000,213,gene_214,9499c5b8ae8418b66202e7f134187df689db8c3466372e4c01e62fb4094526aa
DDPM,2000,214,gene_215,1fcbd53d1df75a3bcc1dc79ef628e3d06ca9d4f5df64688ccf1388523be1ff04
DDPM,2000,215,gene_216,36f0d1da756cf2a909112aad26283082465720db42b8713576f0425a7f773638
DDPM,2000,216,gene_217,b27b30047e2940b3b0ae64a2727128e4ad257da351425aab2ab734385f4d9e0b
DDPM,2000,217,gene_218,7302af2b3698b266fb6f4ccb8302d84f6537ec8cbe68feb1e70a1bf9fdf3d281
DDPM,2000,218,gene_219,6370e6d7250154c09d5e029e1fb3e156b22e7dd3b28f632763f9fe21cc5c5f2a
DDPM,2000,219,gene_220,540046af1766d18a8f3fb689a1ec5f8c4eefd63b259e0faf19d92086a10c04f5
DDPM,2000,220,gene_221,66d9a43d55fb1e435e0d419abce386b7176b9b94d90f1294a80c5c49f5de0394
DDPM,2000,221,gene_222,b2eac7f01c5674fd0cbeafabf99f075982086ae09d18f3890986350fd5e2ebb4
DDPM,2000,222,gene_223,0914e4016412ecd917a6a68aacff66929793ba4fa7d3a3fa5dcd727745f34d38
DDPM,2000,223,gene_224,6d7ccf97bb60c384f815b7491f4bed488383328ef0d904ee14e9b2e638494756
DDPM,2000,224,gene_225,66b61e46466d0a16892a64b12329f3caa0796d3cf84a0d90e51cb7447f66b60e
DDPM,2000,225,gene_226,d6bc6fcf339644f972e4c33e804d082a706397205412e6148df5a1df9ba6e8e4
DDPM,2000,226,gene_227,ac5106a1f0c646ac5da34f391ce4c557365d5d61ddb5682f2d6e04305b64a022
DDPM,2000,227,gene_228,2cd2f7d6598469ba048baf88ae98125dc02090781b3133e118f42a12d14be478
DDPM,2000,228,gene_229,610dd60284a7fda678085d2569ad3f91d8c3c9d7541657ff2849bbf6be40d893
DDPM,2000,229,gene_230,99b9c4453f6f5c33433563b300f531b68501729cdc2af02b8d0eb939f72c50fe
DDPM,2000,230,gene_231,85f035c0ca9ebecc76142b2d61848ce65e228444a92e837f332a41a3c17251e4
DDPM,2000,231,gene_232,97b70e9ee68c13082be1ce66b4a1f7cc2517c31e520e46c5cc1ef12e3f3ff2a9
DDPM,2000,232,gene_233,e87a68a8046d755b1962f1b422de0dc2dede7756667b64a9aba3c0e99de1050b
DDPM,2000,233,gene_234,ac16fcd834f51a5f1912a5deb8cdd13190251698ab8231474ead0f7f3edcbb5c
DDPM,2000,234,gene_235,6d34551d5637a50d6c055793d282815f59598f146e5b2b9d92cc6cb49fac0394
DDPM,2000,235,gene_236,a8db67fa41bc3ffb28bc403edac287bf4a9d34af4a843ad937081fb4f3be8667
DDPM,2000,236,gene_237,cdfd6cade7d73e90d80a177f3c4bc62efc7c5e394d56db667b76c1918397c744
DDPM,2000,237,gene_238,c7fa7b6337585357821fc336089ce4bfb4fe547df85f8e182ad53b58e9d9d2c3
DDPM,2000,238,gene_239,9ae5807bad7687349c3a96b8a9a60efa4dcc0ca930683bafdf790604cb5ccacb
DDPM,2000,239,gene_240,91b4ecfa8078b3470cdbfd4a40466a3f854fc4b25610221ed9f9ef24b3c7eda7
DDPM,2000,240,gene_241,ab26aeca0cfd04f141fe848cbd6d3579b41ecf7769f325933935a75872271873
DDPM,2000,241,gene_242,df80202bb86386b6200677f6445c1e9da8338813f1a732fd323bb2797104b0d0
DDPM,2000,242,gene_243,e83e94609aa3fff8c3e1959699e45959dcbd43cebd210e6a23d58658d93c46a6
DDPM,2000,243,gene_244,b6d56dafc5a0ec70bd8dd824426d4586923c2ed31e6f8086dbbc54a9933dafa9
DDPM,2000,244,gene_245,7da4b66dca931ed56682ccd4856ce59f6f5540570fc247abd91cda0b35f36741
DDPM,2000,245,gene_246,e93c394045f3724243a1955953a4b043b33d6455803dcd9802e88a95b5d3e58e
DDPM,2000,246,gene_247,9522aa0019f811edfdbdc5b3d4f0593b8eceb46c8fc57a2c7c43f07882b0bce3
DDPM,2000,247,gene_248,99c32cbececb1e5f68024419efa46db020c566a6683c5950a61de84865e0d657
DDPM,2000,248,gene_249,592fe7af52b76cf59c649ec52a13099b1f5885f0c165cc50c428ed66a8f0ee2a
DDPM,2000,249,gene_250,82d70f3e14ea2d847b9e39c210ba9e66fc8e30fd65ba3c7f1b665c4599255f1d
DDPM,2000,250,gene_251,a21097f3c687cb94240599ec03738f40a0fa18c990503fa260875b800562793a
DDPM,2000,251,gene_252,6029051bb0c0461ee327a579031f8a141ba303179347601f16eab91719d01467
DDPM,2000,252,gene_253,1cd59dfd0342c8c01927c281ef0aa4ceac3a3e04b48fa9e72d4d1456fb694a83
DDPM,2000,253,gene_254,873cb59284ffa92a3c6e0e7187a41cf75e7fc56801f6518e4b336a9536295647
DDPM,2000,254,gene_255,04063a1ad15d2613585df788667742bf4ce719d49a2e005e695ada93cfb9c8b3
DDPM,2000,255,gene_256,37947c7481ed7d4ce2666aca39c37e9c05ad6d22c3d58edda03bde1b34998efc
DDPM,2000,256,gene_257,0242fbece489f001f0ad7574c9587f7372d2fcb0a5ca791261a096c079a08410
DDPM,2000,257,gene_258,4ae86cec64d895b02b49d492a91b4ee942fc13eed99de306b111fb5754b91180
DDPM,2000,258,gene_259,fd896a0cb8e2febf84074075c22438052bcbb0d0475b4e52899cd6dcb2577221
DDPM,2000,259,gene_260,b1a39b2e81b9b9dfc1c2fbdb44628c78152d0587b799a066d55b944aa58f3c0d
DDPM,2000,260,gene_261,8ca5e454dc64b341d2f3d04c73a1982b4274761f89638afbb124e6323e32b701
DDPM,2000,261,gene_262,909ca0a1d2c525b266cf0f03e57b9b41718eb8c7a09af42d45cb80047c90e170
DDPM,2000,262,gene_263,171c5e78c4b91d9720b8efd570ac81f0cde6cb4b8d55f1a0ad19f487529f2f02
DDPM,2000,263,gene_264,c06c8c9b1d7dda23ebb985820e64a39f6910988637d4b1fe0fd1703a790c2a47
DDPM,2000,264,gene_265,f7a3ec0e8ff960bc5ea8fd2442151ec896b3f51e4b4680a260e0068067b4c4ce
DDPM,2000,265,gene_266,5c9dc9397b241a41c3fffe8e06df1c5a493a758ad8747f5a1a4a8e80f5561a8e
DDPM,2000,266,gene_267,9d1853d5218be789b5f38e36ac2447c4fdda35a9d296c46dd57cb37f9ea97a37
DDPM,2000,267,gene_268,6d8f50ff3c9a15485383a985da32c3d749dc63b306e26447e331e9b3bd72b39a
DDPM,2000,268,gene_269,5686037f3d35c7f0de3ef77d5148d727592bf3ddd7d18a4a6f1aa750dfacb546
DDPM,2000,269,gene_270,c52c3b6b8ae73d54c45aa408f87ca57e563c771800ab39df8dd942aeb0f5547a
DDPM,2000,270,gene_271,fb52abda6932534644778f7ae6681647c918a134ccffc08c3ff159db56c92484
DDPM,2000,271,gene_272,5b6f679e6bd12ab45d732d398d42ae158b3de641af9e58c47bd7bf89c810e185
DDPM,2000,272,gene_273,154546dbfbcd8298ac20cf65ce104596ea8d2bc45de41552bc16aa2158c30e9c
DDPM,2000,273,gene_274,88da2ffea4106cc7a8c98d66b8776a937112dd7586d191525caad91472edc2f7
DDPM,2000,274,gene_275,2399cf669cfa717c6c2df1f282563f094363155f35d549a231bdfad3ad79cd47
DDPM,2000,275,gene_276,ee230aa4f362ad9a0b54b11069e597df8b79ae6e5c801463b7ce83a469d4e1d1
DDPM,2000,276,gene_277,09f9685c464ad4da74a62e8fca466fd65b065516c25e5c98e62ea5a04d0ff535
DDPM,2000,277,gene_278,67bc65cf769cd987652e5e811430c88f9fdb4c298582543c1030d51cdffaaf68
DDPM,2000,278,gene_279,53c4154ce8edf035f5de6ce012c7db7b7918942bf08294f1862d95cd6e43b551
DDPM,2000,279,gene_280,dbbc74ebff44cde3285a9cd9fd0df39b31c1ed2d803b82d0e270d595959f991e
DDPM,2000,280,gene_281,c31dce0dd5d37371079672de2e8caaedc6a055dcf1812f7a5b455041b559e807
DDPM,2000,281,gene_282,8dc93fe5cad25c4aa2324ef2814591ee6844c1025e22c1dcfda4aedb02dd0722
DDPM,2000,282,gene_283,cf8a02073a787e0d3778cbd1b961d07dbe72648d62b781510ef929367cf443e2
DDPM,2000,283,gene_284,9349a6670f8ce03a492875fe6c5857242468b4e936cf20d6d4841fb3246e0a3d
DDPM,2000,284,gene_285,359544d108183e1b4a76ecec6f06dec44f889dc6c68598768f60bd8a1e61e271
DDPM,2000,285,gene_286,784449da62246e98ecd93b584a0b0ab78ab09134c733a3642977472492d97a65
DDPM,2000,286,gene_287,f308c7db901750bd3b91fcfb8bdbc1355193e5c2c686ca4a33a2fd09518e6a8c
DDPM,2000,287,gene_288,6d3aeb7e4ab6352b60891ab7671526fa9ff0389998b2a6cad2f2cbb6c39046dd
DDPM,2000,288,gene_289,d357cbb31f6f5485a14210528608178228b7ee38e80e230a7a92ec8908742e32
DDPM,2000,289,gene_290,063b1be354b34938a211f05a6713e079cbb98883c072d4aef32ca0fa6cad964d
DDPM,2000,290,gene_291,29a9282ae1bad56b293a0e1a2d5f63031281b11d0ee8cae73807368740e496f2
DDPM,2000,291,gene_292,87bf9a857a81d232ad05ae779974b92205f2531202fcb9d96f2d2b9a0c255923
DDPM,2000,292,gene_293,e7ae1e6fb8f33c6e14efc8393d9a69172733c97d683cbe3fd847dd507da05b42
DDPM,2000,293,gene_294,3c77b50a50acccbe55c02a134a54b6642dac560d94f18b47e55a3ee30f4e67b0
DDPM,2000,294,gene_295,84eb307e729f55069c18d5b3626b6bbc8fccad4901ae037db0d6748814943e57
DDPM,2000,295,gene_296,54c4ffddaeec2191832ad57c3888ec4d419dbb51aacd0ec1951fc70855bb150c
DDPM,2000,296,gene_297,1813abd375bd77636be36f2e2e5bab4ea3eac24ecfcb221dd6bfe10e88c19e72
DDPM,2000,297,gene_298,8a0f43da162ce6050aba066d400a69b2c64f5288f2e852c3678aa27ff23e38ea
DDPM,2000,298,gene_299,cc2ade0a81f07a23e4c8018f1c4016f5ca1ca1adbd63d3a493f747bdecfbc858
DDPM,2000,299,gene_300,d762b9217fbfe382c0a22ad551e38d2304d45cedd8bf490446de2bcb80ba6369
DDPM,2000,300,gene_301,306b8c4dd7d04c6410e8f9ea20c628c97a1495ccc62bf1af70669e4dbde5d665
DDPM,2000,301,gene_302,f6b13e478842da334d596f42229dd0527a1980140e899e8309ff883afa0eb352
DDPM,2000,302,gene_303,8c180767ab35d686d80b26ee2a4bcfbcbbf9bc99ce4ec40a63236a31db08ffe6
DDPM,2000,303,gene_304,1cd338c4b214dda7a10a2d6b75026c5f93ac08697932b892a09e2f6e7678aa74
DDPM,2000,304,gene_305,35268871b107f07d8900893009c801fecccccf32cfd4be0f016e1c4d3a8c1008
DDPM,2000,305,gene_306,df0a1ab06813658e0a561140d56708b392e0707dd57d3e8860ac397dd832362f
DDPM,2000,306,gene_307,eb22ccc6aca4e8f38f942855dd80725dc201b2f8a83ca898d21941e16efbee73
DDPM,2000,307,gene_308,b9632356174e216a3b1382b764fbaf772a2f9781aafdf87a7ee9f0d2ad329b11
DDPM,2000,308,gene_309,98df01989eb02cd98c64af402ef7aac6d1b98b52c0890c52027cc8e55f24cbe5
DDPM,2000,309,gene_310,9a48a0c256aea0f71c5c47c3bb55ed8e1551f94d6d293aa2bb490bd76708b91e
DDPM,2000,310,gene_311,d31de25dc50d46b6b05019e5f7eeb1c6730b173b26ab6cf6be372c4ec6f76fe9
DDPM,2000,311,gene_312,c222610adf33acd46124081b60b7581421fb8109f342bbbc66296b67e0727322
DDPM,2000,312,gene_313,039283c07eb29de4fd5a0ecbc0ff879f00f9f221e5926abcb85ace886f21c060
DDPM,2000,313,gene_314,e1999a760545eedd5c1b5f16f6f4dc9a7cf4c507ec64392e3d0be9da73343eb9
DDPM,2000,314,gene_315,9139deb3ea383ff22a0a591aa0943f573d4ab30b3d59846388b8cd0b81d836e7
DDPM,2000,315,gene_316,29fc89b1e7cfde5072f03bee158be620615c7e53597ad85dc83e0ca9493052ba
DDPM,2000,316,gene_317,4aff4b6815e08141b1bcb38221633148483fd9d3c9ae6d20db6cdb3ebdd66200
DDPM,2000,317,gene_318,0a708e9ac6621b8c82913bb3431f3e66ec09b5ba8b7a8c0ef956062074a6580f
DDPM,2000,318,gene_319,2fbb7941f0765e943c3bfb409a340617e1648a7e1d9f9c92634fb2e74edb122b
DDPM,2000,319,gene_320,856074e2a869ed1ce9571e1d8297d74dcdafda0b6326560e8e92034f5274bb4e
DDPM,2000,320,gene_321,78b6d1698594dae40edb538ae14b7809c407d0f1342f1ba31552678e4f9b1005
DDPM,2000,321,gene_322,05bf0c89e5678c22bf2c4680b59c5ecd7c892309578c18b8bd76d6f26fde4999
DDPM,2000,322,gene_323,3ee89de5a5653091e9ba6bfb1770d22ce8968f64e893c287d08224ee5975f111
DDPM,2000,323,gene_324,cfc1e6c8f58263aff31875e2ed349973384fbca595bcf22ae4fac67dd5d9dc6e
DDPM,2000,324,gene_325,b026e1cfb0b42a5935c87fef231a33e48b24235c0e420d194e34e7dd2652ba1a
DDPM,2000,325,gene_326,3c8f47b186c1ec7d59aea0615d565f564f41bbc5e6aece5dc1d57ca9b4f9114d
DDPM,2000,326,gene_327,8ce9504f4bb6024fec036478c33b4028c61132650fab1a40dd82deb03cb4dc3e
DDPM,2000,327,gene_328,06e2e2005f9605530845f756cdae8462f68e0e7901b37827238163e431f0a20a
DDPM,2000,328,gene_329,1a789cfaff6e72a96fe4d37228ce4bad468e14a2943dcd06210c97f68111a1e6
DDPM,2000,329,gene_330,e6033dc6ed2ef027d1ccb1014766616ac66ee86a65a0ce3323c6ba946444e9be
DDPM,2000,330,gene_331,d6009291a0a729906943a65f11b4298b4e2702ef4e3cac3df7420708efbca4fb
DDPM,2000,331,gene_332,2442dec47bcadfe38069987aaa3b5267e530a276c77aa18825094fea26230b11
DDPM,2000,332,gene_333,dbd6608b33646fec5a4eac72686af1635cdf3727293f3bd4952fa8c912c7e7a6
DDPM,2000,333,gene_334,d779903451e2e852d94e8d7b8500190ef0a5be660dd76190baf0c64688c166e6
DDPM,2000,334,gene_335,bd194cf83f2a6e29b5c96fa4b83b5a03953421e311373f26badd4bac60c47067
DDPM,2000,335,gene_336,0640210ffb1b444e7bd9b1124c40a19b30ae8b98911c7a47ecdbf140b17497cc
DDPM,2000,336,gene_337,dce2406c2f0b5d40c820f1b6ee2dc2bc4ad18176f90431f6afeea658afb71762
DDPM,2000,337,gene_338,c5791264ee06cd0bfc0e79e46bae54d7733902d7adaa4894c0455fc5387ec675
DDPM,2000,338,gene_339,14255d311ca61708558ef37a9676d3def15a257e161d99b6848b947d21ca3bc0
DDPM,2000,339,gene_340,ce05aaaa0f4bb524de9c5bab23d1740ec46538ec4b0629716fd7d5894dc61c7a
DDPM,2000,340,gene_341,3fe50b8a98f87607d98d9f59ef5b13a8738a1f55680793646d3ebe8ea59cdb42
DDPM,2000,341,gene_342,21fb23ea742fcfca71a4fcbc9114ab7866fcd9574343b347fc8d2b7829e6970a
DDPM,2000,342,gene_343,adf3de0b92affa7560b0b6c23ec4487faaa2a83305cca78b2dcdd21804cad4be
DDPM,2000,343,gene_344,186ec7d47fc8c5da4ef154971819cb36d7171c200eedc6b3d4d5c3382e9f9325
DDPM,2000,344,gene_345,0069fb173d7b451ca97a1a851848419c9fd943965c2b63a1a924535751f5f72e
DDPM,2000,345,gene_346,7b59991c1fdc33cc595646991dfd79dc6f5a764e57cf4127bfc44a9a8b1ce1b7
DDPM,2000,346,gene_347,4296c71318abb53c1b1c9146cfddbc0995820dbc44754b5c1b758e8fc6389d01
DDPM,2000,347,gene_348,b0e17362152b304ecfc4d8b671e555784c43bb088d6d53eb83a526d777086fbd
DDPM,2000,348,gene_349,87f46404333ce20049dfd8e23c7e53a193c5a81f9c6e11a35ccd5f8d4ad4690b
DDPM,2000,349,gene_350,e24b5c704c093a144ab047b9e1ee1bb84809d7ff2845bfa33d33da89bbd7b0fd
DDPM,2000,350,gene_351,f150c40ed219079e1abdc358da7943981de61834481d8a7c6312ac129ef01ebb
DDPM,2000,351,gene_352,85ed16e4cfad72035466a767623563d1b2964d8159c4948d722f1af92351e179
DDPM,2000,352,gene_353,8a2f9d3392c5bf6c000ed743e0e05752a21f5d36ba606988f79e9511a14fbb4f
DDPM,2000,353,gene_354,f74aaa0ff1b13d4db565ddc159510fd6c16313d3199a09ecb97592b7de6ca0f7
DDPM,2000,354,gene_355,2c6954556ac5b626b34ccff451fdd8baefc64ff1068d18c15c227c856c9bd378
DDPM,2000,355,gene_356,cfd082871bada71176d9cae820fa2271d195ff3368249054ccbff5ee1b6c57da
DDPM,2000,356,gene_357,b8f8158214bc782842ec8a41d387cf4cd97500c5bd17cab0b8ba3ec66962bb4c
DDPM,2000,357,gene_358,570d62999467d2937b80ac708c5e889eb700a773847f8c65921803f36fab1621
DDPM,2000,358,gene_359,f361a9156c6534267b4040a126f824a919f657979dde6db6b7db3f1c9840324d
DDPM,2000,359,gene_360,54d85d33d8bdeca6e6f98edc00d2d47c8f22ce8f8942cc8603532a1df39d8bf3
DDPM,2000,360,gene_361,98e9144b9cd117b66928d16aafae38d744002acf7891cfa3f65d1ad9612bbf43
DDPM,2000,361,gene_362,dfa9dc2c5147c67636b2c0b505791714d8d9ed13a93bcaf6794b66dcc6d9c99d
DDPM,2000,362,gene_363,2b219c85e6030ae846482196d1b6e26dee5950323bc9892fd911d9319c2a1345
DDPM,2000,363,gene_364,ebcb42d74c4b113f9e371c618bca46ddc6cc7f7d82742e5f4b5c75fcc1939043
DDPM,2000,364,gene_365,a0ad4249b0a461dfb21ddef58007aaae08bd2c4b0fe878b6a1267037ade68550
DDPM,2000,365,gene_366,9ee81ad161e22e4990f65efbc9bc29c2487cced6895876a9589d3d45bcf3268d
DDPM,2000,366,gene_367,237a78a5cb389f5b8f38160e3ad28bfaa2fcd3b153c6483a5c5ec2cf2c5ee7dc
DDPM,2000,367,gene_368,da2382ec3cafdf8ed4aa521ed74e4a7ba984c913f57254c0564abccbd51898fa
DDPM,2000,368,gene_369,e2f1e7c869888627fa393936f4b2faed2016b9f5b45973ee9cbfcf7bd3486267
DDPM,2000,369,gene_370,9786f4e5129b7d9d0227942b2b45bc894b68224aba0f06d8461d67644cb26f7e
DDPM,2000,370,gene_371,0b64528c0821d18a1d9f06a9b128be9391aaaf654daba019596064187b7cf01d
DDPM,2000,371,gene_372,c4aeefbde13305ddc314d3c42d2ff15ddb1939d9cc07bc66c7c7442aeef64927
DDPM,2000,372,gene_373,40f1d16ed16628fe9551b076454c664506f4ec75dcc6a5a26474562cdb8f9064
DDPM,2000,373,gene_374,6f6b8a10d32652fce1fa4b4236e9d78697c04d8b221255eb14748feea9b62ce1
DDPM,2000,374,gene_375,94e2a8313591052025ef1427a03b0e34764773b951ec31ffbef0c8e8928d3eaf
DDPM,2000,375,gene_376,82e37b9cc5e57abba39fde9a79f69772c5d3e7bcfff410bd6fe38a11714d415a
DDPM,2000,376,gene_377,f85eac51d9369d3842cca18a0d7755dffc4863433887b3d23025d5389d1602fc
DDPM,2000,377,gene_378,d99e028bba885303cf3071e9affa9070686fccb0ae2b641e2a74e78a99c67a26
DDPM,2000,378,gene_379,5b81f70f0461eea549f851996e6b1386bb2c2f2198e344be5b84de92d382a793
DDPM,2000,379,gene_380,f8b723d9fafa7fa06c13c204175562f12524b367a433a2fc222e3c4aa40a8bd7
DDPM,2000,380,gene_381,1238d40f14aac7737894b8b658b48ec489a54efc4766a436ccdd79b08bee8066
DDPM,2000,381,gene_382,3ce600e612d00fffb627fc08f4d49e902df4d4484d4ec0a4985081a6870a9ff2
DDPM,2000,382,gene_383,fe71142994d90ead70922c605f9dbcde970d28e762fa3e50aa7b7b785bd14e56
DDPM,2000,383,gene_384,8453bc12542821f74f570660c74d99a9ccc4ea0a574c11f9e2f971045fb24e12
DDPM,2000,384,gene_385,7fffeb12dc82a3320b7e5aae5db89cdd57d29e104b2d1ebb40d014cb457938e8
DDPM,2000,385,gene_386,a4ee2efd231a57fbfa814bc64807254c054f7848fe37deae615cdfed944a958f
DDPM,2000,386,gene_387,f4ef392eb05afb11bb791d389efb76bbc767827ed9689ba42a5f14e38b7b92ab
DDPM,2000,387,gene_388,2461a7e0ffad0666286c27435ebf8953d956bd4bb6a3b48f1de9b5d13eab2ef1
DDPM,2000,388,gene_389,8276e4cb1fcb61062953e02208d463cb92d36cb0b336d81c2a9ad2574536aa1c
DDPM,2000,389,gene_390,85f12b3b1181a10f29bac78a5d94cb4da2f167fe96ac0c43a755f4dda40d2f47
DDPM,2000,390,gene_391,a57248f5ffb31a2e60f07f486b685d7dc41a5a9b53feb90ca0cdf1dc71414ad5
DDPM,2000,391,gene_392,82f101557c150d0f57c3ef33c82a5e3bcc34d0ea889d33aade7351138ac77882
DDPM,2000,392,gene_393,e053b9298c88675f3b57f4e406a00c01852d56db10e788e4e774d92a20191d84
DDPM,2000,393,gene_394,bbb7cc7ee7419e83f638aad28e87f2ebdf763948641288575ed10505762bea7f
DDPM,2000,394,gene_395,e32f360a166b9d6c385202ddc6c8a91edd75387494dc22d8607567096830ce57
DDPM,2000,395,gene_396,846fa0df34f25cd56caf1b7ce77684fa7067089c4495989ab3893b9e8f694462
DDPM,2000,396,gene_397,b9a00c2befe188c94dc9569327a5ab8d29f427cc88b4098424e68b514a279c28
DDPM,2000,397,gene_398,db841ddc538b080a05e10eaa15e1b2a38aa635c8f60487bd4cbd5d814a62dbca
DDPM,2000,398,gene_399,34eb28a60ba39e6e79ddebde253d08d1816f5cb1e7a9ef9ad8408c0ce95106bf
DDPM,2000,399,gene_400,5574563e870aea728b7e38a5e583d5ae5cef271f1d922644b636a3da4afe684d
DDPM,2000,400,gene_401,c42f69f26d5546d16d0e1479614966489129381774e5a96c398ac67f4f254061
DDPM,2000,401,gene_402,07e2efb9e54745c95ea1af639f3abddad10f2741fe8f9bf26fe2f53dd0814af9
DDPM,2000,402,gene_403,517cf06715788ca6a969883bb6e99a20799628cde1f8ae05a19a332179a0a5ad
DDPM,2000,403,gene_404,e471a964824e12bcf44fefca2524283ee05592836d5c15f6a824e2073784ee04
DDPM,2000,404,gene_405,76a779909e0e6af5572b3c0162f4f206bbcd46ade0740981d84168dad1ff1f48
DDPM,2000,405,gene_406,a603a6ddb40f446c25d7aa1fd322babbf43e93e07d12e127ac83d8dbfaad52b3
DDPM,2000,406,gene_407,3f7d76ce8d52bb904b1e9e8251768ad280ff8b9af1bd49b7e917dbc12c8b1051
DDPM,2000,407,gene_408,f7a23fb6fd286d5299f43a5e7e87911152dbeaf61f4462f367b18dcdc746728f
DDPM,2000,408,gene_409,ad7633a5f293cc984acff23a0f4a1eceb444e32bbb41e735e2dc853d3b89af43
DDPM,2000,409,gene_410,7466e36645553610b92d3b5392c70313b576ea826a4bc89a72a70d7b247f7594
DDPM,2000,410,gene_411,d7da129139ba4712aa255a826fe9ffd6ea0fdc652203995a508684acb0d8ff9f
DDPM,2000,411,gene_412,b7ab703e9cdb786df2c43f2829b4b337951b475da5e1ec6df643c41ee38e6ec0
DDPM,2000,412,gene_413,9747cc774b76f90052909dd9871c276c2b482582ffee35a993c103a68b8743ed
DDPM,2000,413,gene_414,e33c1c4ea8776d13a068b3e5da7a103b9a3475756de21f36b81c6de66f01fe22
DDPM,2000,414,gene_415,e0b0f7cbd00855c35f645c06197775974ffe795764e86a07f50776d6238eb9a9
DDPM,2000,415,gene_416,4e49f04a93618944d0000c9a71466f8628b261ef687621775a494b6587fac8ec
DDPM,2000,416,gene_417,2ab60b9ba8568a7826340306c32d0a3fba303f45fef11287dc8415b76a8bf0ed
DDPM,2000,417,gene_418,4c44d736d9f51274264933b3fbc1c8bfb11e7a7bfc0bcc631c56b05e0e599d42
DDPM,2000,418,gene_419,729bf3d9a38f519a3c044dc7cb04666c2e565b7a2fbb39e1e976da34c235ffda
DDPM,2000,419,gene_420,45fbe4606acfccd22b6dbd920c96019134c4f219b7e01b6f85fbc3b9f4e66c49
DDPM,2000,420,gene_421,73b5b42b689c9557cd815788176aa47e0014e4d4659d166f285389afb8e2e8b9
DDPM,2000,421,gene_422,66ae19421a0340e1f879073703c3f1ffe834dbca188e3c1ca69c26b1e91b1154
DDPM,2000,422,gene_423,29e47462d6d753e29270ab415956cde1abe0b8336f999b2ea94bbdd2bde61580
DDPM,2000,423,gene_424,04b6f8294a6bb89e38891f16b07801dc7244444f86a24a044e282e25595b3769
DDPM,2000,424,gene_425,012d7fa0ebc3a9a1ef03b4d440e0a135ee5179c919c8701ff704fcc3e5ad8077
DDPM,2000,425,gene_426,1aa4462d41c4773a1a4e8df15797da385479d5fb53c6698153d9250b0c656ff2
DDPM,2000,426,gene_427,3b4847c478d2499003689b338a52306066301d8351139051b2f3ae3891f39363
DDPM,2000,427,gene_428,bd9c10d04b9aabda6ae719453aebba1c166e574b6dabf85a2c68149bcde53be2
DDPM,2000,428,gene_429,965109a2c37a1b7bda4a73c086175eb17a9585ee3ed1776f3511caf26fb384ef
DDPM,2000,429,gene_430,52fea73c78d67bb2d872b7fd663553fba980c0cb97c015e0c27bc5a2cd7ca417
DDPM,2000,430,gene_431,e727ed1e48cd3d3ede3644d37dfdc4dbd5b7a44e919af8cddf7cfa56365586ce
DDPM,2000,431,gene_432,cec394e966406fc3e89e511554915297e683f200c775125e997d95c7ff7d632e
DDPM,2000,432,gene_433,51393790c33b5c272589611598a758afe72da0d43a94476009d298276ad9842b
DDPM,2000,433,gene_434,3a7018ca11ff1ca83ffb32611b8eec7d9612f1e750edf3f2a91970725e659b47
DDPM,2000,434,gene_435,f692e002044bc2a00c8061c7f169c69c2b0bd67ec063a266c00e876e66c26a01
DDPM,2000,435,gene_436,9cd6c6686dda6bfbf5dc307d1925da87ca24578cbefbaeb48c1f169051d37e33
DDPM,2000,436,gene_437,f04cefb4651b5175588a00adf5b11b0bdb2e4eaf9d64c86f656ebb6c60464a8e
DDPM,2000,437,gene_438,94ff01abbd6f44dc957e8abe00fbefdb4568202998df187315f2bd256fabd968
DDPM,2000,438,gene_439,0b4179c65e1d81d863869db83454b4aa173b63f13132849030e187acf720de3f
DDPM,2000,439,gene_440,445c02121bb9b3cf4e72766cb2ab8111c5f53dcdb4810df87db1cc8b02b8a89d
DDPM,2000,440,gene_441,5ec431af0d1224cae8c48fdf4a63a56fcef901acfc56aba5803e1d10e39ad90f
DDPM,2000,441,gene_442,f102e165c688ecb43fa550bcfbadc878818c2dd4696eafe08b86f5e312ef0cf0
DDPM,2000,442,gene_443,ee79062fb1211b3e08769e9e7c646e803f9c8dcc8baecd75fc8bd2aecfc035a4
DDPM,2000,443,gene_444,d6d66ab5b1b415766456227fcf4c0261f540b5eb623d5644b434420c120d3b56
DDPM,2000,444,gene_445,9f7372197a7e1d0a54461e944648c10612895adf55e9b23b864d807602a58c1e
DDPM,2000,445,gene_446,036421ffe2fb28cc2618505b692b94122f020e1aa55bcee0b524a9f9fa48721e
DDPM,2000,446,gene_447,fce2c1dbead2499c057ed5503433472766c3b98ef6c3a07954c117c38ef33293
DDPM,2000,447,gene_448,44cff296643cd7bcd59c6dc10e110998e96d956d4da6e893dbd2a6b256fff26f
DDPM,2000,448,gene_449,6a83c5267c7271769654a0c7bd943193f84ff405f6527b4363a0c8fb7918ef62
DDPM,2000,449,gene_450,25ed00ab1f8bb8b49bf0dc95236f8b561163dfc9f2c4e7c231fbb62e3dfc6849
DDPM,2000,450,gene_451,a9b1989521b33a942124cf2cdff777d2b6522c32773470021f2eaca58838088f
DDPM,2000,451,gene_452,be002fdb0d3684730bdbebc8611b992ec4ee1d2c6424d357d867900305c3fe5a
DDPM,2000,452,gene_453,cb7e514b6f9cf43ede827cc61dcc7eeaac964169ac4cb5d9bf60604501aa728f
DDPM,2000,453,gene_454,b921c48b6740ff6364232cf5061722751a7cd031d598669710ed10131c36c6b8
DDPM,2000,454,gene_455,c0c2bb108d8cd841edb57baede101e3bebbb3bc20b00ec5e0719cc73dd6d0d70
DDPM,2000,455,gene_456,f7036ee91e01e59c0be1d3001d2acfb7ffc2e25c94dbcc533feb0e0502c59e31
DDPM,2000,456,gene_457,dd2368b99ce1cc722d89efa915faf618b19fd4798dd4c1979eb2df3763f84403
DDPM,2000,457,gene_458,08a9e84ffac5c6fe1a7d0b055740f68e5b5cd1db2bb86337f87385190c14c5a4
DDPM,2000,458,gene_459,d458222560d69b17008128d3c5979bef6336b1a49d1db0aeaf912cdac2805d12
DDPM,2000,459,gene_460,1cc5124454bf5bcec50b1a0f5a3f7fef5ba2dffdf85baa76929646b329ee6b1a
DDPM,2000,460,gene_461,048b542759d87db8688acc5bf2cd28c5d46a226992f5521ec04135184d5f3d11
DDPM,2000,461,gene_462,d03f0c0fec5e25c92533e9352bb059be738d40dde7ef2361a6ff18595317f4d1
DDPM,2000,462,gene_463,2e8b5cb5922fa2e91efa50d00f74413ca505fe6a2a3e060262813499a3614124
DDPM,2000,463,gene_464,5ff07d7d34f973627486298f2a154edab0f975a190680e6b10084bfd111ceb1c
DDPM,2000,464,gene_465,2e8621b2436dfd189e401cbc41b52840de2f7beeb54a99db96baf4b573e560a3
DDPM,2000,465,gene_466,51e2d6afd479e9787d9d5f0c84c3b655fb126178e5ed1f2d8729a2fc2971450c
DDPM,2000,466,gene_467,4d1f4d711bf365651e80470bea5378d88778a88524b9bfa0da681f4d5364c604
DDPM,2000,467,gene_468,0cb13ba48a529edf8ff7f4b128ff121e709e2a479bd7df557f57a91ab4066d88
DDPM,2000,468,gene_469,6230e94615cf640b0f261ab62fd1a32e4bdae6058fcce1499757982c60c1e95a
DDPM,2000,469,gene_470,a25c5bfcd5361fcce6120f2ba533d98bcb1dd21139b39e1792a227a41a35ace3
DDPM,2000,470,gene_471,3a5393f3f996ec361501f7d921b5554dbe4784a93eae9e2fe24e0bfdd6aae757
DDPM,2000,471,gene_472,5fddeaa68cc1fd87caac3dfe6ae4ffffbf8e88bf49edf12cd7530be6d4e8b6f7
DDPM,2000,472,gene_473,2a35e0f0d21a977b1c601b75770f34e01c18756f84e31b63717837b6df49db17
DDPM,2000,473,gene_474,d7a0e12167b1ff15e1cb008d8cb7b864d2f9f50571a17a681bedc02ac838fb69
DDPM,2000,474,gene_475,a419f756a14a9043a44a8c7852b7617387cb5e11c15c3e5b3f9e865b2ccbcf13
DDPM,2000,475,gene_476,b20fb793ef177a50173ee46d0521e5ec27762a86c9a5769f6225d52cd8c71112
DDPM,2000,476,gene_477,67d8812490d2932f99cf0d6c8237d80455612025797856a057fbc482ba37ae4d
DDPM,2000,477,gene_478,8f30f53386432ab235a03a2c0b8e4868ca5d434d8935c2aae8b0d110ca23f467
DDPM,2000,478,gene_479,8e24ddd14ddc36bf6ad8c0e7b4ebe3050775d04cb6bf26b5be0ef49051bc8821
DDPM,2000,479,gene_480,40c650e682e86685b201fe4d010dc623228f09e24cdb1789353e04c2bc7c3071
DDPM,2000,480,gene_481,873640e6dfe41455a20d8f906ced955a2b352a05c7c0dd6df751d440cc14d5c9
DDPM,2000,481,gene_482,a0c4dac00df1a505d4b11eefcf71a2e95190a54f1f2e6aaba88977e7f5083ded
DDPM,2000,482,gene_483,93aaafea4f4699cf4e69bb411cd4879a1425896c2b0aa4eb47b151773b2fc89b
DDPM,2000,483,gene_484,86e522492b9ac443ee3845a82a03ab93da9d773dc61c98f83a7ff94bdbfcddd8
DDPM,2000,484,gene_485,0ed643f310f303feaea27818d8604266eed06660759a232c90a53e4ff434c1b1
DDPM,2000,485,gene_486,96c3cb73ad9e579aa9331d8119f6af45157370925ae38f3308048682e1e79211
DDPM,2000,486,gene_487,c23778a77891856787fcd5dc44807db5dd5c311f976d4e9e899ab82c3d74af51
DDPM,2000,487,gene_488,925186973de98cff5d1107075b328b582bbc8234d8315dd8c939f6c9316ad610
DDPM,2000,488,gene_489,edec033b114c47d73d134c8ed7598a3c87fcd4205431879b77757a4b0f6a7e22
DDPM,2000,489,gene_490,b8294873a135238a7a3a426517dab84e7400f2457526fd713d5649df24950163
DDPM,2000,490,gene_491,b9d2de08fd4c5228315b277cdc3dfdc51b7e18d59df63ec0865b8393e24bd709
DDPM,2000,491,gene_492,63111f96e50b43ff7576c01b4b8c8fb5f1a071d06a6870cfdb1cb0f4ebd6b7ae
DDPM,2000,492,gene_493,babdd008b9e4a7de28e7f3aa491f21b17abcda124e3978278e2b1624e9e38156
DDPM,2000,493,gene_494,77b98662b09fb2e41b1254e107cffd5bcc62eddd0bfd285dd7af1c7b08ab1a8c
DDPM,2000,494,gene_495,52d77db9ecd7458aa6b3459f7fa819279f82bfcc67556e2e1e9e7af5609ab7b9
DDPM,2000,495,gene_496,13570f9aa3dacd88088d3a3863840b1efdd55e2b9658c45e96c2b3e3764d8768
DDPM,2000,496,gene_497,c53e141ad0f3c5c34eb5b74e64f699db64c371924e0689310725ab931c1e991d
DDPM,2000,497,gene_498,d14271e1587f232914c703a1c85f68e4140480981e8cb89dc10a2e6b29404df0
DDPM,2000,498,gene_499,aaa7a528485671cbab04f54772d9aef97c75041873938f0d3939762731da82b8
DDPM,2000,499,gene_500,8e25ad3b673d1304bcb41194869dafdc129e208660dfb876b704e286af94f78a
DDPM,2000,500,gene_501,27671749ce402eccac3b1aecbc600dd1385990add78a56b2ceeba3affc48a698
DDPM,2000,501,gene_502,2edd8bf26c818d64ee04ab4da1b52d06acef3887e7263d9c26e24c6af55ffbdc
DDPM,2000,502,gene_503,24985502ed48096dc716348133027092979759ad2e6be0486f86e835c3cb6d2e
DDPM,2000,503,gene_504,3a27c4ed9b3c4e78c3b5aa53b933e11446409762d8eca85996a5894f3c054e2a
DDPM,2000,504,gene_505,ae09634016dc1c1da0a2f8645ef52d85a952ec464baf4bd5cc21c8a322655a0f
DDPM,2000,505,gene_506,14433097ab5b1472021bb82ebcf8048b3b24229af5b00762cf1dc6b447ba20b4
DDPM,2000,506,gene_507,c9d446c8fa7e6c226a243f446e4749dec7e250c19f6fb3e6d7e033d0910f3462
DDPM,2000,507,gene_508,cfb15235c227cb3a0827ef363784b76b65232b2e90072cc372abb801e9cc1ead
DDPM,2000,508,gene_509,08483ce24ce9e0a5c9857a8a66d337d5193f0016197b0187fb6cf3d0f3856a7b
DDPM,2000,509,gene_510,e6219170620d3badfb782b01a4d5cf387cc72962cc6fb02150ee34b59493ed27
DDPM,2000,510,gene_511,cb1226c06cbddfefc76dc21b7366a462088ae741f8a23247352fa90f7787236b
DDPM,2000,511,gene_512,525014b29ba6988b41f4386bc15fc9b66a15aa3ed8f303f729576fea88354eb4
DDPM,2000,512,gene_513,028a3ef89e14b698a2a65b3b9debb1cea0a045d04b80af48e1c79a36a4c971da
DDPM,2000,513,gene_514,399dfb41ad86939bb2d02c2fa46b5581d9bccc25bb11e2a0ccd6115eea31f1d6
DDPM,2000,514,gene_515,aa5ecd1280218b5bc3143b8ee0670144a74c87fc20f5a21bc51d994e6c380b9b
DDPM,2000,515,gene_516,f4de52de85118b43cfbcd2dea99ee428811a7ad3f060defaa7eaf877ad89e3c7
DDPM,2000,516,gene_517,f5d3271d976079da8d6fae835b8161f3ea786b49c95c7e14923ecfdf3dd00e2a
DDPM,2000,517,gene_518,7b734885004d8512f56b41be0a03110aa080e84e30c200af9d4b4637044a2b07
DDPM,2000,518,gene_519,711d48dedc404f706bc1d6775927a55bff1714fcbaff15e84eef64cf9952f25f
DDPM,2000,519,gene_520,3a49715e9160075b05cbada5b2e468c19afbf22f72b25ec976baee94132789f9
DDPM,2000,520,gene_521,6a11f8afb0ec5b7d8365d3cc323843583105c35ae49ea0219b1f68e5c15f8c67
DDPM,2000,521,gene_522,dc4e4bb73fd3ab4273e272c7e499d74cdad47a72c8f6bde5ef67783cb0c4015b
DDPM,2000,522,gene_523,2fa39c09ce50a0c1f24cfaf0fa8553803d803003012d2eeb1bddb562a938fb65
DDPM,2000,523,gene_524,16b9f1acf9a35827a728084ad72a61e1de11a833f2799991c6fe018ec461d18e
DDPM,2000,524,gene_525,3c2709a5e184e73db6bad34f67378d3802300ecf766ffd9066e699e989e5f593
DDPM,2000,525,gene_526,6ab71a555d017716672823074a26c59190044793590424ecac424b394f8ed58a
DDPM,2000,526,gene_527,35e82420be3108cab69bc10d3343b1280982bf9aded66f69eebf28682b2fb102
DDPM,2000,527,gene_528,64c76814b758e4491b0b41e2c036b930ef64be4c6c480b96fc192727baacc635
DDPM,2000,528,gene_529,69eed67b8165c11d8a9299ef0a6d9bfafbcf8ad017b1fdde34c9b72bc0029532
DDPM,2000,529,gene_530,713060ff233567aa01e5e73f7efbc9a3f1b639520d878c43103cebb3a07776fb
DDPM,2000,530,gene_531,1a4cd8973fbb1c3c25504686be5f67a6a1e8138ec465ed4a63cbd3bf3b5904fd
DDPM,2000,531,gene_532,3dcc1029c87974424e0cb3d7d73da390f95728442f4a743019ac38cd7e9d9299
DDPM,2000,532,gene_533,b46757c8c0be7fbc7ff6f16a3b040efbc44ec9ff655b9183291d5d5b68ffe54d
DDPM,2000,533,gene_534,b69b1039dcf6f547235b58ad81db8c639b9e13ad00294bbf3d46d8605922c022
DDPM,2000,534,gene_535,a445778b7dcf6206abf39cebd363cecf0646d25c747b1bfafb9727854e28f154
DDPM,2000,535,gene_536,c8e04197fd80e29e49ca74b06e5dea89e7b6ae52850a09eea30fcc0d56b4840c
DDPM,2000,536,gene_537,27bd196975cd46bd79413b36629304738230999d98898a768edf439fa2396ee1
DDPM,2000,537,gene_538,1d77378856f315f022c2f1f721dc3110bf3cf2694fddd522dfd1dd9858443e09
DDPM,2000,538,gene_539,71aee8f3c9a177fa3f0d9d5b0696066930a9499eace26d6d7493b6682fc8a9f4
DDPM,2000,539,gene_540,2634e507496d32eba52979bfdaf6e6db4ff0edaa09b56f738d4f4e805b73a987
DDPM,2000,540,gene_541,02b35195d8818c3802a70ca1e13e137bfad7eac9d088e0b4f511cf139c3a2e21
DDPM,2000,541,gene_542,2e9f8a3f656ef0022a0d772e1c88d17d0ed3b275bc30decc7b528acd9e4e769f
DDPM,2000,542,gene_543,edf55b0d79e8986e08e6aaf2e6ce96edd991fbc1f513be87274ee2779d22933e
DDPM,2000,543,gene_544,3e802c4b669206f7f2f5a674b8bbe92b346885d112e60594e65e65e1e7b18d96
DDPM,2000,544,gene_545,c6b859a39987e345e486f6310c2bdf2df0d79e0ac0362c31c3ad7532370b741d
DDPM,2000,545,gene_546,39552f65e09bb5d90635dda70a38dcac798dc9aa698fdf917899297b89af9863
DDPM,2000,546,gene_547,aa136d0cd21eda95fda7c81b89c18c56b1d46265340ea42ecbeca5d2245bc81f
DDPM,2000,547,gene_548,0076d85464f105e4facfe61c76416b508444893b777f262e3940ba8d6042200d
DDPM,2000,548,gene_549,641a184f5b20d66c7b9aa8a04da0300c87dbb8c48c017850f4ba900030fbc904
DDPM,2000,549,gene_550,abaff3842ef677a7d63a913b3f74c5551f243181f7b5a0a48f4f43fdf6b27fe1
DDPM,2000,550,gene_551,9d5f107690551649a7240679b9ce5b8c66a0717cc6d4fc62bc38ebe072cb28d0
DDPM,2000,551,gene_552,43ffbc6596c95d64000ba0826cf1c266ea5c1bc24e1f2031254fd95e62df7ff8
DDPM,2000,552,gene_553,e99a7412d52d87d3284c94dff02e42a0573c97632d3a82854bb5a32cc19e0cd7
DDPM,2000,553,gene_554,61895ec474082dd93c4a583fbb08a36b8f2bbe67283617884fc8692497ad577b
DDPM,2000,554,gene_555,ef3ad73a1d965756fe53638ba084c3c0dc47480916d598ac97317b1b7d3cbe63
DDPM,2000,555,gene_556,53bb3e70da7f5d0f88ebd71cf7d21845c0d67ba054f3fe573bb259560591dbb8
DDPM,2000,556,gene_557,1dcb31a79934c07d6c510bf2116b5965dc59ac1f54edd7f8908d94a41cb786f0
DDPM,2000,557,gene_558,1acf095d9f576e2206c4b46003ff8210188cd23ef30a90dc7d39d93561fcec50
DDPM,2000,558,gene_559,d58c9b2195563fdfda4fb5c8296bd1e2adb478a8d75803938121766d7d680537
DDPM,2000,559,gene_560,30d39ff88f3e6b765b384c9a939313307a0de93c1cc39c591a40dcb3ede076a5
DDPM,2000,560,gene_561,8ff4b9684f2e28a244056aa71537d559e6c9f32416fb353a71a9fbc058074de3
DDPM,2000,561,gene_562,ba5a4a723e1337fdaee9e0b2002910e572030728443ba64b8920bd5839b03590
DDPM,2000,562,gene_563,44dce42285b6f56ad1c6add4d84e33191faaba2b632f08c88cfeb35e50377a4c
DDPM,2000,563,gene_564,ebfa73b118a72e6c542d29adba3f0cb88a9d028d95a80e755539fe3f326eadf2
DDPM,2000,564,gene_565,bc57a5458ae42d96c7748c151afdcdfb947feb17e697baa52552168928a64cde
DDPM,2000,565,gene_566,ab43b76dced1f91fb20ae0dd694b1dab7e106b5dde06a783b27283dac2ce9988
DDPM,2000,566,gene_567,575edfb6d652a8b975ae9352429cffa0b246785e2e254bef3cd9624552087bd8
DDPM,2000,567,gene_568,03ec74f508cb9494d7554c37f4530fffd919ef9c22aca641e9defb6cf5fb0b79
DDPM,2000,568,gene_569,20790345e9c024411045bdc0ddc906e1583883a1a7ef09451d494f9a901172d3
DDPM,2000,569,gene_570,735a8197cf7d74c174224a0a9a79d11f4c2f4f00653604f42c24a299ebb43619
DDPM,2000,570,gene_571,6695fee17eba94d596c6faf56a2a4117aac8766ddd03a4a2c0fc074200dd5f84
DDPM,2000,571,gene_572,ee2916dc13a52bdff113caba8f2040218d023821fa36c5a006c3876815a510e2
DDPM,2000,572,gene_573,d496c1fdd5edb52db2b4bbceaaa622ec9deac7e911700f3abc044c35fbdd8c11
DDPM,2000,573,gene_574,bc7023256fcefc91b3cdbed37adac32d676cc05e86b61c81c5d8197105eb23e4
DDPM,2000,574,gene_575,09233d87b7b4986c59d8fd6d402ca7f8bf2bf3f7b46ac5f385ed72d62035940b
DDPM,2000,575,gene_576,c6d88753316109510b897635f83e1d7a4925d8d641243a2ceb0b898e8443846e
DDPM,2000,576,gene_577,3c56e71e535d67b90f137956bb0d9ebab9e1b8bdaeee8421ca72bfff480785d5
DDPM,2000,577,gene_578,7865254a412afe5d84f4f0e15d0f9f8b6ef7441d34c908fde8fe2f6166c944a7
DDPM,2000,578,gene_579,e120e19495f146749cca9d027b94ca25ab4d5a089704de4a4d957ea88f63bcc6
DDPM,2000,579,gene_580,104b93487ae7c144ab27f850f71ec4e4b382e3bdb5e3c3a189fb436628d1565e
DDPM,2000,580,gene_581,3e4fbb63f282294833ac75b83a15d5a7a384007e6b24ff188a4603a377e93bed
DDPM,2000,581,gene_582,5a84c641b4777c0f39b6dee181595de448533904021faf4819fe70dace4911f9
DDPM,2000,582,gene_583,769853447536ce02bd71761cbcf4d00bc6892f39fb49ca22f7b7de8f4d1b276d
DDPM,2000,583,gene_584,a9e599bb93d218289fce24f93464375342286f28ac1d6a6b170bd22128f322aa
DDPM,2000,584,gene_585,47e91819a9ee94db5b87a8a646d5697c5e48f20566c78011497eeb722226de62
DDPM,2000,585,gene_586,de2c8482b118e4eb18dbcdace02157128007b5dba84fd028ef358f0795897d2e
DDPM,2000,586,gene_587,1968df57f244f148133f059e007b213691dc727114fdbf64c3f530cd039627bc
DDPM,2000,587,gene_588,f57cc615380d91879bf47c892612b8294f89aa606766ad6800faa5d87a00b596
DDPM,2000,588,gene_589,a042ba1e9f48c7298d2e4837344b6e577cdd72d20b844615d91fe218574e80d6
DDPM,2000,589,gene_590,f8bd1fc9f833c9c548809256c590f5a33509ca0999213c560935620e4c5c3978
DDPM,2000,590,gene_591,3e77f0007f0ca7a47d4189149271707db5d4fce90f43c74febf465342d5a4b8a
DDPM,2000,591,gene_592,6bd163f3daaa1285df9b25c13e3f31cf769fba4bb8a54c5e4ed075ddf432830b
DDPM,2000,592,gene_593,08a09986b1290b244a1b2a4e82d869fcd9542e4f811ed265bb0f16716b49a244
DDPM,2000,593,gene_594,d403ec63656f6e6b33b0578f947865b2afcdbf349e2494441f8470b7a9d080eb
DDPM,2000,594,gene_595,1e662cc8a126e72a7049cf5d21fdf7c08541809050714ddd0ec7059a796b1530
DDPM,2000,595,gene_596,4435b1df76fadb2d0fd8a0875041716d4c584c8b99cb05364037e16a680d1fe5
DDPM,2000,596,gene_597,5cba05458ce0144285e52755bace236a67942087f114ceefcde3762b14d25f98
DDPM,2000,597,gene_598,58a2f1460ad93126a3d574972de50f725593d38bad4752650f5088d2de246047
DDPM,2000,598,gene_599,af4a4ed51fb423378cd90c66e6e2981ec725920ee74f073edc3e5f083e33f0b8
DDPM,2000,599,gene_600,eccfdf1ce428ee74e90cea79e7a63ffa52f3e840a4512630ad513abddf743b1c
DDPM,2000,600,gene_601,c8b4932b4e86b711ddfe40e98d886e75a967085b1c6bc93d46eed2c1d5816182
DDPM,2000,601,gene_602,d4bafc8764f9d72fd6984b9a2a3c71167efe5341f200339a28a6b14657d9ebb4
DDPM,2000,602,gene_603,04dfcca3020c11ecca98f63403fffd581e6d8e5abb2aef7bf27060fd1717a8eb
DDPM,2000,603,gene_604,923189ef83223ac03907b329fc880b88c35c3c4d64aca18bd0c3eac0e4f180db
DDPM,2000,604,gene_605,5e1412c4671458c56fe2e2690f19331c8e7b23755da3549d6f347c88bbf02ff9
DDPM,2000,605,gene_606,40d6db6823ed94437d70ee2c1df492a099fa0adcb19a84ea43ba0ac0f0861b18
DDPM,2000,606,gene_607,dd4e450b0dea04e52502d2b75f64530f62fd2433292a46556ba9e5f970daea36
DDPM,2000,607,gene_608,8a957024c891b66c49ffbcfdf917fce11ef15139e7b74d56f1ce51f6ae8d97f1
DDPM,2000,608,gene_609,ffae06804b0f20bd8f237a4c9f4c0e113411a4d7a179ee071e9cc81cd913d1d6
DDPM,2000,609,gene_610,ef62058d3e152c8a6d2a6e922a39e3cb448d9e655c10a8e6af57f6295d7f4579
DDPM,2000,610,gene_611,d57ced961b8e0d34cae87c38a946915f2b8e89d4f34ad791579ef44c3fc27be1
DDPM,2000,611,gene_612,26f0f0ee1aae702fdfa96b62924b5a238ddee7e0ffc2f9c4810f9b7579d1a0d1
DDPM,2000,612,gene_613,93ff06c7aa39b4873928318683e7b017e0553bd41ade702fda5013b7866cb7ac
DDPM,2000,613,gene_614,1627dee5dd98da37a5d887f0c1a1acdda124f0935b55379bbdec0eb9a75e85c9
DDPM,2000,614,gene_615,e833f701ecc5236a1e74451f1569802b18a3af79c3c98eea8db1ef91dec04eee
DDPM,2000,615,gene_616,61825baa925ec2c3f4b3a393d510036f1f1ddecf23b1b7b03f6695491efbf83e
DDPM,2000,616,gene_617,a9eaaa9888067c256307574a38b0e604d44006decac706f046701bdf18cb7dcd
DDPM,2000,617,gene_618,4b3b101fbb5f892733bcbdd241c5e323615158d01263be9a0868b0f9ef16052a
DDPM,2000,618,gene_619,8f80a349f5fbc56f295df536202224a958c045967a7d093796737d849f110a70
DDPM,2000,619,gene_620,0881714f25137d98c3ef6f798554800c29e2a26188df2588ea32d19b82fa8fcc
DDPM,2000,620,gene_621,33e3f897bba94f86c712cac05b31cbd1e1c5aa1afef150e3deb55917fc698510
DDPM,2000,621,gene_622,bc62d78003d0d6988708a3f7b9cdbe8566a1effb4d5d23408aaabb13c6208576
DDPM,2000,622,gene_623,4c9014ee76baa43764a5f7c5214043fa1915018ac83f2115da7bc7f11c54bfaf
DDPM,2000,623,gene_624,f6bae79795c27940c76d4fb441cfe448e7bf44612d4885058e97f4c176c1281a
DDPM,2000,624,gene_625,7d50ed53a36d600da9741afb23d63176a86a4217253c317012595192e57ee6ca
DDPM,2000,625,gene_626,90f4f0cd94e4bede392d68f51fd101b9f32bf785f44cfcb0d8a4faad6526f74b
DDPM,2000,626,gene_627,2422d8c6337b89d362cfacec2be5a089a7e5ef7de7f7d9d1f57207fbbb264429
DDPM,2000,627,gene_628,3c6f89a1ab404eab648247ba525a69315ee280b5f019dbd12b8c59c65ae2b993
DDPM,2000,628,gene_629,0342934a3c60f74c87082d2111ba41149af507d2d654925a3743d62f2b4811a4
DDPM,2000,629,gene_630,6591a0c11189415c5d9e16fed521cf3ab8e73f7fb5249405ae94ce07767474c0
DDPM,2000,630,gene_631,1e61f60b5c5cee17ccb7f34c1f10be4e91de088e85746ea3b8914b98903b32a4
DDPM,2000,631,gene_632,9e2eb040b8eba9cdf56938b290800fdc906d7373eecdf9ab6f11e3ccdf491985
DDPM,2000,632,gene_633,313ed3d445f08c4ae85c20016be9a9d29938bbdfddba4c40acfcf65db1e40f0d
DDPM,2000,633,gene_634,4c94024eff35de33d8e587617c542f6cc9d923c7702f1553dab5d4bfe5a364a7
DDPM,2000,634,gene_635,e27b23a135f1aee8dd519881369bb2cd2f4a69b4239f8966a7ebd095daed4f9e
DDPM,2000,635,gene_636,f1df032541ac3e30b83096553d50b08d3a301f44719b63f1a79a0d56ceb7ef84
DDPM,2000,636,gene_637,c72cd6ba1994b4380f810fdd1211f6cbe1546aef6a0f7c8136de2beceb7e7ab5
DDPM,2000,637,gene_638,5abb64195d5d8ac97eb38c79488a8eb8dcf1d5ad0232e1645e2940847c8a3ebc
DDPM,2000,638,gene_639,c935f33c23cf5898f65dda2508ead0d572af2269882194bd04211a4daaa6f865
DDPM,2000,639,gene_640,165734404dcbc07a072fff899ab89badb13c037eea8622e5ffb76a5e38542bf9
DDPM,2000,640,gene_641,9386524052d1b5fa22024d1a072a0cf5f11fd297e0a716b72fa4be2a87954abf
DDPM,2000,641,gene_642,bb494e07e6b9e9e6528d3c4aa492d7fe0d2b934ad90b0973760f47386c4d1088
DDPM,2000,642,gene_643,949c0f5ba5778cfd474fb96c401dff2b09430595fd2c690ea3e2724ae78366f4
DDPM,2000,643,gene_644,a5580f0cc203110bba4d29fb03c2648aa5a9353d68340f204988069b6ab96ffe
DDPM,2000,644,gene_645,2cd5c7b9f5ec13cdd7e22357173cd531585b836efed6d13a95aaa09831b3255b
DDPM,2000,645,gene_646,3a2bd2db2b4b20418feecd47d375e82ed206713faf730bf0fea375f88657b27d
DDPM,2000,646,gene_647,e59090e24e5a18f75ceb14f566b55b2be3ba5bf799b30f7430c9f1c9d0718547
DDPM,2000,647,gene_648,43d703db370215f5a19c4861c8f0b4d895655d686c93ab1cd01e702ca603ac40
DDPM,2000,648,gene_649,c76123fb2e19f28fc1fb11ab3b853086bd957de9678ea59a8588ac6c485a4905
DDPM,2000,649,gene_650,a37c06536ff56fdd8f7e8d6c456e0200b96922a05d26c4aebde539aaac755e06
DDPM,2000,650,gene_651,5007d7b1e0d5e4a27f1dafc68545be2815c7f751c24a108461eefed2b9b4ee64
DDPM,2000,651,gene_652,8225293319d34503b90fe428aeba511cfaedd7f3f737af08aea295f7b9f2f3e6
DDPM,2000,652,gene_653,07a1ef571d7512bf7576b7dfe1c82b4e7f3c9d52ae7a5f21055979af0cf19783
DDPM,2000,653,gene_654,91b2960972a50e7e8e5eb119bf85e744603611703c5f2b570afc7b73091e792b
DDPM,2000,654,gene_655,967947a273d61878c7924dff688b146cd47bd1f3f7bfb5bef479221f7352a8fd
DDPM,2000,655,gene_656,2bece88e217269f836fa5bb23429c4685e38818ab2980cbd64a20825733e4664
DDPM,2000,656,gene_657,6975dc21e69ccf9bd2e6ba67f9449eb8a8e1f1dc5cce4f27e00b325031bd55ff
DDPM,2000,657,gene_658,4a901498eef0a63278cb26a6cab3981beea658cbdd8d4d6d168e9bf5c7d16a2e
DDPM,2000,658,gene_659,46262af2d4c74ae52dfc4afc3a7ea9e260548dbac7551e1271baf850fcaa2b17
DDPM,2000,659,gene_660,4ab2a486ec08d2702acc6abd4eb934dbb25354db485c22106672757adc369480
DDPM,2000,660,gene_661,f0e47e5805de732af72651b5db694ef51fcb22876387fd800c3bfdfef6ba1df7
DDPM,2000,661,gene_662,00d6a8886009e11134a03ac6880df8233cc31641ddab02cc9ef534a62f88d99f
DDPM,2000,662,gene_663,670efc448d78eab9a7e7e2f8e1c4911a3e6e5b9beb8750998a0f3904a6f64532
DDPM,2000,663,gene_664,6e5a6efeae5b331a69b78cd1a80776488811398ddf4a816253b481702549b5cf
DDPM,2000,664,gene_665,4798e0a849229fedeceae0f3737013b08f93690ea5838bacefe78158b35c0616
DDPM,2000,665,gene_666,26ca9e2b1137d7dadef1ac845276bd04c47cdf3b0ef1a5c6d08e5b5cdfe2e8d1
DDPM,2000,666,gene_667,078127cbf788be4299a1c68ced9b03f375d151f38391d9a2628db9269828f20b
DDPM,2000,667,gene_668,14100382234e9e4b88ae5ab3945ec906ea4ba94245d1faef0e070c0f22bfe842
DDPM,2000,668,gene_669,3a04d536d9e3986340e7cf7c5efdf91708ae9ab09d615fdc659a2bf20567f74b
DDPM,2000,669,gene_670,58b2bce6a8d4bf81170647f51a55e11563bfda271cb6a6addeea55cfbb08bc98
DDPM,2000,670,gene_671,e6b5f3282c949136723857301c3b1a0b1bdf9c0952cc7dffc19063cefe140588
DDPM,2000,671,gene_672,d742d3b1e3eea845314a1d6f7ca76d4b3342216ff43feb9e6daab8609f259355
DDPM,2000,672,gene_673,4bd50c3f9e532ba8e9ce78d80754cbbf63302748a20883a1d33647fdd1bcabb1
DDPM,2000,673,gene_674,5d497bbb81f6d665a8b994a0d6c69a7d14363c9030848d7cbf29cd9bc0e6d40a
DDPM,2000,674,gene_675,e764fddbd76435d3f3cd68e38a3d16629a2f5d96c8e336ea640aa224c7d5038f
DDPM,2000,675,gene_676,ab038e2041cbc0eabd42ebe87781701620d278a1ca67ff1c8f81218beac2c8d7
DDPM,2000,676,gene_677,bdc3d1a7e52bce0b0508a7bc800c8ccf0f6e2dca45e5396a74441af28515c15e
DDPM,2000,677,gene_678,bf6217dff5b4e9317fe6b6b53b286fd3f40b1a55bcbfa57fa463341f596e65ea
DDPM,2000,678,gene_679,ae9b7c76ff096d380ddf81de0e462de03d043fcb6e57d8423e1c990b4eb4a2c4
DDPM,2000,679,gene_680,ff2c0a91450d87947cc31a0678ee1df7590b17ef8997cd8499253904f7df4508
DDPM,2000,680,gene_681,6ea09539435aa9efd2964f3babf3b6ffe304f7d187a45c6f55bc17501c55f4d2
DDPM,2000,681,gene_682,41efd39e210124f1d7823a5d472be9ba9b1ba476f88380d73038cfabc75c1c34
DDPM,2000,682,gene_683,fabf3e5526fc16146a4e436fb72f17d082ad5dc6e4724e8154d00924a0c87eb1
DDPM,2000,683,gene_684,2dadd4efe6e6b0fee1f6671cfcca2c29aa125f04d9a435865afd13d671b14902
DDPM,2000,684,gene_685,e0592179753e9328cee161f1c7073af6b95e0f44b942a7fd2a09ed42a75f4660
DDPM,2000,685,gene_686,5babeafa213c15f35cac67863a6032e61a7213d646ac4fa19244a060d34496a2
DDPM,2000,686,gene_687,d24727282ccd1dab4f8acb5cfe64c049ee4bf2fe447f050801a1d79901213b7d
DDPM,2000,687,gene_688,910dee5dc089b3b8b1d8d1b81c659e14857e0249e6d44fb1bff3c0388c9b710c
DDPM,2000,688,gene_689,cd9b9c6498a3cbf4438620b2b175209004233394548d42ec7934cdc7e66bf6c4
DDPM,2000,689,gene_690,cb37ec99679944ae4f8e37d5cab12bfc25a9fb32e8c0b5a66ec3dcc8308d5751
DDPM,2000,690,gene_691,c9ebbb41bb587f98eb2bab258eb2b09aa27e1216ca18cc555f925331e6288f93
DDPM,2000,691,gene_692,b69900de3f62e361aaec3e0dd1c1de011e1ea7bec8faa0d0821ca394778fff9b
DDPM,2000,692,gene_693,647b189f23add1d861d4e9e2b5563b86c261e43fa475f6701ae5ee9415176f75
DDPM,2000,693,gene_694,62385bcadedb5e9aca77bbc371d6f7f82e467269c2ea4ef34e3b28c6fb89ea92
DDPM,2000,694,gene_695,2720bd4692eeb37489b8ccaa52b78d5860554ad558b251bc8df1d5d076589440
DDPM,2000,695,gene_696,8279731d5e895bd29b8c704e47869d8c3339476af4822d996b88cf15a2f518df
DDPM,2000,696,gene_697,1e6f06a6d2dfaf582ef7f0217a9d0728994f21c4365c885d52a35ca5efceb83a
DDPM,2000,697,gene_698,ce1d8cdee5302395b04dcf41a89138c5f003b3b1b8e063da8ad459ea016f2da9
DDPM,2000,698,gene_699,0c11a2b52d4997e0d218b10e6ab247d7e8e624b67df898552c0b68dcde048a0b
DDPM,2000,699,gene_700,fdd0403cc41661fa7617df589c12bdf3af0f16bcb7430e3ea45d8dffcbac5818
DDPM,2000,700,gene_701,4cf054f82a2333e386abeea4afd2235f65ebc46a3addadfc8c9226d3bf8f9cec
DDPM,2000,701,gene_702,17d1a49c1e78c0bff1a86851ad61eb203bad2eaa131071e14a6ea8b1919d6a37
DDPM,2000,702,gene_703,31e9ddd302bbcdf7864978a4a68bfda5a604ac816eeb66fe28f18aae7a9b970e
DDPM,2000,703,gene_704,58aeb4cad2f99df5546ca01f11491eb6c3c1113aea483aaf36db0522c99d4336
DDPM,2000,704,gene_705,d8f1202555c4998452a90ea9d36a5096f2a44879639139700139c8c0f0f99e50
DDPM,2000,705,gene_706,61327375d77f8fad6b04730079ca6d2a622ccd7ddde119c96063b2275c12bc97
DDPM,2000,706,gene_707,cc445ad8fef13eeff78f94b7f7fddcc0d9e49107c0686582de9da6ecdd1a6acb
DDPM,2000,707,gene_708,5274548296ecf595733b1247fd9cd10214b32ff7d8852c732959896389fcf430
DDPM,2000,708,gene_709,807fc204204dbb4386d83730196d30315a5d159d969feeec8cb7b5b3598b6855
DDPM,2000,709,gene_710,1b69798c819a79fbd5deab7512097a8761447d7537fe59a91096f9e3993ca4c4
DDPM,2000,710,gene_711,a52ebf38d192ab8d80eeab5068b3f771c92d26d54279e0c7dee8a4dc396f5c8c
DDPM,2000,711,gene_712,df8924aa51903dc9b8ac3887214f1a457d0e070a5507ce612bb6fba8b99fd405
DDPM,2000,712,gene_713,264cf0c4e3f688b5813721d559fbbdce3a80a83aac4fd7c51aef51ad65933ecf
DDPM,2000,713,gene_714,88792b007832dfbede07df676eed9a981b9640f3095dbebfa75c9deca865da7c
DDPM,2000,714,gene_715,7d3c6e2bbfccb522f7b8b2274590c3625a9b11ef6436b60098dbd1dfa5d31a98
DDPM,2000,715,gene_716,9e3580673feba24d73d6af5222370ed5fd649e3b4e24d882b712ac3a81291318
DDPM,2000,716,gene_717,d1a1efcba97528ddc3a4a414a9801f6377b81d65639cafcbfb3d340269d2776a
DDPM,2000,717,gene_718,01952571729ce2b5dadba4cc8bffc76b8fcd1e358d2d9287dcaaf73b5d3fcdbc
DDPM,2000,718,gene_719,458ad56c6c348eb6ee608614da75e485a711e61ef8c1662c31ab6195b8b41b4f
DDPM,2000,719,gene_720,ae32fdd271bec6c47a540335506d50387104f7dfc8309e7d513a7574b5676536
DDPM,2000,720,gene_721,790d75403f80f0d39f7198c6bf5b62e79101661557570f8f89492ea4d91773f0
DDPM,2000,721,gene_722,cbd4bda47e65e2a7d62f122088fe1b66baddd52760555ae9dfece154f0763401
DDPM,2000,722,gene_723,224a56bf6ce7dfbcc7abf4884e5668af4d5e3c0f9eef3d996c7fc04918670625
DDPM,2000,723,gene_724,cd55b19ef90d925c46744438e6aad572e229d0675622fbb7b1fe61b96928b652
DDPM,2000,724,gene_725,87e727f5cbfbe39aa8d495d1fe4168ffe60fc5b0319632b5ca38854576ff03df
DDPM,2000,725,gene_726,b9b09d4438486619464515c24b0a990510d537c0640543888051e48c29a4f14c
DDPM,2000,726,gene_727,69a79239f436adb9df127af417162c93710e97a9b077a03587eb7e25c2c67645
DDPM,2000,727,gene_728,716aac85c5ffeb2853794184110b8e455ac65db56783583912a9d5c28c1a3487
DDPM,2000,728,gene_729,d70b2ad3f538a3495773fe3f67cf4d056d5a4f1189a1891fc7fc8b1ce41d547e
DDPM,2000,729,gene_730,c8b1b186f41ebc5d49ed9ff29346e44732e96b9bd46829f08886e4e37f36ccf3
DDPM,2000,730,gene_731,8fbd10a4e6fa4185af8644bb3dd6c04106529de06d670a79656a30b59131fe57
DDPM,2000,731,gene_732,8c5886fa6a97f84348032c4e40bd80b528974d7c1ce51c158a4440dc87040894
DDPM,2000,732,gene_733,56f4c64d884de191b6a74dda855260d6fd81dc7bd7436137102c32f038a4916a
DDPM,2000,733,gene_734,87a852d9b6131d5a200bd4a56b93eb4d81342c79d55b8b5db2c48b2eaa6def19
DDPM,2000,734,gene_735,d8d46196e5cc3b8d947869b44bb8098776c3f89b1bada995c7b73a3194dedee4
DDPM,2000,735,gene_736,93ea28b49662d774c65c327cfca32b61bad193de3ff59f7e6e150024e8ebd119
DDPM,2000,736,gene_737,dbf655df33c2c801b57fff13435c26692dd28e36e40d462f2bec691f4e2d57ff
DDPM,2000,737,gene_738,d72f0e0abcafe083fcb3e81c6b71f48a2fc28e7827ca323f715e3d101d15a8b8
DDPM,2000,738,gene_739,12c9082b6aaac173a4213c801cdfe4a9284b61cff5e3172c2c7e5797a2474e17
DDPM,2000,739,gene_740,59fd92d03823205a6017f4a0cc80ab0c5267beae85f4a073531b99eb159c178e
DDPM,2000,740,gene_741,08f88c8199457c3a792388aace504252f7e3f4b8c569c2d19b4df82c79c2e976
DDPM,2000,741,gene_742,e35aef695fe44e25d544b09b3cba2ad0c003233f882c40648ba48c617b0904a6
DDPM,2000,742,gene_743,d9f81b008f6e355c8f0df93a1edb1e771ec03281a054dfdb29430bf5340f166b
DDPM,2000,743,gene_744,70a5caa6efc85ce376f682e39c838893df5e309630885727fe61850e74ac98e0
DDPM,2000,744,gene_745,b325734062fce0ec97bb4b39292c8ee89cd6ed24d7fd418d2e3c2930e9d45ada
DDPM,2000,745,gene_746,c8a7982f60d36506b888c3947d5edf04d81fe2f52183936993b46ceae235ef75
DDPM,2000,746,gene_747,70d538d4fffffaa62ea5bc4a6850e3e2d679ad62ee6e9ad4d79fc1d76e413f8c
DDPM,2000,747,gene_748,7f0df3805c2f6a441f122bf6e9c3165c974072464f9fbbd69e6340b251c27bf6
DDPM,2000,748,gene_749,bd3d5e62c5fc980733ec330bd25d1061b38dd560fd287b5e8251725507fe50e8
DDPM,2000,749,gene_750,42c0de050e23cf2f41f9133ac9879e364ca3ba10e25ad06174c8be98ebb7e2b7
DDPM,2000,750,gene_751,5ed729e40dea19a13a3f01fd528f9ccce5258760c2c173a754622a3607c2f42c
DDPM,2000,751,gene_752,02ee10e52dbb5d2ee042b58798810e36f40e7e2166cba115c3f38c1babbb56ac
DDPM,2000,752,gene_753,de8da97126e9716c3621f36c61b6a16098ecd5d63f0e5f175b829eec6bbbbfce
DDPM,2000,753,gene_754,6915cdcb87384513648650b6ffb89601a18dae86be7c9098811b7ec293ef0b4b
DDPM,2000,754,gene_755,740c36a77b7cebb480af7c8a9165bd7c07355872938a1921132e9e9ed314e90d
DDPM,2000,755,gene_756,2aa7274dfd8d90f776b4a3d6e017206bc6d7d2da4c05a3189090bfa96e7db3ea
DDPM,2000,756,gene_757,36a77da98456052ea941d9c3f094fe8a3ddb915cab66f3e54e2220ae2f4d3e91
DDPM,2000,757,gene_758,764da88709fa6f316dd935e47c29b103c0921ea7850751a2a2bdeafe242630da
DDPM,2000,758,gene_759,5a8e140d431aa31cc2ae4f722af30d0b53ae8d09daac6a2286bfc55fd30c1be1
DDPM,2000,759,gene_760,8907b3477349e0effab2ae9b1451b0b77d0c7e3ec0e74e661d05fa13e4ce1a6a
DDPM,2000,760,gene_761,0f640ff8882620f8d295af4017350168cb01b57287cf0031fff41a8eab84c8de
DDPM,2000,761,gene_762,70e5ad6e62af22370dc3e9a0da1d10caddcfc3d47fdd3e7a350ece3c470e89bf
DDPM,2000,762,gene_763,522b2d73f39aa59f18d08334ae79659816a9f0468b3016ec2519dce8d2971d25
DDPM,2000,763,gene_764,64034605e15bdf970e87579d928f17388b25df5237fff9d1a9d399d1bcf059ae
DDPM,2000,764,gene_765,6a3d5b3d554b834c7423ae5f2d270a583fbf172215fb3d53fa6c0fe54e36a27b
DDPM,2000,765,gene_766,e015e9572ec08954c0f4ac96ab1b89780faff15b64d1c26cbcb54882ea976571
DDPM,2000,766,gene_767,4815086ee92633a7b72ca6ea64b63d575450378b207cd6a357bbbde94bf75d89
DDPM,2000,767,gene_768,4f94f05329401d89bb445563eea1ea61bc42c91b2d70166677cd4b8d13dd18d5
DDPM,2000,768,gene_769,670a7ec903de99673becd4207f1bfca372dab923875a80a2c30723a005899567
DDPM,2000,769,gene_770,8b8e785d1ec61b4233714bb07d9bbc0e88ef0eaa9b3906f38dccd87aed10e10f
DDPM,2000,770,gene_771,a5a5facbb5c7bb9ea035ee150567c343e49753009982e792fd3b9a86b6ab43c6
DDPM,2000,771,gene_772,011390bd0129538acbf01c3d09b5fd479e36db7236017a45bc9b8ff3e3cb96cd
DDPM,2000,772,gene_773,e0c6f94947fb85010c30d5609b63d5ffafc2fca4e9778890fa4303d8049a319c
DDPM,2000,773,gene_774,b7107b73f0af5bd6709158c6c460a885dfe61c36e37447176ca59160df3f9aa3
DDPM,2000,774,gene_775,5d158832f2638af8c06770fd09240a798b917fa25da5e00b1ae53968b0715571
DDPM,2000,775,gene_776,435949878fa61790433a12d66d2a633b5cc8c048c9d303efb81fb51e9ad69f66
DDPM,2000,776,gene_777,addf0a42d696b1ec09bee422b90403853932a40fc3406153e7da2d0909f76e0a
DDPM,2000,777,gene_778,b97fa93682cd8b10a27e4b5dfc22f492c72b18ece0b62d19ffdf3d8b1eb2ab8e
DDPM,2000,778,gene_779,c6b3d24012117a9c888e3588c6226cea981c8141cad49ba96d2181b81b01559d
DDPM,2000,779,gene_780,0d26d4d3bf3b8c4f91cbd8c762fee3c6ff4c46984f1a23f7d3a2ff7cd001fddd
DDPM,2000,780,gene_781,7d1323ff696ab301b6d16272d2abb2fe0cc085bff22a1b8d178896c4cf48179a
DDPM,2000,781,gene_782,1fcda17f3c1bb755f97ce16d002737e8dcd17c43efd0009488c0a7e50f0cc698
DDPM,2000,782,gene_783,6d7b951cc68d74157451d5b302a39500861757db1f96734a6e17813797432168
DDPM,2000,783,gene_784,eafba089bfbae81d91b27567033b56fa3c065f21ef18454a32e334c381635b91
DDPM,2000,784,gene_785,d4fe190760af1e0f9b27ea49f0fc6595deb34d5f1868cf4674decf0ef16e8b7e
DDPM,2000,785,gene_786,72aa0999ec804877ad9b7e8448a1ad347958526614c26f6f8ea9285a69bef88e
DDPM,2000,786,gene_787,dfff00ef10594aab1a51faa26a580d0888b2bd630cab65cc2eed2f806040382d
DDPM,2000,787,gene_788,7ccad9bb01b2cee9f4750d762c2ed11db6752050dbf974a6c99bf823e413a286
DDPM,2000,788,gene_789,28827b966b95315b55e81ae5eb081f730d67e0516ac592e7b2feb3db076c0880
DDPM,2000,789,gene_790,587c55ca5665b5103dd49c697fb2a93aaaf48790e8f89b52297102f16bde18cc
DDPM,2000,790,gene_791,2aff4b51ce06f625b2a7f216b690920f093070d3cb941431f58208065159787e
DDPM,2000,791,gene_792,f473e7c610ea21b487af84e7095894cf386700ec1c8a0f791a9643ef8091ab14
DDPM,2000,792,gene_793,048a01fae39e88312c2c61351168fbff6ed476f1b84df8fbe7035cbe1829f9cb
DDPM,2000,793,gene_794,d64759754392d678446c029180abdbf4e2fa07ed4a0601402f10a6c46ef74507
DDPM,2000,794,gene_795,879761a0f737d2eea51a2924ad0f792d60fc1cf93f048c85b73d6555489974c4
DDPM,2000,795,gene_796,5482e29063572a299f5653b4e4b0efbe157489320e1859ba98f363bd9ca606f2
DDPM,2000,796,gene_797,b3a3cded90466ba94363fb2fb8b817dc28fe56f40b1edb3353b95f09ee7edce2
DDPM,2000,797,gene_798,303cdcbed4b26f8f97c7e94749ae771de1d4a88677851c113c110704adfdd4f3
DDPM,2000,798,gene_799,ade5a4c2d4463d962b046646cdac40e7df958321ea64fa20fbe7b34bae21b846
DDPM,2000,799,gene_800,48fdd5e114c4e3bef7f8f52ae7ab33354dda41edd2b39393d80d21125e13050c
DDPM,2000,800,gene_801,275ec01f1f1f64214599c9b93bdbe1dcf26e6c6e767da669c3ac99d94bda53b6
DDPM,2000,801,gene_802,c65ebc5831f9ba6cf55e42f0f343643909ae33aab0bbd73ec96bae293d3c7562
DDPM,2000,802,gene_803,6a5971e1c5222d2723f8777f25b1ea4eef57b018b59b5aa189e74764219ae70f
DDPM,2000,803,gene_804,a283ee05beca1a9ff099d0f1ce6587fd23349c7c80863eeeacc7da5416aaf2a0
DDPM,2000,804,gene_805,f15d6524693a34a62e5a91b23b20246f98dbc9314ac537205a488280fcfd3848
DDPM,2000,805,gene_806,d79089d6354d85032d702b53c87176f399e973debe059dc22488afcc7d2b364b
DDPM,2000,806,gene_807,098415f1e00a9b45d41416311d9e0252c7ba44a9f18fb7c6d6d97edfffec49b5
DDPM,2000,807,gene_808,e55ed6d26761db68f639429e81ca764666f27bf8ffcb1ebb6fa96459e39326ec
DDPM,2000,808,gene_809,58899ef2ecb2be3e20103b0691b42a3100366719782958a26a38a56a5656340f
DDPM,2000,809,gene_810,80df44e5715d831cdb980a6a39d709d24c86f83710fc0b39155a4108a5836999
DDPM,2000,810,gene_811,843baca63c3e769f6dabc40411727a9033db055c4e4eb5b6b818ec948af7a5a6
DDPM,2000,811,gene_812,dbfc5869adf16f543e039c6c50e73d2b141c5e7d3018ebcdfc8b835995c1b3a0
DDPM,2000,812,gene_813,37313a19727b3dd222c9982f392df55fbe95a8cbcceee1d1c17fef4acb9d7158
DDPM,2000,813,gene_814,4ef861c16f57634c86e5cb9c7e4aee26b52facd9055839bd869dffb6c469c9fb
DDPM,2000,814,gene_815,eff39c589c721720624fdc2c69d8c7aa2b094f56c88167856b9fe6acabd18948
DDPM,2000,815,gene_816,441ad352ca8367887cae6cb4bd90624650323fef3854b4a3aa3516144d893ce3
DDPM,2000,816,gene_817,743148a98b485d1295d41ab720030f3816682e9b8c484af0481d64b30240576a
DDPM,2000,817,gene_818,cbe101fb54faf92068b64cf8f851aae9034f1a2af06ec552511b6c4d0c0988ac
DDPM,2000,818,gene_819,707d71e433d839830e59f7f750222da5107ea62dad4614a78132dd6daf22c10f
DDPM,2000,819,gene_820,2dd75c9580fe0df42198eb032630ace00147b352d0fbfb8de3b9c689b90edf7b
DDPM,2000,820,gene_821,4fd45aeb0b4c5c80f4cb1e53cff1ca891be7e58b898116af9169bda81810a49c
DDPM,2000,821,gene_822,8a832da857fffca60e4ae04a9b3771c30ef47e5504bd5a7e0ba45b303b5688b4
DDPM,2000,822,gene_823,dd5ef04b92a4e60579bba0e994047e4135cb9799ade389f1b749480bad8fb0eb
DDPM,2000,823,gene_824,4519ae175c96a08316aa447e473c4187a51e3887861557e10b8fc5d097babe72
DDPM,2000,824,gene_825,6321f67f8be24bb9b9538a18bdd9723777c964bf10f93a602d54dd25f3cbf3aa
DDPM,2000,825,gene_826,0c15f358ac98cd324d9ed307a79d45b436bd1f59e8c4d40d233f6f5daf12d4c3
DDPM,2000,826,gene_827,08e95b1c5427ca434744315eca80d66b0d285d9c1e5e69bcb3490a4470d1e4a6
DDPM,2000,827,gene_828,d34a6eb652cee463cc2ccbec9277dc710d4c7950d5da09341ea002dc610e82e4
DDPM,2000,828,gene_829,74000b9a8f672528b72dc2e7ddd463cb7ab19c4aee153b9a66840260e704f43d
DDPM,2000,829,gene_830,e240f416b1af9ae83c8f2a2ae56e66188bba7050880cd1b10dd68cacfdbddfb3
DDPM,2000,830,gene_831,218966ec83225152e6089030c2594544cbfb408af36f5ec370b4361f53dbac1a
DDPM,2000,831,gene_832,181006b1130be47107acd89545598238f4b0b328ca0cb91474eb157fca988fa0
DDPM,2000,832,gene_833,a24b349322219515bf35ea350728a550df143cd2d5ebec7991e83881de4b47a0
DDPM,2000,833,gene_834,d3175d33337cb40d9e0c6b8ce878b449c2106ad1292c3b1d1079bb9ff1d7349e
DDPM,2000,834,gene_835,b87da74ffd4ee4425fca406f3fae59256abf4af92970d25207b9f73d5e601e21
DDPM,2000,835,gene_836,473c2614c9e386ea8dab9ba73cf0197b0781852b30554f15fa31281d23d58705
DDPM,2000,836,gene_837,e519936a70639aeca38f62cc3ec0b455b0566c21acd47dc2753772d5282fea8c
DDPM,2000,837,gene_838,01f6c1df0494d2b1df3c4d3c5d1f0df98ce2a389b735758f03073070cccc669c
DDPM,2000,838,gene_839,aff09ca709b8f4c3e17fd5671198cfe0017dac5f612ac04dc137e17c429f2eb9
DDPM,2000,839,gene_840,b0d9f4e493812ff0439faf113de2abda8351f66a56496428c75c6fc27e507828
DDPM,2000,840,gene_841,46e9aa045ebd157b83b001e50b980f455a68ba0f85a5feec10d76bf0c1eaa06b
DDPM,2000,841,gene_842,fd3c41291991c299aaa52b27d01af62f16ce811152ae5b437d4c03300f0bc101
DDPM,2000,842,gene_843,603141e823cfe0642219f54582e230afec4d3ade2004a355ae7e68809b73586a
DDPM,2000,843,gene_844,fdad078fa9f173fc8ad0a5f4b9e1d4751b58b624f6f83637b84c5966513d0871
DDPM,2000,844,gene_845,dc1af833cca74c51bcd3383c4af3163852f27918af32608f13308f865e75caea
DDPM,2000,845,gene_846,a06a2e0a8f575c594786292586c7c9fe22182e1619df7beae3b9cd525217e49f
DDPM,2000,846,gene_847,2ad26c0e23cd634a2f9402c26809259541c6c53333b87bf44ce8f672103d1d93
DDPM,2000,847,gene_848,131d6c604352330b7978962c6f8d12e5683236f3f2a80b101f459e2db10b13d6
DDPM,2000,848,gene_849,00b7b24253bd9add749a37803f2d10ea4a36d74f3f6b484804b24261cdf04999
DDPM,2000,849,gene_850,01041dfec2b91eefcc8ec1bb382647eb5e9399c469a3f7079a3c4e3bb42a94dd
DDPM,2000,850,gene_851,ec4fb31cae7ab7a28d9c745464cf5bf14a7e49dfbe3928e1b6449fee8ca57777
DDPM,2000,851,gene_852,6f566587730d7b3f4a169ed37258e75b84ad45730a5dd6d346d5ac6b1b009cb4
DDPM,2000,852,gene_853,6aa87a4b4ea6725df2737b58c5246ee286d6aa585cbc8a43309547845eea6a9e
DDPM,2000,853,gene_854,2ec99a7d84873474f5e12dea95f8a255ddecd4a8b27acde3ef7c3ff1a6c7c86a
DDPM,2000,854,gene_855,7e644f3b1f385a1e7053b315b56e990f6665d8397cfaf5ae6dc84576da0812f8
DDPM,2000,855,gene_856,f868dc13cc1f83def3da9717fbbe300948a39bca8e92f78df40221f48199df7d
DDPM,2000,856,gene_857,c9be052ea6482aee30751263683241d9d4bf3c951862e87fdd498662b618757e
DDPM,2000,857,gene_858,82079d5091be84b2f56c5f9fbe04f744f5e5e4ff0539baf32f7320eca240ba9e
DDPM,2000,858,gene_859,246aef13df09624b7c4bb8bd644b61febc5e5d8e5602272b960f4360f4555b0b
DDPM,2000,859,gene_860,070eac018c43cfbe5d3316c3736563ec7dc0a0bfd04c7c0c0881efc69a622204
DDPM,2000,860,gene_861,84e1e3b31c39c3441218c16373430ce1de6301e9e67cea42ac8e14251e1af9d6
DDPM,2000,861,gene_862,39a31789c9c14060c5f3e49f1d3b3756f2d73e32229bb59a5924d907630cc63f
DDPM,2000,862,gene_863,1a73d8a863bee855a1c3f898dc1c1e02391ac4dc61fe6a7877a2bb149876476b
DDPM,2000,863,gene_864,8b22e51e58da72b9c5c11ad7de6ea9336621ca941d6f78231defbd5215889697
DDPM,2000,864,gene_865,f6dd0efa3af1d4e4bb21c8aca83b643fca24f6cf1c6f0708f75dcfc4201ca609
DDPM,2000,865,gene_866,c8d70f7de9a639c6c6564755f1c5b3bc4279b055358d5093f313a481e32cba2e
DDPM,2000,866,gene_867,6a72bb98ac17969a9563d79ee24d5d188069ac5f429d7e795d70eb3bc582ee49
DDPM,2000,867,gene_868,385803e30cdd62deb952dd047775daa6fa2295008b0cdbc72a73e53fb5eefdab
DDPM,2000,868,gene_869,530fadf439bbc138c9becccbe62362d09d93a40b29dcc6e8dcab4309546874aa
DDPM,2000,869,gene_870,e5f4a36f56fda70dff213375d719b7f35208887377e3b312e84945804db4ecc8
DDPM,2000,870,gene_871,752534f3cf149286500d61360337a9f9256cb3b27e97df9c021e284d862335e5
DDPM,2000,871,gene_872,31a56de9669c3e97acc73ee98c93334f63635dfb8bbb8a0706e6f2cdd5b2873a
DDPM,2000,872,gene_873,016379e02128060acf73f78ab37026b81cb5a7d67b010c90f982a45efa21c3cb
DDPM,2000,873,gene_874,5cc517e0ed0d4e7ad679ccbb778d1989a6e65464390999408eb43586c0de3ef1
DDPM,2000,874,gene_875,77eea873cb9100bbc05cc9691aba126ca9936026b059d1d6362ac355dec23e18
DDPM,2000,875,gene_876,a47f803e9ea21e518be9ca627f1c201eeee1ce6e4d79a61d72db90ebd010310e
DDPM,2000,876,gene_877,98bb21e10e19b480b6f0bdd0497539c44d23293b39d1e5c08429e21da5f5f6b1
DDPM,2000,877,gene_878,dfa24437cbbd0fe61f350334e5977b1c3b200fadff527432355e20a322c23def
DDPM,2000,878,gene_879,0574e8178f50aa93cae2d12de83c4493c8d5dbec2fa28f03f816be6cbbd43c69
DDPM,2000,879,gene_880,468793e941e6db6304fcb904b53d93606c3220c7cfe5faa9625142f0ed629af9
DDPM,2000,880,gene_881,4070fb5ed070ba9bfdc6335b4945ca229629cb78bbf765dfcd07f854e2c68065
DDPM,2000,881,gene_882,deaf257a9d87762bed32e54a586b654b995e36c30a1e5ab2d6bb028d784c1c0d
DDPM,2000,882,gene_883,1fc9157710327d227667ba7739833e1caf1581e748cd6f7d41f997f56f9b4655
DDPM,2000,883,gene_884,6022e6eed8edd9be23be8251d597656319d48cc59fcb5f31ae9fd5b3a6d06fc4
DDPM,2000,884,gene_885,5de40b31fe137cb2a86bd2f385a5c2317533635edd9f01e78b91df870fc4c111
DDPM,2000,885,gene_886,b6842c0b970b7a47e763c3975531e61cba1d083c4880b2c98d7e71cec0b90e7f
DDPM,2000,886,gene_887,d5740f5bd269b44c1d164589e8037c14a0e757fe23c2558142bf7731c6ed6c95
DDPM,2000,887,gene_888,dd20e0fd0d1f57cbfdebf780980e312a46fde84ff099e06e9e5abd20913e48e5
DDPM,2000,888,gene_889,cbdd6c1dd28b2e4b302ede89b82f95ff6458c73e831393f2c4678c969df1488f
DDPM,2000,889,gene_890,e682221196754e129f7af4de04a7f17e3b12972861ecd99104fc8760649b368d
DDPM,2000,890,gene_891,1ca51dd59fc88c4f489d5370495076c684fc898ab215bef06d4bc18c49e2b6c1
DDPM,2000,891,gene_892,c5d3f02898357eab70af560ac1c2bd5e41e05cea9f4140c90d5914567154fbbd
DDPM,2000,892,gene_893,46feeaef0ea458224ea69fa58a0c2ca41ccba1b782a4b31b2104c5d18e9241ca
DDPM,2000,893,gene_894,91efb8789ce5e17ead6a7d9a13cac82d8badf7636d0de78baa86ce438c7fe3ba
DDPM,2000,894,gene_895,154ab2175bd1a53e442b4cf83e5ba3f09425e50ee6e936f34e0cccc434f2cc64
DDPM,2000,895,gene_896,64d1d60e63709bc2eafa736b382b34460fe865177d7abcc5f865e92a7201350e
DDPM,2000,896,gene_897,8b8bc98e66a41cf35f5b2f52090f6ecaf56762fff06fd88bec4a6d48bf54cf94
DDPM,2000,897,gene_898,3440c78d09711f6a6116b19ab1b1824645d74585c4541025d5aa55aa53560b54
DDPM,2000,898,gene_899,38a90816411a01351e591c1f4be5fe5e4b0b582dbf43b2cff2dfd6fdfb2c750d
DDPM,2000,899,gene_900,16ebec55f1c5af92aecbea6908556404af45978ab062d7929e158582b96fea9f
DDPM,2000,900,gene_901,74eb90da303f674eecb19ec6b1150e67c79ed3616f7e8d5b0198047d67b479e4
DDPM,2000,901,gene_902,da2f7e8b61752f4cd2a74d1f63b6d9d1170269f5ea4a1b99e265dd47b016002d
DDPM,2000,902,gene_903,42cd0cedd5b501411a059da6212340e689d5401ee3f1f8219600efab68711f6a
DDPM,2000,903,gene_904,7f18c839166297fa0b45b3d6f29a5ede37b7872a84f234200ac4f114fc2882c5
DDPM,2000,904,gene_905,e28405d0bdfe1a4b9b8981342ec4df24af89151b88139a259389d61e2130d21c
DDPM,2000,905,gene_906,6404c60e1871fedc4b078b1113c637122b20321b19fdaa04e5aa7ed0c4bd4760
DDPM,2000,906,gene_907,1b62c977a9b6d94efae4985c7b80f3e2c91008708c3f0510f3cc29af16acc339
DDPM,2000,907,gene_908,54b0ef4e733fb857938dc7ee1d82d8a0b000ab5419cd7d1b8cc742e909a3fb75
DDPM,2000,908,gene_909,d6a612b3a621dd5140a359d74f60c9f49c98785df5455e4675c820aed4c7305a
DDPM,2000,909,gene_910,369019f8e979b5f10296a3725b92410c702193e52cc14e65550604375cb81d2b
DDPM,2000,910,gene_911,7b986149c9c2a6338bbcd5bab359aa18d014b7bf68fc82b202a98a2ee097edbd
DDPM,2000,911,gene_912,bef6be6f41eed4c664877449991445a6732ccbc3d9da743913f89fd4b6916c40
DDPM,2000,912,gene_913,05125b1dee64ae6fa0fa90b2dab475959919443fcda47a7a56635e615b9ea37b
DDPM,2000,913,gene_914,5a061726a4fe02d872989480ed9d90473508b5ee4258e8f3c64ce01a37a49745
DDPM,2000,914,gene_915,cf0cffa2d3a99af536dd28b527b8fc2ef1dba67a0d93a9a2322170c6af70d5dc
DDPM,2000,915,gene_916,82aa74c5e3875a3bbbd100af13249411b109aaf8f700ef409ca3b00101bf39b9
DDPM,2000,916,gene_917,96ba35b00f956cec2c8114e696c90496dce3c3b17fd33900428166405313a398
DDPM,2000,917,gene_918,22276bdc926fce8da5e5edf218c7edc66c102693085041012c74621d7a81e709
DDPM,2000,918,gene_919,7a53c10439ac5cf2c60adada3b7c5407cccf21c618f307192205352c35c14512
DDPM,2000,919,gene_920,61a5b9f15d22ca280f63b06e2cc603f31495596f59d8ab941e29bc990b6be4d8
DDPM,2000,920,gene_921,b6351e08f4e8bdafa2d44105c9dacf8cfcb9a6dc675d8f179477f918a55514c6
DDPM,2000,921,gene_922,1ccbd6bf2da3b15503a02296d1ff07542b2eda2b0b255e795bc0ddbd463eaa0a
DDPM,2000,922,gene_923,d71fa3619e0bd0a3e2a1b1256c55de93aaadf065d05c4f35b9b3adf3fe5f4b61
DDPM,2000,923,gene_924,edffdadc967d8af6b010aca80aebf4a2ce1eff18ceea1ae6def1abc90d8328cd
DDPM,2000,924,gene_925,c32525a2139f40f9df8aaa5532bccd5186bfb51508eaeb585ed408f35bbdc2ae
DDPM,2000,925,gene_926,de95d801bb444739464789b8af4c65abc9bf659703e31ff26a006eb26648f443
DDPM,2000,926,gene_927,0de5e3d713aa8196a0e37a372944b7c2bb1e24271193331c06a1aec1b2a2d3f8
DDPM,2000,927,gene_928,c4e833eea02799c09d029ed8fd2d8c95866ae47e92ae7a28a58317c01db297ef
DDPM,2000,928,gene_929,7efa3d4c2e05f372d64f5e8556c65dbf90fcf7ad0e2c40e58ae2adcb86e52841
DDPM,2000,929,gene_930,b2b967c45c6728007020528c3b734efc3a3054c126f62b3cd15bb75d15ee1483
DDPM,2000,930,gene_931,c0f90b846b0a285d3ccccf440e38879630e5786907032d6d140debdc125299cf
DDPM,2000,931,gene_932,9498e61de04f1f4b6b4381f3c1e6fedb0ed3912ca78ddcda9bfbe21dea59f3d1
DDPM,2000,932,gene_933,56989acb91cb6f46f27fbf3b69e8acdaefcda5c164e1874899ac5b9f4e797c45
DDPM,2000,933,gene_934,c4caf7bfcc8e4a82b5e2edeb9af05fd0923d52b1dda44b5d73858b39a00124d6
DDPM,2000,934,gene_935,c23c88971eff2535ee6018150cdeade822f89d651a87d140f7711f2c0682db08
DDPM,2000,935,gene_936,213a1fa2ca7352a8f0eb6e88d0e163f0e9a95b070930de5f20df1944a845050c
DDPM,2000,936,gene_937,ea38260c0c1e8927bbe9c464bbe6f705ecf8bd5a8a1a437faefb96f62865d1bf
DDPM,2000,937,gene_938,42cb3315367c9fdf45c4323604208780eeae9ad339754fa8e2e96de16ffacf5c
DDPM,2000,938,gene_939,efccb623986f88c3bcb3e300dc9c7000b2d3b9267d563de3a55d6657cd14da06
DDPM,2000,939,gene_940,c39ba1c967ab85e06328dec70ff5d3d2dbe462f98e5c1a337a92456003ca01a8
DDPM,2000,940,gene_941,b35313c3c4ea37d5d6d9dc54a0a31e0a7deb72f202f793c315013bec4dbe1621
DDPM,2000,941,gene_942,7b899b1dee1983ab9deac17b1a80c7d6a60874cec11b43eb077c8d4187c965d6
DDPM,2000,942,gene_943,876b68b8edac0107ab2e1dfd846579e6d03df041d536bb0cd651224e4b7d8957
DDPM,2000,943,gene_944,69e84aa52d4cd29543a1ce284afe70734c013bfac91086a3d513be493421bd93
DDPM,2000,944,gene_945,846308a258670b5dfd37ad9b823b71166456c45c8c94f8bbaffebada338177ea
DDPM,2000,945,gene_946,163f7748d7bafde1386ae7315cd1084712ea0be06fecaf6a564126b361b213f4
DDPM,2000,946,gene_947,eb4452e8b7a964272c666e2c1db93164fbda238d7ecf81484263ca84e5f16bbc
DDPM,2000,947,gene_948,a48525624efd9ba4ea784c1570c137f5553cc3c2c6ad39ce8684a2cb6c8921f3
DDPM,2000,948,gene_949,e55be4df8087991bf450f7e5af48f4ef08e4239b113f6e9cd2a56c901ffe1134
DDPM,2000,949,gene_950,e18b0cda5b4678b08537b558c2af5a596e693a94009eb168115fba4f89850282
DDPM,2000,950,gene_951,51c5d6c7f1e10c0032a94aaa880d0810be08a4f8249cc11a9a90a803a9ae1d3b
DDPM,2000,951,gene_952,2fcb77c227edc2b85d1edcace6be3f79b551cf1c2fe9eacc07078d6c4428d337
DDPM,2000,952,gene_953,9432ad41a63fbdd70b6c631e87fa8c4c36955797fbe7d524b7faa87b230cd16a
DDPM,2000,953,gene_954,72b889618b2b5bb2a6eca27f0a753288abca310bbe548ec9d556402b7d10a0ab
DDPM,2000,954,gene_955,67262101ec6fea32a8b06cf555102102f80de144e9b4d65a2cc91c2aff66cf13
DDPM,2000,955,gene_956,da268bff6cb4ad64c41caac98a64df3e97fb1231766659785f8b02f986a8c0b4
DDPM,2000,956,gene_957,b2051a13f3407c3f74955bf66f25f0e63d4f3c2bc79bad8730e81cd0e4b892b0
DDPM,2000,957,gene_958,7576c2fbc0710ebcebfa731367ce353c70c40554f160800bfd6657368b6b6c38
DDPM,2000,958,gene_959,6c5d9a9e94d906887e170d82ff5bb55f5dc64ba4313e7211c5658aa1a3544571
DDPM,2000,959,gene_960,48d0d76ff55d85e13891c13d650bc4983bed66edd7cfde0ad6acc9bccbac4068
DDPM,2000,960,gene_961,5f815b3190f1951e9041f256c00ae33854372bca27b2639fa2bfb744766f820e
DDPM,2000,961,gene_962,d7d0f5323067d073fa976f0f402e6316136608ef290de921be9eb50c7e4ebb06
DDPM,2000,962,gene_963,a7b9b2ed610757f399b19c4e2ce0b894d28e8f8f3ca69fd6713a8a35a55b34ed
DDPM,2000,963,gene_964,76e896034c1ec0e99c533d80d888a15ec546047b6e9fd27f6387789613ccfcbf
DDPM,2000,964,gene_965,80875add85a210c03e588fbd653481036f536eaa6dc2db7f88d8be6be568c401
DDPM,2000,965,gene_966,6feabd0925a8fb423727e6181a8f307d8f78e16aa506ddca6cdbb721fc432b2f
DDPM,2000,966,gene_967,74a4c3baa3a27c288dc4480f52b79df19d84d722194485c5c63c8687d44525b3
DDPM,2000,967,gene_968,5d6c9bdc47604f0aea23ffe40930799b8023509eb90d0250be986b4717204b60
DDPM,2000,968,gene_969,65d0d5c2e63219326724f17a9905ee7f56f80beeee0d781e6e0750f70162fbb1
DDPM,2000,969,gene_970,d4b13ee8356778e8c535c3b4f4112f9fd630eedffc6e85a8e35469b0bfdc19eb
DDPM,2000,970,gene_971,68b2508370c022c05cd7df9221294391d1bdd558cc8892df95ce1447214f9a2a
DDPM,2000,971,gene_972,16d3106ef9c014ad371309e50b81c3c768259a2fd0e24e6228f8591950d0cea1
DDPM,2000,972,gene_973,3b42632d69b0e63900ba8dae887ebe52547392715f1bd064bb9edf21fe06f2dc
DDPM,2000,973,gene_974,f1cdea6cac546dbeaeb03a42c5d286464b3d449beed100fdd9c8c0fa654d9c07
DDPM,2000,974,gene_975,0d0ae65c15fa84ecde6914cf1cb81e7bb38f5a39362ccdd4e4ea2e8a56c58ca7
DDPM,2000,975,gene_976,1658ba93373609e446f039526313b0b9d0bee34f293ebe6dddc495d84b702151
DDPM,2000,976,gene_977,5400791ade25125203f7910d9c8f8cbc4761b8c02118477c5988030d0b23b719
DDPM,2000,977,gene_978,70713c6f444b161d6fe5592a847e9f90c169495e649a30c5ca29a6fd233d5b86
DDPM,2000,978,gene_979,2d250b15ece6bbc2a8372cc7eddba96aa8b951cefead7cc6eeeffc160642a539
DDPM,2000,979,gene_980,4562331bd149f21c4a6ec6db247abbad6cec0e66824251a050240e6d52f1ca04
DDPM,2000,980,gene_981,8f62017940dce5b2010987188e1b615d4120cd3a95a51069195556dc12b7c6f4
DDPM,2000,981,gene_982,4ae736e7a72106e40c35a509bfeafb3d34dedcba6c5a3e3c7adce130d36ea7fc
DDPM,2000,982,gene_983,63e3f767c493e634df50872ccf9d75dc2480f7cf7fe21727dfe1a5897da925cb
DDPM,2000,983,gene_984,5fd808c5d78e0093fe9ca8f4bfa6953886ce108109b9f90ec382b5ceafafc6d6
DDPM,2000,984,gene_985,50d30f4924a88442660f5b0e06c7f166e72f078e9e236931b9b0a9e314f710ef
DDPM,2000,985,gene_986,5204763929bd3e70c8108dbeb03d5e8d2762c505a8f763058f5ba0508d571193
DDPM,2000,986,gene_987,ba829bb1ff398787a6eba531b89f3fd321773d794a3f5ce13d417ac2805d3369
DDPM,2000,987,gene_988,da2b8549dd9bd2c5708cbe071767ca257ee03bf783bd077ae5aa8cf0a1502bc4
DDPM,2000,988,gene_989,f9100ec67496e08d3be40d99144aeb88c9acd5c7fef5413dc928bfe542d9cd5d
DDPM,2000,989,gene_990,8bd402c61e6f08ecc0c39821fcc6e839c14d6149e0493ddc732bb3545ae5cec9
DDPM,2000,990,gene_991,e753ae96b61546a1c4fcf550eb178f701339352593bbaaba4666f6203412a3d0
DDPM,2000,991,gene_992,01582805d92cc7635fb6569bd991698df9344fab0b04489d21ad1843b6dc0617
DDPM,2000,992,gene_993,41746e598ab9eaefe2375489578eaa7466ef2b161edc42031618e1db5889f357
DDPM,2000,993,gene_994,b338eeb922d1d6b9704aed7453fb4aee7d98d7b34b553df8567c47a5a374b80a
DDPM,2000,994,gene_995,3e0e47c0ac99d2f7a4066a154b7d1028182f45f9d8a906c8588bfdf129e19ea0
DDPM,2000,995,gene_996,d0fb9eabd76eca5e742ed822d64f81e0a2e54a7ddae86d12ab977a0e1e8ee3e8
DDPM,2000,996,gene_997,d5d6d3053636648a2f6c2a4a9cad8f579ec6877dd00530e599ed54f30db5cf6c
DDPM,2000,997,gene_998,263d340ef82603e70a3bff63edef7d9241b5a88f7e57561bdcb28e62806e5ccf
DDPM,2000,998,gene_999,317a4a705079e702cfc828db0e873e935148a22e10856ab403d6ba06cba1bff6
DDPM,2000,999,gene_1000,d57524722dd34aa0abfa27045c36ceb433f3635a47388844b1d4d9061a4da0cd
UViT-v2 config4,1900,6,seq_7,587b413ba552e414523fd30882d798d1d9277a28aa3e45e49756c7ac9dea870a
UViT-v2 config4,1900,9,seq_10,1ddbc37ade519aa50b836e90b06b7a1646ae8b29437ca8065978717e073f4c98
UViT-v2 config4,1900,18,seq_19,ecdb98afe64e88d586322ef815132a32ddb55a0b181b414d2a17e15c6695ff2c
UViT-v2 config4,1900,27,seq_28,92866ac1377bb30190682a02c45e1e609eb0b022b3152bd3ed8d339a4a900e6c
UViT-v2 config4,1900,35,seq_36,bfe78ac592ddcd02cd21448a80782696b303c45588db7d8bcf7170ddb0e29680
UViT-v2 config4,1900,42,seq_43,9f9f350b9c357470ad3b30935127dd9566b9b326e5480dabd8c1eb6aea3abcdb
UViT-v2 config4,1900,43,seq_44,49ccca0fcfe6178ab266802eaa9f7885daea512a671594ab8fb95cc59d6f20d1
UViT-v2 config4,1900,53,seq_54,8ff6fa903be4ceb6b83dda7dec26758d33e081dbe62a1d6e6e9e5528233d2566
UViT-v2 config4,1900,58,seq_59,c968383a0276c9a8cbf6f25fb58c79cf09041eae3e9cfc98dfb0271f2000fce8
UViT-v2 config4,1900,90,seq_91,6ca9e8a07e627ea9ebcbd40bc3929da7b1830588a43754f53efe6725434a9efd
UViT-v2 config4,1900,96,seq_97,fd428a6918eda93ad93e122306a78b9858f7a1bcfdc0dba6bc246ef793ddcc37
UViT-v2 config4,1900,106,seq_107,90790d00c63b77244cbf27ad164e6d2d5ab0dc73924449c06c18891a833fc70e
UViT-v2 config4,1900,117,seq_118,d8947ddd987d900a6d4b9d3cb90fd5896f98b7359fa0cdb41a6fea3c7988e991
UViT-v2 config4,1900,128,seq_129,8427260ff2a3e1b3e0c5606292439278c290cb1eaedc744b2101ca4a647e3ce2
UViT-v2 config4,1900,132,seq_133,cca124f3db1d1b9a8812405ccd5f97220547a435e4ba5851036ea0870eed36b9
UViT-v2 config4,1900,152,seq_153,d8c3a42f7b86798998fd73af0fa7421cf153e380a35e58272bbd40d77c7a6a82
UViT-v2 config4,1900,153,seq_154,a085752c8dc8f78f51f3f2bc93c80d7495679677e80995fff662a14bad377019
UViT-v2 config4,1900,158,seq_159,c0541a85c64a7b8291dcfc3db9a37365f1bbd494bf0dfde8e2754bb8f7a36f17
UViT-v2 config4,1900,166,seq_167,b8e5b7ffaa8ca7d47db6ee3396e087add1809d30bd203fab100bb9494dd32ce5
UViT-v2 config4,1900,188,seq_189,dc4af5a499dce8e2407eec8867815ef39eb069d3edb44c9a5f0753095b37c176
UViT-v2 config4,1900,200,seq_201,d1b98ca3465844728c8440f593dae7de06fa7211fa106cc23d2ee291d2163b17
UViT-v2 config4,1900,207,seq_208,f2f08f529a87f9209a222ce9ebf55edf9be11a1951af5e5ae518ff1e2ca12aa4
UViT-v2 config4,1900,224,seq_225,d386323b1373d33a0c9887466208663e7a1a8178ad8b5c0e16104e7166175414
UViT-v2 config4,1900,228,seq_229,485175f619f3994405adb112cfab998f0390c411ccedacf93f8cec96b0f6f751
UViT-v2 config4,1900,231,seq_232,d5dfbafb4eb004281d0ca2ec0d20695dddf7e3e2bcd286e7c150f6b6ae34f9e5
UViT-v2 config4,1900,241,seq_242,e324a668ba62555f184066ff3f0b8bd2cf66882edd739c10ec75734844f6d2bb
UViT-v2 config4,1900,251,seq_252,5fc1c78f86f36df126d20fb78f48caba9e763da11b5b9d9788f0ec914e83490b
UViT-v2 config4,1900,282,seq_283,582fd010207a5e74c73e76c323768375e676abd8fca3f1446c207e0781622842
UViT-v2 config4,1900,317,seq_318,609727b050c14acd15cf486d5af2e83151834b2df0dd8ebfd8b60aa5c2f945ec
UViT-v2 config4,1900,319,seq_320,8e4eb907e42072c6b9ad23bf0291e18bebbb8a63914619bff91ea1b50c503f00
UViT-v2 config4,1900,320,seq_321,3f914ad73114657bd3cd4835f13d9dc47b9520e78252563acc20c9de42ebd32e
UViT-v2 config4,1900,333,seq_334,d4ad08aac05f5df8b46c84779c234ee33bac5f40db8bd1d7631fcfc1dd240988
UViT-v2 config4,1900,339,seq_340,1fecce0297ee64be27419dec0341a086e889279839a9dfb73b074689e5508a24
UViT-v2 config4,1900,344,seq_345,3b6bf61f0233ce748132472bca00c754a0e966f72c805413cf09cebc6a7900b0
UViT-v2 config4,1900,359,seq_360,de5b53df3688380cef554b1e3aa62bc9257034435ff89f3a4d20ccd95cc1982f
UViT-v2 config4,1900,387,seq_388,9e6f1fe564679c4ff35c899feb0ac949db46eaac6903317dc9f6f15ecc8f7f4a
UViT-v2 config4,1900,400,seq_401,fbbe212a34c586d9a2fa5ef907da9d6f51b718395214321944639dc8604ac200
UViT-v2 config4,1900,406,seq_407,204a9ea8136f3a940b054284bcc91386bfa5d5d883b0c33d72fd8e3cdd4f0839
UViT-v2 config4,1900,409,seq_410,685f572bb0e99e65870dcdc38dae08b70a9894ae19b024f7985591c0b9b3a8b2
UViT-v2 config4,1900,410,seq_411,490b786f24a3eabc690c69ffe744bf227815dc5a247faf472721d20e52e289e4
UViT-v2 config4,1900,420,seq_421,92fea47f66c5c3ddeb6e991e08db316873c24c1c640631646ea7fb5e8ce35cf4
UViT-v2 config4,1900,423,seq_424,e6b2af3c35f7d967f13a652c68a2cee3d57b19ec8da3c5b84f419849147e2404
UViT-v2 config4,1900,434,seq_435,299a8dece2e0f7de3d01ca3d1f2f416058eabcce8f938ca3384cf64f4e9a3888
UViT-v2 config4,1900,441,seq_442,bc0b68fed0c1a8febf8c08aafde70091486ea1bfb83c753c0511108257373af7
UViT-v2 config4,1900,444,seq_445,9aa23972d0de70de3b70d62f56fc43248920876272f97cf50a65254109bbd0a5
UViT-v2 config4,1900,452,seq_453,26b68e5fd843b2cdabc98fca48507a84e4c8dd43bf369f833b397e8957c8122b
UViT-v2 config4,1900,470,seq_471,ffa0f39c76f41bdff0bff294421191a0c21dd4698c35f231e0ded1d57a1b2440
UViT-v2 config4,1900,472,seq_473,0cbebc6d017c32e73b35e1cc061d9664793448c0c3aae888bc6cd54634cf035d
UViT-v2 config4,1900,474,seq_475,4bf66f73004615945041fd6240955742a838e1ddd4fe1711d29b1214cc1029d1
UViT-v2 config4,1900,475,seq_476,1e4935073650da4cb246b742495f0fd167e591b833e5b595df344a7cbbd7f558
UViT-v2 config4,1900,488,seq_489,00d5de70836812d6234aea496460aeed60d0dddec97b13bd674a24c318efcf49
UViT-v2 config4,1900,508,seq_509,95bf551a5c347c31d2f8d815ddcb743eef44a7c6838d33b41176c60aa9aa413f
UViT-v2 config4,1900,514,seq_515,ad62eb5a47a4492bcdc9f3d7202445e36f66b5e1b04e487a80898a6b4b9e322a
UViT-v2 config4,1900,520,seq_521,d4071fa6e522f6750a69a21c5a06bd5169f054fdb972ee7f96cae558eeb0460b
UViT-v2 config4,1900,525,seq_526,3a2f6fdc183028eee6b033f4073bb2064e2fd11443d4f1879d20878a01faafe5
UViT-v2 config4,1900,534,seq_535,8821660d155f85cfbdcc30a760fd47117f53ef7bc96342e56b42dde1cc72e113
UViT-v2 config4,1900,546,seq_547,d580c863baae061134ab29efefb1091df51d51fccd5f2eb0600fded4d64bf34b
UViT-v2 config4,1900,588,seq_589,3babec9732aacc02a9bc4c69f0b70a3bc2d3fb85e3b803dc6be73932fe46edcd
UViT-v2 config4,1900,590,seq_591,6498a1134b92c6ca26a8ace2abe7dbe82c2c11e509d6e33920c9df2e19d8a4f0
UViT-v2 config4,1900,601,seq_602,baf3e7033b0ee3cf3c1816fef9ecfa1d6472475e443f27d700ab85ce5079fb00
UViT-v2 config4,1900,606,seq_607,b6baece33b38ca44ba526e0a4a3d4165bdf97ff6f344528694488d8ee3a34cba
UViT-v2 config4,1900,626,seq_627,87a7d79430612e2b54c2258e348f293210f3fd4066b08279ef05f2de82659a18
UViT-v2 config4,1900,634,seq_635,7cde36ceec554cd23a380cab407e8af98f198d840d1ad0b21e3e54b4bdbcfc0b
UViT-v2 config4,1900,645,seq_646,c1bf24e6c39b3a90659fe07d52a4b61b41cc36e5e4ac61ea5af3e0d1d1c580dd
UViT-v2 config4,1900,651,seq_652,802c5b04a956a5a2a80e6a0b5716cf5453eb2f61045ed7a849a7cb85e85d10f9
UViT-v2 config4,1900,653,seq_654,6dc17312d64674a95416fc36ef765f08af67ee59afc3e57330d30aecded0a7e0
UViT-v2 config4,1900,659,seq_660,3ca53878cb896db991e7c467dface058ebdc6f637e4a86d16c415173429f77d7
UViT-v2 config4,1900,672,seq_673,55535a36ddf4b89e8288b86500d48fcb0a16eb23ad9ad1ed1492a5461d5f0623
UViT-v2 config4,1900,685,seq_686,00dcd43abcbea505571017d82f2f02557df81e17dd5fc0e9dbfa8bc50e095c51
UViT-v2 config4,1900,711,seq_712,a1770351d06690ff51354c555a3baeaa94116f7600f0cbb25f1f761fcb840e13
UViT-v2 config4,1900,715,seq_716,9be5b2ec94f85302241acf9f888d27889fd3b6e8986da0f0afbc19c920649116
UViT-v2 config4,1900,722,seq_723,d25175dce797c57ab3ae1b4277cfa1274a3c4e4b92a0885c97886d16269f328f
UViT-v2 config4,1900,727,seq_728,bfb6b054512042363cdc5a7bd5a2bd9417a3bcdff49b2d4cd17f2cc1bf7aa4bf
UViT-v2 config4,1900,745,seq_746,e4fd0340040dba81e09b399e6e866be3c0be6f9e0265e79c5206531cbe1add6c
UViT-v2 config4,1900,750,seq_751,caa97d08a3723a6280ab0444befb404bd03e903cdcdd7d005ed1d081070fd7f8
UViT-v2 config4,1900,753,seq_754,aaea968584c4b016dd4562df07b92801c2b4f3fe997887689d2fa6f94d6c9871
UViT-v2 config4,1900,757,seq_758,39805d5ce2dc62e94e583398428fa1f8a79fc55a4d645c337cf10bc6f133738f
UViT-v2 config4,1900,771,seq_772,12095c390db59ffe32235b3c6ac3ac81963b19f31e0ff598063a1ae3a61aad5b
UViT-v2 config4,1900,803,seq_804,d7165cc899a400038041118b1d85ecdae950dc09e60f0da13e893c5ffaeffd86
UViT-v2 config4,1900,821,seq_822,864f60e8777f777d084adca78b01044addb1584b2e5faac92d5ecf2f646f4f17
UViT-v2 config4,1900,822,seq_823,63b07418dc5f45fdc2dad03a4616b8f530201fd03cf3a0999a9344569e50bc92
UViT-v2 config4,1900,823,seq_824,7e4491a45b4d969f454b9ad8731cf61b1b218e89faddc535186c40f93b08f1d6
UViT-v2 config4,1900,828,seq_829,03a70a2b8900f1943363351915411e6f7d840742bca3e00bfadd903450e8298b
UViT-v2 config4,1900,832,seq_833,4832315e07ccfb5e89f0092c8073d7a48fb2e3f41537cbd828b2ad4ae136f871
UViT-v2 config4,1900,841,seq_842,eed28c6e986d6c0d37044d353e1966fb37790ad48c51f78ad6a3d80eff7d7a3b
UViT-v2 config4,1900,845,seq_846,581282bbf3af88608c336833740b37ae70a233459c6521dea3db882202bef990
UViT-v2 config4,1900,853,seq_854,ad4686a45e92643f220e9d1edd21cfb00fa444198e0dd0ec07c51fa89eb7fe0a
UViT-v2 config4,1900,878,seq_879,4d377433d2237af611b3c4a8b409a37117f6e0fd9ed25ae13fe70f63ee87d745
UViT-v2 config4,1900,887,seq_888,560fd8ca1584c73c802cbf2ad69155b26d88f0ba55f764a601bb98f911162bf8
UViT-v2 config4,1900,888,seq_889,94d01e117d531b6fc4ab35e70191e90ca6734d9a1527388d2ee7094b6da0852d
UViT-v2 config4,1900,893,seq_894,db77f2547c9b827352249919e2ea4655210ee5bf45e7696e6d3c9b98ed20bba4
UViT-v2 config4,1900,916,seq_917,b2f55fecdb7536450c5e626a3e6fad41581326cb16cac09bcf78630ba1982463
UViT-v2 config4,1900,919,seq_920,6e8f7951cdbedc68dbfc5f30b87ec97b6aed0f2758ad51ce4a87cf3d49965f90
UViT-v2 config4,1900,931,seq_932,4ee2a27c04ca6000f864867137a31e3c17a11c9cd5447e44ea591896b69fe005
UViT-v2 config4,1900,936,seq_937,41c516ec81c617470046e28d588d216f9f7b00f6516be2970ab2036918313e89
UViT-v2 config4,1900,949,seq_950,c8ab74753e08fe551b22512878b0140da5be848bd8b5557245f7937dfea5bd8e
UViT-v2 config4,1900,958,seq_959,8442032dbad49c9ebbc230de294b6eb86f1f29f9c77d06bf627396f14535cee7
UViT-v2 config4,1900,960,seq_961,dda8bae975a88587f862f0b6bac5e0d04fb224e54b52f5dd82f035ad36fbdd7d
UViT-v2 config4,1900,964,seq_965,7b8fcaf7f92412395009df3ea92ebc4184ab1759ea3beadb21ff17e78f8c98fe
UViT-v2 config4,1900,977,seq_978,d6229dad4674902ff16c83de5070de24d847ae6995e26cf1d59bb5ffb6bc6cf7
UViT-v2 config4,1900,986,seq_987,226968d1260a02d8a777d7ecbbd8f63fd1e2a1ff42a9591645b71a6aa909a730
UViT-v2 config4,1900,993,seq_994,5da12db382d57bc87fabca0d160409ce431cae17dd6653984299ce49af5d77b7
UViT-v2 config4,1900,998,seq_999,39e91f40de1a88c6776ebf6b01b403c3dfec66d64c7ffd16fea02c915047fe53
UViT-v2 config4,1900,1020,seq_1021,570ed99be6d23cff5597a3291858742526159c19d7002e8b9e6af24f4f460ce4
UViT-v2 config4,1900,1035,seq_1036,2683c3f5e44b3343bdb758439cd0c00a27520d72df7146d7137cd59343f59b3e
UViT-v2 config4,1900,1040,seq_1041,d31a3b81cf480ea4c32da6ae60be03c45b3665b57d0943e01109539deca08cc5
UViT-v2 config4,1900,1049,seq_1050,f773b03bc3adb9bcd940963644666c1de0de59e8587bffe166caa4313b955644
UViT-v2 config4,1900,1052,seq_1053,6c1ac177127684ad810caa3f852f146b4835e0ac3884831562e9f9628f900045
UViT-v2 config4,1900,1070,seq_1071,695cdfedfcdcea13a732e4a184cd970dad67baa961a3307c895de26ac132a8a2
UViT-v2 config4,1900,1084,seq_1085,addce93c892eb27bf69539390e0c3e745f7f16fdcfdb4226d01aaf173dfdf9c6
UViT-v2 config4,1900,1104,seq_1105,869d7d642854eda563c446bcb05c04b9008e6ce2ae1293918d2f2c8a6a121977
UViT-v2 config4,1900,1113,seq_1114,e27272352f9c9d8c9d63ca51e721c8ef47c2e883464727b040dceb591538c624
UViT-v2 config4,1900,1121,seq_1122,bfb21f797e9d85930e68e77562a72c822a05d11487683e981f27e93745d6514d
UViT-v2 config4,1900,1122,seq_1123,bc0ab9b2acaaad1daa672f0c562d1fc05d1de8d82a22822bbdeb6d157f26a9af
UViT-v2 config4,1900,1124,seq_1125,e259e9c8d99d50dfd950f613b8ccd09fb7da7ca4ec74672b2fe6a5120399065f
UViT-v2 config4,1900,1127,seq_1128,d15e872172ba74751e9c4034c9dfb48365f94f53ba8d51d1ebef156f13a45b91
UViT-v2 config4,1900,1129,seq_1130,bece234cbffe54d19c82a6438bff21306a4977f25ceb2195b9d6b3bfaaae4794
UViT-v2 config4,1900,1133,seq_1134,6257426670098ebc6c89d097b76627b7d9a3d6b244a8d44a50c41809d2b7b1ef
UViT-v2 config4,1900,1137,seq_1138,1a4715f85a9584ae82dffb41c8c560a7bc51eeebc84c176f292603e93e3cc3a9
UViT-v2 config4,1900,1139,seq_1140,63c307a1fd1a42645e0a8f76e1176c2c18a4f7130d0e5a0c4059c5117ea1a395
UViT-v2 config4,1900,1143,seq_1144,ade501c8b66de35f05aa8f98211867708d2fee53695f9d15743e52f89f447832
UViT-v2 config4,1900,1146,seq_1147,2817e95c0a01659ff622875a50c81191f5823a216823ec78377ee1bcb25ec12e
UViT-v2 config4,1900,1160,seq_1161,1a25bb926a4806a559f61590a1b5ff7c10f4d14711428047696b750dd20a0a96
UViT-v2 config4,1900,1163,seq_1164,243bf61ddad257627463ea8d96c77c4a93a64deb92f3cc90e7da716fa1cb8e70
UViT-v2 config4,1900,1166,seq_1167,f996d1a3dee235ae3663d91ec432a27868fe3e548b2416e734dcef7e5110a990
UViT-v2 config4,1900,1169,seq_1170,73845c08e7c98d3f186ae8dd2655a601d8a2039d80d3989fa045500c7588538b
UViT-v2 config4,1900,1188,seq_1189,cfdfd391d7d6e7237035ed4e73c7cb976ca081b449bf4f33abedded62e5def82
UViT-v2 config4,1900,1193,seq_1194,286ef1dce0196037aaf8d0c0665c7c9f6a7d07fcfd21dc240e3b19e356ee0c21
UViT-v2 config4,1900,1200,seq_1201,9675225466d82e3ec0e349575a70bf41e21847c30b35958201a69f789495e469
UViT-v2 config4,1900,1210,seq_1211,e4d28ad4888b6f430e86cc9ddb16e077bc5a0c4710b6a7003b26f72ab97bbeaa
UViT-v2 config4,1900,1213,seq_1214,68eaa332ee6d17a7328bce729521da009b91d048652ddcaf2a89133b074a3ae7
UViT-v2 config4,1900,1225,seq_1226,caf0574726e5ae355f34ec32ee442d2572bcf5255b672a610de0269f2a3e4b9b
UViT-v2 config4,1900,1229,seq_1230,e90464d5a6f78f76bd6841e79bbc06e83a4c3fcf3fd6b66cb38f8a22315d3962
UViT-v2 config4,1900,1232,seq_1233,1bdf50034f9f138333b3bfa559a955f6bb37db8e36ec96544997ca4794055cbf
UViT-v2 config4,1900,1233,seq_1234,13b639ee8c60e25d9b821d97df818731b8862f46a2829dce5b9fe24381090e42
UViT-v2 config4,1900,1235,seq_1236,03784510b516776f00070c7f1b8fa9478a16725cfd9ab9b971c1f0409dfe8c71
UViT-v2 config4,1900,1245,seq_1246,d7495bdfc1294813b0d03768df526aa86a52310d8d2c12870b2124f3e27519fc
UViT-v2 config4,1900,1269,seq_1270,dcb5edf8f4ab57d422f710b34f7857c868517a8d817528fd92341bc711f946ad
UViT-v2 config4,1900,1290,seq_1291,82ccb86b7ec9a40f6ab765cbf441fb749ecf21cbc1977feaae5584a866cada20
UViT-v2 config4,1900,1291,seq_1292,59dceac34d2384a53c9c53e8d30bdc40d4793145486037435ba6f77619dbc59c
UViT-v2 config4,1900,1293,seq_1294,b0d72bdffa9d2a51f2604132071653179e4eb11634dd3cc87d44eca0fe48dc1d
UViT-v2 config4,1900,1307,seq_1308,2613a57b536da74ef962aaa3cc60635144d62d0d1ef66ab0c7fc5dcef629d22a
UViT-v2 config4,1900,1312,seq_1313,4d930a365cd6aacaff4f3809696d6e14195989ff9d9a52b110dbce1ea8dfd333
UViT-v2 config4,1900,1315,seq_1316,5f96a4b7b46ed0d6e9fa48aa03c0f8dc17dc3bf6a9c79cecf2a07b5c71174eed
UViT-v2 config4,1900,1317,seq_1318,d9aa38c40b023ec01e67b2cd334e6eb830e75a69f8b527491ca533a7b52f136e
UViT-v2 config4,1900,1320,seq_1321,fb6c1e3374ed81709435a5b7ef29aa90cc0aef7c839d391de863aa13777dd38c
UViT-v2 config4,1900,1330,seq_1331,2e15c9e32ae234fcc4dc004e4d8f6f44b2e0e3c085a60ea23a0eb3c39072e0cd
UViT-v2 config4,1900,1341,seq_1342,370cce5222ef573bc4d3811b2bdf03d628b0b769227475f40cbbff4f0a174d33
UViT-v2 config4,1900,1343,seq_1344,4c450665cacd682e29e522cdc88710d4e33dcbbb089373499287e277c130eae2
UViT-v2 config4,1900,1375,seq_1376,4109107ad39e235ad2558303d27f4487f2c0e974e5b376c3810d7fe99e120847
UViT-v2 config4,1900,1389,seq_1390,393c0ebc02cb31e01e1bf125d771fecfe2b86925c5f9fe7e399a8261b1bc6fc8
UViT-v2 config4,1900,1395,seq_1396,9d62afe158bdef8dc6bf9de240578ef3122dd263f0872ec9b96690acff13e60c
UViT-v2 config4,1900,1402,seq_1403,de459106eafdaaba5bd7e9f29d1994dc47e02a4673c8f4ce766f10d2e1d7fa5c
UViT-v2 config4,1900,1403,seq_1404,0cea204a809b28b0eda55afc601210f38cf774e9127bb49670b99c17deb4c513
UViT-v2 config4,1900,1419,seq_1420,9b4d93ee975ff00451b6110e1907f49c1d47ce0e62a304289dbebcd9169d256e
UViT-v2 config4,1900,1424,seq_1425,b90a1778c26882b48672d1b10a0e5341a71cf377a6db36ddc74ba5c174bfca26
UViT-v2 config4,1900,1442,seq_1443,22ba91c598ccb396300e7411bf4c53f98231b98a5c209e913a3a8f3c241a6bc9
UViT-v2 config4,1900,1476,seq_1477,bb98d45d193249d04fceccadcf59c637b443023a898273660aba961ce4c82a30
UViT-v2 config4,1900,1479,seq_1480,2f10c5c96cf34b12df1337c32239cdcbec11a545662acbecfca177a9309e97e1
UViT-v2 config4,1900,1480,seq_1481,84a26eeb47745a0e1e36a2286496ef4f5d7663406463bfb52aeea719b60421f5
UViT-v2 config4,1900,1489,seq_1490,5825593d18703d4dadb87b20951773956c548111a5be095e57daa0ad216632a8
UViT-v2 config4,1900,1494,seq_1495,d246c0c60c6b2f006e60cf60730195b901bded6219fae7161021732481301187
UViT-v2 config4,1900,1496,seq_1497,85b6dc76ff8e9de9915c8d7ef1188792034db7e615d90b55543d68a0724c5178
UViT-v2 config4,1900,1512,seq_1513,75736cf9130c2ebc094db8344f24a0df3ff1bd6dc8af37dabe6260747bc09ea1
UViT-v2 config4,1900,1519,seq_1520,3b48b86447b11dc07cb4f1bac963398fefcaf1a0770f32b23a7ac86d16f96d5d
UViT-v2 config4,1900,1524,seq_1525,c5e74fa3c8c96190eaf9f7fdd67092a4a95cd287fb6387029c4243daea591cd7
UViT-v2 config4,1900,1527,seq_1528,07371c7b84ac43bf2862e6e6c6812e93e3e13756270cf4ff7d6b0c9b995743c7
UViT-v2 config4,1900,1528,seq_1529,e196d276f108bd6dd8911274c84a858dfb1ff1da83acc866ee8ed9a75af0eb8a
UViT-v2 config4,1900,1530,seq_1531,b54a941337b3e0ee4954f9a0c08f2749df723b64e6a806f15740543bfd3656b4
UViT-v2 config4,1900,1535,seq_1536,9f43a1dd2f05812bbe1d6d1f20f06b0b1c5bde4ba0947919ea743456246fa1a9
UViT-v2 config4,1900,1545,seq_1546,ff245d0abd4646dafd7a45181db67e3d82dfc7abf75177c3b952ac6c5c735992
UViT-v2 config4,1900,1584,seq_1585,9dc28d52af2aa2a838813060632641550cec06d4b409f26f00cd8b9a03f7daa2
UViT-v2 config4,1900,1588,seq_1589,40320e1f76b4d657514fd6be0a59289c500e64a1074c0a45981f40b85d877378
UViT-v2 config4,1900,1591,seq_1592,cd9f6608856087d8e70769bf0b98500276955545f15c549bd4e3a141e06e29e1
UViT-v2 config4,1900,1604,seq_1605,d5fc910f6851cc81f0ae2a838f084dcbac8c22c22208046874b314ad1ef9d2e5
UViT-v2 config4,1900,1612,seq_1613,7c39fa103559bb9d30e1c1ff1ba2757de6940113bfcbc15724469df0b2562224
UViT-v2 config4,1900,1625,seq_1626,0ac587907ae25ee716384981aa5b6ef3e7795460feb53ea9ae742295a2aaa6c1
UViT-v2 config4,1900,1633,seq_1634,b5b32c38cbb74149e5577ac9ca31cb8b49bf9eb9d64fe76c8c3557c79e542f05
UViT-v2 config4,1900,1638,seq_1639,837c13beb2a06ac019d93eedd69ba5bbb5957b83bf8204e4c1f86715a4b1edcf
UViT-v2 config4,1900,1644,seq_1645,c80a5361c3778883a840114457c7e66f16804a841f3d5edf10ce30114c3016e3
UViT-v2 config4,1900,1646,seq_1647,1b4d0519cdf46020535bfcea1ec6c6f2f71f4b2a91f3b100bb1508bef635c8b6
UViT-v2 config4,1900,1647,seq_1648,9189ac6efc31e2c92485f27bcb29ed0953145b64ea1da027016d87710946e176
UViT-v2 config4,1900,1654,seq_1655,dab08b145ce755fa00221288657b6d67ef0ff8e405b9cab06916613fc5580f57
UViT-v2 config4,1900,1669,seq_1670,11c906888f9fa2c4c45db4d8a308e895459b20eac1f2377f1ad745b38f3fe3f1
UViT-v2 config4,1900,1674,seq_1675,5936e9c62b64963b9c58df4fdbf1d1f0d30262d2f9a8a3157f89e322f186fe89
UViT-v2 config4,1900,1679,seq_1680,b38a856f6916fd93a6a1716b210e6cfc063c974cf06a151b02e196f9fb826ce0
UViT-v2 config4,1900,1680,seq_1681,f680cadb2e5fe26a4564fcdbdd67d6a442939c4b86019eae244a2486c6787ff3
UViT-v2 config4,1900,1684,seq_1685,f22f53aa2063b9769e6376f163d6f4b2a1d2671b4aaecd693e1b0d3d3efca844
UViT-v2 config4,1900,1697,seq_1698,4563b2baa68f8ebdff115d975cb8c1f3d0eceafeb87c892972babf829644d7cb
UViT-v2 config4,1900,1713,seq_1714,3a16ee3ef9a5e0b8b38c38832d187d28f79c11e38c44d9eb3a6f4712992c7410
UViT-v2 config4,1900,1729,seq_1730,3be02d31d598e649e2000e388a3a585dceddb1180c095a3af48ef7a3c8ce6ae7
UViT-v2 config4,1900,1743,seq_1744,0848e5e7589bd42c3370c56a33aaabbce7a03d4c487047266ed96300479b35d4
UViT-v2 config4,1900,1746,seq_1747,7d6ce39b0a336ec0e852f622e0012402ce76092b7c470aea975b5398377275ac
UViT-v2 config4,1900,1747,seq_1748,5e4bff451e5d5b05a5a3fc2b30466a582f5f2cf4a9a2aed378ec8675bf01c98f
UViT-v2 config4,1900,1753,seq_1754,b88e84625b7ecafd3ac8db977602c4091c96c242064aa617ae3e99ef60887181
UViT-v2 config4,1900,1771,seq_1772,01d0a71a404173bf3ae6aac2c6c3c7a838f6ba8a331834e93a1e96bd27313cbd
UViT-v2 config4,1900,1775,seq_1776,116027ed28ac38bc887831c9d4dabf12688e9c2e747407bd324bd42f5d9dd8ff
UViT-v2 config4,1900,1776,seq_1777,85b65bd0bd38e537b427b06fec32c1fbfcc850f6e41e48707bf8746553e2536b
UViT-v2 config4,1900,1790,seq_1791,b2e6460a0a36040c242722a2010c07651e28196c1e1a1b4c6589cd0c6d780a52
UViT-v2 config4,1900,1796,seq_1797,cea61800f4d0183c36753f7d809615ff9cf9954651e7f0430e7d24c1160058a9
UViT-v2 config4,1900,1824,seq_1825,4dc167999ea005231809ef667251767428ef4105251aa88daf407cde4f7402d4
UViT-v2 config4,1900,1827,seq_1828,01732f4345a64ded3b67da6fa9a32761ab4595a6791e2284d47868048d621002
UViT-v2 config4,1900,1832,seq_1833,b951c20e453b63089f26bd7280049632a36e8ce5016d8343e2144d39af8b9cb6
UViT-v2 config4,1900,1858,seq_1859,fd3145b7d9dcc27d96d77bd48746312373974487627759c53136eaa78b0468b8
UViT-v2 config4,1900,1869,seq_1870,ff53bcdd474b4b9f8944c3b2c2e490a6f4582e08edaf4b2fd3a5253225556e5b
UViT-v2 config4,1900,1874,seq_1875,e0bfa22ff2b9a0a3ec227218b61d60f5b3ba09dc1146816bad4c0be5036503ec
UViT-v2 config4,1900,1876,seq_1877,f49b64557d080f79845097f27851205bd47b1664b0c483974b0830ad54c646aa
UViT-v2 config4,1900,1880,seq_1881,5355d33e2b734f83873131c6f79f1655763622f92d4962611bb71725e397df78
UViT-v2 config4,1900,1886,seq_1887,6833dd8488628ba0423a995f908be3782137ec2086cc61fd7781641a032719cb
UViT-v2 config4,1900,1889,seq_1890,2fa9a02eb60868dcbd2ba27c01502021d7bd37ad4bbd7594d5606cff80ce5e81
UViT-v2 config4,1900,1891,seq_1892,67249cc8286deda45566febe6c6c4fe8f536fb39827b5d9b6f38d079cb014544
UViT-v2 config4,1900,1894,seq_1895,acbe4d2d8150adbccd78ca32902a57a6363c601da5998d54a2c90d0b2e7a2bf0
UViT-v2 config4,1900,1899,seq_1900,07181ddef6b818d184a8415651e0fb0e0e0ae525ad7922477c2c28b5e639cf18
UViT-v2 config4,1900,1911,seq_1912,6aa12d168f877ea1b00aa4397ef1866d826cf3201b5e462b9828b8fe78804f06
UViT-v2 config4,1900,1924,seq_1925,35ddae1716d940f332ae76216b67005e152fcfc9c40db1b137e0f0698ce54fe4
UViT-v2 config4,1900,1940,seq_1941,7d536370396cbd314217f6f3bdda622a5b92b13615bcba50634f61d68d301b48
UViT-v2 config4,1900,1958,seq_1959,70f1a4ec308ebbf150e90d8132aca76feb93c744839e2666626c0f1f38a33166
UViT-v2 config4,1900,1964,seq_1965,3e16c0de15eaf137010bb5e381db970d5fc66730fa714139189415048635dc20
UViT-v2 config4,1900,1976,seq_1977,f9e00472986c55bbd034e510d8dccd33082690dbcef739cd83cc3ee5d3ddf800
UViT-v2 config4,1900,1982,seq_1983,d170d57dae71bedc1142cbb4f46d76c8d9cc8accd18ee594c4bf03ef19a44b56
UViT-v2 config4,1900,1983,seq_1984,c35f8a90207d58b3b6585752f21a8aecb2b9b6386595f6deb9a530c4dd7d8bd0
UViT-v2 config4,1900,1988,seq_1989,3aa3ddcb6a87a8528f80b51263d2c29d19305d557c41746a1624e79b84e789d3
UViT-v2 config4,1900,1989,seq_1990,fac596d79adb7aeeffac42e435b18f4ed9c2a3bdac7d541fc5abdf6f3f89290f
UViT-v2 config4,1900,2024,seq_2025,ee2c7cdb3c7f22d7026dfc19a96e4a8c7051c7c230a646d6a3c865c1b6e3f779
UViT-v2 config4,1900,2037,seq_2038,afe759b214632cf70d3a9762063105a187534464712cec99e5513e328190b998
UViT-v2 config4,1900,2041,seq_2042,e2bbad78d4c8d217668cd6d1127a1871e2104751d81d945717af28c01d2db1bc
UViT-v2 config4,1900,2045,seq_2046,fc98b1361e0d1e70e65779f83284c2c8986c411946da4ccc08eb033a44a39252
UViT-v2 config4,1900,2060,seq_2061,2964e6a5f7cc8bc6a7270215791bb14316c708d6ef1af617d13a2cf45e5519fb
UViT-v2 config4,1900,2068,seq_2069,688828b3d6df71a13b4939ac07bd3a049377f7a147e2612d9016d72eee94101e
UViT-v2 config4,1900,2073,seq_2074,900047f07e74ddf4114b4035fb9546a0dea284968774fe26882c475d0b85e284
UViT-v2 config4,1900,2085,seq_2086,415d5bbf86d18871fcb987fc9e052d8b279ecd39e852aa5750579677262cba09
UViT-v2 config4,1900,2088,seq_2089,51f188e72975932ab14199b75b2973f2d2be7bd8c1a456e6961a818587a3e084
UViT-v2 config4,1900,2091,seq_2092,d9b46d9c23aea0d1a2795b534a857a6f6c0275686b5dc124291e32b863c2de35
UViT-v2 config4,1900,2103,seq_2104,332e90591329e161f4bef41e981775edca97719043e201f07edffb40f6fc5547
UViT-v2 config4,1900,2143,seq_2144,4657e9a6a6a59c00f721f4d9868c9073d707db3dfadd4fa2ed784e2fcffe3167
UViT-v2 config4,1900,2144,seq_2145,f7e2c9a226ddc5dd528cd2cb8f1d50f9892f3ce15db8380dba1c017449b1dfcd
UViT-v2 config4,1900,2146,seq_2147,42fc77a35ff9688331d45cead0720b4171f8f6b47217413873fddf414912b2a7
UViT-v2 config4,1900,2153,seq_2154,b4e969b3145fab5a513da39332958d9be4074790119246b41388d7137de3e4e5
UViT-v2 config4,1900,2165,seq_2166,3ecb876c23ef8def8ae30d7d0c2daa5ed2c62e26b7612c654abce1af54d697bf
UViT-v2 config4,1900,2167,seq_2168,11f13023cf7155e074b9dafbcf08a0f630ec4301f0c3909f8c1a40175e08b38e
UViT-v2 config4,1900,2170,seq_2171,1c95858a52836114e0eb1f3e161421a9ab7f4f874decb7b8e7670cec3bf3257f
UViT-v2 config4,1900,2184,seq_2185,783e3891739017b050d719f71984d09cee2cdada641883ee136eaca95944cb7b
UViT-v2 config4,1900,2200,seq_2201,99e4bc04d6443d7d2fcabc9157c37b69b433ee4481dcee673845c11dab52d761
UViT-v2 config4,1900,2223,seq_2224,a6378eb5072befd3e2f56254962e43c7784f8a61db2a1f8f1805b5ef870402c0
UViT-v2 config4,1900,2236,seq_2237,d6e62e61a0712e8b1ef709f64d81af95e5defd28b219060b1d19a00e7c36867b
UViT-v2 config4,1900,2240,seq_2241,6c59e709a4a43b1c08eb2cf91c08637e7a8fde4e18df303596754a6932a8bb01
UViT-v2 config4,1900,2266,seq_2267,23e75527073ba91665c712346fbd54549a11b2129cc79304e0fc92ae6b40880c
UViT-v2 config4,1900,2267,seq_2268,983d63b9c4ca486f382927a9d1694923cce059ca7a9fe47029baa51da5cdb53b
UViT-v2 config4,1900,2286,seq_2287,9525f9963832cd2aa7b4d518f6d551777971e3788c4aed532abcd74acfd28f31
UViT-v2 config4,1900,2287,seq_2288,d00a41770119124d4c9878b196667f531805fb57fd7c5c207a11542e0ac02358
UViT-v2 config4,1900,2296,seq_2297,7174f0dba7f74fdeeaf392e0e5dd3d9e74d48fdf9161677c27fa30a91b5c90f7
UViT-v2 config4,1900,2306,seq_2307,42a3fb5015540be30fb57f3f3a284c73b0794d51633362ba21448b4e9678a9a3
UViT-v2 config4,1900,2330,seq_2331,63a375a6a092ff1c12dc55388238ebb3edc41560d95dfb820a437692d88c6e70
UViT-v2 config4,1900,2340,seq_2341,94c0fbb076056448118561a26889f8271c6e3f1bd0304f1988ef8246472ace74
UViT-v2 config4,1900,2344,seq_2345,b66b38a19e2e9aeb1d942bf8ca65d294cadc488584690e6ded67b9186ee4db6e
UViT-v2 config4,1900,2361,seq_2362,409cac5b12566af3c09d84de22063f822310033db4161c0fc5d8dfce26eaffeb
UViT-v2 config4,1900,2369,seq_2370,80f87c282b6f752de8b7f2c2e3567dce94e6613c23c0078bdce3c6e46893df42
UViT-v2 config4,1900,2385,seq_2386,eacf0abf20bbc63ffd25d0a4abf0a93ad1cb7ab5d2514f2aee1ecb4197fda4ad
UViT-v2 config4,1900,2414,seq_2415,4190e104c36d815df32ed88b93ca30c77a48dcd574cf624a21a96f500dc600a1
UViT-v2 config4,1900,2417,seq_2418,9d7ccf1281d5284107935f312a3b833eb1c186008a74d4ee58edf28b17303c91
UViT-v2 config4,1900,2426,seq_2427,d8182ab9d26b6e025938e82156f06c70f6ee2f9c6a73c88015e3902b8e86b910
UViT-v2 config4,1900,2434,seq_2435,793a36a25adb0a1f5963c96b9ed9b9e39db5faf6477190b306b2e1206ebd5061
UViT-v2 config4,1900,2441,seq_2442,8560cbc7b84621795a2578f1a30a636a29faa2dfb2b12df09b3f342f200d5dda
UViT-v2 config4,1900,2442,seq_2443,d97186d08d582e87537f833f15f186eacbdb67333bcfda162e6d20487c2775bc
UViT-v2 config4,1900,2444,seq_2445,9295a7c56359d8fc3b09d2b408c56ad25924c21ce0521de39a84a0b8095a8a84
UViT-v2 config4,1900,2471,seq_2472,8f60483ae94a60a26bdaa96109681ef0dff179a115f8b882bdbf08f77c22f45d
UViT-v2 config4,1900,2485,seq_2486,8efc568397f3cbbaeec2e2038427a6da34eb51e9c4dad40560da2820384cfd75
UViT-v2 config4,1900,2492,seq_2493,45071da061ea880259de625b6520c62ece95874ed07da5f95f8a699ce5b6ddd9
UViT-v2 config4,1900,2496,seq_2497,88dd1a88a9ddc47f4d224a8a014b7ca42d2f56e0f734a99cea507b854f93daf5
UViT-v2 config4,1900,2503,seq_2504,84ce91067700d5ff3b552b0ea6584b93b751509f291e44695ca62d88b9cc8323
UViT-v2 config4,1900,2504,seq_2505,19617cfdc2ee1701ea3a8756e37b56b07c6f169971263532a7617c5464215bd8
UViT-v2 config4,1900,2506,seq_2507,905ae19e75ce81b77aca1e19dfc2083d511effb4d5949dacd2475b454fce8a98
UViT-v2 config4,1900,2522,seq_2523,baa56fe8c56e1e0fdc7c4a67e22bfa03c54fb426f3cb1fcd021f754d80beebd5
UViT-v2 config4,1900,2529,seq_2530,8fb1a4ae76cc64704eec1b12800b812e53df25ea2ee11840fc773e33d926bfb9
UViT-v2 config4,1900,2532,seq_2533,6c9f5a8c76657b39faed1259efcae58bf8d358f508d81ff2b6b618d9de3f27f2
UViT-v2 config4,1900,2536,seq_2537,14ad6261c8402d9d9bf0309afa2a52b84785458b680b7aec0bfe4d7c83de4941
UViT-v2 config4,1900,2546,seq_2547,31a0b53204e41240f428b3ff108b47edb1a7296d542b61f09558338ad4e85b30
UViT-v2 config4,1900,2547,seq_2548,cc4596d09e9a14928f651e31e46ed0e0616c5fc0a69f199e2662c0327f60bc4e
UViT-v2 config4,1900,2564,seq_2565,782835a92509fdd9085d8f90d82be74fa9a335507a6282b2010c81ddbda24c9c
UViT-v2 config4,1900,2573,seq_2574,d6080c1b2e35a2b3ffc76f41c991efe64ab4a16ba6c95660c55babd543a2cd20
UViT-v2 config4,1900,2579,seq_2580,2ec4fde1ac4206551b54f20912b5e9861b6b25e4937d75f414bd2ddcd048cabd
UViT-v2 config4,1900,2584,seq_2585,35dc57dceab706fab0d39ed433e2cfdd926932dbed6094ef014bd7d96df6b0ba
UViT-v2 config4,1900,2588,seq_2589,fdfce45440453fe4a54eb7a77479a3f5080c97816571ea5688cd23afc96f1e33
UViT-v2 config4,1900,2591,seq_2592,63f145ee3fb3a10b4791b5237c408510c748294d9bdb81dddc37b7f1964a6cff
UViT-v2 config4,1900,2594,seq_2595,f4b484f0974d1c14ae744f01a452e4fdf882b160a8122adb96e0cfd9783a7c67
UViT-v2 config4,1900,2607,seq_2608,f2b2d58d10f3673655c4fb33dc6863b8c292fc968b77fe3a4f1d78726ed9fd73
UViT-v2 config4,1900,2608,seq_2609,ec5661f847c506971471e2c515455ee9b11172c674e24ddf90cbbe8eb2d3eaba
UViT-v2 config4,1900,2615,seq_2616,bae41c44f3f19e5accbd9c1407758b2199194bf399d40fc3195e5c86995bec2b
UViT-v2 config4,1900,2621,seq_2622,ba61e17254af792882e8c01ee3d67ddbffc7548841e98e39ee6a2734a9402704
UViT-v2 config4,1900,2634,seq_2635,92ba15b8e2e31039b15ae186de7215ad579ee04ba4de4a3bae4ca27e7969107e
UViT-v2 config4,1900,2646,seq_2647,3ecb2c75364592db287adebe04cc243596dc4848284f1f2ff6deafa3ed966cf6
UViT-v2 config4,1900,2647,seq_2648,e60c9470d72315b0ad67320a68316b7421406371ca32529c3172c9362b47e762
UViT-v2 config4,1900,2662,seq_2663,f17b00396b76e955294750b2301c5106511ad6a4539c98420274b9827f46a4b8
UViT-v2 config4,1900,2664,seq_2665,e5e8a230a9b5608090496586d2679005f97e2ec709fd5617937e7ec7b5dbecd7
UViT-v2 config4,1900,2677,seq_2678,a7074d5d1f6edab6ebca203a04dc51e45052089f7919adafea3f4a8c08a0d328
UViT-v2 config4,1900,2683,seq_2684,a4a5e3bd8e8911bc3faa638de73d128617bf54eaa75cb08646c3c1f499eb5241
UViT-v2 config4,1900,2695,seq_2696,4e24ac388c3c54dfa41379e045b8ba00cea3602826500247c73a3f0fdf928827
UViT-v2 config4,1900,2697,seq_2698,483152bb94498019dbff77a8bcb76521d5c707e804a5f5a90db6e9f11af8b8ab
UViT-v2 config4,1900,2704,seq_2705,6569b333ade8326a2261a6a54fc703c241d234cedfd755088b4de6e987540ec1
UViT-v2 config4,1900,2705,seq_2706,76011f37d2f0d13b1f8569479498fe952fdcafb1e59c98ae1c51eeeac003c30b
UViT-v2 config4,1900,2718,seq_2719,2c8526d98045a3d5ff07d0fdbba4caadc23414c0c56758a5c1dcfd24d3eba684
UViT-v2 config4,1900,2724,seq_2725,24cbeefb66c5a2029662681c73bd504932f5cdb643aff0ab4f32a637f873a42f
UViT-v2 config4,1900,2725,seq_2726,9d2bb0469c284f83b57cfeacfe8f702417b8b982d17f50836dda91e87b6213e6
UViT-v2 config4,1900,2749,seq_2750,19b7b88ed5189e5dcd6940f9e9a49e45abe16c59d0e27077bc429574e1e673cd
UViT-v2 config4,1900,2780,seq_2781,378e06160dc8dc9e17ac674fbc18af99db364a7471e83489073bb2bdafe704d0
UViT-v2 config4,1900,2785,seq_2786,0f084a10a171f4ae7118a4bd925ab65a28793389db9e174a9e4cf28956b5cc3c
UViT-v2 config4,1900,2803,seq_2804,bf33ca6231ad3b0274858b168636f7837d634970643f6dbefadca41c6e509594
UViT-v2 config4,1900,2847,seq_2848,d24eb0503bc3cb6ec0960068007756a255e8fd7871346c02038bcf4804ff9d44
UViT-v2 config4,1900,2851,seq_2852,ee97b53e0ab58d2b87aef965849301dfd04b6a22a84bdfa6a7d97d7efdcca050
UViT-v2 config4,1900,2868,seq_2869,d544a40d16e383f6846a2c17bafd4252ed9c37f97c60121915b47f8a1c34189a
UViT-v2 config4,1900,2870,seq_2871,a1e9730dc5e26e0a6a2391d9684ce224fabb3b461203ea97e1d6d452a1eea3f0
UViT-v2 config4,1900,2877,seq_2878,265b0ed1cdf57e6ab13a69176d8da4d9c61aa6e22cfdd1206ec7315b6100908e
UViT-v2 config4,1900,2881,seq_2882,1aba5c5be74b4df1ac95ba06f32173eb11f562fc7b480ec046a91e4400924918
UViT-v2 config4,1900,2885,seq_2886,cbd6c9ac5f40d927eaab8d13c3d98c0b7c3a2933e94835a7b048d0b0ad73308c
UViT-v2 config4,1900,2900,seq_2901,bdaffa0b4581e80282be6d2b62a2a51451473070a88e2dd091b5afe45201c2d0
UViT-v2 config4,1900,2925,seq_2926,a990531ef207cad8bd054551a3a15f3719cc6e7d5ed140a250a35506ea51325b
UViT-v2 config4,1900,2927,seq_2928,192e01192a69fc9b47d62ac663a0873869ad48871796de465de693b558a0e66a
UViT-v2 config4,1900,2938,seq_2939,e3d1dd5da9ded770907fb45091646a47e72062cb3ac565c800836a84ef20b9f5
UViT-v2 config4,1900,2939,seq_2940,f6b970889656df60fca21fce22164c24a856077012829cd911eb07afd2e4fb91
UViT-v2 config4,1900,2950,seq_2951,069d29faeb4487e850f62b235134fe9d6d23938e12994176dcd6ce4aa163e887
UViT-v2 config4,1900,2973,seq_2974,a5076f74d62ae7480a498ce976b01a6430256582a612f90a4f90755b9a734bec
UViT-v2 config4,1900,2977,seq_2978,109218668670f15e8a76971af9e3457bbb062c0072a6f2b699f691890c174f04
UViT-v2 config4,1900,2979,seq_2980,670ee6677f18982cd54874337e64924a03105fd2c87356505e695d8f570aa2b6
UViT-v2 config4,1900,3006,seq_3007,00329c6bb4c7916027d5ccc9237aca93946838dbb0f32dcc916fb2b348314fd7
UViT-v2 config4,1900,3020,seq_3021,9c437a5589dd013edf1b651dcdc949d6847ece7474c71dbdbd89126647979058
UViT-v2 config4,1900,3033,seq_3034,ee9d58716dcfda629b9a04ead4a366c8b170e120a53aca799a885d1c718473d5
UViT-v2 config4,1900,3044,seq_3045,d67154a686fde72d43ca897d3bf4838490ca69276e72197072e04a816acd1624
UViT-v2 config4,1900,3073,seq_3074,75751c18ede95bf1b9c62ee8232c65a7472b5a7c7aafe11699b3b19e0cfdcd40
UViT-v2 config4,1900,3090,seq_3091,b1813ccd17a17ec40f1de0d08063522055125abf5576150c0a9b4cac502ee68e
UViT-v2 config4,1900,3111,seq_3112,abbcc494f55d94c5cc2ab0b4f8c2c9f360c45050c50be49df2b5de8864a42ecd
UViT-v2 config4,1900,3114,seq_3115,4288ca3fff391c541f0d0aeecf27e27e1af1d0ebeb6dad4b1e0a835313634d20
UViT-v2 config4,1900,3115,seq_3116,23120452dfda510461426fa72fd4a57acc3be0f4557fb4960a5af034457a0998
UViT-v2 config4,1900,3116,seq_3117,697f14506347dcf8a987fb8f592ccf03386423ca764985af248d91a0d498d479
UViT-v2 config4,1900,3119,seq_3120,bcb01c87a8a0a0a5c9ed2bad0aedc42e79667e51d6554698a331ffc2bbaf4a54
UViT-v2 config4,1900,3122,seq_3123,05a06abf4e02b67427f1d55c68e348f40ef0851802387f13c91042708a28c139
UViT-v2 config4,1900,3130,seq_3131,da33fcbe6f52d78f42091d7d7255fcd43e25c06b2fa5fea066e8e17fd880c956
UViT-v2 config4,1900,3138,seq_3139,5ae529bec494f38defeacd3674e49dc852182ccbcffd998c9a0b2a00bfacc6e5
UViT-v2 config4,1900,3139,seq_3140,99d6f94a3bc69ecdfc010192a09609c9fa862c63ca7f713ec548871ca9aeb53a
UViT-v2 config4,1900,3143,seq_3144,cacb07da2a32a0e66d2c9ca5e999dcafc426d28dab8bb85c0a961fa14bbf8f47
UViT-v2 config4,1900,3150,seq_3151,4a52701a01757a9b880b480c69d49f0240bb4e86bb367fd9f8e8d432a4ffc93f
UViT-v2 config4,1900,3155,seq_3156,f11562932fd744236a273971805721231b7e60c47c17515c1cb3be82232232e8
UViT-v2 config4,1900,3164,seq_3165,c8a1a4e8b826f577baa0411d5eef41b729ad3f2782506d7f96a27897ada76706
UViT-v2 config4,1900,3180,seq_3181,983dba9b9f1f91e5cc861b4fa763f7dc01d28075f563adde8113343f9465f734
UViT-v2 config4,1900,3185,seq_3186,9d466e3e9c0f67a2a900be451ac0028f4f5ee53b0b71a61eebb2d0af1186e809
UViT-v2 config4,1900,3228,seq_3229,2c7e51edf15993602d58717e062252957ef37251fac599f5387d70427c93b959
UViT-v2 config4,1900,3241,seq_3242,817045ed9c6d6aa8c18676511a582fdb498ba96edac705d9bd25c7e749fdbdd9
UViT-v2 config4,1900,3249,seq_3250,b947140eb79419cf21977d95c5bf53571ec3efc4530193a9a2bdce431df16468
UViT-v2 config4,1900,3257,seq_3258,787943842b4b6d6be8c77cc8c754850b4e04b79efe7918d382ff0c94ff1bf580
UViT-v2 config4,1900,3258,seq_3259,5ce97aa5e0cb650ffc13f9c155c26c9d93bf3b2638358c45b581335524f1e7f5
UViT-v2 config4,1900,3262,seq_3263,704dea8e37467450cba06748829f7badf7967d53ff542d260324f4f2b9df2b52
UViT-v2 config4,1900,3263,seq_3264,363f618734d074bb7a34e124ca1debd1921f4f04d7d7f04269efaf6598ab815e
UViT-v2 config4,1900,3266,seq_3267,b2186be760b86e986c34d75841c296d4361d8cb73cfbacfc6904ca7768fa698d
UViT-v2 config4,1900,3269,seq_3270,c71cafc384c3628f5b56720eed80cfcfc609bec227f8ca6e83c266c235fee9d5
UViT-v2 config4,1900,3289,seq_3290,ebdfe71788681996da9fb81599180bae3c6a5b70d71f8135bef662907f01254d
UViT-v2 config4,1900,3295,seq_3296,669c5bbcf2af9c196b5a071768912edca66e0e323151957a52dbc4513d13cc41
UViT-v2 config4,1900,3335,seq_3336,bb7ed31f1dd36c08f49a32c95d8d89d612aa09786737d556915b9f96a83db463
UViT-v2 config4,1900,3346,seq_3347,c5fd44a4472fa536cc6b2f35be1f956e5cae47c062981e64a3764d8b76fd23bf
UViT-v2 config4,1900,3388,seq_3389,1e6c02b8585970356a22c8358b5c0005496d5ea3e910ed5272dd4d4535c2bc49
UViT-v2 config4,1900,3404,seq_3405,7fe1cbbcbc0e2e469bca6d0a3b40f2eb730507fa4f18c8690466bf23a09df3be
UViT-v2 config4,1900,3432,seq_3433,6b373d593debe2b3f14af5881dcdf250f8088d8796cffb4c74211609305554b9
UViT-v2 config4,1900,3441,seq_3442,9f854b81185f80918a07d185412963639a237a17d7ba881e28ac26d16a8ec769
UViT-v2 config4,1900,3443,seq_3444,b29c8f627854eef828462db49af00b87d71627a89f4744cf6fa5031adf463625
UViT-v2 config4,1900,3450,seq_3451,452c42bab75e2a36f4f9444797e9555a873650e6ea4428d9d3339c7edfac7ab9
UViT-v2 config4,1900,3456,seq_3457,53c5a73651bc4f57bb6b1ebddf29f4b88fc406cbccef70122616e0371856f22e
UViT-v2 config4,1900,3457,seq_3458,21657130942dfbd5bb56d4fc9cf7a7fc512571a9c580ea0a7c6b34270db472e9
UViT-v2 config4,1900,3467,seq_3468,dcd54107d245f64846e37f0fa0239bc74c7fac5d066477a4046131e87feaa938
UViT-v2 config4,1900,3470,seq_3471,19a9be2c60b91e2d29bbe2e2952c8139fef895a27423528ef04ef3ec614b88a5
UViT-v2 config4,1900,3475,seq_3476,fa85211fc57041365ee2dffc6da0fa854dca1efb7d1c98e2cbeef30fc6e76cef
UViT-v2 config4,1900,3483,seq_3484,752cf238ec9d3146064c227efc671ed952105ea2b9a4065363d6487c71506708
UViT-v2 config4,1900,3492,seq_3493,57a21d4f76ecf1d30ffa288e3cbcb7006c139a8b1a00a8421b8333aba58a01a8
UViT-v2 config4,1900,3501,seq_3502,bbf88c9bd151a16385c3cfa12daf44c8e5b6fbe3d2841f354b8941ab98402105
UViT-v2 config4,1900,3502,seq_3503,9d7eebca8273d7cc78631fa4a476a901c447ce35508fbf417c9cc01b35fd86e6
UViT-v2 config4,1900,3505,seq_3506,b66fe6c905c892f11e5912fc7561aee0a0b3440dd8cceeb818ca9573c0150d0e
UViT-v2 config4,1900,3510,seq_3511,d731a8c667f3ee24245e65cf4ce6220402103f0a17f09c0d0191b5f683b5382f
UViT-v2 config4,1900,3527,seq_3528,4bfd8743c39cfb2df42420a1b775c67ab3cad55d32f154cae08742c0d943e494
UViT-v2 config4,1900,3545,seq_3546,23b9bb4ed4fe7429759b7fbf3b8db3a2c94d9b34546abda694c8b38192c19800
UViT-v2 config4,1900,3566,seq_3567,b8b22194b3b401b7300c3b0d0718492de9272fab09b2d1ca8b17684018fe453d
UViT-v2 config4,1900,3571,seq_3572,11868b2798d29c5e956292cec21335c3731bd8f677150815714d7a2acb17d411
UViT-v2 config4,1900,3582,seq_3583,fc4e32bfd4e694e83423ab7a6f9a70faae20f9ba9f162428d750643bea5d30ee
UViT-v2 config4,1900,3585,seq_3586,fae1e4669e7bae6ee8efa3b2a72644c92fe677ae1a93c2b0fb95da505f102695
UViT-v2 config4,1900,3588,seq_3589,8253766b2d61d80c985a14bf90010c334c170e5310f3fceb48c63738a82adcbf
UViT-v2 config4,1900,3593,seq_3594,c1d16ddc4040d69c4b42aa1b28077130187e0cc247f28655d835920a4419289e
UViT-v2 config4,1900,3595,seq_3596,c4d483530f9eee05fc814feaebea15c3ac054f2a8666fcaf9b4e624d55c5da84
UViT-v2 config4,1900,3598,seq_3599,c57a2559106748077cc5dcc9e9f14d34710da3b925f35992adff92f38b59ca1f
UViT-v2 config4,1900,3608,seq_3609,e5a652a90300c4df6b452e6d984721fee7612b3382598ee3433bb96305c333ee
UViT-v2 config4,1900,3611,seq_3612,b4141d2b8449db54957ecb64192e9c359378931183e13541471ae6862dd17833
UViT-v2 config4,1900,3613,seq_3614,0e6b0ac00722f6df57ab8df8eda595023ab80760d797f13ec3719fdaecdb70ec
UViT-v2 config4,1900,3626,seq_3627,46fc357866194603f47d6fd78516334a9c01014fa73dd6c942500ff05002f110
UViT-v2 config4,1900,3630,seq_3631,5b83972912fd3744a08d1ea01def06ed4c64a2ea8f5e8e6b475dd33d08e78476
UViT-v2 config4,1900,3644,seq_3645,93da6e3cfe05dd104d64c51fe299a1386f24bc03917633d0b0de50950520d076
UViT-v2 config4,1900,3652,seq_3653,2dc3ea7fc52863cd3bcde0d1da4f2a23684b04887e7fbded978e81e119944629
UViT-v2 config4,1900,3657,seq_3658,7b60a1dae35fbdc3c8e5ababcfa50c84ea7bcc7969efbb11d5c19b90c2a22ad8
UViT-v2 config4,1900,3673,seq_3674,b7cb70ef4328ec4bb39ed7d002b0805fa0b3cd055de3c4183a064cb194c91482
UViT-v2 config4,1900,3680,seq_3681,d6aa6389807f31baa63dc4c656c4284a4079f7f24ddeb960ecd818488e77d9ab
UViT-v2 config4,1900,3681,seq_3682,5e8555b891b847c4bcc831c5a7aeebf14e4a5868a97cf09ed99f2c1bbe0fadcf
UViT-v2 config4,1900,3683,seq_3684,ab6df4fae55e33f565efc494a3e66a369ebbfc6493b3c9ce46b7f66ada404f5f
UViT-v2 config4,1900,3696,seq_3697,a1b089c537a83abb852a905adcf2c6e2561b723805e587b9ae7ea87684262a6c
UViT-v2 config4,1900,3697,seq_3698,51b62be27da904ea6110879c57f98e4af5509255aaeb7acaf2e0e2c4c7e34953
UViT-v2 config4,1900,3727,seq_3728,013ec57cc4ea0a4fa34eac1400e5e4d48a9cfd1cc2f37bb0eac691f11db26f1d
UViT-v2 config4,1900,3728,seq_3729,64b3d8e154cf73df7fcc935bb31d46573c316b821ab235d109507855f6ef5a76
UViT-v2 config4,1900,3733,seq_3734,df108514645c116296bdf4d6da04fd0162861407ec1507af2f8f311f65fca5b3
UViT-v2 config4,1900,3750,seq_3751,8ca738914d9c508b97f22d5e7422a37ec462bd48436644c95e3efcde09c15418
UViT-v2 config4,1900,3752,seq_3753,e31ef0cc7aaf6375637e30d140de4eb2bc74a99e4913fd1c0d5751c10067d077
UViT-v2 config4,1900,3770,seq_3771,71c4234575515e55ddd5184b31c604c4e266d492377074346846bcbba34a51eb
UViT-v2 config4,1900,3777,seq_3778,09b41e4496559575f8f1aac770a2a382fd12d87edd5837699e1d5b81a312041b
UViT-v2 config4,1900,3788,seq_3789,96a3020eaf2441391e7adea641b98268654de0cff252518bd97ab1eaf0ad7fac
UViT-v2 config4,1900,3792,seq_3793,10dd53d9b0da95d5db061eedd0cca6a58ccb3fea772edc1e1f625d83dda921e1
UViT-v2 config4,1900,3804,seq_3805,c74c4216ca582ce69ab36365d86cdf284123d61e242232c79aa536f93d4fd424
UViT-v2 config4,1900,3811,seq_3812,9777ddea3a464caf295e72518f3b75ac53da2fcc4424fb26ec15d698027b1511
UViT-v2 config4,1900,3814,seq_3815,8085725a5cd842efb222a781b4d9bf951085cabfdf46b16b2ddbfdcde376bded
UViT-v2 config4,1900,3824,seq_3825,d93286af30ad3c1b1f3c328d2e9e69ac1cbcbea39250e33e017c3fb926ac41f5
UViT-v2 config4,1900,3826,seq_3827,9fd912dd60045b3b2d85e3562512823e065cb6a02ee5afd73c59e344b922fd36
UViT-v2 config4,1900,3830,seq_3831,df1aa2dd989c104819f7c942f9a3fb78a003e9590b49e4423c6fa9f8fe85b681
UViT-v2 config4,1900,3841,seq_3842,9c208e90ed8eb1658d3b53ad3080da777a566c8857558e6612d0de462c9e8001
UViT-v2 config4,1900,3846,seq_3847,77143cef033e4182e6ddb4c569bae5267c34251144f1af3d2798b95d193b8228
UViT-v2 config4,1900,3848,seq_3849,fd0a234c9040efbc5cf48d8da162aef6dfdd853eba99d136de11be8c76629efc
UViT-v2 config4,1900,3853,seq_3854,88fb184dff23654895b51c5d52d624b370e355bd2624058ea554e80a98abd9d3
UViT-v2 config4,1900,3872,seq_3873,330500910a78ba07125427ca7fcbf2cb929f1bea20a9237fe21123798096a8e3
UViT-v2 config4,1900,3878,seq_3879,2e526e55f770177caac0c67ba5a9f764f9f2afdb909d8c419e82a1057800e833
UViT-v2 config4,1900,3886,seq_3887,01fe95ba9471809d7d6539f1fc97588baa9372feee7ddb706a223e5207393b24
UViT-v2 config4,1900,3899,seq_3900,41ea8079a7c4d4dd2a896d9040d421f39eb0290530a86b21af5602f89c88549c
UViT-v2 config4,1900,3908,seq_3909,8a581f6efafe0274b96cc2915cc6929a9c12a9c5b52369b89d42482d55461926
UViT-v2 config4,1900,3910,seq_3911,ae2642802ca2a77b4e7f1bb0a57200b682eb7f558f6e7eda77fce10a7166c1de
UViT-v2 config4,1900,3912,seq_3913,65b3ed8a5e5d30e70900429cf7a1f00132e34b3b547d268edaacbc453ed43021
UViT-v2 config4,1900,3919,seq_3920,4f65b0eb6070b20ac2faa2be6150e1355d52006456a0ef5b20946ed33892d9d1
UViT-v2 config4,1900,3920,seq_3921,cda158bf87e297fc4c5c98c907758590bf73c50cab224a11f93d0b4fa5fe47b4
UViT-v2 config4,1900,3923,seq_3924,9049880c39117e26f2f4100ca70f4c0b91d3ff9b217c26c3051f80cab9c26d46
UViT-v2 config4,1900,3929,seq_3930,8b824e6c4376b0115e160625f79119597a4b054930cebba0236ff973ee89ae0e
UViT-v2 config4,1900,3937,seq_3938,2f46ff387bd627353bf317f4c4c539dcfa5f34c2194e31c237c54caff3f47c9f
UViT-v2 config4,1900,3945,seq_3946,316c3f8050a2d3ba21126a79647f8b0edbf9a01321b0ae8320e04b978fc1c189
UViT-v2 config4,1900,3946,seq_3947,18b2d46393e9f62a46b7a5ed94c96fd56eede4ce90f082fcda31357f57217712
UViT-v2 config4,1900,3954,seq_3955,932d8c98a58867e8f4b0d8b7857572da9532ebae48c83f99989bb862f989d8f6
UViT-v2 config4,1900,3978,seq_3979,f82c67c25cec193e39033349a6a8dbd9dcb5126965b9394316e3935f17ce3277
UViT-v2 config4,1900,3981,seq_3982,2ad9933ea64e9750c109c7c77d73952a9e843aebfd8f9b0382ce5f6b1f57c557
UViT-v2 config4,1900,3986,seq_3987,93533bcb08c75c9980091759077886e183333e626a1401efe36b8282fe703462
UViT-v2 config4,1900,3993,seq_3994,e5c7414f17affe71233e416d977b4a11f0a63a8a0f863eb8b0367ff061d382f3
UViT-v2 config4,1900,3995,seq_3996,6300e83b387e037888fb8eb50fdf2da3e01b84d23bad12cf6541cfeb084042d0
UViT-v2 config4,1900,3997,seq_3998,47e4ac36418d3c27dc771ab4e744879ab8092d1e0186a786e165746236dcb197
UViT-v2 config4,1900,4000,seq_4001,48b16ac2a6272d1893d9468c580ee25669fb4162be5f40f3f25198e1b092c118
UViT-v2 config4,1900,4002,seq_4003,1f88b12d01a12801fe4ab65a2404d1f43be431336ba71beefa8253e7f7cb60cc
UViT-v2 config4,1900,4010,seq_4011,9a61a7e8814843b8d05af5178d86cd68a6e11ed43ab6af0124e72a5f79610e09
UViT-v2 config4,1900,4011,seq_4012,eec204f700e37780f8c37285397aa1896e70e5d06dfee325d871fad420aef816
UViT-v2 config4,1900,4012,seq_4013,36ca87c7fbc5f887d57235df53cb6cc3147749e54c5be3435730da257124baca
UViT-v2 config4,1900,4022,seq_4023,4d26ce838f6b38776deeac584977353bdefb97a48490fb7976b2806e2ff2a1b4
UViT-v2 config4,1900,4033,seq_4034,2c5a09fc178f0d5fdbb92fa46d3d1ba9ddffb51701879d50b9a655e3fa1aa1b1
UViT-v2 config4,1900,4040,seq_4041,9d11cfb2814b2e7b7a9d141f3e340b04c567e0bbcb3785b1932d03509389a1e8
UViT-v2 config4,1900,4050,seq_4051,57ded4cb824043e4fd04b0cdb4de40eacdd08cadd20d013d548755cf3dda9fa8
UViT-v2 config4,1900,4051,seq_4052,95088356c5c99906ad84bcce823494597531fa803255231957233550aec6111f
UViT-v2 config4,1900,4061,seq_4062,e0feecf94b9629970e984dc33093eca72aa1f85f8a9a7ed9849d438d3bbe2c9c
UViT-v2 config4,1900,4065,seq_4066,1c7caa5d0ebaa6f5dbbbd5a01edfdc83a624a37975d52143c19ee826b798f0b9
UViT-v2 config4,1900,4066,seq_4067,1ead2be0b9e5908b66d491436e44e81fa534b3ce0ae79515b9e7b6c7f86408c1
UViT-v2 config4,1900,4073,seq_4074,66e99a1eb9fc620ecb6eeee18c0c76efbb5595c479e499bccb8692ce1d4aec88
UViT-v2 config4,1900,4082,seq_4083,849ac5264ac49874b2f543fccd7f3e267e4e70a5e31f62fe69dc2e222f40aed1
UViT-v2 config4,1900,4088,seq_4089,ff08c84bd518cd62e49f97d34d0df790cbf1361907c935e19a8af6de4c73d569
UViT-v2 config4,1900,4092,seq_4093,e0436b4eb368ff7409f8fe264c24b27778d72fa2197da500e353b53521df7162
UViT-v2 config4,1900,4097,seq_4098,2c53c01dbed2fc2a5d98c6551b1100b1750023173a3513cc19210cafde9ea42b
UViT-v2 config4,1900,4102,seq_4103,4cfa60cb8a69dbb5481c3475a0954e6cb15cac93440819dc60d2f14c868f1bd4
UViT-v2 config4,1900,4106,seq_4107,6f217d5bf2d7fac1faaa80647e66ca2d5a7bd7d8d1486b0592390d8284184041
UViT-v2 config4,1900,4114,seq_4115,435cfd652037c7219c0b5640bfd2338f90fb6ba324937cda6ccf3eb95fd572ff
UViT-v2 config4,1900,4118,seq_4119,8856a0ebf067fed8af53fd8c73a6c230b995767a44eb4cdc394b807d111a1560
UViT-v2 config4,1900,4119,seq_4120,ab440830b225aa1429eafbdd5bc0962210fba0db8c52d2508053050e70ab225d
UViT-v2 config4,1900,4133,seq_4134,c4f1c059c694adf32824ebc8fab33a810ef66a392247f3baa3c49831b1613a02
UViT-v2 config4,1900,4135,seq_4136,2afe30c5f2d114b888115d50e28ab7349eb4b0a3c67ff4062b05e4085c24b771
UViT-v2 config4,1900,4136,seq_4137,c1f91da6449704871ce2ddb6ea28c9e4816161982989b2631fcf550c232db177
UViT-v2 config4,1900,4161,seq_4162,c236d7750ff9745014ed5d5e763a2bf641346e4ff424a8273ddce299bbc4edda
UViT-v2 config4,1900,4173,seq_4174,03e0caf0d854223c2263b7640fda6f66d8cafa743761d9bd99a8a7da6b26e5d6
UViT-v2 config4,1900,4183,seq_4184,c4260a937b1c4c3de7fc4baea46dc238a55b2111785675dd1b7caa4cd18bc761
UViT-v2 config4,1900,4198,seq_4199,7ba781c9ad1273433464b7b39024dffccf70c77693d373a59261a5649c5e633e
UViT-v2 config4,1900,4210,seq_4211,511c6e992c0427735d282e53b4c8c1b7e3d3ce65e78d6aa31ab78e9259542e54
UViT-v2 config4,1900,4232,seq_4233,7d9073e031fbc36219601e75a1fd2bfc6f7f04ed3ccafa8bafd4ff02f2428a4f
UViT-v2 config4,1900,4246,seq_4247,65aa1a29c862b8580d66cd8fcf0a4acbc452325ac694d1a81cc6d24730f7acf6
UViT-v2 config4,1900,4262,seq_4263,11c5dbb69b0e85b230c63894ea33b573e9e231fca0c1f735500ce3e25d7d7e73
UViT-v2 config4,1900,4272,seq_4273,a88faf6c50788d86be46a9050e4cad73fd4e1dc98626d4c0ebc82f9142e65641
UViT-v2 config4,1900,4279,seq_4280,0dea681fbed4c8f5643037020ec2d6d582d81d6e4a11ca28c790babaebccadf2
UViT-v2 config4,1900,4291,seq_4292,6ce349ac536b2bddabddfeafba68ffce2b0df13ab2d8876c5cc960a471e9fa36
UViT-v2 config4,1900,4295,seq_4296,6979c78e2920a52248bf76f094725424d6ae65050f7ba1c3e57b57fcfe8d625f
UViT-v2 config4,1900,4304,seq_4305,5065c8483c330cfc194f941bfc2fe40c553f893b621e01c77f4f7df0883b5551
UViT-v2 config4,1900,4315,seq_4316,9eeacc95d34d16b61b249505998150e40f8455242779bcbee4922644466cf40b
UViT-v2 config4,1900,4325,seq_4326,05b13fc223ab18383713eb1db6e60512eda8d7127500dde03d67fc7907c20dc0
UViT-v2 config4,1900,4332,seq_4333,637a0d1741f61346ffea31d6d5bf76892b0944d53561ecf20a0c01bfc453125a
UViT-v2 config4,1900,4333,seq_4334,f852d9fd51fe3fbea77613d60ab26a14e7b302958c2897bfafa758bcd53bd093
UViT-v2 config4,1900,4334,seq_4335,bf116740f9a6af19ed47d394292c09d1b7bd4d415742c6e9183de85459042e19
UViT-v2 config4,1900,4335,seq_4336,e0d8d6895d16ed2752e6b329a7883b1490bbbe48b5264c0f4ce2b7c6400b45a9
UViT-v2 config4,1900,4339,seq_4340,6640f4e5a7bd41d4b85f1209582f93d184c775e5f1d6b126b47a3fd3b0659304
UViT-v2 config4,1900,4342,seq_4343,0c4e6f38d99b980ac71def09a85ace98665856f66814dbb54982446436c8b9b5
UViT-v2 config4,1900,4345,seq_4346,57b154228a17d72ff652aff08d5fba3b072d346427322a91b99eb89d69abdee4
UViT-v2 config4,1900,4349,seq_4350,550b96601c957938751173f3ad11b47d87ea64de02afdc6c121bad8a88ad65df
UViT-v2 config4,1900,4351,seq_4352,ed702cdca3aa9a103b393818c16cd7ea8a0fc70180610e5198b5b59a91b83bd9
UViT-v2 config4,1900,4352,seq_4353,5c6fa238809c3dacd281c5f07320745eef1769055303969c378036d2b468d4c0
UViT-v2 config4,1900,4371,seq_4372,cfcb55cfc079960a0f002524f3cb470843ab462a102e66ac6af51376db265ad2
UViT-v2 config4,1900,4374,seq_4375,93bc0dadd2ad0d918690824e186c040ea0661be14eceaf853c24966c3a7dd287
UViT-v2 config4,1900,4375,seq_4376,90ce50982ad6fa33a54e3f5e1351406ded1f9a57131fc227132db18a23be4072
UViT-v2 config4,1900,4377,seq_4378,7c3ba0b7e225e2a863fdce38759c49f41cbe724fb72ee353d519e747f396cdae
UViT-v2 config4,1900,4386,seq_4387,743381286b02474916f23d79cffab4d307ec4e5e4000ba89b9a55560aa0f3ad9
UViT-v2 config4,1900,4397,seq_4398,3c175ef3ead22fae45802cc255e276534a6e32d652bd16a2110541e835677c4d
UViT-v2 config4,1900,4415,seq_4416,6813c57b8e236108b89755d37909409604ff650df6b39d4e2bac9a9511b1ebcd
UViT-v2 config4,1900,4422,seq_4423,0cee3f690826d6abd1e3ee3ca468658a953b74dfb7ba90dd514027d4bba34fb5
UViT-v2 config4,1900,4425,seq_4426,8949cf7948525f42b2b407b11fe671794a71ff28098c78fc0520cc08892aaef2
UViT-v2 config4,1900,4438,seq_4439,b8edf93bb7556cbc0919e56f6c04571f84c1bab9a70d1f4482e83d0a73157cb5
UViT-v2 config4,1900,4451,seq_4452,f0aa08a118cb30801632b6940681bd77019875f61c1b71670ccf681b6888cb2b
UViT-v2 config4,1900,4460,seq_4461,9c52617ae391ebdc9d80e744db97e7b3b21d52a8c19b57e9dfe5409ebac322a2
UViT-v2 config4,1900,4462,seq_4463,9278af20fe88a520059d1b4c7087823e4c7ae886a1d739fa8a45ed998594210a
UViT-v2 config4,1900,4465,seq_4466,b546294ca351a36a0ee7c0f671f22a9d0e2e20720614ef996c019416d6b2918b
UViT-v2 config4,1900,4471,seq_4472,ab120dd87ca2c6c47fc9fc8e115ce36fc29d079df6e03bcbadc50800ba21ff9f
UViT-v2 config4,1900,4479,seq_4480,6b13a0ddcb26aac0d55e2a43f6307ebda94526e26675b1b20a3764a8b00dd61a
UViT-v2 config4,1900,4494,seq_4495,6a2078acf28b1a91fb6070d26cb65a0110f076490c46445b6ee627a5c540987b
UViT-v2 config4,1900,4497,seq_4498,183bd1c68ac97e7237dd4dc6591f70e17a14dd81be849f6f2737f5f132fa76e3
UViT-v2 config4,1900,4499,seq_4500,7fe2212df2889dbe0f4797da794956bc3f43e59db2b5cab22b6c514d15da5df3
UViT-v2 config4,1900,4506,seq_4507,7385a86de302c6fd0473d0f733ba2f1541bcf7f4d86d8dcad4b2edba3ec7ddd4
UViT-v2 config4,1900,4526,seq_4527,b862974def167e0dd4a314da17f0cc134a41f6baa30a9ac055f0145942a94f36
UViT-v2 config4,1900,4530,seq_4531,1cdc729f4b2938b704e8694c1ab8b978c4dec65089cac222df4469d27929f659
UViT-v2 config4,1900,4533,seq_4534,835c3d58982f6a1562949310014f2a6909f62cb99c7e1796f812ff03948e8004
UViT-v2 config4,1900,4543,seq_4544,fde572366120248f125cee3a1936b282edce2fdeb184bf3a9b8172d3ec541427
UViT-v2 config4,1900,4552,seq_4553,47cd2dae032c7f51a15ada6895b33fc883fd12c32cb4e674262722dd9cee8223
UViT-v2 config4,1900,4554,seq_4555,043cff2bc42d82b30cdf5cf214611f7ba78f9e3182a9d59457ac062e961439bd
UViT-v2 config4,1900,4557,seq_4558,968a6006ee03e6d1216c287b1e3f666467fd9461f663454be951703a2ea40466
UViT-v2 config4,1900,4558,seq_4559,2a952610d76bd63e9821bcbe379ccd919c2030a0b9ec453e15334ccdad34ee58
UViT-v2 config4,1900,4562,seq_4563,08d56462e7b3fcb775066b6a734f7c5d576b290f51c385d91a822beb4f5cb5a6
UViT-v2 config4,1900,4563,seq_4564,bf70bdfd30463478977668c7bf848d0c5d00db31122d7e53bba6bd129b43a7bd
UViT-v2 config4,1900,4564,seq_4565,e0621ea83d6a9cc94b84b6ae4835430a3e81ee90f882921809aab92e9ca5c19c
UViT-v2 config4,1900,4569,seq_4570,3d09e36030fdbcddf4cb618b11bdd0cd836940097025e2b02fcb66c74a3be7e8
UViT-v2 config4,1900,4573,seq_4574,20283322e5b5d78509f2de0a95a44f3ff853aa1e60eb00b0f92a40210309a9ed
UViT-v2 config4,1900,4581,seq_4582,45ebf4e81927de96c0ea75fc2c6f108b1f665ebc3b75176093432e5c73b5d986
UViT-v2 config4,1900,4616,seq_4617,9978eda8a24d21dc0f964c124b7f4addca945493ff9d442f9cbb487fdc21b872
UViT-v2 config4,1900,4632,seq_4633,a7f1d74989f80dcbb9420f18fde562f721fef8fb571432a5f32d49daa893f3f1
UViT-v2 config4,1900,4634,seq_4635,221b7abc6ad3511d6c306f66ec11e6bc989bb9523624a0af1f6dcfdcf40c6433
UViT-v2 config4,1900,4636,seq_4637,9c817d5267125a8c648d936807acbf408b5c70e6a999472cafa550a19d0ae798
UViT-v2 config4,1900,4649,seq_4650,1620fdc947d1ac73eed4c8443d4f8d49ded531302ccd1ed45f3f99079e9b6a9a
UViT-v2 config4,1900,4658,seq_4659,4007080acb7b1ae262f3977e792e0ebd28e34ff6acad041867c5e1730d98af49
UViT-v2 config4,1900,4669,seq_4670,d9278adaadb1720c95ebf68bbb4afa5a4c66984cadd969c402332058eb8b0ab0
UViT-v2 config4,1900,4673,seq_4674,eb371b37b9ae916d1bb58efe7dccee66d48311a1d8c627d2f363d3da61e914a7
UViT-v2 config4,1900,4681,seq_4682,6cedd806bcd003a1a5f507e1be0384c583b2a9198294a28be0702f6213b9c697
UViT-v2 config4,1900,4689,seq_4690,0d04e8f82150b1d8b9f1490439cf848d1d36169b685e48b9cfb640b603371346
UViT-v2 config4,1900,4700,seq_4701,09a77afa4963f204ee6a6d10efa0a53a680992b352139afe56affb9c7a85492c
UViT-v2 config4,1900,4708,seq_4709,32acca58c151211775f139bffe765bf14169d617dc556f6ea81a83b6c12a0a80
UViT-v2 config4,1900,4712,seq_4713,1e6c9ee254b3d2b2be9a42de4c0215ad976a96ba1f07df51b513e2e8d8ea085d
UViT-v2 config4,1900,4719,seq_4720,95f4bf8ac90961b67e096749752085dddf834584b5106c76ccf11a089ce4e80c
UViT-v2 config4,1900,4720,seq_4721,74837f4a1906201cd90cb3cac9b136309f9bbc9c3c6cca5d001cd816b4ee1bee
UViT-v2 config4,1900,4722,seq_4723,49cf8a0b44a0b380a4fd8960cecf1848a8c11596d6f3c502a477141e919c9d5e
UViT-v2 config4,1900,4728,seq_4729,4584b812b59f979da41e62b21196dd71be958ed645152c41834963684bf665dc
UViT-v2 config4,1900,4741,seq_4742,58b5ed6392b4eaa48563bd150b53c645d3469ae91ca77185370052784f7a2eae
UViT-v2 config4,1900,4771,seq_4772,bb10ba0dbe1071c7ee6549caad6e73307002723861d0abe1bdef870e2a672261
UViT-v2 config4,1900,4781,seq_4782,53b6e4f21fce06cf9c9e00e52948904a41d49c452b91048335dc36330de54e52
UViT-v2 config4,1900,4786,seq_4787,ea7a157ac6f4f02ff8cfee92055005ffdddbd00565abfc60c053030becae8a3c
UViT-v2 config4,1900,4803,seq_4804,65aea95fbcd83d390a53ee3746f65dada125faf13191add7df946bf26d85d455
UViT-v2 config4,1900,4806,seq_4807,421ba6f4b16f1bb4192101164a7729989c00e1423ef629d9651f2c2728bdee68
UViT-v2 config4,1900,4808,seq_4809,68f1ed50691a7f00406c4da4bde0bcd8294097afb26997cd86954325f6df8604
UViT-v2 config4,1900,4820,seq_4821,64722af82133415ebebeac98f188254a454a409e52810ac393118b8226a95410
UViT-v2 config4,1900,4835,seq_4836,ff38ff7c34a5e83485c1f8ab2edabf544b8ae448d27d0dced62de609d970ed75
UViT-v2 config4,1900,4837,seq_4838,0d7a9e6765dfa8b2d98f28ff6c54852fa865a0e82c8356c5b0bf183113c3842d
UViT-v2 config4,1900,4844,seq_4845,e6fb3456ef33e38a1706d040b48ebd39a2594dad9068f4cceff014d7fb7bdb7b
UViT-v2 config4,1900,4847,seq_4848,2fed1fe185573ee626d73a7bab1229fd358c98b575e599811fff8fd5f1378f2a
UViT-v2 config4,1900,4853,seq_4854,fc190edbad9c32f7c65df3597ef2525a5cab609d435208600cc4f161cb042e79
UViT-v2 config4,1900,4861,seq_4862,3ff98c4324538d2212aa6b0ebb66fda08309630b619cf1517f6951a6005f5169
UViT-v2 config4,1900,4871,seq_4872,c583d895ae693a431c0c9226b9ba6c25920237a601ba584da4c6156c9820719d
UViT-v2 config4,1900,4889,seq_4890,c7c9552a4313e264a0c17601c98baad2f59f7613b960690869ccd30a04161735
UViT-v2 config4,1900,4891,seq_4892,68ab953dc35aa620e466efd152d797cb68e9caf83f86d3026630190da5ab20ad
UViT-v2 config4,1900,4892,seq_4893,f002a0e6f5beaa8a65515f3506a13e418b2bb144a2b50d8c52fab1c8b235f981
UViT-v2 config4,1900,4901,seq_4902,e6090799f321c2b4f18594ade4e7706556bbcb5f8fd72b6b420cbf39e22ebbbd
UViT-v2 config4,1900,4905,seq_4906,eee6479d69ae2929b03c8d3306f9706aa693d3c94614716eb90aa7d9b200d1b6
UViT-v2 config4,1900,4906,seq_4907,ae9e429312a2d058c98d5fda4d6dbeba60a1392c7ebb73d3e8f4c3cd0a6ee8eb
UViT-v2 config4,1900,4915,seq_4916,2c1a6438c20d3209941c6ef9a4ae35b39acb170c39ef8cd34e93076780d08c04
UViT-v2 config4,1900,4920,seq_4921,3b3c1f369489c751125fb180ccfac79b98355127a6894ffb61363d2ffca89c33
UViT-v2 config4,1900,4930,seq_4931,a3e88b8bb2c452b29aa7a4c292bd0b49e6c978d69eb53c5a9ae30f386d39ab21
UViT-v2 config4,1900,4941,seq_4942,1c2086390b6c563b005d44c6e0e30b1bf74c7e8317f192f25767039b3e0aef7e
UViT-v2 config4,1900,4949,seq_4950,5db190754aed7a4a316aaa58eacfbb36e884a43b4812980cc64627db6b43205c
UViT-v2 config4,1900,4951,seq_4952,c8b6c269466d665ec1032cb4a786c47256c0d9dbec3eb9736bd453ed27781032
UViT-v2 config4,1900,4952,seq_4953,f0f4476fea86a3e0e72c592c64c8f7720e58d1ed5d13dc6856c05d727a8fa14b
UViT-v2 config4,1900,4956,seq_4957,b5190ec4451bb4c78e03391629cb0ad8ad0ef4433c01185269b7a25a34b80532
UViT-v2 config4,1900,4978,seq_4979,1695ee4d55bc4586506c9810ed2febf0b5e648a65ae7215fa9d21e8d846cf571
UViT-v2 config4,1900,4982,seq_4983,3a61f013248bba12dc7b050143138418efde7b720a3f24a00b56e8b87c87dee3
UViT-v2 config4,1900,5000,seq_5001,c92ac33ed760c544d14ef22b1ac6ffb2908fed107250b9bbe1876ab8510367b4
UViT-v2 config4,1900,5003,seq_5004,1bd339bdf2671f931eaf51bdacc058d65cdddbc46c4aad60b90f7bb6b364c991
UViT-v2 config4,1900,5016,seq_5017,18f7bac00070465b536bc6677b179491acf580cd37c26f6f4d50e95c625b9a1d
UViT-v2 config4,1900,5023,seq_5024,7e8040ccd7bacc7424eaa80c129a6f77c6a5f4b197c4d0fd3e6e347a7e2ffc68
UViT-v2 config4,1900,5038,seq_5039,e8bea6f3223e1f46c28e8484f7a77c21306ddd2202c190c4146c77c4d8f7be05
UViT-v2 config4,1900,5039,seq_5040,6581b5eea94ec407270633fa538fc2d660411dac3edaf394c3d8f2e0f56140af
UViT-v2 config4,1900,5050,seq_5051,81fd8a717bff456453c463fedc1d682e6111847ab77d411a38bf084d220366ee
UViT-v2 config4,1900,5061,seq_5062,038d3654eeba2c7d789ef3d780cd21dee20c8c17888c6b510974dc43e6948991
UViT-v2 config4,1900,5067,seq_5068,eb249096760fcff1cae9cfef546cca027f5d4e4e5cb9ccf639e9b7155c285338
UViT-v2 config4,1900,5085,seq_5086,cfa503f40f8470f22f5dc631c06e91f428c6bb552a10b4e54a2f8c3c2e4703fa
UViT-v2 config4,1900,5091,seq_5092,852bf4d74e1bbb3cba7e5b40daa7371d3496deaa051b99987564f38fcb5aa252
UViT-v2 config4,1900,5096,seq_5097,8bb0fbe4092f6716b835a71ef78fa4e11edd240d349d43fd2c7c309e3ce3a59c
UViT-v2 config4,1900,5107,seq_5108,4b967051c17dbc3d305bff0a229d1452e57055e6cd06ef8fe7e08aca5d4c06d8
UViT-v2 config4,1900,5111,seq_5112,154970f4b1bd90f30e0797e85211c6894bdad77c18c481e8c18fdfbfb850004e
UViT-v2 config4,1900,5138,seq_5139,aab886878bd466f3bb35db0fa700042569ce0a32291bb99e322634990a2c430a
UViT-v2 config4,1900,5139,seq_5140,e64e5c2a972240d1fad5e1348013768053eec51b7ae367bf3fd0c47ad6b4858d
UViT-v2 config4,1900,5143,seq_5144,800137a975e0ba8f9fd2b6506097d03ee3bab62d7852b17cbd96d9be35f9c6a8
UViT-v2 config4,1900,5147,seq_5148,b7b277438224741e797fee8fa99444dd5dab0c01c3a611a4a16a62e32ffe76be
UViT-v2 config4,1900,5153,seq_5154,439983c7a547bef6c0d75110ac6952e7c6fce60e06a2303d0241cf9bae5dac5b
UViT-v2 config4,1900,5155,seq_5156,8c24e2776fd6ff98e460d4a86aed711b5fab2e0fd654e25b6353b5bd86684731
UViT-v2 config4,1900,5168,seq_5169,f1520607287ccfcfc6f66e8209474f1daaf20c981bdcc7fc8b77e69cfd2a8f73
UViT-v2 config4,1900,5169,seq_5170,3575ecf020b1876b3a4ab0abc788b0ccce747a8f0e4565bbb48da84709c5fed4
UViT-v2 config4,1900,5180,seq_5181,64e37840285bd1026ffe11beb86122c58236926a9afa419791b0f5fb18061f78
UViT-v2 config4,1900,5183,seq_5184,bae5c9c67e5c2dd53e356b5e28c3f815de121a0f91ca80627ddf656bc5e59e9c
UViT-v2 config4,1900,5188,seq_5189,a6b1f7008f084c06ed42679a059815b7ea297b3d8c97f78af7fc891978b8f5c0
UViT-v2 config4,1900,5198,seq_5199,151460d200cb1338c5b7a2029e1f7da145f5d76aaa408c2abd56bdb0461ed6f2
UViT-v2 config4,1900,5213,seq_5214,e5ecf497b6563b64b371b713165a49602c5ae9d3d2868576422a9ceb261591e5
UViT-v2 config4,1900,5238,seq_5239,47fd0e811515133c3b6ad43e79ce7500ceea25e95aec899637e9d3054f06d906
UViT-v2 config4,1900,5260,seq_5261,7b8dcdb71bbe301ba135315e4d8b79eec6eb852977a79d7fef5665d91ead56f1
UViT-v2 config4,1900,5272,seq_5273,200394de9286a62a66180c1206bdd1fb2afdc775169dcc95b4ce3d369c253453
UViT-v2 config4,1900,5279,seq_5280,8f812149d4cdf19141e78c3190a6a3a5b5e2579a9f8803d316ac9b16bdec8b22
UViT-v2 config4,1900,5280,seq_5281,9cc22ba3762c248de5f61c888bae8487ba0158e7a4d6aaac3f407a1abdb16c40
UViT-v2 config4,1900,5296,seq_5297,93b287da147a663357ec6568d4d40575a222cc36bad6be28b9e437ee456813ff
UViT-v2 config4,1900,5310,seq_5311,79b5467b1043d568ca58c3e4d29cc2d0ca51d4f7dce4ed37dabb22dcda5db752
UViT-v2 config4,1900,5313,seq_5314,22782a442048b62f1502bf5554351667fef23e3fb0b5c8efa0580a56b8800fc9
UViT-v2 config4,1900,5314,seq_5315,2a2d30cba9062b40f04bf2c85b535b86c0a5d567f0ab38bb69156582a45008f5
UViT-v2 config4,1900,5325,seq_5326,ba8a0aea7846be9d3c9af331f5a2022b0e5e3ad41b48ffd1cd5989fc08722b0d
UViT-v2 config4,1900,5344,seq_5345,77474e20a4ecef95bd551de3a943054906c715c7656dd06452f2e15333341462
UViT-v2 config4,1900,5352,seq_5353,38c0e3a246c494ab9477d02fb081ebbf6d1ef2eef4971f2d7869264b85163cda
UViT-v2 config4,1900,5355,seq_5356,e10d0af44f82c761fd59450603a41f980a7b5df3815d76a771927b4c8cd524b9
UViT-v2 config4,1900,5363,seq_5364,e4db95b3297c4c7fe46087a143d49c5f74f517323977786ebf57f4c2b399eb67
UViT-v2 config4,1900,5374,seq_5375,07ac9dc7deaed77e55290fbc2c1e1661d2819ca011f8ec5a20efb804ab002275
UViT-v2 config4,1900,5378,seq_5379,b85a647caeead0a784d6ddd81b6e77e623172960a95329f82221ea3976600773
UViT-v2 config4,1900,5383,seq_5384,1674534cabb036e5cd67fc7b339286fc5a8663634243f235ca9ea882bc7bdafd
UViT-v2 config4,1900,5403,seq_5404,f54f72a5769a203f0ef6367e20a4d554892a0bc99b1f4cb39b113fcd3a9c95e1
UViT-v2 config4,1900,5409,seq_5410,27437005dbd84ba63761ccc6b41af1c4a6edfc2dce9c5fd1e864f516350dcb88
UViT-v2 config4,1900,5413,seq_5414,2a7d4b931cca71b87679aff176806439660304f6502baee5647e0ff40cc2cc0f
UViT-v2 config4,1900,5419,seq_5420,3fa253668c09f88868cd4bfed3f8a356df032cdb0d222bfa67092066f67d21d7
UViT-v2 config4,1900,5421,seq_5422,d76a5dc894af5c0c049445111454d9b652e31a1ca9f531d39c5f761faa361971
UViT-v2 config4,1900,5425,seq_5426,efbea2115ed06ec479ab20ecd8e297ff0f4c77061e325dc8fb261533f45d0bbd
UViT-v2 config4,1900,5439,seq_5440,4cee6402e4fb8e92deb38442130df51be7ae916f393891bbe45fcb76010cc862
UViT-v2 config4,1900,5442,seq_5443,002b5c899460729d5b97e77d49db5e69b0a97e3414a5dfd3e1d91a76256f8653
UViT-v2 config4,1900,5446,seq_5447,ca833d631d26a6e72e26622e14383a73aa563b28dd8a611ab516c0129e276a07
UViT-v2 config4,1900,5460,seq_5461,1a850053bc8fb45cecb9a7958325234f67aa7c13fbee8eaf6d3865bb4df484da
UViT-v2 config4,1900,5464,seq_5465,0049b705509ef4d447b368bbc7f5ecbafc83007485ac6840f1d834e228a830b1
UViT-v2 config4,1900,5491,seq_5492,0a79c07e52e019245e14659cb498de26f6f0bd39c4e673f82f87eb4bd811e316
UViT-v2 config4,1900,5502,seq_5503,7d3ed7613ab30db6da89f12e1226fb05aa9dfeb8fc56358fb3eaba3c6031735e
UViT-v2 config4,1900,5507,seq_5508,f389348454493f79c865710ddaf7b05414fadda2d27a85b7d1a6913579260972
UViT-v2 config4,1900,5511,seq_5512,529759f4ef26eb5fdcc6e26ff517b42974f92d13cf16c9a7a8e1dbf76bf00a68
UViT-v2 config4,1900,5514,seq_5515,a58e200914a7de2e4dc646a9737741d7deb5db2fab4726dfd5381320f46acd3a
UViT-v2 config4,1900,5529,seq_5530,5e5937efd2ed7c416bd9471c45c3ef9eb453bdf1b1169efa73cf2c17bb743643
UViT-v2 config4,1900,5539,seq_5540,4ce4b5302b9a2a8d91fc5682faf9c12a00d2c531c155e2a42a0550d3a0590a54
UViT-v2 config4,1900,5546,seq_5547,d8cf9a48476559cd0ae67a2a2374670bb9c67411cb42bff8d8e3adc0f83daabe
UViT-v2 config4,1900,5549,seq_5550,47d2a16fd62ea9a7253678ed0fde1b2782ac596e1b815461f621619006466bee
UViT-v2 config4,1900,5559,seq_5560,1db76fc8adfc479bbc33fc1dc8e8e0afdaeedc09f1e5d5c8650ea2d0855827c1
UViT-v2 config4,1900,5568,seq_5569,5dea714061602cf556f8a8cc29dc4ee20eb76c6c05cbdf6c7aae1479c4a8fa99
UViT-v2 config4,1900,5573,seq_5574,565210130315366e9f2bdd8e1f8532bb5fd4581772dd15eb875641b439f920cc
UViT-v2 config4,1900,5574,seq_5575,b75f35fd5d3a5ea0884cac5b8aa030547660406753c8a587dcb3d2c29dadebbf
UViT-v2 config4,1900,5576,seq_5577,8cddfb0085c96457539c96bc3ec26e1334225a229a1b8b8d4e13eba8208c404f
UViT-v2 config4,1900,5582,seq_5583,ad3ee241f928f2657836901028d56e46f34c998dda77ade2b60371b6fd46c8c7
UViT-v2 config4,1900,5590,seq_5591,c003b4fb0a49d0c04822d4dafccc3127410c308169a9db2dc9c36c33fe8024f3
UViT-v2 config4,1900,5617,seq_5618,b2443cf88c55c9de32c1b15002718eb1ab3d080cd4f174e00a421b14748904e2
UViT-v2 config4,1900,5632,seq_5633,a3bd07120aaba32162e79e8cca6b8143a71dc8c16f791a72f3d4639f2e2c4e71
UViT-v2 config4,1900,5635,seq_5636,2625475cc3427c23d3fb1341e8520ca380aed6d82f33d8a36643e300c07e01cb
UViT-v2 config4,1900,5654,seq_5655,f86601d62de59f97641d391ed47febd1dc030eba1958b04bb4dc3c41dd53d7b1
UViT-v2 config4,1900,5661,seq_5662,d762f3d670e5589c2e7fa1e97451202d2c24c9897a1b9f754ab404065a010f89
UViT-v2 config4,1900,5663,seq_5664,fffee4c70eec5305890e0fe92c2a468314ce98dc73d2639ec2ed2c51a845296b
UViT-v2 config4,1900,5688,seq_5689,ffe17830e95e044ee352e6a64f9e670a0035cd212174fa94c5fa4515feac5dfa
UViT-v2 config4,1900,5700,seq_5701,599b9fec489d3c5d94908611a401b96074cbb4de866a33396a4526c45ca68849
UViT-v2 config4,1900,5718,seq_5719,55d270dc7ca0acc1bc9c8257eb56adef1252f4c27ec1514e3772ba9c3bb59102
UViT-v2 config4,1900,5728,seq_5729,9826b19664876e25cfa03c9dbf951dd9d090bd8e8bafdfcf1e08bcfacef116e4
UViT-v2 config4,1900,5733,seq_5734,3c75d5a365646c176db3bad76de69da3e136ed1ff524b6cbd764813d4ec7a27c
UViT-v2 config4,1900,5753,seq_5754,c6db76ab7f03f0cad9f0c7d12f1aa77ff41aafcf6462ff1e231c2efb96baaa25
UViT-v2 config4,1900,5763,seq_5764,b521345761ea182294f95901ef8210008ed114af355265edef9d14f4f2ea28ea
UViT-v2 config4,1900,5764,seq_5765,d47b5d54b1aff843c9ebbf4670593ad6fe8705e3c361036ad70a2b30a482ebb2
UViT-v2 config4,1900,5772,seq_5773,39c91e872ca10cd5a2e441263f416669bd9ae0f7fc1215743dd2e3f7c26d12c0
UViT-v2 config4,1900,5794,seq_5795,af4679b4fddb4f73d126e76f06f406a625e34be7173b8fd01ff942a34768b959
UViT-v2 config4,1900,5804,seq_5805,6601a8c01a6f08abf23ac8085819c51706a6c03e2922461c50574a71c2b6bd3d
UViT-v2 config4,1900,5813,seq_5814,824de36fe6278fd002b7b1f8f946904154366f6a104fcf3926477f97b7db0bf6
UViT-v2 config4,1900,5820,seq_5821,798afbb8bd95db35ccbaca27eeb39400669fbb617821219d97b616e4eb05cef1
UViT-v2 config4,1900,5862,seq_5863,75a3a83eee45fcdbe8c634d4f4d71868c00df46c1b7eeb2df56fc634080e9645
UViT-v2 config4,1900,5873,seq_5874,dc19b009040ccff2492d54e46902d8babd6b807dc8f17ed3c7f8608b33bc1c80
UViT-v2 config4,1900,5881,seq_5882,d731bf7c120e38ef62add5601e0e28c8080322aedfa431df032fb628177bc323
UViT-v2 config4,1900,5912,seq_5913,6afb05f202fb267030ad004443ce75438a0bdd9b0bdb5794b7a35684e7e3f1b8
UViT-v2 config4,1900,5925,seq_5926,52cccf2b6ef6db019c410b2acf41c08e17a646330b2527d48e9c123dd3ca2424
UViT-v2 config4,1900,5927,seq_5928,ba341ab6bbbc2509d692c7ea072195f0051e8a2d73ec03dcd27d3432579bb1c1
UViT-v2 config4,1900,5930,seq_5931,07dd506fc2fa716da3ba556381d20eab3daa2023447fc564b476837075be789a
UViT-v2 config4,1900,5934,seq_5935,8eb0cbaa0a0ebafa1f5f52e3a0bf815fd52597ff5addb1a7f6cf9fe4b49ba850
UViT-v2 config4,1900,5947,seq_5948,0e8cd1ef17fc111953e378e5e36cf9c2ed862d3ba6b35fd3d7cc88cd6b463396
UViT-v2 config4,1900,5967,seq_5968,fd7fe32db0e25a3de84c83493fbf21c2d43ee686e4ee5310e27658a910692682
UViT-v2 config4,1900,5974,seq_5975,957b0f16c44b04c86f44110c8b8814efbc01117faa1458b0f11045a4e2515bd3
UViT-v2 config4,1900,5977,seq_5978,16b533466e2e830fac5ecc6a1c6947f15335bc0cbf976a6a95f68787e0ddee29
UViT-v2 config4,1900,5992,seq_5993,f4128aa91ff802a820e13d0d9ede951bdb5663c935d3e46ea9a833cd08d27c11
UViT-v2 config4,1900,5994,seq_5995,f8583e9255010601177928c827b085fda766b29a5905943e12cbb31db622b29c
UViT-v2 config4,1900,6038,seq_6039,b7e992d947eb8ee0857a0deedd0b7090ea54dd51d25aa2925bd09c0ea78844f7
UViT-v2 config4,1900,6043,seq_6044,e49b0fb1b391900296b45d965a8b955490a9676f9c04439286790e5d70148ef0
UViT-v2 config4,1900,6046,seq_6047,9d900a33e8319f1c1fdba6e713163c6e47e71bff59889fa08c9865639cfa3f4e
UViT-v2 config4,1900,6049,seq_6050,6b6ac5aacd37bce9c669a912d3c92d6f9809908a573d2445954ebfd06d8eefd1
UViT-v2 config4,1900,6054,seq_6055,b284105c9a315e96106e51421470331c034bf91d45f4754dd225c67190f643df
UViT-v2 config4,1900,6065,seq_6066,5718af01d5ff8206eca521fcdef1088ae72cc224a790e7b587efc584adb9ba8e
UViT-v2 config4,1900,6071,seq_6072,70435bfc0a68c15d4c4f8839347cadbab6b1bbbc4a16c21e7dafec5bb5419ee9
UViT-v2 config4,1900,6086,seq_6087,c121e6ca95705f106246cdb2bb2926399470b6a73cb702143ae9d04f7e7a2815
UViT-v2 config4,1900,6118,seq_6119,47bc8c48e7b70f5b28cc8fa5442938f40ed60ea0c1be21c8f592e04f176ef8ac
UViT-v2 config4,1900,6126,seq_6127,46decd884a0b9df847d9011415987a480d167f7f49b4844b954927e3064077c5
UViT-v2 config4,1900,6141,seq_6142,5660f154fbfcdd6ddd7414d55bb46c0f619835726dbabbbad76fde179da3b3e6
UViT-v2 config4,1900,6149,seq_6150,2350a43d43c07e86f5d04a540948aa9439c65392c5edcc32bda747419b23e673
UViT-v2 config4,1900,6180,seq_6181,284e86f56543230e4fe9ff99dc60c2826611d65f4105d2341d2201f8f81d796f
UViT-v2 config4,1900,6201,seq_6202,5f9f832fd36ea3f5fe36fcaee8a110e3aa296902955d00128bdb912f932de99e
UViT-v2 config4,1900,6209,seq_6210,e80f91d4a93d057ccfa351ff48433bf1ee30e38053a92c588affa2cdba50a4b5
UViT-v2 config4,1900,6211,seq_6212,9240155bbf7ae63af18a3098414677e0cf7427dd3f912838fb996c9163b21237
UViT-v2 config4,1900,6216,seq_6217,ebd19a908a10779dd52ff415e284375bc7df246d388f25a1bf69e98ed3fef1b5
UViT-v2 config4,1900,6224,seq_6225,b51b8ed585e6a06727fe10d0655d5c594849c63050256e580fcfedb102e7622f
UViT-v2 config4,1900,6226,seq_6227,c2ade1bc2d536a36eff422eea5248100409d0387ce5c11f51cd1cffacd48dcbd
UViT-v2 config4,1900,6227,seq_6228,a519d140ac4e797ab183b650810c83997e15e83357c834fcc32b1f8c0a329474
UViT-v2 config4,1900,6232,seq_6233,a604ce8dd3dd247445d2d1597bd7a0f5dbb3a82ef900a68beb73e242de0f8a3a
UViT-v2 config4,1900,6242,seq_6243,a839642e70ecf91cc984572556950f598417094f25b0602008bf9c539b45ed06
UViT-v2 config4,1900,6246,seq_6247,041f9ae7965663648e8aef66014c21197115274be1e2addb83c420db78e7b0ac
UViT-v2 config4,1900,6248,seq_6249,d0e01512cb1f5ccba74cc46d1ab1ede61d292b1b7d321448c80fd82be3fd8d0a
UViT-v2 config4,1900,6252,seq_6253,6f30d44cb7997ea9b7e80068d8d702f5cd8cb2aa40e7db10d5dc5395e95f505d
UViT-v2 config4,1900,6267,seq_6268,dea2d18569533cac0ac74811795c0b107a4a24e486f15a36eb899fd0d751228f
UViT-v2 config4,1900,6274,seq_6275,0fec4dc0ca6037cdc7da9e616116d9c2e4e055f085a18d6e1c4df54b09876b76
UViT-v2 config4,1900,6275,seq_6276,26e974d35ec5e11574b28cd86d2d855961d60c1fa1f94cd542dbd6f143bba42f
UViT-v2 config4,1900,6284,seq_6285,10d2c903717c07099620c3553b4b00dcd32a22b80e473b4ea23880c5f9c67fa0
UViT-v2 config4,1900,6291,seq_6292,f3d47fb7c9efadcc480b14835569956a005ea465e4ef9ec3115539739dc08e4a
UViT-v2 config4,1900,6302,seq_6303,7b59f91e6a4108c9637da68454271a027b38489b7b2a080b3d00cfbbe1c435d2
UViT-v2 config4,1900,6304,seq_6305,c68302566afe8981b760da99321baf06454b036ab1aaa3a35f76d921bd38f118
UViT-v2 config4,1900,6311,seq_6312,1bc1914c924ff8d5a96a798dc9153bd67409b14bc448d5510e319ff18045560e
UViT-v2 config4,1900,6325,seq_6326,e2524f0200a9a7600893d30e8221486dab8b513ae132595e7195d6748d5b61ae
UViT-v2 config4,1900,6371,seq_6372,5d144f78ad1cfb045e2048ebcb7e4eabf509d2fff5396615d8c16a9680d351c2
UViT-v2 config4,1900,6381,seq_6382,042600f334bc7a21352edb81f27ccf8b5be355cd295ed19f08c070036ff689d6
UViT-v2 config4,1900,6389,seq_6390,932e346927030e47134f5132d9b90092c852c961113b2fda8233e3a13e7d72e9
UViT-v2 config4,1900,6396,seq_6397,b0c506bf78559dea02d6818eb98d9eeb3ba9dcce400efceddbe1e3a41f1fdd18
UViT-v2 config4,1900,6455,seq_6456,646936fd228da7ef448938bff1c6b5db1ec10a45347150c24e73b30e1c6a6ce1
UViT-v2 config4,1900,6464,seq_6465,56e7b1ba6ebad2655999970b0d6e7c5106d7201b3b616825024f49d2263ef534
UViT-v2 config4,1900,6482,seq_6483,bd15d415c91832ede052efc21ef451f571a2f3bb34f8b690202bcca610c470a2
UViT-v2 config4,1900,6484,seq_6485,cf32be14f81f591568ab8d51c6116050bba02bdc6ebdfb34e5dfccb13c8c3887
UViT-v2 config4,1900,6498,seq_6499,49c4f3c75a99222d7c33a80f55dee4a34f745790e21c50f7cf7de890050d7f57
UViT-v2 config4,1900,6511,seq_6512,1fb3b57c89d7acc6367af1c8f4bd2ff5026f7278bb0c08473e1dd6a109406f29
UViT-v2 config4,1900,6512,seq_6513,f5a25583dff34a205c842eddf09160b797a4239de6851c5f48f15406bc621678
UViT-v2 config4,1900,6528,seq_6529,aade9b6221d408ee4cfeb7e19d1e60f8abddf0788a093e60546802baf7d8cab6
UViT-v2 config4,1900,6537,seq_6538,01d2106a7a2f5f26f1ef42e03aa400141c3dea5f55a69166879faddcc721d44a
UViT-v2 config4,1900,6543,seq_6544,4d373add9c83938c53313650e2375b4076316a17c6b8da3155a3b4d251c2c3f0
UViT-v2 config4,1900,6547,seq_6548,9db4d9292b8b551a95203073893594ce56636283181ac745f96404b292705da8
UViT-v2 config4,1900,6548,seq_6549,a128f4421bbb5986399de179f2b7492fff42e784ef95392e21c4616b72c0df5a
UViT-v2 config4,1900,6561,seq_6562,602e4345358e1e3791744ee89f11d48460dcf3752a28c8581026e562973ea24e
UViT-v2 config4,1900,6565,seq_6566,70e6954f496430dca571b7c37a4fea9e0c700c73044bfa63bd2cd7b6b74a88a2
UViT-v2 config4,1900,6570,seq_6571,e56c7210745db2138efe7fe3649fdd572a2bfe293385c6c381429687ae6845f0
UViT-v2 config4,1900,6572,seq_6573,e205272cba90e64515cb07c34959d17c7d5c5f1ea63bd0fae7c20c1f0dcd8b86
UViT-v2 config4,1900,6592,seq_6593,48aa3c1b3ad7563dcda157e6964a4268227144a5cd69e73af2957a31c1bdfc51
UViT-v2 config4,1900,6594,seq_6595,8f6d79a7cead274112b72b1b2a1b4ae3a5c70f6e7d792ed8d115ff1bf5b17577
UViT-v2 config4,1900,6596,seq_6597,58889ad3296f9579a722e94247185b5ecd949a1cf208ce16ebda071b692ac4fd
UViT-v2 config4,1900,6615,seq_6616,6874131530a241bb90820fef85b017a424282178558268f147b3ca2aeda929cb
UViT-v2 config4,1900,6622,seq_6623,145e19376d30fa2b917469440bd0acf22ba059b7470a58b18771b6e6ee39f492
UViT-v2 config4,1900,6624,seq_6625,1d1a5f9c2bc136f5a7a512d199c1889ce1d62859b39f6b2cffa44e4aefdfe351
UViT-v2 config4,1900,6625,seq_6626,75228569c9a6a5fcd6e1ac7db4ad7f72d52e535efe23d8962ebd36aed54582a5
UViT-v2 config4,1900,6653,seq_6654,52563e04703be5a5464edc1d699cad357321ff2b4d0388b9ebe9c812b8181149
UViT-v2 config4,1900,6658,seq_6659,d615be4d1c057538f22def295a6d4de426bba3bf261535e5b45ea1a1fb1dcf3c
UViT-v2 config4,1900,6669,seq_6670,b8e0d775c53885acff3933473ac9bbec02f2b051543d59b0f3af24b905caaa12
UViT-v2 config4,1900,6678,seq_6679,7a89a8130112d7b83acae319449652fa7d2e1248394766f5fc5f0af172fdf02d
UViT-v2 config4,1900,6684,seq_6685,0ee98a478362dd90cf41db59790f8da924f4e4f46b199f9e7e07c3de78203b1b
UViT-v2 config4,1900,6689,seq_6690,6692ab7ab6ee5193a48749610e6caab5a0b1f77364bf16a43b77df68ad34e038
UViT-v2 config4,1900,6690,seq_6691,61f39370281b6cc192529ad9cd067381201cd166b9b9dbd1fccbfd13ca848e11
UViT-v2 config4,1900,6691,seq_6692,6b9441189e579661371e9d4d88ac793e14964686c99a8adab11e6f5555b1cbdc
UViT-v2 config4,1900,6693,seq_6694,4a2759de90a9ab14ec923f611137ce17dee789f92c84b96235f9d43733a20c70
UViT-v2 config4,1900,6717,seq_6718,dda14f5f9449e41ad05c411a32b868c2b3607e05d520cbf4b86da1b39c8d2324
UViT-v2 config4,1900,6730,seq_6731,cbf484f5402fb320163bf3c0f0a251624ca0195601b3d1e1a683637046be6717
UViT-v2 config4,1900,6735,seq_6736,1446e8e87eb06ccc68ab8e7b2aa2dbcf5832541f71c3ca11ebcdef248aeb27cd
UViT-v2 config4,1900,6744,seq_6745,e78e598d6a183c7801242c7e37783d1465548bcd9df964acfb674d0abf40237d
UViT-v2 config4,1900,6745,seq_6746,148558e148dfcbaa6b07025ca2082b22ecd16578a2275000ad854b33d032e303
UViT-v2 config4,1900,6751,seq_6752,59bcb2ec77012599390dfbe68075b87e175c5e5a9f33886bfb46db22dc24a2e8
UViT-v2 config4,1900,6755,seq_6756,3605a9b74a4163f60cdb3d14028ca54b7c7378c0755e3314ec7855d342e425cb
UViT-v2 config4,1900,6770,seq_6771,6f71e2535755c928ca3316b7359b3d48d68b9d089e74c50489be547b637104d7
UViT-v2 config4,1900,6790,seq_6791,8910ea047f5724fc4b66255a0012951622dfb3f580bb76f93ba9a1c3a9e8fdbd
UViT-v2 config4,1900,6797,seq_6798,c86eff0f8e06c40a119d30d8faab96c5635885e1553f30ffc33a50403022d574
UViT-v2 config4,1900,6798,seq_6799,8ee55f98160ce581d579ab2061383b96ec8adaf961efa2157b7c66f1561d4be3
UViT-v2 config4,1900,6807,seq_6808,365236487ef37f90faebe5f05081fae347b59778539b1e7a081e4a1e1702c2cc
UViT-v2 config4,1900,6812,seq_6813,7d852754a627eb20a258c2db6922e1dc45c6b452347e7300d15f46d68056e784
UViT-v2 config4,1900,6818,seq_6819,d55d7cea807c934a990bd76dfddc673df55b7901bac94804a8edc1261113660e
UViT-v2 config4,1900,6865,seq_6866,93c4f639cb484e220bba6e39e511beb774ae67715de37d48fc3f79e4cc9ec99a
UViT-v2 config4,1900,6868,seq_6869,f10fb65782f2a56c4b7e2ee990e8e7065bc9aae64fa653f2f18436c5055c3d2d
UViT-v2 config4,1900,6873,seq_6874,ad775e0ca4134a656672ca6e22e36790065c3614c29f3e89a45bb4ddd537503e
UViT-v2 config4,1900,6882,seq_6883,3aef57811a2a414bffe363cab0ff0b5880dfaaed73988ea95e137e69a110e72a
UViT-v2 config4,1900,6883,seq_6884,ef260bfeed999c2806f931fd89340fba15d7b4ba65df1f3a48b580ba4651f4d6
UViT-v2 config4,1900,6888,seq_6889,f679bfd6e26b4a2cb085cc66aefdc8938cbaadd9f345bd61db19ddbe54c16b2f
UViT-v2 config4,1900,6906,seq_6907,cd82ed8eaace1c872c0c33dd7c098807e46e92fff632b7d23eb428adfeb9b2da
UViT-v2 config4,1900,6912,seq_6913,e9e733f8191694e182adbd24be94fe79773d6fc3e9a571647ab64395b922074b
UViT-v2 config4,1900,6916,seq_6917,cd20efec0d8c738b23e7e19c36d6b6bce417a25cd3bb459a19890fc3d803d676
UViT-v2 config4,1900,6924,seq_6925,f2fd01a4d96a6c9ede41259b614b13cbaa47574f0656f7db330de4ff8b29a1b3
UViT-v2 config4,1900,6930,seq_6931,8feea84e6c2e33cc6d61f8a6aa27563cfc40b8bd10f8abf3c6a00ba680be9243
UViT-v2 config4,1900,6932,seq_6933,d832a70d3738411448ecd6a771706c8d5fb3af7c0d351a982288d51f42eed09a
UViT-v2 config4,1900,6939,seq_6940,23d57c1b7005052a04d4c29ddd5558e25b727e5063ac8c8b1995354ec9dc51e4
UViT-v2 config4,1900,6951,seq_6952,63f0e74cafa5fb29f9261e88d004e8049980261050c63269bf1e6fe92b36848d
UViT-v2 config4,1900,6965,seq_6966,06e14171388580ef8044bfc7e6c73797be7b44e37cf4d6d0c91f9460f546b235
UViT-v2 config4,1900,6971,seq_6972,6202c1d50e4253cc0d198fe88cf4ad23659470204f1d9a7465b626c9e4fe65b4
UViT-v2 config4,1900,6991,seq_6992,411525bc8329aa1ee14385465ee73ba7ea4ebf3e447847874d9c745c1c3f04e5
UViT-v2 config4,1900,7007,seq_7008,8dfbebf862b8065349eb61563aa967186e3791ac864095548901a20a3aafcbc6
UViT-v2 config4,1900,7018,seq_7019,e19950f06a4b9219a689c6f315588c1a82a727afce07d2e44bf102b6c2b4467f
UViT-v2 config4,1900,7019,seq_7020,8bc897ea7db30c3dde6d952f6988299651cb6dc4fa93573ef764a5ec21f18588
UViT-v2 config4,1900,7022,seq_7023,ff12d0be76457169415e720c37333e0e73da76fe95984c903fe71694046cbc42
UViT-v2 config4,1900,7025,seq_7026,03cd7a9970c310d76351837f5a1d668e42c6e3c415343338916b1051bb02fab3
UViT-v2 config4,1900,7041,seq_7042,d78d9cafb3902d3ee08ca429c27aa48ab759bd30d85e2554c5112cf293411b09
UViT-v2 config4,1900,7043,seq_7044,f9a037964c3606ae4b0de33c0e101c705877128bb920bd54f7fd6899e42b5d33
UViT-v2 config4,1900,7056,seq_7057,f1f7886898819bf36fec850451b54316a180b0e6768ebc593a3acc615a446d31
UViT-v2 config4,1900,7062,seq_7063,f6e5ea0bbeb2dceeea01f0cc056e89ca7c722a37f8d7c051dffafdbb37e5c2e5
UViT-v2 config4,1900,7066,seq_7067,90f5e38df7a7c499fead2aeddf0a99079f8f47ce59d24d0b817ae2e5bf8f4bc5
UViT-v2 config4,1900,7078,seq_7079,f1939afa09e1762abacd0a3f6317594bf9e0e372f18dfcb3242c9dd7676df508
UViT-v2 config4,1900,7102,seq_7103,76167ba8c43704f5e893c3d6032f23fdf6134b191b87d7fdbd83b2e2d1730f7e
UViT-v2 config4,1900,7110,seq_7111,f97de35b67eef89cb3a77c250c842c783e2e83d77ad30408a2dbd793b3d7d074
UViT-v2 config4,1900,7119,seq_7120,1883532faf41189b9aa5f5b03c3c6be878171c76c52b3d2bac6317e142138d74
UViT-v2 config4,1900,7123,seq_7124,d75164b38750ac29ebb8b3b37f344080141458f07812326cf42080af3d346ebe
UViT-v2 config4,1900,7135,seq_7136,a4c4e9cd10da4c520a697f6a8a20eabe1917b97777bfa1d42dd32c9f1870afc7
UViT-v2 config4,1900,7136,seq_7137,6abcae88357b59d663cd7d9dbcdd0c6496ceda62abf2798506e3cf28249dee29
UViT-v2 config4,1900,7140,seq_7141,b47cde7449a6f10b3311802322cbc67ae3ae466c134998baa2c05c69fcf7c6e7
UViT-v2 config4,1900,7141,seq_7142,f5e5c0af1529c601aabf292402568be2bf29096e9c1107396e8de96dcbcbcb60
UViT-v2 config4,1900,7144,seq_7145,ae361b854685f5c827be9d78470c15925ffe6d7a6b1aa703f66bcaa02f0ea32d
UViT-v2 config4,1900,7149,seq_7150,135c5a9d51c6ee2ab5924d503a9e9ff21a8b8a53eaa6d26e6fce507ebff5870f
UViT-v2 config4,1900,7172,seq_7173,d4d5c5efca1eea7fec5aece9a5255849e183c0f96edd7c95fd788f3736b4d2e3
UViT-v2 config4,1900,7177,seq_7178,0e65967bae0d2e16d80e9a6e4c01c35c9d1b0fe2bf52ca4bdc7c3e31198d74a0
UViT-v2 config4,1900,7178,seq_7179,a79b9cc00a78557f888edf46d000f935c3c8583b01ff6bcd7f4e406415da92d4
UViT-v2 config4,1900,7179,seq_7180,00cdad9c03c3af7c534e2c37cd70b848e0dd33481075c75b057040cfeab60131
UViT-v2 config4,1900,7195,seq_7196,7e9a19b17c5a74262a081bc68c5dab797e15f014b55ceff6893e692ca7b432ca
UViT-v2 config4,1900,7206,seq_7207,3b790b85cf34fb28083d7485af0255566a4f9962cede11d120b5830c4579c9c8
UViT-v2 config4,1900,7213,seq_7214,5a9ba46e002fce2a22a06cda374067fb7fc2542d5cb96b4814ada9ee32011fb0
UViT-v2 config4,1900,7216,seq_7217,b173178505cf14ca55bf8b2791e99ba84d53df1954b7d5820f2a515ba132ac66
UViT-v2 config4,1900,7222,seq_7223,44bca0d0a47483b30ddf120838572a40b454d5f6243d78548df5f494bb50482a
UViT-v2 config4,1900,7237,seq_7238,29c12a1528f2f595432063f2f125c56fdfb74623cb496c71b0f375bab3e74536
UViT-v2 config4,1900,7238,seq_7239,e8acb79dce5cc9d7f14b0735e29b162fadcc2ff58918a36cb167503a69c73727
UViT-v2 config4,1900,7239,seq_7240,c07b2dfe3243fcb95451c518602d2ec3d2269013898e2b3faec47204f2bf69b2
UViT-v2 config4,1900,7242,seq_7243,aa6f0199dd9b2e37501ff2b1ecd8d9ea76b5e14cc204568b1e605bc1f4340956
UViT-v2 config4,1900,7244,seq_7245,6b32ef4b8507324f6a8f4726083b69db1f6f83cefa9a87e68f0486beefced33a
UViT-v2 config4,1900,7245,seq_7246,bb628e4eb2033bb4058c9f43e0364715ea269b2ca2ba9f659cafe838b28b6bac
UViT-v2 config4,1900,7251,seq_7252,d055c3b7479afca30dc4cfcf5283c1687e418137682050641235a8883c9abeed
UViT-v2 config4,1900,7253,seq_7254,7abb6d5855cb9545c98a9f03eb85297151316b44555b25866bd34e3841c0bc70
UViT-v2 config4,1900,7260,seq_7261,63028335a7a5d93305d523293d97f63f1d2b4bf23ced8e59b93bf952a7064a0b
UViT-v2 config4,1900,7269,seq_7270,29c92e6928636191f1b4802a8349eefccb19a0968e7d5a66dd5b6edefadaca62
UViT-v2 config4,1900,7305,seq_7306,d4f0b77080b39f36c7e2e1d8d7cb1ce099e0853a560556db250f2bafaf570ab6
UViT-v2 config4,1900,7316,seq_7317,63b85396b8c2abe300bf23241639fb29ee58d75e9f29cf141ef1535f4a3c5a9e
UViT-v2 config4,1900,7342,seq_7343,481fa865f1758fb5ced1605d4e795e21bea70f8ec07295a15de05377b503c4eb
UViT-v2 config4,1900,7350,seq_7351,17ce4acdffd6996ab125d460e4f804412a3821fba5e2af0cb6478432aaf37dbf
UViT-v2 config4,1900,7359,seq_7360,aa4309c5f59704ea0964145489d50f3cbc0ec5ba6126f120aba9bb1b68573a50
UViT-v2 config4,1900,7373,seq_7374,3539200546135d527fc15d381eed01f7bdf32961ba1e49a3106e423e567a07d5
UViT-v2 config4,1900,7381,seq_7382,365c2dc6f99423d89b12fabdcd29f80f8d47af499b956c7dfd7fc5de56d0da8c
UViT-v2 config4,1900,7385,seq_7386,91991b3e7656b4fa6ef3bb8c04f60bfe62b8adbe4f264f2af43443cb13097f89
UViT-v2 config4,1900,7397,seq_7398,68a80deaf1c05f387d655e569057405f577b09b1dc9b9c2eb88672302833e0fe
UViT-v2 config4,1900,7428,seq_7429,4f3956af4b284f409e4bf63986079bacb3ab756eafda69e62b9edb76bc02bcc9
UViT-v2 config4,1900,7433,seq_7434,dbcce1d9446fa35fee0c76b3c15b536dd77dc284895d7280993ef9a0d063105b
UViT-v2 config4,1900,7434,seq_7435,9a44610c92ec1ddc8da6e034df0e12b2ca77203b046c3927902371d5609feb70
UViT-v2 config4,1900,7438,seq_7439,150bbfb20a8afdecf84f1db42429755739c3b5dfe6f13fce74bd15d80718dc10
UViT-v2 config4,1900,7449,seq_7450,96da7453c0fa5eb694c21c51eaf2ec2c4175916406823d6e952cafca400d501f
UViT-v2 config4,1900,7451,seq_7452,496671253b4e37d2ac5fa38d6eb46fed0c8764e6d6daae948ef73b01cdbd06a6
UViT-v2 config4,1900,7454,seq_7455,e713717e6c06c550de51a5b625038fd751d86673198430121f8437fd15e757b0
UViT-v2 config4,1900,7460,seq_7461,a0f75e1afddce55be08d3c9aa916714afc4d15891aafa023d093bb7341f004ba
UViT-v2 config4,1900,7461,seq_7462,32a82e7e773074c8654e5aa6d237571d243900ea0d1c393a2fee8cb2d9222a3d
UViT-v2 config4,1900,7478,seq_7479,7c29f083bc5ec5ab196583eec0f1d7bef45f42bd39a02c9bd7b54893844dc5ee
UViT-v2 config4,1900,7483,seq_7484,fb211c03bd6c02b76279237ebcaa7edaff779bc481297ec512a7c6a53cd65930
UViT-v2 config4,1900,7484,seq_7485,dc0b4d7a9ed3548456618f16b3536f49b63ef588a03465e8c6cd35c8bce1bc68
UViT-v2 config4,1900,7486,seq_7487,a330e288a4a37796103ea695936eac8f6d503f0b46534d2d0a55185197bc065d
UViT-v2 config4,1900,7491,seq_7492,a5913ff0889168dc0a0327ee2203fe57e00e3cf073f83f6a14aada3a9ce2c6b2
UViT-v2 config4,1900,7508,seq_7509,dee818774220487ea17dbe98f031799bf5e8606985ca2a86233e655be4a21716
UViT-v2 config4,1900,7517,seq_7518,e82a2357143f080e1627eb0ac10b2f740988ce53ca2a8c6d784a8de3c564eb60
UViT-v2 config4,1900,7527,seq_7528,5eaf4e437a2be6be20256ff86eb93b68e1843df68e5cfbd60ac1ce075d9322a9
UViT-v2 config4,1900,7529,seq_7530,ea5676a011bea75848ef7683ee5bcc3cac57eb422acc7e5f6ebf39cb15c6f00d
UViT-v2 config4,1900,7532,seq_7533,024bca8b9b0ef5eb526d3319b6bf755dd1165739ca06e53640c9dd03781a5b0b
UViT-v2 config4,1900,7541,seq_7542,515a694fafe6f10fc9fd0a632aa658772232883f0612e394fe7eee79788eb3cd
UViT-v2 config4,1900,7555,seq_7556,72a6eeca2511f3f8d65e30d2259af82efac0dc0b7a35e1974e57cbacc621eaf2
UViT-v2 config4,1900,7560,seq_7561,eada2bb3b41bf85cdcf7c90ef4a27141b74e7c81b8fbfe1c738a8940d16cfc38
UViT-v2 config4,1900,7564,seq_7565,4b3b2d4e868810ffc0bb34b583fd6e7261fa567f280b116613709c8ceb448906
UViT-v2 config4,1900,7569,seq_7570,df0ee80faa36e38e79e2563efd4268f223188c6d1f23d487c847768afa6d2425
UViT-v2 config4,1900,7573,seq_7574,8197d669be14fc0a975f4c3518d612f69fdc31dacfe349a6804f52b86b37ed68
UViT-v2 config4,1900,7579,seq_7580,ae363dba4bd3b8708a8bc9c3ccf2cfdebd5d1e8ad09d3d821db1d4cd98f5d36d
UViT-v2 config4,1900,7606,seq_7607,1c2e5c4628ba5a1548d4db86a97421a5ee6ebd4e6b2afcc1dad82ade39d4c099
UViT-v2 config4,1900,7611,seq_7612,f90856db85d4a56da1b69277a99eb043cd635a68aae7a9dd1efc99c79b1d6316
UViT-v2 config4,1900,7612,seq_7613,5d7a564bba1d74b80c5370ffbbcb7e2559aece3a9754298c92f033dcc1a520f5
UViT-v2 config4,1900,7613,seq_7614,28c84929c195481578af6a9abb018f2b3d08711290ae9752ac34911142199bbb
UViT-v2 config4,1900,7616,seq_7617,42d5b98c0b03ab805b077ba9475a4724c12e09ac069728ae1be69d595ca1ad92
UViT-v2 config4,1900,7618,seq_7619,6ffb145c97ff11af2fdd571f962e4ca7d13946389f8845aaeff556ecece12fd2
UViT-v2 config4,1900,7619,seq_7620,65f48ca53bab676208580a53771e6c907aa86e0d34306219431ee38701b56432
UViT-v2 config4,1900,7622,seq_7623,3093420a0443bd5876d5320d582a6cd1a3b95084bf518fd012f6168bef46e877
UViT-v2 config4,1900,7633,seq_7634,9e1fa04fb9f2538fce2b99ed30b82d5b68639d1da802dadd8735ed3e83148834
UViT-v2 config4,1900,7651,seq_7652,bad23eaae78b5b53d093497c06785026ad9b6d073bba554ee2983c23415417aa
UViT-v2 config4,1900,7657,seq_7658,023b96ba50e1471e1fef28bd1ad143164b814d9af355c5e712e929ec0d0da41f
UViT-v2 config4,1900,7668,seq_7669,a921b84a90c3f35e56b05978b08b0969a7926fed2b24fa6fec551acdb26f39cd
UViT-v2 config4,1900,7673,seq_7674,c9d298a8b2074f09b8c608432995c751ffe0cdf68e1e70fb87d5028533414829
UViT-v2 config4,1900,7679,seq_7680,7002ec49fa70f940c7e069bce08d48a312c642ddb30ee432906a3bb355318dff
UViT-v2 config4,1900,7690,seq_7691,c311be4d7830e304352b65af8744128bddb130a026959b9b26c6b669e8d4de2d
UViT-v2 config4,1900,7692,seq_7693,9ecc081a8d117ed9994fbfc62992d4e4b7ab9a2f2e859562d8ddb0085c8bd358
UViT-v2 config4,1900,7699,seq_7700,284b1dc929e63a09e8ec5d8847c8b69134a8cbdb1d473b466b21991ada051d24
UViT-v2 config4,1900,7700,seq_7701,8fc1b71827a96d0983409badd8f2eb6d19cd9136fc993a3b62175a495408d2a0
UViT-v2 config4,1900,7705,seq_7706,85f347385230a24f55ae126fd69f2d618fc7382e2e394de6a5a13420ee706f96
UViT-v2 config4,1900,7708,seq_7709,3d5d4b97b8bdd040f98e7e51f557f33521609dccd510d614a918bdbd3ca0c1c5
UViT-v2 config4,1900,7711,seq_7712,ead428f63bfcf372be8b7ddcb81d8ff8f1a047bb6c8fa3adb8380c1a768b6c80
UViT-v2 config4,1900,7724,seq_7725,2d3cb7fcc525193dff3e5aa57f8ba2174f4c739a476acf396d1c8b109ebf4605
UViT-v2 config4,1900,7736,seq_7737,e17c48f40113e18c44abeeb0c26f94357ec997adf977f0faec188e68cceec1ac
UViT-v2 config4,1900,7744,seq_7745,f819a77baaabd6ee22d36ea9ca3e7cda325c559c3503f6d9e7374e28ca3f7236
UViT-v2 config4,1900,7749,seq_7750,5fb98032dc4f797860e6e6b8c2817b20870d635431c2f7dcc740a2e0e33462c0
UViT-v2 config4,1900,7752,seq_7753,561af1cabc3d223c272d32101ee7144bd387a873c5851a4bf8c719862691c56c
UViT-v2 config4,1900,7753,seq_7754,f3a2cbf7e3e9c6a57d56ce9cda657602b494997db7b9820c2f862130cbbe5ae0
UViT-v2 config4,1900,7758,seq_7759,4be4ae57cc993dbac69754d6bfd34ba8a89dc100096181f419be9dce74ddead9
UViT-v2 config4,1900,7777,seq_7778,ddbab6a458c60218f2ec65a423cc82abf15b90a3218f1c15534a1f019717ff78
UViT-v2 config4,1900,7784,seq_7785,3067a65765618d49a58b0e25fdad9158729b51b19226a774eb580651e28b4845
UViT-v2 config4,1900,7787,seq_7788,a9e988e9ab134ebc9b7f97232295e3b05cf241640c706a252f32b26b453b93cc
UViT-v2 config4,1900,7800,seq_7801,7843a715f9e79d20ebad454fbff4474f6e1b42e818394041b510b981729350ce
UViT-v2 config4,1900,7811,seq_7812,e6963d4334cfe104298fb6a53fd388711e72b1746189b9279c99077ea52ecf0b
UViT-v2 config4,1900,7814,seq_7815,70464a84d83a86cb686157c0717afc6e71aeb1f31f3e884432ff2453f18abf5c
UViT-v2 config4,1900,7827,seq_7828,d611c9259d3aa780f000350ff18de63ad67473dd18cc27d9188323386dbd94ab
UViT-v2 config4,1900,7843,seq_7844,5b8687670d7a745f3ce9cfe53900bffdeab96afa8bad12f285b7db9522e9fe41
UViT-v2 config4,1900,7886,seq_7887,c18bd3ed7d967f2f1f3062200ce013fd3ddb6683a68e97bc2d3b8ca354fd8cb4
UViT-v2 config4,1900,7894,seq_7895,76ae6a3428b58c310c9063f0ad19c33dbafe4877e30083ca285e35736aa15e02
UViT-v2 config4,1900,7905,seq_7906,8a65da1b2a0010ef3967e809434d3b4d2f40bbf040cbd8f6360efc15f42a40cc
UViT-v2 config4,1900,7916,seq_7917,70863f160d3d8dfac6e4e984329f32d6751e406ebef5d58fe5c397f600d7e715
UViT-v2 config4,1900,7921,seq_7922,4654565f55b6460ac073e347299313f1e037064a4095ecacf371cdf8ba014cac
UViT-v2 config4,1900,7933,seq_7934,875c168723f2c607ed56344e87b45c85ad2d9d567bafa0141985d23449dee55a
UViT-v2 config4,1900,7935,seq_7936,148071589218fab42a1dfd2038cf77cf984cdae8459e46fdcc6e7632e77da5dd
UViT-v2 config4,1900,7939,seq_7940,096e1523ff216444607c9f10a4fec0f1ef9905b5ff669dc80948e09a12cadd62
UViT-v2 config4,1900,7941,seq_7942,cdebceb481d5cb410b279ba801483f60339b9e3e306f64115c0b7d76af65a19f
UViT-v2 config4,1900,7953,seq_7954,3f6f64cbf4a03feb4a132649024ca140a3133a66819db2755501e97b6f17e863
UViT-v2 config4,1900,7956,seq_7957,c590c02505dbf8f94af995883fe09a04cb6154c561c0e1630c4db5bbcdbe7346
UViT-v2 config4,1900,7962,seq_7963,35570afde92a17ea43c14d2ddf0d5882923a1503e337d0605d68efbddbfaf7bd
UViT-v2 config4,1900,7973,seq_7974,4e04e808a1b0974fef87bc02ac7ab4fe465f41361b29b7de8a1f01118021f0cf
UViT-v2 config4,1900,7988,seq_7989,b12dfbb4605729587d8a6c7870ed7a55e846ea345724faa6e2c084efd5e47843
UViT-v2 config4,1900,7994,seq_7995,b455f442c0da546cfff7e12dee24656ecebfd500e68d19d06b90eac16e21fa1a
UViT-v2 config4,1900,7999,seq_8000,293157bb66f10b9430caf366aad4a8d9e784f0e4c39ac534afc5e346c996b171
UViT-v2 config4,1900,8004,seq_8005,51eb2c56e170c35151b81aa6d3034f64b3a01541c347bc4e1e8eb2570d04eedd
UViT-v2 config4,1900,8005,seq_8006,89561036f119f4c2aaf82a7a298dd586b1f030f795988626f82f6742518117a3
UViT-v2 config4,1900,8022,seq_8023,203d29bd9a1131321f580c27c3755a4663a1321c67fbb094ce0f302e719e581c
UViT-v2 config4,1900,8031,seq_8032,fc4c4b57873f929e6076a46862ccbb8544b06018010444c4cf665600194fca38
UViT-v2 config4,1900,8041,seq_8042,0488b83469a6c0aa9442cbc854c059dac721a4c18b6d9a2b969de0e20767fcc3
UViT-v2 config4,1900,8042,seq_8043,87b0da55007c8fbe1891c6e22357f680aebf7393d8930033202165b038b14cf2
UViT-v2 config4,1900,8056,seq_8057,273841ce22e7ce1b65be669ff427f4ab7f59257b8ede2c01696899bb8e1d65f0
UViT-v2 config4,1900,8085,seq_8086,e1369b6b8ef669a00421eb5f6874a200ae1e41c796bd64728e30ed05c6b838aa
UViT-v2 config4,1900,8090,seq_8091,dece66951d43e937d4064d432b2e9546a205fd45738ce011f76ab77602a716c2
UViT-v2 config4,1900,8098,seq_8099,9f7ee6a8efc9bc8c73205e4bd462a749e682027947b9eeb651308904d7e7e88d
UViT-v2 config4,1900,8099,seq_8100,79cc6d3eb205865dfac4993cb6ce9a4e7c88752f080055b19c449cb9cf5fef43
UViT-v2 config4,1900,8115,seq_8116,f82967006e51882b96a46e5675d84f27f211281a63f60641e9a3dfaef0adfa78
UViT-v2 config4,1900,8117,seq_8118,ddb82107b3f7e5f1a9cd9bea54e57a0c3bcd400c911aa4c25fd67fee280cb01c
UViT-v2 config4,1900,8138,seq_8139,ec52826bd0461cf1fa759d29e44e7d6aaa971b29508e46a24a2d3a139c378f6b
UViT-v2 config4,1900,8153,seq_8154,77b6c60f44c2162ad70ac78df8bf85abb41b4714ac6396e5299b39d6e995d364
UViT-v2 config4,1900,8165,seq_8166,9566f61746f6d8eeaa1ba2169271d2fffa7ae10ba16f918ae7913f194bcb3f7e
UViT-v2 config4,1900,8167,seq_8168,8815bd3c4f2ee5a07b2f2836fd20cd83993942b3a2fc32b06671ddbeee6b3c77
UViT-v2 config4,1900,8179,seq_8180,7e9e8aaeff0e6f30b4fdde964177195bb6b9f1c76423d55a8a17926be21c568c
UViT-v2 config4,1900,8199,seq_8200,dcdceb19168c4c7b0ef4067f0d2124fd4939ef9feb11f852feaeef8c1cc1232a
UViT-v2 config4,1900,8201,seq_8202,9bba2f1db2a4f80ab8ac7d01b1a3fdb95b4d7d6d630c1c4d22b2b88c724e8a82
UViT-v2 config4,1900,8221,seq_8222,9ce5da4f4f8d8f7dd8a122c09e3811501c9e44c0a8a81f5c8d6ce95891b4cb86
UViT-v2 config4,1900,8229,seq_8230,a773ad7d1d3b8a7fff3125f3f6b792c2cc8eb03f6bb2b9c9ece19852147d5b59
UViT-v2 config4,1900,8238,seq_8239,9d13541772ba8d2dfbfba4c17739e31030a871a835e3fd7dfbca120255feb11f
UViT-v2 config4,1900,8270,seq_8271,1c77607f7537c06c6e00a96812735fcd1139173499bd8950ee6560c011f5f441
UViT-v2 config4,1900,8279,seq_8280,3c90d06ea8f4874c1b4ee1788cc5d564c017b2750239286d97cbfc3baa712230
UViT-v2 config4,1900,8280,seq_8281,087448d3705dedba743ee699faf4d9e5f7d131c18a0b8decbfacb583426728eb
UViT-v2 config4,1900,8288,seq_8289,691c4f596f272141f23cddc0bc6493d061a4919f33868378f8560b2119b15af4
UViT-v2 config4,1900,8289,seq_8290,893d443f44a56c8f42e62144a84b9d372e9812ee1bfd57becb3a09ef36b0fe3f
UViT-v2 config4,1900,8308,seq_8309,f5f3ac79edc7c3074eb392dd7813b5a02b9237015a840532081e02d5ca458dfc
UViT-v2 config4,1900,8317,seq_8318,a580913b440dc3d47e32efaab01f78a25d6214f1d2b2b6f71f03dd49863200be
UViT-v2 config4,1900,8318,seq_8319,4433ef77e720d4579c5aecdf160d53d4f5b6319e36e87e12caa3a0057d117b8c
UViT-v2 config4,1900,8320,seq_8321,68430bba4fa01e0124993737bcfbcc55563d73048474daae92fd9d5d31cece90
UViT-v2 config4,1900,8327,seq_8328,83ab3920cad79e988a68d0857caa8627bc4bda7b458f47464dce41eea22b378c
UViT-v2 config4,1900,8337,seq_8338,3a852fb6c266431d68af4d624dc87339c3cda046557df9e86cc3e647a0038129
UViT-v2 config4,1900,8346,seq_8347,56693906f9a1feb6342b465d2839a01a117beae49b2dba06723f8e257c019ac3
UViT-v2 config4,1900,8348,seq_8349,9e7f0764999657a825dbab1e2c46d55de03e14b69f7574023a3ea65e2d9d785d
UViT-v2 config4,1900,8375,seq_8376,bf49542a01f00a831c23adbeb450e349fdfce53200ebc69d3b2c024bbcb9f95a
UViT-v2 config4,1900,8379,seq_8380,3e85e66906f351f1b25bfef274e0e0e01593d18d3785b1e8f94787f3b589d45f
UViT-v2 config4,1900,8423,seq_8424,b58a4df653bc6ddcd2931f0db5e67cd108b39a67408fefc807aa1e9b5d172998
UViT-v2 config4,1900,8431,seq_8432,abe078e3094ae4bf7ed4f3b9d5f878a309fc3871730e4f8ed637d66e5c548815
UViT-v2 config4,1900,8445,seq_8446,4d11e5b89b574d03e9e5b0c1c297bd629a787f803c2dc940353339874466cc15
UViT-v2 config4,1900,8464,seq_8465,b2cd7cdb13783e4162aaf40f61f5d93580b8749cb04410dd17cbe84a33cd4e4b
UViT-v2 config4,1900,8479,seq_8480,614a8b6de503c8af2009a3a42e6cfda9373b2fa3c70d214c92e8a165a20245a1
UViT-v2 config4,1900,8486,seq_8487,2faf80a8920a5802b3583d60416d83fa9af659a5f7759f2a5ec695e71d71015c
UViT-v2 config4,1900,8494,seq_8495,a18bd304a75e3c316be4644d88750c72926daec9f6ab785526d6cb1fc03afe0c
UViT-v2 config4,1900,8502,seq_8503,d5b9d54cda892352439970953a65d1cbfafb3b5e87e4b629527f64136ef5c34b
UViT-v2 config4,1900,8518,seq_8519,bcf7cea2d9fda0f7734a00b8c464e5f3d1c9b49a6e0f9daa9e08c98ed8736993
UViT-v2 config4,1900,8540,seq_8541,d0a336db0c20ddeae562808d72e917b27f98d34d1fde868672d566203a23443a
UViT-v2 config4,1900,8548,seq_8549,bd964ffdce515e4a1a55871ac3cf84ab7b2e088dd1d472fb0aa7c079c03a11eb
UViT-v2 config4,1900,8561,seq_8562,0472a9cb70cab0b50a70df7aa0203aca4a771739674774e4e6535183142313cc
UViT-v2 config4,1900,8565,seq_8566,34a6e9bba11f8f546517acc7f7b68fde9a01c3de4f2ecbcc9834ec4b24c7b5a7
UViT-v2 config4,1900,8595,seq_8596,d93d180ebd609719656691f4f2705a6980d7a8ad06e0d7a3efc33ca924951624
UViT-v2 config4,1900,8617,seq_8618,14e1f8a4fb4d9417806f6aff6e6068216d9b6dd2332b2d981b22d965a828a4fd
UViT-v2 config4,1900,8645,seq_8646,76ba49e98ec951f8804bbda88bd1618e511e4e94982b5b6ab95f2f6fe8a65be6
UViT-v2 config4,1900,8666,seq_8667,839e39236b69d231e2f14e478ba68525eb48097017b22fdf7434b6174151d17a
UViT-v2 config4,1900,8669,seq_8670,642f4d284cec80c8724e5d88cef4c55f5dac627c6f47a67922864c2ab4536563
UViT-v2 config4,1900,8689,seq_8690,ffa286929e55d38dab4c7bf5ba3941816fd6f0c0796218466de597d1ebe01b9e
UViT-v2 config4,1900,8697,seq_8698,b7380f2184a6cccdc56722dbe1c019700b33922274ad9d86a2093d4d73d2e79a
UViT-v2 config4,1900,8698,seq_8699,4328f992b096536f567be8f2d9a39360d79400cab11cab108e394f425e231ad6
UViT-v2 config4,1900,8701,seq_8702,7d90c840aff70817a3ebace875e8e18f0ff2c236abeb474b2f6a38e04bbe0af5
UViT-v2 config4,1900,8702,seq_8703,0d0f1b702eb9383412ec0223abf3d7e1d3ed2162f973519b25802e8a23aff8b9
UViT-v2 config4,1900,8727,seq_8728,c19a9bfc3db392b5d963693b93c4c4274e617fedf6061f5a5274b44c4cee2618
UViT-v2 config4,1900,8728,seq_8729,de8ed0ea354928bb7b667e7ef16a1b10129e5f1b4914ed864c1fee72af4c8d45
UViT-v2 config4,1900,8742,seq_8743,b9c862418ba8a4dffac37e51c468f3fdfc631fa1f56e9ed88d4790bd708aa6b9
UViT-v2 config4,1900,8751,seq_8752,57275e62546bbb9416d5d0036964e103cf0c1e6b29d4748a9e150935edb97731
UViT-v2 config4,1900,8779,seq_8780,94ef9e1df4b91980a5b6971731bbe22ef113a887fb18e0e473f585eddd8be568
UViT-v2 config4,1900,8785,seq_8786,50cf27dc143d2d6c6c61ef3afcfede73e7908f219cc52bfcdb44912591d49f11
UViT-v2 config4,1900,8786,seq_8787,9eca8e8b5af35dfb076ec3ebf94b5a03b9962c3b9d935907d5a62ccdd6de36e1
UViT-v2 config4,1900,8791,seq_8792,79654c99bc16ecfdc1171fbf7ab65e288fe8fda1104bdc2abd4015853b2ed2d3
UViT-v2 config4,1900,8797,seq_8798,a5c5ee34300592f34b00d3e723f4c811d831cf8a25d4b52a771a2f69cf522352
UViT-v2 config4,1900,8808,seq_8809,2358b7dc2133ff7befffad9e809ac5ada44bd7a9bb6f68acc21a8b610f1db866
UViT-v2 config4,1900,8817,seq_8818,c0c8cb27511b44af78034fcdcd12a500a15e0cb37beb15b0a3f7aa4a845cdf6e
UViT-v2 config4,1900,8818,seq_8819,eea547180900e8abbfd5c54922d4c2c07548b130b81559eca39680fbf92d104b
UViT-v2 config4,1900,8821,seq_8822,35e845a691550564c4641422bf03bbc01e9db0fa78b08661fd1c7f2b2b4b8a96
UViT-v2 config4,1900,8824,seq_8825,92c302e4719c4b717ec7bea6b44f6067ccb1d7a3f7301ef95415add990e5655d
UViT-v2 config4,1900,8830,seq_8831,1f72f02886ae29feb98da9a59eb673202c1b3015e45a676e765d84b560f95e3c
UViT-v2 config4,1900,8834,seq_8835,6cae59e1b7191f60fd4ea2eeefa3bfd56fb299b9cc9f7d665c68e2750b2aa278
UViT-v2 config4,1900,8835,seq_8836,cfa61354133fccc3673704d86d0f7903666664609444499f458510314c46aa18
UViT-v2 config4,1900,8837,seq_8838,f192c1773851af79ad3f30bcdb78cb1bf8fd8c1c7267ae29fc8c3aee668f027d
UViT-v2 config4,1900,8847,seq_8848,aa76460e9dd5e6f0fdd5c5b0a4cd806ae9a5221d05172cfd7ce84d5460aa4f83
UViT-v2 config4,1900,8849,seq_8850,cd0be8456537878e7e309c32691d1eecd9b53544fce44c024d10c5996660bf32
UViT-v2 config4,1900,8856,seq_8857,62b0ed93b4532fe58f27177cd8c0b18724a98b7074bca549520c2396819430e6
UViT-v2 config4,1900,8864,seq_8865,1f0fe88c556a168fe16ba6906eee04aba888ad7baba5bc04ce371664959866db
UViT-v2 config4,1900,8883,seq_8884,6c88049d8bec926f082f3380968c3d065674baf390122dcfdc7acaa9dec0577c
UViT-v2 config4,1900,8889,seq_8890,ebbeabc6b62911ae9679d8ad16d9fa80345486565d66e749e75c96eddc23588f
UViT-v2 config4,1900,8890,seq_8891,aaa4650588eabd01d1bf7b6d9ec3e9e3c53b1ef9e875302628ec52bb6078cc89
UViT-v2 config4,1900,8900,seq_8901,f05fc005f03eea3ed771e388a84fe2a4f1ed924bada2a93dd3edb7725e1b0626
UViT-v2 config4,1900,8903,seq_8904,4f832ae157d7742a590f10ed45b313ed07443d3086d94c08d92f16feeb96444b
UViT-v2 config4,1900,8922,seq_8923,f75defc26c486436c809a7e07cc3b58f5c3fce497e8042dc4364ea334e088a64
UViT-v2 config4,1900,8928,seq_8929,5ab4149e01c51839f6559abaa73a324d26fb05cbc94af7fa93acddb6019d8681
UViT-v2 config4,1900,8935,seq_8936,d48f080ed9f2bc3ad25360d05a57a0c91b1db2a63197cc9106f08fbeb6db0046
UViT-v2 config4,1900,8938,seq_8939,0cb4dc5e432c36e4318b6663e81b7eed1d132ef54838ef6cb9f9ff7789cf11aa
UViT-v2 config4,1900,8947,seq_8948,95213aec7fecc4811d9a0214361860d252219afe31771b693afcdec1f5b6f815
UViT-v2 config4,1900,8955,seq_8956,b10cdedbae94301c2f3b375ab9180668484e982ff670185620afd1b30a082918
UViT-v2 config4,1900,8976,seq_8977,e49c1f2d0cd2e5686b1bb3315e7f6681db4a4f4748356a076ad5d4161b7ef6c0
UViT-v2 config4,1900,8977,seq_8978,5defc3eff2b024d60e90e705383f937084328243708dac851ac9431dbe948340
UViT-v2 config4,1900,8998,seq_8999,65b67e1195b058d2c8166b7e792f2c2081849c4f73bcf53c3b3c6f05a4c045c7
UViT-v2 config4,1800,6,seq_7,637235ebf4db4370a9ff790ef673305b5be3807560394c9f3f1fe101b282ce68
UViT-v2 config4,1800,9,seq_10,57388ae0c6cb6755343b74dabf71bc825f056ff14eee061e49cf692b8208d084
UViT-v2 config4,1800,18,seq_19,5bd7ad506f9eedc31e0d19dedc253069303fa8aef070b0ae938ea7a43770e8fd
UViT-v2 config4,1800,27,seq_28,af15d1e643671366713895f588e8d5fb564e0b1a9e7e8cf2cc65a8087a2bdea2
UViT-v2 config4,1800,35,seq_36,c9beb0b3ebc86213cc06a15e71c5405993aa2a2d2316497d0921079e460f9aa0
UViT-v2 config4,1800,42,seq_43,dbb554481e58248db00b4866fd61881d99deea8c2b99ab2d91fa3d8bedb9b130
UViT-v2 config4,1800,43,seq_44,8bc3d88d48c98132d627a2a27a051c564da300dc997ccd318a1ba4aa5cce29eb
UViT-v2 config4,1800,53,seq_54,6b871f2f119d24b012cb6cf3931b08f8ebfd1e0cc9b7f39ca5c771376a020e6d
UViT-v2 config4,1800,58,seq_59,3ed5a5e62ecbaaabd537b9f69b7b2df69e8eb024fcaad6fc5d01e323dd309e77
UViT-v2 config4,1800,90,seq_91,f88f919d3edf7df3f48fd6a8c8ebbadfd98bfcd3193c4a1b751763c959cbfeaf
UViT-v2 config4,1800,96,seq_97,4c3ea8a0ca0d0846276f59842e5c05bf012cc53e3f09f2d3022998fa4b7a334b
UViT-v2 config4,1800,106,seq_107,cbf628e59754f3c0f1d7792caabb94aa879cc08637490d946883ef7ba088aa57
UViT-v2 config4,1800,117,seq_118,b33f0e891e414e3bda303fea7b697ccffaf00a4a3074a1aa806413ec598f2c4e
UViT-v2 config4,1800,128,seq_129,712021f2bca0bb824264dda0fdba32db334dca2dc2670058e9b3ceb5dd4d180b
UViT-v2 config4,1800,132,seq_133,f47abd4a06de142dd0e17b96c5f88896236e00cadc888d42dc9102852d86fcb0
UViT-v2 config4,1800,152,seq_153,af20b5859be2a6e4f91f9fde11314b6a5aa33202e7e6b53c3bc49537fc129728
UViT-v2 config4,1800,153,seq_154,d3413982b8d94997b780d6a98898ecbb962d08f58db4879eb23da41f603b9b4e
UViT-v2 config4,1800,158,seq_159,2c7d06fe470b8238d1675d1064b89585cd444053d1fc5a26ba67bd4fdbc17b57
UViT-v2 config4,1800,166,seq_167,c46a3f3f48555b82660a85a9748bc060b253e83cd9db61a9516ca4715d48750a
UViT-v2 config4,1800,188,seq_189,0d9a176e6c9995d714afed515fe1f02db196a49f52b425cd25a23aa75be2cbaa
UViT-v2 config4,1800,200,seq_201,0a06702f993e7166f1fbac579a5dc2af901b244037425ee5150c61d3f1dd5fd4
UViT-v2 config4,1800,207,seq_208,48d4eaffed5a88eea724e234cbefd392b34f1c4e6301bf1a42d3c7ccabcc438f
UViT-v2 config4,1800,224,seq_225,97863a3d957f1d8ee036fb4a26f0f96e24d0488bef30b37b5dca58ea4c634322
UViT-v2 config4,1800,228,seq_229,1d64fbca965448ac50f9dee139b564cb48d5d6d9e857272783007f0b1eef8c36
UViT-v2 config4,1800,231,seq_232,66e2b89bd8d17411f3812e05f6ff98d67b07b4ce8124fab9e1c4966f486005ac
UViT-v2 config4,1800,241,seq_242,dc505e3b86f5960624de44dc2271e9cbe80aff69c7efacf3cc60d0da599e44d7
UViT-v2 config4,1800,251,seq_252,183f640977e6d07eab0c2e53110e53a6f8068e7ea4b6f4e28573c61de6028732
UViT-v2 config4,1800,282,seq_283,094b9a7f6e31bd98b6f2b3f40b86208af7ff34ab4456ec14587ac6acf08857f5
UViT-v2 config4,1800,317,seq_318,c00a8bcfcbb9ee87b5d191007a65dac0e2fb805b11a7717afafb57db498e1a0e
UViT-v2 config4,1800,319,seq_320,c86ea11e5b1f20be84b4db557a07a842d2dd7ecc5130c9d4a9cf679cf46e71a6
UViT-v2 config4,1800,320,seq_321,dad44d32301283b30c2eeda3df6b2ffb6ebeaef218e3c0402a3eef8a835cfc8e
UViT-v2 config4,1800,333,seq_334,f5599be89e4c283cd05c6b1d6189990d6e8748fc6ccc560aa49567bb4f54b8fd
UViT-v2 config4,1800,339,seq_340,a2098dead477f7ae0d4b586984ed9277fc1aa2c9af6829bffdb3e96bee4cbe21
UViT-v2 config4,1800,344,seq_345,f8d885ed1014af82af38ec787fd0ba9f6bbcac0a863f69f7c1e0456f0bcf9906
UViT-v2 config4,1800,359,seq_360,1fd980148a641a9504b8ffb951c1f9c68735ee4dd3bc67b6bf3104d2fe361f21
UViT-v2 config4,1800,387,seq_388,3984452ad477449d52cad84f691d4d415dbb2bb43ed5849f97c069a64c3e8c8c
UViT-v2 config4,1800,400,seq_401,3dc5bb63ac6d7bf9bc2ab023301a2f735a517532b4bd9a1a5d04f098bc299f43
UViT-v2 config4,1800,406,seq_407,bb1c213b173ca6362a394bf002875385c69630d04c964cda43f25156d15c2770
UViT-v2 config4,1800,409,seq_410,5119ae03bed343c5341b1b77f22db2604272da363d438864522c8956cc478996
UViT-v2 config4,1800,410,seq_411,df4bcc9c1e8610284cb05a7096e297d683c18b08926c1b287ed29910a28b0896
UViT-v2 config4,1800,420,seq_421,7ec102fba76a80c38f600c78703d0630550bf19cc7d763c0dcc4270011d267a1
UViT-v2 config4,1800,423,seq_424,b6de42cab07baeec3056bff3fa498d2bc648c8aaf59fcabf5e44cdac67c206c2
UViT-v2 config4,1800,434,seq_435,244941c39dec2da8e6a239bf025b43827343c082ed0940e4a4896da02dcf24ed
UViT-v2 config4,1800,441,seq_442,522a68a48f401757d275d880d05206769c583ef7d3ffce21da93e9e44e215e33
UViT-v2 config4,1800,444,seq_445,dc49a969389f50e4bba603c092cb1ea496e5ef809a4685fb893263cd1166be32
UViT-v2 config4,1800,452,seq_453,55da9e5513601ecb6bfe84618a4b3ae6de59f76103035e110c554e626ae33a25
UViT-v2 config4,1800,470,seq_471,c9d7eac83c65be213d93ba6727e34f532498c8247965755e86275f2a5d2c7fd0
UViT-v2 config4,1800,472,seq_473,d3aa5f85c0f4a3ef85039d23f207a52538d5bd334a881bd58321a73389c98f82
UViT-v2 config4,1800,474,seq_475,ac0643c45f1545e443ac4c5f650d789846d858673186798191cbd7c5f7372925
UViT-v2 config4,1800,475,seq_476,fa56f15f0aa6af293fc8bdb8c51be825b4dda2b097966eb4d7321e8a868cbf11
UViT-v2 config4,1800,488,seq_489,9fc0b4dc26565997b10ce05dd37f3663b7ca540de1903c4b2b7ecf9d7439f377
UViT-v2 config4,1800,508,seq_509,1121e80c3888a9c31259746d525a2420c60261c1c73fd9cb77fb387dbd7a4de2
UViT-v2 config4,1800,514,seq_515,bfd563ca86d1b1b670e8ff399e9e2d953a9835d407b0020b21cfa4cb30ac4423
UViT-v2 config4,1800,520,seq_521,bc0c5439d810d312bf84ec2baabc4621865bcbdd8537a4743c43e2794b36623e
UViT-v2 config4,1800,525,seq_526,4cbbcac0a07fa953a327a2006a2b05659c65b63178217841a3bb0229d69bbedf
UViT-v2 config4,1800,534,seq_535,d8a713e8d383458e073884b60e93eada084a49e09d79c76403400fd92539f092
UViT-v2 config4,1800,546,seq_547,cf49298d8b838c0889666faa39d26428ff25f8db8fc3c8ea9f08d2e4634e2584
UViT-v2 config4,1800,588,seq_589,bb8103f8cdcbd1d421832d583ebd375eaf0fce485451762bcc023ff456b3612a
UViT-v2 config4,1800,590,seq_591,d13365365f954ffa340cf6ad44e394c25358a1dbfba6fcd2e6e0b0753c642573
UViT-v2 config4,1800,601,seq_602,10690eb9ff9ad1e23a24c9ce808bc78ae8943a496939f56dcfcb0762af5a0a10
UViT-v2 config4,1800,606,seq_607,0d54eaedf7cf70e75a01d597f28b002df3bae504bef76d0b84515706183b4752
UViT-v2 config4,1800,626,seq_627,54bfcdc4cda5a54883751c0841ac01836485bc8fca72f4b12410bb3d6cd33798
UViT-v2 config4,1800,634,seq_635,be5341506aaba8cdbf16b43923f5d418db5ab6ee40103896c44393225113babe
UViT-v2 config4,1800,645,seq_646,8af65be41abbb86946e0da2893819421051e418968eaa0376a2c089944b2850b
UViT-v2 config4,1800,651,seq_652,c88ebd24e3c142562361ea5e71bbb40be71edefde0de377f47bc7c31ff9fa1ff
UViT-v2 config4,1800,653,seq_654,cd3884354a0068aff38b7a8bff08c3890996ea6e1fff3ee8ac4111a560da40c7
UViT-v2 config4,1800,659,seq_660,ee17df7309fa7c525b4126ebbcf9b153ccfbfd7d98c1020bdf1a14a3268214d8
UViT-v2 config4,1800,672,seq_673,5a38e6899d831b1c0f8461d8594f724b68c3f13a09c885f911b0366e8d6d8b72
UViT-v2 config4,1800,685,seq_686,91b71485adc08d1118fefdebeeaf0d5b3373a8e5feaf1ea13d8649d309b6a743
UViT-v2 config4,1800,711,seq_712,f19c69c59ab8545c1ac81e70799b5c138b0abd00db69ae6963153b3d8f094255
UViT-v2 config4,1800,715,seq_716,951d4d24879416729d7eb326dd884cfce29cdf518f31be47c56fa861a4ca40bf
UViT-v2 config4,1800,722,seq_723,540e8c172c7ee06579b68aeec56aba063b8b7624d283bd5fe0fb7061dc25836b
UViT-v2 config4,1800,727,seq_728,0c7500f77bbbe70d7d328ae84ffa6268295e9fae75a77f31dee3f9393d22221e
UViT-v2 config4,1800,745,seq_746,65d80f48e14529abb36f650488afe2f34850e202b15e2d2e7dc9aec3fb74e0b4
UViT-v2 config4,1800,750,seq_751,18caedab5a7442456413ab471744976536dc40f9d2dfa803ceac0fee1e7b5b89
UViT-v2 config4,1800,753,seq_754,42f41dd9b5dd142e9bfdf6d6212b154f94ec2e04c175657ce5eb78b84fa10b3d
UViT-v2 config4,1800,757,seq_758,641493562056d3349d412f8ec13b9880072d5a3f3b05212bb60a6b4fe43c3d4d
UViT-v2 config4,1800,771,seq_772,edd3cb2ecf9874e40bd3e59ea1a8d967b36e26235a200b6d0d72c57bf906ef34
UViT-v2 config4,1800,803,seq_804,c84239a9b58545d696d8e11c138e61fb0ec16f4213d04bd7aede906ff1ca5bc6
UViT-v2 config4,1800,821,seq_822,17fb60cc2893675eda5e60ee9e09aa4fe5ddf7ad57cba1dcc636b609c2bb2191
UViT-v2 config4,1800,822,seq_823,a06241ef1af0324567c5c64436b3bf479d96f16bc64de4220e4b5b63966d2df3
UViT-v2 config4,1800,823,seq_824,ddf41e57dda38ff50ad60c15ad9c043dd26e4101e7df5971a3641cbec5d9a969
UViT-v2 config4,1800,828,seq_829,57010c11705e94a4bad18cd0fd845e53ad6e2e9849e357f44dbf332ff1a57c6a
UViT-v2 config4,1800,832,seq_833,942461e359799e0d73e5af98fd70e91b48c95c512612d08f7107cfa2f98baec0
UViT-v2 config4,1800,841,seq_842,a3a996ffa410c8b79ef06d55be0888181f6b1b9f3d91782809cfe0625f8ad365
UViT-v2 config4,1800,845,seq_846,72b49364edecc30a0406855234a03db52b8a2854c09f26d0c9666ac8e168165a
UViT-v2 config4,1800,853,seq_854,09f29245e0b73022966dd20a3c32e952865ed41b7b114a59aacd99f5adfcde20
UViT-v2 config4,1800,878,seq_879,435261e378ceacf3e3c23c6410bc18f6a52b89be17ee9038cdc58a9dcc291831
UViT-v2 config4,1800,887,seq_888,44a30dce1e57347563c062fe43e964e380e7c84fd28325da0ab4a8b8551c9883
UViT-v2 config4,1800,888,seq_889,0b0998fe44f2d8fe3a6ad3ab2fefbe2d5b39fb9078e1862053084c256dbf7f46
UViT-v2 config4,1800,893,seq_894,d743d96b9aec4acffc6e6c0b108463ca28efe4219fb9db19c74b096dbb6d74f4
UViT-v2 config4,1800,916,seq_917,1fd18fa0ac17515dd0386e5f5d80cd7bab82d390ef2592dfe8db1eb9aa4cf269
UViT-v2 config4,1800,919,seq_920,73a8b8822d3a6e30b2d503951a55694b0ed5c155b5464263758aaba76b21ec17
UViT-v2 config4,1800,931,seq_932,d0e78c8ef084bbe4200218ded2ac58cc73cd38e313f9a47c1219b23326792e56
UViT-v2 config4,1800,936,seq_937,ddebace501bcd3b357d09cbc529b1605c6487d06855f0eacfa44bc096287c8e4
UViT-v2 config4,1800,949,seq_950,45953c20d7dba311432998c7f654a5082fc5c2ccd9e064d66bdbc7dcbb29afeb
UViT-v2 config4,1800,958,seq_959,1d14bb464128808593de145d2a61cecf678a2f24107bef5e3dc3441c70c671a4
UViT-v2 config4,1800,960,seq_961,3f32da072cd02279842129f392347af3bc482ec489567a5d7fcd44242f05edff
UViT-v2 config4,1800,964,seq_965,5426c08f92ff1255515ac80515dd1b72e376f765e591c9633d8dddb0ca624c6b
UViT-v2 config4,1800,977,seq_978,83e528458bed953e72a873c3f7281593f26e8264f86acac4e02428a5d0f20386
UViT-v2 config4,1800,986,seq_987,3b10f3197d0fbf63526a1d6155adbec0c02a9b317cdd9ce7619d57557239e307
UViT-v2 config4,1800,993,seq_994,27f9d361a0d3acd8b7157b257d52f299eef4a4c20138110b872118a3431a4e67
UViT-v2 config4,1800,998,seq_999,e5c6ef87bc887ec329beab63543d975780e1442183e6c35bf9e9cf29ad114746
UViT-v2 config4,1800,1020,seq_1021,031ced040e251f942d1388597b8420a1303099de747c87a4ba760719fbf694b5
UViT-v2 config4,1800,1035,seq_1036,ab89ff81d2a7610e30519a2403057c7e9d1d0d1442dbd2a78ef038f158060123
UViT-v2 config4,1800,1040,seq_1041,693f5de14c92d9d32cc25fd58dcc6b78a0011e10a09eb574007ffec9f75d6cb1
UViT-v2 config4,1800,1049,seq_1050,d685ca492da5e41d6ffc4b3406b38a1eae21f437e231bcc10641f306ee716c66
UViT-v2 config4,1800,1052,seq_1053,78eea545053d18ad3924c45f065c51957f4c12fd097fd249798a08ddca9c1019
UViT-v2 config4,1800,1070,seq_1071,3b831f6981ad035ce9e385752e65bf6437b20d81f965d3a2c162427a50f72bdf
UViT-v2 config4,1800,1084,seq_1085,32297a07b51c455c1f6d7bb0b597134ce87d974b46e70eadc07f5465ca138a32
UViT-v2 config4,1800,1104,seq_1105,e9ac43904238c19f10374cfb02e7b6d5b4aa222241bb3f67523654824ecddbdb
UViT-v2 config4,1800,1113,seq_1114,3024e7f13eacdbfc2b40f0fb1d643d646fc7c8f0aecd5a430bcdeecd27727e73
UViT-v2 config4,1800,1121,seq_1122,353445fd1d4370d119dfbbd33b65de9883a9b93b33119664d18c37f0671068a1
UViT-v2 config4,1800,1122,seq_1123,20ebde5f4d78d311c45678f7e1081fe86153c08af672c093018592bdcfda6b37
UViT-v2 config4,1800,1124,seq_1125,6ee6da5efe50726bdbf301d438b5630e97db3ec1de93c85ca963291c2d89ac2a
UViT-v2 config4,1800,1127,seq_1128,4dcb6ca4434253e951eec559a818cbdb9e356673dcc12fc456357da926d95046
UViT-v2 config4,1800,1129,seq_1130,b1cf8d08ef73d1b59756c289b66932bbf523acbee1b9a1de341f58e300b5e6ff
UViT-v2 config4,1800,1133,seq_1134,19ac8c57b598d660f9d1652158b8729e8b1fd0b965dfb082adbbd2aa8c90edca
UViT-v2 config4,1800,1137,seq_1138,aa77c37ba63568bc3aaf2a6d6ad2a8ce0bd82d239c826ceaa6b867833e72fe3e
UViT-v2 config4,1800,1139,seq_1140,a60ea1c757fcff5daf6bad21aecca4d90a75b00ab3c72b52da8c57f0c21f1abe
UViT-v2 config4,1800,1143,seq_1144,19478e3c8b4053674f0adc40fd4bd51c49de83b2e4b8921cceb11cb54f5847db
UViT-v2 config4,1800,1146,seq_1147,a2b1cdb9d8f6cd29e441fc3acadb57a48f5682afcd0ad852d60dcd44388320b5
UViT-v2 config4,1800,1160,seq_1161,fa99fd74a0b52f53c2098b6e34d0f33e8732914992e15d2e37f4f0952129ab15
UViT-v2 config4,1800,1163,seq_1164,88e3827e868eb53846bd1b9c141013afa112ed6f45f3eaebfbe947b9d7f7c215
UViT-v2 config4,1800,1166,seq_1167,a74f4cd48e64a0f21ab9a039691fa735b0bc5386ff4a5cd1b8e91cc969a665d2
UViT-v2 config4,1800,1169,seq_1170,dc082b82f698b597607bd5de33cd848272280f19b766bbe5407523eda2bac3d2
UViT-v2 config4,1800,1188,seq_1189,dedd008ce49915c3f4bf8d92c43164d6fbbdf79175e2ff90063fc5a9bfdbbba0
UViT-v2 config4,1800,1193,seq_1194,247ae561d955e51c409ae556ca90e945cf6d06e84d4221977a7cf7faf14502a7
UViT-v2 config4,1800,1200,seq_1201,5073894905bcf186e67d6cbe47304c4b9ed480f0fbaa32551bf30d5be78d8d6d
UViT-v2 config4,1800,1210,seq_1211,b42dfb720cc4142e1577f2fc405ef9c93f8cc40c073f1670efc88081c1dc3288
UViT-v2 config4,1800,1213,seq_1214,c05447988786056008970da0c34d9c0c4449ae17dacd98dd507fbba3effa82c8
UViT-v2 config4,1800,1225,seq_1226,fed099713f41cfdaaaf0ac71bf1a4243b9b1622c8511f029ed1acfcfb73442fb
UViT-v2 config4,1800,1229,seq_1230,64043e094f8b535559db9d92ceb1f6fd0355742b58bb10a50951519f9f21f908
UViT-v2 config4,1800,1232,seq_1233,b87b07d512d7b884717bd5038e8a61979a725ec6d3302a5114dff0edff13b912
UViT-v2 config4,1800,1233,seq_1234,93807f78fd97073490ce92b6878abf4a4e58c4cb150350933bd43a1cb8bfef53
UViT-v2 config4,1800,1235,seq_1236,2e6584908c86c541b67c38f03f11597f6d7e5fe79995c9cd0e1bab9022ad7571
UViT-v2 config4,1800,1245,seq_1246,360d0a653f9e090e7e60a1e1bdbec145241c72cefa30f8e7c072f93b56e5521a
UViT-v2 config4,1800,1269,seq_1270,cd49dc558ceda5e5f8fdcbb6f35be1ffcf378c3acd658f516abd52f74a9a79a9
UViT-v2 config4,1800,1290,seq_1291,847a40c8417899a9e08c0f60730847b4720b58c7aa4ef343b85f61b1360574a6
UViT-v2 config4,1800,1291,seq_1292,55e6ab0090a8fcd604c2c9fa6034dc34dfebf9384704f3067b42b8e911ac599c
UViT-v2 config4,1800,1293,seq_1294,45465e0afdb53eab1c69411427f7f72a9edd384e4fa77543de3a8d1149e1dd35
UViT-v2 config4,1800,1307,seq_1308,9a7420dbb330b6e5f7b0fb84715275e78c645e414ff2e5cb92b5a3fb2ee2d4c2
UViT-v2 config4,1800,1312,seq_1313,8ad45830c1bec07760533865bd07450b9e0172f08156c8369ec8ceb03ef8336e
UViT-v2 config4,1800,1315,seq_1316,b7348a6d49bbe274f245b2163ee85577e54cc07183909312e356151bf3f73fb6
UViT-v2 config4,1800,1317,seq_1318,ca7a1f64c59b910c488c66e91d7518435f175b0fb5c33f9a61b8eff1fb69ba0d
UViT-v2 config4,1800,1320,seq_1321,dc58ab0078d0bcc73028b6c198b99f8d4e9f0af5ece7a338a66d1d957633b57f
UViT-v2 config4,1800,1330,seq_1331,a9026249f38ed7c6dae7b98ad43f17037380dd9018be7e8c3d3ab52ad2386609
UViT-v2 config4,1800,1341,seq_1342,a7140f54f6baed6fee183bd0a7a0f318b768b4d50fe2323965e81a9c72288a01
UViT-v2 config4,1800,1343,seq_1344,56312ddc9f5f671e71f3d0c94991053d6a338dcc716eaa115483dd8c9df7bd5d
UViT-v2 config4,1800,1375,seq_1376,c125be061f6bce54e20b3b0661dd60071cccafcfb4cbb10649f24df28a0204f2
UViT-v2 config4,1800,1389,seq_1390,247c7218be106ac2d07005310acb539a2b4017d6dde42ad0f206079ee1050544
UViT-v2 config4,1800,1395,seq_1396,725693b5fb160dfc024e186f6d2189fd3ad592337b38c46af5958433bd8b0afd
UViT-v2 config4,1800,1402,seq_1403,0f2c41ac78c837ee1b739f010beef3264c3dfba75c84d468e944ce89048f0097
UViT-v2 config4,1800,1403,seq_1404,498a13816dca2f97a9a5120d9353909f32024aa92c8c9110bdd81bcc6f327336
UViT-v2 config4,1800,1419,seq_1420,c4ddc6decba100c6c6f4475c74583911ede577c6c19d89012c102b2d4a44efcb
UViT-v2 config4,1800,1424,seq_1425,3d3aec52d00b805df91731e878c3bcf98f1e8396e7736b4250418e7f4a497cf5
UViT-v2 config4,1800,1442,seq_1443,8c5beebe95d2ad7a04e6c4839ebf305fde1434d3d8460c187da019f7dc54c84d
UViT-v2 config4,1800,1476,seq_1477,015b9dc6abf4f9fd189ba9155469a52833e3bf927ce23eba932987c040adcdad
UViT-v2 config4,1800,1479,seq_1480,a394e4b3ce63212e60e187ef669671c97ba19798878181301f3cde3f35362fee
UViT-v2 config4,1800,1480,seq_1481,701a86563a692d9a58f8b48d6fce9d9cccd66b7af70e06072db1a312a57726f8
UViT-v2 config4,1800,1489,seq_1490,d1d13041ecdb3adbde331e6ba3eac891477a1539b2f8d0202ea91df482e84f5b
UViT-v2 config4,1800,1494,seq_1495,233cb1255f65567b2e6e5225db37496a354d7ad4df027c2765c206fa78f505ee
UViT-v2 config4,1800,1496,seq_1497,065304d689d9dc962a21dcc78182930091a8d2b5a916710f99f126a23179bdc2
UViT-v2 config4,1800,1512,seq_1513,e39a4490419fa0115d8600365fe5008f7e19031d41d0119e3ed5fc495d144151
UViT-v2 config4,1800,1519,seq_1520,a9c900b0c7a02adda37ef454e3ecd162d6375a144a7820561d6ca5bb24cdd839
UViT-v2 config4,1800,1524,seq_1525,54d859e66226815393811be07725e3fefb71ebe097d85e2ea0af1eeb850eed3a
UViT-v2 config4,1800,1527,seq_1528,f156c1dc3cb0cd6379269e486b64597c00ce3f820f5ec06364e3787bd9e39760
UViT-v2 config4,1800,1528,seq_1529,8c71dc499284033102c731c05525591c498a99bd17e803065f7fc6ba09edfda4
UViT-v2 config4,1800,1530,seq_1531,7600b0997f6e5ce492cb9927e92f005e6d5f891e87d000a42fce50dc07db121e
UViT-v2 config4,1800,1535,seq_1536,87c14e79fb6ecb7306fa21b0b2b55e8ff4fbe817f4393e6f0d75e41484c8361c
UViT-v2 config4,1800,1545,seq_1546,91794dcc9cede2564c86e7d0a311f064594a3a00a3b9f2b93678eea8c227f57d
UViT-v2 config4,1800,1584,seq_1585,06baa64f0f936608dcae0539a767c056161e5aaa093f44269c8e80cc88c4784b
UViT-v2 config4,1800,1588,seq_1589,3ee0dde00a208a9adccda12704b6188620020ddf24bf099b8cc901edbb40d52c
UViT-v2 config4,1800,1591,seq_1592,940542f8fd911b66b8324c5558d4dc93b4d208510b870483673801a908ce2629
UViT-v2 config4,1800,1604,seq_1605,eb3efc26e2b9102785c97de3bcf3ffeb3f1e60746b90fc1a59fead4e47f3d6c3
UViT-v2 config4,1800,1612,seq_1613,4df9274742105168b65d60a62871da90ab8b0c4ff50b2c6390130836759ba86c
UViT-v2 config4,1800,1625,seq_1626,1c585925f658bef5e672efc0d069b94e1471d5359800a82fe788b7d76fb83053
UViT-v2 config4,1800,1633,seq_1634,754711d815737bc3a8ec31df85fea7bd9640b9b0ae3f259b861940d36fb41dde
UViT-v2 config4,1800,1638,seq_1639,4f8ff2658f64894160bfad8d65db5c30cdc82c2aba9c0f41af66ce84bca5cead
UViT-v2 config4,1800,1644,seq_1645,8addc92807425c4bd166ccfe99338f5ca085375c5da4af4b4b1f9f3ee219d2d2
UViT-v2 config4,1800,1646,seq_1647,856b62d9ea7116f5850d4ef28932d855112ed05294cdf4947eada86362dce5ce
UViT-v2 config4,1800,1647,seq_1648,f81fe2f79d736c176ca63e9c3b546e82aa38dc63b911da40849fb1da67aa315e
UViT-v2 config4,1800,1654,seq_1655,3098dc7a4de7a3205e98cdfd895096c2c1fa065d072ab942a2efd5ea3ce27855
UViT-v2 config4,1800,1669,seq_1670,3f2748ec5998a026795c93cc220b0abd7f83463d80adc5c1404458c2faabdb10
UViT-v2 config4,1800,1674,seq_1675,78f6bb2a927396f561af21f2c944be3d621a2a7baf156929b01b1a15cc44afb6
UViT-v2 config4,1800,1679,seq_1680,a0ccadf3896574c63801626fd35c25426400327c0ec9e1029e70a982e40a185e
UViT-v2 config4,1800,1680,seq_1681,df09e1766554651721fe6d6b012df412d5dfaf1aa2cdcf68d7a13ae8821cb1c4
UViT-v2 config4,1800,1684,seq_1685,caa60bd8231b3d7a281aebc08e81a7f9e58471d5e7acec9acf6ec6ebdd524e01
UViT-v2 config4,1800,1697,seq_1698,01f3ea96b25aa2cb25cde5aeaa5971f806302ac91874dfd78543ff2bab43f07f
UViT-v2 config4,1800,1713,seq_1714,6a9efca092e98e9ffd22960618f978ee489d1ae9c20315ff70455c32fc2facc6
UViT-v2 config4,1800,1729,seq_1730,0469f2d1aae03656448c72785a662804a7d42e93f646790763e458e714a9d2ff
UViT-v2 config4,1800,1743,seq_1744,9a54aaebcd8ba37b0c09ea9e0331de81b7cbebea49246ec1598c504c0560cc41
UViT-v2 config4,1800,1746,seq_1747,87b7d31ee9f90e35d1b0a963687b03938a6c6ef6dff2fb4e8dea567ab6df4db6
UViT-v2 config4,1800,1747,seq_1748,8fe8c7696d709b423b444a1ef0bd8614e920603addd93632d1812c7b59d675c7
UViT-v2 config4,1800,1753,seq_1754,30ecedbc8f9998ffc8a9acd5eeb488ce2cb0cd0af7e6d97e6b2c557f69744ee9
UViT-v2 config4,1800,1771,seq_1772,da13ae93777c45a716b571abe0f9b2d0d6f757d3dfbe3172720ceff4dd4ec1e2
UViT-v2 config4,1800,1775,seq_1776,01d6d89b29d0e8fa27e90c6abb50c731de02973128cff330ae90cae2df13298f
UViT-v2 config4,1800,1776,seq_1777,1e2bc7aa46e8c880b6a2839d5c2ef23f2dd6afafd8b25be16380d48db822dadb
UViT-v2 config4,1800,1790,seq_1791,7b50829c72858f0ee5d0ed75b8bd6e21a00073a5efe42eb355a841323019ef3b
UViT-v2 config4,1800,1796,seq_1797,21c66504e091f98e9a1b6d8fba501d2d43f20c13b7d23f6187b2fd9596cd76f7
UViT-v2 config4,1800,1824,seq_1825,cc4180b5fd16c545d68e7a5fc495f37a0793b070b0c0a43e0e6ea9f23845a5e8
UViT-v2 config4,1800,1827,seq_1828,92f8f3c8844bd0ed1a748b6e55bb784bc77c1b4d1724cf3acc7af233739bb922
UViT-v2 config4,1800,1832,seq_1833,837338630bddbcfc57f876063dcfb67dc21774b50ddca48aaabdc903c8676fbd
UViT-v2 config4,1800,1858,seq_1859,1a5d0aaca85d90217d83b56bcacb7816132cf76f36a1b27c744203256c16f92b
UViT-v2 config4,1800,1869,seq_1870,eea64a38f91b33ef392c684f2d8f38bede9b304bd421b03e19536f82feae65ab
UViT-v2 config4,1800,1874,seq_1875,d39ac6ff62303d29576883745c6205ac60265253bd86b9e376e6f6d4018cae89
UViT-v2 config4,1800,1876,seq_1877,702b5f0b49d5cc1bc8f48082d48606d2b8a3858b1526fa51791334e7fb0a8480
UViT-v2 config4,1800,1880,seq_1881,cd948134e39dcc8f6b41c3f4d89e442f36a9f44b3fa76029ea69d0d7d460dca4
UViT-v2 config4,1800,1886,seq_1887,c5f34a9e6f0d2dd0e0135c9a7bb6351d949cb09da4725c7213e0aebc324f3421
UViT-v2 config4,1800,1889,seq_1890,ad1d414e6aec3ca068b4d8346cad7c3a9613799746a436fb868c06245009f304
UViT-v2 config4,1800,1891,seq_1892,fbf70f38f038aedd820f3a0426cdd27dfa25c743588162c38885bf692f106a43
UViT-v2 config4,1800,1894,seq_1895,f83f7a1331ca6794868aad7140a273bac709cb255e554020174a83b8164dca52
UViT-v2 config4,1800,1899,seq_1900,bfd67d240f256fc06cbef408662e35dec6575c1744c1d6b307f2e6e7c11c0256
UViT-v2 config4,1800,1911,seq_1912,3dc5ba8b5222c84ca7596c9503e7e4bd37b36e836c0a6af71ef3328a1100ee27
UViT-v2 config4,1800,1924,seq_1925,610e23d8d99fbdaa115c2d30cddfb7b18f5671b909f124dbf47afc16ddabb302
UViT-v2 config4,1800,1940,seq_1941,584e3140c09c3a4b838d77735e1b5cd99f9967e05025bdea8f1ddd3eb0ba1d93
UViT-v2 config4,1800,1958,seq_1959,bc1530f537eeabab3c6345b3e494a5fa661d548d55af9e540b0a34b61b3b0305
UViT-v2 config4,1800,1964,seq_1965,ff4e48303d4237fc5b649f97fb18d76ec7091e5af28d889ff3c2e4babc0881a7
UViT-v2 config4,1800,1976,seq_1977,c1a7c516da796eac4a90ce506640b8612cdff718145881b722e97b53b0e70201
UViT-v2 config4,1800,1982,seq_1983,1a1765d5b1e3f56dbb7a5c962896ff62ab01b2e9027d479c83384d79f84dc6c7
UViT-v2 config4,1800,1983,seq_1984,3f246834e4841249ad68e92b23477bad01dc29dedb9b8427b1f7ed9b831632a7
UViT-v2 config4,1800,1988,seq_1989,d346ac7bc504de50aaeb690ca12bb4a4223af223c6781fffd956d4d8194ea830
UViT-v2 config4,1800,1989,seq_1990,daaa42f15d6e45f05f9ae690cecbde95aed73d1fa6704ba2b603d414505f6177
UViT-v2 config4,1800,2024,seq_2025,88d3de52ea2cbd13c27a2c31e79a36850c52f27479c5d7de515f8306e9eec767
UViT-v2 config4,1800,2037,seq_2038,6370265ea7cded992c9d6dd8bde4635a7e2c2750ccb45e9b5ebedab25f262566
UViT-v2 config4,1800,2041,seq_2042,b52c41c8b8e29d37104c75eeac11188bb86d7c7e007efb01198b3fb8e06d2d1c
UViT-v2 config4,1800,2045,seq_2046,4a5b78c60508ba8a639a6fae06cc4a795aa4a92154da6be3505609fdf8c6f872
UViT-v2 config4,1800,2060,seq_2061,34d99f547f8741851d7b2b3fbca8004ccae44ef90750f23fc93f04e83e7e1e5d
UViT-v2 config4,1800,2068,seq_2069,9a868377d87a877b04b77833c06db803a5d6f65e5b184e8e2d6fc6894c8be608
UViT-v2 config4,1800,2073,seq_2074,434ae204a3222cc8536075fbd7e577a1436f489bf54be6ae2a2e896230b0ea8c
UViT-v2 config4,1800,2085,seq_2086,a2fcca162ac0a4afce12e4b95ab5c3af7c292befc9c48132e63f687f40d206f0
UViT-v2 config4,1800,2088,seq_2089,2c3018d09255e3fffd4256dc0b2fd93f48aec34085ab64af0041d200b420fda9
UViT-v2 config4,1800,2091,seq_2092,1683c6cb5f9fe6d8e33fba616a77e24906618f914ae356aa13cb45e082ba652c
UViT-v2 config4,1800,2103,seq_2104,1f253571a6b7e7e0cbf04421607506fd3e530ea3e9a81d87ba2c49b743d0d5af
UViT-v2 config4,1800,2143,seq_2144,e3dca24d8ea69fe9c717bb0630faa230b4043de2940676d5ee8f858f93266644
UViT-v2 config4,1800,2144,seq_2145,3998fbd8e302697d5776b12cf0671f827fa0df59486fd5b5a2cb2bc8f6484b8d
UViT-v2 config4,1800,2146,seq_2147,b8f2f7d9a8e0c301b1baa058ba32c4738a33f60d9a2edb176deda3787126407e
UViT-v2 config4,1800,2153,seq_2154,5a7eb20b823922fb9ccb3be17f9fc723b33d9b3be1f20b0642757986ed6054cc
UViT-v2 config4,1800,2165,seq_2166,3c43fd9ea2b64badbd8c819f15bc490f4b1032d320c0d8a7c2802ebbb0e6bd0d
UViT-v2 config4,1800,2167,seq_2168,9b24911177d4e122fbf4be8f36a5f7014aecc72267e23aa5111b9c4690b12e70
UViT-v2 config4,1800,2170,seq_2171,471f056f198370af6b32bfcfc86df187dd103e2b2a8b80ae52a94cf2747f30ec
UViT-v2 config4,1800,2184,seq_2185,f8b3d2ac6184fe81057e7f549b0ee3c3535a9f39481bf67379b3e746afaad989
UViT-v2 config4,1800,2200,seq_2201,fed61375b9fbb5a189a02eb7908412a43dc41e0a022db812850f5d294c6f9296
UViT-v2 config4,1800,2223,seq_2224,4514e5cd110060d407cb71214d3b99303c4d2b57c1f8fa993e67b760c7c1d7e8
UViT-v2 config4,1800,2236,seq_2237,05cfe14e502457c628ffb82b05c9fb86a6d5e094830234b12fb9ebf256ab1da0
UViT-v2 config4,1800,2240,seq_2241,1f8dc6053b87d086786a9d4689a58f3755de5c493419b2f745bc9f72d0bf06dc
UViT-v2 config4,1800,2266,seq_2267,d0d406eeaed2ce20cd13774498da166c4576ee0c29fadbfe530c1a9de25a50ff
UViT-v2 config4,1800,2267,seq_2268,f5b2b1db81caa08260b2fe022039dcc797f426a17396607c8c74b4ad8bbcb3f0
UViT-v2 config4,1800,2286,seq_2287,7606c5c4c067689c370ff659c25dff8e82d7a1ceded402fc5b0d0874c225d95b
UViT-v2 config4,1800,2287,seq_2288,3d68c7d8b907f5b0e01820c255fbda9884d3faa84e10acd08d3dd18ef0852f42
UViT-v2 config4,1800,2296,seq_2297,156049f59fd3b10f4dfbca52bdef653a4bdf17a8560798ab12bb00446385627f
UViT-v2 config4,1800,2306,seq_2307,723bf5e827bbba0b1492808bae3009673d513e17146f03217fbde3cb33b34f3f
UViT-v2 config4,1800,2330,seq_2331,e0a8a03bcaba6a3b560ad334284bba1b9a3069e4bbd61d42f6951a0de2577d3e
UViT-v2 config4,1800,2340,seq_2341,52cd3e0f485b627824774503b514797efbdd2f585b33f3f53ccad200611fa087
UViT-v2 config4,1800,2344,seq_2345,2e6cc9b4896270afa851e6263e8eae2401a8a8f221c247c2fae1e3d396428103
UViT-v2 config4,1800,2361,seq_2362,5d9a180afbb0830d0bf4cdf4602adcf65fd30ec69e5923e632df8d07a4b1183b
UViT-v2 config4,1800,2369,seq_2370,0b3f96e250501ac7fad978b26cd63bbcb9dc7f058897f9110ef2c7320428cfbd
UViT-v2 config4,1800,2385,seq_2386,b1406bc40aab0038368d705f0c367e5cc46a786bf3436f5838d5b36aa72fb9ce
UViT-v2 config4,1800,2414,seq_2415,98c7188396257e8dde2cd42614ff54458bcb1b4fd75f4865e9722ae51aef3b6b
UViT-v2 config4,1800,2417,seq_2418,70bfc94d48f82069daf9024e733638670cf6cadc4073f5525ce96190492c662d
UViT-v2 config4,1800,2426,seq_2427,bea23ff40e5b0c1fec90338c648e9fe4fae30d22458979f00044e013cf6a67d7
UViT-v2 config4,1800,2434,seq_2435,77f2328fa93caf100fdcb307e0ecf3f0436b72dbacc693bdf9fc254928e2fc22
UViT-v2 config4,1800,2441,seq_2442,05c1ff724891e5cba57d4363bdeca28923dd2d11bef6e5922877b84d5a54cd1b
UViT-v2 config4,1800,2442,seq_2443,924aaa03a276d89d82e1d65e2d5fcd27ed914c5dbd3e23164186bbf84489cbd3
UViT-v2 config4,1800,2444,seq_2445,b1697475e8b596a00d8fadcfd528b95a6eb3152251a1d67e302c754a2db6cacb
UViT-v2 config4,1800,2471,seq_2472,7c02dc861f9ec8abcfdc801be43940ce485ea85a782d662df746d1a94101881c
UViT-v2 config4,1800,2485,seq_2486,5b802ea41065351523e73a5021dd3d6e6074a8d43a94882944ec29dfb183187a
UViT-v2 config4,1800,2492,seq_2493,898e15c8ea21c176e8e85ddc3492c2f3eda456218196db626ee91a9aee692b1e
UViT-v2 config4,1800,2496,seq_2497,767a904310d47871990eab7dd526ec36ea960b6ed3993452567f89a442f4477b
UViT-v2 config4,1800,2503,seq_2504,caef7d65af89b146f60bc12e87f167479c7e4eea1c8a24b1bbe2d2105c3f4ddf
UViT-v2 config4,1800,2504,seq_2505,4d3f5ac48b5daa0dde3bdd1154c9925ffd9c969eb101e86a7c81ea7884393699
UViT-v2 config4,1800,2506,seq_2507,76c6ca3652a9e53c63e53e6f4adf5d47d9da34fa71f09ded848c1d9c331af890
UViT-v2 config4,1800,2522,seq_2523,d0a42dbe640beac47d5e9103d691b4457fb0e3afd12ce9a54c564894b6192da8
UViT-v2 config4,1800,2529,seq_2530,66b7b7271d237d5b7d2550c713353d59e364c1e5afa4993234cde3f1832dce03
UViT-v2 config4,1800,2532,seq_2533,04a5496ced5ba546a9e79f63d537b66d02690df622a49ebbd6ca06b991b5f9a1
UViT-v2 config4,1800,2536,seq_2537,7f3cdf03a2d7716ae7130972b93ab8e0008bdb46cccbd98ee9d9a65eff684890
UViT-v2 config4,1800,2546,seq_2547,f9a56d0f2ee6944d091c55df3de1b838aa3f504b9dfee9023be3b76c3ca8e8fd
UViT-v2 config4,1800,2547,seq_2548,cd56c19a3fb37c64676a47f650c9f6edf2e85992bf2eae1350f9c3ef5fcb3a08
UViT-v2 config4,1800,2564,seq_2565,f02c7a062e12a1896d3b7b42d5b742c460c85a569540fbcc4db22cac3095607f
UViT-v2 config4,1800,2573,seq_2574,fd48af4a9a1a7a2e3fe5348721244df2b2ec5cb6b3667d17c5ad932b47ebdcf1
UViT-v2 config4,1800,2579,seq_2580,61965400505719e2f6e69be0984cc2498d7ec4e4c4de0df3bc45298800e9a735
UViT-v2 config4,1800,2584,seq_2585,58d573101d9e193428d9b53b330451e0ee725fd2f415961d4fbdc982af5092b5
UViT-v2 config4,1800,2588,seq_2589,b2ef14ca8d94bb66af1e451c45daf2679bf391d7ff61769ad83de1a3ab620e21
UViT-v2 config4,1800,2591,seq_2592,5e41d76a8eba23777ff1c94251f99f765938e052557ebdd740993e206f0fcf0c
UViT-v2 config4,1800,2594,seq_2595,d5ac60642805b8f9808964b632df51fdaf9cfa70d48db452f4bad5777c0c2b6d
UViT-v2 config4,1800,2607,seq_2608,9b897d44aed14b8b143a545d88102586b2ace0d500f7e367ffd93a79497fb581
UViT-v2 config4,1800,2608,seq_2609,d46e1cdafe17ed3bff6e815d8297d8ee9d023e57d95914f77adabba7cf7ed047
UViT-v2 config4,1800,2615,seq_2616,54af4bf988cfa67765e08a42c3ef0b67379955564708a4a00222c3c5a8d943d4
UViT-v2 config4,1800,2621,seq_2622,07575011f1b53b673b7933818e336e29d4c7fdc999499364ff58946d242bc891
UViT-v2 config4,1800,2634,seq_2635,bf4b8f76a47f82a6c9d4b8fd0c87a088bf45411fbb8ccd263b33ada6b65ef9b8
UViT-v2 config4,1800,2646,seq_2647,3674e5f59f5d1742f93dbadf1fbcb071c8b88e76a8c9ce601770020088183e7a
UViT-v2 config4,1800,2647,seq_2648,e1e1f946f6e9ff18fdb14bce244d52d02a06a60f060fdbac3884f12b4627b25a
UViT-v2 config4,1800,2662,seq_2663,cc48a4991390996079f375ab1c41efb21d53ba5f477e22880904e48bab30e365
UViT-v2 config4,1800,2664,seq_2665,85d7f177f9e9ddf83f88ed1a132ec6faa09a553833855b72bc75d8cf90af6178
UViT-v2 config4,1800,2677,seq_2678,e5819c57ca536864872cf03d25acf72cbfb2a62ea45f0989bbc5afc60d75f0fd
UViT-v2 config4,1800,2683,seq_2684,aec8b381d878430405a4241ceebbd4c82c60df6ae1277fa074b8282622965f3e
UViT-v2 config4,1800,2695,seq_2696,d4c927eab9b21b905f90310b1358e196d3e5a7ba38a00a27ec864a4f88a29b82
UViT-v2 config4,1800,2697,seq_2698,af7a963a837130a3dc0681b9873f8cd35f67617d7a92ee7be747b2731274c9bc
UViT-v2 config4,1800,2704,seq_2705,bc19caa5c2928f2245503d723994dc7d75608b9d8502315bac8df17a953d063f
UViT-v2 config4,1800,2705,seq_2706,e31cbdd3dad390f1a2917f5227c85e46a86b6ccc7da01bb1da3b6b62e1665ec6
UViT-v2 config4,1800,2718,seq_2719,8e2a87d9611d055916aa29139daa379f6d54a62f93acd039897896dfe42f7b7c
UViT-v2 config4,1800,2724,seq_2725,b1b39c49b26a58d4c05be6bc9407565ebdc0f057765a166696ff68df84d5d3fd
UViT-v2 config4,1800,2725,seq_2726,784e779c5ce700990bc06ab3deb44e0689bb95e56123fe6128ed8e6baf157f72
UViT-v2 config4,1800,2749,seq_2750,d26c36a2348ed2e6f543ac18676262c233e54353df1d645d3b50cf0a1fbf242b
UViT-v2 config4,1800,2780,seq_2781,12feee9b82228806049719d4d91044347716e3ef50d16636874bfe2aca667e32
UViT-v2 config4,1800,2785,seq_2786,9ad24bc829f71653c2baceb25fe6755685a171d9ea537fa3369f3765248cb17c
UViT-v2 config4,1800,2803,seq_2804,56d5a5eda4895dc3cc6dd25a62e432c00a5a09b4970d54d20c7c0169a48e31e3
UViT-v2 config4,1800,2847,seq_2848,d4112a14697fe8690416c573aa0a609426e3a22e9528d8e84e5043ee97aa9332
UViT-v2 config4,1800,2851,seq_2852,6e61e560857fe2620286cba769abc9bca8abbed983efea7c03609256a9e0660f
UViT-v2 config4,1800,2868,seq_2869,5e8be77065627d8b97951d9c2e0b0888a944ba0e4a7aaa8e0d6d141c447d149b
UViT-v2 config4,1800,2870,seq_2871,17ecda5ed05c2f69ea72c57dbf439df7c76227c530e51341b40eac51a83e7b54
UViT-v2 config4,1800,2877,seq_2878,e765d719912e1a5277432a8b47de610cfd5e07194cf93e09fa84e096bb6fe61b
UViT-v2 config4,1800,2881,seq_2882,74706c2999b6af9ef2119ac95f4999670230a223dc114d30e9eafdbc6db5dd14
UViT-v2 config4,1800,2885,seq_2886,e8c883a2f0f8e6be34f72a7b5bce3d33b333b06adb22c09ec626eb61ca73b695
UViT-v2 config4,1800,2900,seq_2901,6e7d9d764cc9113b753ccc6871863025ad95483db96346650da2cfebc2292512
UViT-v2 config4,1800,2925,seq_2926,748292c4965019beec30e653c515e2ef149c5e6ba7fa5d319135e80675dc856e
UViT-v2 config4,1800,2927,seq_2928,8c4ee769d5fe76e8f0c848f62c21c7ef9945ffed3da15659d6b00e738f2568e2
UViT-v2 config4,1800,2938,seq_2939,79d442ec95bf4048531a1967c5b0b77ec2355200e56450697b4e42d5fda7e074
UViT-v2 config4,1800,2939,seq_2940,542713929b1e62edb7b87117f47545048657fa0679f4f91873b68dd53deb1bcb
UViT-v2 config4,1800,2950,seq_2951,3c9d62cb3eed1091f1f5d62c021e00c29500712ba2c38ecdc104a63e0bfde210
UViT-v2 config4,1800,2973,seq_2974,e608097a10c71b1718ddf5360239159fa6aa396b5d11602d0660a737b7e908b1
UViT-v2 config4,1800,2977,seq_2978,5198db622371e3991c5fd9caff65c3f680df9fd846f59084889fd6d0b241395b
UViT-v2 config4,1800,2979,seq_2980,7450367685a20b7a096bb4e7293dcaea86fb541d846d97c1f245c615afea1d7a
UViT-v2 config4,1800,3006,seq_3007,2446ebf45c0f9828e82a8c3490459e9878afa1625fa7a7d40d8bd124c814bd73
UViT-v2 config4,1800,3020,seq_3021,f90dd277c9d7ed2491e1dea108a5dd80d1fbcb9d27f93ea170a97d2ec1862049
UViT-v2 config4,1800,3033,seq_3034,ea7f50f268605ea1e21164faf61dae93ca16c8612aa6f78b43caaa215fde1d65
UViT-v2 config4,1800,3044,seq_3045,9ed3951ba2803959e70341bdfb833815c2a38184a958d3cf16578d262bffad18
UViT-v2 config4,1800,3073,seq_3074,9ee37eef6ed3d57fd2e3fec98405ee6d4f3cf463295779a337cd6347eaeda758
UViT-v2 config4,1800,3090,seq_3091,bddf3977f5517fb7db4e5e96ef453c880ce5a805128e73ef880237adb8c70c04
UViT-v2 config4,1800,3111,seq_3112,a07014c5f08c23208752f2483053af2f63ab937fd59293ecf9a57fd6deb0cbc5
UViT-v2 config4,1800,3114,seq_3115,5729091fb9bc4ab8ce56e5b1e826b1a2f175ad34ab1e9fd1085737f0c1d7fcbf
UViT-v2 config4,1800,3115,seq_3116,7f34c6a1bf005f87ad198f539b527b83d93f72af3cf87f9c1a40c20fde38bdd6
UViT-v2 config4,1800,3116,seq_3117,91c8a2d35548fa973d21e458d81ec922c1e35bda8a09c4a5a310df3e9f7399cb
UViT-v2 config4,1800,3119,seq_3120,f9eba4ace94bccdddd5fdadeb7fb88e28dbb04141bd83e46470cea0bea9ee11d
UViT-v2 config4,1800,3122,seq_3123,e8d66c36b66b0c0e3677989e8e7cfa7d7e71c4cc98c14aaabea4f6d6856383a4
UViT-v2 config4,1800,3130,seq_3131,19e2db6ef43d529e5f43f733c3e7b43621b7917839fe85aa78a7d90482828901
UViT-v2 config4,1800,3138,seq_3139,acc46af42bce3308612644cd6bf284dea935e288943e95bb646e2578e6c975c2
UViT-v2 config4,1800,3139,seq_3140,4e2ac6b9085c9174b6f259113edd9f3ff20b3d23d7071330bc7b45c5369eab12
UViT-v2 config4,1800,3143,seq_3144,c1cca124eb3e6629d0e02991035ecb0dd2f68ca9f0de47cc300593c9e10de306
UViT-v2 config4,1800,3150,seq_3151,14261be95741b0a75138c4ec1ce37b0652fc8683747bc68824a43c39d0295e20
UViT-v2 config4,1800,3155,seq_3156,4f97e74eadb5a0b441ca6424af30de03116705b19dda37fa065507a0815bc19e
UViT-v2 config4,1800,3164,seq_3165,e6dec9ff4c0a590f362e148ffdec6f722834d0eeeb57a0082a54b5b42aca34c0
UViT-v2 config4,1800,3180,seq_3181,e34b92a4f819739f528bf55d59be76d4ea7783e9b5b05753a0be2a5c08928c7d
UViT-v2 config4,1800,3185,seq_3186,59f21f191bb8b68d40fbe8bf320756fd27f6faf6b371af306318ab5cfe25aaa9
UViT-v2 config4,1800,3228,seq_3229,aca811eeed9535cfde90dc703799414740c2ec365d04e94f86bf25a4d23dca7e
UViT-v2 config4,1800,3241,seq_3242,a347d973f4b278ff25cb1f393fd31dfe01e3056b172d52fe5a6714efdb5ff261
UViT-v2 config4,1800,3249,seq_3250,1a773908adb7072da95c8873f3378bb67faa95b3602607fad9707abe821002f1
UViT-v2 config4,1800,3257,seq_3258,ebbb98cf791042e3ca77c66cf4233de0675414cde8063655e514e4dcd61a10e7
UViT-v2 config4,1800,3258,seq_3259,a8fb67c613f51e9ff69fb8534da217cef6299db067fa0dd82ad986a47834e680
UViT-v2 config4,1800,3262,seq_3263,70d2809313915d713d797a4028ba1720bc28344aa298faa28bbafc2c617fa86d
UViT-v2 config4,1800,3263,seq_3264,45539f35cc16718692f86801aa45dc54a6c6f118ff04eb203a229e3337375b04
UViT-v2 config4,1800,3266,seq_3267,9bc23096505245011ce1fe05ffcd05b077af993027152a65cba0bd1160a3b1ba
UViT-v2 config4,1800,3269,seq_3270,11026bf8c2d3bf40e418724fffc3d732251b7979556985912d712c0798327cf1
UViT-v2 config4,1800,3289,seq_3290,f289123ca6e558b2a456ec0e88c4b524e4043125d5eae82c32ebcd386ae13de0
UViT-v2 config4,1800,3295,seq_3296,290ba8d7c8cafadba72fb7b2aaf977feeddf8705759244400bc0cbf8b74b2b81
UViT-v2 config4,1800,3335,seq_3336,cd034ad33390b8514698343716a66665d5ef95307305458178c6ad2e494bedf7
UViT-v2 config4,1800,3346,seq_3347,c0a9c432ef24f5f70ec27dc7bc726213b8bcce28430a26b807efbc133741279d
UViT-v2 config4,1800,3388,seq_3389,c3930c67a1140741a5c37e232d3fa82c98c67a14cfcbd99f49757226fc0e4d36
UViT-v2 config4,1800,3404,seq_3405,b771304f0cbd727e751b1be21113b2ae58c480970cef445916545209b1fe3916
UViT-v2 config4,1800,3432,seq_3433,c864f7109e82c5c6561bb252f23d0d20dd73066d85c8626015d907569e08eb76
UViT-v2 config4,1800,3441,seq_3442,07718e3cb6e84ac153a9c45ab1bf8de64f7cd5bd0125857241e71c2c7071d220
UViT-v2 config4,1800,3443,seq_3444,ca82047b0fcc63881f0c6f20cafc67a8afe4658ddb376546f0b1778f0eb8c24f
UViT-v2 config4,1800,3450,seq_3451,1d4a1bce1a1061e27936eb819d0faa4746f79e21ecf51d998bd19e00190e4fcf
UViT-v2 config4,1800,3456,seq_3457,025b7d5102ba8b6d6cb973bd4a82110d3e6dd8ad9592ecb4ef96169f98411817
UViT-v2 config4,1800,3457,seq_3458,e91919077c4189b25a0d06b8206d4a3cca4dd9916348fe2eab28dd92d40350aa
UViT-v2 config4,1800,3467,seq_3468,3d84a8fb5fddf36b1a0b41c20ef2ed54b1ecc7953684edc4674f433bbe657ae2
UViT-v2 config4,1800,3470,seq_3471,a313a8b6857194549533242de6f30ea5c40dd8bd622085a9785578c855656f5a
UViT-v2 config4,1800,3475,seq_3476,c4d6eb44dcbcdb4e37dc1443229c106f6cf6c7a1cf41bf944442293956b19134
UViT-v2 config4,1800,3483,seq_3484,24139ad45987d15b97141b74b070bdbdf559e6f07060fb5c3bcf2667d19ecdc6
UViT-v2 config4,1800,3492,seq_3493,c06d8beac3361ef15f702e2933ea3cff1b119db2a1410ee7948e67692da746d8
UViT-v2 config4,1800,3501,seq_3502,c2215e47c0f2ddb0aa113bee868117772e226f114bddf88398ec01a6bebc25bc
UViT-v2 config4,1800,3502,seq_3503,4020f400187b7f49981cace984ea6406dbfe9ed6aa98e1bc07fb14b780af0483
UViT-v2 config4,1800,3505,seq_3506,9e9de3392a10f10ce130a7387c46fa72767f794ad062e9bdc256cf77fd22fbd7
UViT-v2 config4,1800,3510,seq_3511,60bcb11a702d453d45201ecf28a64065da3fed4c29552cae0e062093ec311a1e
UViT-v2 config4,1800,3527,seq_3528,207a8e9bd7ded7c86b9b2acb70c09c6d7552a2031c58901c8e5b19ee5487f300
UViT-v2 config4,1800,3545,seq_3546,d6485043cf87279d461dfd75083695f3c884eee515b93a3f2d75833b3dd9bc29
UViT-v2 config4,1800,3566,seq_3567,945e1da576aba95393643a38e41d7dbd422b600015cccc47a1e64d9120c7eaa5
UViT-v2 config4,1800,3571,seq_3572,b93cd08d0184dbbd5e1ea56a013bfe43d5dd75e7042708babb2045facfa96ab6
UViT-v2 config4,1800,3582,seq_3583,9e5ea1991f1b5e8961182c8ee3e0b3bb50dbbfba3405dcc2b243a3698cf51efa
UViT-v2 config4,1800,3585,seq_3586,42d8f4e845a7b34921f9d469282a05d997ec3c305f81711658b1e2e5c2b71192
UViT-v2 config4,1800,3588,seq_3589,7e6552533eafd490364aab8b88a137070e97f94104165e6297076f64f237b615
UViT-v2 config4,1800,3593,seq_3594,c432ed7c2081213d461aceb8db989df9f1388b6c9c0b3a0681202ad4bb7a7296
UViT-v2 config4,1800,3595,seq_3596,5cab48117e07b1da7acb09295c285ac547e2919ce7f5a1016692822484671a64
UViT-v2 config4,1800,3598,seq_3599,f5f83d659898143f5c6619706b7501234c392be9b003b7e4386f0a8f311f6ec1
UViT-v2 config4,1800,3608,seq_3609,f1ddb5236cdbce0206acd20092e8c09905b03664767c8438265c0486dc0efc7f
UViT-v2 config4,1800,3611,seq_3612,a2947565c889fcacd09ade485350c5560861c0f705833e386534864b5f809ed3
UViT-v2 config4,1800,3613,seq_3614,69e06121c7445e7fe0e8e079b399e22c85d446595a0e618919f2f6a53e093ced
UViT-v2 config4,1800,3626,seq_3627,a97d97101edb633f744a54f7948c53a7a077a462f43bafe0ccd513f723037181
UViT-v2 config4,1800,3630,seq_3631,f5b3f48dbdaaee4a87410eee60dc66cdcb354c27918cf26918cc14acb6e8ecf3
UViT-v2 config4,1800,3644,seq_3645,c59f038301d6eb0b1be78eea68fe5c3222be8ce678a51b91bc193dc3c88946ab
UViT-v2 config4,1800,3652,seq_3653,f17240489961bcbc447808bb4b2e4d90fc98c39cc87f674908c04a1a8c257dd8
UViT-v2 config4,1800,3657,seq_3658,4c217f08530f416cadb0b13a6081659b375e1193c606ba496c79fc102eb2f7c4
UViT-v2 config4,1800,3673,seq_3674,1a2a15eccd78d99ce008040bd9863c950f81aa3f702e4c7a3c2900256630dc0b
UViT-v2 config4,1800,3680,seq_3681,22380e080944d7a7dff20dc880f572284040ee6377ce0eed3a69f28a6a90c188
UViT-v2 config4,1800,3681,seq_3682,8289c99cc9e8d9e323d87ca87fcdeff214000716e4f77f1016834554429ac939
UViT-v2 config4,1800,3683,seq_3684,16af58910103f4e42b14d6e8790ba9ecbd21a32ee9d6400d22e149b07f914807
UViT-v2 config4,1800,3696,seq_3697,aa8c549f63833867f434f0b98f18662b0126b5784b951e2b9497d37325240acb
UViT-v2 config4,1800,3697,seq_3698,8566f8c2e6ee8a6088f5a9e80eb5da0c3fb7ef0b3e8d2c1541022834a41fe169
UViT-v2 config4,1800,3727,seq_3728,e99555f0ecee9bbfb7143789d80b097c6574275fa88a2bd23dc63d2b0bc850ea
UViT-v2 config4,1800,3728,seq_3729,1c1f1bf914d5c8134cf9871fb6b4484bb0ed718fe420f85f4c93a3769b055573
UViT-v2 config4,1800,3733,seq_3734,a57b21c4f45f7b2c6177d68c38240fdbb26ecfb0c0ace94923aab6217d6c7b02
UViT-v2 config4,1800,3750,seq_3751,0962f5c733384593aac257d583d85db17793bb964379c93fd36d00a333e4ce1b
UViT-v2 config4,1800,3752,seq_3753,3d21e6d0279501086397e67817c2514b8b253980c9f3cb477267d17e77017ebd
UViT-v2 config4,1800,3770,seq_3771,6fd04ed245fcd363482a31680937d8307489bca25c503045407b688d3785cfbf
UViT-v2 config4,1800,3777,seq_3778,3d672cb0b3f67bbafa2d8168fcf08b3f0ccefae61087a32b4f213ead670a8619
UViT-v2 config4,1800,3788,seq_3789,5d10c87990a268da37225c476f2590b4981e997782c5fb155f61dfbdf45e3876
UViT-v2 config4,1800,3792,seq_3793,8a5252889789e7cb52a2adba0ccea59997a5e77a086c520cbba518185e92271d
UViT-v2 config4,1800,3804,seq_3805,90c9ee0c060dfb0517c5cc1db662b9469bab0175744dfba77459d7e7c4a71c68
UViT-v2 config4,1800,3811,seq_3812,23c99615dacc4534cc155c146a791a0396f19b5e069fb50dcf3da9efb110f65e
UViT-v2 config4,1800,3814,seq_3815,7c395ab528c0a11c8c77851edcb16fe17ca7f717207d863ce67227b3357effec
UViT-v2 config4,1800,3824,seq_3825,bfe37181073ec697430978ea2199588febb1ad78a0722ab2d15180b94cce0f31
UViT-v2 config4,1800,3826,seq_3827,bf6c46fa5c5e4adc88cf796f09d1b4dcf55666aa5502c3b8a6a805b22c146a67
UViT-v2 config4,1800,3830,seq_3831,7852d1f67bda8649ed681fc37872b316c6aff664f4c9dd4230d243b4d4a6872d
UViT-v2 config4,1800,3841,seq_3842,37a30b4bbd55e930e5fb214f6abc84dcecc6d66e24dcaf73fc74d464005c3c26
UViT-v2 config4,1800,3846,seq_3847,2759c30c6f4ff7782f656855e3b6afeccf098522b7475452c3d57ff4972073a9
UViT-v2 config4,1800,3848,seq_3849,f46810b1e6e2618defd3d12882813f878e9181229d0757d8461c2479e92566f2
UViT-v2 config4,1800,3853,seq_3854,e91de1336c7d9e5926de62123a3363ac263b17ee9992bbbe382e8a1ef1c523a9
UViT-v2 config4,1800,3872,seq_3873,3ac3e2f7a4dc7a12b808bb0cecea2894f7494ef83700545d292766b2afbb04d2
UViT-v2 config4,1800,3878,seq_3879,8403013b0ea58c078324e153ccfe5eed36c48bb4ee03b6cbd76c48d1e1698b65
UViT-v2 config4,1800,3886,seq_3887,46f1614b2c3994b10022c088df0c8c77d2910fb9b4ec93a770f892b9fd879438
UViT-v2 config4,1800,3899,seq_3900,79f7c14395f26d8b0e975370592e0abf1bfb0fbdd412646d5a3f4aa1baf95e74
UViT-v2 config4,1800,3908,seq_3909,b60f93a9899ea646220e859044773973bf61714575b654be4cac6f920e2a980b
UViT-v2 config4,1800,3910,seq_3911,7e45be622bd974676f7d3d596124acd8728ca662803e73ff55f43c82a6b9d2e7
UViT-v2 config4,1800,3912,seq_3913,4f3efbf8deb6d40b5a1ddc77b3e47459e85744e0c2de114421da935469609eee
UViT-v2 config4,1800,3919,seq_3920,3e58e68106bb66d0affd0f60de876b0a04cd5c4a1d4debced0ccf8bba07e81a0
UViT-v2 config4,1800,3920,seq_3921,6d23398952a92d53efefa5c3e7d50cec9c874b77050e6cf3230f07af0d3da2f3
UViT-v2 config4,1800,3923,seq_3924,a851abe73422073fc8fd7543976ae27cc7ed3bdcf9f631f1d31ee4e90ee4dda9
UViT-v2 config4,1800,3929,seq_3930,c6dfa6c260f2356b8426556ddcb00986b9fbd5e820fe98e417db37da7f20639b
UViT-v2 config4,1800,3937,seq_3938,553f25201f460f88683ccc75f426042bdaf31f799ecb29401cc1c5a41bbfadfc
UViT-v2 config4,1800,3945,seq_3946,4d468ad59f7468cf24d244b369657194d23fc0076db0c9d7e1f3fbf862210735
UViT-v2 config4,1800,3946,seq_3947,c00e0e24d3126bc3d7f0739f508e10cb6d2d9cb801d4ac1ec1e82b76e5d34d66
UViT-v2 config4,1800,3954,seq_3955,4c7d80bcda8a645968c3a51af5167ac66df798b5688083803c1a90cc4062ba00
UViT-v2 config4,1800,3978,seq_3979,06b6757247a0d63ca4cfc62c53604fae6892792c5e976fd6e631559046eef6cd
UViT-v2 config4,1800,3981,seq_3982,bfbb684053963e3a128ce3de7422ca1f0ef121920e2b9aa7e53e441b9beac30c
UViT-v2 config4,1800,3986,seq_3987,a1145612f08c5a97dbc15c2b279c98b142ee4488039419faa9bdd10cbfc55d0f
UViT-v2 config4,1800,3993,seq_3994,01de4c719f8cf74329692bb9e3cd5444b6cabcb4cc9d5bea3790f00a18a3de78
UViT-v2 config4,1800,3995,seq_3996,0be75defdef9204e8320e53b062af17d661882ed0ec91f9b36e5eab4bb2d2cf1
UViT-v2 config4,1800,3997,seq_3998,957642d8ec62223117060943b7defa04ee89cb57855d302476c3339ffc3c9b6f
UViT-v2 config4,1800,4000,seq_4001,42e9926b9dfb82d0c47abb7a4b28b11ccc2d7c577c43e94ef1f7d8298ce42d18
UViT-v2 config4,1800,4002,seq_4003,c246ef00ed15dae292e3e4d9eedf9484e7f68cdf2dd473c860b850bc013acdcf
UViT-v2 config4,1800,4010,seq_4011,c7ffbfad00d5282904f0bc053e998953d6e7c7f2d54122669ed1eb345a23301c
UViT-v2 config4,1800,4011,seq_4012,fe3468c1bc6e5b04fd3acd12d21701cc10db64ad4851111f14eabd6e8d130052
UViT-v2 config4,1800,4012,seq_4013,5390cbcba48f6959d46431acc0b4a073268bd5f40d6017bb511cb131a77f2704
UViT-v2 config4,1800,4022,seq_4023,902b9496ff0ddca1dde137bcbb803cc077e7a091646ef9801a7426a510a85dd6
UViT-v2 config4,1800,4033,seq_4034,fc3ce4eb4f6abfec20f170837bd2ffde21f827d0086d80720431c681327600de
UViT-v2 config4,1800,4040,seq_4041,0d33c83b5eb979b7499a2f4883263d53cfca55c40ecbd952771132204fe9f916
UViT-v2 config4,1800,4050,seq_4051,f893b5183898e4bcc41d7f2329ecd404b3d1168b58e82477e86876258c8edd63
UViT-v2 config4,1800,4051,seq_4052,474b4b510620929a66999319b02956afee34b43e94ca872818dfc8039195e5f9
UViT-v2 config4,1800,4061,seq_4062,128ff3956b6b40295952b6ce6f86f4d8b2edcb69f6f81742f0e9577bbf6477df
UViT-v2 config4,1800,4065,seq_4066,fc6a0b67b07d99ea1f4672d5cb5eef890739052369176a604a7531bfd42e8a00
UViT-v2 config4,1800,4066,seq_4067,cf11ed29e44ee396a45eedc6c267862bf1f7e953e475a65ac0abb559dbad1cd5
UViT-v2 config4,1800,4073,seq_4074,199b52b3f15f85c2058e8489f639d7bb0adecbf8607aa96d53c3785fd676f944
UViT-v2 config4,1800,4082,seq_4083,4f7f79c328c4122e8cd709533d3e4d08fc765d6b171c81a297f4bfb8b1e102d2
UViT-v2 config4,1800,4088,seq_4089,7b10d239e2b7972867fc256d191b9bd9c2eba5c8d4b9496f9a3e4cbe282cce42
UViT-v2 config4,1800,4092,seq_4093,ceda05b5d813883546532fba3cd6d55c2157b6c8f4c96bfb2c3d640ef21a7173
UViT-v2 config4,1800,4097,seq_4098,08bf08c6d47e8e188e52fe07d4de2d6b55ead0e72046b824a7ba735b556269c5
UViT-v2 config4,1800,4102,seq_4103,98963fbf831d3d4ef570dd7b667acf3bf678ec3709853391fdb73cfdf111e672
UViT-v2 config4,1800,4106,seq_4107,f8109ef46d2d37108805c6348b2983e6c577d0a94eadfb81a3e9717c24b827a0
UViT-v2 config4,1800,4114,seq_4115,42bf60fb5cb234396cc9f5e6c814960c360dc754dfec1d9d72261f6b167d4709
UViT-v2 config4,1800,4118,seq_4119,30e0bb41666291dd66af97f32087fefc1fd6cf41956ac0cd85655c4f17ef17f1
UViT-v2 config4,1800,4119,seq_4120,e7a1835d6a92c919286addd4e1db4c51b1368a4cbf531c50519f89e01f2f1d32
UViT-v2 config4,1800,4133,seq_4134,00c579311f285e709b0bfb7a4c41a63fb5af0b3e209e99dde9135d6288562bb4
UViT-v2 config4,1800,4135,seq_4136,cf7c9c4ac07804b10d15cd911b42ee9708c29e0ed98dd861a81165c2cd8b8850
UViT-v2 config4,1800,4136,seq_4137,2d345227827cd8cd4491e1ef149294bd15254891fa970f3a848ed60ee8b43ccc
UViT-v2 config4,1800,4161,seq_4162,9484dbeab698b1875b875dc1a679d5c69d3671f94304e4d2648cd3b86afb6d3b
UViT-v2 config4,1800,4173,seq_4174,27a29b3feff7aa7f654d5150aabbeb684c66b61de3c9d1971082f0494f4a4986
UViT-v2 config4,1800,4183,seq_4184,77927c58b1cbaa479c982dd828e7d9fd98be30d1e18dc2d11b546554cd4368d4
UViT-v2 config4,1800,4198,seq_4199,5485c0280980aa843b8ee3ed4106c152c85d4ea590e5338f4837e306cf12baff
UViT-v2 config4,1800,4210,seq_4211,ace9b6d13d70a7b22665f8b6db03813ff09348d2d33465facf9bb4619a9ed243
UViT-v2 config4,1800,4232,seq_4233,a923fd51f8030647273972681ed8b34b4a867895ec3867ab2603a2af5e3a93a3
UViT-v2 config4,1800,4246,seq_4247,c2962ea5494ac2969b54fc40b33b14dde4c7edafcfa6713b693f21afb1874924
UViT-v2 config4,1800,4262,seq_4263,b2a66963677b59e986fe2a186bd379c1dd6d87193b8747142ca751455f1df3d1
UViT-v2 config4,1800,4272,seq_4273,f9c06e2205252a072c2fd0fbb4f373f213d59292d9a234d143ef1b1cb80373ed
UViT-v2 config4,1800,4279,seq_4280,be72bcd684812072d878d157c820b2f61a5678fa339f52046411bca44369a28b
UViT-v2 config4,1800,4291,seq_4292,cf5ea52c650fd830154e6ea630b5a984dd3daea9e3a790277987f01771581497
UViT-v2 config4,1800,4295,seq_4296,dd15fac7ff9fdeca91fd866df6f2f11604592d03a09c209105bed4bf980abbe2
UViT-v2 config4,1800,4304,seq_4305,e1d950c0f6bc5da6aee569c4b5cabf45d051c99aa3355d3e1deae8a2d1170d3d
UViT-v2 config4,1800,4315,seq_4316,5f82152808e0cd2bd7ae51efdf5d98881f33dbf4d14c7938a3bc74366a0a98b4
UViT-v2 config4,1800,4325,seq_4326,70dd72784725a3a1d9a44fb2b8cef29cf3688343f24ad1f69ce730ec9828bb6c
UViT-v2 config4,1800,4332,seq_4333,b2dfec5c029848e9ed794e6b53530c66e4d4d852ccd95682a2cdaa053f63aa89
UViT-v2 config4,1800,4333,seq_4334,bb906341079e1eb2cf753065460aa1197308b2f7154bb7d25eeb5d9c07ae9b54
UViT-v2 config4,1800,4334,seq_4335,d1653e48be964a56a2d844efa11322ff392b02959baba5205af6521885a4693f
UViT-v2 config4,1800,4335,seq_4336,a223b5afc5e025ca2e9cfe149a398b7bb8d553c9b10f76f250c3936507492472
UViT-v2 config4,1800,4339,seq_4340,2f17f43dab9c16e8876e4d6179454f9370aef26aea36ecdbb1f6d769119050a9
UViT-v2 config4,1800,4342,seq_4343,1fcf05755a2715b0e888062844f53123ddc9fa48c2788264dc71405ca1bd45c0
UViT-v2 config4,1800,4345,seq_4346,1a56380680d0a3851ccda994f8eae57f077c5b3a53e0e9a4951f85e0c090d86d
UViT-v2 config4,1800,4349,seq_4350,94d48bc6316d100a4011525bb066b8ce954cff4f00e4d3c353f5df73e747db19
UViT-v2 config4,1800,4351,seq_4352,9d107f51a500dced3dca41c0ed9414916cde31be5fb7359ffa9f1a7a4c9c32f3
UViT-v2 config4,1800,4352,seq_4353,6ae7e75b2851f6fe4fe45d5a550f8463d6046f3947e9c2bd7188c4caa16f3581
UViT-v2 config4,1800,4371,seq_4372,7384db0a0dbfa6944ab094f1b39f1e7344510cad72873c728fabaee461e95980
UViT-v2 config4,1800,4374,seq_4375,c82adad7fb7810f39d84a35b6b6290a366e23a57f7eacdfa97290de993aacbef
UViT-v2 config4,1800,4375,seq_4376,74ba493785b44222d18a1d5c48c4722f46d0698372e35702f5968c1f23690417
UViT-v2 config4,1800,4377,seq_4378,5474f73d8b0ce182467ffb2447467b946b5d63316ff043b82368468dded32efd
UViT-v2 config4,1800,4386,seq_4387,ccbbe893c4edfb89d36c144bd788efd396800e5a61be6f21266bfe89357b459f
UViT-v2 config4,1800,4397,seq_4398,6bede453c103a453d650bbaf412a491ec7dd49f8d7045c382ab46c9d60e57c65
UViT-v2 config4,1800,4415,seq_4416,36c2d96c6edfe1ef8c6cb68b39fc8cde0fd85e6678215cfe1c927cbc756f0449
UViT-v2 config4,1800,4422,seq_4423,9e6dbc2e56b05b925b0d695fc1b0108bb637c1279ec05cb8743daaa029a35b11
UViT-v2 config4,1800,4425,seq_4426,dee52f57755bdd89ae4269dca644b4c7cd25341bdd46e27cb020f0e4f22c3edd
UViT-v2 config4,1800,4438,seq_4439,6adb2999521976e47b300fe18ae435acaccf6ec0c899b7fdf2d522b8a9dd661e
UViT-v2 config4,1800,4451,seq_4452,fa87f53012829770bfce643a7f45345778cc8393fd1b6a9e47618e5d71cf2163
UViT-v2 config4,1800,4460,seq_4461,3b40bcc8c5c2f19d2e5c715719e4b525f6249bd461e9ef520bb6ad91e2e87d3e
UViT-v2 config4,1800,4462,seq_4463,2de70d63fa96f7641b4a027f3c0ccb4fd678777bbb69e084bbc78681583cfec2
UViT-v2 config4,1800,4465,seq_4466,8044310ac2ae80f3d2433dc7fdd0b8bc1f6f5a1bf25c882ecebc252a9fdd64be
UViT-v2 config4,1800,4471,seq_4472,6158e422e02dbe692738c26a2a755be323001d0d1771f3d980c137208b92b715
UViT-v2 config4,1800,4479,seq_4480,86005704a2ac45f5702bd38a97e992ce78a469823db5b9dde82d432888c96fb1
UViT-v2 config4,1800,4494,seq_4495,aaae8485fe9502c5270e273dca2721d3e0758ce7db0810adbd0c913faa6c101d
UViT-v2 config4,1800,4497,seq_4498,9c547a4c726db48c574d7240ebc5255af22e2a0df3d0565ba0413166bd193175
UViT-v2 config4,1800,4499,seq_4500,1f529145e2556a27d4285bd11eaf7378456b98054bdfe91b3497bb143d4f2707
UViT-v2 config4,1800,4506,seq_4507,e8723499e171dae96e635798c82f65ee81202f133213265836b52a3f0dda571a
UViT-v2 config4,1800,4526,seq_4527,141cbba7a20d0a7fc11ce63967e53d447c78a159b5ed99402d5deb439df4d035
UViT-v2 config4,1800,4530,seq_4531,13e92ddc77843df4e0ed2f4fa6192b515b21a6a72c602ca1e9ecb55f69f4d5bf
UViT-v2 config4,1800,4533,seq_4534,1eb82f92bfd8cab057e47391df06338bdd4b4b8b1fb45cc8dbf11e56312b2278
UViT-v2 config4,1800,4543,seq_4544,a2f2ce682164621522468e540e77b541d9c08e6f381e9d51d5ec291ddbcf4add
UViT-v2 config4,1800,4552,seq_4553,c051b53779848e9116fda50091db85f1b9c3090761b3bfff0e75f237da89f459
UViT-v2 config4,1800,4554,seq_4555,1a603242fb139d34d3b719af4781b4178d1c5f9ba312831055123022757f952e
UViT-v2 config4,1800,4557,seq_4558,525c1c6f8060b2108932c1480aa3cb1af5d52c921b55f069c6877d209ac23823
UViT-v2 config4,1800,4558,seq_4559,efd43ac1f97ea7a199ef782a445023353b2edbb74572e0878df693e8f096d411
UViT-v2 config4,1800,4562,seq_4563,27bf569621ea64e4b7e51ebdd4bf250db313f649caa223062dcd3f29a3268e13
UViT-v2 config4,1800,4563,seq_4564,5129e525ce7cd1d07356e97992f5bdc763cb66888d7d4231b217c87bbc24aa21
UViT-v2 config4,1800,4564,seq_4565,818be3751b7ecbfb32de2a63da1994bbaacdbec477e05cd919f240127aaf1719
UViT-v2 config4,1800,4569,seq_4570,467e20b3d2c88e5626184ac3c46876894452b382277013ef5e3172d9c83a1580
UViT-v2 config4,1800,4573,seq_4574,08fdf6dcaf542d6bd7321daf721f4243c4f55c4ea9daed89137f4b5050392825
UViT-v2 config4,1800,4581,seq_4582,21b79a1098b197eda7622114eb0496043b01887afbde3b12819ba82828dae98b
UViT-v2 config4,1800,4616,seq_4617,85b77441cf931b3ac4e7dcaaebc33978a8287511eb393439ad069b0ed5ca8187
UViT-v2 config4,1800,4632,seq_4633,756da09efb791c4f56ce4abf0cfd9a5a3131116fea78a50957530412fdf3b82c
UViT-v2 config4,1800,4634,seq_4635,f440242fcb763d0c80aeb7f4db29602e6b98e0a5e2a469d18a9852564c9387ec
UViT-v2 config4,1800,4636,seq_4637,96619c1257ed79dabe8dcdc53abd9e77f9475a89951d7306a4d9b3025f385611
UViT-v2 config4,1800,4649,seq_4650,12fa83678e2f96deba46d26d5c82a89870ce388e1e8b43c370a7c0f63e1fe591
UViT-v2 config4,1800,4658,seq_4659,3eb2c50885e3485f94190c9be4a15cfd3c77f62cbf42007a9a9ba41fd0b2e89e
UViT-v2 config4,1800,4669,seq_4670,77f2ab7f62bc17f1909ab0c354d000d7a1ac03ddb0048e0691b014cb266b572b
UViT-v2 config4,1800,4673,seq_4674,d27375a497fdc612e2ffd4e7b5fb6d03adeb42e74b740612f98907591eec2dfc
UViT-v2 config4,1800,4681,seq_4682,6564921f6079493c9fa5f3f909a5f7922ee1b746714b99c1a1a43a706c044074
UViT-v2 config4,1800,4689,seq_4690,6786770d54d14dab10d2a1963a34858b5b44332738611a174c85df4baa2bcc72
UViT-v2 config4,1800,4700,seq_4701,1cd7879b86f50ad5b8e8de44ad1a3e5fed480caf80f5151c941cf4ac1ce59339
UViT-v2 config4,1800,4708,seq_4709,4fc31f3f0721e9ffc7407ac06362e4f10dc3001ca80656b44b69266be1f77ed6
UViT-v2 config4,1800,4712,seq_4713,c3ac4c15393929bb9cff990d20cac4cacd380c6fd4b360911551473298d74a42
UViT-v2 config4,1800,4719,seq_4720,a55180718fcb6c6a043ec89930e3c0b248dc8672d70f64749a7d7889d12106d7
UViT-v2 config4,1800,4720,seq_4721,5c2fa03c2b4595ae7fb17296bb866bb9bcc2b79b868e9a2b1b227c7e6bc67858
UViT-v2 config4,1800,4722,seq_4723,bddd4349a043d60a493c16c2dfefc43acae6227b5c4608ea0aedb2be71d505a6
UViT-v2 config4,1800,4728,seq_4729,362d1d79290f6f0901f8475bc1b4a6fa06476806793b9405cd6fee6ee8d23cbb
UViT-v2 config4,1800,4741,seq_4742,f2609a13b75a5e90a39d4e6f8388865753e115b20c03f168bb731540501aacf5
UViT-v2 config4,1800,4771,seq_4772,2fbe718609734c4b7b6cf92bccaade0877732fd4b82783254f4fcf504a806303
UViT-v2 config4,1800,4781,seq_4782,7e478a8c50ac658c52207a84a00c347bee6e70fab151ae2a32890a4e5fa67731
UViT-v2 config4,1800,4786,seq_4787,9c5494ed41f56d2b08a0a5a35c003bd367a7e7b7fefe365587231595365bb5be
UViT-v2 config4,1800,4803,seq_4804,a1061d276279cde0cecaf7e54a7433a612ad311c999a44505cc9bc6f76af26d3
UViT-v2 config4,1800,4806,seq_4807,7141951e312958f2c1bca4fbaf3ce27be597a8e5617af5fd78535b85002c1d1f
UViT-v2 config4,1800,4808,seq_4809,8d557c21dfd56cad209d9c88afb4a3c5a15e3919731696700741a6f6c8e8dd46
UViT-v2 config4,1800,4820,seq_4821,64a3cd5cb8f65cdf420223c288b4733d05ffcdaaf8cdb3c4dfcb368957ecc564
UViT-v2 config4,1800,4835,seq_4836,c5de32d7b2d9a804f4fb918a90fd616d2d3560df11815f734f1e813236b1295a
UViT-v2 config4,1800,4837,seq_4838,db8a024a1d1c162cb5131bcff4d0ecbe96cd197632774690d681a3fbd4e720b6
UViT-v2 config4,1800,4844,seq_4845,a49fad042991f057d84a2da6e1200813d8bd75efb7a30d0b7d9c4ca933b9bd9b
UViT-v2 config4,1800,4847,seq_4848,36c2e56ac3a217941eef9c64044c636c2864c3201aca91af09d639426c1c0eba
UViT-v2 config4,1800,4853,seq_4854,bdf9f2365965fbb3c71970d7ee60ad630783b03d6491ac8dd36010bc10172595
UViT-v2 config4,1800,4861,seq_4862,7e7733b3ede3119b20c15b183b45578f92469781f76eaa21e9f279d5cc4ab93c
UViT-v2 config4,1800,4871,seq_4872,d48d0824b7f91070e6bfadd983c8cc3dfc44e17d6bfb474a873079a21677bf3b
UViT-v2 config4,1800,4889,seq_4890,1614adc6f4975f0c4677c24a18729baa5ba96ecbd68abbe58b196f1cee895149
UViT-v2 config4,1800,4891,seq_4892,62b9de1aabac77e737869afb31be0c6be9018d59f3d4cd2d37608b5048aaf8c4
UViT-v2 config4,1800,4892,seq_4893,ecb4cb06f52c70f5acd7e1f2033cebb0a1fcd415383fce81f63705fb71623f26
UViT-v2 config4,1800,4901,seq_4902,ea14ed24779062bceb1e1423b9cfdd79e5cf6e683a633f23fd2be64ce1264e65
UViT-v2 config4,1800,4905,seq_4906,210470bc358e001a2be5ce2bb96698d91fec6e53b66085a2255eb612b86d77e1
UViT-v2 config4,1800,4906,seq_4907,d96587317298c92f4d7aeada0397c9da4e2df7577ea8415f2289bf039cd5517b
UViT-v2 config4,1800,4915,seq_4916,2c0e295ec4a698355bf97eac608a04d015360423f7e9e3c2ef5d96de0e93c18d
UViT-v2 config4,1800,4920,seq_4921,95d64396827678b6c827d19a864b024eb1240b833985e218e6250b800dd8aaf5
UViT-v2 config4,1800,4930,seq_4931,c7ec1a0dce94d3a4523378c06539a5a82f4412decf7d9b4773dc8b54e3df1988
UViT-v2 config4,1800,4941,seq_4942,04aea89f3b5fed8225bde0555792be6abbbecd0c58786898f17cd94c7aa25914
UViT-v2 config4,1800,4949,seq_4950,70cda5b024a356b4aa919fd1ccfad844e98c02b3f8ab31e79d2a64c38b2c6e3f
UViT-v2 config4,1800,4951,seq_4952,9c77ea2faa60d9158e60ce67570b7dff1ee287fe5976d266d9947334ea487802
UViT-v2 config4,1800,4952,seq_4953,b620173bfeabd927c9ca28fa7a132b6f71f7639d145d2dc3c805ba08a38b17ad
UViT-v2 config4,1800,4956,seq_4957,fb9e49101690b95687d740ba2ae23a79fc066f313af636dd4066a654861276dd
UViT-v2 config4,1800,4978,seq_4979,36b6441aa894dac042eef4246412b772e5b9b0c33275f243a33d93de8f019566
UViT-v2 config4,1800,4982,seq_4983,512c340d01feb5c0e519ea8d7f5c6870e74adc3a3dee7b17b1ef359513c5403f
UViT-v2 config4,1800,5000,seq_5001,421e3c31fbbb0708afe7c8b73980ea2a2d9621323ed503976cbcd659877b2aae
UViT-v2 config4,1800,5003,seq_5004,c2e3a4748f8436528f075587aa9481ca6b86fe3d36d65a6f8bcdd240bba719b7
UViT-v2 config4,1800,5016,seq_5017,632aa8eec874f2d62fc965e085af7db1e2f7d28b9a2654168bcdd37f86e8e28a
UViT-v2 config4,1800,5023,seq_5024,35a99cb037f40ed6595dc000dc5e593643ea40223b0a9f2cc78a5a75113c45fb
UViT-v2 config4,1800,5038,seq_5039,25c10f667476786ae3bf1ced0b5139db3c3eb91d41aeee5e6f6ff103a862365d
UViT-v2 config4,1800,5039,seq_5040,621e1ae125202d3d11ad737bd6f14896c45da0202ed1366523ea3454e419c2c1
UViT-v2 config4,1800,5050,seq_5051,a4730450b9bde07ebae7ea0743c016bf4b2d7718fb0aa740444c7e4f31a9b3d3
UViT-v2 config4,1800,5061,seq_5062,8590f2b96f2ddea8480c4dfd3a496f8f763fc7f507a441cb17d8c201a3b38ba2
UViT-v2 config4,1800,5067,seq_5068,4ea746435ad0f8c0470428c7ff589138d738ad0db4ceaa07d0067140fe68a916
UViT-v2 config4,1800,5085,seq_5086,0950c8e30428c91682a363c58bced5283c46f569b87a24c062aa37930eaa354f
UViT-v2 config4,1800,5091,seq_5092,64bb3caea9891f8decfd7daf51ebbf8eb2740daf022cd73dd3e19860060927e1
UViT-v2 config4,1800,5096,seq_5097,498c38a1545954b3dbd4ae006bceb0744b72cf255d7c5c47185b87d5fb90be4d
UViT-v2 config4,1800,5107,seq_5108,b0114b2182fea4a9171c9ff332a21f5886ae052adfe6fa9fde4f25503644462b
UViT-v2 config4,1800,5111,seq_5112,ef30db9340f3774786470c8519d354843a1a5cd263413d5dd251d32f86fc91d7
UViT-v2 config4,1800,5138,seq_5139,d609f9adc31b263871cf9c547d93d71f7a2bba7acd47366bd0736b69a6970f3b
UViT-v2 config4,1800,5139,seq_5140,b336ac126e1fa053ca64350b633006269f668cc0bc005ceef221692e49c6bc0e
UViT-v2 config4,1800,5143,seq_5144,a2d12de622b76df984fb0e757f989388899d128bd5fff5a966ce1a0ede91dc55
UViT-v2 config4,1800,5147,seq_5148,bf282f54a7da683fa20a4a94637cd1a6ca98316ab19c36a14f2948267476c14f
UViT-v2 config4,1800,5153,seq_5154,fd1ad31884130c60374ae2cf0aaf5ec93823215b689fa267f0c6b1622a9d4254
UViT-v2 config4,1800,5155,seq_5156,4bdb4854f2e87a1a064b9770cae2b6d7f647da8943e7cab38fda69aa37116855
UViT-v2 config4,1800,5168,seq_5169,648719bba3160d5c882a01b81244148338e6c79d27dca4dfc83d52e574080ecb
UViT-v2 config4,1800,5169,seq_5170,a6bcb05024e1b12d3044cca227e04aac42dcec32bc31d0f854a2737ddf5b5633
UViT-v2 config4,1800,5180,seq_5181,36b7dde51b4bed84df7edb138457dec1b3b10e855865d756541267a4befeb083
UViT-v2 config4,1800,5183,seq_5184,59a5b482dab2994d3c8b021e12dc8dabf913e192af2bd1b86b141dbde72ede17
UViT-v2 config4,1800,5188,seq_5189,131a4abc37edaa56906935754fa3f5e1b37f15fc7387d1cad6102e0344965451
UViT-v2 config4,1800,5198,seq_5199,02f11116e342b6a467682c0a8c36c4ea24fb413a7938d9d75e1b08b5128506f2
UViT-v2 config4,1800,5213,seq_5214,4fca97c293651a80d3431dda00656acd8cf24b08c3e3da8c0864239b7a0efc2c
UViT-v2 config4,1800,5238,seq_5239,95fd598d5fd4ebd1cb3b194de02ac5404438975e04850f9a0fab8405acf3d9db
UViT-v2 config4,1800,5260,seq_5261,ed0ffc62d2cb4e3b3e8b8047841a7138ec6025d432d65a15d1eb00ced0080fa2
UViT-v2 config4,1800,5272,seq_5273,371c38b11527f0e59f58ff39d778f202f1afbd42dd0f1664e8b72f90f3d34f7b
UViT-v2 config4,1800,5279,seq_5280,b211db9482197f507274e3e4ec7c16ca291dbd4eeccdf72104698a76a683fb24
UViT-v2 config4,1800,5280,seq_5281,e81097f4c39375adfcd56572237b95f94745989af0c7abaf251c891f31cbc595
UViT-v2 config4,1800,5296,seq_5297,d16278423c133ec1043951d5639da85b32fc4831d57a8c1b76b71cc2a868e8bb
UViT-v2 config4,1800,5310,seq_5311,74f52fac71c324baebecd176278e1f32e0f556c3091ec1176cf0ea565898202d
UViT-v2 config4,1800,5313,seq_5314,5c76b418e6b67e34b1b71d6779c2a31a1c9f123370586dec61eb3320a17774e4
UViT-v2 config4,1800,5314,seq_5315,bfddcc00f7d15cf58c1726a535fbfbe9429330408e3fd4563907c6dc50310bb7
UViT-v2 config4,1800,5325,seq_5326,e040d51f627f501e3774757f263efe8a5d93f67242915a4feb271dff5d6fd7f1
UViT-v2 config4,1800,5344,seq_5345,9ee7c46237903c5a2d79d910bb412b368105106a78c1b328ffb9dd5a26338bc4
UViT-v2 config4,1800,5352,seq_5353,3240a153a75bc3a9923d404db8e2c10bbc909a93a64a33e5df815b38fb1376b2
UViT-v2 config4,1800,5355,seq_5356,fcf1debe60b883737a1888d4d45e0867ce32d835b0fe8b3de4b64b46804ccf29
UViT-v2 config4,1800,5363,seq_5364,fcd6c687ccb6aa69dc9fff7df2aebd8beb00665385ae34b4ce8318bd936ccab2
UViT-v2 config4,1800,5374,seq_5375,bdd982eda3733a1fc0a8e34eb15bbda8696a8b20712d23583d2bf15dedad59bf
UViT-v2 config4,1800,5378,seq_5379,19010e2ec0ed397c77bb8ac9d17098fdde7b974cbbf4f5ca6a06f933d8eac1b9
UViT-v2 config4,1800,5383,seq_5384,8b996c9117dea6d5f5259152223549aa93db2493792a3acc726dbe596553a336
UViT-v2 config4,1800,5403,seq_5404,c1c51dba1aa42abbb43395a8b3fa298f2ca43c351ca48302cdf7c0d8758c8511
UViT-v2 config4,1800,5409,seq_5410,0aeac31f0564e16ec48949c6d142ad889fb1eb59a2e526e66413ad342f7beb65
UViT-v2 config4,1800,5413,seq_5414,cae42fa579e7fff69bd4f6f5e72295e6130ad3e2c2a42d661ba1f2d56fe6f400
UViT-v2 config4,1800,5419,seq_5420,97db9a47fc399c698759c27be959e2732bd967738493c58518b347ecbc90b80f
UViT-v2 config4,1800,5421,seq_5422,bdfb8e4b01043f3a05740ab00f374107cc4e57f50d18e280cc92f30f0f83a9d2
UViT-v2 config4,1800,5425,seq_5426,c1587ce030d6f7484cd675524eceee80ab61c18ba5fe585d7ac3c9c08fb510a1
UViT-v2 config4,1800,5439,seq_5440,60460ba8a45f5bbf3a667c2407d7648a00c3691b8ff1a25ab3ceb1b8f164ed00
UViT-v2 config4,1800,5442,seq_5443,2a6cde17a20c46c75c823604f1294bb83c4446558613a926a19644eff0696215
UViT-v2 config4,1800,5446,seq_5447,68b269814d146c795c93397b02d9c93cec832bead1e8991e126c784ae5e6def1
UViT-v2 config4,1800,5460,seq_5461,6dc95d5c16c8799f78a4018e8be6359384879d62ea44c04679e66af2ea9c362b
UViT-v2 config4,1800,5464,seq_5465,e603ab97bd81770a87f19ffba89c8c1b89b7049a92f19a9e972f87c7f205b0eb
UViT-v2 config4,1800,5491,seq_5492,3081dd97e47b9c66f32d8ef456fda8632d61bbf442f993118039f2c85cc539f2
UViT-v2 config4,1800,5502,seq_5503,e548504c13252b2fbd60427dd87fbda399a1b62e305eb9944ec809069f1b9ad4
UViT-v2 config4,1800,5507,seq_5508,1953207eac52379e5d155236fb5a19686cc570fed2b2fda7fca6ebd8663c2488
UViT-v2 config4,1800,5511,seq_5512,8da0b5f35261888d5c6d3d43f32f513161c627e3e65d5abed97ad40f2a03d38e
UViT-v2 config4,1800,5514,seq_5515,5d76c509ededbfdd152e28f176d6097927dfee53872f047f4dd53cc8b7da41cb
UViT-v2 config4,1800,5529,seq_5530,35db0633779ed5411dfda4a220a376115a9075c8e0be8d8515ceee6e7903e849
UViT-v2 config4,1800,5539,seq_5540,eaebbab4799470119c4b1d9a680f5b8fc67456264cb59fd058ace45e792ea6a0
UViT-v2 config4,1800,5546,seq_5547,99daa2f7d8d7784f13fe7e6a11752e6098ef3f7e1bc84a3109abf1d6a11b33ba
UViT-v2 config4,1800,5549,seq_5550,c9afece6f6701c138e9ae746625f04fe0d5d9819b73c6ca820760f65943ee7f3
UViT-v2 config4,1800,5559,seq_5560,f68384d42f5f20771d75e9613821a934ea1ca11c948382e331d595091815e1ac
UViT-v2 config4,1800,5568,seq_5569,2d1f3fdf3afaf8bf103ac33561ff3861d06dc822fd1dcfb54c78a4e0754f7a81
UViT-v2 config4,1800,5573,seq_5574,9257cc5aa99a5544503971653eaf0fef4b3f133fad09f676b1d34447e764f2d5
UViT-v2 config4,1800,5574,seq_5575,2c019e7e32d58305540bddaa648e24fd2ce88e2dcb9c6de5a1b109903ed1501b
UViT-v2 config4,1800,5576,seq_5577,ee5dc79c0fc2b583e4371c5418bfee3321152fc6bfe010327e6cda764b866fcd
UViT-v2 config4,1800,5582,seq_5583,7a53fce8cf572c5332e5ebd1b7d65256f265c839df8f28d011d5f50a3dbc3115
UViT-v2 config4,1800,5590,seq_5591,7a43dcf9cf6480ce8c489ad2cc2b1e9bcc00c6ea86f1bcb7c84f25b846abbb90
UViT-v2 config4,1800,5617,seq_5618,9a208107824c036b8195003933e40822a3368695ca5a7ad80bba1d3a6af8747b
UViT-v2 config4,1800,5632,seq_5633,d10f832879f74484e0452280b5cfbfa29384610eca9846023911cc4b678d0f93
UViT-v2 config4,1800,5635,seq_5636,7920695f6d9128d28fa4ef13673d848fd94e807ef735e12fb0189843e6336395
UViT-v2 config4,1800,5654,seq_5655,0f3506138ab6e16780a6b9dd58da015bd2a74605a52c59e0d1eb94fd5754af69
UViT-v2 config4,1800,5661,seq_5662,1ca468c58f90c99fb06ef7dd1837c3b12a88b2cc57ee4b9bd56ecc2418796c27
UViT-v2 config4,1800,5663,seq_5664,cc0b9bc4a08b5827e9e87ff8de32df7a546deee194bdeb5cc7173c30ad2c00ed
UViT-v2 config4,1800,5688,seq_5689,19b60645cfe1d2006739bb36a42db77a9f77f89b9827b0257303a417c0989bc7
UViT-v2 config4,1800,5700,seq_5701,7929f4fa932c9f58684a3b8c901a39fc0811cab2714ad9d73ef6e563644ea431
UViT-v2 config4,1800,5718,seq_5719,cbf37052dc853bf0eb885ff054fb3e85c56f606678f354552d5599a099a30045
UViT-v2 config4,1800,5728,seq_5729,25324bf4eed4bfb06e7fb2181c42735c25c28d6ab1bd87b406118a584f11a075
UViT-v2 config4,1800,5733,seq_5734,9fb4a7e1f29d80661ab5423948b54c3b770d187ff3cb44f6c43b1c432a6349c9
UViT-v2 config4,1800,5753,seq_5754,bef7f90cc81c7bf19ac73fb7dcbf96a5f05bdc5b4fa1a610b6613c52c75d751c
UViT-v2 config4,1800,5763,seq_5764,dd5211cde7ce4a0e92aa65b3c7846e57ba52395387238c0ca1a374200bf1b3c8
UViT-v2 config4,1800,5764,seq_5765,91e06ea7f36dabc4e3d411dcba8675513d321a96ee13b919598936f0b351254e
UViT-v2 config4,1800,5772,seq_5773,c054044b0fc91d97af9fb8fc1f8d58e200e3c0abd63dd9814b1efb627984b6c5
UViT-v2 config4,1800,5794,seq_5795,b80e355ed29e9ee49f549be05ca7cc534cdc7e9369df2ccc2dabeb6b443bc956
UViT-v2 config4,1800,5804,seq_5805,c03248d6e35ec015b92cab79362e4f45da07e54497a8b326648097d8142246e4
UViT-v2 config4,1800,5813,seq_5814,6d88775094ec3fa4cceff31401f0b50bf275a0ebec049d5ba7fc08807a017fe8
UViT-v2 config4,1800,5820,seq_5821,d955768224a53a7cd4f794189bee792dcfd2b2af8f752cae18c3b82a7dc4bc59
UViT-v2 config4,1800,5862,seq_5863,17d7fe83580f1d24ae9f5d2b3cfeb092e78b16398b1f9f7cc526b6ce12b3df53
UViT-v2 config4,1800,5873,seq_5874,0666c4a98ccf1e043c953930e7fd4aaf2ad78b655e758c3f86a38f513cfd4b42
UViT-v2 config4,1800,5881,seq_5882,65b651dff106fbc16cc436cb49404acc053683980a0f7cf4dd3f6b020f6713b0
UViT-v2 config4,1800,5912,seq_5913,c93c56cbc2817c1bb07fa3873029aa42f3d68681d4870c0964a3eb69a4bcaedc
UViT-v2 config4,1800,5925,seq_5926,e15605e0a849289a7286e167b8d37ab4415de6c1cbc99bf0b6fc086a7849626c
UViT-v2 config4,1800,5927,seq_5928,fd21ab99f2b9fca627e3d1ce32e52f073105253e5d601b43ac0134e5327c0b58
UViT-v2 config4,1800,5930,seq_5931,2800b7b728eb3ef3d7f248c6d9a49d1843328393c9b78fbb6c43a710b9c5cb7d
UViT-v2 config4,1800,5934,seq_5935,50e8c3127af2c090befe55c58f1f67b12e55c07eae7b11273abb297bc09af4eb
UViT-v2 config4,1800,5947,seq_5948,c652b29b9842c60495110883f184e724283d81613a49a72332aa1ceeb0937958
UViT-v2 config4,1800,5967,seq_5968,8a1f0d8b1bb593a0c1bda23c65c868ed68b24096bf345f2ffe261abd94c95ee0
UViT-v2 config4,1800,5974,seq_5975,0f49c9112c19aad6e67c75ba579061fb8280a70727a92735dd69c486975141cf
UViT-v2 config4,1800,5977,seq_5978,a9a381c2890421fc645cfd6ea83cf09ec5d57d5a6e05685c4cee701ffff66a06
UViT-v2 config4,1800,5992,seq_5993,b9165bdb4154c080a2e80b50056f8f51acd2897060094f290af4e873b35d37e1
UViT-v2 config4,1800,5994,seq_5995,d61d788c0e9e309ab6c441805834492808c37f5466333bfe3cdffd2ba4c36991
UViT-v2 config4,1800,6038,seq_6039,ef7bcd1edde113747da8790730e440523f018b55a5b72835bdeec77461887938
UViT-v2 config4,1800,6043,seq_6044,b634790a13b5578965dec9d02a6cada66fbe94d3fe542d1af57d1b26aea40235
UViT-v2 config4,1800,6046,seq_6047,eba455399263578ca1a62cc4e83be15689567449f98560fe34d2bd8ff023769b
UViT-v2 config4,1800,6049,seq_6050,69aa27f384fc029e4e2e0d8a8eb4c6e6c9171aec6bde047afda2ced215a225ef
UViT-v2 config4,1800,6054,seq_6055,a13f4d4f361c2850ffb7e5f7142bc25bb0225ba05118b9fbd8ee3ab588acf6e2
UViT-v2 config4,1800,6065,seq_6066,9b631639af862828bd294cc5f9e5f3ca7fb3842bb98dd30dd91f44ed80bb85f5
UViT-v2 config4,1800,6071,seq_6072,891fa2a0cd636700ece2ad032894d8898df5644a076f3fffe2bd2b98a6a5cefc
UViT-v2 config4,1800,6086,seq_6087,ea2c82d584ccaa0b2eac8157bff83a1eef7c82da661aa64890f4e72ae53f1cfa
UViT-v2 config4,1800,6118,seq_6119,eedf5df1c725ce7d26c0054c17ea05286979288e6c6468f7c18beaaaab6378ad
UViT-v2 config4,1800,6126,seq_6127,c43fdffe79c0bdb547022829a265a64ac853c88ac37d1aecaa894269d132a4a5
UViT-v2 config4,1800,6141,seq_6142,290c3759c505737409c3fc7f116cef0bf67089b0d777e6751fd77e3af5cf7d44
UViT-v2 config4,1800,6149,seq_6150,d4ec16596e36b5ff4cb08512d4422c89b0713018048a85e0062303eea63d113f
UViT-v2 config4,1800,6180,seq_6181,f29fd2f4ae2b2b4aeb0ed1f364674e4858e15123f76cf45ad19d2ac168eda841
UViT-v2 config4,1800,6201,seq_6202,101e5ebecea26a4314711ba89c24224106c50aa9875d983289ec14ab25ec39df
UViT-v2 config4,1800,6209,seq_6210,1ea5c3b36df4da76e2df5350878f8441c4115ca2074e5e5ff2c0ac1fc85c7aed
UViT-v2 config4,1800,6211,seq_6212,17a65f1906782d82edf2f15a9b85411112ec45536979b7e1ff0ddec71342959a
UViT-v2 config4,1800,6216,seq_6217,2a0a178f7278146cc154db760e855b13bcd7465e634e3e4b6220ebfc2bced166
UViT-v2 config4,1800,6224,seq_6225,ad45711a983be8d3f854b7f8155acc85e13ce063f04ffa145a0987ecd0dff42a
UViT-v2 config4,1800,6226,seq_6227,1e37870ba48e8c687c19c6018aa8585ef277eb7cc47103c1dde40732064936be
UViT-v2 config4,1800,6227,seq_6228,9366e4997c4825264ed2a53c234a868d164a3970382eef362b8a05b4139a4da8
UViT-v2 config4,1800,6232,seq_6233,64209b124a27ef40c1615c5a7a910fab469deaed68e0c2349fe23988fa40114e
UViT-v2 config4,1800,6242,seq_6243,7859c7381708c8d5884976057f70d798fa16c3c9ae2b1deddde125e1c9387535
UViT-v2 config4,1800,6246,seq_6247,2ca4545830099ebb202dc275d5b4d4ce0bacb9205ea7633249558fcb927552f3
UViT-v2 config4,1800,6248,seq_6249,eb5d3c22f977ccef4f38eee45984fad8b0d81bfd990aada46966f1a60f4bbfb2
UViT-v2 config4,1800,6252,seq_6253,38573e8b98595afd920024839920df9250f363bbef340ce7e43815dfe609c666
UViT-v2 config4,1800,6267,seq_6268,0894048d240bdf32fc4eb93075c21744fec25c761e56736cd1231b8cf0abbd33
UViT-v2 config4,1800,6274,seq_6275,b5a39a1f7857aa4f6fb95ceff1bbef6bab9b6af5783af3790641740a8f51926b
UViT-v2 config4,1800,6275,seq_6276,3157c40a2471faf55480d232724c69c2ff4da5b203aa819a35a38f0b59451665
UViT-v2 config4,1800,6284,seq_6285,e6731b5786b42214cdbd2ef316f2ab7bbd61b5963c6f34c2fd280e8233465e83
UViT-v2 config4,1800,6291,seq_6292,5b91d14446f28dfdc0e970320427c9e156a2f9ee79a23d8d1f59830206465309
UViT-v2 config4,1800,6302,seq_6303,24eaa348cfb20eea8b79d18aa477c34078980bf45ff4eb315fd73e514978ab5b
UViT-v2 config4,1800,6304,seq_6305,ed95fa7c69a34d239b17f26f64f5f6ceea649c447eaba099764adae866cc1f75
UViT-v2 config4,1800,6311,seq_6312,b06f12dd5b56604bc7fbf4ec1368db72a67ad2e89e71976b196472a9562211cb
UViT-v2 config4,1800,6325,seq_6326,a6ef751229f88c142a45341cda570567c15efd21764c384e0524ee9d41e97e83
UViT-v2 config4,1800,6371,seq_6372,a7c59e84f916bbe7e5a878673f96825f115688ff960f498f987176a9e62b74f9
UViT-v2 config4,1800,6381,seq_6382,08b802168ae843eec3c9883bd4ca92cfc6908d57f7c904b5ea631b254e79b43f
UViT-v2 config4,1800,6389,seq_6390,291d33fda058baba440e5163b6239dccd070e44da4ba7ec48656200549855b4e
UViT-v2 config4,1800,6396,seq_6397,d3976fb8edd81e62b009dc56378dc8e0c73f8d64bda3c373f7236bde9a9c7922
UViT-v2 config4,1800,6455,seq_6456,4bd54b05bb59c6aa3e9d402173351030c2e56c2feaa457e3f88fd4386cbfe4f7
UViT-v2 config4,1800,6464,seq_6465,39dd6c70b6446cb76e0712b6e0b719a1a6016d8dfd920612d42ab25a5db0271c
UViT-v2 config4,1800,6482,seq_6483,1084c34d507af8d5e54e162aa09099ce9d86aecd84e25639ba144d49db4a1bb3
UViT-v2 config4,1800,6484,seq_6485,17c6cc5d3fad0a04e4d18ecfba5a34560af3cf91638b4fc94bed6b46169a4710
UViT-v2 config4,1800,6498,seq_6499,4cbee22d0ac34118854db1e03fb443bff0bd79abd4d144f23813b95096aec836
UViT-v2 config4,1800,6511,seq_6512,45511ef772b955db317a1295dc05f095c6fa1cb2c080523b4c8cf0fdb97b73df
UViT-v2 config4,1800,6512,seq_6513,a84096fc18ed9ec5fdad04d7012a735684e03fbb8fe823c3dcf537472a1eb765
UViT-v2 config4,1800,6528,seq_6529,bee85cdb88dd6755b14231111c2d14cab09c1e366b98264d2adfe86c6ad9d90e
UViT-v2 config4,1800,6537,seq_6538,492ed6200ee82cae3dc2cda506583b3dc970c0cd357bab83b2ae5da05c5edb8b
UViT-v2 config4,1800,6543,seq_6544,91b63975dc28d216b0b4b42ffbb3ec22ec04824ec2cb493ac1d45a96a6542e76
UViT-v2 config4,1800,6547,seq_6548,9d95c9b56621cb91837bcf888692e64f94d758106d6858f70eb754dc196ddd3b
UViT-v2 config4,1800,6548,seq_6549,cfa6606e9dbe6e6dfc2a1ba183e76d570d714ea47b5a550825590e6fd798cb35
UViT-v2 config4,1800,6561,seq_6562,5abff93723d8423c51734f9d79446551a2dbbb79b939b28fa1ae079e8d9cafdd
UViT-v2 config4,1800,6565,seq_6566,8204631a80d27dfb056ec8f62b0512a614ece4eeb12e0fe5410b4865001619ec
UViT-v2 config4,1800,6570,seq_6571,6fd11bcc551071c6b895efb563c4178b3c54cb99d1cb415ee330a18fa32feac4
UViT-v2 config4,1800,6572,seq_6573,b69145ca8f81292fa856081613039e2b2d989f2041dfb896093c7d9a3d8f7dcf
UViT-v2 config4,1800,6592,seq_6593,c185dc9e9449a2f83632a89442c0fcb68fe493ec44ca64d84390e71ab973383d
UViT-v2 config4,1800,6594,seq_6595,c68b8658e544c46710394cd30630030093791f0a247eb4614c9b02db5795e69c
UViT-v2 config4,1800,6596,seq_6597,ff16385309b6bd48e98c3bdef2a281061d89e10ebf5adf84caa3ab85af238228
UViT-v2 config4,1800,6615,seq_6616,73364e4a64850ae35dc78a6c7f1a9c76f5114f37acfd20d5a627d7709cfdc5f1
UViT-v2 config4,1800,6622,seq_6623,52451024836d0510111d749bb8e109aad27ced3f3a16f58fc34a2e2db9ac82e8
UViT-v2 config4,1800,6624,seq_6625,4d9df669da6e782c3af2e61f76076579ed5d7fa069941b1af97b28ebe43d61b9
UViT-v2 config4,1800,6625,seq_6626,6b75ec537337f8bbb0cae8c4c5d2fa0b3e13cfa95f3a2d1fd0b98dbde4a50ecb
UViT-v2 config4,1800,6653,seq_6654,bfc538896c5775389936bc9d93b6d5f6017c66ee55a00d85c4889d3dd90e5bf2
UViT-v2 config4,1800,6658,seq_6659,826bfacdf39e996cc7b1b1b1bb815f8105840ad1fa0474a682e34915014b66fe
UViT-v2 config4,1800,6669,seq_6670,535e893c5b13ed0a8d6c49403b563fa5baadeaa4aefb16f704f6bd9a899afd77
UViT-v2 config4,1800,6678,seq_6679,7eec2dd97f1d0d03e38b10831c68be1e8dfd1873948a15bde31c3977f6ca949a
UViT-v2 config4,1800,6684,seq_6685,a4a691817303b2b8b17b60e7d05204999ca09aec03c696b8590e0496f22b01af
UViT-v2 config4,1800,6689,seq_6690,ce14c58e92c425021935323bee587a98dd08cf7a7f9dd6b90cd27df9cfd7030f
UViT-v2 config4,1800,6690,seq_6691,1af136e436629aa0aad3cdf447c4cc716fd7af63db6fb1357f2b321bfabc0dd4
UViT-v2 config4,1800,6691,seq_6692,4a1242078c275c0b9e870e55d92698304221b1ece7a9b983b8885c0d9a3125e2
UViT-v2 config4,1800,6693,seq_6694,38283fc675a30ee2b155183f930ff621ddaf6451b44fadfec169a8278e2d6e24
UViT-v2 config4,1800,6717,seq_6718,49517a595f5115060be1fa98adb46a165be3f956273195ace720b5f60baf9383
UViT-v2 config4,1800,6730,seq_6731,9799a3f4ebf95dc133917a08597f53ef090b6a16f6179df99cb045797146def1
UViT-v2 config4,1800,6735,seq_6736,92064c953ed3b0c249919d84d36b454257e7f9a371f16a6e5c6e9ea5f65a2b13
UViT-v2 config4,1800,6744,seq_6745,81bd795afd8b4f58712f595a20336e414050be4b3f494f2a81d2dfffccebacef
UViT-v2 config4,1800,6745,seq_6746,9a625cbd6f2a27e9fa552195a6da49fe36a31fa752d8cb99fb06d66dff5a013f
UViT-v2 config4,1800,6751,seq_6752,d1d6586f65558dc1cac856f47da864d50d70acb4b517e8525a46060187aebb77
UViT-v2 config4,1800,6755,seq_6756,4425297d175cfed405305e722ac2af8b78c6a1b61b622395597b036a3d280dc2
UViT-v2 config4,1800,6770,seq_6771,7ab071243ffd65bd2a2a5dd05a43faeddb27fe84acb3a6f3bb1a3d6bea3fc035
UViT-v2 config4,1800,6790,seq_6791,0d0f3ecea61fd1a2ef4525d6b8407210bead4d44594784bdff817ea360839d99
UViT-v2 config4,1800,6797,seq_6798,37c2ebc985a1581fbdba0380b219c1592c421a5592d7a6a60c2754990f90163e
UViT-v2 config4,1800,6798,seq_6799,9b39b51bbc2cfbc37c7046689bfe922fa07886f8050cf852d35a2ce04854a6ea
UViT-v2 config4,1800,6807,seq_6808,45907ccd205ce6f3109862ca1bf48e4ec9c0794e0933f0e3809a3783e6c8c44b
UViT-v2 config4,1800,6812,seq_6813,927e6bfe80934bb364dfbc03d459cf39758a6278e841d8ed9ae2de6069d9bb1a
UViT-v2 config4,1800,6818,seq_6819,46efcff9be49ccb7c3fa3e1e7a03298ae24513fd3707c76e202cbcfcabb3cb01
UViT-v2 config4,1800,6865,seq_6866,fc80e482e3a75ec74f4b2a4dd41e51f6e146d6b303058ae274a1cbdd99ac0581
UViT-v2 config4,1800,6868,seq_6869,518777682d986ca59852eac73b635c19f3a1ff52967185d57c3581c0fb3c574a
UViT-v2 config4,1800,6873,seq_6874,c57b640b84746368b0ea8684e8ce184a55c5c32d6778726f2cf2f667cc090cc1
UViT-v2 config4,1800,6882,seq_6883,35150bbe674ed1bfb0f1d9871d742a981ec8ca289d296a0543595ddcd3c254fa
UViT-v2 config4,1800,6883,seq_6884,e0758ea79b43bcf84a44fc168a90c6d3295d2f531186db892100e9ef3d825425
UViT-v2 config4,1800,6888,seq_6889,1bc2f4ece762e7d6e03ca4c208aff1896f57fae88087419f980f8de16382e5dc
UViT-v2 config4,1800,6906,seq_6907,9e503a56ebee0d13539a72af37169699490f8043234ecc05a38a43ba3b08986d
UViT-v2 config4,1800,6912,seq_6913,ce046f25a6480c1d212baac1075ece878807be7a1f5ef3e76a8639dbd268487e
UViT-v2 config4,1800,6916,seq_6917,f50587327875218155021b54d19829ed0b77f29047215148fdc5f00e94395d57
UViT-v2 config4,1800,6924,seq_6925,c687a5fe3dd631a4fc0de817e224072b23bb23858d02979abdb0585899b327cc
UViT-v2 config4,1800,6930,seq_6931,2e1b16e4658afdc542eb9fdfa2a259f98ea8faeac97f82a5e2dd03f2f879ee58
UViT-v2 config4,1800,6932,seq_6933,ffb1218731c5b801fb42e7a2043901d24f26fb4d64fafb576cfa713efcfc93ff
UViT-v2 config4,1800,6939,seq_6940,8893a94bc335dac79e15141c204a94ce9f6d883a84d0fee9ae34a6e15f8c9f0d
UViT-v2 config4,1800,6951,seq_6952,ac3aec6a449b909787d26a6d8827145ddc5373d38bca6a076052f836047c6e18
UViT-v2 config4,1800,6965,seq_6966,6b4a686effbde4392fbcdd5df972c56067fd9bbb5dfe2f2963ff86d7d22aa376
UViT-v2 config4,1800,6971,seq_6972,7728f81c4a471305dd73a2c6c2c842847f514d3db72505b714369209d00d11b3
UViT-v2 config4,1800,6991,seq_6992,33bb1ca4c131dbaec2231a5ce589c6b83b1f1b6cb391f9a55339a99fe40e3af7
UViT-v2 config4,1800,7007,seq_7008,457ad5fe49d2763b8ffca3ed5464b7f24fd32fbaed7703e0238450606273ce06
UViT-v2 config4,1800,7018,seq_7019,4824543de29d12f6eb4ca97f3c29598c2cc4cb947f0e0cc9fd047351b9bc77cb
UViT-v2 config4,1800,7019,seq_7020,f6f03633be5863978f7574bc296e76b8a32c47e72693d8bd810d34f81977f56b
UViT-v2 config4,1800,7022,seq_7023,83d2a45519214dddd7a47d4bf64f4537826c7864baaa0b63c38db88e39907436
UViT-v2 config4,1800,7025,seq_7026,b833c317767771a14836d5ce2db50088aae1ce16c5b17729b661cc99b61b0029
UViT-v2 config4,1800,7041,seq_7042,fe74cbeb487368faaba8b604dfce3236a231e5df81b856ea45a45918fbf19a56
UViT-v2 config4,1800,7043,seq_7044,1a7149348e36d835626ae20e6481eb5d0bd3d8ea66fc617f8a0d468876b39ffd
UViT-v2 config4,1800,7056,seq_7057,254643b753193daf0a1e2821a7f91f4a209771c501636d138bfe895eebe5c609
UViT-v2 config4,1800,7062,seq_7063,4b694cd61d9446b2ee72df856c6ef4656730151a3188a62c00b1c52e9e93347f
UViT-v2 config4,1800,7066,seq_7067,7d651d6607e774ee95f9db670868829989c0e1de16601e981caea5d36358762a
UViT-v2 config4,1800,7078,seq_7079,f81613ee15c7acbaa619fc5116d8a488dc49f70bfeb4ac8ce8171b4d3d13189a
UViT-v2 config4,1800,7102,seq_7103,17e9176f574ac9dcbf242f8f24046d3e860ff67f8d32d7afe2d445d5788c99a8
UViT-v2 config4,1800,7110,seq_7111,5d5a5943bedad869d0e427a7ba6ade86e758abdaf008fb8c994954d773849fb1
UViT-v2 config4,1800,7119,seq_7120,3b6eb36d16c1e4ff236da3ea4d4496669432ec547f64b158e1336a0d2aca57f3
UViT-v2 config4,1800,7123,seq_7124,bf84cb1d767e847705cffe4fff15e91e3e8afcd6b866790143fca32cf3b60838
UViT-v2 config4,1800,7135,seq_7136,6ad104958b2c107860cbf5d7c4de75e7af8e530549c325a2193487e4e26342d1
UViT-v2 config4,1800,7136,seq_7137,f98811b2de369295d937cfa0689cd6142fcc45e398fc1027edbe15259334d835
UViT-v2 config4,1800,7140,seq_7141,dd47f05c27f422d63a95441198173e35b80520887fe04825d20ad3b889608d3b
UViT-v2 config4,1800,7141,seq_7142,331a8e46aa7333c42647370943b6f14d82cfaa24094d5f8883f8add8877ca073
UViT-v2 config4,1800,7144,seq_7145,0db632af289d8a6882f66e1139a42fe9df61e91853096493793489b777d8ccaa
UViT-v2 config4,1800,7149,seq_7150,f19f4782b924a512240f11a95d73c1ef1b3fc4f03eee5c24d454ba130101891e
UViT-v2 config4,1800,7172,seq_7173,8a4fc50dedcfe3029dc6c48821049b0fac2f891b5e018683cceac45cdfbe51b5
UViT-v2 config4,1800,7177,seq_7178,ad321e9408704efa3de2f8cc0074a4d5d719af28a4dbba37c90e26fe6628ab6e
UViT-v2 config4,1800,7178,seq_7179,4ad174dac3c8f65af4df132f76f3dfab1766067508679def25150c6601b17e42
UViT-v2 config4,1800,7179,seq_7180,e8ad743d776223723cf8759e0ca1235b51c146f179b7241a77c5c1399dec016e
UViT-v2 config4,1800,7195,seq_7196,b4d5207952a2e51e9fed05aaf3cfb5c98f7692b1fdcc435d0b771ae447a7bbe7
UViT-v2 config4,1800,7206,seq_7207,32708da5b2c6ab175a1080d06138c7e13898c7e719b9ad788df8583f21c28dd0
UViT-v2 config4,1800,7213,seq_7214,249fc8d8192731a3a7ccf1fb62d1dfa64e6365401988473a099c42943f26d31c
UViT-v2 config4,1800,7216,seq_7217,7c49835973369ca500c9f8736fbe06c26f39e8ef5e9c9c61a02da08561aa18ad
UViT-v2 config4,1800,7222,seq_7223,8709725d6ef01a3fca9c662f29b5c78b735331c5599b547749132f9fbbb6f731
UViT-v2 config4,1800,7237,seq_7238,0d80dcacc26768aa337b7c0a6e2595b6221a1a204f2ff652a9066320af8e0884
UViT-v2 config4,1800,7238,seq_7239,0e4a2e3175e61b3e5be9a1e8184f28714ca4209d7c268fa48a5f0d400c9e68ea
UViT-v2 config4,1800,7239,seq_7240,6c530789c2445c16d3cccb63263d921d1f11c7aaf5ea259659cd0701bf0ee7a9
UViT-v2 config4,1800,7242,seq_7243,5bf2f5b69369022a55b5fb1791ce570b32c0ecb88b51ef2a94d1caaad4ec694c
UViT-v2 config4,1800,7244,seq_7245,3482660ff89c9ebbcbde726e791f38e74d96818dab9ade9aedee86280e541809
UViT-v2 config4,1800,7245,seq_7246,90d0c53d37d4673f55613f1937619d6da14ff8cb11029742578fb4dd5e99d87e
UViT-v2 config4,1800,7251,seq_7252,1906c7e6b2413b152a0d2baef98c9b0b0f6c4ba3ba094f456bfd63555a521b36
UViT-v2 config4,1800,7253,seq_7254,7a93c357f5000d536edc35b98fefe0edb2fbbf397f995570a1a838a7898ed00f
UViT-v2 config4,1800,7260,seq_7261,fbc199f12272c759682e59c4691e6428837ac04a9ad14f589a8e596816627053
UViT-v2 config4,1800,7269,seq_7270,37599094af50f07b13c4dc5628b6bd1a37877032c74aa36c5433515ab07b9be3
UViT-v2 config4,1800,7305,seq_7306,9ad50608a37a79ff59c93752a20f8d92cbb9434ab04261fd62c2a09f394a4f67
UViT-v2 config4,1800,7316,seq_7317,7a8747f68b0769ae0a703f19d3c962eac20aea0382dd2839102fa6d9910d47db
UViT-v2 config4,1800,7342,seq_7343,7947a371e5f2f9ee667f74781cc7af6360cefe598da402d0e60197a10e7db208
UViT-v2 config4,1800,7350,seq_7351,34c6fa3e394c96f52b12d3c0f2360a329e08855f8579265732713967cc5caf60
UViT-v2 config4,1800,7359,seq_7360,8ad719f28659a5fd23a3b35f27980077fe4463269bb18bc673f13b9ea7af9b90
UViT-v2 config4,1800,7373,seq_7374,633ff30ebe8b8cc144a4e9033639082b037a41016fc8b7e77aba74e38672b037
UViT-v2 config4,1800,7381,seq_7382,0eb8e5d2f97b3edfc399223d0f8784fbe9e068bf1e3d2dcdede1aa7efe6e1092
UViT-v2 config4,1800,7385,seq_7386,294ded7746b965f99c82d40bf5c9c15803e06ebf23deeaf938783f49527bd9bb
UViT-v2 config4,1800,7397,seq_7398,3bec470e18f81aa8a1bb4df92bdfc5a7061efaef129bc7be9343acc8a864c805
UViT-v2 config4,1800,7428,seq_7429,5810c4599bfba570657a286ad5c9ce1f3cf08cf046245f898fd2376b7e4efb90
UViT-v2 config4,1800,7433,seq_7434,2890efc6a7ca209bd2e64cb5bc4905727f1247fdbd186529a640d1ff6301dcba
UViT-v2 config4,1800,7434,seq_7435,663c8b74553d6cf8e6187cf6c282d0dfa116a503aa2a165190bb319b592bbc2c
UViT-v2 config4,1800,7438,seq_7439,f5d348fd9e8197873c10127766d7a4a038e896eee680cece02b65a79a9a8a1b8
UViT-v2 config4,1800,7449,seq_7450,13bd66d41b9a6233f276e07456dbcf458b17e6659dfe1d836f9da693c68b7ab0
UViT-v2 config4,1800,7451,seq_7452,6fce9acbe900b30a85ed3f2801f077700060bb84b50ed6aa8747a4b27efd7457
UViT-v2 config4,1800,7454,seq_7455,039ffb516e95934798d0b01af9af987587fdef090c24c1966270c5c2258c2078
UViT-v2 config4,1800,7460,seq_7461,6ee5c9f2fa5a5ebb2a922542d37d3850a409ed447c6aee9e3acc46fd4209c6d0
UViT-v2 config4,1800,7461,seq_7462,b1ef6e6d58bcff1c42dbbc1fc9d28e4a26f449d50c2e264d3e35cdae14be7acb
UViT-v2 config4,1800,7478,seq_7479,2ee7eb3beaec0605852925e938e4185f29db821fd25a83aaaf5f2195a00c080e
UViT-v2 config4,1800,7483,seq_7484,534a4566ee2b30884baa702be2709b71cac96499b78fbe107ef06ee95fa44a30
UViT-v2 config4,1800,7484,seq_7485,1086804c9fc9baa5f92a91f54c549c95fd49a730fb0bb55c6ecc3f88ff22396e
UViT-v2 config4,1800,7486,seq_7487,0b20f9b6c893f3a3155ed2a932e0e2efa5cb12db1577dc0fbf523c632e23b299
UViT-v2 config4,1800,7491,seq_7492,4117b9607c27d63e1efb77703f05b00fa6cb1b18866a3fb3ea4bca8cec54d090
UViT-v2 config4,1800,7508,seq_7509,46fde010e8ff9128134f95127f7dc196b1ed3e7168b8ac284ca7a335dbc5bd09
UViT-v2 config4,1800,7517,seq_7518,a6a5aac44bc06921b8214237d044a1126adb46e53b63e69b240b661557438508
UViT-v2 config4,1800,7527,seq_7528,9e1879d640e06936a049244d06b86b14d9866c29c213bd651dcdccf488a8c0da
UViT-v2 config4,1800,7529,seq_7530,a80822d40addeb44f6cebbde05bcd0a4cbb82e25072cda2422bdaf8fb29b393b
UViT-v2 config4,1800,7532,seq_7533,e4e8921131ac112d141e2de2d11a0e54c08b0666f34c13032706a5d39135b855
UViT-v2 config4,1800,7541,seq_7542,09252c6cf6788ec0e61b187b3984113aa38e0066bb439451487a8d84faf2dcaa
UViT-v2 config4,1800,7555,seq_7556,7e3fc9ab5ae81e0acd3bbab6a678b3961c43d8bb42e7eab93cc76da84b3302d5
UViT-v2 config4,1800,7560,seq_7561,c857ad822c440590d67c11e857328eac20483b0d6131728d7aae8e6837bebb76
UViT-v2 config4,1800,7564,seq_7565,25404436ffe520e6ce99d65dfd2e09436c842d6c2b6501b6e26ca01509cd1ca2
UViT-v2 config4,1800,7569,seq_7570,80612fa40baef2ac069f376b8cb523bd5ca7e742c4266dfbfecf82b161db0b99
UViT-v2 config4,1800,7573,seq_7574,0836901fd02a9b78ec7f9298739b28842ff9d4c31901b7c55070962f25f909ad
UViT-v2 config4,1800,7579,seq_7580,d80cc4be15815ab68faad04446ca46bbef1d523cdbec5e9cfa693c405a88117e
UViT-v2 config4,1800,7606,seq_7607,4be77af28a866e654e264f844fd0406043f35bab8c612476a6b2b6cebc4f1a1a
UViT-v2 config4,1800,7611,seq_7612,2e8bc13771548215bce42f5426cceb325bd8dc0bcab0e1db5fcafaf6684e5a89
UViT-v2 config4,1800,7612,seq_7613,1a861edb8522afe47aa4bfc7a086ece8ed7f6dfbfc705ad8db1eeb5f26c468e4
UViT-v2 config4,1800,7613,seq_7614,715d30b230c8b4adaa7814505a9882bae3e900e8a806dc47afe304f7a44c6452
UViT-v2 config4,1800,7616,seq_7617,9c4031631168506d9968b2a0bc87b6e0cbe6f2d63b8067d5c430dbe564425dce
UViT-v2 config4,1800,7618,seq_7619,8f9e3f43704d91a16ae126de8fc8f7ff6c606ddf15209ad46cb8c846c31ea601
UViT-v2 config4,1800,7619,seq_7620,96dbc7b6d9721d2baf0470292509be9351b01febc663a7dc7e83a0c438deed14
UViT-v2 config4,1800,7622,seq_7623,e9483ac969af93dc912bd9ccc69786a8bd2d2fc53ac6de43d2ec7caec3f95e19
UViT-v2 config4,1800,7633,seq_7634,3929dfaf01a4c6e2e4f1e3f8616ed8a67643320aecc5da016e3abc4994a864c2
UViT-v2 config4,1800,7651,seq_7652,ea01586073fade2488fd7b1cdf49c7f39d42e1fbaf36843945c7f5cf055efc73
UViT-v2 config4,1800,7657,seq_7658,74ce8218e00ccfba3c19f8e176202bf43f719ba4e68c35ac0aa40fe5e771be40
UViT-v2 config4,1800,7668,seq_7669,8c8064c6ad3964e38d4555f54768b2cf6442d08ed62790916ae4727a576f6fe3
UViT-v2 config4,1800,7673,seq_7674,146a03c8b14caf654f306ad2efecb2b6d7524d13ea8965a03535b6a6d70dbe7f
UViT-v2 config4,1800,7679,seq_7680,054908d84376890c84100134aec3defb1f168cd8cc1406d96257a7aa6d9f9680
UViT-v2 config4,1800,7690,seq_7691,c7daf500799ff48e718accccf66bf358fa5e85d8ec376cf387b7eb5c43a3e124
UViT-v2 config4,1800,7692,seq_7693,239842a9398d825a0a8aa0e993054fe358fd4304efd0d98e482bc5ab535d112e
UViT-v2 config4,1800,7699,seq_7700,3f1065931bd4e1e0c71d32e3c69f8cf7dca35c2ccb81749218ad03c623fcd646
UViT-v2 config4,1800,7700,seq_7701,ce20a92a1a90b8d090c94cbc6b91050ec09dd2bc7873a2cdcdf1c5d050cf5c40
UViT-v2 config4,1800,7705,seq_7706,f15fb167d6dbd49091b63d07b5b680b86b2a48211153cd99e3af364edd906082
UViT-v2 config4,1800,7708,seq_7709,804852add3083a78d90e34f1a91ff8e5b1af10818cace5204356b54f37012e52
UViT-v2 config4,1800,7711,seq_7712,e846f1f44e9f3009db5b2ecf7d692fb77583198e5748e892ff4e876a8f5c02ce
UViT-v2 config4,1800,7724,seq_7725,0e1ea90a4dda495850e6fc54b30fd55a667ebed77fff49bb1f4147d4687238a2
UViT-v2 config4,1800,7736,seq_7737,65ab6faae97b7d97b22a536682f21dbb0e9981e4b4e422d6498e4876a9587565
UViT-v2 config4,1800,7744,seq_7745,bb388ad6d987b97677e526e0cd93ab148accde84f95c5615ccb3f4454a2b4f6a
UViT-v2 config4,1800,7749,seq_7750,54c3f13111eed78c18092209a32a59fa063dd725c8e615d62e880711d15af177
UViT-v2 config4,1800,7752,seq_7753,9d5ef4c411745a1004ab917665baa585727b152abf5550a87f1eed69b8836f6b
UViT-v2 config4,1800,7753,seq_7754,d2c752746554b97b3a91d7f5593f8075a9d04bad447ea5e39aa1673320903109
UViT-v2 config4,1800,7758,seq_7759,3e7b5779de2aa62980102752e1640b4235e512fd60f5e0d4003f1ffb52217341
UViT-v2 config4,1800,7777,seq_7778,a43ba9e7e16a97fa6d24d2027aee5bf5046295fe82c4cb9274f244e2c009066e
UViT-v2 config4,1800,7784,seq_7785,51717ce691603d0421919891c21b70eee7bdb857abb49c5df63cecb72ee17a1e
UViT-v2 config4,1800,7787,seq_7788,16961f3606dd5c96aa65eceec7cf8ef2fdfc3574b9b32f1e4f628ba90fe09f78
UViT-v2 config4,1800,7800,seq_7801,1b85f71630d8bc5b3101c8a3da8193b40313330ce7f243eddcb737fcd36cc151
UViT-v2 config4,1800,7811,seq_7812,15e446b325b9e3ef9a6d5dd27608f8ba511f1de11b9617bffa38848583ddb6c8
UViT-v2 config4,1800,7814,seq_7815,65b79a0bd26b2045ce18cb407a3f969157431f79a933a315adf850b88a258ecc
UViT-v2 config4,1800,7827,seq_7828,384bcc216fd75d9e45c20811d18feeecc3c34d2db5664eaf055106b327956067
UViT-v2 config4,1800,7843,seq_7844,647a2be148a82e9cf949aa306669fd83d9fd1531e8c799c2e7d4b3877568dc75
UViT-v2 config4,1800,7886,seq_7887,3be6c678443e244fd5ebd41b8cdcd6ce323d2fbe8aa9c984978183997c269a60
UViT-v2 config4,1800,7894,seq_7895,b41f37fee984b2afc0fdbe12c6945a9d9cfa050bee8039ea7b03c43efe1eeab5
UViT-v2 config4,1800,7905,seq_7906,d1dcd928bb6a3e3d4d873c01bcf7b4713d3a8ea004070143fb028f991e783e05
UViT-v2 config4,1800,7916,seq_7917,f0c165ba4a8f355a2b5e1d7a7daeee693f4c79de7454e65f4eda23e8786dc70e
UViT-v2 config4,1800,7921,seq_7922,07db59dda5c928a9094d5f098a24f4689c0418a9b161ef90e98b6d47842910b7
UViT-v2 config4,1800,7933,seq_7934,c35a06a0202714baf29297915802e9b0441ebaa94dbfee6ec496f8e711a4f14a
UViT-v2 config4,1800,7935,seq_7936,54b7b8c882643b88875e9313b15f3231589dca7cb1875dcf9f064d7b3e675b13
UViT-v2 config4,1800,7939,seq_7940,0eb4603fede4e5f9c037e8c63703db0967ec973d700f8a832be70d3ec7f4bfd2
UViT-v2 config4,1800,7941,seq_7942,1752a1e0f1dddd3b1b58d1f1c67b4cd399b6ac69a96787635e1f62f21d8e6cf8
UViT-v2 config4,1800,7953,seq_7954,2ee150111de5b051b060cf690d6cf09faf28675fb20af2ed7db18a6d362baf90
UViT-v2 config4,1800,7956,seq_7957,ce6619e9ff518da106e70bbefab88fd5ad5e8b65bb19987ad6bf7965b340a041
UViT-v2 config4,1800,7962,seq_7963,0bc2b16cd41416941185a07e463f7f0b4313021baa8438fd53c11c55dd67d2f3
UViT-v2 config4,1800,7973,seq_7974,1c049f8dead27fad8bb4a6c86b06032f7777409d3fb3705e8a3f141911c43f9e
UViT-v2 config4,1800,7988,seq_7989,5148e2674c3d694996b349e11f7a9246c0778313050f8a870b561751770f080f
UViT-v2 config4,1800,7994,seq_7995,1d4f965449bb7d6ec197bc47139238ab0f27e7833f3efd7ba961accf080fc44c
UViT-v2 config4,1800,7999,seq_8000,689de0fe9e30628fe129a7a03771f44e24024545d1be459c992a81eae1beefbf
UViT-v2 config4,1800,8004,seq_8005,59c0d1c566b49c300e63e6e6f6999aca7896cc3ecc89ff6a3f1b4b4d55cb7794
UViT-v2 config4,1800,8005,seq_8006,8ca348f9636c6aa3898c43ddc009c596827cb5809fbf1cd1dd17509ae3891039
UViT-v2 config4,1800,8022,seq_8023,f362f97659f984729f463c19f3613832a5ccf911616022ff206ea009a1039381
UViT-v2 config4,1800,8031,seq_8032,733849a51a4ce4a5e5daea15d3a1014eb30cc93ca2475255610de6a585c1576b
UViT-v2 config4,1800,8041,seq_8042,399120efdacf59936deb767fd9b1d0812b7d10bebf029002a64a53bb8967730e
UViT-v2 config4,1800,8042,seq_8043,15517c273169a25bf3f510e51837b69660f5d00f030720784198eae771af123e
UViT-v2 config4,1800,8056,seq_8057,698e5724da62d7a4e2d4897a7fdb192ca41205641601f0742783465ac404f36b
UViT-v2 config4,1800,8085,seq_8086,a162556e990662fecbba3f2d5b2b3821de25df8968a2246962c5d5f456aa017f
UViT-v2 config4,1800,8090,seq_8091,ffcbf17154054cbede9b02d1124cda55567b824fde7f5901bebc47a64cc5dbef
UViT-v2 config4,1800,8098,seq_8099,89a6b7679c5845bd9518d7b71c15cc943aad00116801a1b5848bab2303fd5028
UViT-v2 config4,1800,8099,seq_8100,08c6a7007acc318debe3891c0bb2aa7a5ea6a6d63895ca8b7672cd9eee87a1ea
UViT-v2 config4,1800,8115,seq_8116,60a59fd7904094989d5be9b8455e715b01953d7f7e197549efb9662383f80fe3
UViT-v2 config4,1800,8117,seq_8118,7bddfe35bca7abad959cdf16ddc19ac5aff520f875b49bc05f962755ac3b7e8b
UViT-v2 config4,1800,8138,seq_8139,5111fb28ea95d0afa71fab15c77d3498590fd3a55ffaabfab7fa75bda822d5bb
UViT-v2 config4,1800,8153,seq_8154,c25c37cad2e13e1e69a50a1d2678104bf5065d8d5e7a1b195fee0dec79c8a4ff
UViT-v2 config4,1800,8165,seq_8166,d8abab53541fe4d3fe226b0aa39f82d0968524a0a2c0fca1b0181db22eee7a52
UViT-v2 config4,1800,8167,seq_8168,3cba5979662a15afaa7420bc50987d03fa1bfad7174d79ddb90f5c0b6273c245
UViT-v2 config4,1800,8179,seq_8180,b2af87b3898ebb7c0b1086ad412fa1524f0cfe34f2e501f4d5ca229d9d1f6a83
UViT-v2 config4,1800,8199,seq_8200,60e7f1f6e7841fa5d6ef28b40962d3c98ccb9a7ce312598b19b1b188d471bfe4
UViT-v2 config4,1800,8201,seq_8202,40a8e0b68d6bbd92d0fafec71f89f05fb7edcb94e509b9e38a0f107d6f736409
UViT-v2 config4,1800,8221,seq_8222,b84be0269aeb4830a886279c957523d1fe57d53b7a1f053d46d2fbc4a7bcd454
UViT-v2 config4,1800,8229,seq_8230,b181410d6c3cdb5dafd9754aa5c7f1b855060a03740d3a06869a1898399a695a
UViT-v2 config4,1800,8238,seq_8239,51d2d65262c803541d8c569704256e5d0541a3378fad0da9bdd94d3169f974bf
UViT-v2 config4,1800,8270,seq_8271,4a6fc802af5726f09f5a409bbf9d829a66aa112ecce4b923bd72ae9c00353ddd
UViT-v2 config4,1800,8279,seq_8280,493caedc0d3b58b9793d1669488605ff474c2eacb536ce81df2d62d6bd5f49b8
UViT-v2 config4,1800,8280,seq_8281,13e2362684c4384b132bb2f29dea0bef819f3a4c5461139e9251658406007f75
UViT-v2 config4,1800,8288,seq_8289,9b8805130c4b159bb8494d6ab9135ec4fabb14d9e50bc20f322ec88ad22847ed
UViT-v2 config4,1800,8289,seq_8290,c90cea49021eac6e7c211b38592d481d2b5fc4966c80108148b42f21ac13a60e
UViT-v2 config4,1800,8308,seq_8309,abfb8b91f4d521b91316c181e4b662486bdccb2a08379f94e440bff7312d3a11
UViT-v2 config4,1800,8317,seq_8318,259ee2fdc2f203de3bca4a4512c7227e22383fa9728b8787ea253ce5dc25d089
UViT-v2 config4,1800,8318,seq_8319,0f42a16903ddcccf5a8cc489588bccaf27c52cbd79fe12a1fc018cc0a55df235
UViT-v2 config4,1800,8320,seq_8321,96d04f32d3a42ecf6be643329e2e7e6855ad521708622a31c4639f9eadda39bb
UViT-v2 config4,1800,8327,seq_8328,ddbbaadd7f52e9012db68771340c1675e291a77190c37ad33620284e02e77e3f
UViT-v2 config4,1800,8337,seq_8338,14c45cc8cf9cf1bf911717acc32676ab197d2cd5945b4f611d90f5e3065e63b4
UViT-v2 config4,1800,8346,seq_8347,635943c1eab47be37ce5cc6c3b5294de665b9fdf442054bcb1ad4060c532b1f3
UViT-v2 config4,1800,8348,seq_8349,9eae3b8a3ea7f771d00cfd7c20fd02e3f3ec60bf310396d5e8285e474cd64f06
UViT-v2 config4,1800,8375,seq_8376,08dda73678f03d478a65a92f8da99383dfc91cbaccec4b871c95cfd738b85ea7
UViT-v2 config4,1800,8379,seq_8380,38a880c3f946bea5572039f02fa7eae37c74f1057458bc575fb2371c9c23fb8c
UViT-v2 config4,1800,8423,seq_8424,1c25e6b948c0d86b1875c0be2fa5347ea864f0c6f343b7e6b6c8ca03aed68b72
UViT-v2 config4,1800,8431,seq_8432,bf56a06b58fb88230c85087445966b2a0ece7ff7db20488e21076fd96beb3972
UViT-v2 config4,1800,8445,seq_8446,37282d1f43bce20cadce9a5a84712bff189b0a551e8ffacb4281936501a856dc
UViT-v2 config4,1800,8464,seq_8465,8ecbe7c0cf32c31e6932585a43e407509b6e5af13aa7b3eda332350074a22d7f
UViT-v2 config4,1800,8479,seq_8480,6be2570f71f0b6d3affb466e7b9406efe4a3d3b78139ea1e0619622dd7febcb5
UViT-v2 config4,1800,8486,seq_8487,4d1093d49127332f7933744dc5fecfdd19b5f55665fa067eab7e797d03b66934
UViT-v2 config4,1800,8494,seq_8495,2ddd703fd45ad30d475b0c6278f8c4ddc6b2f30b73551b78cb1bdf1414a8a3b1
UViT-v2 config4,1800,8502,seq_8503,6987e2eee099531a5c790e02c8bffb93b6870be607759e725de78c19557ad692
UViT-v2 config4,1800,8518,seq_8519,a9dca7d21fe582d0be11bfa8eeba10da564b46b4b2e7a655b244ed465b46b1b1
UViT-v2 config4,1800,8540,seq_8541,41ad3d0dd67c0440599fb521a8bb1bf76458de9e89cbfeec72381819a655df31
UViT-v2 config4,1800,8548,seq_8549,4546555387129b1fd463c21a0debd050a05187e66cf854ce4ea6917283c719ae
UViT-v2 config4,1800,8561,seq_8562,2a115388955ed6094e69f28c5ad9d69b41bcb05a8bc924893f49012fc8ea595e
UViT-v2 config4,1800,8565,seq_8566,d4b398da76161e46fa8b6ecb44a0b4bc225471f7f9ad2b0af49ace44732b4eea
UViT-v2 config4,1800,8595,seq_8596,9781156ed914df3c7195ef2d697f93262d7bad7c0377e679009f3cfe710d0101
UViT-v2 config4,1800,8617,seq_8618,3acde59d842dd815021ce418dbc4d21b41930ee273d7e17c915f8eab2674376b
UViT-v2 config4,1800,8645,seq_8646,7444a01f082463d6742641b34b42ec2db5fd71e62d72b4b7770f99399eb6bded
UViT-v2 config4,1800,8666,seq_8667,6eea31c6c65af10e8dd54a7e32aec4df3d80d774aae756f6e42e72607d71e14d
UViT-v2 config4,1800,8669,seq_8670,d050e625e032eac906bd4223187d9a9ee3bfff6c435049cc22a130af98324ae8
UViT-v2 config4,1800,8689,seq_8690,aa8722f1dba362b48209b5a81cd0dbb421a9750593cb8a42d44dec73664a08e4
UViT-v2 config4,1800,8697,seq_8698,e333a0cc5183b8ef36f5750b5fd8d8f1cb13220a749101a7bad7d84c1c41f793
UViT-v2 config4,1800,8698,seq_8699,fc8b7a23a5c01b8c4924072dfebf02e67907c1450b3b8706c71a47ac7219491b
UViT-v2 config4,1800,8701,seq_8702,b86dbc3feebfc6e461716713d99a1f7b681492129a7f220bf2a19e24f613055a
UViT-v2 config4,1800,8702,seq_8703,9245554ee8f6e6b207a1520c95b69738aabd271dbc0bbbdc0a559a391dacfad5
UViT-v2 config4,1800,8727,seq_8728,e6754d98dc0d12f753994c82fa17a82fafef4bbf33c499fc6ab9a9afdf639ddb
UViT-v2 config4,1800,8728,seq_8729,71ddc1001455727805134f0a63ded0cf6ae08e6f5714a0da2b4e84badaef19c0
UViT-v2 config4,1800,8742,seq_8743,b17d5e342079ef1a9bf02dc02179eeeaa6bd92fe751a81d48bf4d403c122f1da
UViT-v2 config4,1800,8751,seq_8752,e04ffa881e0dbf99ffc356b58edc2a4b3260c61ed48b3398f755028eae844a5d
UViT-v2 config4,1800,8779,seq_8780,4dd8e290a867991a739471d44f42c1b5aa52c9077d53790ae7d2b867be7ddd83
UViT-v2 config4,1800,8785,seq_8786,ca38fddbf8f30e8b925892acc741c48306ad3cd42fd2f08de5f08679363d552b
UViT-v2 config4,1800,8786,seq_8787,0695f2e7c915eef2ef334ee9c4654b714bfe46f074e72e853c44b97fcfc95a86
UViT-v2 config4,1800,8791,seq_8792,e4fe696b6065654c8237902d5c744d1f5529379e32c9f070151fc26a972eded9
UViT-v2 config4,1800,8797,seq_8798,e92dd9bef93d81a6c9fb14be1ef45181471fe017152c2031728e33cffc526416
UViT-v2 config4,1800,8808,seq_8809,6977b20466dea26dd451d188dd472bfb143df13a7a40957886422b8c75289710
UViT-v2 config4,1800,8817,seq_8818,33437918c02b3cb8b6169fef48a76e8d89c5d87d02b27051fa79a8b41cebf74f
UViT-v2 config4,1800,8818,seq_8819,e9fd36fc60a6e9051a1df925bebf70f3b8945eb64e309e75ff1bfaf9f1794f7e
UViT-v2 config4,1800,8821,seq_8822,a5cfc4b568f0c46fc1de78f66b3ab29850c2356203dbdb7007e9aa12ad2acec8
UViT-v2 config4,1800,8824,seq_8825,3f55e49f94e156b1b3d9ca7b81323f9e7917240faa1db6ee4ba944e0ea11f9d6
UViT-v2 config4,1800,8830,seq_8831,67fb11920551f6c0062525811aefd48d36645ab119e96b3d9298af538b0e5342
UViT-v2 config4,1800,8834,seq_8835,cd3d379719022a5a838b06068032047550a5ec6542a0709a4666806784847754
UViT-v2 config4,1800,8835,seq_8836,ed32817cab84699fba4c8fd19ae6c130004b16208767853b01ed75bce52f1a2c
UViT-v2 config4,1800,8837,seq_8838,0c61a7e65754be0e108b04e2d9760e8173c594e0fda4e84d7d6fa23dadee994f
UViT-v2 config4,1800,8847,seq_8848,6fb677e22965013317916cf6417055093d748ab28535b969e51e15dd021f59e4
UViT-v2 config4,1800,8849,seq_8850,d2f724393f283f92f5d1c25463c325cd43a48f15be908bc52c156fcd320f9028
UViT-v2 config4,1800,8856,seq_8857,f4bed9e0b3fa16641edc0e2b4cd019f423ccfabc4f018a96ee70b02f0bacd96b
UViT-v2 config4,1800,8864,seq_8865,49ed82d56243d8e22bcfe580f3a6f5f32a1cc8840a56d078244f7e4d71799258
UViT-v2 config4,1800,8883,seq_8884,0a41ae8c31c0793ef8d412e638792ff6574ee30c9fa96fb6c9a33b51496122bc
UViT-v2 config4,1800,8889,seq_8890,933c680ac62bc3810b7ae722b94e0d39cb4baa1a715c1c58690cc333f7be11b8
UViT-v2 config4,1800,8890,seq_8891,b9c72c75d016f4dc298e7e826247436fad2c0d9fb2efbc52bc1e2f7b45d5d5e8
UViT-v2 config4,1800,8900,seq_8901,49d81c8aacd68b64543939d1813b73d6694c152d1d6d8b656610843178a4fba6
UViT-v2 config4,1800,8903,seq_8904,7523a70987ebcd4ebcfebc3dc4f01cee3e7c6e45695dd02bd8c856af9314697e
UViT-v2 config4,1800,8922,seq_8923,519014047f7897d2bc56dc24c41eefdc8673d87eba3580f71ad8043a0966a9a2
UViT-v2 config4,1800,8928,seq_8929,ebf6bc27bd06aeb0f02625cb8111063d4a8cdbd1c6180991df386f6847d023e7
UViT-v2 config4,1800,8935,seq_8936,470a873c711e9922e4fd41a869baef1a6485233126a0faa28b43e20ca2f34fbd
UViT-v2 config4,1800,8938,seq_8939,85fdd58d89fb275e18965dfcad7ae261f135c80369706c2359625ca9c8baa99b
UViT-v2 config4,1800,8947,seq_8948,7b1ddc0a33e17b90b31cc9803063178b9a5897cbc9e6fc94ff4c166b7dc9ec40
UViT-v2 config4,1800,8955,seq_8956,921d402ee0ecc45cab5af73f4846748f4de1779cfef16c9329d05b169184e24f
UViT-v2 config4,1800,8976,seq_8977,e272400f8cb32b9eab357fb4d387b9053b2c25d55485023cf533cd8a708d1a2c
UViT-v2 config4,1800,8977,seq_8978,2e7dc02292dda789b1782c9432e1972a4ace1c2db64a0634c88d2b00585dec43
UViT-v2 config4,1800,8998,seq_8999,9e6cc05232ae619b312a7c52e61fe1f301bcdd7f6cc87e062106f61c0c2c2314
