model,epoch,record_id,gc
DDPM,1800,gene_1,0.3375
DDPM,1800,gene_2,0.56875
DDPM,1800,gene_3,0.35625
DDPM,1800,gene_4,0.325
DDPM,1800,gene_5,0.31875
DDPM,1800,gene_6,0.45
DDPM,1800,gene_7,0.43125
DDPM,1800,gene_8,0.24375
DDPM,1800,gene_9,0.49375
DDPM,1800,gene_10,0.325
DDPM,1800,gene_11,0.325
DDPM,1800,gene_12,0.5625
DDPM,1800,gene_13,0.45625
DDPM,1800,gene_14,0.23125
DDPM,1800,gene_15,0.325
DDPM,1800,gene_16,0.36875
DDPM,1800,gene_17,0.28125
DDPM,1800,gene_18,0.225
DDPM,1800,gene_19,0.4
DDPM,1800,gene_20,0.3375
DDPM,1800,gene_21,0.44375
DDPM,1800,gene_22,0.48125
DDPM,1800,gene_23,0.375
DDPM,1800,gene_24,0.14375
DDPM,1800,gene_25,0.29375
DDPM,1800,gene_26,0.35625
DDPM,1800,gene_27,0.4375
DDPM,1800,gene_28,0.40625
DDPM,1800,gene_29,0.25
DDPM,1800,gene_30,0.3875
DDPM,1800,gene_31,0.49375
DDPM,1800,gene_32,0.4875
DDPM,1800,gene_33,0.275
DDPM,1800,gene_34,0.30625
DDPM,1800,gene_35,0.39375
DDPM,1800,gene_36,0.30625
DDPM,1800,gene_37,0.475
DDPM,1800,gene_38,0.4
DDPM,1800,gene_39,0.3875
DDPM,1800,gene_40,0.2375
DDPM,1800,gene_41,0.30625
DDPM,1800,gene_42,0.375
DDPM,1800,gene_43,0.38125
DDPM,1800,gene_44,0.28125
DDPM,1800,gene_45,0.36875
DDPM,1800,gene_46,0.38125
DDPM,1800,gene_47,0.50625
DDPM,1800,gene_48,0.45
DDPM,1800,gene_49,0.45625
DDPM,1800,gene_50,0.48125
DDPM,1800,gene_51,0.375
DDPM,1800,gene_52,0.41875
DDPM,1800,gene_53,0.44375
DDPM,1800,gene_54,0.3375
DDPM,1800,gene_55,0.2625
DDPM,1800,gene_56,0.26875
DDPM,1800,gene_57,0.3625
DDPM,1800,gene_58,0.2625
DDPM,1800,gene_59,0.275
DDPM,1800,gene_60,0.325
DDPM,1800,gene_61,0.4875
DDPM,1800,gene_62,0.375
DDPM,1800,gene_63,0.35
DDPM,1800,gene_64,0.3875
DDPM,1800,gene_65,0.41875
DDPM,1800,gene_66,0.4125
DDPM,1800,gene_67,0.44375
DDPM,1800,gene_68,0.41875
DDPM,1800,gene_69,0.34375
DDPM,1800,gene_70,0.25625
DDPM,1800,gene_71,0.45
DDPM,1800,gene_72,0.475
DDPM,1800,gene_73,0.33125
DDPM,1800,gene_74,0.3875
DDPM,1800,gene_75,0.45
DDPM,1800,gene_76,0.56875
DDPM,1800,gene_77,0.25625
DDPM,1800,gene_78,0.375
DDPM,1800,gene_79,0.40625
DDPM,1800,gene_80,0.30625
DDPM,1800,gene_81,0.24375
DDPM,1800,gene_82,0.4125
DDPM,1800,gene_83,0.43125
DDPM,1800,gene_84,0.3375
DDPM,1800,gene_85,0.40625
DDPM,1800,gene_86,0.3875
DDPM,1800,gene_87,0.50625
DDPM,1800,gene_88,0.375
DDPM,1800,gene_89,0.4
DDPM,1800,gene_90,0.3125
DDPM,1800,gene_91,0.39375
DDPM,1800,gene_92,0.3625
DDPM,1800,gene_93,0.275
DDPM,1800,gene_94,0.25625
DDPM,1800,gene_95,0.33125
DDPM,1800,gene_96,0.26875
DDPM,1800,gene_97,0.4625
DDPM,1800,gene_98,0.39375
DDPM,1800,gene_99,0.50625
DDPM,1800,gene_100,0.29375
DDPM,1800,gene_101,0.4
DDPM,1800,gene_102,0.31875
DDPM,1800,gene_103,0.375
DDPM,1800,gene_104,0.5125
DDPM,1800,gene_105,0.25
DDPM,1800,gene_106,0.4
DDPM,1800,gene_107,0.375
DDPM,1800,gene_108,0.4125
DDPM,1800,gene_109,0.49375
DDPM,1800,gene_110,0.31875
DDPM,1800,gene_111,0.2875
DDPM,1800,gene_112,0.25625
DDPM,1800,gene_113,0.44375
DDPM,1800,gene_114,0.44375
DDPM,1800,gene_115,0.34375
DDPM,1800,gene_116,0.35
DDPM,1800,gene_117,0.2625
DDPM,1800,gene_118,0.275
DDPM,1800,gene_119,0.61875
DDPM,1800,gene_120,0.36875
DDPM,1800,gene_121,0.2875
DDPM,1800,gene_122,0.26875
DDPM,1800,gene_123,0.4625
DDPM,1800,gene_124,0.35625
DDPM,1800,gene_125,0.2
DDPM,1800,gene_126,0.54375
DDPM,1800,gene_127,0.45
DDPM,1800,gene_128,0.36875
DDPM,1800,gene_129,0.33125
DDPM,1800,gene_130,0.4125
DDPM,1800,gene_131,0.49375
DDPM,1800,gene_132,0.38125
DDPM,1800,gene_133,0.2
DDPM,1800,gene_134,0.33125
DDPM,1800,gene_135,0.35
DDPM,1800,gene_136,0.41875
DDPM,1800,gene_137,0.39375
DDPM,1800,gene_138,0.34375
DDPM,1800,gene_139,0.425
DDPM,1800,gene_140,0.40625
DDPM,1800,gene_141,0.41875
DDPM,1800,gene_142,0.3
DDPM,1800,gene_143,0.41875
DDPM,1800,gene_144,0.3125
DDPM,1800,gene_145,0.38125
DDPM,1800,gene_146,0.2875
DDPM,1800,gene_147,0.45625
DDPM,1800,gene_148,0.3375
DDPM,1800,gene_149,0.4625
DDPM,1800,gene_150,0.5625
DDPM,1800,gene_151,0.26875
DDPM,1800,gene_152,0.375
DDPM,1800,gene_153,0.35625
DDPM,1800,gene_154,0.5
DDPM,1800,gene_155,0.30625
DDPM,1800,gene_156,0.43125
DDPM,1800,gene_157,0.45625
DDPM,1800,gene_158,0.46875
DDPM,1800,gene_159,0.1125
DDPM,1800,gene_160,0.35625
DDPM,1800,gene_161,0.4125
DDPM,1800,gene_162,0.48125
DDPM,1800,gene_163,0.35
DDPM,1800,gene_164,0.35
DDPM,1800,gene_165,0.2875
DDPM,1800,gene_166,0.34375
DDPM,1800,gene_167,0.475
DDPM,1800,gene_168,0.33125
DDPM,1800,gene_169,0.3625
DDPM,1800,gene_170,0.43125
DDPM,1800,gene_171,0.275
DDPM,1800,gene_172,0.2375
DDPM,1800,gene_173,0.39375
DDPM,1800,gene_174,0.5875
DDPM,1800,gene_175,0.375
DDPM,1800,gene_176,0.25625
DDPM,1800,gene_177,0.40625
DDPM,1800,gene_178,0.375
DDPM,1800,gene_179,0.30625
DDPM,1800,gene_180,0.275
DDPM,1800,gene_181,0.4125
DDPM,1800,gene_182,0.15625
DDPM,1800,gene_183,0.45625
DDPM,1800,gene_184,0.3375
DDPM,1800,gene_185,0.4125
DDPM,1800,gene_186,0.425
DDPM,1800,gene_187,0.19375
DDPM,1800,gene_188,0.29375
DDPM,1800,gene_189,0.45
DDPM,1800,gene_190,0.46875
DDPM,1800,gene_191,0.39375
DDPM,1800,gene_192,0.44375
DDPM,1800,gene_193,0.3875
DDPM,1800,gene_194,0.43125
DDPM,1800,gene_195,0.3375
DDPM,1800,gene_196,0.35
DDPM,1800,gene_197,0.35625
DDPM,1800,gene_198,0.225
DDPM,1800,gene_199,0.34375
DDPM,1800,gene_200,0.40625
DDPM,1800,gene_201,0.25625
DDPM,1800,gene_202,0.575
DDPM,1800,gene_203,0.58125
DDPM,1800,gene_204,0.23125
DDPM,1800,gene_205,0.375
DDPM,1800,gene_206,0.38125
DDPM,1800,gene_207,0.3625
DDPM,1800,gene_208,0.34375
DDPM,1800,gene_209,0.41875
DDPM,1800,gene_210,0.38125
DDPM,1800,gene_211,0.28125
DDPM,1800,gene_212,0.39375
DDPM,1800,gene_213,0.325
DDPM,1800,gene_214,0.45
DDPM,1800,gene_215,0.325
DDPM,1800,gene_216,0.48125
DDPM,1800,gene_217,0.43125
DDPM,1800,gene_218,0.3375
DDPM,1800,gene_219,0.28125
DDPM,1800,gene_220,0.375
DDPM,1800,gene_221,0.3125
DDPM,1800,gene_222,0.30625
DDPM,1800,gene_223,0.4375
DDPM,1800,gene_224,0.34375
DDPM,1800,gene_225,0.21875
DDPM,1800,gene_226,0.33125
DDPM,1800,gene_227,0.40625
DDPM,1800,gene_228,0.44375
DDPM,1800,gene_229,0.275
DDPM,1800,gene_230,0.43125
DDPM,1800,gene_231,0.5125
DDPM,1800,gene_232,0.30625
DDPM,1800,gene_233,0.475
DDPM,1800,gene_234,0.46875
DDPM,1800,gene_235,0.25625
DDPM,1800,gene_236,0.4125
DDPM,1800,gene_237,0.4125
DDPM,1800,gene_238,0.45625
DDPM,1800,gene_239,0.31875
DDPM,1800,gene_240,0.55625
DDPM,1800,gene_241,0.39375
DDPM,1800,gene_242,0.56875
DDPM,1800,gene_243,0.3375
DDPM,1800,gene_244,0.38125
DDPM,1800,gene_245,0.43125
DDPM,1800,gene_246,0.34375
DDPM,1800,gene_247,0.38125
DDPM,1800,gene_248,0.49375
DDPM,1800,gene_249,0.39375
DDPM,1800,gene_250,0.44375
DDPM,1800,gene_251,0.33125
DDPM,1800,gene_252,0.29375
DDPM,1800,gene_253,0.3125
DDPM,1800,gene_254,0.50625
DDPM,1800,gene_255,0.39375
DDPM,1800,gene_256,0.35625
DDPM,1800,gene_257,0.41875
DDPM,1800,gene_258,0.34375
DDPM,1800,gene_259,0.45
DDPM,1800,gene_260,0.26875
DDPM,1800,gene_261,0.43125
DDPM,1800,gene_262,0.35
DDPM,1800,gene_263,0.3125
DDPM,1800,gene_264,0.2875
DDPM,1800,gene_265,0.3625
DDPM,1800,gene_266,0.4
DDPM,1800,gene_267,0.375
DDPM,1800,gene_268,0.51875
DDPM,1800,gene_269,0.41875
DDPM,1800,gene_270,0.31875
DDPM,1800,gene_271,0.2375
DDPM,1800,gene_272,0.4625
DDPM,1800,gene_273,0.33125
DDPM,1800,gene_274,0.4
DDPM,1800,gene_275,0.35625
DDPM,1800,gene_276,0.45625
DDPM,1800,gene_277,0.45625
DDPM,1800,gene_278,0.325
DDPM,1800,gene_279,0.40625
DDPM,1800,gene_280,0.525
DDPM,1800,gene_281,0.4125
DDPM,1800,gene_282,0.4625
DDPM,1800,gene_283,0.525
DDPM,1800,gene_284,0.39375
DDPM,1800,gene_285,0.30625
DDPM,1800,gene_286,0.51875
DDPM,1800,gene_287,0.525
DDPM,1800,gene_288,0.375
DDPM,1800,gene_289,0.36875
DDPM,1800,gene_290,0.425
DDPM,1800,gene_291,0.38125
DDPM,1800,gene_292,0.35
DDPM,1800,gene_293,0.35625
DDPM,1800,gene_294,0.59375
DDPM,1800,gene_295,0.36875
DDPM,1800,gene_296,0.2875
DDPM,1800,gene_297,0.45625
DDPM,1800,gene_298,0.41875
DDPM,1800,gene_299,0.4375
DDPM,1800,gene_300,0.21875
DDPM,1800,gene_301,0.325
DDPM,1800,gene_302,0.46875
DDPM,1800,gene_303,0.325
DDPM,1800,gene_304,0.3875
DDPM,1800,gene_305,0.4625
DDPM,1800,gene_306,0.575
DDPM,1800,gene_307,0.3
DDPM,1800,gene_308,0.35
DDPM,1800,gene_309,0.375
DDPM,1800,gene_310,0.475
DDPM,1800,gene_311,0.5
DDPM,1800,gene_312,0.33125
DDPM,1800,gene_313,0.325
DDPM,1800,gene_314,0.31875
DDPM,1800,gene_315,0.41875
DDPM,1800,gene_316,0.20625
DDPM,1800,gene_317,0.475
DDPM,1800,gene_318,0.35625
DDPM,1800,gene_319,0.425
DDPM,1800,gene_320,0.35
DDPM,1800,gene_321,0.3
DDPM,1800,gene_322,0.25
DDPM,1800,gene_323,0.4875
DDPM,1800,gene_324,0.20625
DDPM,1800,gene_325,0.4
DDPM,1800,gene_326,0.45625
DDPM,1800,gene_327,0.26875
DDPM,1800,gene_328,0.29375
DDPM,1800,gene_329,0.4375
DDPM,1800,gene_330,0.46875
DDPM,1800,gene_331,0.51875
DDPM,1800,gene_332,0.35625
DDPM,1800,gene_333,0.4875
DDPM,1800,gene_334,0.35625
DDPM,1800,gene_335,0.25625
DDPM,1800,gene_336,0.36875
DDPM,1800,gene_337,0.28125
DDPM,1800,gene_338,0.3625
DDPM,1800,gene_339,0.50625
DDPM,1800,gene_340,0.3
DDPM,1800,gene_341,0.35
DDPM,1800,gene_342,0.31875
DDPM,1800,gene_343,0.39375
DDPM,1800,gene_344,0.35
DDPM,1800,gene_345,0.25625
DDPM,1800,gene_346,0.45
DDPM,1800,gene_347,0.225
DDPM,1800,gene_348,0.58125
DDPM,1800,gene_349,0.4875
DDPM,1800,gene_350,0.3625
DDPM,1800,gene_351,0.53125
DDPM,1800,gene_352,0.325
DDPM,1800,gene_353,0.325
DDPM,1800,gene_354,0.4125
DDPM,1800,gene_355,0.4
DDPM,1800,gene_356,0.4125
DDPM,1800,gene_357,0.45625
DDPM,1800,gene_358,0.34375
DDPM,1800,gene_359,0.4625
DDPM,1800,gene_360,0.225
DDPM,1800,gene_361,0.41875
DDPM,1800,gene_362,0.4375
DDPM,1800,gene_363,0.25
DDPM,1800,gene_364,0.4
DDPM,1800,gene_365,0.34375
DDPM,1800,gene_366,0.3625
DDPM,1800,gene_367,0.3125
DDPM,1800,gene_368,0.45
DDPM,1800,gene_369,0.3625
DDPM,1800,gene_370,0.2625
DDPM,1800,gene_371,0.43125
DDPM,1800,gene_372,0.31875
DDPM,1800,gene_373,0.43125
DDPM,1800,gene_374,0.5375
DDPM,1800,gene_375,0.4125
DDPM,1800,gene_376,0.40625
DDPM,1800,gene_377,0.4125
DDPM,1800,gene_378,0.43125
DDPM,1800,gene_379,0.44375
DDPM,1800,gene_380,0.41875
DDPM,1800,gene_381,0.3125
DDPM,1800,gene_382,0.35625
DDPM,1800,gene_383,0.33125
DDPM,1800,gene_384,0.54375
DDPM,1800,gene_385,0.34375
DDPM,1800,gene_386,0.34375
DDPM,1800,gene_387,0.25
DDPM,1800,gene_388,0.3625
DDPM,1800,gene_389,0.24375
DDPM,1800,gene_390,0.4875
DDPM,1800,gene_391,0.35
DDPM,1800,gene_392,0.35625
DDPM,1800,gene_393,0.325
DDPM,1800,gene_394,0.2375
DDPM,1800,gene_395,0.525
DDPM,1800,gene_396,0.25625
DDPM,1800,gene_397,0.44375
DDPM,1800,gene_398,0.41875
DDPM,1800,gene_399,0.45
DDPM,1800,gene_400,0.1875
DDPM,1800,gene_401,0.4375
DDPM,1800,gene_402,0.3375
DDPM,1800,gene_403,0.49375
DDPM,1800,gene_404,0.3
DDPM,1800,gene_405,0.4125
DDPM,1800,gene_406,0.41875
DDPM,1800,gene_407,0.4
DDPM,1800,gene_408,0.40625
DDPM,1800,gene_409,0.3875
DDPM,1800,gene_410,0.46875
DDPM,1800,gene_411,0.375
DDPM,1800,gene_412,0.34375
DDPM,1800,gene_413,0.4375
DDPM,1800,gene_414,0.40625
DDPM,1800,gene_415,0.5
DDPM,1800,gene_416,0.43125
DDPM,1800,gene_417,0.46875
DDPM,1800,gene_418,0.425
DDPM,1800,gene_419,0.4875
DDPM,1800,gene_420,0.36875
DDPM,1800,gene_421,0.58125
DDPM,1800,gene_422,0.34375
DDPM,1800,gene_423,0.225
DDPM,1800,gene_424,0.35625
DDPM,1800,gene_425,0.4875
DDPM,1800,gene_426,0.43125
DDPM,1800,gene_427,0.2625
DDPM,1800,gene_428,0.38125
DDPM,1800,gene_429,0.4625
DDPM,1800,gene_430,0.3875
DDPM,1800,gene_431,0.43125
DDPM,1800,gene_432,0.40625
DDPM,1800,gene_433,0.25
DDPM,1800,gene_434,0.23125
DDPM,1800,gene_435,0.2125
DDPM,1800,gene_436,0.2375
DDPM,1800,gene_437,0.4125
DDPM,1800,gene_438,0.575
DDPM,1800,gene_439,0.40625
DDPM,1800,gene_440,0.30625
DDPM,1800,gene_441,0.5125
DDPM,1800,gene_442,0.5375
DDPM,1800,gene_443,0.4
DDPM,1800,gene_444,0.4375
DDPM,1800,gene_445,0.4625
DDPM,1800,gene_446,0.40625
DDPM,1800,gene_447,0.3125
DDPM,1800,gene_448,0.4125
DDPM,1800,gene_449,0.4125
DDPM,1800,gene_450,0.40625
DDPM,1800,gene_451,0.3375
DDPM,1800,gene_452,0.29375
DDPM,1800,gene_453,0.45
DDPM,1800,gene_454,0.38125
DDPM,1800,gene_455,0.16875
DDPM,1800,gene_456,0.25
DDPM,1800,gene_457,0.38125
DDPM,1800,gene_458,0.4125
DDPM,1800,gene_459,0.49375
DDPM,1800,gene_460,0.375
DDPM,1800,gene_461,0.24375
DDPM,1800,gene_462,0.2375
DDPM,1800,gene_463,0.45625
DDPM,1800,gene_464,0.4125
DDPM,1800,gene_465,0.44375
DDPM,1800,gene_466,0.20625
DDPM,1800,gene_467,0.36875
DDPM,1800,gene_468,0.41875
DDPM,1800,gene_469,0.325
DDPM,1800,gene_470,0.2625
DDPM,1800,gene_471,0.25625
DDPM,1800,gene_472,0.19375
DDPM,1800,gene_473,0.3875
DDPM,1800,gene_474,0.4875
DDPM,1800,gene_475,0.30625
DDPM,1800,gene_476,0.3875
DDPM,1800,gene_477,0.375
DDPM,1800,gene_478,0.35625
DDPM,1800,gene_479,0.35625
DDPM,1800,gene_480,0.43125
DDPM,1800,gene_481,0.39375
DDPM,1800,gene_482,0.43125
DDPM,1800,gene_483,0.38125
DDPM,1800,gene_484,0.20625
DDPM,1800,gene_485,0.21875
DDPM,1800,gene_486,0.325
DDPM,1800,gene_487,0.45
DDPM,1800,gene_488,0.38125
DDPM,1800,gene_489,0.325
DDPM,1800,gene_490,0.2625
DDPM,1800,gene_491,0.38125
DDPM,1800,gene_492,0.30625
DDPM,1800,gene_493,0.45
DDPM,1800,gene_494,0.38125
DDPM,1800,gene_495,0.275
DDPM,1800,gene_496,0.3125
DDPM,1800,gene_497,0.25625
DDPM,1800,gene_498,0.31875
DDPM,1800,gene_499,0.3375
DDPM,1800,gene_500,0.475
DDPM,1800,gene_501,0.45
DDPM,1800,gene_502,0.2125
DDPM,1800,gene_503,0.43125
DDPM,1800,gene_504,0.4
DDPM,1800,gene_505,0.525
DDPM,1800,gene_506,0.3875
DDPM,1800,gene_507,0.35625
DDPM,1800,gene_508,0.31875
DDPM,1800,gene_509,0.3125
DDPM,1800,gene_510,0.34375
DDPM,1800,gene_511,0.45
DDPM,1800,gene_512,0.45
DDPM,1800,gene_513,0.50625
DDPM,1800,gene_514,0.45
DDPM,1800,gene_515,0.4
DDPM,1800,gene_516,0.33125
DDPM,1800,gene_517,0.5125
DDPM,1800,gene_518,0.35
DDPM,1800,gene_519,0.5375
DDPM,1800,gene_520,0.34375
DDPM,1800,gene_521,0.275
DDPM,1800,gene_522,0.41875
DDPM,1800,gene_523,0.35
DDPM,1800,gene_524,0.325
DDPM,1800,gene_525,0.35625
DDPM,1800,gene_526,0.475
DDPM,1800,gene_527,0.41875
DDPM,1800,gene_528,0.25
DDPM,1800,gene_529,0.3625
DDPM,1800,gene_530,0.3125
DDPM,1800,gene_531,0.30625
DDPM,1800,gene_532,0.4375
DDPM,1800,gene_533,0.3125
DDPM,1800,gene_534,0.325
DDPM,1800,gene_535,0.4625
DDPM,1800,gene_536,0.49375
DDPM,1800,gene_537,0.30625
DDPM,1800,gene_538,0.43125
DDPM,1800,gene_539,0.4
DDPM,1800,gene_540,0.30625
DDPM,1800,gene_541,0.34375
DDPM,1800,gene_542,0.28125
DDPM,1800,gene_543,0.39375
DDPM,1800,gene_544,0.23125
DDPM,1800,gene_545,0.38125
DDPM,1800,gene_546,0.36875
DDPM,1800,gene_547,0.36875
DDPM,1800,gene_548,0.36875
DDPM,1800,gene_549,0.4625
DDPM,1800,gene_550,0.25
DDPM,1800,gene_551,0.15
DDPM,1800,gene_552,0.34375
DDPM,1800,gene_553,0.3
DDPM,1800,gene_554,0.3625
DDPM,1800,gene_555,0.34375
DDPM,1800,gene_556,0.36875
DDPM,1800,gene_557,0.45
DDPM,1800,gene_558,0.34375
DDPM,1800,gene_559,0.19375
DDPM,1800,gene_560,0.4125
DDPM,1800,gene_561,0.36875
DDPM,1800,gene_562,0.225
DDPM,1800,gene_563,0.33125
DDPM,1800,gene_564,0.44375
DDPM,1800,gene_565,0.625
DDPM,1800,gene_566,0.4625
DDPM,1800,gene_567,0.11875
DDPM,1800,gene_568,0.41875
DDPM,1800,gene_569,0.35625
DDPM,1800,gene_570,0.4125
DDPM,1800,gene_571,0.4125
DDPM,1800,gene_572,0.45625
DDPM,1800,gene_573,0.29375
DDPM,1800,gene_574,0.49375
DDPM,1800,gene_575,0.5125
DDPM,1800,gene_576,0.34375
DDPM,1800,gene_577,0.40625
DDPM,1800,gene_578,0.53125
DDPM,1800,gene_579,0.4375
DDPM,1800,gene_580,0.34375
DDPM,1800,gene_581,0.33125
DDPM,1800,gene_582,0.53125
DDPM,1800,gene_583,0.30625
DDPM,1800,gene_584,0.49375
DDPM,1800,gene_585,0.3875
DDPM,1800,gene_586,0.46875
DDPM,1800,gene_587,0.35625
DDPM,1800,gene_588,0.53125
DDPM,1800,gene_589,0.45625
DDPM,1800,gene_590,0.40625
DDPM,1800,gene_591,0.18125
DDPM,1800,gene_592,0.4375
DDPM,1800,gene_593,0.3875
DDPM,1800,gene_594,0.275
DDPM,1800,gene_595,0.45
DDPM,1800,gene_596,0.44375
DDPM,1800,gene_597,0.4
DDPM,1800,gene_598,0.3875
DDPM,1800,gene_599,0.51875
DDPM,1800,gene_600,0.33125
DDPM,1800,gene_601,0.43125
DDPM,1800,gene_602,0.43125
DDPM,1800,gene_603,0.33125
DDPM,1800,gene_604,0.4375
DDPM,1800,gene_605,0.3625
DDPM,1800,gene_606,0.58125
DDPM,1800,gene_607,0.23125
DDPM,1800,gene_608,0.36875
DDPM,1800,gene_609,0.325
DDPM,1800,gene_610,0.50625
DDPM,1800,gene_611,0.31875
DDPM,1800,gene_612,0.2625
DDPM,1800,gene_613,0.375
DDPM,1800,gene_614,0.2625
DDPM,1800,gene_615,0.475
DDPM,1800,gene_616,0.34375
DDPM,1800,gene_617,0.39375
DDPM,1800,gene_618,0.55
DDPM,1800,gene_619,0.275
DDPM,1800,gene_620,0.34375
DDPM,1800,gene_621,0.31875
DDPM,1800,gene_622,0.275
DDPM,1800,gene_623,0.4
DDPM,1800,gene_624,0.26875
DDPM,1800,gene_625,0.3625
DDPM,1800,gene_626,0.375
DDPM,1800,gene_627,0.38125
DDPM,1800,gene_628,0.34375
DDPM,1800,gene_629,0.25625
DDPM,1800,gene_630,0.3375
DDPM,1800,gene_631,0.4375
DDPM,1800,gene_632,0.46875
DDPM,1800,gene_633,0.45
DDPM,1800,gene_634,0.46875
DDPM,1800,gene_635,0.35625
DDPM,1800,gene_636,0.34375
DDPM,1800,gene_637,0.34375
DDPM,1800,gene_638,0.33125
DDPM,1800,gene_639,0.46875
DDPM,1800,gene_640,0.4625
DDPM,1800,gene_641,0.35625
DDPM,1800,gene_642,0.325
DDPM,1800,gene_643,0.275
DDPM,1800,gene_644,0.38125
DDPM,1800,gene_645,0.34375
DDPM,1800,gene_646,0.46875
DDPM,1800,gene_647,0.40625
DDPM,1800,gene_648,0.4125
DDPM,1800,gene_649,0.44375
DDPM,1800,gene_650,0.3375
DDPM,1800,gene_651,0.3375
DDPM,1800,gene_652,0.30625
DDPM,1800,gene_653,0.40625
DDPM,1800,gene_654,0.45625
DDPM,1800,gene_655,0.3375
DDPM,1800,gene_656,0.45625
DDPM,1800,gene_657,0.46875
DDPM,1800,gene_658,0.2875
DDPM,1800,gene_659,0.1625
DDPM,1800,gene_660,0.29375
DDPM,1800,gene_661,0.25
DDPM,1800,gene_662,0.4125
DDPM,1800,gene_663,0.49375
DDPM,1800,gene_664,0.35
DDPM,1800,gene_665,0.2125
DDPM,1800,gene_666,0.3625
DDPM,1800,gene_667,0.30625
DDPM,1800,gene_668,0.2375
DDPM,1800,gene_669,0.36875
DDPM,1800,gene_670,0.41875
DDPM,1800,gene_671,0.4125
DDPM,1800,gene_672,0.2875
DDPM,1800,gene_673,0.5125
DDPM,1800,gene_674,0.36875
DDPM,1800,gene_675,0.3375
DDPM,1800,gene_676,0.5375
DDPM,1800,gene_677,0.46875
DDPM,1800,gene_678,0.39375
DDPM,1800,gene_679,0.29375
DDPM,1800,gene_680,0.525
DDPM,1800,gene_681,0.25
DDPM,1800,gene_682,0.2875
DDPM,1800,gene_683,0.325
DDPM,1800,gene_684,0.39375
DDPM,1800,gene_685,0.3
DDPM,1800,gene_686,0.46875
DDPM,1800,gene_687,0.325
DDPM,1800,gene_688,0.25
DDPM,1800,gene_689,0.40625
DDPM,1800,gene_690,0.4375
DDPM,1800,gene_691,0.35625
DDPM,1800,gene_692,0.425
DDPM,1800,gene_693,0.36875
DDPM,1800,gene_694,0.4
DDPM,1800,gene_695,0.2125
DDPM,1800,gene_696,0.3875
DDPM,1800,gene_697,0.45
DDPM,1800,gene_698,0.41875
DDPM,1800,gene_699,0.43125
DDPM,1800,gene_700,0.2375
DDPM,1800,gene_701,0.34375
DDPM,1800,gene_702,0.35625
DDPM,1800,gene_703,0.2625
DDPM,1800,gene_704,0.38125
DDPM,1800,gene_705,0.30625
DDPM,1800,gene_706,0.325
DDPM,1800,gene_707,0.3625
DDPM,1800,gene_708,0.3625
DDPM,1800,gene_709,0.31875
DDPM,1800,gene_710,0.35625
DDPM,1800,gene_711,0.4
DDPM,1800,gene_712,0.35625
DDPM,1800,gene_713,0.4
DDPM,1800,gene_714,0.35625
DDPM,1800,gene_715,0.38125
DDPM,1800,gene_716,0.375
DDPM,1800,gene_717,0.2625
DDPM,1800,gene_718,0.3
DDPM,1800,gene_719,0.40625
DDPM,1800,gene_720,0.38125
DDPM,1800,gene_721,0.44375
DDPM,1800,gene_722,0.46875
DDPM,1800,gene_723,0.3875
DDPM,1800,gene_724,0.3625
DDPM,1800,gene_725,0.25625
DDPM,1800,gene_726,0.2125
DDPM,1800,gene_727,0.35
DDPM,1800,gene_728,0.33125
DDPM,1800,gene_729,0.24375
DDPM,1800,gene_730,0.40625
DDPM,1800,gene_731,0.5
DDPM,1800,gene_732,0.3875
DDPM,1800,gene_733,0.46875
DDPM,1800,gene_734,0.45
DDPM,1800,gene_735,0.275
DDPM,1800,gene_736,0.36875
DDPM,1800,gene_737,0.41875
DDPM,1800,gene_738,0.25625
DDPM,1800,gene_739,0.3625
DDPM,1800,gene_740,0.44375
DDPM,1800,gene_741,0.425
DDPM,1800,gene_742,0.45625
DDPM,1800,gene_743,0.3
DDPM,1800,gene_744,0.4875
DDPM,1800,gene_745,0.33125
DDPM,1800,gene_746,0.3375
DDPM,1800,gene_747,0.48125
DDPM,1800,gene_748,0.1625
DDPM,1800,gene_749,0.43125
DDPM,1800,gene_750,0.475
DDPM,1800,gene_751,0.35625
DDPM,1800,gene_752,0.33125
DDPM,1800,gene_753,0.40625
DDPM,1800,gene_754,0.38125
DDPM,1800,gene_755,0.30625
DDPM,1800,gene_756,0.38125
DDPM,1800,gene_757,0.49375
DDPM,1800,gene_758,0.39375
DDPM,1800,gene_759,0.48125
DDPM,1800,gene_760,0.30625
DDPM,1800,gene_761,0.29375
DDPM,1800,gene_762,0.38125
DDPM,1800,gene_763,0.35
DDPM,1800,gene_764,0.1625
DDPM,1800,gene_765,0.35625
DDPM,1800,gene_766,0.34375
DDPM,1800,gene_767,0.40625
DDPM,1800,gene_768,0.43125
DDPM,1800,gene_769,0.3375
DDPM,1800,gene_770,0.2875
DDPM,1800,gene_771,0.40625
DDPM,1800,gene_772,0.31875
DDPM,1800,gene_773,0.3375
DDPM,1800,gene_774,0.375
DDPM,1800,gene_775,0.28125
DDPM,1800,gene_776,0.46875
DDPM,1800,gene_777,0.3
DDPM,1800,gene_778,0.2875
DDPM,1800,gene_779,0.4375
DDPM,1800,gene_780,0.46875
DDPM,1800,gene_781,0.29375
DDPM,1800,gene_782,0.4625
DDPM,1800,gene_783,0.2875
DDPM,1800,gene_784,0.36875
DDPM,1800,gene_785,0.19375
DDPM,1800,gene_786,0.36875
DDPM,1800,gene_787,0.33125
DDPM,1800,gene_788,0.44375
DDPM,1800,gene_789,0.35625
DDPM,1800,gene_790,0.41875
DDPM,1800,gene_791,0.56875
DDPM,1800,gene_792,0.425
DDPM,1800,gene_793,0.3
DDPM,1800,gene_794,0.29375
DDPM,1800,gene_795,0.3125
DDPM,1800,gene_796,0.325
DDPM,1800,gene_797,0.375
DDPM,1800,gene_798,0.45625
DDPM,1800,gene_799,0.35
DDPM,1800,gene_800,0.30625
DDPM,1800,gene_801,0.31875
DDPM,1800,gene_802,0.49375
DDPM,1800,gene_803,0.3875
DDPM,1800,gene_804,0.5
DDPM,1800,gene_805,0.475
DDPM,1800,gene_806,0.4
DDPM,1800,gene_807,0.35625
DDPM,1800,gene_808,0.31875
DDPM,1800,gene_809,0.325
DDPM,1800,gene_810,0.38125
DDPM,1800,gene_811,0.50625
DDPM,1800,gene_812,0.30625
DDPM,1800,gene_813,0.29375
DDPM,1800,gene_814,0.44375
DDPM,1800,gene_815,0.44375
DDPM,1800,gene_816,0.3625
DDPM,1800,gene_817,0.34375
DDPM,1800,gene_818,0.225
DDPM,1800,gene_819,0.33125
DDPM,1800,gene_820,0.35
DDPM,1800,gene_821,0.36875
DDPM,1800,gene_822,0.3625
DDPM,1800,gene_823,0.44375
DDPM,1800,gene_824,0.51875
DDPM,1800,gene_825,0.3875
DDPM,1800,gene_826,0.39375
DDPM,1800,gene_827,0.35
DDPM,1800,gene_828,0.5375
DDPM,1800,gene_829,0.325
DDPM,1800,gene_830,0.44375
DDPM,1800,gene_831,0.49375
DDPM,1800,gene_832,0.38125
DDPM,1800,gene_833,0.325
DDPM,1800,gene_834,0.4125
DDPM,1800,gene_835,0.35625
DDPM,1800,gene_836,0.21875
DDPM,1800,gene_837,0.275
DDPM,1800,gene_838,0.35625
DDPM,1800,gene_839,0.49375
DDPM,1800,gene_840,0.46875
DDPM,1800,gene_841,0.39375
DDPM,1800,gene_842,0.2125
DDPM,1800,gene_843,0.4625
DDPM,1800,gene_844,0.21875
DDPM,1800,gene_845,0.43125
DDPM,1800,gene_846,0.49375
DDPM,1800,gene_847,0.375
DDPM,1800,gene_848,0.4
DDPM,1800,gene_849,0.36875
DDPM,1800,gene_850,0.4375
DDPM,1800,gene_851,0.49375
DDPM,1800,gene_852,0.45
DDPM,1800,gene_853,0.44375
DDPM,1800,gene_854,0.54375
DDPM,1800,gene_855,0.35625
DDPM,1800,gene_856,0.2875
DDPM,1800,gene_857,0.31875
DDPM,1800,gene_858,0.50625
DDPM,1800,gene_859,0.375
DDPM,1800,gene_860,0.4875
DDPM,1800,gene_861,0.35625
DDPM,1800,gene_862,0.2
DDPM,1800,gene_863,0.35625
DDPM,1800,gene_864,0.39375
DDPM,1800,gene_865,0.20625
DDPM,1800,gene_866,0.30625
DDPM,1800,gene_867,0.45
DDPM,1800,gene_868,0.36875
DDPM,1800,gene_869,0.375
DDPM,1800,gene_870,0.29375
DDPM,1800,gene_871,0.15625
DDPM,1800,gene_872,0.14375
DDPM,1800,gene_873,0.43125
DDPM,1800,gene_874,0.35625
DDPM,1800,gene_875,0.325
DDPM,1800,gene_876,0.2125
DDPM,1800,gene_877,0.3375
DDPM,1800,gene_878,0.46875
DDPM,1800,gene_879,0.2
DDPM,1800,gene_880,0.45625
DDPM,1800,gene_881,0.45625
DDPM,1800,gene_882,0.35625
DDPM,1800,gene_883,0.51875
DDPM,1800,gene_884,0.40625
DDPM,1800,gene_885,0.45625
DDPM,1800,gene_886,0.4625
DDPM,1800,gene_887,0.45
DDPM,1800,gene_888,0.325
DDPM,1800,gene_889,0.5
DDPM,1800,gene_890,0.2875
DDPM,1800,gene_891,0.325
DDPM,1800,gene_892,0.54375
DDPM,1800,gene_893,0.39375
DDPM,1800,gene_894,0.3625
DDPM,1800,gene_895,0.40625
DDPM,1800,gene_896,0.38125
DDPM,1800,gene_897,0.34375
DDPM,1800,gene_898,0.60625
DDPM,1800,gene_899,0.45625
DDPM,1800,gene_900,0.38125
DDPM,1800,gene_901,0.44375
DDPM,1800,gene_902,0.36875
DDPM,1800,gene_903,0.2375
DDPM,1800,gene_904,0.48125
DDPM,1800,gene_905,0.30625
DDPM,1800,gene_906,0.325
DDPM,1800,gene_907,0.4375
DDPM,1800,gene_908,0.3125
DDPM,1800,gene_909,0.35625
DDPM,1800,gene_910,0.2375
DDPM,1800,gene_911,0.28125
DDPM,1800,gene_912,0.325
DDPM,1800,gene_913,0.29375
DDPM,1800,gene_914,0.51875
DDPM,1800,gene_915,0.33125
DDPM,1800,gene_916,0.31875
DDPM,1800,gene_917,0.25
DDPM,1800,gene_918,0.40625
DDPM,1800,gene_919,0.5625
DDPM,1800,gene_920,0.3625
DDPM,1800,gene_921,0.46875
DDPM,1800,gene_922,0.2
DDPM,1800,gene_923,0.39375
DDPM,1800,gene_924,0.4875
DDPM,1800,gene_925,0.19375
DDPM,1800,gene_926,0.33125
DDPM,1800,gene_927,0.43125
DDPM,1800,gene_928,0.34375
DDPM,1800,gene_929,0.3375
DDPM,1800,gene_930,0.4375
DDPM,1800,gene_931,0.31875
DDPM,1800,gene_932,0.3625
DDPM,1800,gene_933,0.25
DDPM,1800,gene_934,0.4375
DDPM,1800,gene_935,0.43125
DDPM,1800,gene_936,0.575
DDPM,1800,gene_937,0.3875
DDPM,1800,gene_938,0.35
DDPM,1800,gene_939,0.325
DDPM,1800,gene_940,0.44375
DDPM,1800,gene_941,0.3
DDPM,1800,gene_942,0.41875
DDPM,1800,gene_943,0.18125
DDPM,1800,gene_944,0.45
DDPM,1800,gene_945,0.4875
DDPM,1800,gene_946,0.23125
DDPM,1800,gene_947,0.55625
DDPM,1800,gene_948,0.51875
DDPM,1800,gene_949,0.25
DDPM,1800,gene_950,0.2875
DDPM,1800,gene_951,0.175
DDPM,1800,gene_952,0.25
DDPM,1800,gene_953,0.325
DDPM,1800,gene_954,0.575
DDPM,1800,gene_955,0.26875
DDPM,1800,gene_956,0.4
DDPM,1800,gene_957,0.4125
DDPM,1800,gene_958,0.3
DDPM,1800,gene_959,0.4625
DDPM,1800,gene_960,0.28125
DDPM,1800,gene_961,0.30625
DDPM,1800,gene_962,0.39375
DDPM,1800,gene_963,0.3375
DDPM,1800,gene_964,0.44375
DDPM,1800,gene_965,0.28125
DDPM,1800,gene_966,0.35625
DDPM,1800,gene_967,0.325
DDPM,1800,gene_968,0.39375
DDPM,1800,gene_969,0.28125
DDPM,1800,gene_970,0.45625
DDPM,1800,gene_971,0.41875
DDPM,1800,gene_972,0.45
DDPM,1800,gene_973,0.44375
DDPM,1800,gene_974,0.4
DDPM,1800,gene_975,0.35
DDPM,1800,gene_976,0.4
DDPM,1800,gene_977,0.35625
DDPM,1800,gene_978,0.50625
DDPM,1800,gene_979,0.46875
DDPM,1800,gene_980,0.34375
DDPM,1800,gene_981,0.35625
DDPM,1800,gene_982,0.34375
DDPM,1800,gene_983,0.43125
DDPM,1800,gene_984,0.50625
DDPM,1800,gene_985,0.29375
DDPM,1800,gene_986,0.3875
DDPM,1800,gene_987,0.26875
DDPM,1800,gene_988,0.34375
DDPM,1800,gene_989,0.28125
DDPM,1800,gene_990,0.36875
DDPM,1800,gene_991,0.1625
DDPM,1800,gene_992,0.43125
DDPM,1800,gene_993,0.33125
DDPM,1800,gene_994,0.23125
DDPM,1800,gene_995,0.26875
DDPM,1800,gene_996,0.40625
DDPM,1800,gene_997,0.49375
DDPM,1800,gene_998,0.375
DDPM,1800,gene_999,0.525
DDPM,1800,gene_1000,0.60625
DiT,1200,gene_1,0.43125
DiT,1200,gene_2,0.29375
DiT,1200,gene_3,0.3625
DiT,1200,gene_4,0.43125
DiT,1200,gene_5,0.24375
DiT,1200,gene_6,0.34375
DiT,1200,gene_7,0.35625
DiT,1200,gene_8,0.44375
DiT,1200,gene_9,0.41875
DiT,1200,gene_10,0.44375
DiT,1200,gene_11,0.29375
DiT,1200,gene_12,0.4125
DiT,1200,gene_13,0.4875
DiT,1200,gene_14,0.4125
DiT,1200,gene_15,0.3375
DiT,1200,gene_16,0.33125
DiT,1200,gene_17,0.275
DiT,1200,gene_18,0.30625
DiT,1200,gene_19,0.38125
DiT,1200,gene_20,0.34375
DiT,1200,gene_21,0.26875
DiT,1200,gene_22,0.48125
DiT,1200,gene_23,0.43125
DiT,1200,gene_24,0.33125
DiT,1200,gene_25,0.1875
DiT,1200,gene_26,0.375
DiT,1200,gene_27,0.375
DiT,1200,gene_28,0.54375
DiT,1200,gene_29,0.33125
DiT,1200,gene_30,0.4375
DiT,1200,gene_31,0.2875
DiT,1200,gene_32,0.3375
DiT,1200,gene_33,0.33125
DiT,1200,gene_34,0.2875
DiT,1200,gene_35,0.33125
DiT,1200,gene_36,0.375
DiT,1200,gene_37,0.4875
DiT,1200,gene_38,0.2
DiT,1200,gene_39,0.4625
DiT,1200,gene_40,0.39375
DiT,1200,gene_41,0.3625
DiT,1200,gene_42,0.41875
DiT,1200,gene_43,0.4
DiT,1200,gene_44,0.44375
DiT,1200,gene_45,0.45625
DiT,1200,gene_46,0.4875
DiT,1200,gene_47,0.3
DiT,1200,gene_48,0.26875
DiT,1200,gene_49,0.325
DiT,1200,gene_50,0.425
DiT,1200,gene_51,0.375
DiT,1200,gene_52,0.475
DiT,1200,gene_53,0.475
DiT,1200,gene_54,0.50625
DiT,1200,gene_55,0.2875
DiT,1200,gene_56,0.50625
DiT,1200,gene_57,0.375
DiT,1200,gene_58,0.325
DiT,1200,gene_59,0.475
DiT,1200,gene_60,0.3625
DiT,1200,gene_61,0.475
DiT,1200,gene_62,0.31875
DiT,1200,gene_63,0.425
DiT,1200,gene_64,0.4
DiT,1200,gene_65,0.4
DiT,1200,gene_66,0.35625
DiT,1200,gene_67,0.35625
DiT,1200,gene_68,0.3
DiT,1200,gene_69,0.28125
DiT,1200,gene_70,0.31875
DiT,1200,gene_71,0.40625
DiT,1200,gene_72,0.3875
DiT,1200,gene_73,0.4625
DiT,1200,gene_74,0.35625
DiT,1200,gene_75,0.40625
DiT,1200,gene_76,0.16875
DiT,1200,gene_77,0.3375
DiT,1200,gene_78,0.44375
DiT,1200,gene_79,0.3125
DiT,1200,gene_80,0.4
DiT,1200,gene_81,0.29375
DiT,1200,gene_82,0.30625
DiT,1200,gene_83,0.5
DiT,1200,gene_84,0.5125
DiT,1200,gene_85,0.36875
DiT,1200,gene_86,0.34375
DiT,1200,gene_87,0.4
DiT,1200,gene_88,0.35
DiT,1200,gene_89,0.4
DiT,1200,gene_90,0.35
DiT,1200,gene_91,0.2875
DiT,1200,gene_92,0.46875
DiT,1200,gene_93,0.48125
DiT,1200,gene_94,0.36875
DiT,1200,gene_95,0.35
DiT,1200,gene_96,0.3875
DiT,1200,gene_97,0.325
DiT,1200,gene_98,0.30625
DiT,1200,gene_99,0.225
DiT,1200,gene_100,0.375
DiT,1200,gene_101,0.25625
DiT,1200,gene_102,0.31875
DiT,1200,gene_103,0.45625
DiT,1200,gene_104,0.375
DiT,1200,gene_105,0.5375
DiT,1200,gene_106,0.5
DiT,1200,gene_107,0.475
DiT,1200,gene_108,0.4875
DiT,1200,gene_109,0.30625
DiT,1200,gene_110,0.35
DiT,1200,gene_111,0.3375
DiT,1200,gene_112,0.3625
DiT,1200,gene_113,0.34375
DiT,1200,gene_114,0.34375
DiT,1200,gene_115,0.375
DiT,1200,gene_116,0.3
DiT,1200,gene_117,0.5
DiT,1200,gene_118,0.35625
DiT,1200,gene_119,0.325
DiT,1200,gene_120,0.45
DiT,1200,gene_121,0.38125
DiT,1200,gene_122,0.3875
DiT,1200,gene_123,0.30625
DiT,1200,gene_124,0.31875
DiT,1200,gene_125,0.36875
DiT,1200,gene_126,0.45625
DiT,1200,gene_127,0.23125
DiT,1200,gene_128,0.40625
DiT,1200,gene_129,0.36875
DiT,1200,gene_130,0.45
DiT,1200,gene_131,0.35625
DiT,1200,gene_132,0.35625
DiT,1200,gene_133,0.39375
DiT,1200,gene_134,0.2625
DiT,1200,gene_135,0.38125
DiT,1200,gene_136,0.325
DiT,1200,gene_137,0.48125
DiT,1200,gene_138,0.43125
DiT,1200,gene_139,0.3625
DiT,1200,gene_140,0.275
DiT,1200,gene_141,0.26875
DiT,1200,gene_142,0.4
DiT,1200,gene_143,0.325
DiT,1200,gene_144,0.3125
DiT,1200,gene_145,0.34375
DiT,1200,gene_146,0.5125
DiT,1200,gene_147,0.2875
DiT,1200,gene_148,0.4375
DiT,1200,gene_149,0.2125
DiT,1200,gene_150,0.4
DiT,1200,gene_151,0.425
DiT,1200,gene_152,0.475
DiT,1200,gene_153,0.34375
DiT,1200,gene_154,0.26875
DiT,1200,gene_155,0.4375
DiT,1200,gene_156,0.43125
DiT,1200,gene_157,0.34375
DiT,1200,gene_158,0.38125
DiT,1200,gene_159,0.3625
DiT,1200,gene_160,0.41875
DiT,1200,gene_161,0.45
DiT,1200,gene_162,0.225
DiT,1200,gene_163,0.31875
DiT,1200,gene_164,0.45
DiT,1200,gene_165,0.45
DiT,1200,gene_166,0.35
DiT,1200,gene_167,0.3
DiT,1200,gene_168,0.28125
DiT,1200,gene_169,0.4
DiT,1200,gene_170,0.39375
DiT,1200,gene_171,0.3625
DiT,1200,gene_172,0.4375
DiT,1200,gene_173,0.375
DiT,1200,gene_174,0.5
DiT,1200,gene_175,0.3625
DiT,1200,gene_176,0.30625
DiT,1200,gene_177,0.29375
DiT,1200,gene_178,0.4125
DiT,1200,gene_179,0.31875
DiT,1200,gene_180,0.4625
DiT,1200,gene_181,0.36875
DiT,1200,gene_182,0.39375
DiT,1200,gene_183,0.3625
DiT,1200,gene_184,0.375
DiT,1200,gene_185,0.34375
DiT,1200,gene_186,0.49375
DiT,1200,gene_187,0.3375
DiT,1200,gene_188,0.28125
DiT,1200,gene_189,0.425
DiT,1200,gene_190,0.36875
DiT,1200,gene_191,0.39375
DiT,1200,gene_192,0.375
DiT,1200,gene_193,0.34375
DiT,1200,gene_194,0.425
DiT,1200,gene_195,0.35625
DiT,1200,gene_196,0.39375
DiT,1200,gene_197,0.30625
DiT,1200,gene_198,0.375
DiT,1200,gene_199,0.40625
DiT,1200,gene_200,0.30625
DiT,1200,gene_201,0.34375
DiT,1200,gene_202,0.29375
DiT,1200,gene_203,0.35625
DiT,1200,gene_204,0.4125
DiT,1200,gene_205,0.4125
DiT,1200,gene_206,0.33125
DiT,1200,gene_207,0.31875
DiT,1200,gene_208,0.3125
DiT,1200,gene_209,0.36875
DiT,1200,gene_210,0.3625
DiT,1200,gene_211,0.43125
DiT,1200,gene_212,0.40625
DiT,1200,gene_213,0.34375
DiT,1200,gene_214,0.25625
DiT,1200,gene_215,0.4375
DiT,1200,gene_216,0.3875
DiT,1200,gene_217,0.21875
DiT,1200,gene_218,0.35
DiT,1200,gene_219,0.36875
DiT,1200,gene_220,0.26875
DiT,1200,gene_221,0.24375
DiT,1200,gene_222,0.33125
DiT,1200,gene_223,0.36875
DiT,1200,gene_224,0.39375
DiT,1200,gene_225,0.45625
DiT,1200,gene_226,0.48125
DiT,1200,gene_227,0.33125
DiT,1200,gene_228,0.4375
DiT,1200,gene_229,0.43125
DiT,1200,gene_230,0.325
DiT,1200,gene_231,0.4375
DiT,1200,gene_232,0.34375
DiT,1200,gene_233,0.43125
DiT,1200,gene_234,0.36875
DiT,1200,gene_235,0.4375
DiT,1200,gene_236,0.4375
DiT,1200,gene_237,0.4
DiT,1200,gene_238,0.5125
DiT,1200,gene_239,0.39375
DiT,1200,gene_240,0.4625
DiT,1200,gene_241,0.34375
DiT,1200,gene_242,0.3125
DiT,1200,gene_243,0.44375
DiT,1200,gene_244,0.3625
DiT,1200,gene_245,0.38125
DiT,1200,gene_246,0.35625
DiT,1200,gene_247,0.29375
DiT,1200,gene_248,0.425
DiT,1200,gene_249,0.33125
DiT,1200,gene_250,0.425
DiT,1200,gene_251,0.26875
DiT,1200,gene_252,0.425
DiT,1200,gene_253,0.25625
DiT,1200,gene_254,0.275
DiT,1200,gene_255,0.26875
DiT,1200,gene_256,0.40625
DiT,1200,gene_257,0.26875
DiT,1200,gene_258,0.275
DiT,1200,gene_259,0.2375
DiT,1200,gene_260,0.43125
DiT,1200,gene_261,0.425
DiT,1200,gene_262,0.45625
DiT,1200,gene_263,0.4625
DiT,1200,gene_264,0.5375
DiT,1200,gene_265,0.43125
DiT,1200,gene_266,0.48125
DiT,1200,gene_267,0.45625
DiT,1200,gene_268,0.26875
DiT,1200,gene_269,0.5
DiT,1200,gene_270,0.28125
DiT,1200,gene_271,0.4125
DiT,1200,gene_272,0.41875
DiT,1200,gene_273,0.38125
DiT,1200,gene_274,0.40625
DiT,1200,gene_275,0.2375
DiT,1200,gene_276,0.39375
DiT,1200,gene_277,0.4875
DiT,1200,gene_278,0.375
DiT,1200,gene_279,0.36875
DiT,1200,gene_280,0.3375
DiT,1200,gene_281,0.35625
DiT,1200,gene_282,0.36875
DiT,1200,gene_283,0.5
DiT,1200,gene_284,0.325
DiT,1200,gene_285,0.5125
DiT,1200,gene_286,0.45625
DiT,1200,gene_287,0.49375
DiT,1200,gene_288,0.36875
DiT,1200,gene_289,0.45625
DiT,1200,gene_290,0.36875
DiT,1200,gene_291,0.4375
DiT,1200,gene_292,0.3875
DiT,1200,gene_293,0.325
DiT,1200,gene_294,0.29375
DiT,1200,gene_295,0.35
DiT,1200,gene_296,0.35
DiT,1200,gene_297,0.41875
DiT,1200,gene_298,0.2875
DiT,1200,gene_299,0.44375
DiT,1200,gene_300,0.375
DiT,1200,gene_301,0.34375
DiT,1200,gene_302,0.43125
DiT,1200,gene_303,0.325
DiT,1200,gene_304,0.3
DiT,1200,gene_305,0.34375
DiT,1200,gene_306,0.4125
DiT,1200,gene_307,0.4625
DiT,1200,gene_308,0.35
DiT,1200,gene_309,0.29375
DiT,1200,gene_310,0.36875
DiT,1200,gene_311,0.41875
DiT,1200,gene_312,0.2875
DiT,1200,gene_313,0.39375
DiT,1200,gene_314,0.425
DiT,1200,gene_315,0.4375
DiT,1200,gene_316,0.3375
DiT,1200,gene_317,0.325
DiT,1200,gene_318,0.38125
DiT,1200,gene_319,0.38125
DiT,1200,gene_320,0.38125
DiT,1200,gene_321,0.5
DiT,1200,gene_322,0.34375
DiT,1200,gene_323,0.4375
DiT,1200,gene_324,0.3
DiT,1200,gene_325,0.43125
DiT,1200,gene_326,0.35
DiT,1200,gene_327,0.4
DiT,1200,gene_328,0.43125
DiT,1200,gene_329,0.4
DiT,1200,gene_330,0.3875
DiT,1200,gene_331,0.3875
DiT,1200,gene_332,0.35
DiT,1200,gene_333,0.2125
DiT,1200,gene_334,0.325
DiT,1200,gene_335,0.34375
DiT,1200,gene_336,0.34375
DiT,1200,gene_337,0.325
DiT,1200,gene_338,0.3
DiT,1200,gene_339,0.3625
DiT,1200,gene_340,0.4
DiT,1200,gene_341,0.3
DiT,1200,gene_342,0.45625
DiT,1200,gene_343,0.35625
DiT,1200,gene_344,0.4125
DiT,1200,gene_345,0.44375
DiT,1200,gene_346,0.50625
DiT,1200,gene_347,0.38125
DiT,1200,gene_348,0.375
DiT,1200,gene_349,0.45625
DiT,1200,gene_350,0.46875
DiT,1200,gene_351,0.3125
DiT,1200,gene_352,0.4125
DiT,1200,gene_353,0.35625
DiT,1200,gene_354,0.43125
DiT,1200,gene_355,0.325
DiT,1200,gene_356,0.50625
DiT,1200,gene_357,0.4125
DiT,1200,gene_358,0.4125
DiT,1200,gene_359,0.26875
DiT,1200,gene_360,0.28125
DiT,1200,gene_361,0.40625
DiT,1200,gene_362,0.4875
DiT,1200,gene_363,0.35625
DiT,1200,gene_364,0.31875
DiT,1200,gene_365,0.375
DiT,1200,gene_366,0.46875
DiT,1200,gene_367,0.3
DiT,1200,gene_368,0.34375
DiT,1200,gene_369,0.3375
DiT,1200,gene_370,0.24375
DiT,1200,gene_371,0.4125
DiT,1200,gene_372,0.3375
DiT,1200,gene_373,0.3625
DiT,1200,gene_374,0.425
DiT,1200,gene_375,0.49375
DiT,1200,gene_376,0.43125
DiT,1200,gene_377,0.28125
DiT,1200,gene_378,0.4
DiT,1200,gene_379,0.35
DiT,1200,gene_380,0.43125
DiT,1200,gene_381,0.325
DiT,1200,gene_382,0.45625
DiT,1200,gene_383,0.33125
DiT,1200,gene_384,0.5
DiT,1200,gene_385,0.225
DiT,1200,gene_386,0.44375
DiT,1200,gene_387,0.31875
DiT,1200,gene_388,0.31875
DiT,1200,gene_389,0.39375
DiT,1200,gene_390,0.36875
DiT,1200,gene_391,0.425
DiT,1200,gene_392,0.3125
DiT,1200,gene_393,0.39375
DiT,1200,gene_394,0.31875
DiT,1200,gene_395,0.3625
DiT,1200,gene_396,0.475
DiT,1200,gene_397,0.4375
DiT,1200,gene_398,0.50625
DiT,1200,gene_399,0.41875
DiT,1200,gene_400,0.38125
DiT,1200,gene_401,0.48125
DiT,1200,gene_402,0.34375
DiT,1200,gene_403,0.3375
DiT,1200,gene_404,0.4875
DiT,1200,gene_405,0.3875
DiT,1200,gene_406,0.38125
DiT,1200,gene_407,0.40625
DiT,1200,gene_408,0.38125
DiT,1200,gene_409,0.28125
DiT,1200,gene_410,0.33125
DiT,1200,gene_411,0.39375
DiT,1200,gene_412,0.43125
DiT,1200,gene_413,0.275
DiT,1200,gene_414,0.29375
DiT,1200,gene_415,0.39375
DiT,1200,gene_416,0.38125
DiT,1200,gene_417,0.34375
DiT,1200,gene_418,0.325
DiT,1200,gene_419,0.29375
DiT,1200,gene_420,0.38125
DiT,1200,gene_421,0.3875
DiT,1200,gene_422,0.275
DiT,1200,gene_423,0.20625
DiT,1200,gene_424,0.39375
DiT,1200,gene_425,0.4875
DiT,1200,gene_426,0.425
DiT,1200,gene_427,0.38125
DiT,1200,gene_428,0.275
DiT,1200,gene_429,0.4875
DiT,1200,gene_430,0.31875
DiT,1200,gene_431,0.325
DiT,1200,gene_432,0.4125
DiT,1200,gene_433,0.45
DiT,1200,gene_434,0.4125
DiT,1200,gene_435,0.2625
DiT,1200,gene_436,0.39375
DiT,1200,gene_437,0.35
DiT,1200,gene_438,0.475
DiT,1200,gene_439,0.375
DiT,1200,gene_440,0.35
DiT,1200,gene_441,0.5375
DiT,1200,gene_442,0.36875
DiT,1200,gene_443,0.39375
DiT,1200,gene_444,0.4625
DiT,1200,gene_445,0.55625
DiT,1200,gene_446,0.34375
DiT,1200,gene_447,0.43125
DiT,1200,gene_448,0.3625
DiT,1200,gene_449,0.39375
DiT,1200,gene_450,0.3125
DiT,1200,gene_451,0.44375
DiT,1200,gene_452,0.35625
DiT,1200,gene_453,0.225
DiT,1200,gene_454,0.5125
DiT,1200,gene_455,0.275
DiT,1200,gene_456,0.35
DiT,1200,gene_457,0.29375
DiT,1200,gene_458,0.3875
DiT,1200,gene_459,0.375
DiT,1200,gene_460,0.3375
DiT,1200,gene_461,0.36875
DiT,1200,gene_462,0.325
DiT,1200,gene_463,0.3625
DiT,1200,gene_464,0.45
DiT,1200,gene_465,0.33125
DiT,1200,gene_466,0.25
DiT,1200,gene_467,0.2875
DiT,1200,gene_468,0.44375
DiT,1200,gene_469,0.475
DiT,1200,gene_470,0.25625
DiT,1200,gene_471,0.45625
DiT,1200,gene_472,0.3125
DiT,1200,gene_473,0.34375
DiT,1200,gene_474,0.35625
DiT,1200,gene_475,0.26875
DiT,1200,gene_476,0.53125
DiT,1200,gene_477,0.375
DiT,1200,gene_478,0.46875
DiT,1200,gene_479,0.28125
DiT,1200,gene_480,0.39375
DiT,1200,gene_481,0.41875
DiT,1200,gene_482,0.36875
DiT,1200,gene_483,0.325
DiT,1200,gene_484,0.3125
DiT,1200,gene_485,0.44375
DiT,1200,gene_486,0.3
DiT,1200,gene_487,0.3625
DiT,1200,gene_488,0.3625
DiT,1200,gene_489,0.4125
DiT,1200,gene_490,0.225
DiT,1200,gene_491,0.43125
DiT,1200,gene_492,0.39375
DiT,1200,gene_493,0.375
DiT,1200,gene_494,0.35
DiT,1200,gene_495,0.38125
DiT,1200,gene_496,0.3125
DiT,1200,gene_497,0.525
DiT,1200,gene_498,0.29375
DiT,1200,gene_499,0.48125
DiT,1200,gene_500,0.35625
DiT,1200,gene_501,0.33125
DiT,1200,gene_502,0.29375
DiT,1200,gene_503,0.375
DiT,1200,gene_504,0.40625
DiT,1200,gene_505,0.3625
DiT,1200,gene_506,0.36875
DiT,1200,gene_507,0.375
DiT,1200,gene_508,0.41875
DiT,1200,gene_509,0.4625
DiT,1200,gene_510,0.3
DiT,1200,gene_511,0.35625
DiT,1200,gene_512,0.325
DiT,1200,gene_513,0.33125
DiT,1200,gene_514,0.325
DiT,1200,gene_515,0.425
DiT,1200,gene_516,0.34375
DiT,1200,gene_517,0.475
DiT,1200,gene_518,0.38125
DiT,1200,gene_519,0.3625
DiT,1200,gene_520,0.35
DiT,1200,gene_521,0.38125
DiT,1200,gene_522,0.34375
DiT,1200,gene_523,0.3
DiT,1200,gene_524,0.34375
DiT,1200,gene_525,0.325
DiT,1200,gene_526,0.375
DiT,1200,gene_527,0.35
DiT,1200,gene_528,0.35625
DiT,1200,gene_529,0.34375
DiT,1200,gene_530,0.51875
DiT,1200,gene_531,0.3875
DiT,1200,gene_532,0.26875
DiT,1200,gene_533,0.36875
DiT,1200,gene_534,0.4375
DiT,1200,gene_535,0.2625
DiT,1200,gene_536,0.2875
DiT,1200,gene_537,0.4
DiT,1200,gene_538,0.44375
DiT,1200,gene_539,0.35625
DiT,1200,gene_540,0.44375
DiT,1200,gene_541,0.475
DiT,1200,gene_542,0.3
DiT,1200,gene_543,0.35
DiT,1200,gene_544,0.45
DiT,1200,gene_545,0.2875
DiT,1200,gene_546,0.375
DiT,1200,gene_547,0.4
DiT,1200,gene_548,0.31875
DiT,1200,gene_549,0.4
DiT,1200,gene_550,0.35625
DiT,1200,gene_551,0.375
DiT,1200,gene_552,0.45
DiT,1200,gene_553,0.21875
DiT,1200,gene_554,0.2875
DiT,1200,gene_555,0.33125
DiT,1200,gene_556,0.40625
DiT,1200,gene_557,0.33125
DiT,1200,gene_558,0.4
DiT,1200,gene_559,0.41875
DiT,1200,gene_560,0.3375
DiT,1200,gene_561,0.34375
DiT,1200,gene_562,0.475
DiT,1200,gene_563,0.38125
DiT,1200,gene_564,0.4125
DiT,1200,gene_565,0.40625
DiT,1200,gene_566,0.2875
DiT,1200,gene_567,0.30625
DiT,1200,gene_568,0.3875
DiT,1200,gene_569,0.4
DiT,1200,gene_570,0.34375
DiT,1200,gene_571,0.36875
DiT,1200,gene_572,0.38125
DiT,1200,gene_573,0.525
DiT,1200,gene_574,0.4625
DiT,1200,gene_575,0.31875
DiT,1200,gene_576,0.4125
DiT,1200,gene_577,0.44375
DiT,1200,gene_578,0.375
DiT,1200,gene_579,0.2
DiT,1200,gene_580,0.35625
DiT,1200,gene_581,0.30625
DiT,1200,gene_582,0.36875
DiT,1200,gene_583,0.4375
DiT,1200,gene_584,0.31875
DiT,1200,gene_585,0.34375
DiT,1200,gene_586,0.4625
DiT,1200,gene_587,0.26875
DiT,1200,gene_588,0.4125
DiT,1200,gene_589,0.23125
DiT,1200,gene_590,0.325
DiT,1200,gene_591,0.35625
DiT,1200,gene_592,0.24375
DiT,1200,gene_593,0.36875
DiT,1200,gene_594,0.4
DiT,1200,gene_595,0.35625
DiT,1200,gene_596,0.3625
DiT,1200,gene_597,0.45
DiT,1200,gene_598,0.29375
DiT,1200,gene_599,0.38125
DiT,1200,gene_600,0.3
DiT,1200,gene_601,0.3
DiT,1200,gene_602,0.3875
DiT,1200,gene_603,0.3375
DiT,1200,gene_604,0.35625
DiT,1200,gene_605,0.36875
DiT,1200,gene_606,0.4125
DiT,1200,gene_607,0.2375
DiT,1200,gene_608,0.575
DiT,1200,gene_609,0.4
DiT,1200,gene_610,0.36875
DiT,1200,gene_611,0.4625
DiT,1200,gene_612,0.43125
DiT,1200,gene_613,0.43125
DiT,1200,gene_614,0.4125
DiT,1200,gene_615,0.2875
DiT,1200,gene_616,0.3
DiT,1200,gene_617,0.3
DiT,1200,gene_618,0.45
DiT,1200,gene_619,0.35625
DiT,1200,gene_620,0.35
DiT,1200,gene_621,0.43125
DiT,1200,gene_622,0.3625
DiT,1200,gene_623,0.3625
DiT,1200,gene_624,0.2875
DiT,1200,gene_625,0.3875
DiT,1200,gene_626,0.475
DiT,1200,gene_627,0.25
DiT,1200,gene_628,0.375
DiT,1200,gene_629,0.3125
DiT,1200,gene_630,0.35
DiT,1200,gene_631,0.39375
DiT,1200,gene_632,0.36875
DiT,1200,gene_633,0.325
DiT,1200,gene_634,0.44375
DiT,1200,gene_635,0.4125
DiT,1200,gene_636,0.3125
DiT,1200,gene_637,0.36875
DiT,1200,gene_638,0.325
DiT,1200,gene_639,0.40625
DiT,1200,gene_640,0.41875
DiT,1200,gene_641,0.25
DiT,1200,gene_642,0.46875
DiT,1200,gene_643,0.51875
DiT,1200,gene_644,0.43125
DiT,1200,gene_645,0.31875
DiT,1200,gene_646,0.4125
DiT,1200,gene_647,0.29375
DiT,1200,gene_648,0.28125
DiT,1200,gene_649,0.3375
DiT,1200,gene_650,0.3875
DiT,1200,gene_651,0.36875
DiT,1200,gene_652,0.48125
DiT,1200,gene_653,0.36875
DiT,1200,gene_654,0.4375
DiT,1200,gene_655,0.275
DiT,1200,gene_656,0.33125
DiT,1200,gene_657,0.43125
DiT,1200,gene_658,0.26875
DiT,1200,gene_659,0.25
DiT,1200,gene_660,0.425
DiT,1200,gene_661,0.36875
DiT,1200,gene_662,0.4375
DiT,1200,gene_663,0.4375
DiT,1200,gene_664,0.38125
DiT,1200,gene_665,0.45625
DiT,1200,gene_666,0.25
DiT,1200,gene_667,0.4
DiT,1200,gene_668,0.36875
DiT,1200,gene_669,0.31875
DiT,1200,gene_670,0.28125
DiT,1200,gene_671,0.43125
DiT,1200,gene_672,0.34375
DiT,1200,gene_673,0.4625
DiT,1200,gene_674,0.4375
DiT,1200,gene_675,0.46875
DiT,1200,gene_676,0.4
DiT,1200,gene_677,0.33125
DiT,1200,gene_678,0.475
DiT,1200,gene_679,0.4375
DiT,1200,gene_680,0.54375
DiT,1200,gene_681,0.375
DiT,1200,gene_682,0.4875
DiT,1200,gene_683,0.3125
DiT,1200,gene_684,0.33125
DiT,1200,gene_685,0.41875
DiT,1200,gene_686,0.34375
DiT,1200,gene_687,0.55625
DiT,1200,gene_688,0.30625
DiT,1200,gene_689,0.4125
DiT,1200,gene_690,0.3375
DiT,1200,gene_691,0.38125
DiT,1200,gene_692,0.50625
DiT,1200,gene_693,0.3125
DiT,1200,gene_694,0.4625
DiT,1200,gene_695,0.4625
DiT,1200,gene_696,0.43125
DiT,1200,gene_697,0.3875
DiT,1200,gene_698,0.34375
DiT,1200,gene_699,0.3625
DiT,1200,gene_700,0.34375
DiT,1200,gene_701,0.45625
DiT,1200,gene_702,0.4125
DiT,1200,gene_703,0.46875
DiT,1200,gene_704,0.34375
DiT,1200,gene_705,0.5125
DiT,1200,gene_706,0.3875
DiT,1200,gene_707,0.3875
DiT,1200,gene_708,0.55
DiT,1200,gene_709,0.40625
DiT,1200,gene_710,0.35625
DiT,1200,gene_711,0.36875
DiT,1200,gene_712,0.275
DiT,1200,gene_713,0.30625
DiT,1200,gene_714,0.2125
DiT,1200,gene_715,0.3625
DiT,1200,gene_716,0.375
DiT,1200,gene_717,0.39375
DiT,1200,gene_718,0.2875
DiT,1200,gene_719,0.33125
DiT,1200,gene_720,0.45625
DiT,1200,gene_721,0.50625
DiT,1200,gene_722,0.48125
DiT,1200,gene_723,0.3125
DiT,1200,gene_724,0.3375
DiT,1200,gene_725,0.38125
DiT,1200,gene_726,0.29375
DiT,1200,gene_727,0.45
DiT,1200,gene_728,0.56875
DiT,1200,gene_729,0.38125
DiT,1200,gene_730,0.1875
DiT,1200,gene_731,0.4875
DiT,1200,gene_732,0.3125
DiT,1200,gene_733,0.4875
DiT,1200,gene_734,0.5
DiT,1200,gene_735,0.48125
DiT,1200,gene_736,0.35
DiT,1200,gene_737,0.35
DiT,1200,gene_738,0.4375
DiT,1200,gene_739,0.25
DiT,1200,gene_740,0.33125
DiT,1200,gene_741,0.41875
DiT,1200,gene_742,0.3625
DiT,1200,gene_743,0.44375
DiT,1200,gene_744,0.44375
DiT,1200,gene_745,0.2375
DiT,1200,gene_746,0.39375
DiT,1200,gene_747,0.525
DiT,1200,gene_748,0.2625
DiT,1200,gene_749,0.4125
DiT,1200,gene_750,0.25
DiT,1200,gene_751,0.34375
DiT,1200,gene_752,0.3875
DiT,1200,gene_753,0.35
DiT,1200,gene_754,0.33125
DiT,1200,gene_755,0.24375
DiT,1200,gene_756,0.4
DiT,1200,gene_757,0.36875
DiT,1200,gene_758,0.3375
DiT,1200,gene_759,0.325
DiT,1200,gene_760,0.4375
DiT,1200,gene_761,0.35
DiT,1200,gene_762,0.4625
DiT,1200,gene_763,0.2375
DiT,1200,gene_764,0.375
DiT,1200,gene_765,0.45
DiT,1200,gene_766,0.3875
DiT,1200,gene_767,0.29375
DiT,1200,gene_768,0.43125
DiT,1200,gene_769,0.43125
DiT,1200,gene_770,0.45625
DiT,1200,gene_771,0.39375
DiT,1200,gene_772,0.4125
DiT,1200,gene_773,0.2875
DiT,1200,gene_774,0.3125
DiT,1200,gene_775,0.3625
DiT,1200,gene_776,0.5
DiT,1200,gene_777,0.45
DiT,1200,gene_778,0.4375
DiT,1200,gene_779,0.34375
DiT,1200,gene_780,0.35
DiT,1200,gene_781,0.4125
DiT,1200,gene_782,0.39375
DiT,1200,gene_783,0.44375
DiT,1200,gene_784,0.33125
DiT,1200,gene_785,0.38125
DiT,1200,gene_786,0.36875
DiT,1200,gene_787,0.31875
DiT,1200,gene_788,0.48125
DiT,1200,gene_789,0.3
DiT,1200,gene_790,0.38125
DiT,1200,gene_791,0.3875
DiT,1200,gene_792,0.34375
DiT,1200,gene_793,0.51875
DiT,1200,gene_794,0.4125
DiT,1200,gene_795,0.35
DiT,1200,gene_796,0.36875
DiT,1200,gene_797,0.4
DiT,1200,gene_798,0.30625
DiT,1200,gene_799,0.4625
DiT,1200,gene_800,0.25
DiT,1200,gene_801,0.425
DiT,1200,gene_802,0.2875
DiT,1200,gene_803,0.3625
DiT,1200,gene_804,0.4125
DiT,1200,gene_805,0.23125
DiT,1200,gene_806,0.2125
DiT,1200,gene_807,0.4125
DiT,1200,gene_808,0.3375
DiT,1200,gene_809,0.3875
DiT,1200,gene_810,0.34375
DiT,1200,gene_811,0.33125
DiT,1200,gene_812,0.34375
DiT,1200,gene_813,0.26875
DiT,1200,gene_814,0.39375
DiT,1200,gene_815,0.39375
DiT,1200,gene_816,0.35625
DiT,1200,gene_817,0.3125
DiT,1200,gene_818,0.30625
DiT,1200,gene_819,0.44375
DiT,1200,gene_820,0.4
DiT,1200,gene_821,0.325
DiT,1200,gene_822,0.46875
DiT,1200,gene_823,0.3125
DiT,1200,gene_824,0.3
DiT,1200,gene_825,0.28125
DiT,1200,gene_826,0.40625
DiT,1200,gene_827,0.35625
DiT,1200,gene_828,0.44375
DiT,1200,gene_829,0.3625
DiT,1200,gene_830,0.4
DiT,1200,gene_831,0.4
DiT,1200,gene_832,0.3625
DiT,1200,gene_833,0.3875
DiT,1200,gene_834,0.3875
DiT,1200,gene_835,0.19375
DiT,1200,gene_836,0.31875
DiT,1200,gene_837,0.39375
DiT,1200,gene_838,0.35
DiT,1200,gene_839,0.4625
DiT,1200,gene_840,0.29375
DiT,1200,gene_841,0.35
DiT,1200,gene_842,0.3125
DiT,1200,gene_843,0.39375
DiT,1200,gene_844,0.5
DiT,1200,gene_845,0.38125
DiT,1200,gene_846,0.45625
DiT,1200,gene_847,0.225
DiT,1200,gene_848,0.2625
DiT,1200,gene_849,0.3625
DiT,1200,gene_850,0.3875
DiT,1200,gene_851,0.4
DiT,1200,gene_852,0.53125
DiT,1200,gene_853,0.43125
DiT,1200,gene_854,0.48125
DiT,1200,gene_855,0.45625
DiT,1200,gene_856,0.5
DiT,1200,gene_857,0.46875
DiT,1200,gene_858,0.3125
DiT,1200,gene_859,0.38125
DiT,1200,gene_860,0.425
DiT,1200,gene_861,0.4875
DiT,1200,gene_862,0.43125
DiT,1200,gene_863,0.44375
DiT,1200,gene_864,0.48125
DiT,1200,gene_865,0.33125
DiT,1200,gene_866,0.2875
DiT,1200,gene_867,0.39375
DiT,1200,gene_868,0.41875
DiT,1200,gene_869,0.53125
DiT,1200,gene_870,0.48125
DiT,1200,gene_871,0.275
DiT,1200,gene_872,0.54375
DiT,1200,gene_873,0.4125
DiT,1200,gene_874,0.46875
DiT,1200,gene_875,0.30625
DiT,1200,gene_876,0.4
DiT,1200,gene_877,0.5
DiT,1200,gene_878,0.3625
DiT,1200,gene_879,0.34375
DiT,1200,gene_880,0.475
DiT,1200,gene_881,0.45
DiT,1200,gene_882,0.38125
DiT,1200,gene_883,0.35625
DiT,1200,gene_884,0.375
DiT,1200,gene_885,0.4
DiT,1200,gene_886,0.325
DiT,1200,gene_887,0.36875
DiT,1200,gene_888,0.45625
DiT,1200,gene_889,0.225
DiT,1200,gene_890,0.4375
DiT,1200,gene_891,0.36875
DiT,1200,gene_892,0.28125
DiT,1200,gene_893,0.3375
DiT,1200,gene_894,0.34375
DiT,1200,gene_895,0.275
DiT,1200,gene_896,0.31875
DiT,1200,gene_897,0.45625
DiT,1200,gene_898,0.425
DiT,1200,gene_899,0.4375
DiT,1200,gene_900,0.4
DiT,1200,gene_901,0.34375
DiT,1200,gene_902,0.4375
DiT,1200,gene_903,0.3375
DiT,1200,gene_904,0.36875
DiT,1200,gene_905,0.34375
DiT,1200,gene_906,0.29375
DiT,1200,gene_907,0.55
DiT,1200,gene_908,0.48125
DiT,1200,gene_909,0.40625
DiT,1200,gene_910,0.33125
DiT,1200,gene_911,0.46875
DiT,1200,gene_912,0.43125
DiT,1200,gene_913,0.44375
DiT,1200,gene_914,0.30625
DiT,1200,gene_915,0.325
DiT,1200,gene_916,0.46875
DiT,1200,gene_917,0.375
DiT,1200,gene_918,0.36875
DiT,1200,gene_919,0.3875
DiT,1200,gene_920,0.41875
DiT,1200,gene_921,0.38125
DiT,1200,gene_922,0.41875
DiT,1200,gene_923,0.31875
DiT,1200,gene_924,0.35625
DiT,1200,gene_925,0.375
DiT,1200,gene_926,0.4375
DiT,1200,gene_927,0.35625
DiT,1200,gene_928,0.39375
DiT,1200,gene_929,0.21875
DiT,1200,gene_930,0.30625
DiT,1200,gene_931,0.35625
DiT,1200,gene_932,0.18125
DiT,1200,gene_933,0.3375
DiT,1200,gene_934,0.5
DiT,1200,gene_935,0.3125
DiT,1200,gene_936,0.44375
DiT,1200,gene_937,0.4
DiT,1200,gene_938,0.44375
DiT,1200,gene_939,0.3
DiT,1200,gene_940,0.50625
DiT,1200,gene_941,0.39375
DiT,1200,gene_942,0.375
DiT,1200,gene_943,0.3375
DiT,1200,gene_944,0.43125
DiT,1200,gene_945,0.325
DiT,1200,gene_946,0.39375
DiT,1200,gene_947,0.275
DiT,1200,gene_948,0.4
DiT,1200,gene_949,0.38125
DiT,1200,gene_950,0.375
DiT,1200,gene_951,0.55625
DiT,1200,gene_952,0.34375
DiT,1200,gene_953,0.41875
DiT,1200,gene_954,0.35
DiT,1200,gene_955,0.39375
DiT,1200,gene_956,0.45
DiT,1200,gene_957,0.44375
DiT,1200,gene_958,0.2625
DiT,1200,gene_959,0.35
DiT,1200,gene_960,0.375
DiT,1200,gene_961,0.39375
DiT,1200,gene_962,0.4125
DiT,1200,gene_963,0.4375
DiT,1200,gene_964,0.475
DiT,1200,gene_965,0.35625
DiT,1200,gene_966,0.3625
DiT,1200,gene_967,0.48125
DiT,1200,gene_968,0.3125
DiT,1200,gene_969,0.49375
DiT,1200,gene_970,0.3875
DiT,1200,gene_971,0.45625
DiT,1200,gene_972,0.2625
DiT,1200,gene_973,0.3875
DiT,1200,gene_974,0.35
DiT,1200,gene_975,0.34375
DiT,1200,gene_976,0.48125
DiT,1200,gene_977,0.5
DiT,1200,gene_978,0.2125
DiT,1200,gene_979,0.41875
DiT,1200,gene_980,0.3
DiT,1200,gene_981,0.45
DiT,1200,gene_982,0.30625
DiT,1200,gene_983,0.26875
DiT,1200,gene_984,0.34375
DiT,1200,gene_985,0.35
DiT,1200,gene_986,0.4
DiT,1200,gene_987,0.26875
DiT,1200,gene_988,0.45625
DiT,1200,gene_989,0.35
DiT,1200,gene_990,0.33125
DiT,1200,gene_991,0.16875
DiT,1200,gene_992,0.3625
DiT,1200,gene_993,0.49375
DiT,1200,gene_994,0.36875
DiT,1200,gene_995,0.3
DiT,1200,gene_996,0.325
DiT,1200,gene_997,0.1875
DiT,1200,gene_998,0.30625
DiT,1200,gene_999,0.34375
DiT,1200,gene_1000,0.35625
DiT,1050,gene_1,0.33125
DiT,1050,gene_2,0.44375
DiT,1050,gene_3,0.36875
DiT,1050,gene_4,0.45625
DiT,1050,gene_5,0.44375
DiT,1050,gene_6,0.475
DiT,1050,gene_7,0.58125
DiT,1050,gene_8,0.425
DiT,1050,gene_9,0.36875
DiT,1050,gene_10,0.38125
DiT,1050,gene_11,0.43125
DiT,1050,gene_12,0.5125
DiT,1050,gene_13,0.38125
DiT,1050,gene_14,0.2875
DiT,1050,gene_15,0.3875
DiT,1050,gene_16,0.3375
DiT,1050,gene_17,0.54375
DiT,1050,gene_18,0.575
DiT,1050,gene_19,0.51875
DiT,1050,gene_20,0.4
DiT,1050,gene_21,0.36875
DiT,1050,gene_22,0.3625
DiT,1050,gene_23,0.4375
DiT,1050,gene_24,0.525
DiT,1050,gene_25,0.3875
DiT,1050,gene_26,0.5375
DiT,1050,gene_27,0.39375
DiT,1050,gene_28,0.5375
DiT,1050,gene_29,0.38125
DiT,1050,gene_30,0.45625
DiT,1050,gene_31,0.375
DiT,1050,gene_32,0.49375
DiT,1050,gene_33,0.48125
DiT,1050,gene_34,0.23125
DiT,1050,gene_35,0.40625
DiT,1050,gene_36,0.2625
DiT,1050,gene_37,0.5125
DiT,1050,gene_38,0.46875
DiT,1050,gene_39,0.50625
DiT,1050,gene_40,0.44375
DiT,1050,gene_41,0.36875
DiT,1050,gene_42,0.56875
DiT,1050,gene_43,0.43125
DiT,1050,gene_44,0.2625
DiT,1050,gene_45,0.28125
DiT,1050,gene_46,0.39375
DiT,1050,gene_47,0.51875
DiT,1050,gene_48,0.43125
DiT,1050,gene_49,0.48125
DiT,1050,gene_50,0.4
DiT,1050,gene_51,0.40625
DiT,1050,gene_52,0.4375
DiT,1050,gene_53,0.45625
DiT,1050,gene_54,0.50625
DiT,1050,gene_55,0.45625
DiT,1050,gene_56,0.425
DiT,1050,gene_57,0.41875
DiT,1050,gene_58,0.25625
DiT,1050,gene_59,0.46875
DiT,1050,gene_60,0.40625
DiT,1050,gene_61,0.4875
DiT,1050,gene_62,0.4875
DiT,1050,gene_63,0.4
DiT,1050,gene_64,0.3875
DiT,1050,gene_65,0.375
DiT,1050,gene_66,0.50625
DiT,1050,gene_67,0.40625
DiT,1050,gene_68,0.46875
DiT,1050,gene_69,0.5625
DiT,1050,gene_70,0.475
DiT,1050,gene_71,0.48125
DiT,1050,gene_72,0.44375
DiT,1050,gene_73,0.45625
DiT,1050,gene_74,0.525
DiT,1050,gene_75,0.46875
DiT,1050,gene_76,0.43125
DiT,1050,gene_77,0.35
DiT,1050,gene_78,0.4125
DiT,1050,gene_79,0.35
DiT,1050,gene_80,0.45
DiT,1050,gene_81,0.4875
DiT,1050,gene_82,0.4375
DiT,1050,gene_83,0.3875
DiT,1050,gene_84,0.38125
DiT,1050,gene_85,0.35625
DiT,1050,gene_86,0.49375
DiT,1050,gene_87,0.525
DiT,1050,gene_88,0.4375
DiT,1050,gene_89,0.36875
DiT,1050,gene_90,0.3875
DiT,1050,gene_91,0.3625
DiT,1050,gene_92,0.38125
DiT,1050,gene_93,0.44375
DiT,1050,gene_94,0.2375
DiT,1050,gene_95,0.35
DiT,1050,gene_96,0.33125
DiT,1050,gene_97,0.49375
DiT,1050,gene_98,0.35625
DiT,1050,gene_99,0.49375
DiT,1050,gene_100,0.225
DiT,1050,gene_101,0.50625
DiT,1050,gene_102,0.39375
DiT,1050,gene_103,0.40625
DiT,1050,gene_104,0.40625
DiT,1050,gene_105,0.5875
DiT,1050,gene_106,0.2
DiT,1050,gene_107,0.26875
DiT,1050,gene_108,0.5
DiT,1050,gene_109,0.39375
DiT,1050,gene_110,0.4625
DiT,1050,gene_111,0.4375
DiT,1050,gene_112,0.5
DiT,1050,gene_113,0.46875
DiT,1050,gene_114,0.4125
DiT,1050,gene_115,0.4875
DiT,1050,gene_116,0.275
DiT,1050,gene_117,0.28125
DiT,1050,gene_118,0.50625
DiT,1050,gene_119,0.5
DiT,1050,gene_120,0.34375
DiT,1050,gene_121,0.35
DiT,1050,gene_122,0.4625
DiT,1050,gene_123,0.5375
DiT,1050,gene_124,0.39375
DiT,1050,gene_125,0.35625
DiT,1050,gene_126,0.43125
DiT,1050,gene_127,0.4375
DiT,1050,gene_128,0.54375
DiT,1050,gene_129,0.38125
DiT,1050,gene_130,0.3875
DiT,1050,gene_131,0.41875
DiT,1050,gene_132,0.4375
DiT,1050,gene_133,0.5875
DiT,1050,gene_134,0.55
DiT,1050,gene_135,0.35
DiT,1050,gene_136,0.1875
DiT,1050,gene_137,0.39375
DiT,1050,gene_138,0.53125
DiT,1050,gene_139,0.56875
DiT,1050,gene_140,0.45
DiT,1050,gene_141,0.4125
DiT,1050,gene_142,0.33125
DiT,1050,gene_143,0.3125
DiT,1050,gene_144,0.2625
DiT,1050,gene_145,0.40625
DiT,1050,gene_146,0.41875
DiT,1050,gene_147,0.41875
DiT,1050,gene_148,0.275
DiT,1050,gene_149,0.34375
DiT,1050,gene_150,0.4125
DiT,1050,gene_151,0.55
DiT,1050,gene_152,0.4125
DiT,1050,gene_153,0.3875
DiT,1050,gene_154,0.4125
DiT,1050,gene_155,0.3875
DiT,1050,gene_156,0.40625
DiT,1050,gene_157,0.4
DiT,1050,gene_158,0.31875
DiT,1050,gene_159,0.4125
DiT,1050,gene_160,0.5
DiT,1050,gene_161,0.59375
DiT,1050,gene_162,0.55625
DiT,1050,gene_163,0.2875
DiT,1050,gene_164,0.41875
DiT,1050,gene_165,0.43125
DiT,1050,gene_166,0.64375
DiT,1050,gene_167,0.41875
DiT,1050,gene_168,0.4
DiT,1050,gene_169,0.45
DiT,1050,gene_170,0.25
DiT,1050,gene_171,0.41875
DiT,1050,gene_172,0.34375
DiT,1050,gene_173,0.46875
DiT,1050,gene_174,0.55
DiT,1050,gene_175,0.3875
DiT,1050,gene_176,0.4125
DiT,1050,gene_177,0.49375
DiT,1050,gene_178,0.6
DiT,1050,gene_179,0.5125
DiT,1050,gene_180,0.25
DiT,1050,gene_181,0.29375
DiT,1050,gene_182,0.3375
DiT,1050,gene_183,0.40625
DiT,1050,gene_184,0.375
DiT,1050,gene_185,0.41875
DiT,1050,gene_186,0.475
DiT,1050,gene_187,0.36875
DiT,1050,gene_188,0.49375
DiT,1050,gene_189,0.4625
DiT,1050,gene_190,0.28125
DiT,1050,gene_191,0.5375
DiT,1050,gene_192,0.39375
DiT,1050,gene_193,0.475
DiT,1050,gene_194,0.55
DiT,1050,gene_195,0.4375
DiT,1050,gene_196,0.475
DiT,1050,gene_197,0.54375
DiT,1050,gene_198,0.35
DiT,1050,gene_199,0.4
DiT,1050,gene_200,0.25
DiT,1050,gene_201,0.4125
DiT,1050,gene_202,0.3
DiT,1050,gene_203,0.49375
DiT,1050,gene_204,0.41875
DiT,1050,gene_205,0.44375
DiT,1050,gene_206,0.5
DiT,1050,gene_207,0.35625
DiT,1050,gene_208,0.46875
DiT,1050,gene_209,0.44375
DiT,1050,gene_210,0.475
DiT,1050,gene_211,0.3375
DiT,1050,gene_212,0.44375
DiT,1050,gene_213,0.38125
DiT,1050,gene_214,0.38125
DiT,1050,gene_215,0.46875
DiT,1050,gene_216,0.58125
DiT,1050,gene_217,0.45
DiT,1050,gene_218,0.44375
DiT,1050,gene_219,0.50625
DiT,1050,gene_220,0.46875
DiT,1050,gene_221,0.44375
DiT,1050,gene_222,0.5
DiT,1050,gene_223,0.30625
DiT,1050,gene_224,0.425
DiT,1050,gene_225,0.26875
DiT,1050,gene_226,0.3875
DiT,1050,gene_227,0.1875
DiT,1050,gene_228,0.36875
DiT,1050,gene_229,0.3125
DiT,1050,gene_230,0.28125
DiT,1050,gene_231,0.49375
DiT,1050,gene_232,0.3125
DiT,1050,gene_233,0.30625
DiT,1050,gene_234,0.45625
DiT,1050,gene_235,0.5375
DiT,1050,gene_236,0.38125
DiT,1050,gene_237,0.43125
DiT,1050,gene_238,0.475
DiT,1050,gene_239,0.5375
DiT,1050,gene_240,0.43125
DiT,1050,gene_241,0.48125
DiT,1050,gene_242,0.43125
DiT,1050,gene_243,0.38125
DiT,1050,gene_244,0.55625
DiT,1050,gene_245,0.33125
DiT,1050,gene_246,0.48125
DiT,1050,gene_247,0.43125
DiT,1050,gene_248,0.3625
DiT,1050,gene_249,0.45625
DiT,1050,gene_250,0.51875
DiT,1050,gene_251,0.3625
DiT,1050,gene_252,0.4625
DiT,1050,gene_253,0.425
DiT,1050,gene_254,0.4125
DiT,1050,gene_255,0.54375
DiT,1050,gene_256,0.4875
DiT,1050,gene_257,0.5
DiT,1050,gene_258,0.475
DiT,1050,gene_259,0.39375
DiT,1050,gene_260,0.43125
DiT,1050,gene_261,0.475
DiT,1050,gene_262,0.3875
DiT,1050,gene_263,0.4375
DiT,1050,gene_264,0.50625
DiT,1050,gene_265,0.4875
DiT,1050,gene_266,0.35625
DiT,1050,gene_267,0.5125
DiT,1050,gene_268,0.33125
DiT,1050,gene_269,0.5
DiT,1050,gene_270,0.3875
DiT,1050,gene_271,0.425
DiT,1050,gene_272,0.3375
DiT,1050,gene_273,0.19375
DiT,1050,gene_274,0.375
DiT,1050,gene_275,0.5375
DiT,1050,gene_276,0.425
DiT,1050,gene_277,0.63125
DiT,1050,gene_278,0.23125
DiT,1050,gene_279,0.50625
DiT,1050,gene_280,0.46875
DiT,1050,gene_281,0.3875
DiT,1050,gene_282,0.4125
DiT,1050,gene_283,0.4125
DiT,1050,gene_284,0.55
DiT,1050,gene_285,0.39375
DiT,1050,gene_286,0.4375
DiT,1050,gene_287,0.3875
DiT,1050,gene_288,0.41875
DiT,1050,gene_289,0.5875
DiT,1050,gene_290,0.30625
DiT,1050,gene_291,0.43125
DiT,1050,gene_292,0.5375
DiT,1050,gene_293,0.55625
DiT,1050,gene_294,0.4375
DiT,1050,gene_295,0.425
DiT,1050,gene_296,0.53125
DiT,1050,gene_297,0.43125
DiT,1050,gene_298,0.3375
DiT,1050,gene_299,0.39375
DiT,1050,gene_300,0.5375
DiT,1050,gene_301,0.5125
DiT,1050,gene_302,0.45625
DiT,1050,gene_303,0.25625
DiT,1050,gene_304,0.4125
DiT,1050,gene_305,0.23125
DiT,1050,gene_306,0.525
DiT,1050,gene_307,0.58125
DiT,1050,gene_308,0.55625
DiT,1050,gene_309,0.48125
DiT,1050,gene_310,0.43125
DiT,1050,gene_311,0.325
DiT,1050,gene_312,0.49375
DiT,1050,gene_313,0.46875
DiT,1050,gene_314,0.3625
DiT,1050,gene_315,0.425
DiT,1050,gene_316,0.35625
DiT,1050,gene_317,0.5375
DiT,1050,gene_318,0.425
DiT,1050,gene_319,0.2875
DiT,1050,gene_320,0.49375
DiT,1050,gene_321,0.36875
DiT,1050,gene_322,0.39375
DiT,1050,gene_323,0.56875
DiT,1050,gene_324,0.45
DiT,1050,gene_325,0.4375
DiT,1050,gene_326,0.30625
DiT,1050,gene_327,0.4625
DiT,1050,gene_328,0.25625
DiT,1050,gene_329,0.46875
DiT,1050,gene_330,0.55625
DiT,1050,gene_331,0.36875
DiT,1050,gene_332,0.2375
DiT,1050,gene_333,0.41875
DiT,1050,gene_334,0.31875
DiT,1050,gene_335,0.28125
DiT,1050,gene_336,0.35625
DiT,1050,gene_337,0.3375
DiT,1050,gene_338,0.45
DiT,1050,gene_339,0.325
DiT,1050,gene_340,0.425
DiT,1050,gene_341,0.4625
DiT,1050,gene_342,0.5875
DiT,1050,gene_343,0.325
DiT,1050,gene_344,0.35625
DiT,1050,gene_345,0.33125
DiT,1050,gene_346,0.24375
DiT,1050,gene_347,0.43125
DiT,1050,gene_348,0.46875
DiT,1050,gene_349,0.3375
DiT,1050,gene_350,0.45625
DiT,1050,gene_351,0.49375
DiT,1050,gene_352,0.28125
DiT,1050,gene_353,0.5375
DiT,1050,gene_354,0.5125
DiT,1050,gene_355,0.21875
DiT,1050,gene_356,0.425
DiT,1050,gene_357,0.3875
DiT,1050,gene_358,0.54375
DiT,1050,gene_359,0.5375
DiT,1050,gene_360,0.31875
DiT,1050,gene_361,0.3625
DiT,1050,gene_362,0.4125
DiT,1050,gene_363,0.48125
DiT,1050,gene_364,0.54375
DiT,1050,gene_365,0.35625
DiT,1050,gene_366,0.43125
DiT,1050,gene_367,0.55625
DiT,1050,gene_368,0.51875
DiT,1050,gene_369,0.475
DiT,1050,gene_370,0.49375
DiT,1050,gene_371,0.51875
DiT,1050,gene_372,0.41875
DiT,1050,gene_373,0.325
DiT,1050,gene_374,0.54375
DiT,1050,gene_375,0.5875
DiT,1050,gene_376,0.46875
DiT,1050,gene_377,0.5125
DiT,1050,gene_378,0.4
DiT,1050,gene_379,0.45
DiT,1050,gene_380,0.375
DiT,1050,gene_381,0.5625
DiT,1050,gene_382,0.38125
DiT,1050,gene_383,0.45625
DiT,1050,gene_384,0.3375
DiT,1050,gene_385,0.4625
DiT,1050,gene_386,0.48125
DiT,1050,gene_387,0.5
DiT,1050,gene_388,0.48125
DiT,1050,gene_389,0.40625
DiT,1050,gene_390,0.4875
DiT,1050,gene_391,0.46875
DiT,1050,gene_392,0.44375
DiT,1050,gene_393,0.33125
DiT,1050,gene_394,0.45625
DiT,1050,gene_395,0.3625
DiT,1050,gene_396,0.35
DiT,1050,gene_397,0.55625
DiT,1050,gene_398,0.36875
DiT,1050,gene_399,0.34375
DiT,1050,gene_400,0.4625
DiT,1050,gene_401,0.375
DiT,1050,gene_402,0.34375
DiT,1050,gene_403,0.49375
DiT,1050,gene_404,0.3125
DiT,1050,gene_405,0.40625
DiT,1050,gene_406,0.35
DiT,1050,gene_407,0.41875
DiT,1050,gene_408,0.51875
DiT,1050,gene_409,0.2875
DiT,1050,gene_410,0.4
DiT,1050,gene_411,0.24375
DiT,1050,gene_412,0.53125
DiT,1050,gene_413,0.45
DiT,1050,gene_414,0.45625
DiT,1050,gene_415,0.35625
DiT,1050,gene_416,0.48125
DiT,1050,gene_417,0.31875
DiT,1050,gene_418,0.2875
DiT,1050,gene_419,0.2875
DiT,1050,gene_420,0.48125
DiT,1050,gene_421,0.425
DiT,1050,gene_422,0.49375
DiT,1050,gene_423,0.45
DiT,1050,gene_424,0.5875
DiT,1050,gene_425,0.5
DiT,1050,gene_426,0.4625
DiT,1050,gene_427,0.36875
DiT,1050,gene_428,0.39375
DiT,1050,gene_429,0.4625
DiT,1050,gene_430,0.35
DiT,1050,gene_431,0.5375
DiT,1050,gene_432,0.4875
DiT,1050,gene_433,0.45
DiT,1050,gene_434,0.5875
DiT,1050,gene_435,0.375
DiT,1050,gene_436,0.31875
DiT,1050,gene_437,0.45625
DiT,1050,gene_438,0.36875
DiT,1050,gene_439,0.54375
DiT,1050,gene_440,0.48125
DiT,1050,gene_441,0.36875
DiT,1050,gene_442,0.35
DiT,1050,gene_443,0.40625
DiT,1050,gene_444,0.40625
DiT,1050,gene_445,0.4125
DiT,1050,gene_446,0.525
DiT,1050,gene_447,0.36875
DiT,1050,gene_448,0.43125
DiT,1050,gene_449,0.43125
DiT,1050,gene_450,0.4875
DiT,1050,gene_451,0.53125
DiT,1050,gene_452,0.35
DiT,1050,gene_453,0.3375
DiT,1050,gene_454,0.275
DiT,1050,gene_455,0.4125
DiT,1050,gene_456,0.45625
DiT,1050,gene_457,0.25625
DiT,1050,gene_458,0.3625
DiT,1050,gene_459,0.44375
DiT,1050,gene_460,0.46875
DiT,1050,gene_461,0.375
DiT,1050,gene_462,0.3375
DiT,1050,gene_463,0.49375
DiT,1050,gene_464,0.525
DiT,1050,gene_465,0.45
DiT,1050,gene_466,0.44375
DiT,1050,gene_467,0.4
DiT,1050,gene_468,0.4375
DiT,1050,gene_469,0.54375
DiT,1050,gene_470,0.5375
DiT,1050,gene_471,0.2875
DiT,1050,gene_472,0.35
DiT,1050,gene_473,0.425
DiT,1050,gene_474,0.375
DiT,1050,gene_475,0.46875
DiT,1050,gene_476,0.4875
DiT,1050,gene_477,0.3875
DiT,1050,gene_478,0.30625
DiT,1050,gene_479,0.45625
DiT,1050,gene_480,0.45625
DiT,1050,gene_481,0.525
DiT,1050,gene_482,0.3625
DiT,1050,gene_483,0.4125
DiT,1050,gene_484,0.4625
DiT,1050,gene_485,0.55625
DiT,1050,gene_486,0.48125
DiT,1050,gene_487,0.43125
DiT,1050,gene_488,0.36875
DiT,1050,gene_489,0.30625
DiT,1050,gene_490,0.4
DiT,1050,gene_491,0.4625
DiT,1050,gene_492,0.4625
DiT,1050,gene_493,0.5375
DiT,1050,gene_494,0.36875
DiT,1050,gene_495,0.45
DiT,1050,gene_496,0.38125
DiT,1050,gene_497,0.46875
DiT,1050,gene_498,0.29375
DiT,1050,gene_499,0.375
DiT,1050,gene_500,0.325
DiT,1050,gene_501,0.50625
DiT,1050,gene_502,0.3875
DiT,1050,gene_503,0.51875
DiT,1050,gene_504,0.45
DiT,1050,gene_505,0.4
DiT,1050,gene_506,0.4
DiT,1050,gene_507,0.5625
DiT,1050,gene_508,0.45
DiT,1050,gene_509,0.55
DiT,1050,gene_510,0.2
DiT,1050,gene_511,0.53125
DiT,1050,gene_512,0.3875
DiT,1050,gene_513,0.30625
DiT,1050,gene_514,0.3875
DiT,1050,gene_515,0.5375
DiT,1050,gene_516,0.46875
DiT,1050,gene_517,0.4125
DiT,1050,gene_518,0.36875
DiT,1050,gene_519,0.31875
DiT,1050,gene_520,0.36875
DiT,1050,gene_521,0.4
DiT,1050,gene_522,0.3625
DiT,1050,gene_523,0.31875
DiT,1050,gene_524,0.4375
DiT,1050,gene_525,0.46875
DiT,1050,gene_526,0.5
DiT,1050,gene_527,0.4375
DiT,1050,gene_528,0.43125
DiT,1050,gene_529,0.53125
DiT,1050,gene_530,0.46875
DiT,1050,gene_531,0.58125
DiT,1050,gene_532,0.50625
DiT,1050,gene_533,0.4125
DiT,1050,gene_534,0.4375
DiT,1050,gene_535,0.4375
DiT,1050,gene_536,0.575
DiT,1050,gene_537,0.48125
DiT,1050,gene_538,0.425
DiT,1050,gene_539,0.425
DiT,1050,gene_540,0.3375
DiT,1050,gene_541,0.33125
DiT,1050,gene_542,0.4375
DiT,1050,gene_543,0.21875
DiT,1050,gene_544,0.46875
DiT,1050,gene_545,0.48125
DiT,1050,gene_546,0.41875
DiT,1050,gene_547,0.35625
DiT,1050,gene_548,0.3875
DiT,1050,gene_549,0.425
DiT,1050,gene_550,0.35625
DiT,1050,gene_551,0.4125
DiT,1050,gene_552,0.24375
DiT,1050,gene_553,0.5625
DiT,1050,gene_554,0.41875
DiT,1050,gene_555,0.31875
DiT,1050,gene_556,0.44375
DiT,1050,gene_557,0.425
DiT,1050,gene_558,0.4875
DiT,1050,gene_559,0.44375
DiT,1050,gene_560,0.31875
DiT,1050,gene_561,0.525
DiT,1050,gene_562,0.3625
DiT,1050,gene_563,0.3875
DiT,1050,gene_564,0.50625
DiT,1050,gene_565,0.2
DiT,1050,gene_566,0.49375
DiT,1050,gene_567,0.575
DiT,1050,gene_568,0.25625
DiT,1050,gene_569,0.4
DiT,1050,gene_570,0.375
DiT,1050,gene_571,0.4
DiT,1050,gene_572,0.3625
DiT,1050,gene_573,0.29375
DiT,1050,gene_574,0.3625
DiT,1050,gene_575,0.475
DiT,1050,gene_576,0.375
DiT,1050,gene_577,0.525
DiT,1050,gene_578,0.5625
DiT,1050,gene_579,0.51875
DiT,1050,gene_580,0.53125
DiT,1050,gene_581,0.4125
DiT,1050,gene_582,0.61875
DiT,1050,gene_583,0.41875
DiT,1050,gene_584,0.45625
DiT,1050,gene_585,0.39375
DiT,1050,gene_586,0.49375
DiT,1050,gene_587,0.50625
DiT,1050,gene_588,0.375
DiT,1050,gene_589,0.25
DiT,1050,gene_590,0.325
DiT,1050,gene_591,0.425
DiT,1050,gene_592,0.4
DiT,1050,gene_593,0.4625
DiT,1050,gene_594,0.38125
DiT,1050,gene_595,0.25
DiT,1050,gene_596,0.38125
DiT,1050,gene_597,0.50625
DiT,1050,gene_598,0.49375
DiT,1050,gene_599,0.38125
DiT,1050,gene_600,0.44375
DiT,1050,gene_601,0.51875
DiT,1050,gene_602,0.36875
DiT,1050,gene_603,0.55625
DiT,1050,gene_604,0.55
DiT,1050,gene_605,0.44375
DiT,1050,gene_606,0.425
DiT,1050,gene_607,0.3375
DiT,1050,gene_608,0.3875
DiT,1050,gene_609,0.43125
DiT,1050,gene_610,0.48125
DiT,1050,gene_611,0.325
DiT,1050,gene_612,0.45625
DiT,1050,gene_613,0.23125
DiT,1050,gene_614,0.4
DiT,1050,gene_615,0.36875
DiT,1050,gene_616,0.30625
DiT,1050,gene_617,0.51875
DiT,1050,gene_618,0.29375
DiT,1050,gene_619,0.34375
DiT,1050,gene_620,0.39375
DiT,1050,gene_621,0.40625
DiT,1050,gene_622,0.5125
DiT,1050,gene_623,0.45625
DiT,1050,gene_624,0.45625
DiT,1050,gene_625,0.4125
DiT,1050,gene_626,0.48125
DiT,1050,gene_627,0.45625
DiT,1050,gene_628,0.35
DiT,1050,gene_629,0.4875
DiT,1050,gene_630,0.475
DiT,1050,gene_631,0.5375
DiT,1050,gene_632,0.53125
DiT,1050,gene_633,0.53125
DiT,1050,gene_634,0.3875
DiT,1050,gene_635,0.18125
DiT,1050,gene_636,0.425
DiT,1050,gene_637,0.44375
DiT,1050,gene_638,0.5
DiT,1050,gene_639,0.25
DiT,1050,gene_640,0.54375
DiT,1050,gene_641,0.55625
DiT,1050,gene_642,0.55
DiT,1050,gene_643,0.45625
DiT,1050,gene_644,0.30625
DiT,1050,gene_645,0.44375
DiT,1050,gene_646,0.40625
DiT,1050,gene_647,0.46875
DiT,1050,gene_648,0.39375
DiT,1050,gene_649,0.41875
DiT,1050,gene_650,0.49375
DiT,1050,gene_651,0.5
DiT,1050,gene_652,0.36875
DiT,1050,gene_653,0.525
DiT,1050,gene_654,0.35625
DiT,1050,gene_655,0.39375
DiT,1050,gene_656,0.34375
DiT,1050,gene_657,0.375
DiT,1050,gene_658,0.5875
DiT,1050,gene_659,0.49375
DiT,1050,gene_660,0.53125
DiT,1050,gene_661,0.43125
DiT,1050,gene_662,0.36875
DiT,1050,gene_663,0.35625
DiT,1050,gene_664,0.4625
DiT,1050,gene_665,0.41875
DiT,1050,gene_666,0.43125
DiT,1050,gene_667,0.30625
DiT,1050,gene_668,0.475
DiT,1050,gene_669,0.33125
DiT,1050,gene_670,0.41875
DiT,1050,gene_671,0.45625
DiT,1050,gene_672,0.5875
DiT,1050,gene_673,0.4375
DiT,1050,gene_674,0.49375
DiT,1050,gene_675,0.45625
DiT,1050,gene_676,0.44375
DiT,1050,gene_677,0.4875
DiT,1050,gene_678,0.45
DiT,1050,gene_679,0.31875
DiT,1050,gene_680,0.36875
DiT,1050,gene_681,0.43125
DiT,1050,gene_682,0.25625
DiT,1050,gene_683,0.38125
DiT,1050,gene_684,0.5
DiT,1050,gene_685,0.26875
DiT,1050,gene_686,0.34375
DiT,1050,gene_687,0.2375
DiT,1050,gene_688,0.48125
DiT,1050,gene_689,0.49375
DiT,1050,gene_690,0.35625
DiT,1050,gene_691,0.50625
DiT,1050,gene_692,0.45
DiT,1050,gene_693,0.44375
DiT,1050,gene_694,0.475
DiT,1050,gene_695,0.48125
DiT,1050,gene_696,0.55625
DiT,1050,gene_697,0.35625
DiT,1050,gene_698,0.41875
DiT,1050,gene_699,0.4625
DiT,1050,gene_700,0.45625
DiT,1050,gene_701,0.3
DiT,1050,gene_702,0.4375
DiT,1050,gene_703,0.43125
DiT,1050,gene_704,0.53125
DiT,1050,gene_705,0.4875
DiT,1050,gene_706,0.4125
DiT,1050,gene_707,0.45625
DiT,1050,gene_708,0.3625
DiT,1050,gene_709,0.4875
DiT,1050,gene_710,0.5125
DiT,1050,gene_711,0.39375
DiT,1050,gene_712,0.56875
DiT,1050,gene_713,0.45
DiT,1050,gene_714,0.375
DiT,1050,gene_715,0.525
DiT,1050,gene_716,0.475
DiT,1050,gene_717,0.5375
DiT,1050,gene_718,0.45625
DiT,1050,gene_719,0.35
DiT,1050,gene_720,0.5875
DiT,1050,gene_721,0.30625
DiT,1050,gene_722,0.36875
DiT,1050,gene_723,0.575
DiT,1050,gene_724,0.60625
DiT,1050,gene_725,0.44375
DiT,1050,gene_726,0.4375
DiT,1050,gene_727,0.475
DiT,1050,gene_728,0.5125
DiT,1050,gene_729,0.6
DiT,1050,gene_730,0.40625
DiT,1050,gene_731,0.3625
DiT,1050,gene_732,0.4625
DiT,1050,gene_733,0.4875
DiT,1050,gene_734,0.28125
DiT,1050,gene_735,0.28125
DiT,1050,gene_736,0.53125
DiT,1050,gene_737,0.44375
DiT,1050,gene_738,0.44375
DiT,1050,gene_739,0.25625
DiT,1050,gene_740,0.45625
DiT,1050,gene_741,0.21875
DiT,1050,gene_742,0.3375
DiT,1050,gene_743,0.45
DiT,1050,gene_744,0.45
DiT,1050,gene_745,0.34375
DiT,1050,gene_746,0.3625
DiT,1050,gene_747,0.3375
DiT,1050,gene_748,0.39375
DiT,1050,gene_749,0.43125
DiT,1050,gene_750,0.50625
DiT,1050,gene_751,0.44375
DiT,1050,gene_752,0.2375
DiT,1050,gene_753,0.49375
DiT,1050,gene_754,0.31875
DiT,1050,gene_755,0.30625
DiT,1050,gene_756,0.25
DiT,1050,gene_757,0.40625
DiT,1050,gene_758,0.425
DiT,1050,gene_759,0.375
DiT,1050,gene_760,0.5
DiT,1050,gene_761,0.45625
DiT,1050,gene_762,0.5125
DiT,1050,gene_763,0.5625
DiT,1050,gene_764,0.45625
DiT,1050,gene_765,0.31875
DiT,1050,gene_766,0.34375
DiT,1050,gene_767,0.48125
DiT,1050,gene_768,0.40625
DiT,1050,gene_769,0.46875
DiT,1050,gene_770,0.30625
DiT,1050,gene_771,0.40625
DiT,1050,gene_772,0.50625
DiT,1050,gene_773,0.53125
DiT,1050,gene_774,0.475
DiT,1050,gene_775,0.41875
DiT,1050,gene_776,0.45
DiT,1050,gene_777,0.45
DiT,1050,gene_778,0.50625
DiT,1050,gene_779,0.33125
DiT,1050,gene_780,0.46875
DiT,1050,gene_781,0.39375
DiT,1050,gene_782,0.45
DiT,1050,gene_783,0.53125
DiT,1050,gene_784,0.41875
DiT,1050,gene_785,0.49375
DiT,1050,gene_786,0.36875
DiT,1050,gene_787,0.5125
DiT,1050,gene_788,0.41875
DiT,1050,gene_789,0.375
DiT,1050,gene_790,0.3125
DiT,1050,gene_791,0.43125
DiT,1050,gene_792,0.4125
DiT,1050,gene_793,0.43125
DiT,1050,gene_794,0.28125
DiT,1050,gene_795,0.53125
DiT,1050,gene_796,0.48125
DiT,1050,gene_797,0.33125
DiT,1050,gene_798,0.3625
DiT,1050,gene_799,0.45625
DiT,1050,gene_800,0.5125
DiT,1050,gene_801,0.24375
DiT,1050,gene_802,0.45625
DiT,1050,gene_803,0.49375
DiT,1050,gene_804,0.45
DiT,1050,gene_805,0.33125
DiT,1050,gene_806,0.49375
DiT,1050,gene_807,0.35
DiT,1050,gene_808,0.48125
DiT,1050,gene_809,0.54375
DiT,1050,gene_810,0.3875
DiT,1050,gene_811,0.61875
DiT,1050,gene_812,0.43125
DiT,1050,gene_813,0.4125
DiT,1050,gene_814,0.25625
DiT,1050,gene_815,0.45
DiT,1050,gene_816,0.46875
DiT,1050,gene_817,0.4125
DiT,1050,gene_818,0.35625
DiT,1050,gene_819,0.31875
DiT,1050,gene_820,0.45
DiT,1050,gene_821,0.4
DiT,1050,gene_822,0.5
DiT,1050,gene_823,0.46875
DiT,1050,gene_824,0.4125
DiT,1050,gene_825,0.41875
DiT,1050,gene_826,0.35625
DiT,1050,gene_827,0.59375
DiT,1050,gene_828,0.56875
DiT,1050,gene_829,0.4125
DiT,1050,gene_830,0.5625
DiT,1050,gene_831,0.3625
DiT,1050,gene_832,0.3875
DiT,1050,gene_833,0.41875
DiT,1050,gene_834,0.6375
DiT,1050,gene_835,0.36875
DiT,1050,gene_836,0.45
DiT,1050,gene_837,0.39375
DiT,1050,gene_838,0.3375
DiT,1050,gene_839,0.48125
DiT,1050,gene_840,0.4
DiT,1050,gene_841,0.5875
DiT,1050,gene_842,0.4125
DiT,1050,gene_843,0.35
DiT,1050,gene_844,0.375
DiT,1050,gene_845,0.33125
DiT,1050,gene_846,0.3625
DiT,1050,gene_847,0.3375
DiT,1050,gene_848,0.31875
DiT,1050,gene_849,0.5
DiT,1050,gene_850,0.49375
DiT,1050,gene_851,0.41875
DiT,1050,gene_852,0.48125
DiT,1050,gene_853,0.33125
DiT,1050,gene_854,0.4625
DiT,1050,gene_855,0.45625
DiT,1050,gene_856,0.2625
DiT,1050,gene_857,0.4375
DiT,1050,gene_858,0.425
DiT,1050,gene_859,0.45625
DiT,1050,gene_860,0.36875
DiT,1050,gene_861,0.43125
DiT,1050,gene_862,0.51875
DiT,1050,gene_863,0.45625
DiT,1050,gene_864,0.25
DiT,1050,gene_865,0.55
DiT,1050,gene_866,0.41875
DiT,1050,gene_867,0.51875
DiT,1050,gene_868,0.49375
DiT,1050,gene_869,0.50625
DiT,1050,gene_870,0.35
DiT,1050,gene_871,0.46875
DiT,1050,gene_872,0.34375
DiT,1050,gene_873,0.275
DiT,1050,gene_874,0.4625
DiT,1050,gene_875,0.2125
DiT,1050,gene_876,0.6125
DiT,1050,gene_877,0.43125
DiT,1050,gene_878,0.4375
DiT,1050,gene_879,0.45625
DiT,1050,gene_880,0.3875
DiT,1050,gene_881,0.56875
DiT,1050,gene_882,0.55
DiT,1050,gene_883,0.425
DiT,1050,gene_884,0.3375
DiT,1050,gene_885,0.3375
DiT,1050,gene_886,0.36875
DiT,1050,gene_887,0.425
DiT,1050,gene_888,0.48125
DiT,1050,gene_889,0.4875
DiT,1050,gene_890,0.45625
DiT,1050,gene_891,0.39375
DiT,1050,gene_892,0.3875
DiT,1050,gene_893,0.50625
DiT,1050,gene_894,0.425
DiT,1050,gene_895,0.29375
DiT,1050,gene_896,0.3875
DiT,1050,gene_897,0.35
DiT,1050,gene_898,0.3875
DiT,1050,gene_899,0.5
DiT,1050,gene_900,0.2125
DiT,1050,gene_901,0.53125
DiT,1050,gene_902,0.3875
DiT,1050,gene_903,0.325
DiT,1050,gene_904,0.375
DiT,1050,gene_905,0.4875
DiT,1050,gene_906,0.38125
DiT,1050,gene_907,0.50625
DiT,1050,gene_908,0.46875
DiT,1050,gene_909,0.3875
DiT,1050,gene_910,0.4
DiT,1050,gene_911,0.48125
DiT,1050,gene_912,0.5
DiT,1050,gene_913,0.2375
DiT,1050,gene_914,0.3
DiT,1050,gene_915,0.38125
DiT,1050,gene_916,0.225
DiT,1050,gene_917,0.50625
DiT,1050,gene_918,0.475
DiT,1050,gene_919,0.41875
DiT,1050,gene_920,0.4375
DiT,1050,gene_921,0.41875
DiT,1050,gene_922,0.45
DiT,1050,gene_923,0.48125
DiT,1050,gene_924,0.50625
DiT,1050,gene_925,0.41875
DiT,1050,gene_926,0.3375
DiT,1050,gene_927,0.46875
DiT,1050,gene_928,0.48125
DiT,1050,gene_929,0.53125
DiT,1050,gene_930,0.3875
DiT,1050,gene_931,0.4625
DiT,1050,gene_932,0.40625
DiT,1050,gene_933,0.39375
DiT,1050,gene_934,0.46875
DiT,1050,gene_935,0.3625
DiT,1050,gene_936,0.5125
DiT,1050,gene_937,0.5625
DiT,1050,gene_938,0.38125
DiT,1050,gene_939,0.5
DiT,1050,gene_940,0.3
DiT,1050,gene_941,0.4625
DiT,1050,gene_942,0.48125
DiT,1050,gene_943,0.29375
DiT,1050,gene_944,0.50625
DiT,1050,gene_945,0.3375
DiT,1050,gene_946,0.225
DiT,1050,gene_947,0.34375
DiT,1050,gene_948,0.3625
DiT,1050,gene_949,0.26875
DiT,1050,gene_950,0.4875
DiT,1050,gene_951,0.325
DiT,1050,gene_952,0.35
DiT,1050,gene_953,0.44375
DiT,1050,gene_954,0.3875
DiT,1050,gene_955,0.4125
DiT,1050,gene_956,0.33125
DiT,1050,gene_957,0.40625
DiT,1050,gene_958,0.3125
DiT,1050,gene_959,0.28125
DiT,1050,gene_960,0.51875
DiT,1050,gene_961,0.4875
DiT,1050,gene_962,0.41875
DiT,1050,gene_963,0.43125
DiT,1050,gene_964,0.35
DiT,1050,gene_965,0.46875
DiT,1050,gene_966,0.3875
DiT,1050,gene_967,0.45
DiT,1050,gene_968,0.50625
DiT,1050,gene_969,0.5
DiT,1050,gene_970,0.44375
DiT,1050,gene_971,0.4875
DiT,1050,gene_972,0.2875
DiT,1050,gene_973,0.49375
DiT,1050,gene_974,0.43125
DiT,1050,gene_975,0.38125
DiT,1050,gene_976,0.40625
DiT,1050,gene_977,0.475
DiT,1050,gene_978,0.5125
DiT,1050,gene_979,0.31875
DiT,1050,gene_980,0.45
DiT,1050,gene_981,0.425
DiT,1050,gene_982,0.4125
DiT,1050,gene_983,0.45625
DiT,1050,gene_984,0.45
DiT,1050,gene_985,0.33125
DiT,1050,gene_986,0.39375
DiT,1050,gene_987,0.41875
DiT,1050,gene_988,0.375
DiT,1050,gene_989,0.41875
DiT,1050,gene_990,0.5375
DiT,1050,gene_991,0.56875
DiT,1050,gene_992,0.39375
DiT,1050,gene_993,0.2
DiT,1050,gene_994,0.40625
DiT,1050,gene_995,0.56875
DiT,1050,gene_996,0.49375
DiT,1050,gene_997,0.44375
DiT,1050,gene_998,0.4125
DiT,1050,gene_999,0.36875
DiT,1050,gene_1000,0.58125
DDPM,900,gene_1,0.325
DDPM,900,gene_2,0.41875
DDPM,900,gene_3,0.41875
DDPM,900,gene_4,0.24375
DDPM,900,gene_5,0.375
DDPM,900,gene_6,0.3
DDPM,900,gene_7,0.38125
DDPM,900,gene_8,0.28125
DDPM,900,gene_9,0.4625
DDPM,900,gene_10,0.49375
DDPM,900,gene_11,0.50625
DDPM,900,gene_12,0.4375
DDPM,900,gene_13,0.26875
DDPM,900,gene_14,0.31875
DDPM,900,gene_15,0.33125
DDPM,900,gene_16,0.51875
DDPM,900,gene_17,0.19375
DDPM,900,gene_18,0.4875
DDPM,900,gene_19,0.40625
DDPM,900,gene_20,0.38125
DDPM,900,gene_21,0.45
DDPM,900,gene_22,0.43125
DDPM,900,gene_23,0.4625
DDPM,900,gene_24,0.4
DDPM,900,gene_25,0.3875
DDPM,900,gene_26,0.35625
DDPM,900,gene_27,0.5875
DDPM,900,gene_28,0.28125
DDPM,900,gene_29,0.40625
DDPM,900,gene_30,0.4625
DDPM,900,gene_31,0.25
DDPM,900,gene_32,0.30625
DDPM,900,gene_33,0.4125
DDPM,900,gene_34,0.45625
DDPM,900,gene_35,0.3375
DDPM,900,gene_36,0.35625
DDPM,900,gene_37,0.44375
DDPM,900,gene_38,0.44375
DDPM,900,gene_39,0.325
DDPM,900,gene_40,0.50625
DDPM,900,gene_41,0.45
DDPM,900,gene_42,0.41875
DDPM,900,gene_43,0.39375
DDPM,900,gene_44,0.425
DDPM,900,gene_45,0.48125
DDPM,900,gene_46,0.45625
DDPM,900,gene_47,0.50625
DDPM,900,gene_48,0.375
DDPM,900,gene_49,0.38125
DDPM,900,gene_50,0.4
DDPM,900,gene_51,0.38125
DDPM,900,gene_52,0.375
DDPM,900,gene_53,0.46875
DDPM,900,gene_54,0.46875
DDPM,900,gene_55,0.39375
DDPM,900,gene_56,0.46875
DDPM,900,gene_57,0.4875
DDPM,900,gene_58,0.43125
DDPM,900,gene_59,0.45
DDPM,900,gene_60,0.50625
DDPM,900,gene_61,0.39375
DDPM,900,gene_62,0.3625
DDPM,900,gene_63,0.48125
DDPM,900,gene_64,0.39375
DDPM,900,gene_65,0.49375
DDPM,900,gene_66,0.38125
DDPM,900,gene_67,0.38125
DDPM,900,gene_68,0.375
DDPM,900,gene_69,0.3625
DDPM,900,gene_70,0.2875
DDPM,900,gene_71,0.4125
DDPM,900,gene_72,0.3625
DDPM,900,gene_73,0.34375
DDPM,900,gene_74,0.51875
DDPM,900,gene_75,0.4
DDPM,900,gene_76,0.36875
DDPM,900,gene_77,0.33125
DDPM,900,gene_78,0.3375
DDPM,900,gene_79,0.35625
DDPM,900,gene_80,0.5625
DDPM,900,gene_81,0.4875
DDPM,900,gene_82,0.4125
DDPM,900,gene_83,0.48125
DDPM,900,gene_84,0.3375
DDPM,900,gene_85,0.39375
DDPM,900,gene_86,0.35
DDPM,900,gene_87,0.39375
DDPM,900,gene_88,0.29375
DDPM,900,gene_89,0.29375
DDPM,900,gene_90,0.4125
DDPM,900,gene_91,0.38125
DDPM,900,gene_92,0.4375
DDPM,900,gene_93,0.36875
DDPM,900,gene_94,0.51875
DDPM,900,gene_95,0.31875
DDPM,900,gene_96,0.5625
DDPM,900,gene_97,0.475
DDPM,900,gene_98,0.31875
DDPM,900,gene_99,0.5125
DDPM,900,gene_100,0.4375
DDPM,900,gene_101,0.44375
DDPM,900,gene_102,0.5
DDPM,900,gene_103,0.39375
DDPM,900,gene_104,0.4875
DDPM,900,gene_105,0.4125
DDPM,900,gene_106,0.5
DDPM,900,gene_107,0.34375
DDPM,900,gene_108,0.39375
DDPM,900,gene_109,0.30625
DDPM,900,gene_110,0.5
DDPM,900,gene_111,0.35
DDPM,900,gene_112,0.3625
DDPM,900,gene_113,0.4625
DDPM,900,gene_114,0.53125
DDPM,900,gene_115,0.4625
DDPM,900,gene_116,0.50625
DDPM,900,gene_117,0.36875
DDPM,900,gene_118,0.35
DDPM,900,gene_119,0.33125
DDPM,900,gene_120,0.43125
DDPM,900,gene_121,0.45625
DDPM,900,gene_122,0.375
DDPM,900,gene_123,0.4375
DDPM,900,gene_124,0.3875
DDPM,900,gene_125,0.3375
DDPM,900,gene_126,0.4
DDPM,900,gene_127,0.30625
DDPM,900,gene_128,0.3875
DDPM,900,gene_129,0.4125
DDPM,900,gene_130,0.275
DDPM,900,gene_131,0.44375
DDPM,900,gene_132,0.4125
DDPM,900,gene_133,0.19375
DDPM,900,gene_134,0.375
DDPM,900,gene_135,0.2375
DDPM,900,gene_136,0.41875
DDPM,900,gene_137,0.325
DDPM,900,gene_138,0.38125
DDPM,900,gene_139,0.425
DDPM,900,gene_140,0.39375
DDPM,900,gene_141,0.2125
DDPM,900,gene_142,0.425
DDPM,900,gene_143,0.4
DDPM,900,gene_144,0.3375
DDPM,900,gene_145,0.38125
DDPM,900,gene_146,0.375
DDPM,900,gene_147,0.3
DDPM,900,gene_148,0.43125
DDPM,900,gene_149,0.3375
DDPM,900,gene_150,0.4375
DDPM,900,gene_151,0.5125
DDPM,900,gene_152,0.4625
DDPM,900,gene_153,0.40625
DDPM,900,gene_154,0.43125
DDPM,900,gene_155,0.3
DDPM,900,gene_156,0.5375
DDPM,900,gene_157,0.54375
DDPM,900,gene_158,0.5375
DDPM,900,gene_159,0.48125
DDPM,900,gene_160,0.3625
DDPM,900,gene_161,0.5125
DDPM,900,gene_162,0.38125
DDPM,900,gene_163,0.36875
DDPM,900,gene_164,0.325
DDPM,900,gene_165,0.31875
DDPM,900,gene_166,0.3
DDPM,900,gene_167,0.4
DDPM,900,gene_168,0.44375
DDPM,900,gene_169,0.36875
DDPM,900,gene_170,0.4375
DDPM,900,gene_171,0.31875
DDPM,900,gene_172,0.4625
DDPM,900,gene_173,0.45
DDPM,900,gene_174,0.49375
DDPM,900,gene_175,0.4
DDPM,900,gene_176,0.43125
DDPM,900,gene_177,0.5125
DDPM,900,gene_178,0.50625
DDPM,900,gene_179,0.45
DDPM,900,gene_180,0.38125
DDPM,900,gene_181,0.35625
DDPM,900,gene_182,0.4875
DDPM,900,gene_183,0.41875
DDPM,900,gene_184,0.41875
DDPM,900,gene_185,0.375
DDPM,900,gene_186,0.4875
DDPM,900,gene_187,0.4625
DDPM,900,gene_188,0.35
DDPM,900,gene_189,0.46875
DDPM,900,gene_190,0.51875
DDPM,900,gene_191,0.41875
DDPM,900,gene_192,0.35625
DDPM,900,gene_193,0.50625
DDPM,900,gene_194,0.36875
DDPM,900,gene_195,0.43125
DDPM,900,gene_196,0.44375
DDPM,900,gene_197,0.45
DDPM,900,gene_198,0.38125
DDPM,900,gene_199,0.4
DDPM,900,gene_200,0.5875
DDPM,900,gene_201,0.4375
DDPM,900,gene_202,0.575
DDPM,900,gene_203,0.44375
DDPM,900,gene_204,0.2875
DDPM,900,gene_205,0.34375
DDPM,900,gene_206,0.38125
DDPM,900,gene_207,0.2875
DDPM,900,gene_208,0.54375
DDPM,900,gene_209,0.54375
DDPM,900,gene_210,0.50625
DDPM,900,gene_211,0.4875
DDPM,900,gene_212,0.35625
DDPM,900,gene_213,0.45
DDPM,900,gene_214,0.49375
DDPM,900,gene_215,0.36875
DDPM,900,gene_216,0.3875
DDPM,900,gene_217,0.4
DDPM,900,gene_218,0.275
DDPM,900,gene_219,0.49375
DDPM,900,gene_220,0.425
DDPM,900,gene_221,0.31875
DDPM,900,gene_222,0.375
DDPM,900,gene_223,0.3125
DDPM,900,gene_224,0.50625
DDPM,900,gene_225,0.35625
DDPM,900,gene_226,0.41875
DDPM,900,gene_227,0.3875
DDPM,900,gene_228,0.49375
DDPM,900,gene_229,0.36875
DDPM,900,gene_230,0.375
DDPM,900,gene_231,0.4875
DDPM,900,gene_232,0.38125
DDPM,900,gene_233,0.3
DDPM,900,gene_234,0.3625
DDPM,900,gene_235,0.4
DDPM,900,gene_236,0.4375
DDPM,900,gene_237,0.46875
DDPM,900,gene_238,0.38125
DDPM,900,gene_239,0.5
DDPM,900,gene_240,0.50625
DDPM,900,gene_241,0.45625
DDPM,900,gene_242,0.36875
DDPM,900,gene_243,0.325
DDPM,900,gene_244,0.51875
DDPM,900,gene_245,0.5125
DDPM,900,gene_246,0.44375
DDPM,900,gene_247,0.3875
DDPM,900,gene_248,0.475
DDPM,900,gene_249,0.39375
DDPM,900,gene_250,0.375
DDPM,900,gene_251,0.26875
DDPM,900,gene_252,0.5125
DDPM,900,gene_253,0.33125
DDPM,900,gene_254,0.48125
DDPM,900,gene_255,0.40625
DDPM,900,gene_256,0.30625
DDPM,900,gene_257,0.4875
DDPM,900,gene_258,0.45
DDPM,900,gene_259,0.45625
DDPM,900,gene_260,0.4625
DDPM,900,gene_261,0.35
DDPM,900,gene_262,0.51875
DDPM,900,gene_263,0.425
DDPM,900,gene_264,0.2875
DDPM,900,gene_265,0.3625
DDPM,900,gene_266,0.4625
DDPM,900,gene_267,0.5
DDPM,900,gene_268,0.425
DDPM,900,gene_269,0.40625
DDPM,900,gene_270,0.49375
DDPM,900,gene_271,0.4125
DDPM,900,gene_272,0.4625
DDPM,900,gene_273,0.425
DDPM,900,gene_274,0.35625
DDPM,900,gene_275,0.40625
DDPM,900,gene_276,0.4
DDPM,900,gene_277,0.33125
DDPM,900,gene_278,0.4
DDPM,900,gene_279,0.425
DDPM,900,gene_280,0.55
DDPM,900,gene_281,0.4125
DDPM,900,gene_282,0.33125
DDPM,900,gene_283,0.39375
DDPM,900,gene_284,0.4625
DDPM,900,gene_285,0.31875
DDPM,900,gene_286,0.4125
DDPM,900,gene_287,0.4125
DDPM,900,gene_288,0.36875
DDPM,900,gene_289,0.425
DDPM,900,gene_290,0.4125
DDPM,900,gene_291,0.36875
DDPM,900,gene_292,0.53125
DDPM,900,gene_293,0.38125
DDPM,900,gene_294,0.4125
DDPM,900,gene_295,0.525
DDPM,900,gene_296,0.29375
DDPM,900,gene_297,0.36875
DDPM,900,gene_298,0.425
DDPM,900,gene_299,0.25
DDPM,900,gene_300,0.3625
DDPM,900,gene_301,0.45625
DDPM,900,gene_302,0.45
DDPM,900,gene_303,0.425
DDPM,900,gene_304,0.2375
DDPM,900,gene_305,0.43125
DDPM,900,gene_306,0.26875
DDPM,900,gene_307,0.3125
DDPM,900,gene_308,0.4375
DDPM,900,gene_309,0.5
DDPM,900,gene_310,0.4625
DDPM,900,gene_311,0.325
DDPM,900,gene_312,0.425
DDPM,900,gene_313,0.36875
DDPM,900,gene_314,0.425
DDPM,900,gene_315,0.4875
DDPM,900,gene_316,0.4
DDPM,900,gene_317,0.39375
DDPM,900,gene_318,0.41875
DDPM,900,gene_319,0.4125
DDPM,900,gene_320,0.41875
DDPM,900,gene_321,0.40625
DDPM,900,gene_322,0.41875
DDPM,900,gene_323,0.3125
DDPM,900,gene_324,0.45625
DDPM,900,gene_325,0.36875
DDPM,900,gene_326,0.50625
DDPM,900,gene_327,0.39375
DDPM,900,gene_328,0.5375
DDPM,900,gene_329,0.45625
DDPM,900,gene_330,0.3625
DDPM,900,gene_331,0.4625
DDPM,900,gene_332,0.30625
DDPM,900,gene_333,0.45
DDPM,900,gene_334,0.4875
DDPM,900,gene_335,0.50625
DDPM,900,gene_336,0.38125
DDPM,900,gene_337,0.4625
DDPM,900,gene_338,0.525
DDPM,900,gene_339,0.45
DDPM,900,gene_340,0.26875
DDPM,900,gene_341,0.5
DDPM,900,gene_342,0.35
DDPM,900,gene_343,0.33125
DDPM,900,gene_344,0.44375
DDPM,900,gene_345,0.49375
DDPM,900,gene_346,0.4125
DDPM,900,gene_347,0.3125
DDPM,900,gene_348,0.5375
DDPM,900,gene_349,0.425
DDPM,900,gene_350,0.40625
DDPM,900,gene_351,0.26875
DDPM,900,gene_352,0.44375
DDPM,900,gene_353,0.46875
DDPM,900,gene_354,0.35625
DDPM,900,gene_355,0.425
DDPM,900,gene_356,0.39375
DDPM,900,gene_357,0.4125
DDPM,900,gene_358,0.51875
DDPM,900,gene_359,0.4875
DDPM,900,gene_360,0.3
DDPM,900,gene_361,0.4625
DDPM,900,gene_362,0.3125
DDPM,900,gene_363,0.5125
DDPM,900,gene_364,0.50625
DDPM,900,gene_365,0.3875
DDPM,900,gene_366,0.49375
DDPM,900,gene_367,0.325
DDPM,900,gene_368,0.49375
DDPM,900,gene_369,0.34375
DDPM,900,gene_370,0.35625
DDPM,900,gene_371,0.44375
DDPM,900,gene_372,0.30625
DDPM,900,gene_373,0.39375
DDPM,900,gene_374,0.24375
DDPM,900,gene_375,0.3375
DDPM,900,gene_376,0.4875
DDPM,900,gene_377,0.3375
DDPM,900,gene_378,0.40625
DDPM,900,gene_379,0.46875
DDPM,900,gene_380,0.39375
DDPM,900,gene_381,0.425
DDPM,900,gene_382,0.4375
DDPM,900,gene_383,0.3
DDPM,900,gene_384,0.46875
DDPM,900,gene_385,0.5375
DDPM,900,gene_386,0.28125
DDPM,900,gene_387,0.3625
DDPM,900,gene_388,0.3125
DDPM,900,gene_389,0.425
DDPM,900,gene_390,0.275
DDPM,900,gene_391,0.41875
DDPM,900,gene_392,0.35
DDPM,900,gene_393,0.40625
DDPM,900,gene_394,0.44375
DDPM,900,gene_395,0.53125
DDPM,900,gene_396,0.4375
DDPM,900,gene_397,0.50625
DDPM,900,gene_398,0.44375
DDPM,900,gene_399,0.60625
DDPM,900,gene_400,0.525
DDPM,900,gene_401,0.43125
DDPM,900,gene_402,0.35
DDPM,900,gene_403,0.29375
DDPM,900,gene_404,0.4
DDPM,900,gene_405,0.3875
DDPM,900,gene_406,0.40625
DDPM,900,gene_407,0.4875
DDPM,900,gene_408,0.4125
DDPM,900,gene_409,0.46875
DDPM,900,gene_410,0.56875
DDPM,900,gene_411,0.44375
DDPM,900,gene_412,0.4625
DDPM,900,gene_413,0.39375
DDPM,900,gene_414,0.34375
DDPM,900,gene_415,0.4875
DDPM,900,gene_416,0.375
DDPM,900,gene_417,0.39375
DDPM,900,gene_418,0.3
DDPM,900,gene_419,0.325
DDPM,900,gene_420,0.2625
DDPM,900,gene_421,0.475
DDPM,900,gene_422,0.28125
DDPM,900,gene_423,0.35
DDPM,900,gene_424,0.3625
DDPM,900,gene_425,0.54375
DDPM,900,gene_426,0.43125
DDPM,900,gene_427,0.525
DDPM,900,gene_428,0.49375
DDPM,900,gene_429,0.39375
DDPM,900,gene_430,0.31875
DDPM,900,gene_431,0.5
DDPM,900,gene_432,0.5125
DDPM,900,gene_433,0.3625
DDPM,900,gene_434,0.4625
DDPM,900,gene_435,0.375
DDPM,900,gene_436,0.35
DDPM,900,gene_437,0.45
DDPM,900,gene_438,0.4
DDPM,900,gene_439,0.50625
DDPM,900,gene_440,0.4375
DDPM,900,gene_441,0.2875
DDPM,900,gene_442,0.39375
DDPM,900,gene_443,0.38125
DDPM,900,gene_444,0.3875
DDPM,900,gene_445,0.5
DDPM,900,gene_446,0.49375
DDPM,900,gene_447,0.3
DDPM,900,gene_448,0.44375
DDPM,900,gene_449,0.39375
DDPM,900,gene_450,0.40625
DDPM,900,gene_451,0.44375
DDPM,900,gene_452,0.56875
DDPM,900,gene_453,0.5375
DDPM,900,gene_454,0.40625
DDPM,900,gene_455,0.525
DDPM,900,gene_456,0.5125
DDPM,900,gene_457,0.35625
DDPM,900,gene_458,0.33125
DDPM,900,gene_459,0.4625
DDPM,900,gene_460,0.5125
DDPM,900,gene_461,0.30625
DDPM,900,gene_462,0.425
DDPM,900,gene_463,0.325
DDPM,900,gene_464,0.44375
DDPM,900,gene_465,0.3875
DDPM,900,gene_466,0.225
DDPM,900,gene_467,0.35625
DDPM,900,gene_468,0.45625
DDPM,900,gene_469,0.35
DDPM,900,gene_470,0.49375
DDPM,900,gene_471,0.33125
DDPM,900,gene_472,0.31875
DDPM,900,gene_473,0.4375
DDPM,900,gene_474,0.3
DDPM,900,gene_475,0.34375
DDPM,900,gene_476,0.40625
DDPM,900,gene_477,0.49375
DDPM,900,gene_478,0.30625
DDPM,900,gene_479,0.25
DDPM,900,gene_480,0.34375
DDPM,900,gene_481,0.28125
DDPM,900,gene_482,0.5
DDPM,900,gene_483,0.45
DDPM,900,gene_484,0.4875
DDPM,900,gene_485,0.2
DDPM,900,gene_486,0.45625
DDPM,900,gene_487,0.2875
DDPM,900,gene_488,0.46875
DDPM,900,gene_489,0.45
DDPM,900,gene_490,0.3875
DDPM,900,gene_491,0.30625
DDPM,900,gene_492,0.5
DDPM,900,gene_493,0.36875
DDPM,900,gene_494,0.2625
DDPM,900,gene_495,0.40625
DDPM,900,gene_496,0.33125
DDPM,900,gene_497,0.43125
DDPM,900,gene_498,0.4875
DDPM,900,gene_499,0.53125
DDPM,900,gene_500,0.44375
DDPM,900,gene_501,0.51875
DDPM,900,gene_502,0.41875
DDPM,900,gene_503,0.4375
DDPM,900,gene_504,0.50625
DDPM,900,gene_505,0.41875
DDPM,900,gene_506,0.48125
DDPM,900,gene_507,0.3875
DDPM,900,gene_508,0.3625
DDPM,900,gene_509,0.35
DDPM,900,gene_510,0.43125
DDPM,900,gene_511,0.46875
DDPM,900,gene_512,0.46875
DDPM,900,gene_513,0.38125
DDPM,900,gene_514,0.3
DDPM,900,gene_515,0.29375
DDPM,900,gene_516,0.40625
DDPM,900,gene_517,0.46875
DDPM,900,gene_518,0.31875
DDPM,900,gene_519,0.45
DDPM,900,gene_520,0.38125
DDPM,900,gene_521,0.35
DDPM,900,gene_522,0.375
DDPM,900,gene_523,0.2625
DDPM,900,gene_524,0.2875
DDPM,900,gene_525,0.4875
DDPM,900,gene_526,0.45625
DDPM,900,gene_527,0.38125
DDPM,900,gene_528,0.4
DDPM,900,gene_529,0.4125
DDPM,900,gene_530,0.3125
DDPM,900,gene_531,0.49375
DDPM,900,gene_532,0.36875
DDPM,900,gene_533,0.4625
DDPM,900,gene_534,0.4625
DDPM,900,gene_535,0.39375
DDPM,900,gene_536,0.49375
DDPM,900,gene_537,0.4
DDPM,900,gene_538,0.50625
DDPM,900,gene_539,0.425
DDPM,900,gene_540,0.5375
DDPM,900,gene_541,0.4375
DDPM,900,gene_542,0.48125
DDPM,900,gene_543,0.425
DDPM,900,gene_544,0.4625
DDPM,900,gene_545,0.5625
DDPM,900,gene_546,0.45
DDPM,900,gene_547,0.5125
DDPM,900,gene_548,0.4625
DDPM,900,gene_549,0.3875
DDPM,900,gene_550,0.525
DDPM,900,gene_551,0.3125
DDPM,900,gene_552,0.2625
DDPM,900,gene_553,0.3625
DDPM,900,gene_554,0.54375
DDPM,900,gene_555,0.33125
DDPM,900,gene_556,0.3625
DDPM,900,gene_557,0.29375
DDPM,900,gene_558,0.3125
DDPM,900,gene_559,0.5
DDPM,900,gene_560,0.3375
DDPM,900,gene_561,0.40625
DDPM,900,gene_562,0.3375
DDPM,900,gene_563,0.41875
DDPM,900,gene_564,0.425
DDPM,900,gene_565,0.36875
DDPM,900,gene_566,0.58125
DDPM,900,gene_567,0.275
DDPM,900,gene_568,0.2625
DDPM,900,gene_569,0.40625
DDPM,900,gene_570,0.50625
DDPM,900,gene_571,0.4375
DDPM,900,gene_572,0.275
DDPM,900,gene_573,0.44375
DDPM,900,gene_574,0.35
DDPM,900,gene_575,0.38125
DDPM,900,gene_576,0.36875
DDPM,900,gene_577,0.51875
DDPM,900,gene_578,0.43125
DDPM,900,gene_579,0.39375
DDPM,900,gene_580,0.3625
DDPM,900,gene_581,0.46875
DDPM,900,gene_582,0.3875
DDPM,900,gene_583,0.38125
DDPM,900,gene_584,0.4625
DDPM,900,gene_585,0.575
DDPM,900,gene_586,0.4375
DDPM,900,gene_587,0.325
DDPM,900,gene_588,0.3
DDPM,900,gene_589,0.4375
DDPM,900,gene_590,0.3375
DDPM,900,gene_591,0.43125
DDPM,900,gene_592,0.41875
DDPM,900,gene_593,0.51875
DDPM,900,gene_594,0.53125
DDPM,900,gene_595,0.425
DDPM,900,gene_596,0.4125
DDPM,900,gene_597,0.5
DDPM,900,gene_598,0.5375
DDPM,900,gene_599,0.5
DDPM,900,gene_600,0.3875
DDPM,900,gene_601,0.49375
DDPM,900,gene_602,0.3125
DDPM,900,gene_603,0.49375
DDPM,900,gene_604,0.25625
DDPM,900,gene_605,0.325
DDPM,900,gene_606,0.38125
DDPM,900,gene_607,0.4
DDPM,900,gene_608,0.48125
DDPM,900,gene_609,0.5375
DDPM,900,gene_610,0.5
DDPM,900,gene_611,0.30625
DDPM,900,gene_612,0.43125
DDPM,900,gene_613,0.3625
DDPM,900,gene_614,0.44375
DDPM,900,gene_615,0.35625
DDPM,900,gene_616,0.28125
DDPM,900,gene_617,0.25625
DDPM,900,gene_618,0.35
DDPM,900,gene_619,0.4625
DDPM,900,gene_620,0.38125
DDPM,900,gene_621,0.43125
DDPM,900,gene_622,0.35625
DDPM,900,gene_623,0.44375
DDPM,900,gene_624,0.45
DDPM,900,gene_625,0.53125
DDPM,900,gene_626,0.53125
DDPM,900,gene_627,0.45
DDPM,900,gene_628,0.40625
DDPM,900,gene_629,0.375
DDPM,900,gene_630,0.425
DDPM,900,gene_631,0.28125
DDPM,900,gene_632,0.39375
DDPM,900,gene_633,0.425
DDPM,900,gene_634,0.375
DDPM,900,gene_635,0.51875
DDPM,900,gene_636,0.4625
DDPM,900,gene_637,0.4125
DDPM,900,gene_638,0.36875
DDPM,900,gene_639,0.41875
DDPM,900,gene_640,0.25
DDPM,900,gene_641,0.475
DDPM,900,gene_642,0.41875
DDPM,900,gene_643,0.58125
DDPM,900,gene_644,0.5875
DDPM,900,gene_645,0.5
DDPM,900,gene_646,0.48125
DDPM,900,gene_647,0.3875
DDPM,900,gene_648,0.43125
DDPM,900,gene_649,0.41875
DDPM,900,gene_650,0.56875
DDPM,900,gene_651,0.38125
DDPM,900,gene_652,0.41875
DDPM,900,gene_653,0.31875
DDPM,900,gene_654,0.3
DDPM,900,gene_655,0.4875
DDPM,900,gene_656,0.38125
DDPM,900,gene_657,0.4375
DDPM,900,gene_658,0.5125
DDPM,900,gene_659,0.3875
DDPM,900,gene_660,0.34375
DDPM,900,gene_661,0.3375
DDPM,900,gene_662,0.34375
DDPM,900,gene_663,0.3125
DDPM,900,gene_664,0.31875
DDPM,900,gene_665,0.4
DDPM,900,gene_666,0.4
DDPM,900,gene_667,0.4
DDPM,900,gene_668,0.34375
DDPM,900,gene_669,0.4625
DDPM,900,gene_670,0.39375
DDPM,900,gene_671,0.55625
DDPM,900,gene_672,0.39375
DDPM,900,gene_673,0.5
DDPM,900,gene_674,0.3625
DDPM,900,gene_675,0.46875
DDPM,900,gene_676,0.38125
DDPM,900,gene_677,0.475
DDPM,900,gene_678,0.43125
DDPM,900,gene_679,0.28125
DDPM,900,gene_680,0.3375
DDPM,900,gene_681,0.30625
DDPM,900,gene_682,0.51875
DDPM,900,gene_683,0.45625
DDPM,900,gene_684,0.2875
DDPM,900,gene_685,0.4
DDPM,900,gene_686,0.375
DDPM,900,gene_687,0.4
DDPM,900,gene_688,0.425
DDPM,900,gene_689,0.4375
DDPM,900,gene_690,0.36875
DDPM,900,gene_691,0.38125
DDPM,900,gene_692,0.4
DDPM,900,gene_693,0.40625
DDPM,900,gene_694,0.45625
DDPM,900,gene_695,0.5375
DDPM,900,gene_696,0.49375
DDPM,900,gene_697,0.275
DDPM,900,gene_698,0.41875
DDPM,900,gene_699,0.48125
DDPM,900,gene_700,0.3375
DDPM,900,gene_701,0.45625
DDPM,900,gene_702,0.625
DDPM,900,gene_703,0.525
DDPM,900,gene_704,0.48125
DDPM,900,gene_705,0.475
DDPM,900,gene_706,0.4375
DDPM,900,gene_707,0.3375
DDPM,900,gene_708,0.38125
DDPM,900,gene_709,0.41875
DDPM,900,gene_710,0.375
DDPM,900,gene_711,0.36875
DDPM,900,gene_712,0.48125
DDPM,900,gene_713,0.28125
DDPM,900,gene_714,0.35
DDPM,900,gene_715,0.43125
DDPM,900,gene_716,0.4375
DDPM,900,gene_717,0.50625
DDPM,900,gene_718,0.36875
DDPM,900,gene_719,0.55625
DDPM,900,gene_720,0.54375
DDPM,900,gene_721,0.45
DDPM,900,gene_722,0.38125
DDPM,900,gene_723,0.41875
DDPM,900,gene_724,0.40625
DDPM,900,gene_725,0.35
DDPM,900,gene_726,0.51875
DDPM,900,gene_727,0.4125
DDPM,900,gene_728,0.56875
DDPM,900,gene_729,0.4375
DDPM,900,gene_730,0.425
DDPM,900,gene_731,0.34375
DDPM,900,gene_732,0.3125
DDPM,900,gene_733,0.30625
DDPM,900,gene_734,0.44375
DDPM,900,gene_735,0.425
DDPM,900,gene_736,0.3125
DDPM,900,gene_737,0.2875
DDPM,900,gene_738,0.34375
DDPM,900,gene_739,0.23125
DDPM,900,gene_740,0.44375
DDPM,900,gene_741,0.4375
DDPM,900,gene_742,0.44375
DDPM,900,gene_743,0.3625
DDPM,900,gene_744,0.3375
DDPM,900,gene_745,0.48125
DDPM,900,gene_746,0.49375
DDPM,900,gene_747,0.45625
DDPM,900,gene_748,0.45625
DDPM,900,gene_749,0.275
DDPM,900,gene_750,0.48125
DDPM,900,gene_751,0.40625
DDPM,900,gene_752,0.43125
DDPM,900,gene_753,0.3625
DDPM,900,gene_754,0.40625
DDPM,900,gene_755,0.36875
DDPM,900,gene_756,0.33125
DDPM,900,gene_757,0.4375
DDPM,900,gene_758,0.40625
DDPM,900,gene_759,0.35625
DDPM,900,gene_760,0.35625
DDPM,900,gene_761,0.3
DDPM,900,gene_762,0.4625
DDPM,900,gene_763,0.35625
DDPM,900,gene_764,0.55
DDPM,900,gene_765,0.39375
DDPM,900,gene_766,0.43125
DDPM,900,gene_767,0.38125
DDPM,900,gene_768,0.50625
DDPM,900,gene_769,0.38125
DDPM,900,gene_770,0.30625
DDPM,900,gene_771,0.375
DDPM,900,gene_772,0.38125
DDPM,900,gene_773,0.33125
DDPM,900,gene_774,0.5
DDPM,900,gene_775,0.475
DDPM,900,gene_776,0.4375
DDPM,900,gene_777,0.21875
DDPM,900,gene_778,0.25
DDPM,900,gene_779,0.43125
DDPM,900,gene_780,0.3625
DDPM,900,gene_781,0.21875
DDPM,900,gene_782,0.35
DDPM,900,gene_783,0.45
DDPM,900,gene_784,0.4625
DDPM,900,gene_785,0.33125
DDPM,900,gene_786,0.3375
DDPM,900,gene_787,0.51875
DDPM,900,gene_788,0.45
DDPM,900,gene_789,0.26875
DDPM,900,gene_790,0.53125
DDPM,900,gene_791,0.4
DDPM,900,gene_792,0.41875
DDPM,900,gene_793,0.35
DDPM,900,gene_794,0.5
DDPM,900,gene_795,0.39375
DDPM,900,gene_796,0.45
DDPM,900,gene_797,0.26875
DDPM,900,gene_798,0.3125
DDPM,900,gene_799,0.38125
DDPM,900,gene_800,0.375
DDPM,900,gene_801,0.4875
DDPM,900,gene_802,0.44375
DDPM,900,gene_803,0.4625
DDPM,900,gene_804,0.3625
DDPM,900,gene_805,0.4125
DDPM,900,gene_806,0.43125
DDPM,900,gene_807,0.4875
DDPM,900,gene_808,0.45625
DDPM,900,gene_809,0.3375
DDPM,900,gene_810,0.4375
DDPM,900,gene_811,0.41875
DDPM,900,gene_812,0.375
DDPM,900,gene_813,0.36875
DDPM,900,gene_814,0.35625
DDPM,900,gene_815,0.475
DDPM,900,gene_816,0.3625
DDPM,900,gene_817,0.35625
DDPM,900,gene_818,0.475
DDPM,900,gene_819,0.40625
DDPM,900,gene_820,0.45625
DDPM,900,gene_821,0.375
DDPM,900,gene_822,0.61875
DDPM,900,gene_823,0.40625
DDPM,900,gene_824,0.43125
DDPM,900,gene_825,0.4
DDPM,900,gene_826,0.35625
DDPM,900,gene_827,0.45625
DDPM,900,gene_828,0.4
DDPM,900,gene_829,0.4125
DDPM,900,gene_830,0.4125
DDPM,900,gene_831,0.5125
DDPM,900,gene_832,0.525
DDPM,900,gene_833,0.35
DDPM,900,gene_834,0.54375
DDPM,900,gene_835,0.4125
DDPM,900,gene_836,0.45
DDPM,900,gene_837,0.41875
DDPM,900,gene_838,0.3875
DDPM,900,gene_839,0.29375
DDPM,900,gene_840,0.45625
DDPM,900,gene_841,0.44375
DDPM,900,gene_842,0.41875
DDPM,900,gene_843,0.43125
DDPM,900,gene_844,0.48125
DDPM,900,gene_845,0.44375
DDPM,900,gene_846,0.4375
DDPM,900,gene_847,0.46875
DDPM,900,gene_848,0.425
DDPM,900,gene_849,0.36875
DDPM,900,gene_850,0.375
DDPM,900,gene_851,0.45
DDPM,900,gene_852,0.38125
DDPM,900,gene_853,0.3625
DDPM,900,gene_854,0.35
DDPM,900,gene_855,0.43125
DDPM,900,gene_856,0.38125
DDPM,900,gene_857,0.4125
DDPM,900,gene_858,0.48125
DDPM,900,gene_859,0.49375
DDPM,900,gene_860,0.49375
DDPM,900,gene_861,0.375
DDPM,900,gene_862,0.4875
DDPM,900,gene_863,0.33125
DDPM,900,gene_864,0.41875
DDPM,900,gene_865,0.38125
DDPM,900,gene_866,0.4625
DDPM,900,gene_867,0.41875
DDPM,900,gene_868,0.4
DDPM,900,gene_869,0.40625
DDPM,900,gene_870,0.48125
DDPM,900,gene_871,0.4
DDPM,900,gene_872,0.4875
DDPM,900,gene_873,0.48125
DDPM,900,gene_874,0.21875
DDPM,900,gene_875,0.30625
DDPM,900,gene_876,0.6
DDPM,900,gene_877,0.34375
DDPM,900,gene_878,0.41875
DDPM,900,gene_879,0.3625
DDPM,900,gene_880,0.45
DDPM,900,gene_881,0.4125
DDPM,900,gene_882,0.475
DDPM,900,gene_883,0.41875
DDPM,900,gene_884,0.51875
DDPM,900,gene_885,0.44375
DDPM,900,gene_886,0.5
DDPM,900,gene_887,0.325
DDPM,900,gene_888,0.35625
DDPM,900,gene_889,0.4375
DDPM,900,gene_890,0.35625
DDPM,900,gene_891,0.44375
DDPM,900,gene_892,0.43125
DDPM,900,gene_893,0.46875
DDPM,900,gene_894,0.35625
DDPM,900,gene_895,0.43125
DDPM,900,gene_896,0.51875
DDPM,900,gene_897,0.38125
DDPM,900,gene_898,0.54375
DDPM,900,gene_899,0.4
DDPM,900,gene_900,0.55
DDPM,900,gene_901,0.30625
DDPM,900,gene_902,0.45
DDPM,900,gene_903,0.425
DDPM,900,gene_904,0.53125
DDPM,900,gene_905,0.40625
DDPM,900,gene_906,0.3
DDPM,900,gene_907,0.5125
DDPM,900,gene_908,0.44375
DDPM,900,gene_909,0.5125
DDPM,900,gene_910,0.3875
DDPM,900,gene_911,0.43125
DDPM,900,gene_912,0.44375
DDPM,900,gene_913,0.4125
DDPM,900,gene_914,0.53125
DDPM,900,gene_915,0.44375
DDPM,900,gene_916,0.45
DDPM,900,gene_917,0.425
DDPM,900,gene_918,0.2375
DDPM,900,gene_919,0.3625
DDPM,900,gene_920,0.39375
DDPM,900,gene_921,0.45625
DDPM,900,gene_922,0.54375
DDPM,900,gene_923,0.35625
DDPM,900,gene_924,0.375
DDPM,900,gene_925,0.36875
DDPM,900,gene_926,0.475
DDPM,900,gene_927,0.50625
DDPM,900,gene_928,0.38125
DDPM,900,gene_929,0.4
DDPM,900,gene_930,0.4
DDPM,900,gene_931,0.44375
DDPM,900,gene_932,0.48125
DDPM,900,gene_933,0.425
DDPM,900,gene_934,0.5625
DDPM,900,gene_935,0.35625
DDPM,900,gene_936,0.45
DDPM,900,gene_937,0.4375
DDPM,900,gene_938,0.4
DDPM,900,gene_939,0.3625
DDPM,900,gene_940,0.4125
DDPM,900,gene_941,0.36875
DDPM,900,gene_942,0.38125
DDPM,900,gene_943,0.45625
DDPM,900,gene_944,0.38125
DDPM,900,gene_945,0.3125
DDPM,900,gene_946,0.4125
DDPM,900,gene_947,0.48125
DDPM,900,gene_948,0.36875
DDPM,900,gene_949,0.33125
DDPM,900,gene_950,0.34375
DDPM,900,gene_951,0.3875
DDPM,900,gene_952,0.4125
DDPM,900,gene_953,0.48125
DDPM,900,gene_954,0.45
DDPM,900,gene_955,0.39375
DDPM,900,gene_956,0.4625
DDPM,900,gene_957,0.4625
DDPM,900,gene_958,0.4125
DDPM,900,gene_959,0.39375
DDPM,900,gene_960,0.40625
DDPM,900,gene_961,0.39375
DDPM,900,gene_962,0.23125
DDPM,900,gene_963,0.45625
DDPM,900,gene_964,0.50625
DDPM,900,gene_965,0.425
DDPM,900,gene_966,0.39375
DDPM,900,gene_967,0.49375
DDPM,900,gene_968,0.3625
DDPM,900,gene_969,0.50625
DDPM,900,gene_970,0.4375
DDPM,900,gene_971,0.48125
DDPM,900,gene_972,0.3875
DDPM,900,gene_973,0.30625
DDPM,900,gene_974,0.33125
DDPM,900,gene_975,0.4125
DDPM,900,gene_976,0.46875
DDPM,900,gene_977,0.28125
DDPM,900,gene_978,0.36875
DDPM,900,gene_979,0.48125
DDPM,900,gene_980,0.5875
DDPM,900,gene_981,0.4
DDPM,900,gene_982,0.5375
DDPM,900,gene_983,0.38125
DDPM,900,gene_984,0.41875
DDPM,900,gene_985,0.5125
DDPM,900,gene_986,0.25
DDPM,900,gene_987,0.46875
DDPM,900,gene_988,0.4375
DDPM,900,gene_989,0.45625
DDPM,900,gene_990,0.20625
DDPM,900,gene_991,0.3875
DDPM,900,gene_992,0.325
DDPM,900,gene_993,0.3375
DDPM,900,gene_994,0.375
DDPM,900,gene_995,0.50625
DDPM,900,gene_996,0.43125
DDPM,900,gene_997,0.30625
DDPM,900,gene_998,0.3375
DDPM,900,gene_999,0.475
DDPM,900,gene_1000,0.31875
DDPM,2000,gene_1,0.4125
DDPM,2000,gene_2,0.3625
DDPM,2000,gene_3,0.34375
DDPM,2000,gene_4,0.425
DDPM,2000,gene_5,0.375
DDPM,2000,gene_6,0.29375
DDPM,2000,gene_7,0.4875
DDPM,2000,gene_8,0.4
DDPM,2000,gene_9,0.28125
DDPM,2000,gene_10,0.44375
DDPM,2000,gene_11,0.48125
DDPM,2000,gene_12,0.33125
DDPM,2000,gene_13,0.5
DDPM,2000,gene_14,0.4875
DDPM,2000,gene_15,0.21875
DDPM,2000,gene_16,0.48125
DDPM,2000,gene_17,0.35625
DDPM,2000,gene_18,0.36875
DDPM,2000,gene_19,0.43125
DDPM,2000,gene_20,0.575
DDPM,2000,gene_21,0.475
DDPM,2000,gene_22,0.36875
DDPM,2000,gene_23,0.43125
DDPM,2000,gene_24,0.38125
DDPM,2000,gene_25,0.325
DDPM,2000,gene_26,0.45
DDPM,2000,gene_27,0.35
DDPM,2000,gene_28,0.35625
DDPM,2000,gene_29,0.43125
DDPM,2000,gene_30,0.39375
DDPM,2000,gene_31,0.31875
DDPM,2000,gene_32,0.33125
DDPM,2000,gene_33,0.41875
DDPM,2000,gene_34,0.35625
DDPM,2000,gene_35,0.25
DDPM,2000,gene_36,0.46875
DDPM,2000,gene_37,0.43125
DDPM,2000,gene_38,0.41875
DDPM,2000,gene_39,0.425
DDPM,2000,gene_40,0.525
DDPM,2000,gene_41,0.425
DDPM,2000,gene_42,0.2875
DDPM,2000,gene_43,0.29375
DDPM,2000,gene_44,0.36875
DDPM,2000,gene_45,0.4375
DDPM,2000,gene_46,0.28125
DDPM,2000,gene_47,0.3625
DDPM,2000,gene_48,0.45
DDPM,2000,gene_49,0.29375
DDPM,2000,gene_50,0.225
DDPM,2000,gene_51,0.5375
DDPM,2000,gene_52,0.39375
DDPM,2000,gene_53,0.5125
DDPM,2000,gene_54,0.3625
DDPM,2000,gene_55,0.25
DDPM,2000,gene_56,0.325
DDPM,2000,gene_57,0.45
DDPM,2000,gene_58,0.28125
DDPM,2000,gene_59,0.5
DDPM,2000,gene_60,0.4125
DDPM,2000,gene_61,0.49375
DDPM,2000,gene_62,0.38125
DDPM,2000,gene_63,0.28125
DDPM,2000,gene_64,0.38125
DDPM,2000,gene_65,0.45625
DDPM,2000,gene_66,0.3625
DDPM,2000,gene_67,0.325
DDPM,2000,gene_68,0.45
DDPM,2000,gene_69,0.35
DDPM,2000,gene_70,0.2625
DDPM,2000,gene_71,0.4625
DDPM,2000,gene_72,0.4125
DDPM,2000,gene_73,0.49375
DDPM,2000,gene_74,0.3875
DDPM,2000,gene_75,0.49375
DDPM,2000,gene_76,0.40625
DDPM,2000,gene_77,0.43125
DDPM,2000,gene_78,0.39375
DDPM,2000,gene_79,0.4125
DDPM,2000,gene_80,0.475
DDPM,2000,gene_81,0.41875
DDPM,2000,gene_82,0.49375
DDPM,2000,gene_83,0.19375
DDPM,2000,gene_84,0.4625
DDPM,2000,gene_85,0.525
DDPM,2000,gene_86,0.46875
DDPM,2000,gene_87,0.49375
DDPM,2000,gene_88,0.5375
DDPM,2000,gene_89,0.31875
DDPM,2000,gene_90,0.475
DDPM,2000,gene_91,0.51875
DDPM,2000,gene_92,0.475
DDPM,2000,gene_93,0.34375
DDPM,2000,gene_94,0.28125
DDPM,2000,gene_95,0.45
DDPM,2000,gene_96,0.34375
DDPM,2000,gene_97,0.44375
DDPM,2000,gene_98,0.4625
DDPM,2000,gene_99,0.46875
DDPM,2000,gene_100,0.25625
DDPM,2000,gene_101,0.35625
DDPM,2000,gene_102,0.3625
DDPM,2000,gene_103,0.325
DDPM,2000,gene_104,0.44375
DDPM,2000,gene_105,0.325
DDPM,2000,gene_106,0.43125
DDPM,2000,gene_107,0.53125
DDPM,2000,gene_108,0.31875
DDPM,2000,gene_109,0.39375
DDPM,2000,gene_110,0.30625
DDPM,2000,gene_111,0.175
DDPM,2000,gene_112,0.4375
DDPM,2000,gene_113,0.45
DDPM,2000,gene_114,0.30625
DDPM,2000,gene_115,0.35
DDPM,2000,gene_116,0.36875
DDPM,2000,gene_117,0.425
DDPM,2000,gene_118,0.34375
DDPM,2000,gene_119,0.3125
DDPM,2000,gene_120,0.375
DDPM,2000,gene_121,0.43125
DDPM,2000,gene_122,0.55625
DDPM,2000,gene_123,0.375
DDPM,2000,gene_124,0.30625
DDPM,2000,gene_125,0.35625
DDPM,2000,gene_126,0.34375
DDPM,2000,gene_127,0.49375
DDPM,2000,gene_128,0.3625
DDPM,2000,gene_129,0.3
DDPM,2000,gene_130,0.38125
DDPM,2000,gene_131,0.3625
DDPM,2000,gene_132,0.30625
DDPM,2000,gene_133,0.4125
DDPM,2000,gene_134,0.34375
DDPM,2000,gene_135,0.375
DDPM,2000,gene_136,0.36875
DDPM,2000,gene_137,0.475
DDPM,2000,gene_138,0.36875
DDPM,2000,gene_139,0.35625
DDPM,2000,gene_140,0.26875
DDPM,2000,gene_141,0.475
DDPM,2000,gene_142,0.35
DDPM,2000,gene_143,0.35625
DDPM,2000,gene_144,0.325
DDPM,2000,gene_145,0.46875
DDPM,2000,gene_146,0.425
DDPM,2000,gene_147,0.31875
DDPM,2000,gene_148,0.4375
DDPM,2000,gene_149,0.38125
DDPM,2000,gene_150,0.3125
DDPM,2000,gene_151,0.35
DDPM,2000,gene_152,0.475
DDPM,2000,gene_153,0.29375
DDPM,2000,gene_154,0.25625
DDPM,2000,gene_155,0.325
DDPM,2000,gene_156,0.4625
DDPM,2000,gene_157,0.375
DDPM,2000,gene_158,0.425
DDPM,2000,gene_159,0.36875
DDPM,2000,gene_160,0.375
DDPM,2000,gene_161,0.375
DDPM,2000,gene_162,0.25
DDPM,2000,gene_163,0.35625
DDPM,2000,gene_164,0.5375
DDPM,2000,gene_165,0.41875
DDPM,2000,gene_166,0.44375
DDPM,2000,gene_167,0.325
DDPM,2000,gene_168,0.425
DDPM,2000,gene_169,0.425
DDPM,2000,gene_170,0.3
DDPM,2000,gene_171,0.28125
DDPM,2000,gene_172,0.4
DDPM,2000,gene_173,0.4
DDPM,2000,gene_174,0.39375
DDPM,2000,gene_175,0.46875
DDPM,2000,gene_176,0.4625
DDPM,2000,gene_177,0.39375
DDPM,2000,gene_178,0.43125
DDPM,2000,gene_179,0.35625
DDPM,2000,gene_180,0.4625
DDPM,2000,gene_181,0.3
DDPM,2000,gene_182,0.55625
DDPM,2000,gene_183,0.3875
DDPM,2000,gene_184,0.4375
DDPM,2000,gene_185,0.5375
DDPM,2000,gene_186,0.3625
DDPM,2000,gene_187,0.30625
DDPM,2000,gene_188,0.475
DDPM,2000,gene_189,0.55
DDPM,2000,gene_190,0.425
DDPM,2000,gene_191,0.3625
DDPM,2000,gene_192,0.325
DDPM,2000,gene_193,0.33125
DDPM,2000,gene_194,0.43125
DDPM,2000,gene_195,0.43125
DDPM,2000,gene_196,0.275
DDPM,2000,gene_197,0.45625
DDPM,2000,gene_198,0.38125
DDPM,2000,gene_199,0.21875
DDPM,2000,gene_200,0.46875
DDPM,2000,gene_201,0.39375
DDPM,2000,gene_202,0.35
DDPM,2000,gene_203,0.425
DDPM,2000,gene_204,0.36875
DDPM,2000,gene_205,0.39375
DDPM,2000,gene_206,0.2375
DDPM,2000,gene_207,0.34375
DDPM,2000,gene_208,0.3625
DDPM,2000,gene_209,0.475
DDPM,2000,gene_210,0.3
DDPM,2000,gene_211,0.475
DDPM,2000,gene_212,0.46875
DDPM,2000,gene_213,0.475
DDPM,2000,gene_214,0.35
DDPM,2000,gene_215,0.325
DDPM,2000,gene_216,0.36875
DDPM,2000,gene_217,0.25
DDPM,2000,gene_218,0.30625
DDPM,2000,gene_219,0.4625
DDPM,2000,gene_220,0.45625
DDPM,2000,gene_221,0.4625
DDPM,2000,gene_222,0.31875
DDPM,2000,gene_223,0.40625
DDPM,2000,gene_224,0.3375
DDPM,2000,gene_225,0.4625
DDPM,2000,gene_226,0.38125
DDPM,2000,gene_227,0.2875
DDPM,2000,gene_228,0.4125
DDPM,2000,gene_229,0.525
DDPM,2000,gene_230,0.425
DDPM,2000,gene_231,0.425
DDPM,2000,gene_232,0.4625
DDPM,2000,gene_233,0.39375
DDPM,2000,gene_234,0.50625
DDPM,2000,gene_235,0.41875
DDPM,2000,gene_236,0.425
DDPM,2000,gene_237,0.35
DDPM,2000,gene_238,0.55
DDPM,2000,gene_239,0.325
DDPM,2000,gene_240,0.55
DDPM,2000,gene_241,0.4
DDPM,2000,gene_242,0.29375
DDPM,2000,gene_243,0.46875
DDPM,2000,gene_244,0.45
DDPM,2000,gene_245,0.48125
DDPM,2000,gene_246,0.375
DDPM,2000,gene_247,0.56875
DDPM,2000,gene_248,0.45
DDPM,2000,gene_249,0.35
DDPM,2000,gene_250,0.38125
DDPM,2000,gene_251,0.4
DDPM,2000,gene_252,0.4375
DDPM,2000,gene_253,0.5
DDPM,2000,gene_254,0.3875
DDPM,2000,gene_255,0.275
DDPM,2000,gene_256,0.34375
DDPM,2000,gene_257,0.225
DDPM,2000,gene_258,0.28125
DDPM,2000,gene_259,0.425
DDPM,2000,gene_260,0.48125
DDPM,2000,gene_261,0.26875
DDPM,2000,gene_262,0.3875
DDPM,2000,gene_263,0.31875
DDPM,2000,gene_264,0.56875
DDPM,2000,gene_265,0.41875
DDPM,2000,gene_266,0.3125
DDPM,2000,gene_267,0.4125
DDPM,2000,gene_268,0.33125
DDPM,2000,gene_269,0.3375
DDPM,2000,gene_270,0.4
DDPM,2000,gene_271,0.54375
DDPM,2000,gene_272,0.3
DDPM,2000,gene_273,0.4375
DDPM,2000,gene_274,0.35
DDPM,2000,gene_275,0.225
DDPM,2000,gene_276,0.39375
DDPM,2000,gene_277,0.35625
DDPM,2000,gene_278,0.375
DDPM,2000,gene_279,0.29375
DDPM,2000,gene_280,0.375
DDPM,2000,gene_281,0.39375
DDPM,2000,gene_282,0.2875
DDPM,2000,gene_283,0.5
DDPM,2000,gene_284,0.2875
DDPM,2000,gene_285,0.4125
DDPM,2000,gene_286,0.35
DDPM,2000,gene_287,0.55
DDPM,2000,gene_288,0.31875
DDPM,2000,gene_289,0.3625
DDPM,2000,gene_290,0.43125
DDPM,2000,gene_291,0.3875
DDPM,2000,gene_292,0.375
DDPM,2000,gene_293,0.475
DDPM,2000,gene_294,0.45
DDPM,2000,gene_295,0.125
DDPM,2000,gene_296,0.5125
DDPM,2000,gene_297,0.39375
DDPM,2000,gene_298,0.4625
DDPM,2000,gene_299,0.25
DDPM,2000,gene_300,0.40625
DDPM,2000,gene_301,0.3625
DDPM,2000,gene_302,0.36875
DDPM,2000,gene_303,0.425
DDPM,2000,gene_304,0.38125
DDPM,2000,gene_305,0.36875
DDPM,2000,gene_306,0.29375
DDPM,2000,gene_307,0.3125
DDPM,2000,gene_308,0.4375
DDPM,2000,gene_309,0.25625
DDPM,2000,gene_310,0.31875
DDPM,2000,gene_311,0.33125
DDPM,2000,gene_312,0.35625
DDPM,2000,gene_313,0.44375
DDPM,2000,gene_314,0.49375
DDPM,2000,gene_315,0.38125
DDPM,2000,gene_316,0.375
DDPM,2000,gene_317,0.43125
DDPM,2000,gene_318,0.375
DDPM,2000,gene_319,0.3625
DDPM,2000,gene_320,0.3375
DDPM,2000,gene_321,0.38125
DDPM,2000,gene_322,0.4875
DDPM,2000,gene_323,0.45625
DDPM,2000,gene_324,0.3625
DDPM,2000,gene_325,0.4
DDPM,2000,gene_326,0.33125
DDPM,2000,gene_327,0.3625
DDPM,2000,gene_328,0.45
DDPM,2000,gene_329,0.375
DDPM,2000,gene_330,0.35
DDPM,2000,gene_331,0.30625
DDPM,2000,gene_332,0.43125
DDPM,2000,gene_333,0.41875
DDPM,2000,gene_334,0.31875
DDPM,2000,gene_335,0.325
DDPM,2000,gene_336,0.3
DDPM,2000,gene_337,0.35
DDPM,2000,gene_338,0.25625
DDPM,2000,gene_339,0.29375
DDPM,2000,gene_340,0.30625
DDPM,2000,gene_341,0.41875
DDPM,2000,gene_342,0.44375
DDPM,2000,gene_343,0.48125
DDPM,2000,gene_344,0.3
DDPM,2000,gene_345,0.3125
DDPM,2000,gene_346,0.425
DDPM,2000,gene_347,0.4625
DDPM,2000,gene_348,0.4
DDPM,2000,gene_349,0.475
DDPM,2000,gene_350,0.38125
DDPM,2000,gene_351,0.3875
DDPM,2000,gene_352,0.45625
DDPM,2000,gene_353,0.3875
DDPM,2000,gene_354,0.45
DDPM,2000,gene_355,0.50625
DDPM,2000,gene_356,0.30625
DDPM,2000,gene_357,0.44375
DDPM,2000,gene_358,0.54375
DDPM,2000,gene_359,0.48125
DDPM,2000,gene_360,0.425
DDPM,2000,gene_361,0.4125
DDPM,2000,gene_362,0.425
DDPM,2000,gene_363,0.45625
DDPM,2000,gene_364,0.31875
DDPM,2000,gene_365,0.40625
DDPM,2000,gene_366,0.28125
DDPM,2000,gene_367,0.21875
DDPM,2000,gene_368,0.49375
DDPM,2000,gene_369,0.4375
DDPM,2000,gene_370,0.30625
DDPM,2000,gene_371,0.44375
DDPM,2000,gene_372,0.36875
DDPM,2000,gene_373,0.3125
DDPM,2000,gene_374,0.4375
DDPM,2000,gene_375,0.3875
DDPM,2000,gene_376,0.46875
DDPM,2000,gene_377,0.35
DDPM,2000,gene_378,0.3875
DDPM,2000,gene_379,0.425
DDPM,2000,gene_380,0.475
DDPM,2000,gene_381,0.3125
DDPM,2000,gene_382,0.38125
DDPM,2000,gene_383,0.275
DDPM,2000,gene_384,0.39375
DDPM,2000,gene_385,0.48125
DDPM,2000,gene_386,0.41875
DDPM,2000,gene_387,0.35
DDPM,2000,gene_388,0.35
DDPM,2000,gene_389,0.38125
DDPM,2000,gene_390,0.2875
DDPM,2000,gene_391,0.43125
DDPM,2000,gene_392,0.43125
DDPM,2000,gene_393,0.45625
DDPM,2000,gene_394,0.46875
DDPM,2000,gene_395,0.31875
DDPM,2000,gene_396,0.35
DDPM,2000,gene_397,0.4375
DDPM,2000,gene_398,0.275
DDPM,2000,gene_399,0.53125
DDPM,2000,gene_400,0.38125
DDPM,2000,gene_401,0.35
DDPM,2000,gene_402,0.39375
DDPM,2000,gene_403,0.3625
DDPM,2000,gene_404,0.39375
DDPM,2000,gene_405,0.3875
DDPM,2000,gene_406,0.525
DDPM,2000,gene_407,0.375
DDPM,2000,gene_408,0.35
DDPM,2000,gene_409,0.36875
DDPM,2000,gene_410,0.2875
DDPM,2000,gene_411,0.51875
DDPM,2000,gene_412,0.4
DDPM,2000,gene_413,0.4
DDPM,2000,gene_414,0.29375
DDPM,2000,gene_415,0.5375
DDPM,2000,gene_416,0.33125
DDPM,2000,gene_417,0.25625
DDPM,2000,gene_418,0.3875
DDPM,2000,gene_419,0.35625
DDPM,2000,gene_420,0.375
DDPM,2000,gene_421,0.4125
DDPM,2000,gene_422,0.45625
DDPM,2000,gene_423,0.33125
DDPM,2000,gene_424,0.31875
DDPM,2000,gene_425,0.51875
DDPM,2000,gene_426,0.375
DDPM,2000,gene_427,0.475
DDPM,2000,gene_428,0.43125
DDPM,2000,gene_429,0.38125
DDPM,2000,gene_430,0.48125
DDPM,2000,gene_431,0.425
DDPM,2000,gene_432,0.4125
DDPM,2000,gene_433,0.25
DDPM,2000,gene_434,0.4625
DDPM,2000,gene_435,0.475
DDPM,2000,gene_436,0.45
DDPM,2000,gene_437,0.2625
DDPM,2000,gene_438,0.34375
DDPM,2000,gene_439,0.31875
DDPM,2000,gene_440,0.33125
DDPM,2000,gene_441,0.33125
DDPM,2000,gene_442,0.2125
DDPM,2000,gene_443,0.38125
DDPM,2000,gene_444,0.36875
DDPM,2000,gene_445,0.20625
DDPM,2000,gene_446,0.4
DDPM,2000,gene_447,0.4
DDPM,2000,gene_448,0.38125
DDPM,2000,gene_449,0.4875
DDPM,2000,gene_450,0.3375
DDPM,2000,gene_451,0.3125
DDPM,2000,gene_452,0.4125
DDPM,2000,gene_453,0.33125
DDPM,2000,gene_454,0.45
DDPM,2000,gene_455,0.20625
DDPM,2000,gene_456,0.3375
DDPM,2000,gene_457,0.44375
DDPM,2000,gene_458,0.3125
DDPM,2000,gene_459,0.4
DDPM,2000,gene_460,0.36875
DDPM,2000,gene_461,0.5
DDPM,2000,gene_462,0.38125
DDPM,2000,gene_463,0.45625
DDPM,2000,gene_464,0.28125
DDPM,2000,gene_465,0.5
DDPM,2000,gene_466,0.36875
DDPM,2000,gene_467,0.1125
DDPM,2000,gene_468,0.45
DDPM,2000,gene_469,0.325
DDPM,2000,gene_470,0.40625
DDPM,2000,gene_471,0.35
DDPM,2000,gene_472,0.225
DDPM,2000,gene_473,0.4625
DDPM,2000,gene_474,0.39375
DDPM,2000,gene_475,0.475
DDPM,2000,gene_476,0.39375
DDPM,2000,gene_477,0.33125
DDPM,2000,gene_478,0.46875
DDPM,2000,gene_479,0.45
DDPM,2000,gene_480,0.325
DDPM,2000,gene_481,0.34375
DDPM,2000,gene_482,0.46875
DDPM,2000,gene_483,0.44375
DDPM,2000,gene_484,0.4625
DDPM,2000,gene_485,0.3875
DDPM,2000,gene_486,0.4375
DDPM,2000,gene_487,0.375
DDPM,2000,gene_488,0.45
DDPM,2000,gene_489,0.4125
DDPM,2000,gene_490,0.4375
DDPM,2000,gene_491,0.29375
DDPM,2000,gene_492,0.5125
DDPM,2000,gene_493,0.35
DDPM,2000,gene_494,0.19375
DDPM,2000,gene_495,0.3875
DDPM,2000,gene_496,0.28125
DDPM,2000,gene_497,0.4375
DDPM,2000,gene_498,0.33125
DDPM,2000,gene_499,0.45625
DDPM,2000,gene_500,0.41875
DDPM,2000,gene_501,0.4625
DDPM,2000,gene_502,0.425
DDPM,2000,gene_503,0.39375
DDPM,2000,gene_504,0.3625
DDPM,2000,gene_505,0.31875
DDPM,2000,gene_506,0.3
DDPM,2000,gene_507,0.35
DDPM,2000,gene_508,0.36875
DDPM,2000,gene_509,0.2875
DDPM,2000,gene_510,0.49375
DDPM,2000,gene_511,0.34375
DDPM,2000,gene_512,0.475
DDPM,2000,gene_513,0.54375
DDPM,2000,gene_514,0.36875
DDPM,2000,gene_515,0.31875
DDPM,2000,gene_516,0.45625
DDPM,2000,gene_517,0.30625
DDPM,2000,gene_518,0.44375
DDPM,2000,gene_519,0.36875
DDPM,2000,gene_520,0.19375
DDPM,2000,gene_521,0.375
DDPM,2000,gene_522,0.45625
DDPM,2000,gene_523,0.325
DDPM,2000,gene_524,0.3375
DDPM,2000,gene_525,0.3125
DDPM,2000,gene_526,0.29375
DDPM,2000,gene_527,0.41875
DDPM,2000,gene_528,0.39375
DDPM,2000,gene_529,0.35625
DDPM,2000,gene_530,0.3375
DDPM,2000,gene_531,0.4625
DDPM,2000,gene_532,0.23125
DDPM,2000,gene_533,0.35
DDPM,2000,gene_534,0.375
DDPM,2000,gene_535,0.20625
DDPM,2000,gene_536,0.3125
DDPM,2000,gene_537,0.5
DDPM,2000,gene_538,0.31875
DDPM,2000,gene_539,0.43125
DDPM,2000,gene_540,0.41875
DDPM,2000,gene_541,0.45625
DDPM,2000,gene_542,0.31875
DDPM,2000,gene_543,0.2625
DDPM,2000,gene_544,0.43125
DDPM,2000,gene_545,0.51875
DDPM,2000,gene_546,0.45625
DDPM,2000,gene_547,0.24375
DDPM,2000,gene_548,0.275
DDPM,2000,gene_549,0.35
DDPM,2000,gene_550,0.5
DDPM,2000,gene_551,0.3375
DDPM,2000,gene_552,0.36875
DDPM,2000,gene_553,0.56875
DDPM,2000,gene_554,0.43125
DDPM,2000,gene_555,0.5125
DDPM,2000,gene_556,0.375
DDPM,2000,gene_557,0.43125
DDPM,2000,gene_558,0.43125
DDPM,2000,gene_559,0.45
DDPM,2000,gene_560,0.4
DDPM,2000,gene_561,0.25
DDPM,2000,gene_562,0.475
DDPM,2000,gene_563,0.39375
DDPM,2000,gene_564,0.51875
DDPM,2000,gene_565,0.34375
DDPM,2000,gene_566,0.43125
DDPM,2000,gene_567,0.375
DDPM,2000,gene_568,0.375
DDPM,2000,gene_569,0.46875
DDPM,2000,gene_570,0.39375
DDPM,2000,gene_571,0.25
DDPM,2000,gene_572,0.4625
DDPM,2000,gene_573,0.43125
DDPM,2000,gene_574,0.3
DDPM,2000,gene_575,0.49375
DDPM,2000,gene_576,0.5125
DDPM,2000,gene_577,0.3
DDPM,2000,gene_578,0.45
DDPM,2000,gene_579,0.49375
DDPM,2000,gene_580,0.4
DDPM,2000,gene_581,0.525
DDPM,2000,gene_582,0.2625
DDPM,2000,gene_583,0.31875
DDPM,2000,gene_584,0.5
DDPM,2000,gene_585,0.33125
DDPM,2000,gene_586,0.4625
DDPM,2000,gene_587,0.3125
DDPM,2000,gene_588,0.31875
DDPM,2000,gene_589,0.36875
DDPM,2000,gene_590,0.3875
DDPM,2000,gene_591,0.44375
DDPM,2000,gene_592,0.41875
DDPM,2000,gene_593,0.4125
DDPM,2000,gene_594,0.3875
DDPM,2000,gene_595,0.35
DDPM,2000,gene_596,0.26875
DDPM,2000,gene_597,0.46875
DDPM,2000,gene_598,0.35
DDPM,2000,gene_599,0.45
DDPM,2000,gene_600,0.35625
DDPM,2000,gene_601,0.35
DDPM,2000,gene_602,0.3625
DDPM,2000,gene_603,0.48125
DDPM,2000,gene_604,0.38125
DDPM,2000,gene_605,0.24375
DDPM,2000,gene_606,0.2875
DDPM,2000,gene_607,0.45625
DDPM,2000,gene_608,0.3375
DDPM,2000,gene_609,0.36875
DDPM,2000,gene_610,0.33125
DDPM,2000,gene_611,0.375
DDPM,2000,gene_612,0.35625
DDPM,2000,gene_613,0.5
DDPM,2000,gene_614,0.4375
DDPM,2000,gene_615,0.35625
DDPM,2000,gene_616,0.31875
DDPM,2000,gene_617,0.375
DDPM,2000,gene_618,0.3625
DDPM,2000,gene_619,0.25625
DDPM,2000,gene_620,0.26875
DDPM,2000,gene_621,0.43125
DDPM,2000,gene_622,0.33125
DDPM,2000,gene_623,0.35
DDPM,2000,gene_624,0.44375
DDPM,2000,gene_625,0.3625
DDPM,2000,gene_626,0.35
DDPM,2000,gene_627,0.41875
DDPM,2000,gene_628,0.41875
DDPM,2000,gene_629,0.425
DDPM,2000,gene_630,0.425
DDPM,2000,gene_631,0.38125
DDPM,2000,gene_632,0.4375
DDPM,2000,gene_633,0.35
DDPM,2000,gene_634,0.29375
DDPM,2000,gene_635,0.38125
DDPM,2000,gene_636,0.26875
DDPM,2000,gene_637,0.4375
DDPM,2000,gene_638,0.34375
DDPM,2000,gene_639,0.425
DDPM,2000,gene_640,0.3375
DDPM,2000,gene_641,0.3625
DDPM,2000,gene_642,0.34375
DDPM,2000,gene_643,0.44375
DDPM,2000,gene_644,0.38125
DDPM,2000,gene_645,0.29375
DDPM,2000,gene_646,0.35
DDPM,2000,gene_647,0.375
DDPM,2000,gene_648,0.46875
DDPM,2000,gene_649,0.50625
DDPM,2000,gene_650,0.475
DDPM,2000,gene_651,0.40625
DDPM,2000,gene_652,0.3125
DDPM,2000,gene_653,0.2875
DDPM,2000,gene_654,0.48125
DDPM,2000,gene_655,0.3625
DDPM,2000,gene_656,0.35
DDPM,2000,gene_657,0.38125
DDPM,2000,gene_658,0.375
DDPM,2000,gene_659,0.5375
DDPM,2000,gene_660,0.325
DDPM,2000,gene_661,0.48125
DDPM,2000,gene_662,0.50625
DDPM,2000,gene_663,0.4
DDPM,2000,gene_664,0.4625
DDPM,2000,gene_665,0.53125
DDPM,2000,gene_666,0.425
DDPM,2000,gene_667,0.33125
DDPM,2000,gene_668,0.38125
DDPM,2000,gene_669,0.3
DDPM,2000,gene_670,0.45
DDPM,2000,gene_671,0.28125
DDPM,2000,gene_672,0.36875
DDPM,2000,gene_673,0.25
DDPM,2000,gene_674,0.2625
DDPM,2000,gene_675,0.425
DDPM,2000,gene_676,0.41875
DDPM,2000,gene_677,0.475
DDPM,2000,gene_678,0.31875
DDPM,2000,gene_679,0.3
DDPM,2000,gene_680,0.35
DDPM,2000,gene_681,0.3625
DDPM,2000,gene_682,0.36875
DDPM,2000,gene_683,0.48125
DDPM,2000,gene_684,0.30625
DDPM,2000,gene_685,0.48125
DDPM,2000,gene_686,0.33125
DDPM,2000,gene_687,0.4
DDPM,2000,gene_688,0.36875
DDPM,2000,gene_689,0.35
DDPM,2000,gene_690,0.46875
DDPM,2000,gene_691,0.3375
DDPM,2000,gene_692,0.4375
DDPM,2000,gene_693,0.4125
DDPM,2000,gene_694,0.28125
DDPM,2000,gene_695,0.41875
DDPM,2000,gene_696,0.2375
DDPM,2000,gene_697,0.44375
DDPM,2000,gene_698,0.33125
DDPM,2000,gene_699,0.4
DDPM,2000,gene_700,0.4125
DDPM,2000,gene_701,0.39375
DDPM,2000,gene_702,0.35625
DDPM,2000,gene_703,0.375
DDPM,2000,gene_704,0.35625
DDPM,2000,gene_705,0.23125
DDPM,2000,gene_706,0.3375
DDPM,2000,gene_707,0.3625
DDPM,2000,gene_708,0.3
DDPM,2000,gene_709,0.43125
DDPM,2000,gene_710,0.26875
DDPM,2000,gene_711,0.44375
DDPM,2000,gene_712,0.33125
DDPM,2000,gene_713,0.48125
DDPM,2000,gene_714,0.325
DDPM,2000,gene_715,0.53125
DDPM,2000,gene_716,0.325
DDPM,2000,gene_717,0.4125
DDPM,2000,gene_718,0.5
DDPM,2000,gene_719,0.55
DDPM,2000,gene_720,0.34375
DDPM,2000,gene_721,0.45
DDPM,2000,gene_722,0.475
DDPM,2000,gene_723,0.48125
DDPM,2000,gene_724,0.25625
DDPM,2000,gene_725,0.275
DDPM,2000,gene_726,0.36875
DDPM,2000,gene_727,0.34375
DDPM,2000,gene_728,0.3625
DDPM,2000,gene_729,0.4375
DDPM,2000,gene_730,0.525
DDPM,2000,gene_731,0.24375
DDPM,2000,gene_732,0.4375
DDPM,2000,gene_733,0.45
DDPM,2000,gene_734,0.4
DDPM,2000,gene_735,0.4875
DDPM,2000,gene_736,0.49375
DDPM,2000,gene_737,0.49375
DDPM,2000,gene_738,0.46875
DDPM,2000,gene_739,0.34375
DDPM,2000,gene_740,0.2625
DDPM,2000,gene_741,0.43125
DDPM,2000,gene_742,0.2875
DDPM,2000,gene_743,0.5375
DDPM,2000,gene_744,0.41875
DDPM,2000,gene_745,0.425
DDPM,2000,gene_746,0.3375
DDPM,2000,gene_747,0.36875
DDPM,2000,gene_748,0.4625
DDPM,2000,gene_749,0.38125
DDPM,2000,gene_750,0.375
DDPM,2000,gene_751,0.38125
DDPM,2000,gene_752,0.3375
DDPM,2000,gene_753,0.44375
DDPM,2000,gene_754,0.48125
DDPM,2000,gene_755,0.33125
DDPM,2000,gene_756,0.44375
DDPM,2000,gene_757,0.4
DDPM,2000,gene_758,0.39375
DDPM,2000,gene_759,0.38125
DDPM,2000,gene_760,0.41875
DDPM,2000,gene_761,0.3125
DDPM,2000,gene_762,0.35625
DDPM,2000,gene_763,0.34375
DDPM,2000,gene_764,0.4
DDPM,2000,gene_765,0.35
DDPM,2000,gene_766,0.4375
DDPM,2000,gene_767,0.425
DDPM,2000,gene_768,0.26875
DDPM,2000,gene_769,0.43125
DDPM,2000,gene_770,0.3875
DDPM,2000,gene_771,0.43125
DDPM,2000,gene_772,0.325
DDPM,2000,gene_773,0.30625
DDPM,2000,gene_774,0.31875
DDPM,2000,gene_775,0.2875
DDPM,2000,gene_776,0.2
DDPM,2000,gene_777,0.3625
DDPM,2000,gene_778,0.29375
DDPM,2000,gene_779,0.4125
DDPM,2000,gene_780,0.30625
DDPM,2000,gene_781,0.39375
DDPM,2000,gene_782,0.33125
DDPM,2000,gene_783,0.3375
DDPM,2000,gene_784,0.46875
DDPM,2000,gene_785,0.36875
DDPM,2000,gene_786,0.5
DDPM,2000,gene_787,0.31875
DDPM,2000,gene_788,0.35
DDPM,2000,gene_789,0.34375
DDPM,2000,gene_790,0.375
DDPM,2000,gene_791,0.3875
DDPM,2000,gene_792,0.5
DDPM,2000,gene_793,0.4125
DDPM,2000,gene_794,0.35625
DDPM,2000,gene_795,0.3875
DDPM,2000,gene_796,0.45625
DDPM,2000,gene_797,0.425
DDPM,2000,gene_798,0.325
DDPM,2000,gene_799,0.38125
DDPM,2000,gene_800,0.4125
DDPM,2000,gene_801,0.3125
DDPM,2000,gene_802,0.53125
DDPM,2000,gene_803,0.35
DDPM,2000,gene_804,0.2875
DDPM,2000,gene_805,0.45625
DDPM,2000,gene_806,0.39375
DDPM,2000,gene_807,0.3375
DDPM,2000,gene_808,0.4
DDPM,2000,gene_809,0.3625
DDPM,2000,gene_810,0.31875
DDPM,2000,gene_811,0.40625
DDPM,2000,gene_812,0.425
DDPM,2000,gene_813,0.39375
DDPM,2000,gene_814,0.33125
DDPM,2000,gene_815,0.4625
DDPM,2000,gene_816,0.3875
DDPM,2000,gene_817,0.4125
DDPM,2000,gene_818,0.38125
DDPM,2000,gene_819,0.38125
DDPM,2000,gene_820,0.5
DDPM,2000,gene_821,0.225
DDPM,2000,gene_822,0.38125
DDPM,2000,gene_823,0.34375
DDPM,2000,gene_824,0.40625
DDPM,2000,gene_825,0.2875
DDPM,2000,gene_826,0.325
DDPM,2000,gene_827,0.35625
DDPM,2000,gene_828,0.35
DDPM,2000,gene_829,0.36875
DDPM,2000,gene_830,0.3125
DDPM,2000,gene_831,0.4
DDPM,2000,gene_832,0.4125
DDPM,2000,gene_833,0.44375
DDPM,2000,gene_834,0.425
DDPM,2000,gene_835,0.44375
DDPM,2000,gene_836,0.49375
DDPM,2000,gene_837,0.275
DDPM,2000,gene_838,0.625
DDPM,2000,gene_839,0.24375
DDPM,2000,gene_840,0.2875
DDPM,2000,gene_841,0.325
DDPM,2000,gene_842,0.4625
DDPM,2000,gene_843,0.4125
DDPM,2000,gene_844,0.36875
DDPM,2000,gene_845,0.49375
DDPM,2000,gene_846,0.30625
DDPM,2000,gene_847,0.25625
DDPM,2000,gene_848,0.425
DDPM,2000,gene_849,0.425
DDPM,2000,gene_850,0.46875
DDPM,2000,gene_851,0.45
DDPM,2000,gene_852,0.4625
DDPM,2000,gene_853,0.3125
DDPM,2000,gene_854,0.4
DDPM,2000,gene_855,0.4
DDPM,2000,gene_856,0.4125
DDPM,2000,gene_857,0.4
DDPM,2000,gene_858,0.36875
DDPM,2000,gene_859,0.49375
DDPM,2000,gene_860,0.4625
DDPM,2000,gene_861,0.48125
DDPM,2000,gene_862,0.44375
DDPM,2000,gene_863,0.45
DDPM,2000,gene_864,0.3125
DDPM,2000,gene_865,0.33125
DDPM,2000,gene_866,0.40625
DDPM,2000,gene_867,0.325
DDPM,2000,gene_868,0.48125
DDPM,2000,gene_869,0.3125
DDPM,2000,gene_870,0.4875
DDPM,2000,gene_871,0.46875
DDPM,2000,gene_872,0.36875
DDPM,2000,gene_873,0.46875
DDPM,2000,gene_874,0.39375
DDPM,2000,gene_875,0.2625
DDPM,2000,gene_876,0.36875
DDPM,2000,gene_877,0.4
DDPM,2000,gene_878,0.34375
DDPM,2000,gene_879,0.35625
DDPM,2000,gene_880,0.4625
DDPM,2000,gene_881,0.3625
DDPM,2000,gene_882,0.4
DDPM,2000,gene_883,0.3375
DDPM,2000,gene_884,0.35625
DDPM,2000,gene_885,0.475
DDPM,2000,gene_886,0.2875
DDPM,2000,gene_887,0.44375
DDPM,2000,gene_888,0.33125
DDPM,2000,gene_889,0.4125
DDPM,2000,gene_890,0.40625
DDPM,2000,gene_891,0.44375
DDPM,2000,gene_892,0.40625
DDPM,2000,gene_893,0.4375
DDPM,2000,gene_894,0.35625
DDPM,2000,gene_895,0.3875
DDPM,2000,gene_896,0.4125
DDPM,2000,gene_897,0.325
DDPM,2000,gene_898,0.25625
DDPM,2000,gene_899,0.36875
DDPM,2000,gene_900,0.4
DDPM,2000,gene_901,0.46875
DDPM,2000,gene_902,0.43125
DDPM,2000,gene_903,0.34375
DDPM,2000,gene_904,0.3625
DDPM,2000,gene_905,0.475
DDPM,2000,gene_906,0.225
DDPM,2000,gene_907,0.4375
DDPM,2000,gene_908,0.40625
DDPM,2000,gene_909,0.4
DDPM,2000,gene_910,0.29375
DDPM,2000,gene_911,0.26875
DDPM,2000,gene_912,0.46875
DDPM,2000,gene_913,0.4
DDPM,2000,gene_914,0.40625
DDPM,2000,gene_915,0.38125
DDPM,2000,gene_916,0.475
DDPM,2000,gene_917,0.31875
DDPM,2000,gene_918,0.4375
DDPM,2000,gene_919,0.46875
DDPM,2000,gene_920,0.3875
DDPM,2000,gene_921,0.35625
DDPM,2000,gene_922,0.4375
DDPM,2000,gene_923,0.3375
DDPM,2000,gene_924,0.44375
DDPM,2000,gene_925,0.5
DDPM,2000,gene_926,0.375
DDPM,2000,gene_927,0.375
DDPM,2000,gene_928,0.50625
DDPM,2000,gene_929,0.4375
DDPM,2000,gene_930,0.29375
DDPM,2000,gene_931,0.41875
DDPM,2000,gene_932,0.45625
DDPM,2000,gene_933,0.425
DDPM,2000,gene_934,0.51875
DDPM,2000,gene_935,0.38125
DDPM,2000,gene_936,0.36875
DDPM,2000,gene_937,0.35
DDPM,2000,gene_938,0.4875
DDPM,2000,gene_939,0.3875
DDPM,2000,gene_940,0.3875
DDPM,2000,gene_941,0.35625
DDPM,2000,gene_942,0.425
DDPM,2000,gene_943,0.35625
DDPM,2000,gene_944,0.31875
DDPM,2000,gene_945,0.44375
DDPM,2000,gene_946,0.35625
DDPM,2000,gene_947,0.30625
DDPM,2000,gene_948,0.39375
DDPM,2000,gene_949,0.3125
DDPM,2000,gene_950,0.35625
DDPM,2000,gene_951,0.2625
DDPM,2000,gene_952,0.46875
DDPM,2000,gene_953,0.35625
DDPM,2000,gene_954,0.29375
DDPM,2000,gene_955,0.45
DDPM,2000,gene_956,0.4
DDPM,2000,gene_957,0.375
DDPM,2000,gene_958,0.3125
DDPM,2000,gene_959,0.36875
DDPM,2000,gene_960,0.35625
DDPM,2000,gene_961,0.375
DDPM,2000,gene_962,0.35
DDPM,2000,gene_963,0.34375
DDPM,2000,gene_964,0.34375
DDPM,2000,gene_965,0.3875
DDPM,2000,gene_966,0.35
DDPM,2000,gene_967,0.2875
DDPM,2000,gene_968,0.50625
DDPM,2000,gene_969,0.50625
DDPM,2000,gene_970,0.375
DDPM,2000,gene_971,0.45625
DDPM,2000,gene_972,0.34375
DDPM,2000,gene_973,0.4375
DDPM,2000,gene_974,0.5625
DDPM,2000,gene_975,0.4125
DDPM,2000,gene_976,0.25625
DDPM,2000,gene_977,0.325
DDPM,2000,gene_978,0.3875
DDPM,2000,gene_979,0.21875
DDPM,2000,gene_980,0.43125
DDPM,2000,gene_981,0.36875
DDPM,2000,gene_982,0.49375
DDPM,2000,gene_983,0.48125
DDPM,2000,gene_984,0.39375
DDPM,2000,gene_985,0.4375
DDPM,2000,gene_986,0.50625
DDPM,2000,gene_987,0.4375
DDPM,2000,gene_988,0.325
DDPM,2000,gene_989,0.3125
DDPM,2000,gene_990,0.30625
DDPM,2000,gene_991,0.375
DDPM,2000,gene_992,0.33125
DDPM,2000,gene_993,0.33125
DDPM,2000,gene_994,0.25
DDPM,2000,gene_995,0.48125
DDPM,2000,gene_996,0.5125
DDPM,2000,gene_997,0.44375
DDPM,2000,gene_998,0.30625
DDPM,2000,gene_999,0.48125
DDPM,2000,gene_1000,0.35
UViT-v2 config4,1900,seq_7,0.425
UViT-v2 config4,1900,seq_10,0.4125
UViT-v2 config4,1900,seq_19,0.5125
UViT-v2 config4,1900,seq_28,0.3625
UViT-v2 config4,1900,seq_36,0.39375
UViT-v2 config4,1900,seq_43,0.425
UViT-v2 config4,1900,seq_44,0.40625
UViT-v2 config4,1900,seq_54,0.475
UViT-v2 config4,1900,seq_59,0.56875
UViT-v2 config4,1900,seq_91,0.45
UViT-v2 config4,1900,seq_97,0.43125
UViT-v2 config4,1900,seq_107,0.375
UViT-v2 config4,1900,seq_118,0.38125
UViT-v2 config4,1900,seq_129,0.425
UViT-v2 config4,1900,seq_133,0.4125
UViT-v2 config4,1900,seq_153,0.40625
UViT-v2 config4,1900,seq_154,0.35
UViT-v2 config4,1900,seq_159,0.6125
UViT-v2 config4,1900,seq_167,0.4375
UViT-v2 config4,1900,seq_189,0.46875
UViT-v2 config4,1900,seq_201,0.49375
UViT-v2 config4,1900,seq_208,0.40625
UViT-v2 config4,1900,seq_225,0.39375
UViT-v2 config4,1900,seq_229,0.40625
UViT-v2 config4,1900,seq_232,0.3625
UViT-v2 config4,1900,seq_242,0.4375
UViT-v2 config4,1900,seq_252,0.46875
UViT-v2 config4,1900,seq_283,0.3
UViT-v2 config4,1900,seq_318,0.45625
UViT-v2 config4,1900,seq_320,0.41875
UViT-v2 config4,1900,seq_321,0.30625
UViT-v2 config4,1900,seq_334,0.40625
UViT-v2 config4,1900,seq_340,0.35
UViT-v2 config4,1900,seq_345,0.36875
UViT-v2 config4,1900,seq_360,0.49375
UViT-v2 config4,1900,seq_388,0.55
UViT-v2 config4,1900,seq_401,0.35625
UViT-v2 config4,1900,seq_407,0.49375
UViT-v2 config4,1900,seq_410,0.35625
UViT-v2 config4,1900,seq_411,0.46875
UViT-v2 config4,1900,seq_421,0.54375
UViT-v2 config4,1900,seq_424,0.48125
UViT-v2 config4,1900,seq_435,0.4375
UViT-v2 config4,1900,seq_442,0.45
UViT-v2 config4,1900,seq_445,0.39375
UViT-v2 config4,1900,seq_453,0.3875
UViT-v2 config4,1900,seq_471,0.6
UViT-v2 config4,1900,seq_473,0.525
UViT-v2 config4,1900,seq_475,0.4875
UViT-v2 config4,1900,seq_476,0.43125
UViT-v2 config4,1900,seq_489,0.28125
UViT-v2 config4,1900,seq_509,0.51875
UViT-v2 config4,1900,seq_515,0.41875
UViT-v2 config4,1900,seq_521,0.2875
UViT-v2 config4,1900,seq_526,0.4875
UViT-v2 config4,1900,seq_535,0.375
UViT-v2 config4,1900,seq_547,0.4875
UViT-v2 config4,1900,seq_589,0.525
UViT-v2 config4,1900,seq_591,0.11875
UViT-v2 config4,1900,seq_602,0.38125
UViT-v2 config4,1900,seq_607,0.55625
UViT-v2 config4,1900,seq_627,0.3125
UViT-v2 config4,1900,seq_635,0.49375
UViT-v2 config4,1900,seq_646,0.44375
UViT-v2 config4,1900,seq_652,0.51875
UViT-v2 config4,1900,seq_654,0.5125
UViT-v2 config4,1900,seq_660,0.4
UViT-v2 config4,1900,seq_673,0.1375
UViT-v2 config4,1900,seq_686,0.49375
UViT-v2 config4,1900,seq_712,0.425
UViT-v2 config4,1900,seq_716,0.44375
UViT-v2 config4,1900,seq_723,0.525
UViT-v2 config4,1900,seq_728,0.55625
UViT-v2 config4,1900,seq_746,0.15625
UViT-v2 config4,1900,seq_751,0.425
UViT-v2 config4,1900,seq_754,0.40625
UViT-v2 config4,1900,seq_758,0.41875
UViT-v2 config4,1900,seq_772,0.44375
UViT-v2 config4,1900,seq_804,0.575
UViT-v2 config4,1900,seq_822,0.48125
UViT-v2 config4,1900,seq_823,0.35625
UViT-v2 config4,1900,seq_824,0.3875
UViT-v2 config4,1900,seq_829,0.35625
UViT-v2 config4,1900,seq_833,0.30625
UViT-v2 config4,1900,seq_842,0.38125
UViT-v2 config4,1900,seq_846,0.50625
UViT-v2 config4,1900,seq_854,0.14375
UViT-v2 config4,1900,seq_879,0.45
UViT-v2 config4,1900,seq_888,0.36875
UViT-v2 config4,1900,seq_889,0.3
UViT-v2 config4,1900,seq_894,0.475
UViT-v2 config4,1900,seq_917,0.45625
UViT-v2 config4,1900,seq_920,0.375
UViT-v2 config4,1900,seq_932,0.46875
UViT-v2 config4,1900,seq_937,0.2125
UViT-v2 config4,1900,seq_950,0.3625
UViT-v2 config4,1900,seq_959,0.26875
UViT-v2 config4,1900,seq_961,0.4875
UViT-v2 config4,1900,seq_965,0.475
UViT-v2 config4,1900,seq_978,0.425
UViT-v2 config4,1900,seq_987,0.225
UViT-v2 config4,1900,seq_994,0.21875
UViT-v2 config4,1900,seq_999,0.3375
UViT-v2 config4,1900,seq_1021,0.40625
UViT-v2 config4,1900,seq_1036,0.45625
UViT-v2 config4,1900,seq_1041,0.38125
UViT-v2 config4,1900,seq_1050,0.35
UViT-v2 config4,1900,seq_1053,0.50625
UViT-v2 config4,1900,seq_1071,0.39375
UViT-v2 config4,1900,seq_1085,0.4625
UViT-v2 config4,1900,seq_1105,0.53125
UViT-v2 config4,1900,seq_1114,0.14375
UViT-v2 config4,1900,seq_1122,0.38125
UViT-v2 config4,1900,seq_1123,0.4125
UViT-v2 config4,1900,seq_1125,0.0
UViT-v2 config4,1900,seq_1128,0.38125
UViT-v2 config4,1900,seq_1130,0.2
UViT-v2 config4,1900,seq_1134,0.5125
UViT-v2 config4,1900,seq_1138,0.3
UViT-v2 config4,1900,seq_1140,0.38125
UViT-v2 config4,1900,seq_1144,0.1875
UViT-v2 config4,1900,seq_1147,0.45
UViT-v2 config4,1900,seq_1161,0.225
UViT-v2 config4,1900,seq_1164,0.55
UViT-v2 config4,1900,seq_1167,0.29375
UViT-v2 config4,1900,seq_1170,0.4625
UViT-v2 config4,1900,seq_1189,0.4375
UViT-v2 config4,1900,seq_1194,0.2875
UViT-v2 config4,1900,seq_1201,0.25
UViT-v2 config4,1900,seq_1211,0.375
UViT-v2 config4,1900,seq_1214,0.35
UViT-v2 config4,1900,seq_1226,0.475
UViT-v2 config4,1900,seq_1230,0.225
UViT-v2 config4,1900,seq_1233,0.5
UViT-v2 config4,1900,seq_1234,0.5
UViT-v2 config4,1900,seq_1236,0.55
UViT-v2 config4,1900,seq_1246,0.5625
UViT-v2 config4,1900,seq_1270,0.375
UViT-v2 config4,1900,seq_1291,0.475
UViT-v2 config4,1900,seq_1292,0.4625
UViT-v2 config4,1900,seq_1294,0.43125
UViT-v2 config4,1900,seq_1308,0.44375
UViT-v2 config4,1900,seq_1313,0.38125
UViT-v2 config4,1900,seq_1316,0.4
UViT-v2 config4,1900,seq_1318,0.45625
UViT-v2 config4,1900,seq_1321,0.5
UViT-v2 config4,1900,seq_1331,0.2625
UViT-v2 config4,1900,seq_1342,0.425
UViT-v2 config4,1900,seq_1344,0.275
UViT-v2 config4,1900,seq_1376,0.48125
UViT-v2 config4,1900,seq_1390,0.19375
UViT-v2 config4,1900,seq_1396,0.34375
UViT-v2 config4,1900,seq_1403,0.5625
UViT-v2 config4,1900,seq_1404,0.35
UViT-v2 config4,1900,seq_1420,0.3625
UViT-v2 config4,1900,seq_1425,0.2375
UViT-v2 config4,1900,seq_1443,0.46875
UViT-v2 config4,1900,seq_1477,0.50625
UViT-v2 config4,1900,seq_1480,0.4875
UViT-v2 config4,1900,seq_1481,0.3625
UViT-v2 config4,1900,seq_1490,0.55625
UViT-v2 config4,1900,seq_1495,0.38125
UViT-v2 config4,1900,seq_1497,0.4375
UViT-v2 config4,1900,seq_1513,0.3375
UViT-v2 config4,1900,seq_1520,0.3125
UViT-v2 config4,1900,seq_1525,0.48125
UViT-v2 config4,1900,seq_1528,0.4125
UViT-v2 config4,1900,seq_1529,0.4375
UViT-v2 config4,1900,seq_1531,0.49375
UViT-v2 config4,1900,seq_1536,0.41875
UViT-v2 config4,1900,seq_1546,0.13125
UViT-v2 config4,1900,seq_1585,0.43125
UViT-v2 config4,1900,seq_1589,0.5
UViT-v2 config4,1900,seq_1592,0.40625
UViT-v2 config4,1900,seq_1605,0.375
UViT-v2 config4,1900,seq_1613,0.5125
UViT-v2 config4,1900,seq_1626,0.4
UViT-v2 config4,1900,seq_1634,0.23125
UViT-v2 config4,1900,seq_1639,0.34375
UViT-v2 config4,1900,seq_1645,0.425
UViT-v2 config4,1900,seq_1647,0.40625
UViT-v2 config4,1900,seq_1648,0.53125
UViT-v2 config4,1900,seq_1655,0.26875
UViT-v2 config4,1900,seq_1670,0.525
UViT-v2 config4,1900,seq_1675,0.45625
UViT-v2 config4,1900,seq_1680,0.525
UViT-v2 config4,1900,seq_1681,0.5125
UViT-v2 config4,1900,seq_1685,0.275
UViT-v2 config4,1900,seq_1698,0.46875
UViT-v2 config4,1900,seq_1714,0.35625
UViT-v2 config4,1900,seq_1730,0.4875
UViT-v2 config4,1900,seq_1744,0.38125
UViT-v2 config4,1900,seq_1747,0.51875
UViT-v2 config4,1900,seq_1748,0.45625
UViT-v2 config4,1900,seq_1754,0.36875
UViT-v2 config4,1900,seq_1772,0.475
UViT-v2 config4,1900,seq_1776,0.38125
UViT-v2 config4,1900,seq_1777,0.35
UViT-v2 config4,1900,seq_1791,0.41875
UViT-v2 config4,1900,seq_1797,0.1125
UViT-v2 config4,1900,seq_1825,0.50625
UViT-v2 config4,1900,seq_1828,0.06875
UViT-v2 config4,1900,seq_1833,0.35
UViT-v2 config4,1900,seq_1859,0.425
UViT-v2 config4,1900,seq_1870,0.0
UViT-v2 config4,1900,seq_1875,0.4875
UViT-v2 config4,1900,seq_1877,0.375
UViT-v2 config4,1900,seq_1881,0.33125
UViT-v2 config4,1900,seq_1887,0.53125
UViT-v2 config4,1900,seq_1890,0.35625
UViT-v2 config4,1900,seq_1892,0.325
UViT-v2 config4,1900,seq_1895,0.475
UViT-v2 config4,1900,seq_1900,0.5125
UViT-v2 config4,1900,seq_1912,0.36875
UViT-v2 config4,1900,seq_1925,0.3125
UViT-v2 config4,1900,seq_1941,0.51875
UViT-v2 config4,1900,seq_1959,0.425
UViT-v2 config4,1900,seq_1965,0.34375
UViT-v2 config4,1900,seq_1977,0.44375
UViT-v2 config4,1900,seq_1983,0.5125
UViT-v2 config4,1900,seq_1984,0.45625
UViT-v2 config4,1900,seq_1989,0.24375
UViT-v2 config4,1900,seq_1990,0.3875
UViT-v2 config4,1900,seq_2025,0.375
UViT-v2 config4,1900,seq_2038,0.4125
UViT-v2 config4,1900,seq_2042,0.35625
UViT-v2 config4,1900,seq_2046,0.5
UViT-v2 config4,1900,seq_2061,0.45625
UViT-v2 config4,1900,seq_2069,0.2375
UViT-v2 config4,1900,seq_2074,0.35625
UViT-v2 config4,1900,seq_2086,0.40625
UViT-v2 config4,1900,seq_2089,0.3625
UViT-v2 config4,1900,seq_2092,0.45625
UViT-v2 config4,1900,seq_2104,0.3
UViT-v2 config4,1900,seq_2144,0.40625
UViT-v2 config4,1900,seq_2145,0.425
UViT-v2 config4,1900,seq_2147,0.4625
UViT-v2 config4,1900,seq_2154,0.5625
UViT-v2 config4,1900,seq_2166,0.1
UViT-v2 config4,1900,seq_2168,0.04375
UViT-v2 config4,1900,seq_2171,0.3875
UViT-v2 config4,1900,seq_2185,0.5875
UViT-v2 config4,1900,seq_2201,0.41875
UViT-v2 config4,1900,seq_2224,0.35
UViT-v2 config4,1900,seq_2237,0.4875
UViT-v2 config4,1900,seq_2241,0.525
UViT-v2 config4,1900,seq_2267,0.48125
UViT-v2 config4,1900,seq_2268,0.4
UViT-v2 config4,1900,seq_2287,0.49375
UViT-v2 config4,1900,seq_2288,0.5
UViT-v2 config4,1900,seq_2297,0.5
UViT-v2 config4,1900,seq_2307,0.41875
UViT-v2 config4,1900,seq_2331,0.4125
UViT-v2 config4,1900,seq_2341,0.41875
UViT-v2 config4,1900,seq_2345,0.40625
UViT-v2 config4,1900,seq_2362,0.56875
UViT-v2 config4,1900,seq_2370,0.5
UViT-v2 config4,1900,seq_2386,0.51875
UViT-v2 config4,1900,seq_2415,0.45625
UViT-v2 config4,1900,seq_2418,0.39375
UViT-v2 config4,1900,seq_2427,0.45625
UViT-v2 config4,1900,seq_2435,0.5125
UViT-v2 config4,1900,seq_2442,0.4125
UViT-v2 config4,1900,seq_2443,0.36875
UViT-v2 config4,1900,seq_2445,0.53125
UViT-v2 config4,1900,seq_2472,0.4375
UViT-v2 config4,1900,seq_2486,0.35
UViT-v2 config4,1900,seq_2493,0.41875
UViT-v2 config4,1900,seq_2497,0.45
UViT-v2 config4,1900,seq_2504,0.4125
UViT-v2 config4,1900,seq_2505,0.45625
UViT-v2 config4,1900,seq_2507,0.30625
UViT-v2 config4,1900,seq_2523,0.29375
UViT-v2 config4,1900,seq_2530,0.375
UViT-v2 config4,1900,seq_2533,0.3875
UViT-v2 config4,1900,seq_2537,0.45
UViT-v2 config4,1900,seq_2547,0.3625
UViT-v2 config4,1900,seq_2548,0.45625
UViT-v2 config4,1900,seq_2565,0.375
UViT-v2 config4,1900,seq_2574,0.40625
UViT-v2 config4,1900,seq_2580,0.48125
UViT-v2 config4,1900,seq_2585,0.45625
UViT-v2 config4,1900,seq_2589,0.35625
UViT-v2 config4,1900,seq_2592,0.38125
UViT-v2 config4,1900,seq_2595,0.30625
UViT-v2 config4,1900,seq_2608,0.51875
UViT-v2 config4,1900,seq_2609,0.425
UViT-v2 config4,1900,seq_2616,0.6
UViT-v2 config4,1900,seq_2622,0.4375
UViT-v2 config4,1900,seq_2635,0.225
UViT-v2 config4,1900,seq_2647,0.53125
UViT-v2 config4,1900,seq_2648,0.4625
UViT-v2 config4,1900,seq_2663,0.29375
UViT-v2 config4,1900,seq_2665,0.45
UViT-v2 config4,1900,seq_2678,0.43125
UViT-v2 config4,1900,seq_2684,0.36875
UViT-v2 config4,1900,seq_2696,0.4375
UViT-v2 config4,1900,seq_2698,0.525
UViT-v2 config4,1900,seq_2705,0.38125
UViT-v2 config4,1900,seq_2706,0.48125
UViT-v2 config4,1900,seq_2719,0.3375
UViT-v2 config4,1900,seq_2725,0.3375
UViT-v2 config4,1900,seq_2726,0.45
UViT-v2 config4,1900,seq_2750,0.425
UViT-v2 config4,1900,seq_2781,0.35
UViT-v2 config4,1900,seq_2786,0.4
UViT-v2 config4,1900,seq_2804,0.45
UViT-v2 config4,1900,seq_2848,0.43125
UViT-v2 config4,1900,seq_2852,0.39375
UViT-v2 config4,1900,seq_2869,0.2875
UViT-v2 config4,1900,seq_2871,0.5
UViT-v2 config4,1900,seq_2878,0.41875
UViT-v2 config4,1900,seq_2882,0.3625
UViT-v2 config4,1900,seq_2886,0.41875
UViT-v2 config4,1900,seq_2901,0.4
UViT-v2 config4,1900,seq_2926,0.29375
UViT-v2 config4,1900,seq_2928,0.53125
UViT-v2 config4,1900,seq_2939,0.4
UViT-v2 config4,1900,seq_2940,0.4
UViT-v2 config4,1900,seq_2951,0.31875
UViT-v2 config4,1900,seq_2974,0.3375
UViT-v2 config4,1900,seq_2978,0.3125
UViT-v2 config4,1900,seq_2980,0.58125
UViT-v2 config4,1900,seq_3007,0.33125
UViT-v2 config4,1900,seq_3021,0.3875
UViT-v2 config4,1900,seq_3034,0.4
UViT-v2 config4,1900,seq_3045,0.46875
UViT-v2 config4,1900,seq_3074,0.5125
UViT-v2 config4,1900,seq_3091,0.45
UViT-v2 config4,1900,seq_3112,0.35625
UViT-v2 config4,1900,seq_3115,0.275
UViT-v2 config4,1900,seq_3116,0.41875
UViT-v2 config4,1900,seq_3117,0.46875
UViT-v2 config4,1900,seq_3120,0.51875
UViT-v2 config4,1900,seq_3123,0.45
UViT-v2 config4,1900,seq_3131,0.43125
UViT-v2 config4,1900,seq_3139,0.2625
UViT-v2 config4,1900,seq_3140,0.40625
UViT-v2 config4,1900,seq_3144,0.4875
UViT-v2 config4,1900,seq_3151,0.41875
UViT-v2 config4,1900,seq_3156,0.425
UViT-v2 config4,1900,seq_3165,0.46875
UViT-v2 config4,1900,seq_3181,0.39375
UViT-v2 config4,1900,seq_3186,0.48125
UViT-v2 config4,1900,seq_3229,0.4125
UViT-v2 config4,1900,seq_3242,0.39375
UViT-v2 config4,1900,seq_3250,0.45625
UViT-v2 config4,1900,seq_3258,0.4625
UViT-v2 config4,1900,seq_3259,0.4875
UViT-v2 config4,1900,seq_3263,0.45625
UViT-v2 config4,1900,seq_3264,0.3
UViT-v2 config4,1900,seq_3267,0.475
UViT-v2 config4,1900,seq_3270,0.25
UViT-v2 config4,1900,seq_3290,0.325
UViT-v2 config4,1900,seq_3296,0.55
UViT-v2 config4,1900,seq_3336,0.475
UViT-v2 config4,1900,seq_3347,0.45625
UViT-v2 config4,1900,seq_3389,0.43125
UViT-v2 config4,1900,seq_3405,0.4125
UViT-v2 config4,1900,seq_3433,0.51875
UViT-v2 config4,1900,seq_3442,0.3625
UViT-v2 config4,1900,seq_3444,0.475
UViT-v2 config4,1900,seq_3451,0.4375
UViT-v2 config4,1900,seq_3457,0.48125
UViT-v2 config4,1900,seq_3458,0.4125
UViT-v2 config4,1900,seq_3468,0.3625
UViT-v2 config4,1900,seq_3471,0.53125
UViT-v2 config4,1900,seq_3476,0.31875
UViT-v2 config4,1900,seq_3484,0.4625
UViT-v2 config4,1900,seq_3493,0.2875
UViT-v2 config4,1900,seq_3502,0.44375
UViT-v2 config4,1900,seq_3503,0.46875
UViT-v2 config4,1900,seq_3506,0.2125
UViT-v2 config4,1900,seq_3511,0.5125
UViT-v2 config4,1900,seq_3528,0.4375
UViT-v2 config4,1900,seq_3546,0.2625
UViT-v2 config4,1900,seq_3567,0.35625
UViT-v2 config4,1900,seq_3572,0.36875
UViT-v2 config4,1900,seq_3583,0.3375
UViT-v2 config4,1900,seq_3586,0.35
UViT-v2 config4,1900,seq_3589,0.4375
UViT-v2 config4,1900,seq_3594,0.4625
UViT-v2 config4,1900,seq_3596,0.425
UViT-v2 config4,1900,seq_3599,0.53125
UViT-v2 config4,1900,seq_3609,0.3
UViT-v2 config4,1900,seq_3612,0.40625
UViT-v2 config4,1900,seq_3614,0.4375
UViT-v2 config4,1900,seq_3627,0.475
UViT-v2 config4,1900,seq_3631,0.24375
UViT-v2 config4,1900,seq_3645,0.36875
UViT-v2 config4,1900,seq_3653,0.3375
UViT-v2 config4,1900,seq_3658,0.28125
UViT-v2 config4,1900,seq_3674,0.4375
UViT-v2 config4,1900,seq_3681,0.4
UViT-v2 config4,1900,seq_3682,0.5
UViT-v2 config4,1900,seq_3684,0.51875
UViT-v2 config4,1900,seq_3697,0.4125
UViT-v2 config4,1900,seq_3698,0.49375
UViT-v2 config4,1900,seq_3728,0.33125
UViT-v2 config4,1900,seq_3729,0.39375
UViT-v2 config4,1900,seq_3734,0.36875
UViT-v2 config4,1900,seq_3751,0.425
UViT-v2 config4,1900,seq_3753,0.425
UViT-v2 config4,1900,seq_3771,0.48125
UViT-v2 config4,1900,seq_3778,0.40625
UViT-v2 config4,1900,seq_3789,0.2875
UViT-v2 config4,1900,seq_3793,0.5375
UViT-v2 config4,1900,seq_3805,0.30625
UViT-v2 config4,1900,seq_3812,0.50625
UViT-v2 config4,1900,seq_3815,0.26875
UViT-v2 config4,1900,seq_3825,0.50625
UViT-v2 config4,1900,seq_3827,0.40625
UViT-v2 config4,1900,seq_3831,0.4625
UViT-v2 config4,1900,seq_3842,0.41875
UViT-v2 config4,1900,seq_3847,0.50625
UViT-v2 config4,1900,seq_3849,0.43125
UViT-v2 config4,1900,seq_3854,0.425
UViT-v2 config4,1900,seq_3873,0.30625
UViT-v2 config4,1900,seq_3879,0.46875
UViT-v2 config4,1900,seq_3887,0.5
UViT-v2 config4,1900,seq_3900,0.34375
UViT-v2 config4,1900,seq_3909,0.43125
UViT-v2 config4,1900,seq_3911,0.4375
UViT-v2 config4,1900,seq_3913,0.4125
UViT-v2 config4,1900,seq_3920,0.49375
UViT-v2 config4,1900,seq_3921,0.475
UViT-v2 config4,1900,seq_3924,0.4125
UViT-v2 config4,1900,seq_3930,0.475
UViT-v2 config4,1900,seq_3938,0.43125
UViT-v2 config4,1900,seq_3946,0.54375
UViT-v2 config4,1900,seq_3947,0.54375
UViT-v2 config4,1900,seq_3955,0.50625
UViT-v2 config4,1900,seq_3979,0.55
UViT-v2 config4,1900,seq_3982,0.475
UViT-v2 config4,1900,seq_3987,0.46875
UViT-v2 config4,1900,seq_3994,0.4625
UViT-v2 config4,1900,seq_3996,0.425
UViT-v2 config4,1900,seq_3998,0.4125
UViT-v2 config4,1900,seq_4001,0.55625
UViT-v2 config4,1900,seq_4003,0.31875
UViT-v2 config4,1900,seq_4011,0.45625
UViT-v2 config4,1900,seq_4012,0.36875
UViT-v2 config4,1900,seq_4013,0.44375
UViT-v2 config4,1900,seq_4023,0.35625
UViT-v2 config4,1900,seq_4034,0.40625
UViT-v2 config4,1900,seq_4041,0.2625
UViT-v2 config4,1900,seq_4051,0.375
UViT-v2 config4,1900,seq_4052,0.55625
UViT-v2 config4,1900,seq_4062,0.5375
UViT-v2 config4,1900,seq_4066,0.44375
UViT-v2 config4,1900,seq_4067,0.325
UViT-v2 config4,1900,seq_4074,0.4
UViT-v2 config4,1900,seq_4083,0.3375
UViT-v2 config4,1900,seq_4089,0.28125
UViT-v2 config4,1900,seq_4093,0.46875
UViT-v2 config4,1900,seq_4098,0.375
UViT-v2 config4,1900,seq_4103,0.3125
UViT-v2 config4,1900,seq_4107,0.48125
UViT-v2 config4,1900,seq_4115,0.3625
UViT-v2 config4,1900,seq_4119,0.45
UViT-v2 config4,1900,seq_4120,0.5125
UViT-v2 config4,1900,seq_4134,0.44375
UViT-v2 config4,1900,seq_4136,0.50625
UViT-v2 config4,1900,seq_4137,0.04375
UViT-v2 config4,1900,seq_4162,0.24375
UViT-v2 config4,1900,seq_4174,0.45625
UViT-v2 config4,1900,seq_4184,0.29375
UViT-v2 config4,1900,seq_4199,0.4375
UViT-v2 config4,1900,seq_4211,0.5125
UViT-v2 config4,1900,seq_4233,0.3625
UViT-v2 config4,1900,seq_4247,0.59375
UViT-v2 config4,1900,seq_4263,0.5125
UViT-v2 config4,1900,seq_4273,0.51875
UViT-v2 config4,1900,seq_4280,0.475
UViT-v2 config4,1900,seq_4292,0.36875
UViT-v2 config4,1900,seq_4296,0.45
UViT-v2 config4,1900,seq_4305,0.5
UViT-v2 config4,1900,seq_4316,0.51875
UViT-v2 config4,1900,seq_4326,0.49375
UViT-v2 config4,1900,seq_4333,0.45625
UViT-v2 config4,1900,seq_4334,0.3375
UViT-v2 config4,1900,seq_4335,0.2625
UViT-v2 config4,1900,seq_4336,0.375
UViT-v2 config4,1900,seq_4340,0.29375
UViT-v2 config4,1900,seq_4343,0.36875
UViT-v2 config4,1900,seq_4346,0.34375
UViT-v2 config4,1900,seq_4350,0.48125
UViT-v2 config4,1900,seq_4352,0.6125
UViT-v2 config4,1900,seq_4353,0.29375
UViT-v2 config4,1900,seq_4372,0.38125
UViT-v2 config4,1900,seq_4375,0.4875
UViT-v2 config4,1900,seq_4376,0.4
UViT-v2 config4,1900,seq_4378,0.5125
UViT-v2 config4,1900,seq_4387,0.23125
UViT-v2 config4,1900,seq_4398,0.3125
UViT-v2 config4,1900,seq_4416,0.1625
UViT-v2 config4,1900,seq_4423,0.63125
UViT-v2 config4,1900,seq_4426,0.41875
UViT-v2 config4,1900,seq_4439,0.51875
UViT-v2 config4,1900,seq_4452,0.44375
UViT-v2 config4,1900,seq_4461,0.45
UViT-v2 config4,1900,seq_4463,0.53125
UViT-v2 config4,1900,seq_4466,0.38125
UViT-v2 config4,1900,seq_4472,0.43125
UViT-v2 config4,1900,seq_4480,0.26875
UViT-v2 config4,1900,seq_4495,0.4625
UViT-v2 config4,1900,seq_4498,0.475
UViT-v2 config4,1900,seq_4500,0.4625
UViT-v2 config4,1900,seq_4507,0.38125
UViT-v2 config4,1900,seq_4527,0.425
UViT-v2 config4,1900,seq_4531,0.5375
UViT-v2 config4,1900,seq_4534,0.475
UViT-v2 config4,1900,seq_4544,0.43125
UViT-v2 config4,1900,seq_4553,0.475
UViT-v2 config4,1900,seq_4555,0.46875
UViT-v2 config4,1900,seq_4558,0.3625
UViT-v2 config4,1900,seq_4559,0.4375
UViT-v2 config4,1900,seq_4563,0.425
UViT-v2 config4,1900,seq_4564,0.50625
UViT-v2 config4,1900,seq_4565,0.50625
UViT-v2 config4,1900,seq_4570,0.4
UViT-v2 config4,1900,seq_4574,0.4125
UViT-v2 config4,1900,seq_4582,0.39375
UViT-v2 config4,1900,seq_4617,0.31875
UViT-v2 config4,1900,seq_4633,0.28125
UViT-v2 config4,1900,seq_4635,0.25625
UViT-v2 config4,1900,seq_4637,0.30625
UViT-v2 config4,1900,seq_4650,0.35625
UViT-v2 config4,1900,seq_4659,0.46875
UViT-v2 config4,1900,seq_4670,0.4125
UViT-v2 config4,1900,seq_4674,0.475
UViT-v2 config4,1900,seq_4682,0.35
UViT-v2 config4,1900,seq_4690,0.45625
UViT-v2 config4,1900,seq_4701,0.3
UViT-v2 config4,1900,seq_4709,0.36875
UViT-v2 config4,1900,seq_4713,0.1375
UViT-v2 config4,1900,seq_4720,0.3375
UViT-v2 config4,1900,seq_4721,0.53125
UViT-v2 config4,1900,seq_4723,0.44375
UViT-v2 config4,1900,seq_4729,0.43125
UViT-v2 config4,1900,seq_4742,0.5125
UViT-v2 config4,1900,seq_4772,0.26875
UViT-v2 config4,1900,seq_4782,0.2625
UViT-v2 config4,1900,seq_4787,0.58125
UViT-v2 config4,1900,seq_4804,0.35625
UViT-v2 config4,1900,seq_4807,0.43125
UViT-v2 config4,1900,seq_4809,0.4125
UViT-v2 config4,1900,seq_4821,0.46875
UViT-v2 config4,1900,seq_4836,0.46875
UViT-v2 config4,1900,seq_4838,0.3125
UViT-v2 config4,1900,seq_4845,0.46875
UViT-v2 config4,1900,seq_4848,0.5
UViT-v2 config4,1900,seq_4854,0.3625
UViT-v2 config4,1900,seq_4862,0.4375
UViT-v2 config4,1900,seq_4872,0.4375
UViT-v2 config4,1900,seq_4890,0.54375
UViT-v2 config4,1900,seq_4892,0.2
UViT-v2 config4,1900,seq_4893,0.6
UViT-v2 config4,1900,seq_4902,0.4375
UViT-v2 config4,1900,seq_4906,0.4125
UViT-v2 config4,1900,seq_4907,0.375
UViT-v2 config4,1900,seq_4916,0.45
UViT-v2 config4,1900,seq_4921,0.34375
UViT-v2 config4,1900,seq_4931,0.41875
UViT-v2 config4,1900,seq_4942,0.40625
UViT-v2 config4,1900,seq_4950,0.375
UViT-v2 config4,1900,seq_4952,0.60625
UViT-v2 config4,1900,seq_4953,0.53125
UViT-v2 config4,1900,seq_4957,0.475
UViT-v2 config4,1900,seq_4979,0.48125
UViT-v2 config4,1900,seq_4983,0.44375
UViT-v2 config4,1900,seq_5001,0.25625
UViT-v2 config4,1900,seq_5004,0.54375
UViT-v2 config4,1900,seq_5017,0.38125
UViT-v2 config4,1900,seq_5024,0.39375
UViT-v2 config4,1900,seq_5039,0.4625
UViT-v2 config4,1900,seq_5040,0.2
UViT-v2 config4,1900,seq_5051,0.48125
UViT-v2 config4,1900,seq_5062,0.41875
UViT-v2 config4,1900,seq_5068,0.3875
UViT-v2 config4,1900,seq_5086,0.39375
UViT-v2 config4,1900,seq_5092,0.3625
UViT-v2 config4,1900,seq_5097,0.28125
UViT-v2 config4,1900,seq_5108,0.46875
UViT-v2 config4,1900,seq_5112,0.25
UViT-v2 config4,1900,seq_5139,0.45625
UViT-v2 config4,1900,seq_5140,0.5625
UViT-v2 config4,1900,seq_5144,0.44375
UViT-v2 config4,1900,seq_5148,0.44375
UViT-v2 config4,1900,seq_5154,0.5125
UViT-v2 config4,1900,seq_5156,0.3
UViT-v2 config4,1900,seq_5169,0.55
UViT-v2 config4,1900,seq_5170,0.23125
UViT-v2 config4,1900,seq_5181,0.2625
UViT-v2 config4,1900,seq_5184,0.4625
UViT-v2 config4,1900,seq_5189,0.31875
UViT-v2 config4,1900,seq_5199,0.33125
UViT-v2 config4,1900,seq_5214,0.48125
UViT-v2 config4,1900,seq_5239,0.3625
UViT-v2 config4,1900,seq_5261,0.4125
UViT-v2 config4,1900,seq_5273,0.4625
UViT-v2 config4,1900,seq_5280,0.4
UViT-v2 config4,1900,seq_5281,0.35625
UViT-v2 config4,1900,seq_5297,0.50625
UViT-v2 config4,1900,seq_5311,0.3375
UViT-v2 config4,1900,seq_5314,0.54375
UViT-v2 config4,1900,seq_5315,0.275
UViT-v2 config4,1900,seq_5326,0.44375
UViT-v2 config4,1900,seq_5345,0.475
UViT-v2 config4,1900,seq_5353,0.23125
UViT-v2 config4,1900,seq_5356,0.61875
UViT-v2 config4,1900,seq_5364,0.375
UViT-v2 config4,1900,seq_5375,0.24375
UViT-v2 config4,1900,seq_5379,0.43125
UViT-v2 config4,1900,seq_5384,0.40625
UViT-v2 config4,1900,seq_5404,0.125
UViT-v2 config4,1900,seq_5410,0.59375
UViT-v2 config4,1900,seq_5414,0.4375
UViT-v2 config4,1900,seq_5420,0.45
UViT-v2 config4,1900,seq_5422,0.43125
UViT-v2 config4,1900,seq_5426,0.29375
UViT-v2 config4,1900,seq_5440,0.4625
UViT-v2 config4,1900,seq_5443,0.475
UViT-v2 config4,1900,seq_5447,0.35
UViT-v2 config4,1900,seq_5461,0.25
UViT-v2 config4,1900,seq_5465,0.45625
UViT-v2 config4,1900,seq_5492,0.30625
UViT-v2 config4,1900,seq_5503,0.39375
UViT-v2 config4,1900,seq_5508,0.43125
UViT-v2 config4,1900,seq_5512,0.35
UViT-v2 config4,1900,seq_5515,0.24375
UViT-v2 config4,1900,seq_5530,0.425
UViT-v2 config4,1900,seq_5540,0.19375
UViT-v2 config4,1900,seq_5547,0.4125
UViT-v2 config4,1900,seq_5550,0.48125
UViT-v2 config4,1900,seq_5560,0.4125
UViT-v2 config4,1900,seq_5569,0.53125
UViT-v2 config4,1900,seq_5574,0.40625
UViT-v2 config4,1900,seq_5575,0.28125
UViT-v2 config4,1900,seq_5577,0.34375
UViT-v2 config4,1900,seq_5583,0.5125
UViT-v2 config4,1900,seq_5591,0.43125
UViT-v2 config4,1900,seq_5618,0.35625
UViT-v2 config4,1900,seq_5633,0.48125
UViT-v2 config4,1900,seq_5636,0.3125
UViT-v2 config4,1900,seq_5655,0.5375
UViT-v2 config4,1900,seq_5662,0.45625
UViT-v2 config4,1900,seq_5664,0.425
UViT-v2 config4,1900,seq_5689,0.38125
UViT-v2 config4,1900,seq_5701,0.4625
UViT-v2 config4,1900,seq_5719,0.5
UViT-v2 config4,1900,seq_5729,0.48125
UViT-v2 config4,1900,seq_5734,0.4875
UViT-v2 config4,1900,seq_5754,0.4875
UViT-v2 config4,1900,seq_5764,0.4375
UViT-v2 config4,1900,seq_5765,0.48125
UViT-v2 config4,1900,seq_5773,0.41875
UViT-v2 config4,1900,seq_5795,0.3375
UViT-v2 config4,1900,seq_5805,0.28125
UViT-v2 config4,1900,seq_5814,0.35625
UViT-v2 config4,1900,seq_5821,0.475
UViT-v2 config4,1900,seq_5863,0.50625
UViT-v2 config4,1900,seq_5874,0.41875
UViT-v2 config4,1900,seq_5882,0.31875
UViT-v2 config4,1900,seq_5913,0.45625
UViT-v2 config4,1900,seq_5926,0.55
UViT-v2 config4,1900,seq_5928,0.4625
UViT-v2 config4,1900,seq_5931,0.25625
UViT-v2 config4,1900,seq_5935,0.46875
UViT-v2 config4,1900,seq_5948,0.35625
UViT-v2 config4,1900,seq_5968,0.0
UViT-v2 config4,1900,seq_5975,0.35
UViT-v2 config4,1900,seq_5978,0.28125
UViT-v2 config4,1900,seq_5993,0.45
UViT-v2 config4,1900,seq_5995,0.30625
UViT-v2 config4,1900,seq_6039,0.35625
UViT-v2 config4,1900,seq_6044,0.41875
UViT-v2 config4,1900,seq_6047,0.33125
UViT-v2 config4,1900,seq_6050,0.49375
UViT-v2 config4,1900,seq_6055,0.4625
UViT-v2 config4,1900,seq_6066,0.46875
UViT-v2 config4,1900,seq_6072,0.4375
UViT-v2 config4,1900,seq_6087,0.46875
UViT-v2 config4,1900,seq_6119,0.35625
UViT-v2 config4,1900,seq_6127,0.3875
UViT-v2 config4,1900,seq_6142,0.54375
UViT-v2 config4,1900,seq_6150,0.5375
UViT-v2 config4,1900,seq_6181,0.43125
UViT-v2 config4,1900,seq_6202,0.225
UViT-v2 config4,1900,seq_6210,0.41875
UViT-v2 config4,1900,seq_6212,0.51875
UViT-v2 config4,1900,seq_6217,0.575
UViT-v2 config4,1900,seq_6225,0.0
UViT-v2 config4,1900,seq_6227,0.43125
UViT-v2 config4,1900,seq_6228,0.23125
UViT-v2 config4,1900,seq_6233,0.41875
UViT-v2 config4,1900,seq_6243,0.36875
UViT-v2 config4,1900,seq_6247,0.43125
UViT-v2 config4,1900,seq_6249,0.41875
UViT-v2 config4,1900,seq_6253,0.44375
UViT-v2 config4,1900,seq_6268,0.45625
UViT-v2 config4,1900,seq_6275,0.46875
UViT-v2 config4,1900,seq_6276,0.25625
UViT-v2 config4,1900,seq_6285,0.4
UViT-v2 config4,1900,seq_6292,0.31875
UViT-v2 config4,1900,seq_6303,0.2375
UViT-v2 config4,1900,seq_6305,0.39375
UViT-v2 config4,1900,seq_6312,0.54375
UViT-v2 config4,1900,seq_6326,0.225
UViT-v2 config4,1900,seq_6372,0.53125
UViT-v2 config4,1900,seq_6382,0.45625
UViT-v2 config4,1900,seq_6390,0.51875
UViT-v2 config4,1900,seq_6397,0.3625
UViT-v2 config4,1900,seq_6456,0.4625
UViT-v2 config4,1900,seq_6465,0.26875
UViT-v2 config4,1900,seq_6483,0.44375
UViT-v2 config4,1900,seq_6485,0.35
UViT-v2 config4,1900,seq_6499,0.55
UViT-v2 config4,1900,seq_6512,0.4125
UViT-v2 config4,1900,seq_6513,0.5
UViT-v2 config4,1900,seq_6529,0.40625
UViT-v2 config4,1900,seq_6538,0.00625
UViT-v2 config4,1900,seq_6544,0.45625
UViT-v2 config4,1900,seq_6548,0.26875
UViT-v2 config4,1900,seq_6549,0.4125
UViT-v2 config4,1900,seq_6562,0.4375
UViT-v2 config4,1900,seq_6566,0.28125
UViT-v2 config4,1900,seq_6571,0.4
UViT-v2 config4,1900,seq_6573,0.36875
UViT-v2 config4,1900,seq_6593,0.35625
UViT-v2 config4,1900,seq_6595,0.425
UViT-v2 config4,1900,seq_6597,0.41875
UViT-v2 config4,1900,seq_6616,0.43125
UViT-v2 config4,1900,seq_6623,0.55625
UViT-v2 config4,1900,seq_6625,0.425
UViT-v2 config4,1900,seq_6626,0.475
UViT-v2 config4,1900,seq_6654,0.3375
UViT-v2 config4,1900,seq_6659,0.45
UViT-v2 config4,1900,seq_6670,0.50625
UViT-v2 config4,1900,seq_6679,0.23125
UViT-v2 config4,1900,seq_6685,0.5
UViT-v2 config4,1900,seq_6690,0.39375
UViT-v2 config4,1900,seq_6691,0.4625
UViT-v2 config4,1900,seq_6692,0.20625
UViT-v2 config4,1900,seq_6694,0.55625
UViT-v2 config4,1900,seq_6718,0.49375
UViT-v2 config4,1900,seq_6731,0.425
UViT-v2 config4,1900,seq_6736,0.48125
UViT-v2 config4,1900,seq_6745,0.4
UViT-v2 config4,1900,seq_6746,0.58125
UViT-v2 config4,1900,seq_6752,0.38125
UViT-v2 config4,1900,seq_6756,0.4375
UViT-v2 config4,1900,seq_6771,0.55625
UViT-v2 config4,1900,seq_6791,0.4625
UViT-v2 config4,1900,seq_6798,0.425
UViT-v2 config4,1900,seq_6799,0.33125
UViT-v2 config4,1900,seq_6808,0.45625
UViT-v2 config4,1900,seq_6813,0.43125
UViT-v2 config4,1900,seq_6819,0.44375
UViT-v2 config4,1900,seq_6866,0.35
UViT-v2 config4,1900,seq_6869,0.4125
UViT-v2 config4,1900,seq_6874,0.48125
UViT-v2 config4,1900,seq_6883,0.40625
UViT-v2 config4,1900,seq_6884,0.31875
UViT-v2 config4,1900,seq_6889,0.28125
UViT-v2 config4,1900,seq_6907,0.2875
UViT-v2 config4,1900,seq_6913,0.4625
UViT-v2 config4,1900,seq_6917,0.50625
UViT-v2 config4,1900,seq_6925,0.425
UViT-v2 config4,1900,seq_6931,0.375
UViT-v2 config4,1900,seq_6933,0.36875
UViT-v2 config4,1900,seq_6940,0.48125
UViT-v2 config4,1900,seq_6952,0.3875
UViT-v2 config4,1900,seq_6966,0.5625
UViT-v2 config4,1900,seq_6972,0.45
UViT-v2 config4,1900,seq_6992,0.45
UViT-v2 config4,1900,seq_7008,0.4375
UViT-v2 config4,1900,seq_7019,0.15625
UViT-v2 config4,1900,seq_7020,0.45625
UViT-v2 config4,1900,seq_7023,0.2
UViT-v2 config4,1900,seq_7026,0.39375
UViT-v2 config4,1900,seq_7042,0.33125
UViT-v2 config4,1900,seq_7044,0.28125
UViT-v2 config4,1900,seq_7057,0.41875
UViT-v2 config4,1900,seq_7063,0.39375
UViT-v2 config4,1900,seq_7067,0.33125
UViT-v2 config4,1900,seq_7079,0.21875
UViT-v2 config4,1900,seq_7103,0.3375
UViT-v2 config4,1900,seq_7111,0.3375
UViT-v2 config4,1900,seq_7120,0.46875
UViT-v2 config4,1900,seq_7124,0.21875
UViT-v2 config4,1900,seq_7136,0.33125
UViT-v2 config4,1900,seq_7137,0.375
UViT-v2 config4,1900,seq_7141,0.33125
UViT-v2 config4,1900,seq_7142,0.4125
UViT-v2 config4,1900,seq_7145,0.48125
UViT-v2 config4,1900,seq_7150,0.51875
UViT-v2 config4,1900,seq_7173,0.4
UViT-v2 config4,1900,seq_7178,0.4375
UViT-v2 config4,1900,seq_7179,0.3625
UViT-v2 config4,1900,seq_7180,0.45625
UViT-v2 config4,1900,seq_7196,0.29375
UViT-v2 config4,1900,seq_7207,0.50625
UViT-v2 config4,1900,seq_7214,0.46875
UViT-v2 config4,1900,seq_7217,0.43125
UViT-v2 config4,1900,seq_7223,0.475
UViT-v2 config4,1900,seq_7238,0.3875
UViT-v2 config4,1900,seq_7239,0.4
UViT-v2 config4,1900,seq_7240,0.4
UViT-v2 config4,1900,seq_7243,0.3625
UViT-v2 config4,1900,seq_7245,0.5
UViT-v2 config4,1900,seq_7246,0.45625
UViT-v2 config4,1900,seq_7252,0.48125
UViT-v2 config4,1900,seq_7254,0.28125
UViT-v2 config4,1900,seq_7261,0.23125
UViT-v2 config4,1900,seq_7270,0.325
UViT-v2 config4,1900,seq_7306,0.5125
UViT-v2 config4,1900,seq_7317,0.2375
UViT-v2 config4,1900,seq_7343,0.46875
UViT-v2 config4,1900,seq_7351,0.26875
UViT-v2 config4,1900,seq_7360,0.29375
UViT-v2 config4,1900,seq_7374,0.39375
UViT-v2 config4,1900,seq_7382,0.45
UViT-v2 config4,1900,seq_7386,0.35
UViT-v2 config4,1900,seq_7398,0.45
UViT-v2 config4,1900,seq_7429,0.35625
UViT-v2 config4,1900,seq_7434,0.4625
UViT-v2 config4,1900,seq_7435,0.425
UViT-v2 config4,1900,seq_7439,0.20625
UViT-v2 config4,1900,seq_7450,0.38125
UViT-v2 config4,1900,seq_7452,0.4125
UViT-v2 config4,1900,seq_7455,0.425
UViT-v2 config4,1900,seq_7461,0.40625
UViT-v2 config4,1900,seq_7462,0.4
UViT-v2 config4,1900,seq_7479,0.475
UViT-v2 config4,1900,seq_7484,0.25
UViT-v2 config4,1900,seq_7485,0.40625
UViT-v2 config4,1900,seq_7487,0.53125
UViT-v2 config4,1900,seq_7492,0.225
UViT-v2 config4,1900,seq_7509,0.29375
UViT-v2 config4,1900,seq_7518,0.50625
UViT-v2 config4,1900,seq_7528,0.4125
UViT-v2 config4,1900,seq_7530,0.4
UViT-v2 config4,1900,seq_7533,0.36875
UViT-v2 config4,1900,seq_7542,0.54375
UViT-v2 config4,1900,seq_7556,0.41875
UViT-v2 config4,1900,seq_7561,0.3875
UViT-v2 config4,1900,seq_7565,0.4875
UViT-v2 config4,1900,seq_7570,0.575
UViT-v2 config4,1900,seq_7574,0.51875
UViT-v2 config4,1900,seq_7580,0.35
UViT-v2 config4,1900,seq_7607,0.45
UViT-v2 config4,1900,seq_7612,0.475
UViT-v2 config4,1900,seq_7613,0.3625
UViT-v2 config4,1900,seq_7614,0.43125
UViT-v2 config4,1900,seq_7617,0.48125
UViT-v2 config4,1900,seq_7619,0.45
UViT-v2 config4,1900,seq_7620,0.475
UViT-v2 config4,1900,seq_7623,0.4125
UViT-v2 config4,1900,seq_7634,0.4
UViT-v2 config4,1900,seq_7652,0.5125
UViT-v2 config4,1900,seq_7658,0.35625
UViT-v2 config4,1900,seq_7669,0.34375
UViT-v2 config4,1900,seq_7674,0.35625
UViT-v2 config4,1900,seq_7680,0.39375
UViT-v2 config4,1900,seq_7691,0.4
UViT-v2 config4,1900,seq_7693,0.4
UViT-v2 config4,1900,seq_7700,0.4
UViT-v2 config4,1900,seq_7701,0.5
UViT-v2 config4,1900,seq_7706,0.49375
UViT-v2 config4,1900,seq_7709,0.4375
UViT-v2 config4,1900,seq_7712,0.4125
UViT-v2 config4,1900,seq_7725,0.275
UViT-v2 config4,1900,seq_7737,0.35625
UViT-v2 config4,1900,seq_7745,0.5
UViT-v2 config4,1900,seq_7750,0.1625
UViT-v2 config4,1900,seq_7753,0.61875
UViT-v2 config4,1900,seq_7754,0.5625
UViT-v2 config4,1900,seq_7759,0.36875
UViT-v2 config4,1900,seq_7778,0.4875
UViT-v2 config4,1900,seq_7785,0.29375
UViT-v2 config4,1900,seq_7788,0.425
UViT-v2 config4,1900,seq_7801,0.525
UViT-v2 config4,1900,seq_7812,0.3625
UViT-v2 config4,1900,seq_7815,0.4375
UViT-v2 config4,1900,seq_7828,0.53125
UViT-v2 config4,1900,seq_7844,0.4125
UViT-v2 config4,1900,seq_7887,0.375
UViT-v2 config4,1900,seq_7895,0.4875
UViT-v2 config4,1900,seq_7906,0.41875
UViT-v2 config4,1900,seq_7917,0.51875
UViT-v2 config4,1900,seq_7922,0.40625
UViT-v2 config4,1900,seq_7934,0.25
UViT-v2 config4,1900,seq_7936,0.48125
UViT-v2 config4,1900,seq_7940,0.475
UViT-v2 config4,1900,seq_7942,0.575
UViT-v2 config4,1900,seq_7954,0.3
UViT-v2 config4,1900,seq_7957,0.3375
UViT-v2 config4,1900,seq_7963,0.425
UViT-v2 config4,1900,seq_7974,0.46875
UViT-v2 config4,1900,seq_7989,0.45
UViT-v2 config4,1900,seq_7995,0.55
UViT-v2 config4,1900,seq_8000,0.36875
UViT-v2 config4,1900,seq_8005,0.5
UViT-v2 config4,1900,seq_8006,0.35625
UViT-v2 config4,1900,seq_8023,0.43125
UViT-v2 config4,1900,seq_8032,0.375
UViT-v2 config4,1900,seq_8042,0.5125
UViT-v2 config4,1900,seq_8043,0.41875
UViT-v2 config4,1900,seq_8057,0.475
UViT-v2 config4,1900,seq_8086,0.4125
UViT-v2 config4,1900,seq_8091,0.4875
UViT-v2 config4,1900,seq_8099,0.4875
UViT-v2 config4,1900,seq_8100,0.4375
UViT-v2 config4,1900,seq_8116,0.55
UViT-v2 config4,1900,seq_8118,0.09375
UViT-v2 config4,1900,seq_8139,0.575
UViT-v2 config4,1900,seq_8154,0.33125
UViT-v2 config4,1900,seq_8166,0.4875
UViT-v2 config4,1900,seq_8168,0.3625
UViT-v2 config4,1900,seq_8180,0.425
UViT-v2 config4,1900,seq_8200,0.55625
UViT-v2 config4,1900,seq_8202,0.5
UViT-v2 config4,1900,seq_8222,0.5625
UViT-v2 config4,1900,seq_8230,0.38125
UViT-v2 config4,1900,seq_8239,0.45
UViT-v2 config4,1900,seq_8271,0.01875
UViT-v2 config4,1900,seq_8280,0.5125
UViT-v2 config4,1900,seq_8281,0.5375
UViT-v2 config4,1900,seq_8289,0.33125
UViT-v2 config4,1900,seq_8290,0.5125
UViT-v2 config4,1900,seq_8309,0.3625
UViT-v2 config4,1900,seq_8318,0.5
UViT-v2 config4,1900,seq_8319,0.36875
UViT-v2 config4,1900,seq_8321,0.43125
UViT-v2 config4,1900,seq_8328,0.3875
UViT-v2 config4,1900,seq_8338,0.49375
UViT-v2 config4,1900,seq_8347,0.2375
UViT-v2 config4,1900,seq_8349,0.275
UViT-v2 config4,1900,seq_8376,0.33125
UViT-v2 config4,1900,seq_8380,0.3375
UViT-v2 config4,1900,seq_8424,0.24375
UViT-v2 config4,1900,seq_8432,0.33125
UViT-v2 config4,1900,seq_8446,0.425
UViT-v2 config4,1900,seq_8465,0.4625
UViT-v2 config4,1900,seq_8480,0.4875
UViT-v2 config4,1900,seq_8487,0.48125
UViT-v2 config4,1900,seq_8495,0.45625
UViT-v2 config4,1900,seq_8503,0.53125
UViT-v2 config4,1900,seq_8519,0.4375
UViT-v2 config4,1900,seq_8541,0.4
UViT-v2 config4,1900,seq_8549,0.3125
UViT-v2 config4,1900,seq_8562,0.55
UViT-v2 config4,1900,seq_8566,0.30625
UViT-v2 config4,1900,seq_8596,0.45625
UViT-v2 config4,1900,seq_8618,0.28125
UViT-v2 config4,1900,seq_8646,0.4375
UViT-v2 config4,1900,seq_8667,0.25625
UViT-v2 config4,1900,seq_8670,0.425
UViT-v2 config4,1900,seq_8690,0.2625
UViT-v2 config4,1900,seq_8698,0.46875
UViT-v2 config4,1900,seq_8699,0.46875
UViT-v2 config4,1900,seq_8702,0.4625
UViT-v2 config4,1900,seq_8703,0.43125
UViT-v2 config4,1900,seq_8728,0.49375
UViT-v2 config4,1900,seq_8729,0.4
UViT-v2 config4,1900,seq_8743,0.3
UViT-v2 config4,1900,seq_8752,0.4625
UViT-v2 config4,1900,seq_8780,0.41875
UViT-v2 config4,1900,seq_8786,0.53125
UViT-v2 config4,1900,seq_8787,0.2875
UViT-v2 config4,1900,seq_8792,0.43125
UViT-v2 config4,1900,seq_8798,0.4125
UViT-v2 config4,1900,seq_8809,0.45
UViT-v2 config4,1900,seq_8818,0.3875
UViT-v2 config4,1900,seq_8819,0.375
UViT-v2 config4,1900,seq_8822,0.40625
UViT-v2 config4,1900,seq_8825,0.475
UViT-v2 config4,1900,seq_8831,0.38125
UViT-v2 config4,1900,seq_8835,0.3875
UViT-v2 config4,1900,seq_8836,0.46875
UViT-v2 config4,1900,seq_8838,0.45
UViT-v2 config4,1900,seq_8848,0.1
UViT-v2 config4,1900,seq_8850,0.48125
UViT-v2 config4,1900,seq_8857,0.29375
UViT-v2 config4,1900,seq_8865,0.49375
UViT-v2 config4,1900,seq_8884,0.30625
UViT-v2 config4,1900,seq_8890,0.5
UViT-v2 config4,1900,seq_8891,0.41875
UViT-v2 config4,1900,seq_8901,0.51875
UViT-v2 config4,1900,seq_8904,0.39375
UViT-v2 config4,1900,seq_8923,0.44375
UViT-v2 config4,1900,seq_8929,0.3125
UViT-v2 config4,1900,seq_8936,0.425
UViT-v2 config4,1900,seq_8939,0.45
UViT-v2 config4,1900,seq_8948,0.5125
UViT-v2 config4,1900,seq_8956,0.425
UViT-v2 config4,1900,seq_8977,0.54375
UViT-v2 config4,1900,seq_8978,0.44375
UViT-v2 config4,1900,seq_8999,0.51875
UViT-v2 config4,1800,seq_7,0.375
UViT-v2 config4,1800,seq_10,0.4375
UViT-v2 config4,1800,seq_19,0.6875
UViT-v2 config4,1800,seq_28,0.45
UViT-v2 config4,1800,seq_36,0.85625
UViT-v2 config4,1800,seq_43,0.3625
UViT-v2 config4,1800,seq_44,0.16875
UViT-v2 config4,1800,seq_54,0.46875
UViT-v2 config4,1800,seq_59,0.81875
UViT-v2 config4,1800,seq_91,0.625
UViT-v2 config4,1800,seq_97,0.4625
UViT-v2 config4,1800,seq_107,0.58125
UViT-v2 config4,1800,seq_118,0.51875
UViT-v2 config4,1800,seq_129,0.425
UViT-v2 config4,1800,seq_133,0.3
UViT-v2 config4,1800,seq_153,0.38125
UViT-v2 config4,1800,seq_154,0.3375
UViT-v2 config4,1800,seq_159,0.625
UViT-v2 config4,1800,seq_167,0.43125
UViT-v2 config4,1800,seq_189,0.35
UViT-v2 config4,1800,seq_201,0.39375
UViT-v2 config4,1800,seq_208,0.3875
UViT-v2 config4,1800,seq_225,0.65
UViT-v2 config4,1800,seq_229,0.675
UViT-v2 config4,1800,seq_232,0.4125
UViT-v2 config4,1800,seq_242,0.3625
UViT-v2 config4,1800,seq_252,0.39375
UViT-v2 config4,1800,seq_283,0.39375
UViT-v2 config4,1800,seq_318,0.7
UViT-v2 config4,1800,seq_320,0.6375
UViT-v2 config4,1800,seq_321,0.6625
UViT-v2 config4,1800,seq_334,0.5125
UViT-v2 config4,1800,seq_340,0.58125
UViT-v2 config4,1800,seq_345,0.51875
UViT-v2 config4,1800,seq_360,0.30625
UViT-v2 config4,1800,seq_388,0.3875
UViT-v2 config4,1800,seq_401,0.35625
UViT-v2 config4,1800,seq_407,0.375
UViT-v2 config4,1800,seq_410,0.59375
UViT-v2 config4,1800,seq_411,0.35625
UViT-v2 config4,1800,seq_421,0.5375
UViT-v2 config4,1800,seq_424,0.2625
UViT-v2 config4,1800,seq_435,0.43125
UViT-v2 config4,1800,seq_442,0.45
UViT-v2 config4,1800,seq_445,0.53125
UViT-v2 config4,1800,seq_453,0.5375
UViT-v2 config4,1800,seq_471,0.45
UViT-v2 config4,1800,seq_473,0.74375
UViT-v2 config4,1800,seq_475,0.54375
UViT-v2 config4,1800,seq_476,0.63125
UViT-v2 config4,1800,seq_489,0.38125
UViT-v2 config4,1800,seq_509,0.7125
UViT-v2 config4,1800,seq_515,0.3875
UViT-v2 config4,1800,seq_521,0.44375
UViT-v2 config4,1800,seq_526,0.65625
UViT-v2 config4,1800,seq_535,0.38125
UViT-v2 config4,1800,seq_547,0.35
UViT-v2 config4,1800,seq_589,0.4375
UViT-v2 config4,1800,seq_591,0.59375
UViT-v2 config4,1800,seq_602,0.36875
UViT-v2 config4,1800,seq_607,0.575
UViT-v2 config4,1800,seq_627,0.5375
UViT-v2 config4,1800,seq_635,0.28125
UViT-v2 config4,1800,seq_646,0.675
UViT-v2 config4,1800,seq_652,0.6
UViT-v2 config4,1800,seq_654,0.45
UViT-v2 config4,1800,seq_660,0.31875
UViT-v2 config4,1800,seq_673,0.725
UViT-v2 config4,1800,seq_686,0.675
UViT-v2 config4,1800,seq_712,0.5375
UViT-v2 config4,1800,seq_716,0.7875
UViT-v2 config4,1800,seq_723,0.68125
UViT-v2 config4,1800,seq_728,0.6625
UViT-v2 config4,1800,seq_746,0.48125
UViT-v2 config4,1800,seq_751,0.4375
UViT-v2 config4,1800,seq_754,0.3875
UViT-v2 config4,1800,seq_758,0.3625
UViT-v2 config4,1800,seq_772,0.41875
UViT-v2 config4,1800,seq_804,0.5625
UViT-v2 config4,1800,seq_822,0.5375
UViT-v2 config4,1800,seq_823,0.40625
UViT-v2 config4,1800,seq_824,0.5
UViT-v2 config4,1800,seq_829,0.31875
UViT-v2 config4,1800,seq_833,0.31875
UViT-v2 config4,1800,seq_842,0.5875
UViT-v2 config4,1800,seq_846,0.38125
UViT-v2 config4,1800,seq_854,0.36875
UViT-v2 config4,1800,seq_879,0.43125
UViT-v2 config4,1800,seq_888,0.61875
UViT-v2 config4,1800,seq_889,0.44375
UViT-v2 config4,1800,seq_894,0.3625
UViT-v2 config4,1800,seq_917,0.75
UViT-v2 config4,1800,seq_920,0.33125
UViT-v2 config4,1800,seq_932,0.3625
UViT-v2 config4,1800,seq_937,0.6375
UViT-v2 config4,1800,seq_950,0.4625
UViT-v2 config4,1800,seq_959,0.41875
UViT-v2 config4,1800,seq_961,0.4
UViT-v2 config4,1800,seq_965,0.36875
UViT-v2 config4,1800,seq_978,0.325
UViT-v2 config4,1800,seq_987,0.4625
UViT-v2 config4,1800,seq_994,0.5875
UViT-v2 config4,1800,seq_999,0.625
UViT-v2 config4,1800,seq_1021,0.375
UViT-v2 config4,1800,seq_1036,0.53125
UViT-v2 config4,1800,seq_1041,0.43125
UViT-v2 config4,1800,seq_1050,0.6625
UViT-v2 config4,1800,seq_1053,0.45
UViT-v2 config4,1800,seq_1071,0.38125
UViT-v2 config4,1800,seq_1085,0.70625
UViT-v2 config4,1800,seq_1105,0.35625
UViT-v2 config4,1800,seq_1114,0.5125
UViT-v2 config4,1800,seq_1122,0.45
UViT-v2 config4,1800,seq_1123,0.61875
UViT-v2 config4,1800,seq_1125,0.70625
UViT-v2 config4,1800,seq_1128,0.575
UViT-v2 config4,1800,seq_1130,0.49375
UViT-v2 config4,1800,seq_1134,0.43125
UViT-v2 config4,1800,seq_1138,0.7875
UViT-v2 config4,1800,seq_1140,0.69375
UViT-v2 config4,1800,seq_1144,0.31875
UViT-v2 config4,1800,seq_1147,0.69375
UViT-v2 config4,1800,seq_1161,0.6125
UViT-v2 config4,1800,seq_1164,0.4625
UViT-v2 config4,1800,seq_1167,0.55
UViT-v2 config4,1800,seq_1170,0.8375
UViT-v2 config4,1800,seq_1189,0.50625
UViT-v2 config4,1800,seq_1194,0.44375
UViT-v2 config4,1800,seq_1201,0.31875
UViT-v2 config4,1800,seq_1211,0.38125
UViT-v2 config4,1800,seq_1214,0.74375
UViT-v2 config4,1800,seq_1226,0.54375
UViT-v2 config4,1800,seq_1230,0.46875
UViT-v2 config4,1800,seq_1233,0.3875
UViT-v2 config4,1800,seq_1234,0.575
UViT-v2 config4,1800,seq_1236,0.375
UViT-v2 config4,1800,seq_1246,0.55
UViT-v2 config4,1800,seq_1270,0.65
UViT-v2 config4,1800,seq_1291,0.41875
UViT-v2 config4,1800,seq_1292,0.78125
UViT-v2 config4,1800,seq_1294,0.64375
UViT-v2 config4,1800,seq_1308,0.60625
UViT-v2 config4,1800,seq_1313,0.44375
UViT-v2 config4,1800,seq_1316,0.70625
UViT-v2 config4,1800,seq_1318,0.33125
UViT-v2 config4,1800,seq_1321,0.5375
UViT-v2 config4,1800,seq_1331,0.61875
UViT-v2 config4,1800,seq_1342,0.68125
UViT-v2 config4,1800,seq_1344,0.75
UViT-v2 config4,1800,seq_1376,0.475
UViT-v2 config4,1800,seq_1390,0.36875
UViT-v2 config4,1800,seq_1396,0.50625
UViT-v2 config4,1800,seq_1403,0.73125
UViT-v2 config4,1800,seq_1404,0.375
UViT-v2 config4,1800,seq_1420,0.4
UViT-v2 config4,1800,seq_1425,0.525
UViT-v2 config4,1800,seq_1443,0.44375
UViT-v2 config4,1800,seq_1477,0.39375
UViT-v2 config4,1800,seq_1480,0.33125
UViT-v2 config4,1800,seq_1481,0.43125
UViT-v2 config4,1800,seq_1490,0.425
UViT-v2 config4,1800,seq_1495,0.61875
UViT-v2 config4,1800,seq_1497,0.80625
UViT-v2 config4,1800,seq_1513,0.56875
UViT-v2 config4,1800,seq_1520,0.64375
UViT-v2 config4,1800,seq_1525,0.36875
UViT-v2 config4,1800,seq_1528,0.525
UViT-v2 config4,1800,seq_1529,0.625
UViT-v2 config4,1800,seq_1531,0.51875
UViT-v2 config4,1800,seq_1536,0.225
UViT-v2 config4,1800,seq_1546,0.2375
UViT-v2 config4,1800,seq_1585,0.575
UViT-v2 config4,1800,seq_1589,0.3
UViT-v2 config4,1800,seq_1592,0.24375
UViT-v2 config4,1800,seq_1605,0.45
UViT-v2 config4,1800,seq_1613,0.50625
UViT-v2 config4,1800,seq_1626,0.4375
UViT-v2 config4,1800,seq_1634,0.49375
UViT-v2 config4,1800,seq_1639,0.35
UViT-v2 config4,1800,seq_1645,0.7
UViT-v2 config4,1800,seq_1647,0.375
UViT-v2 config4,1800,seq_1648,0.63125
UViT-v2 config4,1800,seq_1655,0.69375
UViT-v2 config4,1800,seq_1670,0.375
UViT-v2 config4,1800,seq_1675,0.4625
UViT-v2 config4,1800,seq_1680,0.65
UViT-v2 config4,1800,seq_1681,0.44375
UViT-v2 config4,1800,seq_1685,0.45
UViT-v2 config4,1800,seq_1698,0.25
UViT-v2 config4,1800,seq_1714,0.38125
UViT-v2 config4,1800,seq_1730,0.45625
UViT-v2 config4,1800,seq_1744,0.5625
UViT-v2 config4,1800,seq_1747,0.34375
UViT-v2 config4,1800,seq_1748,0.7
UViT-v2 config4,1800,seq_1754,0.65
UViT-v2 config4,1800,seq_1772,0.44375
UViT-v2 config4,1800,seq_1776,0.68125
UViT-v2 config4,1800,seq_1777,0.2125
UViT-v2 config4,1800,seq_1791,0.44375
UViT-v2 config4,1800,seq_1797,0.33125
UViT-v2 config4,1800,seq_1825,0.6125
UViT-v2 config4,1800,seq_1828,0.30625
UViT-v2 config4,1800,seq_1833,0.6125
UViT-v2 config4,1800,seq_1859,0.425
UViT-v2 config4,1800,seq_1870,0.41875
UViT-v2 config4,1800,seq_1875,0.48125
UViT-v2 config4,1800,seq_1877,0.4
UViT-v2 config4,1800,seq_1881,0.675
UViT-v2 config4,1800,seq_1887,0.35625
UViT-v2 config4,1800,seq_1890,0.65625
UViT-v2 config4,1800,seq_1892,0.54375
UViT-v2 config4,1800,seq_1895,0.5625
UViT-v2 config4,1800,seq_1900,0.61875
UViT-v2 config4,1800,seq_1912,0.325
UViT-v2 config4,1800,seq_1925,0.6375
UViT-v2 config4,1800,seq_1941,0.80625
UViT-v2 config4,1800,seq_1959,0.4625
UViT-v2 config4,1800,seq_1965,0.5125
UViT-v2 config4,1800,seq_1977,0.4875
UViT-v2 config4,1800,seq_1983,0.40625
UViT-v2 config4,1800,seq_1984,0.3875
UViT-v2 config4,1800,seq_1989,0.55
UViT-v2 config4,1800,seq_1990,0.375
UViT-v2 config4,1800,seq_2025,0.59375
UViT-v2 config4,1800,seq_2038,0.475
UViT-v2 config4,1800,seq_2042,0.575
UViT-v2 config4,1800,seq_2046,0.65
UViT-v2 config4,1800,seq_2061,0.59375
UViT-v2 config4,1800,seq_2069,0.6375
UViT-v2 config4,1800,seq_2074,0.45
UViT-v2 config4,1800,seq_2086,0.4375
UViT-v2 config4,1800,seq_2089,0.70625
UViT-v2 config4,1800,seq_2092,0.25
UViT-v2 config4,1800,seq_2104,0.3625
UViT-v2 config4,1800,seq_2144,0.36875
UViT-v2 config4,1800,seq_2145,0.49375
UViT-v2 config4,1800,seq_2147,0.54375
UViT-v2 config4,1800,seq_2154,0.40625
UViT-v2 config4,1800,seq_2166,0.59375
UViT-v2 config4,1800,seq_2168,0.36875
UViT-v2 config4,1800,seq_2171,0.44375
UViT-v2 config4,1800,seq_2185,0.26875
UViT-v2 config4,1800,seq_2201,0.3875
UViT-v2 config4,1800,seq_2224,0.46875
UViT-v2 config4,1800,seq_2237,0.68125
UViT-v2 config4,1800,seq_2241,0.41875
UViT-v2 config4,1800,seq_2267,0.71875
UViT-v2 config4,1800,seq_2268,0.3125
UViT-v2 config4,1800,seq_2287,0.4375
UViT-v2 config4,1800,seq_2288,0.4
UViT-v2 config4,1800,seq_2297,0.50625
UViT-v2 config4,1800,seq_2307,0.38125
UViT-v2 config4,1800,seq_2331,0.625
UViT-v2 config4,1800,seq_2341,0.41875
UViT-v2 config4,1800,seq_2345,0.475
UViT-v2 config4,1800,seq_2362,0.34375
UViT-v2 config4,1800,seq_2370,0.4125
UViT-v2 config4,1800,seq_2386,0.45
UViT-v2 config4,1800,seq_2415,0.4125
UViT-v2 config4,1800,seq_2418,0.45625
UViT-v2 config4,1800,seq_2427,0.65
UViT-v2 config4,1800,seq_2435,0.675
UViT-v2 config4,1800,seq_2442,0.60625
UViT-v2 config4,1800,seq_2443,0.35
UViT-v2 config4,1800,seq_2445,0.34375
UViT-v2 config4,1800,seq_2472,0.43125
UViT-v2 config4,1800,seq_2486,0.5875
UViT-v2 config4,1800,seq_2493,0.2
UViT-v2 config4,1800,seq_2497,0.50625
UViT-v2 config4,1800,seq_2504,0.45
UViT-v2 config4,1800,seq_2505,0.2125
UViT-v2 config4,1800,seq_2507,0.675
UViT-v2 config4,1800,seq_2523,0.6375
UViT-v2 config4,1800,seq_2530,0.39375
UViT-v2 config4,1800,seq_2533,0.575
UViT-v2 config4,1800,seq_2537,0.775
UViT-v2 config4,1800,seq_2547,0.60625
UViT-v2 config4,1800,seq_2548,0.26875
UViT-v2 config4,1800,seq_2565,0.4875
UViT-v2 config4,1800,seq_2574,0.35625
UViT-v2 config4,1800,seq_2580,0.48125
UViT-v2 config4,1800,seq_2585,0.4
UViT-v2 config4,1800,seq_2589,0.38125
UViT-v2 config4,1800,seq_2592,0.675
UViT-v2 config4,1800,seq_2595,0.74375
UViT-v2 config4,1800,seq_2608,0.4375
UViT-v2 config4,1800,seq_2609,0.43125
UViT-v2 config4,1800,seq_2616,0.375
UViT-v2 config4,1800,seq_2622,0.49375
UViT-v2 config4,1800,seq_2635,0.425
UViT-v2 config4,1800,seq_2647,0.65625
UViT-v2 config4,1800,seq_2648,0.65
UViT-v2 config4,1800,seq_2663,0.61875
UViT-v2 config4,1800,seq_2665,0.28125
UViT-v2 config4,1800,seq_2678,0.40625
UViT-v2 config4,1800,seq_2684,0.825
UViT-v2 config4,1800,seq_2696,0.56875
UViT-v2 config4,1800,seq_2698,0.3875
UViT-v2 config4,1800,seq_2705,0.6375
UViT-v2 config4,1800,seq_2706,0.5
UViT-v2 config4,1800,seq_2719,0.65
UViT-v2 config4,1800,seq_2725,0.74375
UViT-v2 config4,1800,seq_2726,0.425
UViT-v2 config4,1800,seq_2750,0.38125
UViT-v2 config4,1800,seq_2781,0.39375
UViT-v2 config4,1800,seq_2786,0.3125
UViT-v2 config4,1800,seq_2804,0.6
UViT-v2 config4,1800,seq_2848,0.48125
UViT-v2 config4,1800,seq_2852,0.4625
UViT-v2 config4,1800,seq_2869,0.3875
UViT-v2 config4,1800,seq_2871,0.7
UViT-v2 config4,1800,seq_2878,0.5
UViT-v2 config4,1800,seq_2882,0.44375
UViT-v2 config4,1800,seq_2886,0.625
UViT-v2 config4,1800,seq_2901,0.525
UViT-v2 config4,1800,seq_2926,0.31875
UViT-v2 config4,1800,seq_2928,0.48125
UViT-v2 config4,1800,seq_2939,0.35
UViT-v2 config4,1800,seq_2940,0.2875
UViT-v2 config4,1800,seq_2951,0.34375
UViT-v2 config4,1800,seq_2974,0.74375
UViT-v2 config4,1800,seq_2978,0.36875
UViT-v2 config4,1800,seq_2980,0.6625
UViT-v2 config4,1800,seq_3007,0.39375
UViT-v2 config4,1800,seq_3021,0.65625
UViT-v2 config4,1800,seq_3034,0.4375
UViT-v2 config4,1800,seq_3045,0.45625
UViT-v2 config4,1800,seq_3074,0.375
UViT-v2 config4,1800,seq_3091,0.425
UViT-v2 config4,1800,seq_3112,0.775
UViT-v2 config4,1800,seq_3115,0.6875
UViT-v2 config4,1800,seq_3116,0.675
UViT-v2 config4,1800,seq_3117,0.3
UViT-v2 config4,1800,seq_3120,0.5875
UViT-v2 config4,1800,seq_3123,0.525
UViT-v2 config4,1800,seq_3131,0.525
UViT-v2 config4,1800,seq_3139,0.33125
UViT-v2 config4,1800,seq_3140,0.54375
UViT-v2 config4,1800,seq_3144,0.3125
UViT-v2 config4,1800,seq_3151,0.325
UViT-v2 config4,1800,seq_3156,0.40625
UViT-v2 config4,1800,seq_3165,0.4
UViT-v2 config4,1800,seq_3181,0.275
UViT-v2 config4,1800,seq_3186,0.6125
UViT-v2 config4,1800,seq_3229,0.70625
UViT-v2 config4,1800,seq_3242,0.48125
UViT-v2 config4,1800,seq_3250,0.84375
UViT-v2 config4,1800,seq_3258,0.25
UViT-v2 config4,1800,seq_3259,0.375
UViT-v2 config4,1800,seq_3263,0.5
UViT-v2 config4,1800,seq_3264,0.5875
UViT-v2 config4,1800,seq_3267,0.39375
UViT-v2 config4,1800,seq_3270,0.34375
UViT-v2 config4,1800,seq_3290,0.4625
UViT-v2 config4,1800,seq_3296,0.35
UViT-v2 config4,1800,seq_3336,0.40625
UViT-v2 config4,1800,seq_3347,0.4625
UViT-v2 config4,1800,seq_3389,0.39375
UViT-v2 config4,1800,seq_3405,0.5
UViT-v2 config4,1800,seq_3433,0.4625
UViT-v2 config4,1800,seq_3442,0.7
UViT-v2 config4,1800,seq_3444,0.41875
UViT-v2 config4,1800,seq_3451,0.6375
UViT-v2 config4,1800,seq_3457,0.59375
UViT-v2 config4,1800,seq_3458,0.56875
UViT-v2 config4,1800,seq_3468,0.64375
UViT-v2 config4,1800,seq_3471,0.7125
UViT-v2 config4,1800,seq_3476,0.49375
UViT-v2 config4,1800,seq_3484,0.4125
UViT-v2 config4,1800,seq_3493,0.5
UViT-v2 config4,1800,seq_3502,0.38125
UViT-v2 config4,1800,seq_3503,0.73125
UViT-v2 config4,1800,seq_3506,0.53125
UViT-v2 config4,1800,seq_3511,0.46875
UViT-v2 config4,1800,seq_3528,0.63125
UViT-v2 config4,1800,seq_3546,0.43125
UViT-v2 config4,1800,seq_3567,0.4875
UViT-v2 config4,1800,seq_3572,0.50625
UViT-v2 config4,1800,seq_3583,0.44375
UViT-v2 config4,1800,seq_3586,0.33125
UViT-v2 config4,1800,seq_3589,0.3625
UViT-v2 config4,1800,seq_3594,0.3625
UViT-v2 config4,1800,seq_3596,0.36875
UViT-v2 config4,1800,seq_3599,0.40625
UViT-v2 config4,1800,seq_3609,0.3375
UViT-v2 config4,1800,seq_3612,0.4375
UViT-v2 config4,1800,seq_3614,0.375
UViT-v2 config4,1800,seq_3627,0.4625
UViT-v2 config4,1800,seq_3631,0.675
UViT-v2 config4,1800,seq_3645,0.45
UViT-v2 config4,1800,seq_3653,0.41875
UViT-v2 config4,1800,seq_3658,0.425
UViT-v2 config4,1800,seq_3674,0.46875
UViT-v2 config4,1800,seq_3681,0.4625
UViT-v2 config4,1800,seq_3682,0.4125
UViT-v2 config4,1800,seq_3684,0.2875
UViT-v2 config4,1800,seq_3697,0.43125
UViT-v2 config4,1800,seq_3698,0.4625
UViT-v2 config4,1800,seq_3728,0.725
UViT-v2 config4,1800,seq_3729,0.53125
UViT-v2 config4,1800,seq_3734,0.3
UViT-v2 config4,1800,seq_3751,0.375
UViT-v2 config4,1800,seq_3753,0.425
UViT-v2 config4,1800,seq_3771,0.38125
UViT-v2 config4,1800,seq_3778,0.55
UViT-v2 config4,1800,seq_3789,0.48125
UViT-v2 config4,1800,seq_3793,0.6625
UViT-v2 config4,1800,seq_3805,0.61875
UViT-v2 config4,1800,seq_3812,0.3875
UViT-v2 config4,1800,seq_3815,0.525
UViT-v2 config4,1800,seq_3825,0.475
UViT-v2 config4,1800,seq_3827,0.46875
UViT-v2 config4,1800,seq_3831,0.49375
UViT-v2 config4,1800,seq_3842,0.50625
UViT-v2 config4,1800,seq_3847,0.575
UViT-v2 config4,1800,seq_3849,0.925
UViT-v2 config4,1800,seq_3854,0.4875
UViT-v2 config4,1800,seq_3873,0.36875
UViT-v2 config4,1800,seq_3879,0.625
UViT-v2 config4,1800,seq_3887,0.78125
UViT-v2 config4,1800,seq_3900,0.38125
UViT-v2 config4,1800,seq_3909,0.61875
UViT-v2 config4,1800,seq_3911,0.375
UViT-v2 config4,1800,seq_3913,0.54375
UViT-v2 config4,1800,seq_3920,0.4375
UViT-v2 config4,1800,seq_3921,0.55
UViT-v2 config4,1800,seq_3924,0.60625
UViT-v2 config4,1800,seq_3930,0.3875
UViT-v2 config4,1800,seq_3938,0.45625
UViT-v2 config4,1800,seq_3946,0.7
UViT-v2 config4,1800,seq_3947,0.35
UViT-v2 config4,1800,seq_3955,0.55
UViT-v2 config4,1800,seq_3979,0.38125
UViT-v2 config4,1800,seq_3982,0.71875
UViT-v2 config4,1800,seq_3987,0.7625
UViT-v2 config4,1800,seq_3994,0.4
UViT-v2 config4,1800,seq_3996,0.66875
UViT-v2 config4,1800,seq_3998,0.45625
UViT-v2 config4,1800,seq_4001,0.3625
UViT-v2 config4,1800,seq_4003,0.6
UViT-v2 config4,1800,seq_4011,0.575
UViT-v2 config4,1800,seq_4012,0.40625
UViT-v2 config4,1800,seq_4013,0.5125
UViT-v2 config4,1800,seq_4023,0.56875
UViT-v2 config4,1800,seq_4034,0.64375
UViT-v2 config4,1800,seq_4041,0.4
UViT-v2 config4,1800,seq_4051,0.65
UViT-v2 config4,1800,seq_4052,0.45
UViT-v2 config4,1800,seq_4062,0.59375
UViT-v2 config4,1800,seq_4066,0.5375
UViT-v2 config4,1800,seq_4067,0.4875
UViT-v2 config4,1800,seq_4074,0.425
UViT-v2 config4,1800,seq_4083,0.3
UViT-v2 config4,1800,seq_4089,0.7125
UViT-v2 config4,1800,seq_4093,0.51875
UViT-v2 config4,1800,seq_4098,0.5875
UViT-v2 config4,1800,seq_4103,0.25
UViT-v2 config4,1800,seq_4107,0.38125
UViT-v2 config4,1800,seq_4115,0.48125
UViT-v2 config4,1800,seq_4119,0.425
UViT-v2 config4,1800,seq_4120,0.5875
UViT-v2 config4,1800,seq_4134,0.44375
UViT-v2 config4,1800,seq_4136,0.3
UViT-v2 config4,1800,seq_4137,0.53125
UViT-v2 config4,1800,seq_4162,0.68125
UViT-v2 config4,1800,seq_4174,0.4375
UViT-v2 config4,1800,seq_4184,0.4875
UViT-v2 config4,1800,seq_4199,0.5375
UViT-v2 config4,1800,seq_4211,0.4625
UViT-v2 config4,1800,seq_4233,0.4875
UViT-v2 config4,1800,seq_4247,0.6125
UViT-v2 config4,1800,seq_4263,0.375
UViT-v2 config4,1800,seq_4273,0.43125
UViT-v2 config4,1800,seq_4280,0.45625
UViT-v2 config4,1800,seq_4292,0.66875
UViT-v2 config4,1800,seq_4296,0.63125
UViT-v2 config4,1800,seq_4305,0.4
UViT-v2 config4,1800,seq_4316,0.30625
UViT-v2 config4,1800,seq_4326,0.475
UViT-v2 config4,1800,seq_4333,0.44375
UViT-v2 config4,1800,seq_4334,0.675
UViT-v2 config4,1800,seq_4335,0.35
UViT-v2 config4,1800,seq_4336,0.56875
UViT-v2 config4,1800,seq_4340,0.33125
UViT-v2 config4,1800,seq_4343,0.39375
UViT-v2 config4,1800,seq_4346,0.69375
UViT-v2 config4,1800,seq_4350,0.4875
UViT-v2 config4,1800,seq_4352,0.65625
UViT-v2 config4,1800,seq_4353,0.46875
UViT-v2 config4,1800,seq_4372,0.50625
UViT-v2 config4,1800,seq_4375,0.3375
UViT-v2 config4,1800,seq_4376,0.475
UViT-v2 config4,1800,seq_4378,0.43125
UViT-v2 config4,1800,seq_4387,0.45
UViT-v2 config4,1800,seq_4398,0.29375
UViT-v2 config4,1800,seq_4416,0.24375
UViT-v2 config4,1800,seq_4423,0.5875
UViT-v2 config4,1800,seq_4426,0.4
UViT-v2 config4,1800,seq_4439,0.38125
UViT-v2 config4,1800,seq_4452,0.5
UViT-v2 config4,1800,seq_4461,0.34375
UViT-v2 config4,1800,seq_4463,0.41875
UViT-v2 config4,1800,seq_4466,0.3375
UViT-v2 config4,1800,seq_4472,0.46875
UViT-v2 config4,1800,seq_4480,0.7375
UViT-v2 config4,1800,seq_4495,0.35625
UViT-v2 config4,1800,seq_4498,0.725
UViT-v2 config4,1800,seq_4500,0.35
UViT-v2 config4,1800,seq_4507,0.4875
UViT-v2 config4,1800,seq_4527,0.3875
UViT-v2 config4,1800,seq_4531,0.625
UViT-v2 config4,1800,seq_4534,0.425
UViT-v2 config4,1800,seq_4544,0.49375
UViT-v2 config4,1800,seq_4553,0.69375
UViT-v2 config4,1800,seq_4555,0.60625
UViT-v2 config4,1800,seq_4558,0.76875
UViT-v2 config4,1800,seq_4559,0.425
UViT-v2 config4,1800,seq_4563,0.34375
UViT-v2 config4,1800,seq_4564,0.5
UViT-v2 config4,1800,seq_4565,0.64375
UViT-v2 config4,1800,seq_4570,0.63125
UViT-v2 config4,1800,seq_4574,0.46875
UViT-v2 config4,1800,seq_4582,0.4
UViT-v2 config4,1800,seq_4617,0.2625
UViT-v2 config4,1800,seq_4633,0.3875
UViT-v2 config4,1800,seq_4635,0.25625
UViT-v2 config4,1800,seq_4637,0.76875
UViT-v2 config4,1800,seq_4650,0.53125
UViT-v2 config4,1800,seq_4659,0.725
UViT-v2 config4,1800,seq_4670,0.55
UViT-v2 config4,1800,seq_4674,0.74375
UViT-v2 config4,1800,seq_4682,0.425
UViT-v2 config4,1800,seq_4690,0.53125
UViT-v2 config4,1800,seq_4701,0.5
UViT-v2 config4,1800,seq_4709,0.325
UViT-v2 config4,1800,seq_4713,0.35
UViT-v2 config4,1800,seq_4720,0.40625
UViT-v2 config4,1800,seq_4721,0.53125
UViT-v2 config4,1800,seq_4723,0.0875
UViT-v2 config4,1800,seq_4729,0.3
UViT-v2 config4,1800,seq_4742,0.53125
UViT-v2 config4,1800,seq_4772,0.39375
UViT-v2 config4,1800,seq_4782,0.4375
UViT-v2 config4,1800,seq_4787,0.76875
UViT-v2 config4,1800,seq_4804,0.275
UViT-v2 config4,1800,seq_4807,0.6875
UViT-v2 config4,1800,seq_4809,0.35625
UViT-v2 config4,1800,seq_4821,0.68125
UViT-v2 config4,1800,seq_4836,0.2125
UViT-v2 config4,1800,seq_4838,0.4625
UViT-v2 config4,1800,seq_4845,0.41875
UViT-v2 config4,1800,seq_4848,0.29375
UViT-v2 config4,1800,seq_4854,0.75
UViT-v2 config4,1800,seq_4862,0.55625
UViT-v2 config4,1800,seq_4872,0.4375
UViT-v2 config4,1800,seq_4890,0.6
UViT-v2 config4,1800,seq_4892,0.4125
UViT-v2 config4,1800,seq_4893,0.3625
UViT-v2 config4,1800,seq_4902,0.475
UViT-v2 config4,1800,seq_4906,0.61875
UViT-v2 config4,1800,seq_4907,0.31875
UViT-v2 config4,1800,seq_4916,0.78125
UViT-v2 config4,1800,seq_4921,0.5
UViT-v2 config4,1800,seq_4931,0.6875
UViT-v2 config4,1800,seq_4942,0.68125
UViT-v2 config4,1800,seq_4950,0.45
UViT-v2 config4,1800,seq_4952,0.29375
UViT-v2 config4,1800,seq_4953,0.4
UViT-v2 config4,1800,seq_4957,0.39375
UViT-v2 config4,1800,seq_4979,0.29375
UViT-v2 config4,1800,seq_4983,0.43125
UViT-v2 config4,1800,seq_5001,0.39375
UViT-v2 config4,1800,seq_5004,0.38125
UViT-v2 config4,1800,seq_5017,0.44375
UViT-v2 config4,1800,seq_5024,0.66875
UViT-v2 config4,1800,seq_5039,0.54375
UViT-v2 config4,1800,seq_5040,0.475
UViT-v2 config4,1800,seq_5051,0.7125
UViT-v2 config4,1800,seq_5062,0.6125
UViT-v2 config4,1800,seq_5068,0.68125
UViT-v2 config4,1800,seq_5086,0.36875
UViT-v2 config4,1800,seq_5092,0.45
UViT-v2 config4,1800,seq_5097,0.48125
UViT-v2 config4,1800,seq_5108,0.5375
UViT-v2 config4,1800,seq_5112,0.65
UViT-v2 config4,1800,seq_5139,0.51875
UViT-v2 config4,1800,seq_5140,0.64375
UViT-v2 config4,1800,seq_5144,0.64375
UViT-v2 config4,1800,seq_5148,0.3625
UViT-v2 config4,1800,seq_5154,0.34375
UViT-v2 config4,1800,seq_5156,0.43125
UViT-v2 config4,1800,seq_5169,0.54375
UViT-v2 config4,1800,seq_5170,0.2875
UViT-v2 config4,1800,seq_5181,0.4375
UViT-v2 config4,1800,seq_5184,0.3
UViT-v2 config4,1800,seq_5189,0.425
UViT-v2 config4,1800,seq_5199,0.55625
UViT-v2 config4,1800,seq_5214,0.46875
UViT-v2 config4,1800,seq_5239,0.475
UViT-v2 config4,1800,seq_5261,0.71875
UViT-v2 config4,1800,seq_5273,0.55
UViT-v2 config4,1800,seq_5280,0.53125
UViT-v2 config4,1800,seq_5281,0.45
UViT-v2 config4,1800,seq_5297,0.40625
UViT-v2 config4,1800,seq_5311,0.5
UViT-v2 config4,1800,seq_5314,0.44375
UViT-v2 config4,1800,seq_5315,0.34375
UViT-v2 config4,1800,seq_5326,0.4125
UViT-v2 config4,1800,seq_5345,0.5
UViT-v2 config4,1800,seq_5353,0.5375
UViT-v2 config4,1800,seq_5356,0.6875
UViT-v2 config4,1800,seq_5364,0.51875
UViT-v2 config4,1800,seq_5375,0.475
UViT-v2 config4,1800,seq_5379,0.3875
UViT-v2 config4,1800,seq_5384,0.40625
UViT-v2 config4,1800,seq_5404,0.4125
UViT-v2 config4,1800,seq_5410,0.6125
UViT-v2 config4,1800,seq_5414,0.59375
UViT-v2 config4,1800,seq_5420,0.65
UViT-v2 config4,1800,seq_5422,0.7125
UViT-v2 config4,1800,seq_5426,0.4375
UViT-v2 config4,1800,seq_5440,0.4
UViT-v2 config4,1800,seq_5443,0.4625
UViT-v2 config4,1800,seq_5447,0.325
UViT-v2 config4,1800,seq_5461,0.51875
UViT-v2 config4,1800,seq_5465,0.44375
UViT-v2 config4,1800,seq_5492,0.39375
UViT-v2 config4,1800,seq_5503,0.56875
UViT-v2 config4,1800,seq_5508,0.6875
UViT-v2 config4,1800,seq_5512,0.3625
UViT-v2 config4,1800,seq_5515,0.7125
UViT-v2 config4,1800,seq_5530,0.6
UViT-v2 config4,1800,seq_5540,0.53125
UViT-v2 config4,1800,seq_5547,0.4875
UViT-v2 config4,1800,seq_5550,0.41875
UViT-v2 config4,1800,seq_5560,0.48125
UViT-v2 config4,1800,seq_5569,0.425
UViT-v2 config4,1800,seq_5574,0.33125
UViT-v2 config4,1800,seq_5575,0.50625
UViT-v2 config4,1800,seq_5577,0.44375
UViT-v2 config4,1800,seq_5583,0.3625
UViT-v2 config4,1800,seq_5591,0.50625
UViT-v2 config4,1800,seq_5618,0.425
UViT-v2 config4,1800,seq_5633,0.475
UViT-v2 config4,1800,seq_5636,0.43125
UViT-v2 config4,1800,seq_5655,0.35625
UViT-v2 config4,1800,seq_5662,0.51875
UViT-v2 config4,1800,seq_5664,0.8125
UViT-v2 config4,1800,seq_5689,0.5125
UViT-v2 config4,1800,seq_5701,0.45625
UViT-v2 config4,1800,seq_5719,0.61875
UViT-v2 config4,1800,seq_5729,0.45
UViT-v2 config4,1800,seq_5734,0.09375
UViT-v2 config4,1800,seq_5754,0.45625
UViT-v2 config4,1800,seq_5764,0.43125
UViT-v2 config4,1800,seq_5765,0.3125
UViT-v2 config4,1800,seq_5773,0.48125
UViT-v2 config4,1800,seq_5795,0.5625
UViT-v2 config4,1800,seq_5805,0.65625
UViT-v2 config4,1800,seq_5814,0.61875
UViT-v2 config4,1800,seq_5821,0.45625
UViT-v2 config4,1800,seq_5863,0.3375
UViT-v2 config4,1800,seq_5874,0.41875
UViT-v2 config4,1800,seq_5882,0.35
UViT-v2 config4,1800,seq_5913,0.40625
UViT-v2 config4,1800,seq_5926,0.28125
UViT-v2 config4,1800,seq_5928,0.55
UViT-v2 config4,1800,seq_5931,0.65
UViT-v2 config4,1800,seq_5935,0.68125
UViT-v2 config4,1800,seq_5948,0.59375
UViT-v2 config4,1800,seq_5968,0.45
UViT-v2 config4,1800,seq_5975,0.6625
UViT-v2 config4,1800,seq_5978,0.5
UViT-v2 config4,1800,seq_5993,0.39375
UViT-v2 config4,1800,seq_5995,0.40625
UViT-v2 config4,1800,seq_6039,0.43125
UViT-v2 config4,1800,seq_6044,0.64375
UViT-v2 config4,1800,seq_6047,0.4
UViT-v2 config4,1800,seq_6050,0.50625
UViT-v2 config4,1800,seq_6055,0.375
UViT-v2 config4,1800,seq_6066,0.4375
UViT-v2 config4,1800,seq_6072,0.46875
UViT-v2 config4,1800,seq_6087,0.7375
UViT-v2 config4,1800,seq_6119,0.425
UViT-v2 config4,1800,seq_6127,0.28125
UViT-v2 config4,1800,seq_6142,0.30625
UViT-v2 config4,1800,seq_6150,0.45
UViT-v2 config4,1800,seq_6181,0.3625
UViT-v2 config4,1800,seq_6202,0.3875
UViT-v2 config4,1800,seq_6210,0.36875
UViT-v2 config4,1800,seq_6212,0.375
UViT-v2 config4,1800,seq_6217,0.48125
UViT-v2 config4,1800,seq_6225,0.63125
UViT-v2 config4,1800,seq_6227,0.6625
UViT-v2 config4,1800,seq_6228,0.5125
UViT-v2 config4,1800,seq_6233,0.3
UViT-v2 config4,1800,seq_6243,0.64375
UViT-v2 config4,1800,seq_6247,0.38125
UViT-v2 config4,1800,seq_6249,0.43125
UViT-v2 config4,1800,seq_6253,0.7125
UViT-v2 config4,1800,seq_6268,0.375
UViT-v2 config4,1800,seq_6275,0.7125
UViT-v2 config4,1800,seq_6276,0.45625
UViT-v2 config4,1800,seq_6285,0.7375
UViT-v2 config4,1800,seq_6292,0.5
UViT-v2 config4,1800,seq_6303,0.7375
UViT-v2 config4,1800,seq_6305,0.33125
UViT-v2 config4,1800,seq_6312,0.4375
UViT-v2 config4,1800,seq_6326,0.80625
UViT-v2 config4,1800,seq_6372,0.675
UViT-v2 config4,1800,seq_6382,0.45625
UViT-v2 config4,1800,seq_6390,0.46875
UViT-v2 config4,1800,seq_6397,0.4125
UViT-v2 config4,1800,seq_6456,0.50625
UViT-v2 config4,1800,seq_6465,0.40625
UViT-v2 config4,1800,seq_6483,0.36875
UViT-v2 config4,1800,seq_6485,0.46875
UViT-v2 config4,1800,seq_6499,0.6375
UViT-v2 config4,1800,seq_6512,0.45625
UViT-v2 config4,1800,seq_6513,0.6375
UViT-v2 config4,1800,seq_6529,0.7
UViT-v2 config4,1800,seq_6538,0.375
UViT-v2 config4,1800,seq_6544,0.6875
UViT-v2 config4,1800,seq_6548,0.71875
UViT-v2 config4,1800,seq_6549,0.40625
UViT-v2 config4,1800,seq_6562,0.4125
UViT-v2 config4,1800,seq_6566,0.51875
UViT-v2 config4,1800,seq_6571,0.71875
UViT-v2 config4,1800,seq_6573,0.73125
UViT-v2 config4,1800,seq_6593,0.0
UViT-v2 config4,1800,seq_6595,0.64375
UViT-v2 config4,1800,seq_6597,0.4875
UViT-v2 config4,1800,seq_6616,0.325
UViT-v2 config4,1800,seq_6623,0.5875
UViT-v2 config4,1800,seq_6625,0.63125
UViT-v2 config4,1800,seq_6626,0.65
UViT-v2 config4,1800,seq_6654,0.3875
UViT-v2 config4,1800,seq_6659,0.6375
UViT-v2 config4,1800,seq_6670,0.475
UViT-v2 config4,1800,seq_6679,0.39375
UViT-v2 config4,1800,seq_6685,0.39375
UViT-v2 config4,1800,seq_6690,0.175
UViT-v2 config4,1800,seq_6691,0.2875
UViT-v2 config4,1800,seq_6692,0.41875
UViT-v2 config4,1800,seq_6694,0.3625
UViT-v2 config4,1800,seq_6718,0.4
UViT-v2 config4,1800,seq_6731,0.3625
UViT-v2 config4,1800,seq_6736,0.6125
UViT-v2 config4,1800,seq_6745,0.45
UViT-v2 config4,1800,seq_6746,0.4375
UViT-v2 config4,1800,seq_6752,0.7
UViT-v2 config4,1800,seq_6756,0.48125
UViT-v2 config4,1800,seq_6771,0.49375
UViT-v2 config4,1800,seq_6791,0.56875
UViT-v2 config4,1800,seq_6798,0.65
UViT-v2 config4,1800,seq_6799,0.48125
UViT-v2 config4,1800,seq_6808,0.2875
UViT-v2 config4,1800,seq_6813,0.4625
UViT-v2 config4,1800,seq_6819,0.5
UViT-v2 config4,1800,seq_6866,0.525
UViT-v2 config4,1800,seq_6869,0.73125
UViT-v2 config4,1800,seq_6874,0.64375
UViT-v2 config4,1800,seq_6883,0.5
UViT-v2 config4,1800,seq_6884,0.375
UViT-v2 config4,1800,seq_6889,0.6125
UViT-v2 config4,1800,seq_6907,0.45
UViT-v2 config4,1800,seq_6913,0.43125
UViT-v2 config4,1800,seq_6917,0.38125
UViT-v2 config4,1800,seq_6925,0.35625
UViT-v2 config4,1800,seq_6931,0.5
UViT-v2 config4,1800,seq_6933,0.7
UViT-v2 config4,1800,seq_6940,0.425
UViT-v2 config4,1800,seq_6952,0.475
UViT-v2 config4,1800,seq_6966,0.3875
UViT-v2 config4,1800,seq_6972,0.64375
UViT-v2 config4,1800,seq_6992,0.50625
UViT-v2 config4,1800,seq_7008,0.6125
UViT-v2 config4,1800,seq_7019,0.4125
UViT-v2 config4,1800,seq_7020,0.70625
UViT-v2 config4,1800,seq_7023,0.425
UViT-v2 config4,1800,seq_7026,0.38125
UViT-v2 config4,1800,seq_7042,0.48125
UViT-v2 config4,1800,seq_7044,0.7125
UViT-v2 config4,1800,seq_7057,0.4375
UViT-v2 config4,1800,seq_7063,0.4625
UViT-v2 config4,1800,seq_7067,0.9125
UViT-v2 config4,1800,seq_7079,0.63125
UViT-v2 config4,1800,seq_7103,0.4125
UViT-v2 config4,1800,seq_7111,0.06875
UViT-v2 config4,1800,seq_7120,0.78125
UViT-v2 config4,1800,seq_7124,0.34375
UViT-v2 config4,1800,seq_7136,0.5
UViT-v2 config4,1800,seq_7137,0.41875
UViT-v2 config4,1800,seq_7141,0.0
UViT-v2 config4,1800,seq_7142,0.24375
UViT-v2 config4,1800,seq_7145,0.64375
UViT-v2 config4,1800,seq_7150,0.5
UViT-v2 config4,1800,seq_7173,0.44375
UViT-v2 config4,1800,seq_7178,0.55625
UViT-v2 config4,1800,seq_7179,0.44375
UViT-v2 config4,1800,seq_7180,0.49375
UViT-v2 config4,1800,seq_7196,0.35
UViT-v2 config4,1800,seq_7207,0.33125
UViT-v2 config4,1800,seq_7214,0.0875
UViT-v2 config4,1800,seq_7217,0.725
UViT-v2 config4,1800,seq_7223,0.68125
UViT-v2 config4,1800,seq_7238,0.3125
UViT-v2 config4,1800,seq_7239,0.75
UViT-v2 config4,1800,seq_7240,0.65625
UViT-v2 config4,1800,seq_7243,0.39375
UViT-v2 config4,1800,seq_7245,0.6
UViT-v2 config4,1800,seq_7246,0.425
UViT-v2 config4,1800,seq_7252,0.33125
UViT-v2 config4,1800,seq_7254,0.73125
UViT-v2 config4,1800,seq_7261,0.225
UViT-v2 config4,1800,seq_7270,0.58125
UViT-v2 config4,1800,seq_7306,0.41875
UViT-v2 config4,1800,seq_7317,0.91875
UViT-v2 config4,1800,seq_7343,0.6375
UViT-v2 config4,1800,seq_7351,0.48125
UViT-v2 config4,1800,seq_7360,0.4
UViT-v2 config4,1800,seq_7374,0.39375
UViT-v2 config4,1800,seq_7382,0.5375
UViT-v2 config4,1800,seq_7386,0.575
UViT-v2 config4,1800,seq_7398,0.61875
UViT-v2 config4,1800,seq_7429,0.28125
UViT-v2 config4,1800,seq_7434,0.39375
UViT-v2 config4,1800,seq_7435,0.425
UViT-v2 config4,1800,seq_7439,0.50625
UViT-v2 config4,1800,seq_7450,0.4125
UViT-v2 config4,1800,seq_7452,0.5
UViT-v2 config4,1800,seq_7455,0.4375
UViT-v2 config4,1800,seq_7461,0.35625
UViT-v2 config4,1800,seq_7462,0.425
UViT-v2 config4,1800,seq_7479,0.2375
UViT-v2 config4,1800,seq_7484,0.8375
UViT-v2 config4,1800,seq_7485,0.31875
UViT-v2 config4,1800,seq_7487,0.3875
UViT-v2 config4,1800,seq_7492,0.19375
UViT-v2 config4,1800,seq_7509,0.4875
UViT-v2 config4,1800,seq_7518,0.75
UViT-v2 config4,1800,seq_7528,0.39375
UViT-v2 config4,1800,seq_7530,0.65625
UViT-v2 config4,1800,seq_7533,0.4625
UViT-v2 config4,1800,seq_7542,0.5375
UViT-v2 config4,1800,seq_7556,0.45625
UViT-v2 config4,1800,seq_7561,0.4875
UViT-v2 config4,1800,seq_7565,0.39375
UViT-v2 config4,1800,seq_7570,0.4875
UViT-v2 config4,1800,seq_7574,0.38125
UViT-v2 config4,1800,seq_7580,0.40625
UViT-v2 config4,1800,seq_7607,0.675
UViT-v2 config4,1800,seq_7612,0.71875
UViT-v2 config4,1800,seq_7613,0.4
UViT-v2 config4,1800,seq_7614,0.625
UViT-v2 config4,1800,seq_7617,0.4375
UViT-v2 config4,1800,seq_7619,0.725
UViT-v2 config4,1800,seq_7620,0.03125
UViT-v2 config4,1800,seq_7623,0.29375
UViT-v2 config4,1800,seq_7634,0.50625
UViT-v2 config4,1800,seq_7652,0.55625
UViT-v2 config4,1800,seq_7658,0.75625
UViT-v2 config4,1800,seq_7669,0.3125
UViT-v2 config4,1800,seq_7674,0.575
UViT-v2 config4,1800,seq_7680,0.45
UViT-v2 config4,1800,seq_7691,0.41875
UViT-v2 config4,1800,seq_7693,0.49375
UViT-v2 config4,1800,seq_7700,0.59375
UViT-v2 config4,1800,seq_7701,0.5625
UViT-v2 config4,1800,seq_7706,0.425
UViT-v2 config4,1800,seq_7709,0.44375
UViT-v2 config4,1800,seq_7712,0.45
UViT-v2 config4,1800,seq_7725,0.6625
UViT-v2 config4,1800,seq_7737,0.6
UViT-v2 config4,1800,seq_7745,0.40625
UViT-v2 config4,1800,seq_7750,0.44375
UViT-v2 config4,1800,seq_7753,0.65
UViT-v2 config4,1800,seq_7754,0.4125
UViT-v2 config4,1800,seq_7759,0.25625
UViT-v2 config4,1800,seq_7778,0.69375
UViT-v2 config4,1800,seq_7785,0.375
UViT-v2 config4,1800,seq_7788,0.33125
UViT-v2 config4,1800,seq_7801,0.24375
UViT-v2 config4,1800,seq_7812,0.3125
UViT-v2 config4,1800,seq_7815,0.44375
UViT-v2 config4,1800,seq_7828,0.525
UViT-v2 config4,1800,seq_7844,0.65625
UViT-v2 config4,1800,seq_7887,0.68125
UViT-v2 config4,1800,seq_7895,0.35
UViT-v2 config4,1800,seq_7906,0.75625
UViT-v2 config4,1800,seq_7917,0.31875
UViT-v2 config4,1800,seq_7922,0.6125
UViT-v2 config4,1800,seq_7934,0.43125
UViT-v2 config4,1800,seq_7936,0.61875
UViT-v2 config4,1800,seq_7940,0.6
UViT-v2 config4,1800,seq_7942,0.7125
UViT-v2 config4,1800,seq_7954,0.425
UViT-v2 config4,1800,seq_7957,0.49375
UViT-v2 config4,1800,seq_7963,0.4
UViT-v2 config4,1800,seq_7974,0.8875
UViT-v2 config4,1800,seq_7989,0.44375
UViT-v2 config4,1800,seq_7995,0.66875
UViT-v2 config4,1800,seq_8000,0.48125
UViT-v2 config4,1800,seq_8005,0.36875
UViT-v2 config4,1800,seq_8006,0.43125
UViT-v2 config4,1800,seq_8023,0.31875
UViT-v2 config4,1800,seq_8032,0.4125
UViT-v2 config4,1800,seq_8042,0.425
UViT-v2 config4,1800,seq_8043,0.64375
UViT-v2 config4,1800,seq_8057,0.3375
UViT-v2 config4,1800,seq_8086,0.425
UViT-v2 config4,1800,seq_8091,0.25625
UViT-v2 config4,1800,seq_8099,0.45
UViT-v2 config4,1800,seq_8100,0.3625
UViT-v2 config4,1800,seq_8116,0.36875
UViT-v2 config4,1800,seq_8118,0.48125
UViT-v2 config4,1800,seq_8139,0.5
UViT-v2 config4,1800,seq_8154,0.41875
UViT-v2 config4,1800,seq_8166,0.35625
UViT-v2 config4,1800,seq_8168,0.475
UViT-v2 config4,1800,seq_8180,0.68125
UViT-v2 config4,1800,seq_8200,0.65
UViT-v2 config4,1800,seq_8202,0.625
UViT-v2 config4,1800,seq_8222,0.4375
UViT-v2 config4,1800,seq_8230,0.6375
UViT-v2 config4,1800,seq_8239,0.275
UViT-v2 config4,1800,seq_8271,0.33125
UViT-v2 config4,1800,seq_8280,0.1375
UViT-v2 config4,1800,seq_8281,0.65
UViT-v2 config4,1800,seq_8289,0.56875
UViT-v2 config4,1800,seq_8290,0.38125
UViT-v2 config4,1800,seq_8309,0.4625
UViT-v2 config4,1800,seq_8318,0.5625
UViT-v2 config4,1800,seq_8319,0.425
UViT-v2 config4,1800,seq_8321,0.5875
UViT-v2 config4,1800,seq_8328,0.40625
UViT-v2 config4,1800,seq_8338,0.46875
UViT-v2 config4,1800,seq_8347,0.4
UViT-v2 config4,1800,seq_8349,0.5875
UViT-v2 config4,1800,seq_8376,0.3375
UViT-v2 config4,1800,seq_8380,0.475
UViT-v2 config4,1800,seq_8424,0.5
UViT-v2 config4,1800,seq_8432,0.6875
UViT-v2 config4,1800,seq_8446,0.38125
UViT-v2 config4,1800,seq_8465,0.43125
UViT-v2 config4,1800,seq_8480,0.4125
UViT-v2 config4,1800,seq_8487,0.625
UViT-v2 config4,1800,seq_8495,0.40625
UViT-v2 config4,1800,seq_8503,0.45625
UViT-v2 config4,1800,seq_8519,0.45625
UViT-v2 config4,1800,seq_8541,0.25
UViT-v2 config4,1800,seq_8549,0.39375
UViT-v2 config4,1800,seq_8562,0.5625
UViT-v2 config4,1800,seq_8566,0.4125
UViT-v2 config4,1800,seq_8596,0.45625
UViT-v2 config4,1800,seq_8618,0.34375
UViT-v2 config4,1800,seq_8646,0.2875
UViT-v2 config4,1800,seq_8667,0.325
UViT-v2 config4,1800,seq_8670,0.6375
UViT-v2 config4,1800,seq_8690,0.35625
UViT-v2 config4,1800,seq_8698,0.4625
UViT-v2 config4,1800,seq_8699,0.74375
UViT-v2 config4,1800,seq_8702,0.41875
UViT-v2 config4,1800,seq_8703,0.64375
UViT-v2 config4,1800,seq_8728,0.375
UViT-v2 config4,1800,seq_8729,0.3625
UViT-v2 config4,1800,seq_8743,0.6
UViT-v2 config4,1800,seq_8752,0.25625
UViT-v2 config4,1800,seq_8780,0.45625
UViT-v2 config4,1800,seq_8786,0.5
UViT-v2 config4,1800,seq_8787,0.5125
UViT-v2 config4,1800,seq_8792,0.36875
UViT-v2 config4,1800,seq_8798,0.41875
UViT-v2 config4,1800,seq_8809,0.65
UViT-v2 config4,1800,seq_8818,0.5375
UViT-v2 config4,1800,seq_8819,0.775
UViT-v2 config4,1800,seq_8822,0.56875
UViT-v2 config4,1800,seq_8825,0.4625
UViT-v2 config4,1800,seq_8831,0.51875
UViT-v2 config4,1800,seq_8835,0.725
UViT-v2 config4,1800,seq_8836,0.40625
UViT-v2 config4,1800,seq_8838,0.34375
UViT-v2 config4,1800,seq_8848,0.45
UViT-v2 config4,1800,seq_8850,0.375
UViT-v2 config4,1800,seq_8857,0.36875
UViT-v2 config4,1800,seq_8865,0.64375
UViT-v2 config4,1800,seq_8884,0.65625
UViT-v2 config4,1800,seq_8890,0.69375
UViT-v2 config4,1800,seq_8891,0.3375
UViT-v2 config4,1800,seq_8901,0.3125
UViT-v2 config4,1800,seq_8904,0.43125
UViT-v2 config4,1800,seq_8923,0.39375
UViT-v2 config4,1800,seq_8929,0.6875
UViT-v2 config4,1800,seq_8936,0.56875
UViT-v2 config4,1800,seq_8939,0.46875
UViT-v2 config4,1800,seq_8948,0.475
UViT-v2 config4,1800,seq_8956,0.575
UViT-v2 config4,1800,seq_8977,0.3375
UViT-v2 config4,1800,seq_8978,0.65625
UViT-v2 config4,1800,seq_8999,0.41875
